{"type": "FeatureCollection", "name": "municipalities_simple", "crs": {"type": "name", "properties": {"name": "urn:ogc:def:crs:OGC:1.3:CRS84"}}, "features": [{"type": "Feature", "properties": {"CVEGEO": "02001", "CVE_ENT": "02", "NOMGEO": "Baja California", "CVE_MUN": "001", "NOMMUN": "Ensenada", "cov_": 14, "cov_id": 15}, "geometry": {"type": "MultiPolygon", "coordinates": [[[[-115.21833302559848, 28.377824237672282], [-115.21722300707533, 28.377640423597757], [-115.21687679595607, 28.377974143245023], [-115.21638900818576, 28.377780441381173], [-115.21580960677315, 28.37711039814299], [-115.2155829641568, 28.377121106485728], [-115.21485127912055, 28.37654825151241], [-115.21476026455399, 28.376182409200478], [-115.21411781140085, 28.37570592254821], [-115.21322015935428, 28.375598846464978], [-115.21272047212494, 28.375193742983587], [-115.21241764697668, 28.374767845990075], [-115.2128031201725, 28.374187851825702], [-115.21251758461884, 28.373929086235602], [-115.21319289752954, 28.372961402884986], [-115.2120360334136, 28.372868203863277], [-115.21191038479384, 28.37230507692851], [-115.21021430490089, 28.372518277602076], [-115.20984425986923, 28.37228011958865], [-115.20991381027618, 28.371663639771032], [-115.20850874237959, 28.37252686510083], [-115.20817558285091, 28.37337678650674], [-115.20767494364517, 28.373504324826463], [-115.206788843719, 28.373050554298114], [-115.20668508818923, 28.372341244971715], [-115.20619206443298, 28.372179440813838], [-115.20646703561943, 28.371625547682953], [-115.20621109967708, 28.370963060854507], [-115.20638344281082, 28.37071156784623], [-115.20622252105736, 28.36987422016892], [-115.20644904593257, 28.36926127040577], [-115.20590386955337, 28.3674797339544], [-115.20632503668999, 28.367044114983507], [-115.20635359108789, 28.36650338351107], [-115.20482339828231, 28.36538750774666], [-115.20448837017965, 28.36541415843822], [-115.20433418120454, 28.36563116517302], [-115.20409969911957, 28.364484167523223], [-115.20277706202043, 28.36434815931361], [-115.20199279102908, 28.364854509475176], [-115.20145217810268, 28.364785980038253], [-115.2015073809182, 28.365246644131428], [-115.20133415585323, 28.365292329351984], [-115.20136292624824, 28.364959605277317], [-115.20117806374263, 28.364921133345206], [-115.20082399996889, 28.36576631779702], [-115.20045280401922, 28.36594525313345], [-115.20060128166486, 28.36533611111554], [-115.20033557640087, 28.364821037985955], [-115.19965520854596, 28.364570876912307], [-115.19862347430588, 28.364806919415038], [-115.19770785833721, 28.36549410827443], [-115.19755366880763, 28.365423676165733], [-115.19803866021925, 28.364350104634116], [-115.19792105789364, 28.364235849024844], [-115.19768224026714, 28.36473306431538], [-115.19754482620478, 28.364390422361488], [-115.19804198744418, 28.36373304543416], [-115.19768311133235, 28.363333557228525], [-115.1974948583854, 28.363521323501864], [-115.19722815790743, 28.36340589362788], [-115.19722054394417, 28.362688246878225], [-115.1974565874913, 28.36226184818286], [-115.197260519379, 28.361806895117404], [-115.19638678130495, 28.361222498750436], [-115.19568246052252, 28.361056889429225], [-115.19494197240206, 28.36182973825383], [-115.19473448335404, 28.361616537913136], [-115.19416531618036, 28.361692681012997], [-115.19470374978339, 28.360455387871223], [-115.19434016229874, 28.36035324692022], [-115.19478778258103, 28.35969583686853], [-115.19515136506976, 28.35853085361135], [-115.19455745059638, 28.35746866186431], [-115.19404900586778, 28.357122499585167], [-115.1938417096324, 28.35716789815257], [-115.19367229177075, 28.356844291081234], [-115.19409298139367, 28.355852532366995], [-115.19377508496855, 28.355211029492423], [-115.19395211729992, 28.355073972399595], [-115.19384741955692, 28.354293509417747], [-115.19470402556918, 28.352736389958476], [-115.19465263046887, 28.352127248510005], [-115.19528461523537, 28.350610103132905], [-115.19516468977905, 28.349736364868292], [-115.19596609191166, 28.34838292794257], [-115.19526748348092, 28.345662728140397], [-115.19382838466932, 28.343009153243788], [-115.1944584655526, 28.342270568124977], [-115.19438277219156, 28.340860681874254], [-115.19461455911944, 28.34081624264888], [-115.19484869711853, 28.339752146817858], [-115.1956919785274, 28.338882216342682], [-115.1959127924149, 28.338254038225948], [-115.19617738814468, 28.335311120765493], [-115.19528271052785, 28.332265411577325], [-115.1927300245357, 28.329600414383673], [-115.19260058322591, 28.328498247855514], [-115.1928290104771, 28.32806042706745], [-115.19177824056283, 28.326847854333323], [-115.19105298077307, 28.32468730358594], [-115.1913994309304, 28.323893515497687], [-115.19133280640632, 28.323276759065624], [-115.18995271838277, 28.32090491238262], [-115.1890961132321, 28.32007114926616], [-115.18810245038362, 28.318574944168965], [-115.18770650746953, 28.317368081088077], [-115.18622553104993, 28.314731638164528], [-115.18566525039381, 28.314533274860164], [-115.18548123446031, 28.31386741783333], [-115.18447043992961, 28.313225915132787], [-115.18284288909695, 28.31260344776362], [-115.1793821074672, 28.31179967969879], [-115.17824196267864, 28.31086358679962], [-115.17662202645299, 28.310197337529473], [-115.17640121200942, 28.309489210193952], [-115.17599384809793, 28.30913514610721], [-115.1759851131872, 28.30848006578099], [-115.17414167640288, 28.306159868538618], [-115.17413596483289, 28.305872428821733], [-115.1747869855465, 28.304916838455508], [-115.17465024208835, 28.302667665125227], [-115.17519625327733, 28.30213001285873], [-115.17506871442907, 28.30073279353781], [-115.1757958769087, 28.299910451784488], [-115.17596148757353, 28.298399018623297], [-115.17550653502838, 28.296447859766758], [-115.17509284454322, 28.2956024008473], [-115.17512662305052, 28.295022016837702], [-115.17490518241043, 28.29489460049176], [-115.17523457236493, 28.2945728743474], [-115.17508013540788, 28.293999871021345], [-115.1747812749212, 28.29316039733401], [-115.1737152767405, 28.291607085623905], [-115.17401413720658, 28.28876696015838], [-115.17293862077166, 28.28683102992936], [-115.1703097920734, 28.284251694861943], [-115.17026410618814, 28.283918570528947], [-115.17098936647311, 28.282407136012964], [-115.17066956743392, 28.28001815789185], [-115.16959976056096, 28.277305572587647], [-115.16774378050378, 28.27488804001213], [-115.16717842099538, 28.272535228941226], [-115.16556038823498, 28.269651322451328], [-115.16535480185199, 28.268800427185194], [-115.16597024326066, 28.26519772717377], [-115.16584972986037, 28.26444886794875], [-115.16387953654393, 28.260944397930572], [-115.16377483979457, 28.260417110077462], [-115.16613145785965, 28.255661994982905], [-115.16731357472791, 28.251101044032918], [-115.16742778889567, 28.248972854061194], [-115.16935678602682, 28.245679938473167], [-115.17013085733632, 28.243656186235956], [-115.17033073082439, 28.24259018782025], [-115.17028885336926, 28.240380144447254], [-115.17113213376969, 28.238341421919213], [-115.1714506974649, 28.235946471774163], [-115.17182693587274, 28.235478455040685], [-115.17147667974872, 28.23169987127083], [-115.1725796996239, 28.229908723899037], [-115.17327555210458, 28.226249952869004], [-115.17296327670813, 28.22383181405175], [-115.17300316003238, 28.222937193914834], [-115.17352682303301, 28.222239134541237], [-115.17317316305565, 28.220660380503364], [-115.17381426218863, 28.219606498388778], [-115.17322225247793, 28.216884394964627], [-115.17363342269284, 28.21584123879043], [-115.17358964120288, 28.21493704391436], [-115.17318989157566, 28.21263372639763], [-115.17272161406301, 28.21135643145383], [-115.1726131101359, 28.209586112282654], [-115.17021572338349, 28.205493461895024], [-115.17014608481858, 28.20368504907047], [-115.16957691800455, 28.20237158666311], [-115.16799124543135, 28.200226263838474], [-115.16482302560057, 28.197129875230843], [-115.16354070076241, 28.195358839198978], [-115.1622881530239, 28.194317585773607], [-115.16021821201578, 28.19301953177699], [-115.15979447841067, 28.19223888892579], [-115.15981506385403, 28.191216466255522], [-115.16036935600395, 28.1889933053578], [-115.15992963083906, 28.186568158364924], [-115.15883507898795, 28.184599868142136], [-115.15878177878673, 28.183830825978564], [-115.15835157306087, 28.18313412048109], [-115.15843723276461, 28.182660131516098], [-115.15639660837826, 28.17934982477236], [-115.15675447860008, 28.17901289292862], [-115.15766501340521, 28.17717547977776], [-115.15816882954962, 28.176698153868767], [-115.15832301856963, 28.175453220584018], [-115.15774681771695, 28.17093292329513], [-115.15774814054336, 28.168623215298613], [-115.15664739646014, 28.166046313961452], [-115.15714118569997, 28.164002182660184], [-115.15806603685476, 28.1619835676757], [-115.15851147249063, 28.159455627178993], [-115.15810030247617, 28.15723225929926], [-115.15843260767596, 28.156962679424844], [-115.15925235539547, 28.15545379319944], [-115.15939282456017, 28.15357740698373], [-115.16002502912404, 28.152275448706327], [-115.16013724482303, 28.15083248211919], [-115.16051317963796, 28.150424274425735], [-115.16012950633556, 28.148508202944488], [-115.15806984492187, 28.145321629553127], [-115.15756898199795, 28.14410432247154], [-115.1576643839026, 28.14216741600651], [-115.15920246793392, 28.137836796043754], [-115.16142202907206, 28.13539261424291], [-115.16230718920524, 28.1341971732679], [-115.16261217390218, 28.133347113283783], [-115.1636282646464, 28.1323868794997], [-115.1646483117407, 28.131027946070013], [-115.17019748118612, 28.126383022823674], [-115.1724570179549, 28.125505478171508], [-115.17476223910643, 28.12382462691199], [-115.17524955330519, 28.123103174486538], [-115.17661060481524, 28.119726243078212], [-115.17695515086761, 28.117278253097663], [-115.17848562006168, 28.116459718990892], [-115.1828790570078, 28.111799782513074], [-115.18420584404919, 28.108974886134632], [-115.1856119709631, 28.107280177738502], [-115.18625789049065, 28.105375238127102], [-115.18639685203249, 28.101520511305228], [-115.18586575557651, 28.099036354401694], [-115.18516714722283, 28.097869465761516], [-115.18467843572738, 28.097936419357286], [-115.18399035219609, 28.09752166340513], [-115.18244906612607, 28.096015948065094], [-115.18262345154635, 28.094773709266327], [-115.18284569497678, 28.094721898856882], [-115.18283392547347, 28.0960685994217], [-115.18308338713314, 28.09591363309899], [-115.18378134830535, 28.096546486352775], [-115.18357005198052, 28.09661882129697], [-115.18362525566333, 28.09680156384965], [-115.18439335259873, 28.097546132903375], [-115.1850872814399, 28.0976372183325], [-115.18529087808584, 28.09723938523523], [-115.18523638658208, 28.096727709548865], [-115.18435432328516, 28.096675927887663], [-115.18517285701705, 28.096666409956324], [-115.18513685858605, 28.096301790226867], [-115.18570043608977, 28.095155393718297], [-115.18564340961944, 28.094349958743557], [-115.18353769226371, 28.09396524654048], [-115.18344800854177, 28.093764286610458], [-115.18528775791194, 28.09412774541141], [-115.18579789271408, 28.09338608182034], [-115.18610863343771, 28.091318001294994], [-115.18765238840396, 28.09045915795918], [-115.18795483124538, 28.089160213842547], [-115.18796075150503, 28.086622108214527], [-115.1868497653999, 28.08282170574708], [-115.18460178725861, 28.07832933237924], [-115.18243552517792, 28.07456216948161], [-115.18171026597669, 28.071714430214822], [-115.18145138049894, 28.06946631638225], [-115.18353151866673, 28.06678099735373], [-115.18393678657189, 28.06598461554145], [-115.18534227500587, 28.064652190394362], [-115.18590984262508, 28.06361950755334], [-115.18710305684044, 28.06232750873429], [-115.1887736007888, 28.060008113618455], [-115.18935690146182, 28.058107720886557], [-115.18952514922744, 28.05497970446093], [-115.18864116011808, 28.051260583964186], [-115.18729914433553, 28.048460434299393], [-115.18536892494336, 28.045346194910007], [-115.18452921081631, 28.04622184296952], [-115.18466288665923, 28.046511766681842], [-115.1842416313063, 28.04720231834658], [-115.18402986933106, 28.047354222707604], [-115.18347863515012, 28.047257619348635], [-115.18428658005372, 28.046357493161906], [-115.18414456538292, 28.046268169561138], [-115.18527293427289, 28.04522830562883], [-115.18420584364542, 28.04377955818427], [-115.18310748457215, 28.04375481219921], [-115.18318770214988, 28.044176255973778], [-115.18272529068682, 28.044021916914794], [-115.18259748609755, 28.043704319137955], [-115.18283697631774, 28.043538099670346], [-115.18220748935822, 28.043707264384047], [-115.18202816155465, 28.0438766406672], [-115.18244504318986, 28.044660910878875], [-115.18222232609186, 28.044763703323184], [-115.18205491621518, 28.044588533018864], [-115.18142171213951, 28.042873891965797], [-115.18236890046501, 28.043237041553795], [-115.18305824198295, 28.04329522106058], [-115.18341521115492, 28.04308097196685], [-115.18088221269338, 28.040591081401633], [-115.18094122429954, 28.040341713338414], [-115.18384591321691, 28.038875707973478], [-115.1855555068782, 28.037064716029526], [-115.18576296408729, 28.03606439388825], [-115.18546029561217, 28.035681777480864], [-115.18507577503163, 28.03590259117951], [-115.18489112923737, 28.035782665835516], [-115.18481253951357, 28.035250398124905], [-115.1850307543333, 28.035271086979243], [-115.18516026709088, 28.034944272593503], [-115.18452595450935, 28.03445114665976], [-115.18500770051646, 28.034317710980726], [-115.1845853529163, 28.033477459831257], [-115.18487144889194, 28.032954473507672], [-115.1852623308286, 28.03281202995868], [-115.18520448315866, 28.032647845998607], [-115.18545004501004, 28.03250957787807], [-115.18534227464102, 28.031360675328358], [-115.18601042817855, 28.031177933160244], [-115.18641208084627, 28.031781364375824], [-115.18730675750088, 28.031828952882506], [-115.18797519488479, 28.03124543250553], [-115.18821666424522, 28.032106874081556], [-115.18800156037535, 28.032624645405534], [-115.18843847148428, 28.03322821943239], [-115.18882009475438, 28.033110055446357], [-115.18859547385375, 28.033863868521422], [-115.18872682048776, 28.034105622434872], [-115.18999459727877, 28.034714763781363], [-115.19080578466392, 28.03554620939328], [-115.19150847993376, 28.035957171202767], [-115.19288040731799, 28.0363918083682], [-115.1940568562103, 28.037284521593342], [-115.19632967407149, 28.0380840806588], [-115.19900228489084, 28.038647537549284], [-115.20001307977905, 28.03919386105894], [-115.20171106344623, 28.039585996405776], [-115.20265713745569, 28.039555539618323], [-115.20388969842253, 28.0392088522616], [-115.20557078696338, 28.039674631200253], [-115.2059259208157, 28.039606816401474], [-115.20597945873133, 28.039289158369755], [-115.20619361125891, 28.039230267338464], [-115.20832441818597, 28.039571125329157], [-115.21002335336411, 28.03951937145283], [-115.2110869723576, 28.039326634739282], [-115.21120832453619, 28.038917963108844], [-115.21173121053972, 28.03864491897883], [-115.21248074080316, 28.03893759300069], [-115.2134658375244, 28.038660981234347], [-115.21364429747415, 28.038170216832217], [-115.21346762322965, 28.037638407466694], [-115.21470613194009, 28.037304687799452], [-115.21590538084112, 28.036581927441492], [-115.2161891309153, 28.035471907856937], [-115.21580901269047, 28.034022816166562], [-115.21613916268821, 28.03340713168298], [-115.21642826712998, 28.033698020142584], [-115.21675484811159, 28.033701588788368], [-115.21683158618498, 28.033259009569395], [-115.21791662021907, 28.03350706861074], [-115.2178915322647, 28.03420103462662], [-115.21752043961243, 28.03467776310502], [-115.21778456025412, 28.034988282869122], [-115.21882497941428, 28.035489754194472], [-115.22094507939718, 28.03538803191793], [-115.22150187344707, 28.035179234109304], [-115.221682116525, 28.034777700350496], [-115.22205152804378, 28.035025758850956], [-115.22226924941462, 28.034634933236934], [-115.22334535996345, 28.03429050660386], [-115.22381827848199, 28.03392823325251], [-115.223398898466, 28.033510636986602], [-115.22510675618756, 28.03187951681085], [-115.22391643075827, 28.03126204745791], [-115.22386824653536, 28.031046111297897], [-115.2248640508978, 28.03121743256375], [-115.22499968076893, 28.03145656826767], [-115.22592053228568, 28.031463706400263], [-115.2260829296551, 28.03137447629125], [-115.22590982536377, 28.031199586324124], [-115.2261239755991, 28.03109786392573], [-115.22682175254496, 28.031065741595803], [-115.22689670572116, 28.03072131469338], [-115.22739103853834, 28.03045184049053], [-115.22711978025349, 28.02994322996352], [-115.22770691154702, 28.02999855298003], [-115.22792820196544, 28.02951492715666], [-115.22850819607665, 28.03008421459673], [-115.22983593463596, 28.029532773550738], [-115.2304845503309, 28.029685256447323], [-115.23047303560226, 28.030216274425023], [-115.23075500227291, 28.0304036557898], [-115.23201135659465, 28.030230549855045], [-115.23268415001489, 28.029875415862804], [-115.23255744351646, 28.03017879731427], [-115.23273722007478, 28.03030170905431], [-115.23271925817475, 28.03076584246217], [-115.23233942299743, 28.03067208044519], [-115.23172762441766, 28.030878652069795], [-115.23193997443511, 28.031854533544358], [-115.23237006112588, 28.0316368119444], [-115.23275553398705, 28.031867025208893], [-115.2330856840669, 28.03176887179572], [-115.23333552709576, 28.032074038438374], [-115.23321239001108, 28.032298896945463], [-115.23253424437328, 28.032500556164962], [-115.23199026258365, 28.033838800832545], [-115.23256101253129, 28.03448145725703], [-115.23362106318811, 28.034283367271954], [-115.23430991713708, 28.033937156074373], [-115.23478283471368, 28.034124537966047], [-115.23524325990493, 28.035279172123897], [-115.23735979099797, 28.035395170805014], [-115.23878211364769, 28.035034681957665], [-115.2395866683482, 28.035598737250734], [-115.23989570109111, 28.035371970887887], [-115.23957625917947, 28.035050743779546], [-115.2397618567726, 28.034720593267373], [-115.24070233902928, 28.034583178900014], [-115.24099501158692, 28.035539723369393], [-115.2416178362556, 28.035284525854742], [-115.24182484864043, 28.034561763990336], [-115.24226243223167, 28.03425796743193], [-115.24233203228845, 28.034545287313577], [-115.24296199396213, 28.034746946582455], [-115.24377577024283, 28.033758280641287], [-115.24495717242117, 28.034031323614755], [-115.2449500335683, 28.034464980386765], [-115.24567101032565, 28.033951015899422], [-115.24584590102604, 28.034149105965188], [-115.24487508058695, 28.03487008359553], [-115.24531587639487, 28.03509494190736], [-115.24579771696494, 28.034841528916182], [-115.24610466696495, 28.034911129572347], [-115.24657044627172, 28.035778441873084], [-115.24715936295269, 28.03509672695014], [-115.24834790414081, 28.035116357145167], [-115.24841928779345, 28.0354197386356], [-115.24898143519357, 28.0356392444084], [-115.24960782786297, 28.03528054037886], [-115.25006468549971, 28.03541616925394], [-115.24994154785813, 28.035530383500774], [-115.2501485612531, 28.035619613271457], [-115.25042160367754, 28.035392969791893], [-115.25080529160653, 28.035685643066028], [-115.25098553613827, 28.035376908647947], [-115.25119790302281, 28.03539832322581], [-115.2517921737138, 28.035856964412453], [-115.25157445311324, 28.036204961596], [-115.25108368924548, 28.036386989105026], [-115.25144417687906, 28.036990183039556], [-115.25184035819301, 28.037034798119365], [-115.25209734017093, 28.037302487025883], [-115.25304139116446, 28.037043721239655], [-115.25380341313551, 28.037523776802434], [-115.25441017590828, 28.037220396133762], [-115.25536850368466, 28.037498792039695], [-115.25525428854421, 28.03799847913819], [-115.25480210311372, 28.038039977585026], [-115.25501336855663, 28.038517797394512], [-115.25587532945829, 28.03870696423797], [-115.25605557310298, 28.039049606278255], [-115.25568437694737, 28.04012928690581], [-115.25462968095454, 28.040341654120013], [-115.25341080242602, 28.040919863065128], [-115.25218121648308, 28.04109475329616], [-115.25197777223097, 28.041767546482557], [-115.25214373913748, 28.043198790773236], [-115.25282956713865, 28.04451002762734], [-115.25317934773672, 28.04467659031795], [-115.2529684865438, 28.044905309468724], [-115.25307187289562, 28.04537531002585], [-115.25458050393645, 28.04742246927293], [-115.2548045203051, 28.04738679631661], [-115.25597501437697, 28.04867361961249], [-115.2570102797684, 28.050734697591018], [-115.25703645391539, 28.05099167944087], [-115.25670808753296, 28.05111303185265], [-115.25666763772674, 28.052126681861797], [-115.25766939089993, 28.054791678558566], [-115.2593017007903, 28.060473831081207], [-115.26211971742099, 28.067154294286823], [-115.26545590459608, 28.072879037282117], [-115.27084573086833, 28.07965007134703], [-115.27370420842571, 28.08266432294309], [-115.27827102125579, 28.08671448098517], [-115.28390749100951, 28.090188269793593], [-115.28951280641105, 28.09275856335564], [-115.29512557058875, 28.094409779972572], [-115.29831785614536, 28.094383130466717], [-115.29968081076579, 28.09469150812527], [-115.3044359256503, 28.095074124929564], [-115.30559901900776, 28.09464592598241], [-115.30688629456479, 28.094759322278527], [-115.30754302576955, 28.09414899140677], [-115.30847458505612, 28.094284619954006], [-115.3090423502343, 28.094166170052304], [-115.30941292655166, 28.093495115586485], [-115.30973415307747, 28.09340659952253], [-115.31029665840146, 28.093669291183907], [-115.31092483515457, 28.09365787018644], [-115.3111546904897, 28.093453712026403], [-115.31159727098012, 28.093439435025285], [-115.31200986937947, 28.092764144372197], [-115.31327875421424, 28.092524625368533], [-115.31321625635535, 28.092026034902627], [-115.31276225460361, 28.09173621761215], [-115.3127037198725, 28.091459248554493], [-115.31291063473661, 28.091373108131922], [-115.31352647052726, 28.09145685249891], [-115.31345950775895, 28.0920062720695], [-115.31369595501226, 28.09204316784973], [-115.31403859811907, 28.091759060013015], [-115.31621639990888, 28.091404877470538], [-115.31566317453803, 28.09139417054329], [-115.31576846643746, 28.091285308774367], [-115.3171140508951, 28.091324569857186], [-115.31756198518147, 28.091035465984486], [-115.31800277951766, 28.091165741105783], [-115.31827582260658, 28.090908759858387], [-115.31846498969682, 28.089704157659558], [-115.3187443484621, 28.089595892492646], [-115.3185024666091, 28.089208040348787], [-115.31855422017688, 28.08877259825008], [-115.31893002955877, 28.08867525432655], [-115.31908424470419, 28.087680426186147], [-115.31953753193339, 28.08706117160142], [-115.31975346762583, 28.087161107878718], [-115.31967954141204, 28.087878558143416], [-115.32076711946765, 28.088515616808092], [-115.32142764136661, 28.08804746963908], [-115.32154827824537, 28.087654614908242], [-115.32099911597159, 28.08695766555265], [-115.3215387782379, 28.086566481304367], [-115.32191568515381, 28.087561571900892], [-115.322296873889, 28.0875644275836], [-115.32238693729961, 28.08706616819371], [-115.32273850214695, 28.086898416468813], [-115.32279382533994, 28.08611497775427], [-115.32290803876157, 28.08677171065986], [-115.32339523324795, 28.08613103979428], [-115.32390027387535, 28.086445129654933], [-115.32415368676288, 28.087182167107965], [-115.32485860182295, 28.087062599052263], [-115.3256080832395, 28.087258559320308], [-115.32658787518457, 28.08680740195204], [-115.32663605911192, 28.086314852972624], [-115.32640049276075, 28.086070364381168], [-115.32676990373552, 28.08569381400214], [-115.32708577657077, 28.08599362661688], [-115.32672707428797, 28.08650580554642], [-115.32734585504852, 28.086908762630777], [-115.32822769065031, 28.08681133340187], [-115.329796577675, 28.086002549463476], [-115.33145852666176, 28.086059873955985], [-115.33191866895145, 28.086534530428075], [-115.33364952147059, 28.086154240396834], [-115.33380433521512, 28.08588223738345], [-115.33425449943742, 28.086218485191075], [-115.33471135473057, 28.08591510449772], [-115.33456144880165, 28.08578125879524], [-115.33469529449172, 28.085590307538403], [-115.334925507308, 28.085890119526667], [-115.33556426101529, 28.08543372761529], [-115.33622095563243, 28.08346592015644], [-115.3360926319053, 28.08294946198581], [-115.33619399703582, 28.08263965708322], [-115.33657225195053, 28.08245607585557], [-115.3365280742468, 28.08201005109188], [-115.33724762299848, 28.081998629959827], [-115.33717481100493, 28.081557478669477], [-115.33867843305666, 28.081729911534467], [-115.33876409392323, 28.081552880309523], [-115.33828296711575, 28.081027494803827], [-115.33809475747492, 28.08003504578582], [-115.33828439470743, 28.079912479459008], [-115.33883833313836, 28.080166605961388], [-115.33887973354322, 28.079995407600112], [-115.33840431870222, 28.07930000604387], [-115.33941796990624, 28.079418502873054], [-115.3395416545924, 28.079708732501786], [-115.33941939764192, 28.078915961087773], [-115.33956073685424, 28.07875035029049], [-115.33981486400796, 28.07883743914294], [-115.3403416773454, 28.079145817499853], [-115.34068161617223, 28.080115557205655], [-115.34106515192241, 28.08019872804289], [-115.3411807652842, 28.08060589585982], [-115.3421037856056, 28.08104284216554], [-115.34276944065704, 28.080846537090114], [-115.3425017514329, 28.08046284855632], [-115.34253208914286, 28.080088083230994], [-115.3429818083936, 28.080361125843165], [-115.34375453814503, 28.079989930880494], [-115.3441649949614, 28.079044094940716], [-115.34339962923237, 28.07752480631707], [-115.34372241478356, 28.076911503367665], [-115.34337798767088, 28.07601563610548], [-115.34357072367408, 28.075009123937427], [-115.34375096812111, 28.074727158014028], [-115.34433274694027, 28.074880633062936], [-115.34537851969232, 28.074297070394028], [-115.34608878877296, 28.07457546719362], [-115.3469285466907, 28.074563037180173], [-115.34706075262945, 28.075005387968794], [-115.34720573089021, 28.074914294223202], [-115.34708102370917, 28.074598667186468], [-115.34736298955558, 28.074389869305154], [-115.34808039786809, 28.074454115545485], [-115.34782698532824, 28.07420605623592], [-115.34799295170185, 28.074016888855947], [-115.3489887570489, 28.074409500414426], [-115.34894135238659, 28.07404309477013], [-115.34944229664337, 28.074026854184435], [-115.34955625818061, 28.074641497341794], [-115.34978290155914, 28.074650419974404], [-115.34964793353863, 28.07425282272975], [-115.35004880657944, 28.074323839369644], [-115.34976684090277, 28.074061503555786], [-115.349943515923, 28.07393479715122], [-115.35021834345176, 28.07397584317296], [-115.35055741655792, 28.07440950020564], [-115.350710330197, 28.0740900997223], [-115.35208681471622, 28.075162599116773], [-115.3520421995221, 28.07544635004504], [-115.35246336452892, 28.076019204814546], [-115.35444426559134, 28.076131635157665], [-115.3557880673823, 28.076804427249353], [-115.35600400308422, 28.077407621230606], [-115.35668214882995, 28.0780500753303], [-115.35668750341782, 28.078510501366015], [-115.35724608072601, 28.078276719246396], [-115.35768866140673, 28.07834988741394], [-115.35888505405484, 28.079501844512826], [-115.35921912988486, 28.08021139908559], [-115.35959746502303, 28.08043268962331], [-115.35968027026497, 28.08099090979743], [-115.35899355847732, 28.081363533911443], [-115.35844675715634, 28.080979489298468], [-115.35794707055396, 28.08097663428289], [-115.35705405620917, 28.0803888359776], [-115.3564565761056, 28.080342745175873], [-115.3561581916622, 28.080890973665316], [-115.35640232506115, 28.081029458425803], [-115.35651653927337, 28.080733929262635], [-115.35673497262047, 28.080926665346016], [-115.3561824624337, 28.081262169280162], [-115.35595546181719, 28.0810494447928], [-115.35560853635914, 28.081400654237104], [-115.35572846130073, 28.082471411295963], [-115.35584410266391, 28.08263131133989], [-115.35801845373463, 28.083038199054293], [-115.35844247403342, 28.083600703580885], [-115.35839821624701, 28.084160352505577], [-115.3581298129344, 28.084441605648866], [-115.35768723342527, 28.0844230454452], [-115.35737599955193, 28.084058987667962], [-115.35726749683359, 28.085038374637357], [-115.35695198002976, 28.084775681577447], [-115.35672926198502, 28.085208266837373], [-115.35639518596703, 28.08481422857561], [-115.35614819802672, 28.08507549358743], [-115.35577557503343, 28.08510119117516], [-115.35426794850207, 28.084942719427332], [-115.35463200587814, 28.085309632406823], [-115.35450208717826, 28.08543526799974], [-115.3551402579626, 28.085697959907193], [-115.35406093543571, 28.0858107475816], [-115.35395671496146, 28.086094854392556], [-115.35344417867222, 28.085933527086937], [-115.35334281359366, 28.086157672371286], [-115.35406664560128, 28.0865831198561], [-115.35319148005973, 28.08625903699932], [-115.35308012101524, 28.087683857770266], [-115.35282599492064, 28.087693852392263], [-115.35377825498186, 28.088740339303847], [-115.35371936321698, 28.088956989510866], [-115.35263968295611, 28.08949415220695], [-115.35267715857742, 28.089763625963183], [-115.35296983318878, 28.089681534833378], [-115.35359801078941, 28.090290081924774], [-115.35316121806977, 28.090526753398922], [-115.35368545616838, 28.09050423359048], [-115.35298946377931, 28.091028904847292], [-115.35297340212902, 28.09128588660081], [-115.3534891502989, 28.091441146285725], [-115.35380145487737, 28.09183197323432], [-115.3544278476132, 28.09107887315165], [-115.355107778657, 28.091419731562034], [-115.35555402026965, 28.09124297313048], [-115.35594475372147, 28.091730251289675], [-115.35462950707075, 28.09271356326022], [-115.35371579375564, 28.092263845640982], [-115.35257543657681, 28.093536262336585], [-115.35252190012272, 28.094448190100998], [-115.3522078114171, 28.095160244325704], [-115.35263789845338, 28.096664657792722], [-115.35311973927759, 28.097324958292283], [-115.35283063534355, 28.09769080050592], [-115.35291094131664, 28.09839393081324], [-115.35265752919508, 28.098575959826423], [-115.35346464219333, 28.100257704609103], [-115.35343037803403, 28.100518968568633], [-115.35309915679676, 28.10048470438343], [-115.35312200030144, 28.100661736212633], [-115.35339325808377, 28.101098604936556], [-115.3542655692701, 28.10165254407191], [-115.35420846184336, 28.102159369436098], [-115.35359456140277, 28.102609086750306], [-115.35414564372898, 28.102950302548127], [-115.35441833018506, 28.103411441339116], [-115.35501795363878, 28.103558492154512], [-115.3546467577875, 28.103861159548877], [-115.35398574414849, 28.103669851086348], [-115.3539786063702, 28.104140983752167], [-115.35436265138347, 28.10414241236249], [-115.35447115365504, 28.10442366436278], [-115.35405569969717, 28.104792004494744], [-115.35614439110293, 28.106974922090927], [-115.3560701522263, 28.107103413046758], [-115.35521211785367, 28.106952079054253], [-115.35383869304908, 28.107047732800474], [-115.35348462912602, 28.107778704245955], [-115.35286216201516, 28.107441772355166], [-115.35222970181245, 28.10815561134627], [-115.35257091617842, 28.10874666881369], [-115.35194273910312, 28.10916069557189], [-115.35224826204103, 28.109593281581017], [-115.3530777425251, 28.1102071823304], [-115.35390722201157, 28.110255723648915], [-115.35307916929595, 28.110802523357112], [-115.35327618867427, 28.111048083073705], [-115.3529963642346, 28.111096623827763], [-115.35377159183442, 28.11156633054179], [-115.35329617598684, 28.111573468188208], [-115.35303205558546, 28.111877563064493], [-115.35349890564126, 28.112277313669967], [-115.35281504875715, 28.11297687407484], [-115.35325477443233, 28.113333794553437], [-115.35298494255369, 28.113436585955625], [-115.35261517370284, 28.113258127654227], [-115.3522939469644, 28.11375210299617], [-115.35247347768764, 28.114502703818502], [-115.35292854932871, 28.11463119534433], [-115.3529124881099, 28.114834639464327], [-115.35225397166018, 28.11497740592225], [-115.35171145519423, 28.115757275402977], [-115.35201483631788, 28.116066010120935], [-115.35206302019964, 28.1163551142846], [-115.35181496205949, 28.11617130131519], [-115.35190240677989, 28.11645505265635], [-115.35268584430753, 28.11654963536191], [-115.35300885575779, 28.116986861001568], [-115.3529642414577, 28.117236703873633], [-115.35153406579248, 28.11773978244582], [-115.35095585704023, 28.117029513512193], [-115.35098047185404, 28.116741170673365], [-115.35037407892104, 28.116602995541633], [-115.34935507535957, 28.117150865255006], [-115.34869299031735, 28.11721511085601], [-115.34850382276724, 28.11755596896079], [-115.34807730377962, 28.117762982217325], [-115.34762758608565, 28.117661260176895], [-115.34750980277121, 28.117207971868435], [-115.34633910803151, 28.117161572821885], [-115.34564311587606, 28.117598799165435], [-115.34550391705298, 28.118530357968986], [-115.34578409892889, 28.118833738896768], [-115.3464211989309, 28.119049675035733], [-115.34631233888683, 28.11934413399381], [-115.34603572718352, 28.11941551761445], [-115.34592686598319, 28.11911570520794], [-115.34544859484511, 28.11910499800007], [-115.34513093719664, 28.118803401092336], [-115.34447955877295, 28.11911749052673], [-115.34460626569926, 28.119640376332196], [-115.34308935900852, 28.119071090275053], [-115.34191152567594, 28.119881297687918], [-115.34071227794523, 28.120309600337578], [-115.34054095619045, 28.12097168536041], [-115.34016976139381, 28.121119806354752], [-115.33969148917176, 28.120978823112246], [-115.33935420051972, 28.121169775388612], [-115.33867248537047, 28.120962762623467], [-115.33808713745464, 28.121198328900032], [-115.33742323118449, 28.121879083004565], [-115.33719662386197, 28.122643850951338], [-115.33783015601294, 28.12288477200272], [-115.33817636694732, 28.123241690996085], [-115.33806036836026, 28.123898422255984], [-115.33751142590991, 28.124169783137283], [-115.3368789664805, 28.123837746053013], [-115.33657201637931, 28.122638497337984], [-115.33600629918315, 28.122577821352273], [-115.33502477084708, 28.122836587374483], [-115.3343252088484, 28.12343978114748], [-115.33447689964713, 28.124506969115515], [-115.33384639377597, 28.124724987225378], [-115.33385407551303, 28.12555809585722], [-115.33365777087418, 28.12576510887941], [-115.33182855965455, 28.12584184713022], [-115.33093626153547, 28.126229104148045], [-115.33032414580289, 28.126775190062567], [-115.33017423982471, 28.12753364418137], [-115.32939437111261, 28.127654996222063], [-115.32881794745359, 28.128195728748597], [-115.3285377647538, 28.128970242974088], [-115.32807020137912, 28.129446730237127], [-115.32824866109384, 28.129610913256318], [-115.32790244947766, 28.129842910359127], [-115.326988794041, 28.12918124261377], [-115.32634985107173, 28.12937177684358], [-115.32607859186534, 28.129842909874387], [-115.3258519491594, 28.129805434509436], [-115.32517023324945, 28.13026942951342], [-115.32416550639044, 28.131375878012324], [-115.32358729689845, 28.132468051400217], [-115.32285739717696, 28.13257334240088], [-115.32189371454861, 28.13334071848628], [-115.32053920710958, 28.13397425035516], [-115.31624546988743, 28.137841469556264], [-115.30715402528749, 28.147196022592382], [-115.29727628797467, 28.158204478952698], [-115.29430368357015, 28.16111472999247], [-115.29325791061869, 28.16230327094714], [-115.2932186500451, 28.162874342487566], [-115.2925155190981, 28.16318307763433], [-115.29261545690726, 28.162881480093812], [-115.29243314562756, 28.16290686248817], [-115.29105036604345, 28.164287742072233], [-115.28616414257037, 28.170019862899867], [-115.28611774316191, 28.170303613894212], [-115.28639970972054, 28.170582011567003], [-115.28521910308191, 28.17093130208314], [-115.28349260331964, 28.172752079583724], [-115.2815598858139, 28.17523088359144], [-115.28220947942944, 28.174534891260926], [-115.28225409385455, 28.174684797593073], [-115.28159557835349, 28.175357589374126], [-115.28131539600963, 28.17542005032516], [-115.28096026226946, 28.175955428740043], [-115.28078358705571, 28.176414070324846], [-115.28122973600972, 28.17720999993874], [-115.28114228975521, 28.17741522798381], [-115.28038579736076, 28.177203660157534], [-115.27960172692043, 28.17786888195264], [-115.27958969193362, 28.178261126238215], [-115.27987522734841, 28.178480632482646], [-115.28030531495455, 28.178337864108265], [-115.28012864007141, 28.17868585991368], [-115.279539723155, 28.178637676402317], [-115.27901254403717, 28.1788703983747], [-115.27758023693931, 28.180565040242154], [-115.27740713197826, 28.18132170860789], [-115.27630788893796, 28.181813154067616], [-115.27580456506699, 28.182330005511695], [-115.27530487808637, 28.18411817047994], [-115.27552616832642, 28.184710655853156], [-115.27499614274201, 28.185685045348194], [-115.27416273612312, 28.185892058136197], [-115.27363985033449, 28.18693604622346], [-115.27300631793156, 28.186473836048258], [-115.27252090774542, 28.186850386030244], [-115.27208011281719, 28.186837893924675], [-115.27202122222806, 28.18716090626645], [-115.27249770876051, 28.1875338862793], [-115.27258872309075, 28.187963974621347], [-115.27216577411883, 28.188113880329063], [-115.2715126122338, 28.187539240130768], [-115.27164110258569, 28.187874743809626], [-115.27134307454607, 28.18814064969035], [-115.27109858642368, 28.18820667935132], [-115.27074345135301, 28.187919359520798], [-115.27051859152111, 28.18801751150035], [-115.2702741017679, 28.188547535794985], [-115.27072560495564, 28.190323209360834], [-115.27014561108925, 28.190753297322313], [-115.27041687047344, 28.191001356536763], [-115.2703347789818, 28.19118160025203], [-115.26975299992824, 28.191042401286392], [-115.2697583538697, 28.190540930249345], [-115.26921226768579, 28.19085323399631], [-115.26915337612078, 28.191026340570616], [-115.26957632493206, 28.190703328603668], [-115.26922297477243, 28.191129845884333], [-115.26860796330996, 28.190614650631073], [-115.26833246198127, 28.190708682621477], [-115.2680754796697, 28.191267260098325], [-115.26853590623251, 28.19136184394225], [-115.26850199925133, 28.19167236409358], [-115.26887319503503, 28.191795501396967], [-115.26825750884011, 28.192320172532074], [-115.26786311350182, 28.19219703545053], [-115.26753296256658, 28.193042933451068], [-115.26680841651722, 28.193455175416318], [-115.26615882362003, 28.193207116193975], [-115.26605888733778, 28.193740710507058], [-115.26566627648666, 28.19383886335182], [-115.26571802850857, 28.19408870602065], [-115.26603390287016, 28.19421362808425], [-115.26583045864298, 28.194474179504496], [-115.26479539288182, 28.194586608625325], [-115.26461871805363, 28.195250477994982], [-115.2653700328523, 28.195307585642045], [-115.26541464792834, 28.195450353347248], [-115.26515231252537, 28.196085669345884], [-115.26453305787687, 28.19661926326459], [-115.26394235704883, 28.19663710892989], [-115.26350513107565, 28.197356301341596], [-115.26371214398036, 28.197734635447603], [-115.26329097900106, 28.198286075018483], [-115.26287873693268, 28.19851093535146], [-115.26285375266531, 28.19823253798655], [-115.26268778629746, 28.198259306848712], [-115.26239154345069, 28.198794685398003], [-115.26152815479456, 28.198772735012614], [-115.26009334035028, 28.199657894040012], [-115.25833908257661, 28.201033818449538], [-115.25644027339554, 28.202979027583442], [-115.25561043559533, 28.20416756828907], [-115.25563185119454, 28.20452091820953], [-115.25627802953025, 28.205463419852883], [-115.25605631625073, 28.20595697616339], [-115.25560481311588, 28.20593199199985], [-115.25539958475206, 28.2053609213538], [-115.25499269738722, 28.204971879058856], [-115.25395584719088, 28.20557864242985], [-115.2529600423822, 28.20680465935644], [-115.25051293289324, 28.210880968866856], [-115.24954660630583, 28.211911773675812], [-115.24891495396795, 28.213030437940887], [-115.24507212898804, 28.217342697183696], [-115.24295461062715, 28.220903824262457], [-115.24290919869667, 28.221231331412177], [-115.24314655018105, 28.221522220583527], [-115.24266471032982, 28.221893416139817], [-115.24309301322923, 28.222219997441293], [-115.24286101500236, 28.223301462207417], [-115.24441004408915, 28.224302619979397], [-115.24490973099591, 28.226795699789314], [-115.24458136514183, 28.22689028392138], [-115.24408346284085, 28.22654942598405], [-115.24442610614872, 28.22738283215559], [-115.2430066894073, 28.22781619254577], [-115.24159038332438, 28.22671896360388], [-115.24136994680747, 28.227011324639136], [-115.24168318219762, 28.226911699448415], [-115.24172244269158, 28.2270723136208], [-115.24099468451871, 28.227348390225092], [-115.24059350818341, 28.226990042784326], [-115.23797514883883, 28.231478658038128], [-115.23803511074523, 28.231896967425236], [-115.23844485366308, 28.232980574584445], [-115.23880177376756, 28.233033398269598], [-115.23919152951257, 28.23404562131144], [-115.2397069210379, 28.233984230920257], [-115.23968978776671, 28.23486653524681], [-115.2407391309474, 28.234776591555885], [-115.2411631505867, 28.23503928444074], [-115.2412845033811, 28.23563319674653], [-115.2408562003259, 28.23612574620781], [-115.24101181658493, 28.23677391168253], [-115.24030797195456, 28.236985207463174], [-115.24102181112261, 28.237276453400728], [-115.24093186693649, 28.237641938618292], [-115.24115030155566, 28.237873222026728], [-115.24073056517517, 28.23827725425624], [-115.24047786267101, 28.239083023846543], [-115.24097326979927, 28.23973634004359], [-115.24188840981556, 28.23993335929418], [-115.24173993248162, 28.24028599534698], [-115.2412359622978, 28.240258869220273], [-115.24141371529137, 28.240604093884958], [-115.242193932647, 28.240902751537288], [-115.24253514804312, 28.24127394731698], [-115.24349597405289, 28.241512368997295], [-115.24410987526012, 28.24196494318185], [-115.24412558026407, 28.242161962566197], [-115.2435944840837, 28.241906408223443], [-115.24460956155649, 28.24276158641564], [-115.24441324303282, 28.24291334556341], [-115.24456376924624, 28.243046836812987], [-115.24595871617072, 28.243643891143545], [-115.24539549818185, 28.244221921362687], [-115.2455953725336, 28.24432899723224], [-115.24544215792226, 28.24550227030313], [-115.24586841633405, 28.245565721767207], [-115.24546055651696, 28.245678181903077], [-115.24548172042563, 28.245880532399944], [-115.24577383211772, 28.24615463844208], [-115.24627351892343, 28.246195683841925], [-115.24647696328238, 28.247066567605835], [-115.2473192924142, 28.248278306970438], [-115.24727110777071, 28.248554920234152], [-115.24800279186822, 28.249088514071733], [-115.24819559402802, 28.24981869980646], [-115.24871127697583, 28.250202101141024], [-115.24850604757965, 28.250662527303973], [-115.24774849320616, 28.25052729180269], [-115.24847570959993, 28.25091237164226], [-115.24823300467607, 28.251203259872813], [-115.2478082826063, 28.251153673672988], [-115.24788284139225, 28.251404351724055], [-115.24825525508314, 28.251761741846632], [-115.24910924225539, 28.252072358097116], [-115.2492163172726, 28.252479246052847], [-115.24982129498282, 28.25280225765928], [-115.24998369404504, 28.253102070426284], [-115.24948268321103, 28.253334993784673], [-115.24946365728223, 28.253754169790078], [-115.24997905445353, 28.2541464152699], [-115.25042020555055, 28.255240015142604], [-115.25113689881577, 28.25547415450763], [-115.25185502056543, 28.25629935144196], [-115.25227475829354, 28.256190848382737], [-115.25250318638643, 28.256440691193824], [-115.2523561349905, 28.25706886889298], [-115.25286010478256, 28.257267315825157], [-115.25288865877295, 28.25850368393517], [-115.25241375087785, 28.258964923424966], [-115.25293862737759, 28.259016220076607], [-115.25268307285226, 28.25937456727117], [-115.25308853304573, 28.25989424107989], [-115.25284896946779, 28.260337724281385], [-115.25337264064021, 28.26103495534474], [-115.25384377382166, 28.26115773526848], [-115.25372670492436, 28.261478961891136], [-115.25342118252065, 28.26136474847235], [-115.25319132577619, 28.261925825624214], [-115.2537124276837, 28.262656795416515], [-115.2533412320449, 28.263165048518687], [-115.25356680505222, 28.26349055853876], [-115.25324937345982, 28.26420646396535], [-115.25371671133308, 28.264669819445725], [-115.25337835246745, 28.264868266191773], [-115.25312993555613, 28.264798309952], [-115.2530516005437, 28.265152381897565], [-115.25355395601524, 28.265526425546234], [-115.25389231542184, 28.2661660237577], [-115.25433489460352, 28.266237408014234], [-115.25458331059552, 28.26606180456937], [-115.25470037968563, 28.26623740868416], [-115.25437915308284, 28.266592900094977], [-115.25353682440992, 28.26690270532589], [-115.25358393667672, 28.26765223660253], [-115.25407648651331, 28.267820702348867], [-115.25404879469757, 28.26808541702121], [-115.25442341127716, 28.268241865998515], [-115.25448194555065, 28.26854310635331], [-115.25438200804406, 28.26874012503946], [-115.25392751082394, 28.26881297247169], [-115.25397654826885, 28.269351171184287], [-115.25421211454953, 28.2696338508633], [-115.25499305388107, 28.269927952277143], [-115.2552985765959, 28.27057469030024], [-115.25646927244603, 28.27144557210629], [-115.25622371118799, 28.271816767968474], [-115.25676622851898, 28.27244637452672], [-115.2573629968151, 28.272562016179325], [-115.25683809906415, 28.273030297212472], [-115.25794120569867, 28.273434326162846], [-115.25776417376005, 28.273804094008142], [-115.2579926021802, 28.274346611154638], [-115.25779843770697, 28.274846298192898], [-115.25749005972487, 28.27489912220936], [-115.2574456621508, 28.274635894415933], [-115.25725764403838, 28.274882730613307], [-115.25749862553586, 28.275555853585093], [-115.2571060154606, 28.275637230786966], [-115.25682190844563, 28.276348214290653], [-115.25640092060175, 28.27654441359309], [-115.25639818665763, 28.276801153083483], [-115.25698037997316, 28.277281913820143], [-115.25613950364662, 28.277712610791816], [-115.2558240644375, 28.278539183837008], [-115.25654065510282, 28.278960862084375], [-115.25662917130713, 28.279360611605295], [-115.25556762933931, 28.279459474339465], [-115.2555034927822, 28.2797252551558], [-115.25497425039289, 28.27933622796681], [-115.25525380893806, 28.28072088437492], [-115.25493385329113, 28.280816720923205], [-115.25495685609067, 28.281036421940733], [-115.25551272766691, 28.281936140676333], [-115.25479154008013, 28.28194592977901], [-115.25563693600539, 28.282884117167118], [-115.25455375723558, 28.283889240293107], [-115.25473321733536, 28.2841961523403], [-115.25408737881855, 28.28418615842629], [-115.25374296697775, 28.284396036528047], [-115.2538380638749, 28.284595901803673], [-115.25436059306581, 28.28473438664373], [-115.25380665453964, 28.285275476326742], [-115.25398511391433, 28.285882238166447], [-115.25377381801687, 28.28615920682319], [-115.25440485049505, 28.286411905936408], [-115.25466468813954, 28.287469814888013], [-115.25554413719871, 28.286967272103862], [-115.25590533883334, 28.28718570680516], [-115.25607808852396, 28.287584029354047], [-115.25690328514685, 28.288297867478242], [-115.25710315952198, 28.288653358813335], [-115.25694754329719, 28.28883610079813], [-115.25791979084502, 28.28980692155151], [-115.25792692894649, 28.289989664582567], [-115.25763711121576, 28.290049625872935], [-115.25773933489734, 28.290475641482672], [-115.258343916049, 28.291072047636398], [-115.25906478833319, 28.290957628968723], [-115.26105068553613, 28.29197699005771], [-115.26062938167468, 28.292595210014234], [-115.2607206262957, 28.2927439831788], [-115.26139903890729, 28.292757929004495], [-115.2616298984803, 28.29323048581381], [-115.26248121782041, 28.292983502313856], [-115.26239716584368, 28.293135799397156], [-115.26337494266001, 28.293333281841807], [-115.26441000903345, 28.294041410389777], [-115.26411590675684, 28.29444829790024], [-115.26338484397752, 28.294646578378902], [-115.26159671571959, 28.294678037505143], [-115.26187231361287, 28.295205680376124], [-115.26234701581221, 28.295203896634625], [-115.26224707875133, 28.295512631498777], [-115.2617406175631, 28.295570170514495], [-115.26168121380474, 28.295795455373458], [-115.26248443044925, 28.29759525401992], [-115.26211680336257, 28.297771928949185], [-115.26169098315998, 28.297708955799067], [-115.26141905542966, 28.298267480427867], [-115.26101295646313, 28.29843909607209], [-115.26165393752781, 28.298510456166476], [-115.26140274710652, 28.298849273500956], [-115.2607418504427, 28.299018206515996], [-115.26108495979015, 28.29934114118905], [-115.26205701333647, 28.299526905775565], [-115.26209556851677, 28.29991362451153], [-115.26260729709406, 28.299866890475027], [-115.26291690556177, 28.29995334680224], [-115.26289003436042, 28.300125092512143], [-115.26071400523647, 28.300781532027038], [-115.25913404251195, 28.300871000145452], [-115.25866386117565, 28.300589272527805], [-115.25754461949084, 28.299041084223326], [-115.25710483815057, 28.29909306697968], [-115.25677932836385, 28.29956515256896], [-115.25733610877607, 28.30041164383103], [-115.25755739886928, 28.30210879388064], [-115.25686102317079, 28.30225439801], [-115.25654009087816, 28.302574176491984], [-115.25678823553186, 28.302965808096864], [-115.25705592811666, 28.302653095965987], [-115.25732615566073, 28.3027519083418], [-115.25712197122837, 28.303516960866432], [-115.2568814323619, 28.303522062116954], [-115.25680251477878, 28.303097460077254], [-115.25626536504086, 28.303412265255048], [-115.2574246379325, 28.304773316236584], [-115.25663067139361, 28.304778841410666], [-115.25610483668231, 28.30444056302221], [-115.25610281398373, 28.304247796218196], [-115.25495051774841, 28.303852163142892], [-115.2545331165115, 28.30448587688008], [-115.25408603255516, 28.30413871641106], [-115.25423091325952, 28.305122975860677], [-115.25380125973724, 28.305461197128682], [-115.25384193535744, 28.30584963417355], [-115.25410490210561, 28.306767466622805], [-115.25437189583128, 28.306854034144774], [-115.25455215332529, 28.3077333663829], [-115.25451979171554, 28.308313954234094], [-115.25407625967877, 28.308753679688802], [-115.2552488586145, 28.31043072298156], [-115.25513464472475, 28.310900903800313], [-115.25418180236375, 28.31112350798087], [-115.25394681770868, 28.311447227930273], [-115.25340239674567, 28.311563346197833], [-115.2517949394184, 28.311270908959408], [-115.25092394994026, 28.311458650477718], [-115.24995145202276, 28.31136906136616], [-115.24956289913045, 28.311588093602644], [-115.24938586655884, 28.311985938036365], [-115.24978180923581, 28.31242756597858], [-115.24936873543439, 28.31346120442082], [-115.24926023145622, 28.3149250489845], [-115.24883002488633, 28.315286727280505], [-115.2477164912993, 28.315711686662844], [-115.2481523538478, 28.316544986053028], [-115.24803031783912, 28.31702489376028], [-115.24845502210962, 28.31674105362731], [-115.24831319269681, 28.317277858095594], [-115.24894668072163, 28.317366578184934], [-115.24912117560437, 28.317697911982634], [-115.24898992519685, 28.318155405428875], [-115.24958764541681, 28.31870743995231], [-115.24880395733234, 28.31927660516529], [-115.24736360416439, 28.319739976198257], [-115.2480752595623, 28.320297872293573], [-115.2481930012718, 28.320656825091888], [-115.24798008104253, 28.32079042041891], [-115.24763304396494, 28.320657673167744], [-115.24747087706523, 28.320849907230134], [-115.2473113237934, 28.32155467461475], [-115.24745331121979, 28.32166156686593], [-115.24696405146648, 28.322210958414587], [-115.24738283674517, 28.32306280557261], [-115.24726386405116, 28.32390037607024], [-115.24780400086857, 28.32467132162849], [-115.24754939946699, 28.324940199765624], [-115.24791583624712, 28.32537326246268], [-115.24786586699393, 28.326241765108886], [-115.24918884851408, 28.32632504660735], [-115.24942679382933, 28.326869943090784], [-115.24921978096421, 28.327103130207885], [-115.24843989938374, 28.327317994376237], [-115.24779227595701, 28.3266778727654], [-115.2478545519256, 28.32774094299137], [-115.2475852330154, 28.328333923465372], [-115.2479562743593, 28.328818839247763], [-115.24631599506301, 28.328603675298794], [-115.24592718853833, 28.32902228320448], [-115.2466452038856, 28.329958482933055], [-115.24647507568477, 28.330673131334628], [-115.24712109586393, 28.33177877142068], [-115.24813474618126, 28.3324569167731], [-115.24879623606019, 28.332618720986606], [-115.24857970585931, 28.332935189194853], [-115.24822915252184, 28.332963315537228], [-115.24833462094212, 28.33343725491902], [-115.24813038242166, 28.333547060527092], [-115.2483097193582, 28.33390806352859], [-115.24852084867027, 28.334178342696084], [-115.24896993750083, 28.333858420501013], [-115.24946724394766, 28.334262928184668], [-115.24860112097028, 28.334577017095977], [-115.24881051354437, 28.33488396857636], [-115.24807526025958, 28.335086221993983], [-115.24809429517197, 28.335293235148832], [-115.24948471041867, 28.336089022156155], [-115.24980750712773, 28.33596424358239], [-115.25143030044246, 28.3364448941924], [-115.25159448281751, 28.33666380463984], [-115.25138984910821, 28.337054036121632], [-115.25082115796245, 28.33731815581931], [-115.25027613468171, 28.338132417556665], [-115.2502881594608, 28.33881959604527], [-115.25059447819804, 28.339420424078302], [-115.25045234056785, 28.339876077048807], [-115.24943155296823, 28.33999742897409], [-115.24831240015973, 28.339453812674595], [-115.24772060504333, 28.339632698277516], [-115.24735308070828, 28.340579324964864], [-115.24637254353118, 28.340964175446256], [-115.24581297424096, 28.340745291977516], [-115.2456291613955, 28.340213483630723], [-115.24443422084778, 28.340443838494426], [-115.24407656317689, 28.3407720614144], [-115.24364826039769, 28.34072030806849], [-115.24305945039434, 28.3402482926152], [-115.24283308158005, 28.340290968683], [-115.24266882362181, 28.34067858724086], [-115.24301414582962, 28.340927799524643], [-115.24277645214075, 28.341363291842995], [-115.24220987599342, 28.34122356427408], [-115.2413542269451, 28.34152969736885], [-115.24105584973185, 28.34189386055686], [-115.23994702085236, 28.342436377535662], [-115.24061802940406, 28.34345478634592], [-115.24058947537944, 28.343716527105098], [-115.2401426490327, 28.343974913846797], [-115.24116027107745, 28.344363381081955], [-115.24070954841801, 28.34473091011532], [-115.24234075929091, 28.345893734073083], [-115.24242403956966, 28.34626017105586], [-115.24193729260695, 28.346438268394557], [-115.24083481683374, 28.348098108627394], [-115.24110819841665, 28.34868722087154], [-115.2418577283817, 28.348965617900117], [-115.24146959635094, 28.34980454232527], [-115.24286722898547, 28.35101608047277], [-115.24364946184103, 28.3509500881481], [-115.24394213578472, 28.35115710143487], [-115.24437043900915, 28.350731177976837], [-115.24570293735847, 28.351111891853083], [-115.24594326340366, 28.351471189894692], [-115.24580525401659, 28.353101121464746], [-115.2459979904414, 28.35360556678643], [-115.24576004412995, 28.354269435992705], [-115.2453888479508, 28.3542218469493], [-115.24535553629741, 28.353700745207338], [-115.24440375113932, 28.353015460298344], [-115.24384219907851, 28.353386656038165], [-115.2430569771423, 28.35318916097956], [-115.24222827645718, 28.35494570691217], [-115.24208377731479, 28.35633480878978], [-115.24151032721964, 28.356675071305407], [-115.24125096569512, 28.35603737628923], [-115.24038362613206, 28.35499578376359], [-115.2397499963196, 28.355480071244873], [-115.23879536154568, 28.358664301341644], [-115.23755090439694, 28.35898790812144], [-115.2373296143076, 28.359409071812735], [-115.23788402785536, 28.359237750990843], [-115.23802679602281, 28.359351965100174], [-115.23723919365304, 28.360011076243953], [-115.23707739078371, 28.3604108251152], [-115.23602328964671, 28.360401307654858], [-115.23618985245298, 28.36102710608264], [-115.23589479938222, 28.361388783918823], [-115.23453850574086, 28.36190750640286], [-115.23349231017772, 28.361699987382824], [-115.23277532619849, 28.362414330941334], [-115.23246361573027, 28.362492854488092], [-115.23057908270394, 28.362231112922696], [-115.22959398589333, 28.36248333627415], [-115.22909083345374, 28.36324695637014], [-115.22933938361531, 28.363820593247212], [-115.22981527564055, 28.363930047829736], [-115.23015553874954, 28.364317900521346], [-115.2296534725366, 28.365421970251514], [-115.22873024219074, 28.36571464440872], [-115.2284010492947, 28.36621664760504], [-115.22933224477822, 28.366595044051884], [-115.22967771006113, 28.36723524787421], [-115.23056757676503, 28.36764255362018], [-115.23136192631083, 28.36925052289921], [-115.23096196383223, 28.370331169808857], [-115.22982646257393, 28.37092501292593], [-115.2291704419593, 28.37262459913039], [-115.22889918432648, 28.372748331632696], [-115.22798546952417, 28.37235571985814], [-115.22725259689824, 28.373202808230868], [-115.22646737409761, 28.373314642595822], [-115.22649865273905, 28.372418870545655], [-115.22595711137386, 28.372870415893207], [-115.2258225396992, 28.373431236548317], [-115.22492072502706, 28.373636464154355], [-115.22447100724465, 28.37412901323533], [-115.22361782980701, 28.37408381067457], [-115.2231385076837, 28.37467985827693], [-115.22312109549421, 28.37578087493233], [-115.22248399638842, 28.376557174241885], [-115.22194147749283, 28.376817725016043], [-115.22162381971661, 28.3767374179612], [-115.22138825410605, 28.37631803854701], [-115.22015097715929, 28.376299948878003], [-115.21984457795011, 28.37693015447858], [-115.21961436615582, 28.376887324459577], [-115.21978568734755, 28.376575019808786], [-115.21901474093853, 28.377122891353686], [-115.21829151902827, 28.37713235053381], [-115.21833302559848, 28.377824237672282]]], [[[-116.79748387580506, 31.806869288229045], [-116.79544185160753, 31.806438868973746], [-116.79414170357524, 31.80668745980847], [-116.79390978246609, 31.806249736543524], [-116.79349787135435, 31.806171591551678], [-116.79263140536771, 31.806954617823195], [-116.79137274456525, 31.80597758328122], [-116.7905992664821, 31.805683185786094], [-116.78917287588891, 31.80590471007995], [-116.78878617342758, 31.806588036171203], [-116.78897986398974, 31.805234429470225], [-116.78860762512217, 31.80511458260695], [-116.78836277905728, 31.80530805428875], [-116.78794933946311, 31.804848177787115], [-116.78872582029847, 31.80424496159089], [-116.78891878388147, 31.803807866047116], [-116.78841763585586, 31.803546667827526], [-116.78833600078636, 31.803057467976952], [-116.7880942194734, 31.803460691466956], [-116.78765639386043, 31.80353756762391], [-116.78751069041436, 31.803073121403276], [-116.78769145996911, 31.802904404046117], [-116.78829328075696, 31.802889407631056], [-116.78847937680487, 31.802395639179267], [-116.78767617309546, 31.801855646151623], [-116.78738251601438, 31.802015245584986], [-116.78716512682983, 31.80188171179583], [-116.7871933459125, 31.80174556858046], [-116.78779286997164, 31.80171168226187], [-116.78723451373911, 31.800978213039215], [-116.78720474482166, 31.800178937786487], [-116.78749915041713, 31.79965650320581], [-116.78664639783682, 31.79944546181048], [-116.78694766904225, 31.798979699616996], [-116.78681951719715, 31.79847551175871], [-116.78652891140761, 31.798291167175016], [-116.78668067833297, 31.797514031471223], [-116.78751888190689, 31.796313461400143], [-116.78705208290474, 31.795781915769282], [-116.78725648249804, 31.795439267391185], [-116.78714435345607, 31.795067311208978], [-116.78785976774903, 31.794698593539405], [-116.78804814200502, 31.79422370661257], [-116.78745930478833, 31.793330625183906], [-116.78782234276152, 31.793098059062007], [-116.78712675410806, 31.792892224883], [-116.78699098806052, 31.792694197268826], [-116.78714161540663, 31.79246131072619], [-116.78659514253046, 31.792471416802492], [-116.78604064848246, 31.791861695646173], [-116.78640444852775, 31.79154314378364], [-116.78631521014795, 31.791360096232616], [-116.78668550129883, 31.79155649405598], [-116.78680754008401, 31.7919180306835], [-116.78700545955898, 31.79189099429882], [-116.78693032717405, 31.791639871165785], [-116.78718162866066, 31.791407634982015], [-116.78693869951246, 31.790970860321142], [-116.787441314542, 31.791060094660583], [-116.78733874235535, 31.791412843585732], [-116.78757860768398, 31.79136300471076], [-116.78898237485937, 31.792155423335867], [-116.78862619628055, 31.792167809527527], [-116.78873111902621, 31.79349507583145], [-116.78908197561255, 31.793807747648952], [-116.78906939825008, 31.793980699280525], [-116.78879558171951, 31.79384260578461], [-116.78871207113222, 31.79398364117886], [-116.7889012325906, 31.79425332225289], [-116.78869379281831, 31.79466307014045], [-116.78892796345094, 31.795119706680524], [-116.78983102220987, 31.795192636147643], [-116.79077264037528, 31.79604497677915], [-116.79093854906779, 31.796307164668494], [-116.79062507844802, 31.796487617772897], [-116.79044662641041, 31.79695208277999], [-116.79115253133027, 31.796966060203278], [-116.79167498526932, 31.79675758385755], [-116.79164182457912, 31.797037367909613], [-116.79210366354778, 31.797158833591574], [-116.7919385455468, 31.797364363063902], [-116.79268795411032, 31.797737258541503], [-116.79273106807058, 31.798000752151246], [-116.79352016220896, 31.79860880048653], [-116.79362086523659, 31.79888629467253], [-116.79295158403534, 31.79917458187836], [-116.79322885248176, 31.799341000716524], [-116.79344172911489, 31.800267290592874], [-116.79271640331939, 31.800923296442033], [-116.79279917923581, 31.801145096010302], [-116.79308673375303, 31.80111967585693], [-116.79289033553923, 31.801251596638647], [-116.79307189242766, 31.801550581130574], [-116.79335867162347, 31.80133429802442], [-116.79354707837005, 31.80141310770333], [-116.79346624594575, 31.80166846369011], [-116.79420613737048, 31.801870355253456], [-116.79486405414781, 31.802318153975385], [-116.79570572773417, 31.80197643566702], [-116.79595401576654, 31.80208813298527], [-116.79625003579525, 31.802777947695663], [-116.79654142145695, 31.802876288136453], [-116.79655100162103, 31.803324126553115], [-116.79705364450777, 31.80313648278531], [-116.79710520697158, 31.803838365072416], [-116.79753926240464, 31.804191387919317], [-116.79743556303042, 31.804534684447983], [-116.79782387352306, 31.805063588765837], [-116.79763437646248, 31.805529028386232], [-116.79803031714602, 31.806028617209446], [-116.79830031085422, 31.805766081311333], [-116.79851821127252, 31.806825557323986], [-116.79748387580506, 31.806869288229045]]], [[[-116.8060429343994, 31.813217145489833], [-116.80509627330991, 31.813441427082783], [-116.8039884144845, 31.813358558328776], [-116.80365749210175, 31.812721739734318], [-116.80325851021058, 31.81256610439857], [-116.80209062508294, 31.81282331016673], [-116.80121324539925, 31.811982518279564], [-116.80078753257182, 31.81118087230533], [-116.80090493617513, 31.810674081142654], [-116.80121613462805, 31.81047472492364], [-116.80122342678959, 31.808920368800727], [-116.80110869286375, 31.808544636533853], [-116.80069527148605, 31.808644758293728], [-116.800433143377, 31.8078900850095], [-116.80052155129604, 31.8073285735942], [-116.80096775757659, 31.807136369012305], [-116.80141304618805, 31.805903899348458], [-116.80212244708503, 31.80596503817327], [-116.80243983403939, 31.806443144911725], [-116.8025215089544, 31.807144388001284], [-116.80196279954713, 31.809356831798194], [-116.80269283250364, 31.809819285660122], [-116.80348839782911, 31.809557988439703], [-116.80491560121942, 31.80952720106887], [-116.80517044481826, 31.809895837966707], [-116.80642307671064, 31.810453263110645], [-116.8068899125962, 31.810431052047473], [-116.80799815111304, 31.809798398665578], [-116.80928426316109, 31.809894614248115], [-116.80892404488895, 31.810442751773078], [-116.80888937532791, 31.811612041469008], [-116.80825429432645, 31.812830568151096], [-116.80699037964665, 31.813286064938094], [-116.8060429343994, 31.813217145489833]]], [[[-115.87429434999228, 32.38623176648304], [-115.84779179339846, 31.99005013153886], [-115.60446985861218, 31.6240434581717], [-115.60364740292987, 31.62444726416579], [-115.5604973910529, 31.55902287421736], [-115.46370804194547, 31.479371583723328], [-115.39459243852042, 30.971846384495866], [-115.34254156004222, 30.81495546077843], [-115.30776197141812, 30.772440166200187], [-115.32574500033726, 30.733449000082068], [-115.55342400035568, 30.719301000321487], [-115.57724199985405, 31.047690999676824], [-115.55745099971129, 31.074853999908854], [-115.57199399994884, 31.079324000198834], [-115.58691500019471, 31.089892999940464], [-115.60275800027783, 31.075213999551874], [-115.61122599987965, 31.081665000139576], [-115.62280699955049, 31.099310999820247], [-115.620548000034, 31.10143099991804], [-115.62688300021954, 31.120054000013514], [-115.64232899990525, 31.126448999869687], [-115.65576799982789, 31.124345999721427], [-115.69276600013585, 31.121831999581335], [-115.69172000008793, 31.11571200040014], [-115.70397000004844, 31.10944499965896], [-115.72148999967524, 31.100839999789752], [-115.73113399999046, 31.104719000361325], [-115.74227699983845, 31.104422000294726], [-115.74417899994378, 31.114776999592227], [-115.74990600014482, 31.090321000144133], [-115.75809000035557, 31.079632000208907], [-115.77411000008857, 31.062841999895294], [-115.82330900025816, 31.076109000327], [-115.85274199976013, 31.08053500034671], [-115.89175300036457, 31.08057200021815], [-115.91135300007592, 31.06941200032038], [-115.9367239995645, 31.062537000258207], [-115.96076799995224, 31.044408000045095], [-115.98669200037786, 31.047071000206593], [-115.99627800038309, 31.036773000266795], [-116.00910700013846, 31.040909000017], [-116.02566800039783, 31.042012999963447], [-116.04415199978244, 31.02191400020431], [-116.0514749998764, 31.01565400038212], [-116.05861999956169, 31.021829999996484], [-116.06113499982783, 31.021079999997315], [-116.06804500002406, 31.0208900000844], [-116.08629099980759, 31.014260999686037], [-116.08880599984974, 31.004922999910963], [-116.09155300013859, 30.99855000021964], [-116.09214899968813, 30.993972999817128], [-116.09463199959048, 30.98264300033766], [-116.09891999953372, 30.982543000145007], [-116.10835199986705, 30.99104499957557], [-116.11044999987753, 30.989064000331897], [-116.11435399962217, 30.98303699978871], [-116.1345249994486, 30.97804999971529], [-116.14029400030466, 30.978534999794697], [-116.14060599997673, 30.98178100010497], [-116.14656700033024, 30.981355999687974], [-116.1390110003069, 30.962692000250566], [-116.22125400021014, 30.917848000197072], [-116.22151465975229, 30.9178147489329], [-116.2220901505303, 30.918392550349754], [-116.22337728343352, 30.92048300691477], [-116.2244987497032, 30.921217949762877], [-116.2278750608589, 30.926829100548666], [-116.22947487165898, 30.928529510176773], [-116.23293361959784, 30.931453449886614], [-116.23641633976334, 30.93368621975913], [-116.23719130939497, 30.93385364937629], [-116.23758526033663, 30.934138178699126], [-116.23893361962394, 30.93412608918657], [-116.24116882889564, 30.9336771105081], [-116.24431577920731, 30.932554569162804], [-116.24545807920383, 30.93342856973551], [-116.24772036999636, 30.937400489993347], [-116.25034637924638, 30.940878280589036], [-116.25287342889445, 30.942385430209676], [-116.25340011945576, 30.942958458974697], [-116.25540203045998, 30.947298998939083], [-116.25877915161158, 30.95133030505214], [-116.26556594888551, 30.962438350193203], [-116.26750118028492, 30.96507036961347], [-116.26960570010047, 30.966801561463175], [-116.2715378223627, 30.967843764322094], [-116.27881885026292, 30.969273478698838], [-116.2837420785041, 30.969554597110434], [-116.28482949161015, 30.969440383358336], [-116.28549574129141, 30.96921909269685], [-116.28803700529691, 30.967434497331606], [-116.28941233339295, 30.96605203031036], [-116.29238665976843, 30.964729050591956], [-116.29403324750447, 30.963191918353015], [-116.2953633654409, 30.962932557357686], [-116.29984982360014, 30.960638469323055], [-116.30455760299385, 30.95891126841231], [-116.3076152102264, 30.958435376155204], [-116.3122480212443, 30.957383654063637], [-116.31607419418773, 30.956367624306314], [-116.31664764431522, 30.9560463968547], [-116.31825853939439, 30.955739446300324], [-116.32132566442074, 30.955660924014985], [-116.32474732883236, 30.95630575855566], [-116.32781683367341, 30.957500246815428], [-116.3289970472213, 30.95841871897014], [-116.33054131687977, 30.9592777053657], [-116.33097120839413, 30.960180219360122], [-116.33180639787666, 30.960898816144613], [-116.33421679181424, 30.965046217085373], [-116.3366551154052, 30.968378393714172], [-116.33852501511458, 30.97228059134999], [-116.33873226645638, 30.973129702294692], [-116.33863783130494, 30.9744641232243], [-116.33907562212158, 30.976427159439236], [-116.33896857641531, 30.97773350295134], [-116.33923983539712, 30.977992864132947], [-116.33885445054057, 30.97911214353685], [-116.33885909139556, 30.980101998085285], [-116.33844768229633, 30.980723750793377], [-116.33819093843188, 30.981880644691255], [-116.33844149564725, 30.983861904631777], [-116.33868586635941, 30.98422381986342], [-116.33870442637608, 30.98534668703677], [-116.33796358058423, 30.986534513776427], [-116.33780165666826, 30.987387858569697], [-116.3361152906145, 30.991062855480767], [-116.33559388888915, 30.99176715042574], [-116.33486368853671, 30.993780059937837], [-116.3348380164657, 30.995020581867635], [-116.33511591744859, 30.995186461233317], [-116.3350838155538, 30.996164176306248], [-116.33431165953047, 30.997380324496934], [-116.33413558002351, 30.99829879659943], [-116.3345258109297, 30.998819896813217], [-116.33456568869248, 30.999249742539867], [-116.33401184785949, 31.00044982815599], [-116.33384766490879, 31.000628288014322], [-116.33352025183666, 31.00054261908346], [-116.3330168303792, 31.001279540404987], [-116.33304102660104, 31.00301964649997], [-116.33347029887713, 31.00419083529675], [-116.33283344065002, 31.00607046718029], [-116.33230757974357, 31.006658194619334], [-116.33157765922779, 31.008211630520766], [-116.33151579252406, 31.008775561915563], [-116.33035699492547, 31.010531605192718], [-116.32877941312461, 31.016910939057134], [-116.3238613964378, 31.040718543767053], [-116.32222844911912, 31.05091125011939], [-116.32012683273005, 31.061327055863366], [-116.31688194874339, 31.080126689381387], [-116.31598664954359, 31.083231220387276], [-116.31319248961648, 31.09572942128247], [-116.31112949602235, 31.109571222051464], [-116.31063932694138, 31.11473227325141], [-116.31024909607078, 31.116226575249954], [-116.31028240780262, 31.11716646196748], [-116.30969200543834, 31.120932255831917], [-116.30965631307379, 31.127221172408177], [-116.30909096737419, 31.135486996617367], [-116.30951353851289, 31.146487739459218], [-116.30932665055803, 31.148234153489057], [-116.30957350653232, 31.149962632181193], [-116.30950307447003, 31.152382067858717], [-116.31014077116804, 31.15463018275637], [-116.31043201653613, 31.15672601195053], [-116.31094026975148, 31.157740615420103], [-116.31149005184004, 31.158309953101263], [-116.31171847994872, 31.158091042410213], [-116.31283920577908, 31.158171943873846], [-116.31222605076005, 31.158458492426917], [-116.3133198583249, 31.158466996950487], [-116.31361967017872, 31.15868828757553], [-116.31406856024493, 31.15936013394154], [-116.31405273218898, 31.159856602215534], [-116.31478798493656, 31.16073700361515], [-116.31489506115787, 31.161324730540723], [-116.31541140370166, 31.161714962346345], [-116.31529340496456, 31.162109694588185], [-116.3160387535644, 31.162244040080314], [-116.31595154146046, 31.162954661502198], [-116.3183557488236, 31.166417728603655], [-116.3183078223034, 31.16709897073651], [-116.31896301574643, 31.168544333256385], [-116.31968894187582, 31.169356995157845], [-116.32020488735627, 31.170447405158768], [-116.31984511278566, 31.171663785442018], [-116.32189335327134, 31.17175515708759], [-116.32182631279565, 31.171919127753625], [-116.32254313359446, 31.1721365255077], [-116.32242326334695, 31.17229028435539], [-116.32296886929892, 31.172524199465485], [-116.32268333445582, 31.173272300980713], [-116.32352471059949, 31.17320567579231], [-116.32361608250994, 31.17365872582481], [-116.3239682431213, 31.174028018551], [-116.32337623280294, 31.1753224449195], [-116.32417573193885, 31.175899225826658], [-116.32387792194253, 31.176077596035263], [-116.32384936082413, 31.176418628171263], [-116.32475346541133, 31.17649885029427], [-116.32514560017009, 31.176898599984117], [-116.32487719744086, 31.17751154957621], [-116.32545991028942, 31.178560630021305], [-116.32568407216635, 31.17990266934176], [-116.32544928116586, 31.18025582973695], [-116.32556981768893, 31.18073086576249], [-116.32616727989952, 31.181299109780397], [-116.32686310870284, 31.180803889988074], [-116.3277647126826, 31.18112138554921], [-116.32801800696447, 31.181339961255947], [-116.32825964136764, 31.18219309427072], [-116.32908726336855, 31.18200435233227], [-116.32917639812793, 31.18387661872669], [-116.33069240241551, 31.18486760892111], [-116.33042840140041, 31.185199446872517], [-116.33058544650434, 31.185475464235093], [-116.33155471755904, 31.185872692796735], [-116.33204583901771, 31.186628409888794], [-116.3315775614859, 31.187389837367856], [-116.33175459293788, 31.18894124619554], [-116.33220954576036, 31.189080205791424], [-116.33263594547184, 31.18986257323408], [-116.33367719787417, 31.1898264050827], [-116.33345447994273, 31.190346079839284], [-116.33360974360258, 31.1905389610544], [-116.33515817363153, 31.190325139891538], [-116.3351810173039, 31.190627807813733], [-116.33484109572167, 31.19079876996433], [-116.33510214376899, 31.191213585589754], [-116.33455259925086, 31.191535399302897], [-116.33576674454392, 31.19739817853392], [-116.33657531114703, 31.19928707357719], [-116.33687640090129, 31.199268903322555], [-116.3373716681475, 31.199859306487696], [-116.33759160055517, 31.199661444040448], [-116.33790188220917, 31.19970903429606], [-116.33764530552041, 31.200071078108074], [-116.33846343510372, 31.200993942336446], [-116.3382521391311, 31.201285189206125], [-116.33787713648994, 31.20128899628288], [-116.33790568894395, 31.202039002105394], [-116.33802942148147, 31.20250918284666], [-116.33839109916124, 31.20266527636778], [-116.33844439884459, 31.202950811381104], [-116.3389964338633, 31.20310309706376], [-116.33883094020224, 31.203585131146955], [-116.33937905225861, 31.204064399261746], [-116.33922295940141, 31.204684961913355], [-116.33993264825294, 31.207672727516552], [-116.3403879429358, 31.207686889869212], [-116.34055545723086, 31.208396921734472], [-116.34175851270702, 31.208099965338416], [-116.34278263286735, 31.208090447203613], [-116.34352502417657, 31.208920403024614], [-116.34342603918833, 31.209533351765764], [-116.34510729588024, 31.20998629176208], [-116.34657542345848, 31.21066919719056], [-116.34695137747255, 31.211049911001513], [-116.34724405227698, 31.210902384289447], [-116.3485504464761, 31.210957221902916], [-116.3488648473464, 31.211290179483285], [-116.3487255737401, 31.211621567214554], [-116.34979347726755, 31.212790358421096], [-116.35023651863777, 31.213090660176455], [-116.3512116351747, 31.213167265186275], [-116.35147090546369, 31.21346557383017], [-116.352537400527, 31.213782999789665], [-116.35227899235763, 31.215789797417884], [-116.351672298885, 31.216618434826227], [-116.35215199812116, 31.217141917167364], [-116.3524489548103, 31.21677833527063], [-116.35277636864716, 31.21689180143587], [-116.35270784017729, 31.217223770033925], [-116.35238613659914, 31.217465523382103], [-116.35253080842979, 31.217859561701694], [-116.35206062684911, 31.21884370759082], [-116.35276685081155, 31.21925868540847], [-116.35279350078919, 31.220132423042955], [-116.35230809102887, 31.220975704361063], [-116.35220235775196, 31.22200382582306], [-116.35290010067958, 31.225201627104788], [-116.35529859801362, 31.232069703304052], [-116.35645018718887, 31.234651784767], [-116.35987055258663, 31.240432735366028], [-116.36056339228364, 31.242034779517184], [-116.36335527405205, 31.245496466394858], [-116.36329055327539, 31.246381626576987], [-116.36351136656249, 31.24704406800129], [-116.36476962630533, 31.248995225720492], [-116.36580516709404, 31.25016592117554], [-116.36772967476416, 31.251795375629616], [-116.36918971205769, 31.25289373530837], [-116.36948476645976, 31.25291848115451], [-116.37009009954326, 31.252318857361537], [-116.37076967479271, 31.25291086713637], [-116.3707601567193, 31.253249701908583], [-116.37000597562916, 31.253397178005862], [-116.36986320840063, 31.253604192469496], [-116.36989022623422, 31.254679281721028], [-116.37025367987317, 31.255558969844767], [-116.37160735253755, 31.25703061523468], [-116.37495181494498, 31.25973135444851], [-116.37661611872089, 31.261734810226358], [-116.37897416513422, 31.26382397735898], [-116.37976176612626, 31.264285591897014], [-116.38124311021278, 31.264324665198743], [-116.38205593425265, 31.26458735832036], [-116.3827830973508, 31.2650613457502], [-116.38416138963686, 31.266439004605466], [-116.38592219084595, 31.26917062530054], [-116.38843490175522, 31.273762985195525], [-116.38930662766334, 31.27638758076484], [-116.38965688419367, 31.27693961658105], [-116.38990244466495, 31.27691677335117], [-116.38990540852642, 31.278283961199318], [-116.39105410421143, 31.28187747299578], [-116.39237708452113, 31.283556421184837], [-116.39476751705205, 31.28457307580411], [-116.39525537392866, 31.284652733834758], [-116.39638599964884, 31.2844453877617], [-116.3963212786207, 31.2847518619377], [-116.39654970707294, 31.284959351284545], [-116.39792979419441, 31.285418111427774], [-116.39864934258911, 31.285357196750056], [-116.39901387722475, 31.284768043320177], [-116.39855130856239, 31.28436448637916], [-116.39873785945585, 31.284303571999267], [-116.39929370102236, 31.284669056936337], [-116.3996268256074, 31.284379714127436], [-116.39944218037772, 31.283930471813374], [-116.39991045780388, 31.28372108036059], [-116.40048914176354, 31.28475852498312], [-116.40018457067734, 31.28566843111026], [-116.4004297641505, 31.285779263552804], [-116.40091173546111, 31.2853714742585], [-116.40152277952262, 31.286045337160957], [-116.40127722013703, 31.286473640434497], [-116.40172836545726, 31.28800220592879], [-116.4021795118943, 31.288411473422997], [-116.40298662518055, 31.288264897976784], [-116.40353104533395, 31.28867226191081], [-116.40446950521775, 31.289938135234745], [-116.40567606739215, 31.290518285572272], [-116.40672713682639, 31.29136200487952], [-116.40677853408786, 31.29215008225772], [-116.40703551595415, 31.291929268567717], [-116.40697746651709, 31.29152259425525], [-116.40778742548386, 31.291539036847443], [-116.40922462033387, 31.29229284983657], [-116.40952538415257, 31.291801729505302], [-116.41165928353826, 31.2912211414704], [-116.41256332862856, 31.292189579154083], [-116.41385029218473, 31.292338536342804], [-116.41460791223477, 31.292974327701852], [-116.41450702287165, 31.29237660742856], [-116.41377605297004, 31.29174842957395], [-116.41474496888979, 31.292136757447366], [-116.41500004726315, 31.29234805406961], [-116.41462294505263, 31.2932939315856], [-116.41519421227703, 31.29340263147226], [-116.41562061064631, 31.293783343875177], [-116.41626584430689, 31.29361875891807], [-116.41583502298816, 31.292718786078417], [-116.41647056978995, 31.29281111986022], [-116.41738476629641, 31.294098396918884], [-116.41738012618353, 31.294390713841345], [-116.41707543575252, 31.294605697985254], [-116.4162426068432, 31.294278516006553], [-116.41560266001368, 31.294272449608474], [-116.41507156856709, 31.295074460271167], [-116.4153302962352, 31.295408207326517], [-116.41541314346907, 31.29511359407221], [-116.41589922004322, 31.296338842031286], [-116.41556751484396, 31.296693929675186], [-116.41553057948062, 31.297054229129326], [-116.41606416453844, 31.298806518531624], [-116.41606226130828, 31.299708810072236], [-116.4172702943498, 31.302785092925916], [-116.41759799475588, 31.302867398935867], [-116.41742140931169, 31.302781169802852], [-116.41754264720691, 31.302440679792475], [-116.41820285879969, 31.303515328184645], [-116.4181410892259, 31.303690930380352], [-116.41867127048116, 31.304171696222507], [-116.41887954347054, 31.30392521394549], [-116.42026321769018, 31.305392541235236], [-116.42038500548674, 31.305324790781082], [-116.4212179879919, 31.30610235567033], [-116.42144936079947, 31.30581736227099], [-116.4218605318633, 31.30592205814234], [-116.42233452081182, 31.307073717160765], [-116.42303313037114, 31.30737448124454], [-116.42358706919968, 31.307998852343264], [-116.42457311701189, 31.30855278990384], [-116.42513086323736, 31.30939797524022], [-116.42518649041857, 31.309842828701655], [-116.42540778712662, 31.309955294219474], [-116.42556487684682, 31.309723485432393], [-116.42536500190803, 31.309337061235535], [-116.42548492710151, 31.30921713583559], [-116.42609597330906, 31.30977107458366], [-116.42790366665756, 31.310022971971794], [-116.4281273369862, 31.310348958487786], [-116.42860487577572, 31.310026151986897], [-116.42907505835329, 31.310441129835844], [-116.43016009160158, 31.310869433356988], [-116.43222231153008, 31.312096878230165], [-116.43297422048545, 31.311992181988114], [-116.43333589862101, 31.312844029556516], [-116.43354774911332, 31.31442021575848], [-116.4333526334346, 31.314617711252488], [-116.43376515355055, 31.314618630756385], [-116.43459463407183, 31.315573270839142], [-116.43464395623498, 31.316677547977132], [-116.4354607578527, 31.318392931978213], [-116.43626263602457, 31.31931378431578], [-116.43693055133298, 31.32049756471852], [-116.43719133989669, 31.321099093302067], [-116.4370028859568, 31.321495036578963], [-116.43802510274605, 31.32183196724366], [-116.43820213470687, 31.322083238456937], [-116.43783081337226, 31.32240228766626], [-116.43785897858166, 31.322748650479664], [-116.43825733793926, 31.32292842332766], [-116.43887790164412, 31.322852279852654], [-116.43886756183392, 31.32334453185425], [-116.44000100749068, 31.324080082018934], [-116.4401932678623, 31.32502996314965], [-116.44098895869683, 31.324769174154326], [-116.44139251619791, 31.324944302596972], [-116.44186650518392, 31.32414099642659], [-116.44272371911813, 31.323928335791116], [-116.44448640024208, 31.32309121968227], [-116.44550993516705, 31.323389086589586], [-116.44572233875625, 31.323604799224714], [-116.44536794925764, 31.32386685945897], [-116.44564508868886, 31.32408198609934], [-116.44566296693934, 31.324482060181627], [-116.44621362029213, 31.32433780944171], [-116.44638176976937, 31.324738716864406], [-116.44732157894052, 31.32462631004143], [-116.44718213447236, 31.326162762854118], [-116.447274858705, 31.32660067715625], [-116.44748137815792, 31.326739308569838], [-116.44760510965916, 31.32648423033929], [-116.4477535894571, 31.32660796192279], [-116.44767166027084, 31.32769688850301], [-116.44812670648588, 31.327285960836168], [-116.44850945960076, 31.327579379043385], [-116.44882720068328, 31.329046433308978], [-116.44804797755101, 31.329518738505847], [-116.44799200024534, 31.33009493879627], [-116.44883100925385, 31.33073680282001], [-116.4507060244042, 31.331374498182175], [-116.45194098229403, 31.331461915006713], [-116.45292368246614, 31.331283126967552], [-116.45299877140776, 31.330997106410287], [-116.45266433927863, 31.33046016238124], [-116.45281137054012, 31.329779307231547], [-116.45350236575358, 31.329156840007734], [-116.4541313208388, 31.32940395951292], [-116.45532598530406, 31.32867714128825], [-116.45549540252169, 31.328739958957478], [-116.45576951741914, 31.3294518936832], [-116.45517369956008, 31.329510904244902], [-116.45527473701587, 31.329792745899677], [-116.45678031245235, 31.330687310138487], [-116.45683114546281, 31.331256752144775], [-116.45722814495642, 31.33152378146631], [-116.45701242734431, 31.331835242939068], [-116.45726222974503, 31.33263238016391], [-116.45687168347327, 31.33277933200958], [-116.45642324376185, 31.332600614396792], [-116.45510573863211, 31.332678779055446], [-116.45413263012168, 31.332467179768933], [-116.45296952034093, 31.334260828805245], [-116.45298068020016, 31.3360102887957], [-116.45443180807477, 31.34356810323685], [-116.45487864648578, 31.345040219174418], [-116.45570860287262, 31.346700131268896], [-116.45675113176159, 31.34806507851115], [-116.45751105964582, 31.348722649707472], [-116.45832359589437, 31.34900830203372], [-116.45898274088383, 31.34779087646324], [-116.46014201438757, 31.3475053401478], [-116.46021815683814, 31.3477223473636], [-116.45965886104496, 31.348050703480627], [-116.46066264092732, 31.347983766826204], [-116.4611604243926, 31.347674757843], [-116.46120945010304, 31.348017024265168], [-116.46198952257451, 31.34826259624249], [-116.46205700483429, 31.34749582248841], [-116.46223928975066, 31.347422149847294], [-116.46336475616872, 31.34783275372337], [-116.46439839367454, 31.348656999240397], [-116.46443646632154, 31.349113856057183], [-116.46363001077393, 31.349909391916], [-116.46411476318879, 31.349871476108657], [-116.46453735480554, 31.3501094218022], [-116.4666255696695, 31.34984673019361], [-116.46601812913501, 31.350280951971882], [-116.46625748862044, 31.35061263143882], [-116.46710336648937, 31.350750925448157], [-116.4672632649896, 31.35127250351601], [-116.46785770890496, 31.35173741959873], [-116.46715095473013, 31.352372765908868], [-116.46820172462739, 31.35322746840499], [-116.46847347289945, 31.354606657012653], [-116.4691644680357, 31.35502734629826], [-116.46926583822636, 31.35572409041047], [-116.46850441224178, 31.356596370371022], [-116.46829358543043, 31.357447257974272], [-116.46866097391305, 31.357826067896994], [-116.46901037985495, 31.35887402011449], [-116.46824425049024, 31.35945451022625], [-116.46861719185178, 31.3602416971164], [-116.47035515022537, 31.361353380826547], [-116.47116035983893, 31.361627495346568], [-116.47215402267135, 31.36161036284563], [-116.47249476209136, 31.361418101784803], [-116.47265466070506, 31.360449185754344], [-116.47299540027562, 31.36003801478503], [-116.47323034192011, 31.360567290435593], [-116.47362167393878, 31.360329261220926], [-116.47382559204928, 31.36067468548148], [-116.47428602026824, 31.360772791947582], [-116.47453919513073, 31.361098302177044], [-116.47477904420393, 31.36103358148981], [-116.47527153939109, 31.36219138584408], [-116.47629238051054, 31.36235656118722], [-116.47675685222215, 31.362914307019686], [-116.47785163566057, 31.362710782125188], [-116.47829874331802, 31.36316938505953], [-116.47860331424567, 31.36453995497636], [-116.47905350800616, 31.36487498335355], [-116.48041265604378, 31.36460658029172], [-116.48096049014158, 31.365060229230494], [-116.48115910877075, 31.365679020321615], [-116.48107401870126, 31.366214799689196], [-116.48219630046073, 31.367326779726326], [-116.48314711205107, 31.367815129258176], [-116.48397728138849, 31.367019692183028], [-116.48498502746226, 31.36708312297854], [-116.48502119570023, 31.367442896753875], [-116.48483436244805, 31.3675163479597], [-116.48557491007647, 31.36828544623786], [-116.48616143386833, 31.368491764027414], [-116.48617856640423, 31.36865547124266], [-116.48590101384559, 31.368751547454444], [-116.48616314891915, 31.369171849109655], [-116.48681571030392, 31.369628292390964], [-116.48683529725064, 31.36939691110401], [-116.48748631828188, 31.36932838193136], [-116.48762718197433, 31.36958917100775], [-116.48720120532369, 31.370034789602276], [-116.48761100048414, 31.371330915801344], [-116.4878967754591, 31.37147965330573], [-116.48788177967405, 31.371945479970595], [-116.4875027360887, 31.37207356628649], [-116.48707925035679, 31.371820479381157], [-116.48612942006417, 31.3725004493171], [-116.48562942999592, 31.373406318797556], [-116.48539510919075, 31.374891519752833], [-116.48675994858674, 31.379984150434627], [-116.48730779874656, 31.381116889722463], [-116.48753496048161, 31.38221064508382], [-116.48844833405468, 31.382827777794212], [-116.48923070085293, 31.38270975755602], [-116.48968375009224, 31.38284300724705], [-116.49074827369526, 31.38376634607506], [-116.49098388736361, 31.383743394857326], [-116.49134776867858, 31.384247569201403], [-116.4904674894638, 31.384784890391607], [-116.4904719491078, 31.385956049561695], [-116.49135719940547, 31.3866930330003], [-116.49159704755861, 31.387602939400747], [-116.4915018705118, 31.387896089543226], [-116.49104325865042, 31.38804887925275], [-116.4907080003426, 31.389330739615485], [-116.49113007096591, 31.389590244604737], [-116.49115594401684, 31.389852652071436], [-116.49208816934095, 31.390149913863347], [-116.49257738597977, 31.390751442212846], [-116.49232999617436, 31.390948102782207], [-116.49292750253744, 31.39135940158997], [-116.49282484997966, 31.39169941951234], [-116.49206096870854, 31.392327050211808], [-116.49220431311034, 31.392440772403898], [-116.49273918959263, 31.39225335862771], [-116.4931294210809, 31.392607422582124], [-116.4930589892101, 31.392852982404964], [-116.4934149568902, 31.393043338756613], [-116.49319759504918, 31.3932364157833], [-116.49298284639534, 31.393079506921097], [-116.49306711651307, 31.393295934517734], [-116.49354240463599, 31.39341339997325], [-116.49365480592462, 31.393144227997656], [-116.49417638359672, 31.393239407288412], [-116.49458742844521, 31.3936544010518], [-116.49517039526279, 31.393651984145418], [-116.49548984684262, 31.39384854901265], [-116.49526903282724, 31.394467208258693], [-116.49631491641448, 31.39469418808733], [-116.49622776417674, 31.39567474649876], [-116.49575612836456, 31.395752010890305], [-116.49519834951558, 31.395390569376318], [-116.4950274204038, 31.39592515020534], [-116.495590517896, 31.396443005821794], [-116.49672099830906, 31.398241256120404], [-116.4973227646011, 31.399709530141564], [-116.49762543341366, 31.399806611882948], [-116.49775392443952, 31.400251095444204], [-116.49759973445342, 31.401174325935106], [-116.49836850847359, 31.402210160322156], [-116.49840875095539, 31.402702892187484], [-116.50105471209204, 31.40470544698078], [-116.50200756874042, 31.40584090943885], [-116.50162626103733, 31.40610092578476], [-116.5020950117226, 31.406373449227225], [-116.50163054229843, 31.406569515927018], [-116.50164941222545, 31.407556684865344], [-116.50187229464893, 31.407563179360892], [-116.50182586356051, 31.407809031547565], [-116.5001205786372, 31.40795114986183], [-116.50016265994832, 31.409591380219698], [-116.50063405028729, 31.410756820002803], [-116.50174867962924, 31.411323459739275], [-116.50218806169613, 31.41226554323826], [-116.5026586763535, 31.412658373481214], [-116.50314203207904, 31.412872634825483], [-116.50461324719255, 31.41289394915455], [-116.50620966011985, 31.413317620396622], [-116.50631932044669, 31.413776729227965], [-116.50681900733622, 31.41426451949616], [-116.50730679742733, 31.414481049930746], [-116.5084221386337, 31.414480950593443], [-116.50926509258643, 31.415173472974505], [-116.50976715891883, 31.415180611160356], [-116.51009915890717, 31.41467879386858], [-116.510764152698, 31.41448223899852], [-116.51104760741688, 31.414638985729297], [-116.51291964777275, 31.414565818574996], [-116.51265195764267, 31.414828152960965], [-116.51185504391879, 31.41491965], [-116.51234322308183, 31.41519577984949], [-116.51182873887278, 31.415693770590046], [-116.5117442318587, 31.417427489822053], [-116.51227558397088, 31.419254597401864], [-116.51282791949929, 31.41962219953767], [-116.51292497971406, 31.420298309290406], [-116.51340852085845, 31.42089256436524], [-116.51382657940495, 31.421180124703515], [-116.51444714293632, 31.420997382301167], [-116.51429866382911, 31.421351446605254], [-116.51380506618128, 31.42137989756427], [-116.51428759728137, 31.42261314515652], [-116.51520113337881, 31.422767793014472], [-116.51463940330751, 31.423038008035686], [-116.51490780650177, 31.42355197109723], [-116.51559499492004, 31.423909841854382], [-116.51595836594585, 31.42456309889366], [-116.51638497561808, 31.42441381196236], [-116.51657354599404, 31.424627651377502], [-116.51704557916028, 31.424635819403495], [-116.51727541897102, 31.425124490584725], [-116.51618482938547, 31.425431229138976], [-116.51682438158299, 31.426553558737226], [-116.51714164440413, 31.426738545687282], [-116.51770557659229, 31.426631469864287], [-116.51817432955828, 31.426757581321688], [-116.51851979757151, 31.427287123262165], [-116.51952544965805, 31.428085200471585], [-116.5198297495326, 31.428912134284356], [-116.52059557887155, 31.429213860224444], [-116.52012786756427, 31.429651005849127], [-116.52184108016598, 31.431970980212437], [-116.52220076919646, 31.43200668040603], [-116.52234184970106, 31.432292380222865], [-116.52127367921499, 31.4330597398588], [-116.52174114193603, 31.434486071167456], [-116.52223504372523, 31.434822632579916], [-116.5228537035757, 31.434848807292237], [-116.52278945902685, 31.434972670931714], [-116.52345802954258, 31.434876540028156], [-116.52353477680937, 31.43503249652146], [-116.52401964014611, 31.434615619213], [-116.52359980248242, 31.435164633215056], [-116.52467399179687, 31.43673334030616], [-116.52558532481588, 31.43696890662209], [-116.52639294018755, 31.4362619800247], [-116.52817130934861, 31.437000249557368], [-116.52835118028229, 31.438036940358305], [-116.52989861966233, 31.438202969315075], [-116.52918576966867, 31.439231169313345], [-116.53063477927742, 31.440084260408206], [-116.53153745954474, 31.439648650204155], [-116.53272753864378, 31.439936379065873], [-116.53252316875599, 31.44066905055616], [-116.53328688915374, 31.44165114926853], [-116.53530066541849, 31.44258205492912], [-116.53681162243225, 31.44272720255581], [-116.53810385461182, 31.4433299668012], [-116.53826826611518, 31.44315457396114], [-116.53853644941213, 31.44349261457594], [-116.53952746686191, 31.44386523460843], [-116.53975714949473, 31.443652957306398], [-116.53997290684318, 31.443705458097526], [-116.53991107694411, 31.444009468825946], [-116.54106022834026, 31.445110724506343], [-116.5413825673765, 31.445085247898305], [-116.54169493773615, 31.444444605905804], [-116.54222251674653, 31.44558493535271], [-116.54449278710686, 31.446952806884738], [-116.54545018100768, 31.44708782627156], [-116.54580149137803, 31.446426946043687], [-116.54611703906195, 31.446275868481347], [-116.54666372955481, 31.44665287377865], [-116.54721013159093, 31.446662511810366], [-116.54728642259464, 31.446011469283008], [-116.54751537468316, 31.446712232148194], [-116.54802226576943, 31.446801608337022], [-116.54809767057999, 31.4466196822839], [-116.5482380589207, 31.44681241809437], [-116.54896617430322, 31.449163326321603], [-116.54870102021849, 31.44922365123471], [-116.54868726736203, 31.449546788190634], [-116.54994740853216, 31.450086262198173], [-116.55002593128867, 31.450325398211834], [-116.54985996352244, 31.450266506557014], [-116.54978144124179, 31.4505609654523], [-116.55041497321942, 31.45149609313979], [-116.55018801806413, 31.451645984760408], [-116.5506077092167, 31.45211356319181], [-116.55185367348716, 31.452932031851322], [-116.55485416439855, 31.45421140861367], [-116.55505592940035, 31.454044313795052], [-116.55524152716082, 31.45413711273224], [-116.55567361015318, 31.45443296034868], [-116.55599456787701, 31.455281005397556], [-116.5566063581362, 31.455289566319784], [-116.55663491184701, 31.45557034328367], [-116.55637555072377, 31.45579639088053], [-116.55715125486932, 31.456574475139647], [-116.55791842001936, 31.45644994957717], [-116.55806972721886, 31.45664348049471], [-116.55898581853104, 31.456438846423048], [-116.55882589301412, 31.456682285438053], [-116.55932702471061, 31.4574331546949], [-116.55966276909086, 31.457259667151927], [-116.56011844255349, 31.458040223304607], [-116.56130817304485, 31.459037217361143], [-116.56172695791847, 31.4591585698022], [-116.56182451647089, 31.459020561172405], [-116.56209873277535, 31.459205096003213], [-116.56238071956957, 31.45908753982003], [-116.56370893888369, 31.459869379649078], [-116.5636139190926, 31.460828780080718], [-116.56379041716339, 31.461275588796475], [-116.56435150376613, 31.461435713818418], [-116.56467011024824, 31.461153196066387], [-116.56515506123192, 31.461260554923197], [-116.5652256190571, 31.46162428486092], [-116.565679243267, 31.462009163700916], [-116.56725206734356, 31.462623064792826], [-116.56860122063179, 31.463686684601605], [-116.57098068147216, 31.464874034892116], [-116.57471570884314, 31.46604306503614], [-116.57590943565674, 31.466204659024445], [-116.57729669318705, 31.466307233775247], [-116.5786067505036, 31.465953659027093], [-116.57990421978458, 31.466255804589633], [-116.5826410200091, 31.466441306120398], [-116.58365915787402, 31.46553067416083], [-116.58446802675226, 31.465940474151726], [-116.58536550306545, 31.465839302799274], [-116.58623162656235, 31.465620392433493], [-116.58669712826604, 31.465065448287234], [-116.58940793456235, 31.46442470025111], [-116.58991336670853, 31.463955007593903], [-116.58940820734519, 31.463531224929223], [-116.59052319576834, 31.462668275411346], [-116.59091342740916, 31.462592132331693], [-116.5915225685578, 31.46293001634365], [-116.59299643405754, 31.46324093137107], [-116.5950662535667, 31.4615868634974], [-116.59572115514118, 31.461440393034206], [-116.59664305040933, 31.460674369664694], [-116.59719017864457, 31.460748480003737], [-116.59642736615952, 31.461591137163204], [-116.59810891738138, 31.462744418424894], [-116.59891793377204, 31.462808663107037], [-116.59988997081565, 31.4625539809208], [-116.6000467769916, 31.46276979782389], [-116.60068247911738, 31.462599019718578], [-116.60245953885112, 31.463284711625203], [-116.60321452016883, 31.464030660880894], [-116.60389540008809, 31.465324649260637], [-116.6032770793952, 31.465566629139893], [-116.6032753188774, 31.466499395434063], [-116.60382655114343, 31.46698739245582], [-116.60467434024758, 31.466868879110322], [-116.60477807940981, 31.46810228903822], [-116.60367381992192, 31.468608109957966], [-116.60369347960298, 31.469459800223085], [-116.60317305867052, 31.47017236951802], [-116.60436690024471, 31.473152180429093], [-116.60338337990153, 31.47453440013806], [-116.60349084879746, 31.475860119373092], [-116.60332807515391, 31.476337297628923], [-116.60407214076666, 31.479261293174204], [-116.60449515325975, 31.479799322576373], [-116.60528774854373, 31.480087969996433], [-116.60502484223385, 31.481239471104374], [-116.6061545198144, 31.48172659893305], [-116.6067440505521, 31.48239442950769], [-116.60596625882741, 31.482705170474897], [-116.60609438754972, 31.483267269187078], [-116.60645368718941, 31.483105465389983], [-116.60662500798979, 31.483471902589066], [-116.60644179029036, 31.48357184023755], [-116.60644395952481, 31.48399366899215], [-116.60675515822615, 31.484962304304464], [-116.60616894935403, 31.486072169132193], [-116.60630853976868, 31.486707969569252], [-116.60617352156021, 31.48723562715865], [-116.60823024902054, 31.49612085962084], [-116.60866553320817, 31.4972266459698], [-116.6103452890221, 31.498074085741123], [-116.61089161326619, 31.498100736443316], [-116.61263448457306, 31.49921376442896], [-116.6135749734307, 31.49950072013684], [-116.61420103093742, 31.50007966649131], [-116.61394383090582, 31.500333751952006], [-116.61427961788426, 31.500660713844134], [-116.61476470400822, 31.50062620516592], [-116.61517872968757, 31.501351940918056], [-116.61572578969701, 31.501785263792073], [-116.6169228752663, 31.50236321187042], [-116.6180100732269, 31.50254288413582], [-116.61843593079395, 31.503201470817686], [-116.61900183176405, 31.503231975858267], [-116.62001415018098, 31.50370656956191], [-116.62043165892835, 31.504577260202087], [-116.62132371004765, 31.505372739274442], [-116.62021274050929, 31.506187829858476], [-116.62015894174273, 31.506974607417924], [-116.62157164956015, 31.507179977811145], [-116.62242251976241, 31.507833719716363], [-116.62198092147815, 31.508420908788235], [-116.62228802980621, 31.50893901978752], [-116.62212139876632, 31.50953956945845], [-116.62242957893463, 31.510125339415016], [-116.62330383724515, 31.510990417077295], [-116.6246503928881, 31.51175107849415], [-116.62540348053126, 31.511648690417193], [-116.62555916920122, 31.51215634905439], [-116.62695658283494, 31.51344357633883], [-116.62776369929226, 31.513584749699387], [-116.62900577814287, 31.513118375334706], [-116.63097108955157, 31.515262649980578], [-116.63193845006307, 31.515653318746658], [-116.63416682862875, 31.517175355779187], [-116.63710292343737, 31.518354892868093], [-116.63814227078096, 31.518113139992522], [-116.64067021115522, 31.51698432376931], [-116.64194369752634, 31.5168586883214], [-116.64375779872337, 31.51568799360349], [-116.64440882028167, 31.51563850128021], [-116.64530800331072, 31.515229866123317], [-116.64703607889057, 31.515420649155867], [-116.64845937872835, 31.516063799398346], [-116.64657349005107, 31.51706225927173], [-116.64590205980372, 31.517998318883915], [-116.6460646287708, 31.518665780009066], [-116.64668066854173, 31.519344188064863], [-116.64709856283861, 31.519285738488243], [-116.64883090991171, 31.51985642005124], [-116.64953567864934, 31.52109028952099], [-116.651698151775, 31.520850994038117], [-116.65224437959509, 31.522037488907262], [-116.65273773983284, 31.52182579982823], [-116.65308177907635, 31.5223467093846], [-116.65289805967713, 31.522733819154965], [-116.65362237995821, 31.523389398732224], [-116.65603713026702, 31.52675883433002], [-116.65720391050411, 31.526985250334764], [-116.65883558940695, 31.528242961222237], [-116.65930028938342, 31.528063448886964], [-116.66019990888151, 31.528861288893673], [-116.65945957872624, 31.529144490023107], [-116.65932942001842, 31.530365018855854], [-116.65971907874591, 31.530968140117455], [-116.6593333388535, 31.53245928998874], [-116.65987853736918, 31.532494838247178], [-116.659390948815, 31.53282504893728], [-116.65938250843772, 31.533828248875693], [-116.6604996001469, 31.535832543353525], [-116.66155807131696, 31.535719248062644], [-116.66327318673032, 31.535928639850763], [-116.66414439906745, 31.53633573893661], [-116.66487728976396, 31.53724171032377], [-116.66472860006193, 31.537950993123125], [-116.66522815171847, 31.5381710442734], [-116.66582764967336, 31.53962236977829], [-116.66652319984757, 31.540186539708706], [-116.66675431973817, 31.54117025012698], [-116.66460630967617, 31.54221479910426], [-116.6646528292369, 31.542548831503552], [-116.66499591553989, 31.542827174137848], [-116.66537472666272, 31.54269963516285], [-116.66530376217759, 31.542991503707324], [-116.66582811933178, 31.543258179227486], [-116.6659872603355, 31.543580849235262], [-116.66544271927721, 31.54523150917941], [-116.66480050891273, 31.54530834052636], [-116.66456731138645, 31.546676105373756], [-116.66487408812085, 31.546999796795344], [-116.66531646716142, 31.5468634767822], [-116.66562599760235, 31.547502339499434], [-116.6655491857968, 31.548675170338544], [-116.66622181464152, 31.54964575706275], [-116.66742974805527, 31.551073077001035], [-116.66916631573913, 31.5526318851021], [-116.67042715552458, 31.55314868136761], [-116.67297345285063, 31.553193437812137], [-116.67308848059977, 31.553476099069062], [-116.67287135467619, 31.55361340716724], [-116.67350858883518, 31.55416187940264], [-116.67425122449035, 31.554069080058696], [-116.67508403458616, 31.55437841017317], [-116.6763461831888, 31.554140083391154], [-116.6772741731935, 31.55462109091041], [-116.67847437333795, 31.55476183610999], [-116.68006896922769, 31.553841580246427], [-116.68056127554567, 31.552855012368454], [-116.68018770038765, 31.552486196005592], [-116.68010203951624, 31.551996026839284], [-116.68081615699174, 31.550790183366164], [-116.68097237988889, 31.551935569390107], [-116.68119659176293, 31.55198650953387], [-116.68149878328806, 31.551846121269072], [-116.68198923134027, 31.550982918745458], [-116.68240131656823, 31.551821655599642], [-116.68280499222757, 31.551320540847655], [-116.68428023356807, 31.551108850838308], [-116.68460683854381, 31.550480710430136], [-116.68503526135066, 31.550432763845446], [-116.68551936150939, 31.550653934760483], [-116.68507702072077, 31.551147316202513], [-116.68521305949741, 31.55124745034152], [-116.68610554253158, 31.551238567762947], [-116.68666388342265, 31.55103905080618], [-116.68656825500001, 31.551282693753752], [-116.68703511023311, 31.55154114874694], [-116.68721907872988, 31.551985859042645], [-116.68716170876645, 31.552256289886948], [-116.68668922990811, 31.55233278002658], [-116.68718509085645, 31.55309222431563], [-116.68782696354673, 31.552905856920532], [-116.68812586057126, 31.55313871131603], [-116.68946177193517, 31.552978548753984], [-116.68958595420415, 31.55339201052093], [-116.6898779246352, 31.553470850008846], [-116.69092954293252, 31.55316569429031], [-116.69110740833864, 31.553264679092173], [-116.69114143376407, 31.55349203709042], [-116.69039835074204, 31.553686392431064], [-116.69108305949278, 31.55421181899814], [-116.69104854028048, 31.5549850898255], [-116.69036810877122, 31.555348017033776], [-116.69007733868571, 31.555190258621394], [-116.68945558624256, 31.55532172411285], [-116.68920502903919, 31.555743959325927], [-116.68990828950984, 31.555970539571142], [-116.68959774885361, 31.556463379074078], [-116.68868539933916, 31.556992430096848], [-116.68885834014007, 31.55751133957469], [-116.68974137947548, 31.557902580060144], [-116.68993798053533, 31.558283920025957], [-116.68829350906371, 31.558537770383925], [-116.68856491291602, 31.5590249661779], [-116.68802198311404, 31.558950292721097], [-116.68792248961444, 31.559101450249], [-116.68810680050056, 31.560434549003755], [-116.68881314896194, 31.561915719090997], [-116.6885455406024, 31.56238228999365], [-116.68903871938183, 31.563047879873892], [-116.68860003785245, 31.56371167434051], [-116.6898545096242, 31.56526693938949], [-116.68985497998715, 31.56658239906027], [-116.68912353951458, 31.56708108991549], [-116.688776920241, 31.567794078889676], [-116.68906964856879, 31.568285416189525], [-116.69031048608218, 31.568221106252807], [-116.69035617146218, 31.568415270183095], [-116.68996974700013, 31.568563748918915], [-116.69026688238407, 31.569073964986213], [-116.69055836561932, 31.56917211710073], [-116.69041559854378, 31.569674779424915], [-116.69232619884055, 31.57098216941716], [-116.69208040031309, 31.571367799680395], [-116.69156543311361, 31.571184892054287], [-116.69145581112042, 31.57140458320999], [-116.69032815273697, 31.571500420275573], [-116.687302420579, 31.571154871742397], [-116.685267443802, 31.571162538847695], [-116.68467487974509, 31.571557199508977], [-116.68460525032798, 31.572021320089753], [-116.6833682299605, 31.57250931259572], [-116.68304928635465, 31.572349108572983], [-116.68289800433375, 31.57197445648302], [-116.68198576315758, 31.571733607526053], [-116.68202553223614, 31.571275141015285], [-116.68154077889288, 31.571209658953347], [-116.68114445065586, 31.571377950278254], [-116.67960392289778, 31.5733373640259], [-116.67894049156513, 31.57340780813125], [-116.67821945045583, 31.573190319179968], [-116.67742714922736, 31.573399920153406], [-116.67665108022999, 31.574349850422337], [-116.6770521200414, 31.57504322992532], [-116.67653112001418, 31.575005769517503], [-116.67603473063164, 31.576694783050034], [-116.6756699716811, 31.576927044354967], [-116.6755114509482, 31.577411786527822], [-116.67583718738004, 31.577812128329633], [-116.6762679175121, 31.57792972428036], [-116.67634644004849, 31.57833185329029], [-116.6750168959927, 31.578254338378542], [-116.6742916189788, 31.578808769481626], [-116.67280574918227, 31.579270478997575], [-116.67192903691983, 31.57930988232322], [-116.67181198608641, 31.579598887781035], [-116.6705798491768, 31.57913780035985], [-116.67038479917613, 31.57868066135756], [-116.66964349923038, 31.57827950436237], [-116.66939603466861, 31.578334232110358], [-116.6687074610206, 31.577826402210082], [-116.6676182801119, 31.578000260477587], [-116.66702496902464, 31.5786455597998], [-116.66763999305192, 31.579390713058693], [-116.66635782810948, 31.579618715246404], [-116.66635508389304, 31.57993085009828], [-116.66519317601364, 31.57967111708898], [-116.66491313021594, 31.579880882507982], [-116.66480714678048, 31.579632131623537], [-116.66453767486938, 31.579594155618388], [-116.66469659852766, 31.579766667920904], [-116.66403748908238, 31.579719078102194], [-116.6634309615938, 31.579438184710693], [-116.66309284320589, 31.57955251637353], [-116.66282158419826, 31.57941212817128], [-116.66232665635721, 31.57967386895131], [-116.66219591856942, 31.579369945591424], [-116.66180911570073, 31.579349122580755], [-116.66154143349908, 31.57970956100231], [-116.66128921054295, 31.579495409527663], [-116.66141272653311, 31.579269069807875], [-116.65851820743724, 31.578848104439803], [-116.65732630056215, 31.578992858588585], [-116.65690260455915, 31.57873837792375], [-116.65578761606953, 31.579141086125254], [-116.65377212344224, 31.579186137449344], [-116.6526865651048, 31.580327613118296], [-116.65156973719866, 31.58240900824332], [-116.65042745009015, 31.58605911928532], [-116.65075337054144, 31.5880935917828], [-116.65145752038781, 31.588938566336022], [-116.65368490852792, 31.590609179060888], [-116.65400865986791, 31.591543320087343], [-116.6540161801744, 31.59254152019392], [-116.65461024126115, 31.593947437466273], [-116.65659874994516, 31.594501950345812], [-116.65865055135602, 31.59573174802394], [-116.66026725053548, 31.597467582014897], [-116.66206555262379, 31.59850179822075], [-116.66394810914889, 31.60008387945111], [-116.66467080395857, 31.602453553767493], [-116.66481272971956, 31.60461827438033], [-116.66601797439633, 31.605377450264136], [-116.66611768855644, 31.605578149921058], [-116.66569539960518, 31.606732308904398], [-116.66612721965572, 31.60806897978172], [-116.66715804975162, 31.609248690043383], [-116.6664971349285, 31.610304630512733], [-116.6668535608461, 31.610515585218838], [-116.66716182277187, 31.61040933278215], [-116.66651818696813, 31.61170295463112], [-116.66699728887012, 31.612823349334047], [-116.66634822456989, 31.613549228118586], [-116.66659737253195, 31.614621826975917], [-116.66715154014364, 31.615496290300758], [-116.66706885399081, 31.61607067666765], [-116.66743910880481, 31.61614210759083], [-116.6674940671206, 31.616414244704053], [-116.66698588955866, 31.61664696888928], [-116.66696441923237, 31.61699637928052], [-116.66761885022444, 31.617854679781477], [-116.6674777696857, 31.618432859072374], [-116.66654602478881, 31.61919131875716], [-116.66694917037485, 31.61946406722476], [-116.66683019731039, 31.619949477236556], [-116.66651134921288, 31.62024691042023], [-116.66626331803488, 31.62014855019169], [-116.66593411063714, 31.620445547047254], [-116.66598548789156, 31.62071566403138], [-116.66556439465464, 31.62076422980832], [-116.66492003027822, 31.62141030954966], [-116.66307461989196, 31.62379688876732], [-116.66219865027838, 31.625471419915662], [-116.66231288937028, 31.62606439954007], [-116.66084791932893, 31.62826525009909], [-116.66008794032626, 31.628401678935884], [-116.65923825945251, 31.629649740166016], [-116.65941502029463, 31.630595459397135], [-116.65858671931458, 31.631390369134493], [-116.65878764897074, 31.63203757921966], [-116.65804606848172, 31.63281657103392], [-116.65698313927653, 31.636358519627294], [-116.65422258039935, 31.642327489755367], [-116.65438266052816, 31.642763849247807], [-116.65357514033886, 31.644467980356918], [-116.65322251891209, 31.646132279370853], [-116.6517569487507, 31.65056984952477], [-116.65164691031444, 31.65187917985007], [-116.65002171915965, 31.65888422011924], [-116.649855549402, 31.661971199619508], [-116.65030742049626, 31.66249965920191], [-116.6503769390115, 31.66336808898437], [-116.6499310202785, 31.664539400472126], [-116.65112738660223, 31.666663399154466], [-116.65216679991228, 31.666892029544886], [-116.6544917741498, 31.669636526547432], [-116.6548189683486, 31.669768551526317], [-116.65496577453874, 31.67108850908984], [-116.6562788418185, 31.670784440772017], [-116.65694604855771, 31.670945880248023], [-116.657328518797, 31.67186468911257], [-116.65833063005306, 31.6723840499549], [-116.65860003001295, 31.673200279278728], [-116.6576874497781, 31.673618770286748], [-116.65685734857647, 31.673604919015183], [-116.65730425876076, 31.67480367965545], [-116.65786046954202, 31.675075085002856], [-116.65897215377962, 31.6749494490137], [-116.65940807129417, 31.675061760520336], [-116.6591971988447, 31.675278788403425], [-116.65978417957677, 31.675389479138463], [-116.66237068891904, 31.676767049433547], [-116.66351665061588, 31.67817285044442], [-116.66422948208901, 31.67825960540008], [-116.66450202094771, 31.678116988470048], [-116.66542715634996, 31.67874149876274], [-116.66617679990978, 31.679968288744718], [-116.66605463025229, 31.68189056910044], [-116.66771579950829, 31.68326564900795], [-116.66848644810928, 31.684225137429717], [-116.6691452188356, 31.685519830374044], [-116.66956713133392, 31.68562774624471], [-116.66966206007939, 31.685977244354277], [-116.6719698606413, 31.688146970157902], [-116.6725574586753, 31.689572540549065], [-116.67387571880997, 31.69020792030926], [-116.67492119861234, 31.691264978974903], [-116.67592605852933, 31.691957628845877], [-116.67655833143918, 31.69340029252795], [-116.67691358203835, 31.693509897992982], [-116.67690740927836, 31.69383700211796], [-116.67719274690751, 31.694102646260625], [-116.6775360490641, 31.694105715062193], [-116.67755848290834, 31.6944074319982], [-116.67900961987824, 31.69546935003537], [-116.6798875085539, 31.696560708874582], [-116.67905865904369, 31.697044079353216], [-116.67709364923186, 31.696925289938484], [-116.67662930667295, 31.697256570414215], [-116.67681164162984, 31.69865132373439], [-116.677434078625, 31.69909124407106], [-116.67767533716909, 31.69969962998602], [-116.67821097259753, 31.699805081923728], [-116.67856361966837, 31.69939597087156], [-116.67876325927267, 31.699538144053573], [-116.67904751698434, 31.699325743302463], [-116.67924009006038, 31.699600449474165], [-116.67909859326157, 31.700225414843192], [-116.68012345277427, 31.700797410106677], [-116.6803491670888, 31.700431512101044], [-116.6808916840209, 31.700665651353575], [-116.68090120239827, 31.701160579184688], [-116.68178373429778, 31.701543279036507], [-116.68192005895362, 31.701932080195128], [-116.68252891951224, 31.702200287234422], [-116.68289994856055, 31.702169471646155], [-116.6835669002736, 31.702657530256904], [-116.6838847975143, 31.702634262116522], [-116.68415630524713, 31.702356019816207], [-116.68403066944191, 31.7019124890748], [-116.68463981090534, 31.702264648778606], [-116.68487731014415, 31.70205200903675], [-116.68519922046355, 31.702530919274647], [-116.68554659085939, 31.70248898688062], [-116.68506621131783, 31.70140994741335], [-116.68676264683873, 31.7021939792507], [-116.68696597172213, 31.702015282578056], [-116.68690886464609, 31.70156603950995], [-116.68743044269938, 31.701552713976334], [-116.68798252434134, 31.70199517619953], [-116.68873199842757, 31.702206791450795], [-116.68990791904645, 31.704065089203432], [-116.69068554581621, 31.703974053723183], [-116.6905028028536, 31.70377608340971], [-116.6906017890637, 31.703446764723314], [-116.69136253270007, 31.703904994306352], [-116.69167459861809, 31.703870649699866], [-116.69193047956784, 31.705418862748203], [-116.68970200002965, 31.705582429279673], [-116.68914936621674, 31.706039425997137], [-116.68855834014411, 31.706094659029656], [-116.68842410610266, 31.706833213810597], [-116.6887838798715, 31.707055932270112], [-116.69028770044815, 31.70684844319465], [-116.69049882975364, 31.707093879044955], [-116.69017864871604, 31.70881045059888], [-116.6912878026296, 31.709744102886116], [-116.69162452966296, 31.709651453248195], [-116.69166207639239, 31.709066100014528], [-116.69215510129399, 31.708618762175877], [-116.69264241452653, 31.708833865286227], [-116.69301905339357, 31.709317749266678], [-116.69326543214612, 31.709245382136977], [-116.69425422953121, 31.71122458024086], [-116.69428464863078, 31.71238597945184], [-116.6940371818131, 31.71335975721926], [-116.694496489662, 31.713611823155887], [-116.69482200130118, 31.71351283692703], [-116.69481438615226, 31.713352937112482], [-116.6950625804447, 31.713421259321134], [-116.69646505058942, 31.716048978621743], [-116.69804474273018, 31.715995091000384], [-116.69939818007988, 31.716343444333372], [-116.70073638906082, 31.716358672040855], [-116.70162345205297, 31.71608836576349], [-116.70150923810546, 31.71563912344181], [-116.70208268004092, 31.715746538835127], [-116.7025156069459, 31.716288947932018], [-116.70327955691518, 31.71612834090848], [-116.70345706491003, 31.7158420910521], [-116.70408833586288, 31.715550370002347], [-116.70403313181497, 31.715080187735627], [-116.70433199195925, 31.71480988117157], [-116.70423681431777, 31.714166474776235], [-116.70363528603116, 31.713696294298998], [-116.70412259982665, 31.713871421906042], [-116.70461372146208, 31.713696294084013], [-116.70368668285434, 31.71275402708152], [-116.70452686009537, 31.712651435413253], [-116.70478698760229, 31.713144655569], [-116.70492780951959, 31.712679788050085], [-116.70528873461545, 31.71249130380721], [-116.70571969366861, 31.713153776150687], [-116.70610040810114, 31.711579524965394], [-116.70660866083671, 31.712761641298098], [-116.70701031357662, 31.71312712592761], [-116.70716530300906, 31.714167267346937], [-116.70739293083949, 31.71436254301738], [-116.7082152725284, 31.71445962522132], [-116.70850842179348, 31.71426926829948], [-116.70795103450098, 31.713223138452225], [-116.70785091032532, 31.712306508958502], [-116.70815852344967, 31.711546094296963], [-116.70907975036846, 31.711795378925824], [-116.71062291952765, 31.712991279301022], [-116.71160194878428, 31.713324259538645], [-116.712143063185, 31.71371600343575], [-116.71398064899911, 31.71386052059029], [-116.71607071987113, 31.71523818003246], [-116.71681831985134, 31.716193060263837], [-116.71707341884768, 31.71804795025233], [-116.71654977957088, 31.71908757911767], [-116.7155571990713, 31.722452280142704], [-116.71489694942207, 31.722493679717253], [-116.71476981881767, 31.723874740173176], [-116.71449333898296, 31.72436494936082], [-116.71488690530407, 31.724996506551598], [-116.71518459473678, 31.725065239109803], [-116.71537125283494, 31.72475456455737], [-116.71568523391082, 31.724893917925634], [-116.71583942343709, 31.725267017892133], [-116.71641620430223, 31.725352677870237], [-116.71651328622772, 31.724796836000795], [-116.71688448195316, 31.724553179446072], [-116.71706912778642, 31.724665490528665], [-116.71666747520351, 31.725274632440883], [-116.71729980748637, 31.725078171095053], [-116.71765542689413, 31.725607756264424], [-116.7188547797747, 31.725060849880176], [-116.71907185903666, 31.72550666043634], [-116.71957011916442, 31.725156579384343], [-116.7198521462763, 31.72407728700187], [-116.72069352263354, 31.723508120256565], [-116.72098857628453, 31.723380581462187], [-116.72149501396159, 31.7235353034537], [-116.72215174543813, 31.72396479554354], [-116.72268474528843, 31.723375879094256], [-116.72306084378826, 31.723795260580147], [-116.72334504522763, 31.723294977089168], [-116.72430874669612, 31.72260769475722], [-116.72514153828823, 31.723704243878828], [-116.72659181986977, 31.727274625832905], [-116.72614804947592, 31.727547073928324], [-116.7258446692289, 31.727504243968774], [-116.72455143160401, 31.726841564139946], [-116.7240124839093, 31.72770411788061], [-116.72415287189484, 31.728026535182334], [-116.72438962881814, 31.728044380822602], [-116.7246727839458, 31.729092533760067], [-116.72420165101903, 31.729411382504125], [-116.72434798752613, 31.729487524023092], [-116.72580064865166, 31.72888789981007], [-116.72673934570278, 31.72955176999578], [-116.72665130618252, 31.73046429334343], [-116.72584466880677, 31.731238808423345], [-116.72502375541907, 31.731680197832656], [-116.72586965325351, 31.73167543912397], [-116.72630035602327, 31.732597862477185], [-116.72628369994752, 31.73275847633417], [-116.72608499401794, 31.732672432910068], [-116.72609094325435, 31.733059095201845], [-116.7265882501362, 31.733331544390605], [-116.72676791972717, 31.73359842654573], [-116.72664299762467, 31.733814957267818], [-116.72737704227802, 31.734159596161255], [-116.72800759876972, 31.734078694441774], [-116.72792907671686, 31.733362477509424], [-116.72753289692494, 31.732717643160157], [-116.72808493103095, 31.73193955942536], [-116.72802901402308, 31.732756904019915], [-116.7282633907448, 31.732062100888935], [-116.72855750187726, 31.731816855994257], [-116.72984337351639, 31.7326597282121], [-116.73030972798654, 31.73357305877504], [-116.73070352753814, 31.73371939600981], [-116.73093790511103, 31.73457600186875], [-116.73140546874666, 31.73442847534856], [-116.7317933206705, 31.73511375990304], [-116.73212025853893, 31.73518371647369], [-116.73286868156417, 31.735979524065723], [-116.73342087329613, 31.73598464313079], [-116.73377350920373, 31.735776201734932], [-116.73391627699486, 31.735479245123532], [-116.73368927649167, 31.73486962690166], [-116.73428889979199, 31.73421860678417], [-116.73423452758628, 31.736236617979607], [-116.73392912576084, 31.736347271887702], [-116.7338199880932, 31.73676425339579], [-116.73476538356172, 31.737348046127693], [-116.73516751250966, 31.737923875060137], [-116.73522461968933, 31.738237964459938], [-116.73498667369635, 31.738435459795767], [-116.73550284005876, 31.73946333944927], [-116.73555298480274, 31.740143912757926], [-116.73610739955636, 31.74033189034766], [-116.73626444371148, 31.74100527707985], [-116.73659043040482, 31.741376472793092], [-116.73722098737386, 31.741552553366212], [-116.73805617784195, 31.741221808031085], [-116.73856300350701, 31.741657250201353], [-116.7389532349005, 31.741585865793166], [-116.7392506679111, 31.7412884335444], [-116.73945768119495, 31.74157634827272], [-116.74151353514175, 31.742242596940446], [-116.74235586375588, 31.743144413303977], [-116.74290789883679, 31.742863636598706], [-116.74342424179432, 31.74326814508382], [-116.74364553201471, 31.742925501897556], [-116.74404528185661, 31.74283032440119], [-116.7440024509227, 31.743896322791283], [-116.74332906395092, 31.744010536722993], [-116.74315060448768, 31.743794006555408], [-116.74232255194158, 31.744745789872404], [-116.74189900776352, 31.744726754036815], [-116.74157586571854, 31.74511367731804], [-116.74176099883358, 31.745604776221118], [-116.74255335984799, 31.745797511725474], [-116.74231303435073, 31.746187743069907], [-116.74203939632758, 31.74615918998334], [-116.74195373502812, 31.746504212220305], [-116.74232493124262, 31.746539904488337], [-116.74245104274667, 31.74681592087434], [-116.7422130969925, 31.747030072918697], [-116.74184903903874, 31.746992000978402], [-116.74160157463355, 31.74737747405756], [-116.7420346373375, 31.747789120718583], [-116.74171341052373, 31.74800327238002], [-116.74176575764108, 31.748174593514808], [-116.74224152010592, 31.748281335435305], [-116.74238441840228, 31.748721869077627], [-116.74206127587371, 31.749248586509072], [-116.7414016996827, 31.749150171899466], [-116.74173720390596, 31.749706966094852], [-116.74160633381466, 31.749878287580255], [-116.7410447812083, 31.749228695514656], [-116.74072355353915, 31.749366702769773], [-116.74067358452906, 31.74980928285527], [-116.74045467533138, 31.749947292499428], [-116.74005730533891, 31.749162070075098], [-116.73952430641404, 31.749193003229053], [-116.73933156856417, 31.749499952890496], [-116.73964565804451, 31.74987114876189], [-116.73958855091557, 31.750285174744423], [-116.73900082413417, 31.750425564202626], [-116.73910790036284, 31.749735520071805], [-116.73881046652039, 31.749799765183308], [-116.73809187025878, 31.74911210101609], [-116.7376033103431, 31.74910111092399], [-116.7374303804472, 31.74939049839798], [-116.73703538900502, 31.749088305806655], [-116.73620733673438, 31.749642721497665], [-116.7353245570278, 31.74974503786607], [-116.73479155794871, 31.749233454572543], [-116.73485104382767, 31.749673653807303], [-116.73464165198206, 31.74976645325778], [-116.73433470103876, 31.749021682019563], [-116.73414672387898, 31.74919776206687], [-116.73424428181752, 31.749806904356088], [-116.73349951021088, 31.749031199274977], [-116.73319255969304, 31.74930245815945], [-116.73313759748748, 31.750137718905147], [-116.73294271667835, 31.75023996655604], [-116.73176726320905, 31.74943808680094], [-116.72993269788061, 31.749317211066266], [-116.72955198545321, 31.74895267675856], [-116.72827849723532, 31.748540555439774], [-116.72794918022372, 31.748473929966856], [-116.72813382652022, 31.749033579385713], [-116.72751326152223, 31.749115431990134], [-116.7259675648763, 31.748401594228437], [-116.72575436459039, 31.748058951825666], [-116.72433620604181, 31.748087504840708], [-116.72396881733565, 31.747891437980336], [-116.72360142896869, 31.74692061674577], [-116.72337109704061, 31.746863510117006], [-116.72307223622317, 31.747227092144758], [-116.72241360232957, 31.747196635377684], [-116.72170166724264, 31.746437111163456], [-116.72074988151155, 31.746183936344718], [-116.72040152912076, 31.745561468846088], [-116.71994276886232, 31.745277838307796], [-116.71946878064686, 31.744356509970114], [-116.71850938223157, 31.743880618529367], [-116.71671621985196, 31.74233872692972], [-116.71603474324968, 31.742302560348538], [-116.71572446054014, 31.742704213567666], [-116.71470414847757, 31.742399642017716], [-116.71304042874603, 31.74094721929269], [-116.71209625853676, 31.740419930235905], [-116.71161655928756, 31.74032855894284], [-116.71128914531941, 31.74045990539655], [-116.7101565217527, 31.740183886978677], [-116.70922567673159, 31.738851389598697], [-116.70826818242291, 31.738506842821547], [-116.70782274708984, 31.738072829835012], [-116.70630369938256, 31.738409760733933], [-116.70573262782779, 31.738971314224134], [-116.70525863881909, 31.73888755677229], [-116.70459048728205, 31.738367883484393], [-116.70434873430797, 31.738404050964416], [-116.70289821378758, 31.737195284055538], [-116.70256508972483, 31.736628020920033], [-116.70170848364263, 31.736291089398097], [-116.70167993025544, 31.735990324841207], [-116.70069388201027, 31.73493955504584], [-116.70003334277192, 31.734585492269083], [-116.69959552172384, 31.733980156965377], [-116.69834868464152, 31.73341479720556], [-116.697707181662, 31.732712380530845], [-116.69564942421786, 31.73245349482449], [-116.69499459680416, 31.731895749349356], [-116.69376679511073, 31.731284702988333], [-116.69244000684193, 31.7311457431553], [-116.68995856315185, 31.729878804189955], [-116.68747654737072, 31.729154972270408], [-116.68694414321159, 31.729149024126485], [-116.68625112512382, 31.72953865993066], [-116.68564436206398, 31.72956840445254], [-116.6845557587564, 31.729220408231235], [-116.68211681085246, 31.72907466593435], [-116.68035006189149, 31.728033650750273], [-116.68004667947154, 31.727052124034117], [-116.67926145804059, 31.726742794322075], [-116.67886289869608, 31.726302593432848], [-116.67769398834363, 31.72609141577196], [-116.67775644922574, 31.725570909040325], [-116.67619790241007, 31.724437691120364], [-116.67510037549332, 31.722733401844724], [-116.67409802814352, 31.722203972235867], [-116.67349424018849, 31.720538349306835], [-116.67219743325391, 31.718950058950544], [-116.67144017889133, 31.71872846802884], [-116.66752775975272, 31.718403635384796], [-116.66191937016794, 31.719131750271988], [-116.66030133660077, 31.719826553178958], [-116.65684398040064, 31.721927617466548], [-116.65158061254161, 31.725682407424955], [-116.64840403174927, 31.728506827020144], [-116.64335481604046, 31.734310332486178], [-116.63868869235881, 31.741915089921022], [-116.63444135471752, 31.749819659357662], [-116.62964436898146, 31.760863450410962], [-116.62733630963903, 31.767796780381325], [-116.6255829488897, 31.77231957957004], [-116.62478545957889, 31.773375170181392], [-116.62207394954697, 31.77547128473195], [-116.61898235467652, 31.775502802789408], [-116.61870321993673, 31.77450957031159], [-116.61925334995358, 31.77399041888931], [-116.62094175005177, 31.768716678968854], [-116.62129477046346, 31.76823221886762], [-116.62251961964269, 31.767566979341503], [-116.6233103099538, 31.76635056910931], [-116.62295883032877, 31.764716378815596], [-116.62445420032894, 31.764451148960752], [-116.62523989002297, 31.76465830886589], [-116.6255843701919, 31.764532569189544], [-116.62539740013555, 31.763179849565713], [-116.62387045035156, 31.758494048790944], [-116.62405261956133, 31.758146219372843], [-116.62467273974421, 31.75804214938942], [-116.62450333946931, 31.75794128902134], [-116.62461251973374, 31.756915258841985], [-116.62528671970216, 31.75584474886564], [-116.62494366006321, 31.75547313877855], [-116.62494531998738, 31.754417218994867], [-116.62629020024814, 31.753288999566013], [-116.62826591035427, 31.752412478773607], [-116.63110742034958, 31.75173297946067], [-116.63148057044612, 31.751474508777417], [-116.63161436988862, 31.750716969229178], [-116.63141191949086, 31.749399598769646], [-116.63295186043975, 31.747517279330175], [-116.63282317006643, 31.747242459473497], [-116.6334142295171, 31.74602190887824], [-116.63414844992145, 31.743189749147284], [-116.634189619647, 31.73956717896832], [-116.63458761986489, 31.737795019602757], [-116.63434941970353, 31.737549708815912], [-116.63458991009429, 31.737061549460552], [-116.63451041993414, 31.736016999533195], [-116.63491754015355, 31.73607807882534], [-116.63526510990982, 31.734863169209017], [-116.63705460017779, 31.735666138749234], [-116.63786519985057, 31.735561518798303], [-116.63798258047933, 31.735405908865143], [-116.63734609001007, 31.733776949117985], [-116.63594638038614, 31.733226249162477], [-116.63605720047434, 31.733090119072457], [-116.6373098498637, 31.73351353939685], [-116.63714431948186, 31.733208279086128], [-116.63731461982249, 31.73183324882503], [-116.63878582956808, 31.72944514932529], [-116.64009598017773, 31.72649404936796], [-116.64118648995641, 31.726441799172292], [-116.64359331976789, 31.724703229025177], [-116.64524271954186, 31.723790949366613], [-116.64573284990865, 31.724196219552354], [-116.64603619994342, 31.725470798735802], [-116.64657102994907, 31.725450418967647], [-116.64694628037486, 31.7246883791505], [-116.6474643701085, 31.724572249328865], [-116.64748863034018, 31.724224509097283], [-116.64802562960257, 31.723766518760343], [-116.64710928044103, 31.723060949431837], [-116.64649464979219, 31.721889278839154], [-116.64766932029949, 31.72188770913047], [-116.64839709002834, 31.72134211891221], [-116.6498743198946, 31.72178108955635], [-116.65044971995343, 31.7210699094181], [-116.65068217953856, 31.721717319333163], [-116.6512673199524, 31.72186114922786], [-116.65210645027248, 31.721371649483984], [-116.65204202039581, 31.720243168932864], [-116.65247165980288, 31.72016413941917], [-116.6526549701089, 31.72053502881976], [-116.6528088800432, 31.720270279393635], [-116.65287003046734, 31.720027619298495], [-116.64901043034996, 31.718348148702585], [-116.65022001995625, 31.71603608923784], [-116.65025667989454, 31.715553379319196], [-116.64958350951491, 31.713246179054764], [-116.6483320299441, 31.7128983792398], [-116.64721711010857, 31.71201177911204], [-116.64757178056848, 31.711624049506057], [-116.64776780008087, 31.709865489111056], [-116.64746782037365, 31.70933074892844], [-116.64726953962892, 31.709180429147118], [-116.64128346546461, 31.709410350094622], [-116.6419672040843, 31.710372421985372], [-116.64292087073386, 31.711188550977095], [-116.64659835504736, 31.71305152844762], [-116.64702734389498, 31.71454044098019], [-116.64763878990965, 31.715403205715493], [-116.64766306027377, 31.71624267980362], [-116.64690353548764, 31.716842304156398], [-116.64551155101286, 31.718839623772624], [-116.6443497363253, 31.71997191794051], [-116.64050376181142, 31.72218005589248], [-116.63935683813358, 31.723502416382676], [-116.63891711301864, 31.723623767974054], [-116.63601607412005, 31.729198845293258], [-116.63393037801458, 31.731088842922674], [-116.63236421709784, 31.732994792488476], [-116.63185739219286, 31.733323157418642], [-116.63131487510013, 31.733360276934217], [-116.6303497653021, 31.733134704366847], [-116.62945318385074, 31.73259361432538], [-116.6280954644111, 31.732612173777138], [-116.62804073589822, 31.73459224323092], [-116.62771231279561, 31.734975219496153], [-116.62674071830732, 31.73778819798535], [-116.62711574905188, 31.737952566557965], [-116.62905267777843, 31.737447693103313], [-116.6291939791381, 31.73764955217723], [-116.62789956038448, 31.74068500269518], [-116.62671111620347, 31.742067735801406], [-116.62644869953972, 31.74418977698189], [-116.62605409388594, 31.745117223823172], [-116.62578004247158, 31.74538831391925], [-116.62511643241814, 31.745433732496423], [-116.62512324857241, 31.745699716236615], [-116.62551510291586, 31.74584754219132], [-116.62559836845581, 31.746102388802026], [-116.62466608785316, 31.74775687325222], [-116.62382310781557, 31.748728294459436], [-116.62332056600563, 31.74908045553556], [-116.6218643363454, 31.749579189797846], [-116.62155976473392, 31.74997893955944], [-116.62147605388827, 31.751113166754358], [-116.62102338516647, 31.75237066475772], [-116.62120803152163, 31.75269998248723], [-116.62114331039022, 31.75319871679967], [-116.62057604628457, 31.754774871913945], [-116.62009574297204, 31.75741541735698], [-116.61985268978997, 31.759868821897143], [-116.62019342920917, 31.762000819226635], [-116.62004495072054, 31.763388521434724], [-116.61913737451107, 31.76440795250894], [-116.6176635855049, 31.76525211538947], [-116.6167670054422, 31.76551480691314], [-116.61522892092648, 31.76560046796605], [-116.61472114504008, 31.766030674205798], [-116.61362468895855, 31.765986892400505], [-116.61316783241081, 31.766755933817237], [-116.61200951059554, 31.76708763108442], [-116.61170256048659, 31.767451689537697], [-116.61141940377682, 31.767297024343197], [-116.61155027546982, 31.767032903374464], [-116.6110720026141, 31.766778300802713], [-116.61106486454904, 31.76728750631706], [-116.61130994901384, 31.76766108106439], [-116.61106010600403, 31.768217875389976], [-116.61211420752042, 31.768184563108903], [-116.6126329303164, 31.768584312441273], [-116.61170494032442, 31.768846052905644], [-116.61135753760172, 31.76844154430034], [-116.6111362490574, 31.76844392381579], [-116.61074351025202, 31.769602708291963], [-116.61023490943619, 31.76998510130115], [-116.61024323719595, 31.770787931582706], [-116.60997174003977, 31.77091951470455], [-116.61043978051624, 31.771652389208363], [-116.61046309903237, 31.772138751303064], [-116.6101616211351, 31.77263677228211], [-116.61055470807995, 31.774440640840208], [-116.61037981762799, 31.77478042794627], [-116.61128470890641, 31.774569332770852], [-116.61148458420705, 31.775764774160578], [-116.61209182150496, 31.776295870366003], [-116.61288725051786, 31.77651450422504], [-116.6150518718883, 31.775620103448016], [-116.6155334738771, 31.775142307044383], [-116.61592399374982, 31.77546837873362], [-116.61596748816082, 31.77593228834821], [-116.61653665549585, 31.7766270910369], [-116.61772828935786, 31.777270496755182], [-116.61813945996578, 31.777177221985017], [-116.61923020443182, 31.777731160771836], [-116.61984029913387, 31.77997154277623], [-116.61986474517096, 31.782869555328865], [-116.6186410509969, 31.78518732136391], [-116.61852493327115, 31.78584595573243], [-116.61481905062251, 31.79236823013278], [-116.6121113281047, 31.801668334353597], [-116.61134038266279, 31.805361257748306], [-116.61019443457639, 31.81328200810023], [-116.60956054567521, 31.820344248379016], [-116.6099945596074, 31.827680602446538], [-116.61087591199055, 31.834261239520856], [-116.61209038855952, 31.83950937909241], [-116.61304902825357, 31.841407000323265], [-116.61409675083246, 31.84277780648776], [-116.61438655104475, 31.84289498013414], [-116.61597397505838, 31.84234281340201], [-116.61649983575909, 31.842321398052768], [-116.61691267169638, 31.843264853802083], [-116.61674254098473, 31.843588461568615], [-116.61708994181637, 31.844393908742965], [-116.61825587797347, 31.843965605827126], [-116.6174242559605, 31.84456404024657], [-116.61756987901805, 31.844877652790846], [-116.61786873975493, 31.84495189243412], [-116.62112955319262, 31.843731705486988], [-116.62074693622444, 31.84117140549916], [-116.6210229529106, 31.840958205178257], [-116.62133704212445, 31.841208524116283], [-116.62162567128873, 31.84402509257574], [-116.62065842048872, 31.844604491561846], [-116.62101533920884, 31.846040495872234], [-116.62048709852986, 31.846417640318208], [-116.61992993761004, 31.845135136308862], [-116.61838127606173, 31.84562171111452], [-116.61792798784361, 31.845389713254757], [-116.61610294225457, 31.84593342026798], [-116.61639323593646, 31.84650092102512], [-116.61697977262985, 31.84645809127132], [-116.61642535852629, 31.846540182418543], [-116.61746875204852, 31.847752517705555], [-116.61920380676024, 31.8472904252825], [-116.61755012978827, 31.84789814155326], [-116.61919338627243, 31.849625629761732], [-116.6201956152566, 31.85103902869496], [-116.62020703614657, 31.851234620976594], [-116.61988580902592, 31.851121834973394], [-116.6178385211838, 31.85288787139063], [-116.61870940325544, 31.85339755117002], [-116.61985401334472, 31.85482462329442], [-116.61999434758903, 31.8547557017848], [-116.62099170949155, 31.85625275689892], [-116.62136647404087, 31.856083759623054], [-116.6209413144487, 31.85542671088694], [-116.62140344407271, 31.85606555562271], [-116.62172753396142, 31.855906008627887], [-116.62131850765637, 31.855273897317947], [-116.6217804255596, 31.855879706808363], [-116.62214850914576, 31.855686810043736], [-116.62173074664317, 31.855053648594776], [-116.622191958312, 31.855663471620936], [-116.62261538716918, 31.855435915092016], [-116.62218605922426, 31.854808537305995], [-116.62266385729264, 31.855409406554514], [-116.62317732890484, 31.855172959969526], [-116.62206158247157, 31.853590897810133], [-116.62150339757059, 31.853852794093967], [-116.62195512247773, 31.85450422742101], [-116.6214773910467, 31.85386499635955], [-116.62084206884984, 31.854163080629487], [-116.62127761706331, 31.854866024398035], [-116.62037121875653, 31.853784452296882], [-116.62344643441567, 31.85225969315742], [-116.62430161335993, 31.85255236746454], [-116.62527957073418, 31.85398718239301], [-116.62513220784528, 31.854925982991283], [-116.62471838295934, 31.855245497401107], [-116.62487486953681, 31.85552800513394], [-116.62355680296506, 31.856610949000064], [-116.62317818919821, 31.85651297885461], [-116.62240669351799, 31.857123111905338], [-116.62334137147936, 31.857924811581885], [-116.62225313896309, 31.8572480923916], [-116.62179841789599, 31.857571539691566], [-116.6239261344721, 31.858731351033555], [-116.62453972347595, 31.858814630504416], [-116.62531168001287, 31.859538310069503], [-116.62579784398659, 31.85895974140439], [-116.62538111208787, 31.859502734533983], [-116.62573209315401, 31.85969915704942], [-116.62617195350006, 31.859124982365856], [-116.62571134742531, 31.859770769194164], [-116.62641385065216, 31.86015828577864], [-116.62685223390416, 31.859489408842016], [-116.6265208082291, 31.860082733559413], [-116.62708150381793, 31.860368443144623], [-116.62729704290527, 31.85987004964261], [-116.62715125530545, 31.860437424352234], [-116.62751028245053, 31.86054469955791], [-116.6278419078731, 31.859762560564562], [-116.6275272870562, 31.860549780055734], [-116.62777395979738, 31.86034535480958], [-116.62767310608317, 31.860593349751827], [-116.62792156914814, 31.860667588134014], [-116.62827921504258, 31.859795305226694], [-116.62794645857504, 31.860675024237615], [-116.62818600667512, 31.860745344525096], [-116.62830436178248, 31.860481046683287], [-116.62820356153901, 31.860750484201343], [-116.62843547564167, 31.86081837880515], [-116.6286858192052, 31.860213153320284], [-116.62845964247204, 31.860825454122168], [-116.62879853420098, 31.860924667035405], [-116.62892506541016, 31.860556022367042], [-116.62890444161502, 31.860955671509142], [-116.62913850060099, 31.860797474763267], [-116.62938332223031, 31.860926803059428], [-116.62918981198565, 31.860724415775966], [-116.62939667319442, 31.860555647649388], [-116.62992990803522, 31.860732902477405], [-116.62895724114632, 31.86008573462828], [-116.62983176099347, 31.860501599614988], [-116.63007709476915, 31.860253524289483], [-116.62897379113706, 31.85943419011771], [-116.62892623203398, 31.859271997982248], [-116.62945947323796, 31.85889038966476], [-116.62871710825262, 31.858403806819194], [-116.62901380727926, 31.85810942675177], [-116.62982834792457, 31.85865312629986], [-116.62983938937894, 31.858365534572386], [-116.63113418361019, 31.859165846547118], [-116.63161622383792, 31.85920834326181], [-116.63137571899045, 31.859017977630497], [-116.63176811306812, 31.858496492164182], [-116.63115864716342, 31.85806592514532], [-116.63120363615955, 31.857580330985346], [-116.62920386171099, 31.856269171416162], [-116.62927516199954, 31.856059453892232], [-116.62947123006005, 31.855829121817404], [-116.63143380902005, 31.85721301751416], [-116.63172601138524, 31.85691254531603], [-116.63104391082646, 31.856448166701213], [-116.63118645795517, 31.856297265493957], [-116.63170199436792, 31.85664267628149], [-116.63301757797551, 31.855273279783773], [-116.63318128471064, 31.855387493758528], [-116.63352012004131, 31.855044851925996], [-116.63238379430871, 31.85348256693802], [-116.63049154200267, 31.85385131375807], [-116.62880498132158, 31.85150611806479], [-116.62904673357951, 31.851393807137562], [-116.62815015287609, 31.850129837092272], [-116.62827007762536, 31.850070826887514], [-116.6288316300023, 31.850904590500654], [-116.62896488009642, 31.85078466512951], [-116.62766664612397, 31.8486602817411], [-116.62825484885762, 31.84827576086787], [-116.62836144923659, 31.847900758311468], [-116.62753720358515, 31.846840470419146], [-116.62752578173448, 31.846402649766794], [-116.62526624614817, 31.843985117450053], [-116.6254604102626, 31.84352255025389], [-116.62569264593019, 31.840507297068864], [-116.62608858828992, 31.840347396862263], [-116.62627513769196, 31.840705268135547], [-116.6259058449604, 31.84339501083233], [-116.62620470546952, 31.844369637987732], [-116.62979483601733, 31.848462311306545], [-116.63534183627095, 31.855865290194885], [-116.63797447053979, 31.858166704877725], [-116.63907283144646, 31.859487781964084], [-116.6399865438412, 31.86015593379984], [-116.64324233434222, 31.860763021743026], [-116.64381676235733, 31.860491200346097], [-116.6443747461767, 31.860651100541812], [-116.64665165175113, 31.860574481485077], [-116.64861875195868, 31.8599848507458], [-116.64990289189014, 31.860142421087634], [-116.6505925148411, 31.85991656027663], [-116.65097394266473, 31.860049809991636], [-116.65082736808907, 31.860166403913865], [-116.65120731285094, 31.860494761925025], [-116.65288441180267, 31.861017537284937], [-116.65473158766903, 31.861284037502966], [-116.65772804253484, 31.86139896559518], [-116.65750622182344, 31.861641662557144], [-116.6571550686885, 31.861663799378547], [-116.65730164258062, 31.862326716978355], [-116.65851921410625, 31.863169521944197], [-116.65899724671165, 31.863296109475197], [-116.6602914358166, 31.861184099024957], [-116.6592887309947, 31.863296109218155], [-116.6609443598784, 31.86402232049271], [-116.6625584668478, 31.86427888710711], [-116.66289795087339, 31.863951519021654], [-116.66117089405702, 31.863193019674505], [-116.66291562441224, 31.863921992608482], [-116.66320114010962, 31.863444087361742], [-116.66142988468499, 31.862709298680954], [-116.66322251418352, 31.86340775115339], [-116.66343381862474, 31.863031670275397], [-116.66171513113886, 31.862300561409224], [-116.66345545437062, 31.862992668817256], [-116.6636397769663, 31.862660394379784], [-116.6619071083471, 31.861944341246012], [-116.6636727717321, 31.862600914936984], [-116.66384032631767, 31.862288829363624], [-116.66212231525283, 31.861582262], [-116.66385975239648, 31.862249546896557], [-116.66392899122664, 31.861987355060894], [-116.6622177981158, 31.861304538981955], [-116.66393581858003, 31.861822033340697], [-116.66228685229187, 31.861030862041126], [-116.66205967556563, 31.861195664441844], [-116.66161727245321, 31.86105584588036], [-116.66154565011459, 31.860767694352727], [-116.66109926255406, 31.860591137780023], [-116.66002848854478, 31.860740968609814], [-116.65998496213251, 31.860441232479193], [-116.66142578863104, 31.860358537871527], [-116.66445472735113, 31.86159031373014], [-116.66464870537342, 31.861787054675506], [-116.6645087928892, 31.86242998507024], [-116.6648602389786, 31.86253825113004], [-116.66718884396964, 31.86181714854896], [-116.66750433788395, 31.86138634617261], [-116.66808321884064, 31.86153721123764], [-116.66891680797552, 31.861425012972116], [-116.66966722572909, 31.86272313492308], [-116.66955729461677, 31.86398234488324], [-116.67012693822662, 31.865153278467787], [-116.67084000797534, 31.865640466269692], [-116.67292518419097, 31.866320879971237], [-116.67320334284753, 31.86713703534441], [-116.67379463875218, 31.867276946922196], [-116.67418106390996, 31.868034806335178], [-116.67458247930483, 31.868351274001377], [-116.67672613547832, 31.86912578836755], [-116.67754598253273, 31.869216617366014], [-116.67793371189033, 31.87016347098735], [-116.67881661469684, 31.870920310942235], [-116.67872976457541, 31.871478295252633], [-116.6791531861649, 31.872516995876218], [-116.68152003652213, 31.875099366511574], [-116.68184316586685, 31.876122058402334], [-116.6831323576103, 31.87785430657233], [-116.68370759852125, 31.877990880375016], [-116.68402287599663, 31.87836564472894], [-116.68648442889653, 31.882652244474986], [-116.68745405927409, 31.883600459317908], [-116.68884531181001, 31.884252475232618], [-116.69008871273464, 31.886388719338573], [-116.69245687577605, 31.889240971115832], [-116.69429560022495, 31.889967427813293], [-116.69636406005569, 31.89248318631995], [-116.69936908559244, 31.894775723883445], [-116.70060878593927, 31.894286744514776], [-116.70109538543913, 31.894305780230507], [-116.7024635745698, 31.89291141606894], [-116.70323452119911, 31.8935027124916], [-116.70232112902768, 31.893196697148014], [-116.70243084496828, 31.89344593340905], [-116.70254890045767, 31.89332105068723], [-116.70284442722014, 31.89357067939094], [-116.70255592024927, 31.893381274198003], [-116.70277934369155, 31.8936736553964], [-116.70246032136347, 31.89348629177443], [-116.7023529926697, 31.893607370768716], [-116.70264712205456, 31.89383612615678], [-116.70227367955556, 31.89357579952969], [-116.70226222971145, 31.893383430501167], [-116.70169250429907, 31.893943768018826], [-116.70235078253087, 31.89434775912485], [-116.70171954606138, 31.89402478855614], [-116.70108430542363, 31.894696589310737], [-116.70220683246468, 31.895218303060727], [-116.70200542122114, 31.895636393946965], [-116.70218819944232, 31.895720256889838], [-116.70266654312994, 31.895076249988122], [-116.70417512238954, 31.895661596990323], [-116.70582408788803, 31.893881760508336], [-116.70320430244598, 31.89212095920102], [-116.70348765555067, 31.89157760640428], [-116.70237055527976, 31.890879821986886], [-116.70250495055613, 31.890625007572357], [-116.70719645557936, 31.893793580039695], [-116.70797846455407, 31.89404517260899], [-116.70848707471384, 31.89449219035973], [-116.70920852805186, 31.895641946532912], [-116.71064381929683, 31.896643223223148], [-116.71319840810042, 31.897290436121814], [-116.71458801266272, 31.897395133609464], [-116.71632216391454, 31.898272677880854], [-116.71802585875278, 31.899532840431938], [-116.71829997170786, 31.900566478012127], [-116.71893005392626, 31.901305063125687], [-116.72063374801155, 31.902355833573893], [-116.72237361043008, 31.902574742773172], [-116.724699770968, 31.90203032349895], [-116.72777593822526, 31.901744787165274], [-116.72956719618679, 31.90050746775839], [-116.7313276063457, 31.900618497929308], [-116.7338098845328, 31.901768519111148], [-116.73445709891989, 31.90225012236315], [-116.7378606802903, 31.90200836829243], [-116.74094826790207, 31.90264035299034], [-116.74310120518602, 31.901757097553315], [-116.74459931325424, 31.901680955512862], [-116.74588612551307, 31.901840854406423], [-116.74632965733417, 31.902082608368644], [-116.74777636972291, 31.90335228858388], [-116.74852447156113, 31.9047533154708], [-116.75069263650762, 31.90601728421321], [-116.75184048918362, 31.907309806959937], [-116.75348707551211, 31.909955767771308], [-116.75518696328125, 31.911139787884792], [-116.75628722555376, 31.91365249889402], [-116.75640715087256, 31.914311133841295], [-116.75571425243896, 31.91550657497842], [-116.75558219279792, 31.916547778841963], [-116.75609496521908, 31.91750532194304], [-116.75614445785203, 31.92061765714483], [-116.75531069468735, 31.923920349097976], [-116.75516411965258, 31.92550031128664], [-116.75552008800739, 31.928041574878414], [-116.75633862199702, 31.929082826720958], [-116.75717809623349, 31.931542238376913], [-116.75708482088169, 31.93285570135203], [-116.75612542270316, 31.934694547841534], [-116.75588366856384, 31.93593186861787], [-116.75592935451475, 31.937772619132282], [-116.75666603557924, 31.94025106635156], [-116.75628532243975, 31.94198712027504], [-116.75645854684154, 31.944610238479697], [-116.75780056245725, 31.948723849953247], [-116.75813559071236, 31.950796837163946], [-116.7584649093883, 31.95164963640929], [-116.75924727489189, 31.952277812753213], [-116.7592948654848, 31.952709923373245], [-116.7589084403458, 31.953074539424016], [-116.75928725010324, 31.95445740052395], [-116.76007342438233, 31.95543393002898], [-116.76036847701404, 31.957630649082372], [-116.76199412522679, 31.96145682168338], [-116.76327522665852, 31.964032351066983], [-116.76412612166504, 31.964871824877633], [-116.76433170771178, 31.96564467284038], [-116.76501318508517, 31.966666889984687], [-116.76649225769175, 31.96838961997826], [-116.76761058178684, 31.968633669083687], [-116.76775242061701, 31.969562218464993], [-116.76880898006483, 31.97093446416033], [-116.769713361205, 31.97165252121654], [-116.77070866279863, 31.97189789745712], [-116.77516111109648, 31.974252612311744], [-116.77633751586549, 31.97504068960608], [-116.77722531894823, 31.976099734502704], [-116.7789320795506, 31.97652928019884], [-116.7794212984835, 31.977254539818343], [-116.78043045281746, 31.977743940952646], [-116.78254315013545, 31.97840048818174], [-116.78304502348561, 31.978215459848112], [-116.78465801452029, 31.978293887829476], [-116.78602097074933, 31.97758766401867], [-116.79073040036114, 31.97671773351413], [-116.79113865132727, 31.976989435411873], [-116.79123082692375, 31.977947385207543], [-116.79306777064072, 31.979020522079548], [-116.79423486960292, 31.979346562263398], [-116.79469532241977, 31.980019895793934], [-116.79720253356781, 31.981434777375036], [-116.79948238095623, 31.98206948283134], [-116.80136501054437, 31.98201047232776], [-116.80326649740142, 31.98139422796447], [-116.80482189151844, 31.981625951929104], [-116.80664551090912, 31.98139942729962], [-116.80849857466389, 31.980392519257688], [-116.8102147025408, 31.980025050290664], [-116.81338122916179, 31.978995299847103], [-116.81416460795414, 31.97891336628877], [-116.81527438795844, 31.979084686758267], [-116.81568175208437, 31.978941920332428], [-116.81747681746879, 31.979457786798783], [-116.81808595909418, 31.97943684709972], [-116.8192928221938, 31.979103722993912], [-116.82059866991513, 31.978479352125532], [-116.8209356020293, 31.97813290358285], [-116.82265071736272, 31.978214756324125], [-116.82352635861342, 31.97771221380859], [-116.82383854372762, 31.97719634717515], [-116.82421925787304, 31.977133529182577], [-116.8244667219279, 31.97784165726798], [-116.82552320328752, 31.978210949026497], [-116.82691661460352, 31.978327067388737], [-116.82800736002402, 31.978172877859794], [-116.82891797923388, 31.97865735733905], [-116.82922554438386, 31.978590920851136], [-116.82917043961135, 31.97829280276497], [-116.8293684121384, 31.97822617825302], [-116.82944265051383, 31.978582145366527], [-116.82970153642292, 31.978616409066074], [-116.83126805259191, 31.97789855542121], [-116.83187145949991, 31.978489944258556], [-116.8321952108747, 31.978283285263384], [-116.83297377153154, 31.978827705218684], [-116.8333887490195, 31.97885435520744], [-116.83392745943206, 31.97938925815127], [-116.83477074031101, 31.97975093584816], [-116.83569206682716, 31.980889270186154], [-116.83648395196894, 31.98131947742146], [-116.83708928717391, 31.982040929803194], [-116.83712033774714, 31.982637005881326], [-116.83824915706427, 31.98308865620038], [-116.83983649254446, 31.985047994177027], [-116.84132342124109, 31.98641752230552], [-116.84196825482286, 31.98634375856354], [-116.84194394888087, 31.985888818987615], [-116.84232041485791, 31.98554663885457], [-116.84269874868926, 31.985613264037006], [-116.84311991427762, 31.986003495337645], [-116.84374333208306, 31.985941629773542], [-116.84551365106405, 31.987109945439855], [-116.84652903548898, 31.987348106909046], [-116.84730447477797, 31.987019880813286], [-116.84899242313226, 31.98710994533399], [-116.84951106068593, 31.987339655847556], [-116.84996324330754, 31.986672124480076], [-116.85086268003036, 31.986443696325804], [-116.85149323659996, 31.985651335618737], [-116.85110776397042, 31.985427665931237], [-116.8506747017327, 31.98552522375336], [-116.84981571740735, 31.98496843049283], [-116.85069135926965, 31.985482394494596], [-116.85110062590032, 31.985403870970714], [-116.85153130795337, 31.98558233113069], [-116.8520762045829, 31.985974942199668], [-116.85217852173727, 31.986358035523015], [-116.8530708204867, 31.986874378442295], [-116.85217614246989, 31.986381830420612], [-116.85204289145864, 31.98597494203267], [-116.85179780807688, 31.98586072834613], [-116.8514242331588, 31.98596542392348], [-116.8510197242619, 31.98646273146836], [-116.85157413946074, 31.988059350508713], [-116.852035754374, 31.988597107748262], [-116.85244740129342, 31.989796356137912], [-116.8530256095949, 31.990574440004895], [-116.85381559071438, 31.991055091089255], [-116.85486969237785, 31.990738622874822], [-116.85545503871231, 31.99134062747855], [-116.8551457098894, 31.990624409438194], [-116.85569298617682, 31.990512574043418], [-116.85605942284701, 31.991366801421567], [-116.85576198989534, 31.99172134040452], [-116.85548835192849, 31.991557157238645], [-116.85523375005101, 31.991726098942806], [-116.85540507135305, 31.992501804329606], [-116.85687222363713, 31.99311584713042], [-116.85784163877578, 31.994274502617625], [-116.8592098286659, 31.994581452084848], [-116.8596857210389, 31.994862229390034], [-116.8599308059728, 31.99568790195631], [-116.85981659245115, 31.996808627697085], [-116.86049949705495, 31.997396355491617], [-116.86057088047012, 31.999399860897448], [-116.86284802502374, 32.000158908870254], [-116.86389260759978, 31.999939998962077], [-116.86447081737798, 32.00013035487845], [-116.86468496934101, 32.00090130098151], [-116.86462072293816, 32.00186974092288], [-116.8641138979555, 32.00179597804206], [-116.86399501841206, 32.00297357439427], [-116.86443949189525, 32.00418666052905], [-116.8649367997762, 32.004698244519204], [-116.86551500910468, 32.00483625249012], [-116.86617649925638, 32.006042639549236], [-116.8674923409111, 32.006711267745494], [-116.86893429450076, 32.0070039412432], [-116.86974569116919, 32.00741082920188], [-116.8700098105614, 32.00801997095561], [-116.87073078738727, 32.008379269816196], [-116.8712709247867, 32.00837688973797], [-116.87292940871656, 32.01123700292277], [-116.87385620214543, 32.012122639826934], [-116.87507448557716, 32.012724167762535], [-116.87540896664363, 32.012683891244684], [-116.87624876561412, 32.01336848724145], [-116.87623635124471, 32.01361279593158], [-116.87706630747769, 32.014446559340804], [-116.87714244859414, 32.01535836952149], [-116.87806282525774, 32.015839020055694], [-116.88095149125142, 32.018684855034], [-116.88100168370816, 32.02035410533425], [-116.88136993929243, 32.02046196832877], [-116.88162721646084, 32.02081202488645], [-116.88124119302203, 32.02110514292037], [-116.88118014297325, 32.021741093245055], [-116.88188988137391, 32.02225053916212], [-116.88150529802095, 32.02240539686413], [-116.8811878959523, 32.02326122951232], [-116.8818750842764, 32.0246279915784], [-116.8818217843194, 32.02594906834847], [-116.88224109233755, 32.02695896221752], [-116.8824325722915, 32.027204463422564], [-116.88269534713226, 32.027188922887724], [-116.88436549087919, 32.03030375743155], [-116.885682760062, 32.03204409499412], [-116.88639469481149, 32.03254854021485], [-116.88684108205022, 32.03351555286606], [-116.88709806399078, 32.03449208433987], [-116.88665453157306, 32.034811884236156], [-116.88578079422894, 32.03649273484294], [-116.88581505792507, 32.036932459480646], [-116.88630808323953, 32.03733411211347], [-116.88660694305896, 32.038215465251156], [-116.88620528963786, 32.039924870357794], [-116.88642991090977, 32.040446446714846], [-116.88604729408185, 32.04049594037849], [-116.88546099505525, 32.041192645744616], [-116.88550201387054, 32.04258826848676], [-116.88520134651445, 32.04275592151333], [-116.88483567154655, 32.04267647857353], [-116.8844907465688, 32.04308485746286], [-116.88476714426699, 32.043791970455324], [-116.88523922886664, 32.04395948405935], [-116.88549249636846, 32.04379322728276], [-116.88600074883044, 32.04473930127423], [-116.88643476324494, 32.04491633282891], [-116.8856047136165, 32.04543474940052], [-116.8856332676288, 32.045773585400575], [-116.88664796252725, 32.04594045301178], [-116.88693240057424, 32.046340562433485], [-116.88684402035163, 32.046575309380074], [-116.88660988094664, 32.04660957331401], [-116.8866974446615, 32.04776123353657], [-116.88714349251492, 32.048657104047564], [-116.88760303862158, 32.04890727888688], [-116.88614221498244, 32.04958414245159], [-116.88500578446587, 32.04969264644749], [-116.88473357404752, 32.0499800840849], [-116.8852056586785, 32.05022945241341], [-116.88454702428386, 32.05013998436892], [-116.88399689345229, 32.049654574468505], [-116.88339536483446, 32.049886810151314], [-116.8830660467726, 32.050294173358296], [-116.88291566641247, 32.05093948300578], [-116.88343153326603, 32.05110699692908], [-116.88258254124752, 32.05132400396543], [-116.8825730232038, 32.053284679781136], [-116.88442900317803, 32.053850040503995], [-116.8849023904323, 32.05410105229211], [-116.88487002898687, 32.05435993794091], [-116.88356478260167, 32.05380245120904], [-116.88346568440552, 32.054190835091696], [-116.88321452561507, 32.05418887518231], [-116.88337823310474, 32.05369394688373], [-116.88282048681614, 32.05356831238105], [-116.88242835154067, 32.053829100966894], [-116.88258193987028, 32.05353759631127], [-116.88211013867988, 32.05328706134805], [-116.8806332875719, 32.054329739551314], [-116.87891436402163, 32.05416793629643], [-116.87777031942173, 32.05569269449134], [-116.87776651191359, 32.05598203732799], [-116.87877416762724, 32.0546574387362], [-116.8799935363878, 32.05459206051771], [-116.8799692910571, 32.05482774032494], [-116.87965552171762, 32.05493704787558], [-116.87907153220371, 32.05574967260322], [-116.87963096940227, 32.05492083375755], [-116.87920370596414, 32.05477136711421], [-116.87794862948193, 32.05653804602479], [-116.87845782594864, 32.05676800066686], [-116.87904675088599, 32.055947088412246], [-116.8784809794211, 32.05678051140298], [-116.87888200292859, 32.05691097815318], [-116.87903014568333, 32.05664287878985], [-116.8792205164616, 32.05673843076493], [-116.87983363971469, 32.055815896960155], [-116.879240324724, 32.05675384679933], [-116.87973616978644, 32.05700243080849], [-116.88109014294514, 32.055049287970235], [-116.88077599317162, 32.05493905241161], [-116.88030892259951, 32.05510449635601], [-116.88026909005436, 32.055236822786185], [-116.87995380968154, 32.055613003198815], [-116.88024184799096, 32.0552201585779], [-116.88005802387083, 32.05497648542615], [-116.88039823155856, 32.05471257813516], [-116.88224645178173, 32.054622466879685], [-116.88250449525252, 32.05514065946337], [-116.88272340493671, 32.05517682693996], [-116.88300168437519, 32.055120693530334], [-116.88304014353407, 32.05469575960207], [-116.88324953700518, 32.05528205814297], [-116.88509409489258, 32.05515451915165], [-116.88527493424158, 32.05532393680542], [-116.88516949141963, 32.05548901304991], [-116.88406922770695, 32.05555944480015], [-116.8826739117828, 32.055450941417824], [-116.88225322377711, 32.05629041519056], [-116.88159458855083, 32.05986151044112], [-116.88122339333096, 32.06763568492559], [-116.88141184552788, 32.07212429977875], [-116.88233063629475, 32.0796405011377], [-116.88276465040093, 32.08030484568736], [-116.88331858803555, 32.08026106451622], [-116.88457875111304, 32.08112909157204], [-116.88458065445501, 32.081565009413204], [-116.88515933894624, 32.0823435678804], [-116.88521454333399, 32.08275093233564], [-116.88522977100617, 32.08364751323828], [-116.88480146832295, 32.08449460135222], [-116.88645376637393, 32.08525793170675], [-116.8866155688113, 32.086184970011786], [-116.8860217164218, 32.08709850074368], [-116.88440933270888, 32.08773637938256], [-116.88449664806124, 32.08831745230985], [-116.67589362652947, 32.180751090930485], [-116.52926190394848, 32.24535603267914], [-116.14619182715701, 32.23743787789954], [-115.87429434999228, 32.38623176648304]]]]}}, {"type": "Feature", "properties": {"CVEGEO": "02002", "CVE_ENT": "02", "NOMGEO": "Baja California", "CVE_MUN": "002", "NOMMUN": "Mexicali", "cov_": 17, "cov_id": 18}, "geometry": {"type": "MultiPolygon", "coordinates": [[[[-114.74652310235689, 31.801860295448314], [-114.74517747466884, 31.80007123547586], [-114.74345150744549, 31.797146261162958], [-114.74355564346588, 31.795805791771873], [-114.74476745250892, 31.795963438610784], [-114.74511724392289, 31.796977860554794], [-114.74641977591405, 31.798109488605803], [-114.74757186856007, 31.800281200970616], [-114.74779882818075, 31.798537240672246], [-114.74544199700428, 31.794097053795003], [-114.74401161414742, 31.788977415198218], [-114.74229381737304, 31.78416035537195], [-114.73930823312445, 31.777045539352027], [-114.73443511314139, 31.769754893345876], [-114.73046741707817, 31.764869199570303], [-114.72609598630852, 31.760249850242946], [-114.71736482492591, 31.751686323459335], [-114.71398991305375, 31.74877651762327], [-114.70766537199303, 31.74500501317401], [-114.70247867709884, 31.74096599169754], [-114.68626460957486, 31.73119859257017], [-114.67826526267375, 31.725451440841375], [-114.67557751781904, 31.7237199563572], [-114.67257085658984, 31.721252373812323], [-114.67077840722554, 31.720351438299982], [-114.66867415101466, 31.71878298552468], [-114.66694287730594, 31.716909838328444], [-114.66608048423714, 31.714832674892474], [-114.66499644266916, 31.713739833015094], [-114.66373705098893, 31.710172227281586], [-114.66180778682941, 31.708728652145393], [-114.65896664870814, 31.70472776639619], [-114.65818211080447, 31.703133594056585], [-114.65851033103989, 31.70195474541941], [-114.65826981333251, 31.700873866902274], [-114.65731600292548, 31.699737043357565], [-114.65690098249917, 31.698834222087722], [-114.65378437014763, 31.695442992095423], [-114.65346704422497, 31.694862494623077], [-114.65329605529081, 31.693831292537055], [-114.65241918864594, 31.692194011150573], [-114.65216182216291, 31.69094950938496], [-114.65183968910499, 31.69086551602653], [-114.64977598860791, 31.68205288688773], [-114.65014805326072, 31.68071662926566], [-114.65064358178805, 31.679869364383816], [-114.65231455623116, 31.67872780754936], [-114.65438136983718, 31.67797709957101], [-114.65762722264779, 31.67797917614511], [-114.65883332452704, 31.6784327370145], [-114.65929339021928, 31.678397919984732], [-114.65949799190317, 31.678134776321322], [-114.65963293636226, 31.67663866335279], [-114.66078464555872, 31.676006659604987], [-114.66230680496918, 31.675594253067803], [-114.66441263583482, 31.67578154015566], [-114.66611950504887, 31.67659338500682], [-114.6681744890443, 31.67628916531115], [-114.66885286533062, 31.67668357365422], [-114.66950988287451, 31.677751458175482], [-114.67012453844778, 31.677901807696312], [-114.67016501233041, 31.678292576575707], [-114.66891869824676, 31.679607838364138], [-114.66900773248913, 31.68046751221757], [-114.67010921945877, 31.680423473349048], [-114.6705988548767, 31.680701442216613], [-114.66954070436842, 31.681608627255788], [-114.66929344679347, 31.682336238872928], [-114.66953708483547, 31.682908519045384], [-114.67031512645447, 31.682881794346045], [-114.6718088600506, 31.68236172814933], [-114.6740426496834, 31.682090772327793], [-114.67573817200865, 31.68236922371299], [-114.67717346513389, 31.683582951236342], [-114.67966142181834, 31.68461515146748], [-114.6808395984976, 31.685644878206894], [-114.68250376427665, 31.685620459100548], [-114.68612068748732, 31.68605831201552], [-114.68799722804962, 31.686933301679847], [-114.68858579344892, 31.687945514098555], [-114.68951565456912, 31.690399438498655], [-114.69384484539566, 31.697139406542192], [-114.69601640288866, 31.699354774608587], [-114.70041134184318, 31.702595061633062], [-114.70411160885263, 31.704524239492645], [-114.70803669885407, 31.707151284206255], [-114.71079427960258, 31.710256940824532], [-114.71163810935253, 31.710322844824216], [-114.71198877475817, 31.71003619309163], [-114.71175236768998, 31.708494102344332], [-114.71078118135864, 31.707202834822983], [-114.70642497944797, 31.70408855937162], [-114.70164872767617, 31.701805177839788], [-114.69685170605638, 31.69845100835848], [-114.69407843123012, 31.695025776221662], [-114.69128455299422, 31.689536286701806], [-114.69091639520163, 31.686920038271804], [-114.68986813955668, 31.68427273797667], [-114.68970040983984, 31.681723874964202], [-114.69012294400113, 31.680896138637117], [-114.69135610508793, 31.679833977733686], [-114.69300104464305, 31.679099293464045], [-114.69488643967811, 31.679063841555532], [-114.6961302462756, 31.67972281155076], [-114.69818227235469, 31.67967467589952], [-114.7001857949732, 31.68026705785294], [-114.70106395611343, 31.681274606456082], [-114.70149651711596, 31.682646515569758], [-114.70133407933176, 31.684807292798233], [-114.70166220058603, 31.686104480937797], [-114.7021714450751, 31.68674214361673], [-114.7043017690914, 31.6870201342102], [-114.70516513704202, 31.686661391465353], [-114.7051993670848, 31.68533949315048], [-114.70560321916898, 31.684685815753717], [-114.70847696459579, 31.68303827713752], [-114.70877203737905, 31.682576092644606], [-114.70985187541334, 31.682237512776677], [-114.71085893347478, 31.681611275947404], [-114.71185744244964, 31.681315514863634], [-114.71519612282788, 31.68084187783472], [-114.71750414577973, 31.681179487120836], [-114.7186311771243, 31.682119942346404], [-114.72030571162308, 31.682955955250872], [-114.7221795720015, 31.68504172174079], [-114.72284092359351, 31.685175838130903], [-114.7235554021989, 31.684783411227496], [-114.72388289382191, 31.684819969803442], [-114.72482447441101, 31.685581681263187], [-114.72527086267026, 31.686359655424656], [-114.72543848146485, 31.687970771229832], [-114.72435879030272, 31.690238845324668], [-114.72425082865772, 31.691308808589632], [-114.72203962521218, 31.69407473885949], [-114.72209135209467, 31.69457201702005], [-114.72317345821993, 31.694322658979935], [-114.72414489419538, 31.693636172437976], [-114.72553306807067, 31.693196439162655], [-114.72634354715935, 31.693468935016746], [-114.72666546963893, 31.694057052737392], [-114.72628752928884, 31.694809779338147], [-114.72729345298248, 31.69445480852457], [-114.72929117212303, 31.694824583390847], [-114.72992884101316, 31.695302343277557], [-114.73084973217459, 31.69739213838059], [-114.73280352923356, 31.695753380792343], [-114.73440541382053, 31.695354054425117], [-114.74072860192666, 31.69506200689615], [-114.74725767123581, 31.698162761531655], [-114.7528878662, 31.701142403501947], [-114.75598465107332, 31.701790060211486], [-114.76385212035478, 31.705671853015314], [-114.76812758752128, 31.708573540798472], [-114.76958148482473, 31.710118881874905], [-114.77017778028139, 31.711328148154884], [-114.7725602015502, 31.712200307579295], [-114.7765007773686, 31.715613560963074], [-114.78220588528843, 31.72128695490269], [-114.78153915544472, 31.72335665735721], [-114.78462247469963, 31.723100504125064], [-114.78503693988839, 31.723414119769714], [-114.78588474557776, 31.725133664772954], [-114.78998013648038, 31.72865903900205], [-114.79109977374715, 31.72999713785145], [-114.7914968749076, 31.730695370398543], [-114.79125513375574, 31.73102917681079], [-114.79181355529057, 31.73099276353655], [-114.7936416664425, 31.735702302533472], [-114.7957952606351, 31.739681406453656], [-114.79659562457795, 31.7425756643574], [-114.79749208886211, 31.746398166683676], [-114.798068734861, 31.75190551191311], [-114.79916380741952, 31.75609243777126], [-114.80022723052227, 31.763101865199477], [-114.79925830779568, 31.777009124362785], [-114.79927468802134, 31.7827232211062], [-114.80037819829013, 31.788122435686038], [-114.8005304164502, 31.796167471695664], [-114.8017263611826, 31.80098858421789], [-114.80168808263228, 31.803700433217767], [-114.79977903748889, 31.808395103390133], [-114.7996694211534, 31.809182093914895], [-114.79993625822556, 31.81264495190175], [-114.79874019161792, 31.813146137691916], [-114.79746239642914, 31.813325722717668], [-114.79673846811355, 31.813749835375667], [-114.79283980778055, 31.81687515646905], [-114.79179937246974, 31.817487327439018], [-114.7899409629488, 31.818042838298567], [-114.78615799399108, 31.818717146954242], [-114.77600889589168, 31.81778966191717], [-114.76969524880775, 31.816830012403738], [-114.76596782423924, 31.815875381063762], [-114.76465845578787, 31.81535354358722], [-114.76193236817281, 31.814050360385753], [-114.75912879798392, 31.812407510148383], [-114.75526481307828, 31.809791953998765], [-114.754065777355, 31.808635336546626], [-114.75146644416981, 31.806715904018013], [-114.75099696722324, 31.806129854042407], [-114.75044748740572, 31.805851897013135], [-114.74924118154722, 31.804736960940808], [-114.74652310235689, 31.801860295448314]]], [[[-115.57378974987417, 32.65918824905161], [-115.3947225404173, 32.672499169205295], [-115.16839810993532, 32.688368778865375], [-114.97701052003296, 32.70148671951241], [-114.7197180598619, 32.718653569533004], [-114.72331633993325, 32.71428493891332], [-114.72275592002985, 32.712818228976], [-114.72554371958823, 32.71013902880448], [-114.72625785992588, 32.70878708895494], [-114.72914847969375, 32.70539131951027], [-114.72985528960538, 32.700950279119084], [-114.73221405030553, 32.69503051945783], [-114.73371234006211, 32.69290248907776], [-114.7342581097998, 32.69147562953879], [-114.73504427966162, 32.6906277790751], [-114.73763228970384, 32.68909404913155], [-114.7436891505333, 32.6802781492625], [-114.74610239952237, 32.67596196918555], [-114.74717708998995, 32.6693649994522], [-114.74926442039218, 32.66350419904066], [-114.75015925981148, 32.66167384937383], [-114.75252827975302, 32.65910051906523], [-114.75530667955582, 32.65772147913815], [-114.75721668990334, 32.65652465937145], [-114.76231257989234, 32.65158922937504], [-114.76313116994581, 32.650372879021376], [-114.7633019200569, 32.64837562883857], [-114.76297629036034, 32.64683114941154], [-114.76325560029505, 32.64534873956877], [-114.76464378039125, 32.64316801934245], [-114.76842254006903, 32.63995268953894], [-114.77032314039474, 32.63911451907507], [-114.77346632024661, 32.63706741900424], [-114.78142554031929, 32.63255711913803], [-114.783058029931, 32.630277909300794], [-114.7837332899676, 32.627468888769684], [-114.78543472045978, 32.62236990882229], [-114.7875759699754, 32.621586999302366], [-114.79037629005437, 32.621123398853], [-114.7925492798987, 32.62152061885186], [-114.79566068989007, 32.62321653906384], [-114.7974451198215, 32.624632659121986], [-114.79979628945568, 32.62518676895477], [-114.80221933992763, 32.62528047930017], [-114.80422808973005, 32.62495656926495], [-114.805946250183, 32.62411465925385], [-114.80695451968253, 32.62254227918139], [-114.80791706050172, 32.6203535994261], [-114.80903183005861, 32.616885319450084], [-114.80871943029112, 32.61053447908823], [-114.80797546036143, 32.60621310946998], [-114.80714737016682, 32.602864799093204], [-114.80604710960752, 32.6007426891396], [-114.8051594003296, 32.59985524876411], [-114.80318111037109, 32.59894873895892], [-114.80153616974728, 32.594303849502296], [-114.80118809042033, 32.591169048674864], [-114.80131722009855, 32.58835033908623], [-114.80305120048352, 32.58433311871366], [-114.8034188203145, 32.58167244871895], [-114.80706931996716, 32.573580979300424], [-114.80914019953332, 32.57064224945143], [-114.81107494020853, 32.568316569020475], [-114.81206897997818, 32.56479481942052], [-114.81225207963135, 32.56223345940031], [-114.81132145976626, 32.56062725913066], [-114.81025115017438, 32.559787968733666], [-114.80819834983976, 32.55926137954475], [-114.80558918003753, 32.55942104907717], [-114.79845845982688, 32.56114284937255], [-114.79494701949687, 32.56103001882227], [-114.79206374026937, 32.56000488880957], [-114.79181344955956, 32.55784628919758], [-114.79323577950386, 32.55417834904836], [-114.79510623044655, 32.552005659476265], [-114.7988613197464, 32.549558218871425], [-114.80281735031375, 32.5463077686879], [-114.80431914019476, 32.54433365875174], [-114.80456577054099, 32.53915757938451], [-114.80433262005147, 32.53628122886569], [-114.80362133989154, 32.53314005920314], [-114.80321282003204, 32.53000417922051], [-114.80381861975079, 32.527501508790635], [-114.80501362009568, 32.52567588873045], [-114.80654312005947, 32.525060579358], [-114.80861388966488, 32.52458376873199], [-114.80996683055872, 32.52373537951066], [-114.81055751027924, 32.52184788921343], [-114.8104835099823, 32.51989754934674], [-114.80992770971905, 32.5178362287251], [-114.80840091962341, 32.51586057923636], [-114.8077501498486, 32.51272047939286], [-114.80780845026865, 32.510310819518644], [-114.80870917042627, 32.50812097921774], [-114.81073831985594, 32.50689588913013], [-114.81218242954564, 32.50476677948108], [-114.81307431995103, 32.502935799531684], [-114.81342436987552, 32.50005919915413], [-114.81238247961646, 32.499562569472694], [-114.81369335012793, 32.49708070941806], [-114.81382722031123, 32.49576085927129], [-114.81303371019192, 32.49092634925351], [-114.81380331009842, 32.48809201878946], [-114.81593006048827, 32.48297725898176], [-114.81665533883962, 32.48232805981909], [-114.81898277999962, 32.48112368900087], [-114.8237926895082, 32.48010756986817], [-114.82614648973853, 32.48015764895468], [-114.83031062969317, 32.48160902946849], [-114.83107815026723, 32.48169017951256], [-114.83247236960669, 32.48140487927005], [-114.83417054003817, 32.48075117951899], [-114.83494525982347, 32.48019974894809], [-114.83504785020352, 32.479778908868845], [-114.83619342015233, 32.47822291905613], [-114.83823231987418, 32.476664428798735], [-114.83836858038812, 32.475853058748754], [-114.83919611025033, 32.47542422877929], [-114.8407273398652, 32.47538457904047], [-114.84234051017374, 32.47481882872465], [-114.84473897004102, 32.474627119449515], [-114.8464314504501, 32.47375085942459], [-114.84722894026093, 32.47390354945644], [-114.84821349023534, 32.4734435191401], [-114.84907754036573, 32.473423429430035], [-114.85134912013517, 32.474003858887485], [-114.85272849033905, 32.474919179152444], [-114.85381710968306, 32.475919879542616], [-114.85627222037388, 32.476756629145264], [-114.85688937020534, 32.477685349371], [-114.86016407975907, 32.47791645872535], [-114.86256376990563, 32.47943210919252], [-114.86474305012578, 32.4802210891516], [-114.8656893405219, 32.48087093918147], [-114.86646062043913, 32.48089387921641], [-114.86758758042846, 32.481270549147325], [-114.86724331957971, 32.48235867900561], [-114.86750818029755, 32.48257097901586], [-114.868359460041, 32.48250484954714], [-114.86879645970807, 32.48285150879269], [-114.86923921969127, 32.48381721932796], [-114.86954108990135, 32.48637902871645], [-114.87199121990021, 32.48782794953056], [-114.87342878022162, 32.48923304894395], [-114.87480251033713, 32.489313969118285], [-114.87540468004109, 32.48858737956732], [-114.87669253974006, 32.48854150905212], [-114.87801931046677, 32.489153138672556], [-114.87887280036747, 32.490996288895346], [-114.88024491027991, 32.4920307990378], [-114.88154484978577, 32.49224930898132], [-114.8823908200807, 32.492134999166076], [-114.88387001957673, 32.49227341938213], [-114.88701551991419, 32.49169282882975], [-114.88766325016739, 32.49131576897399], [-114.88808882960487, 32.49073173911121], [-114.89018185999487, 32.48987351942198], [-114.89083568966366, 32.48918248900677], [-114.89151022004448, 32.488807538837406], [-114.89213837954054, 32.48800933962254], [-114.89325208018431, 32.48747907880435], [-114.89605352022012, 32.48770716900926], [-114.89678847988627, 32.48799245879968], [-114.89732224949002, 32.487787939136], [-114.89832224981312, 32.48669190920914], [-114.89878654027238, 32.485445978887824], [-114.89887262998678, 32.48449665870886], [-114.89929666036808, 32.483994599423106], [-114.9001325702836, 32.48348017947918], [-114.90117018003136, 32.48341165958196], [-114.90243205958454, 32.48377334916211], [-114.90378776967526, 32.48362137947261], [-114.90435557038373, 32.483462739407514], [-114.90601854043032, 32.482322919485824], [-114.90705848970278, 32.4821094492422], [-114.91036626042023, 32.48236347875558], [-114.9151657996606, 32.48322391957966], [-114.92302151011337, 32.482924399384], [-114.92772589038998, 32.484664348997235], [-114.92895451049888, 32.48482665948619], [-114.93146442983641, 32.48408531921782], [-114.93499658038735, 32.48187467940166], [-114.9356364500627, 32.48103084914332], [-114.93683746028694, 32.477521379546836], [-114.93926805032962, 32.47415496876776], [-114.93935005980352, 32.46840401948181], [-114.93813755016203, 32.463659459402436], [-114.93812831005806, 32.46230511940022], [-114.93783368975049, 32.461238688836495], [-114.93778248044826, 32.4600837087565], [-114.93829768974548, 32.45854022874961], [-114.93837742972113, 32.45757257960904], [-114.93722032029666, 32.45508445898296], [-114.93592000048596, 32.453257019159444], [-114.93457768967416, 32.44777574941902], [-114.93319672029038, 32.44446177916055], [-114.9318164904076, 32.44311264956058], [-114.9316081096872, 32.44266737955107], [-114.9315725404031, 32.441028308727155], [-114.93194047982709, 32.439700739172885], [-114.93275014952307, 32.43814973929338], [-114.9352974798151, 32.43665788955381], [-114.93722001960664, 32.43525625875388], [-114.93977964945616, 32.43308907892261], [-114.94150712009065, 32.43110302945199], [-114.94284543019725, 32.42872408886069], [-114.94485195003544, 32.42624013955763], [-114.94591694981025, 32.42215984918752], [-114.9466127698122, 32.42099261874616], [-114.94828677950339, 32.419276519041205], [-114.95207562974737, 32.416412979569756], [-114.95431894976032, 32.41440581932118], [-114.95524339974271, 32.414094969167714], [-114.95703637021403, 32.41444453932404], [-114.9586394901342, 32.41449561914843], [-114.9592241197998, 32.4140962595131], [-114.96145232001012, 32.411706179341024], [-114.96147866036497, 32.411463719531426], [-114.96085971954025, 32.410686368884505], [-114.96075451023444, 32.405330168957384], [-114.9610065400072, 32.40440951928918], [-114.96070899952358, 32.402661518988566], [-114.96023980024331, 32.401545139423455], [-114.95967054026323, 32.40124324940296], [-114.95850289028998, 32.39982070927232], [-114.95703243012818, 32.39869684881478], [-114.95541231988287, 32.398386229239044], [-114.95357215012992, 32.39662785896705], [-114.95380687974266, 32.39601488880939], [-114.95378051035217, 32.39459236949781], [-114.95449596959696, 32.393354089424925], [-114.95565091029566, 32.39252247919221], [-114.95720805006815, 32.39200487894865], [-114.95949233982667, 32.391834339057866], [-114.96218145057146, 32.39345161952416], [-114.96295421994041, 32.39423668879388], [-114.9639930504969, 32.394164829319024], [-114.96712671019019, 32.39328751874525], [-114.96747703055149, 32.39190048941252], [-114.96845331015766, 32.390653029064254], [-114.9682159096771, 32.390013419615485], [-114.96861164985629, 32.38951185956384], [-114.96788742047652, 32.388560818770046], [-114.9681232500301, 32.38810597873209], [-114.96786307977703, 32.38707345933798], [-114.96730600042717, 32.38567367942862], [-114.96660965048768, 32.384622459224566], [-114.96665673984484, 32.384316429125754], [-114.96740393950627, 32.38366476901827], [-114.96742809037143, 32.38328782930675], [-114.96694982982734, 32.38241004883059], [-114.96535198034063, 32.38144656925494], [-114.96508328043268, 32.38103414931068], [-114.96506414954922, 32.380413338810264], [-114.96559669000588, 32.3792983187359], [-114.96408287997778, 32.37820225917806], [-114.9634641805213, 32.37738850928244], [-114.96321721991045, 32.376697858994184], [-114.96456817046261, 32.366049259416855], [-114.96436031048144, 32.36423199911732], [-114.96389306003286, 32.3630856494782], [-114.96319984986177, 32.36233779925816], [-114.96308105040039, 32.361189199236556], [-114.96223782966915, 32.35929556897976], [-114.96188008055398, 32.35474591943234], [-114.96274177014506, 32.352782919203264], [-114.96266832045212, 32.35209697885289], [-114.9621685097372, 32.35186802910631], [-114.96420036961806, 32.348004318776916], [-114.96527020014835, 32.34423230908497], [-114.9652009498684, 32.3429668288661], [-114.96563362973997, 32.34102942953603], [-114.96659247951914, 32.338793519063714], [-114.96764744973675, 32.33810724931241], [-114.96841540006037, 32.337230119099054], [-114.9726577204742, 32.33545981951656], [-114.97732102017346, 32.331960599156595], [-114.97913894968492, 32.3302318493186], [-114.98022605030175, 32.329705119027636], [-114.98217805001799, 32.32657162955916], [-114.98297548980112, 32.32566036900391], [-114.9848598195841, 32.32449205903725], [-114.9874764804975, 32.32176416937733], [-114.99022729013733, 32.320215678708855], [-114.99196291012048, 32.317839889368315], [-114.99320191043552, 32.31364001935028], [-114.99287286018178, 32.31322407878844], [-114.99290064992104, 32.31294454902362], [-114.99351994014684, 32.31172204886188], [-114.99556462014263, 32.310161119208466], [-114.99798000050853, 32.30897276896295], [-114.9996157399188, 32.30886979871581], [-115.0035097200143, 32.307424399410706], [-115.00760024973061, 32.305421828821096], [-115.00783953998427, 32.304950569202376], [-115.00732432032463, 32.30335494939346], [-115.00770671971439, 32.30262461898813], [-115.0120084497595, 32.300276999341484], [-115.01339768031603, 32.29847325937939], [-115.01744501995286, 32.29499250932377], [-115.02118224961264, 32.292710908752504], [-115.02516225972848, 32.28993334951618], [-115.02610192014032, 32.28617393899463], [-115.02676515031239, 32.285239749190175], [-115.0286298598488, 32.28363245904767], [-115.03142904974968, 32.28235225907096], [-115.03301622032278, 32.28052125872639], [-115.03642784981275, 32.27775594958339], [-115.0404208894896, 32.2732116191932], [-115.04272049028923, 32.27006636873874], [-115.04271625990172, 32.269080548757245], [-115.04176711002061, 32.26727645949177], [-115.04149030955729, 32.26216796901699], [-115.04166734949742, 32.26128596932818], [-115.04365642000054, 32.25862016872533], [-115.04648025969692, 32.256095578828344], [-115.04961274958477, 32.25288994897775], [-115.05302231950708, 32.245174019103025], [-115.05097716979095, 32.24479134956218], [-115.0492837494337, 32.24420765874842], [-115.04705252050545, 32.24306865942197], [-115.04611056963397, 32.2421138492295], [-115.04555871029545, 32.241183718802866], [-115.04328954958736, 32.23491856880289], [-115.04201228969897, 32.232956768844275], [-115.00700463466517, 32.2054843108214], [-115.00576985570652, 32.20640523948934], [-115.00436224953565, 32.20341602926032], [-115.0032160504986, 32.20202800186395], [-115.00272689037085, 32.200969058820796], [-115.00246193941094, 32.20096244879437], [-115.00235731321031, 32.201183569336955], [-115.00274117998578, 32.20215119920193], [-114.99188124998993, 32.19356362935621], [-114.99224782994715, 32.19317342946687], [-114.9917870495227, 32.19278894897837], [-114.99284939992766, 32.19184785941465], [-114.97531824990034, 32.17799547956439], [-114.989736339774, 32.14637764945143], [-114.95700500022018, 32.03863617915022], [-114.96743445019992, 31.996880288981455], [-114.96548456949743, 31.918423878831746], [-114.95622497035276, 31.91552457884835], [-114.95074992003843, 31.913502619563236], [-114.94712664969354, 31.911772168833966], [-114.94513448035075, 31.91012096882804], [-114.94322122013902, 31.906600548809166], [-114.94246222008097, 31.901080819024124], [-114.94146498015193, 31.89888051941216], [-114.93990429026577, 31.893761568724308], [-114.93915104962657, 31.892123579451784], [-114.93787663004743, 31.890775399359747], [-114.92932631015523, 31.8872435993229], [-114.92664958038979, 31.886876289542922], [-114.92283781986404, 31.884875659341038], [-114.91742194040395, 31.883334259031145], [-114.91475873966988, 31.882210259565774], [-114.91361990995043, 31.881343479488745], [-114.91280952015141, 31.88057702912278], [-114.9118546200943, 31.879077709141075], [-114.91084748050629, 31.876583749483782], [-114.91083837030331, 31.874529309019483], [-114.9120503101738, 31.87240876935803], [-114.91218837008675, 31.870068858891333], [-114.9116922604852, 31.868961149209955], [-114.91075947983286, 31.867760798949167], [-114.90968711964034, 31.867260419088748], [-114.90674366044738, 31.86730416940445], [-114.90436480042592, 31.868004979436463], [-114.90315081959025, 31.868470479315903], [-114.89896347966604, 31.871205419237242], [-114.89755540052954, 31.87166873946715], [-114.89565935016924, 31.872110419035916], [-114.89339448030647, 31.872343829242286], [-114.89071538036175, 31.87233461950072], [-114.88703150961467, 31.871591349468957], [-114.88335930980344, 31.87019990891173], [-114.87508509045804, 31.865619058961943], [-114.87161882032802, 31.864483058997443], [-114.86894770998748, 31.864319858716968], [-114.86744930975912, 31.86452019962277], [-114.86077854004498, 31.86630391907193], [-114.85698724962499, 31.8665356593298], [-114.85158261975074, 31.866166909092012], [-114.84693387996856, 31.865265628863387], [-114.84492248991306, 31.86455099907663], [-114.84318573978769, 31.863553818827206], [-114.8415171801475, 31.86188699940462], [-114.84048139990786, 31.860112909311596], [-114.83831443007958, 31.85445885950046], [-114.83562057962618, 31.850210219049128], [-114.83408137016889, 31.845424689135516], [-114.83256491958713, 31.841617349067885], [-114.82569194980825, 31.828819579233755], [-114.82156112045122, 31.823539088734005], [-114.82022517033238, 31.822043778716772], [-114.81885742012084, 31.820905888781084], [-114.8148444496438, 31.81924173908101], [-114.80687765031807, 31.81668013947635], [-114.8087648198983, 31.814027799399298], [-114.80801387960402, 31.813575548921808], [-114.80760071022472, 31.81060717884667], [-114.80811905973255, 31.805366849578256], [-114.80867147312013, 31.79542615219629], [-114.81071447843864, 31.784616022462632], [-114.81304634997325, 31.777275384948], [-114.81479525451144, 31.772801998411783], [-114.81523545402051, 31.772587847182464], [-114.81819788324614, 31.77259974401982], [-114.81913340827235, 31.769265325899312], [-114.81971875609338, 31.76798517626502], [-114.81942203651843, 31.766793264919926], [-114.82031671392181, 31.76281956550704], [-114.82027864273724, 31.76138237023978], [-114.82100199898444, 31.760368720525296], [-114.82091157872401, 31.758041607473704], [-114.82044044629639, 31.75739915275356], [-114.8211304897785, 31.756932778267903], [-114.82123042668279, 31.756642484440906], [-114.82103531067953, 31.75600002917694], [-114.82133988198207, 31.754962584503076], [-114.82092109650127, 31.754372477934332], [-114.8218062574732, 31.752659266397714], [-114.82177770313933, 31.75061293002321], [-114.82067950295291, 31.74914797492295], [-114.82145044775764, 31.748436516523856], [-114.82096027895192, 31.74784403042221], [-114.8209222080205, 31.74688510713455], [-114.82167173805604, 31.746206961412696], [-114.82115063594965, 31.745716792590642], [-114.82191444278502, 31.74535035496284], [-114.8210150073047, 31.744853047942257], [-114.82109590792517, 31.74446995543475], [-114.82153134962955, 31.744334325227204], [-114.82157655886908, 31.7441606254619], [-114.82107687258072, 31.74406068744312], [-114.82098883150697, 31.743860812888915], [-114.8219049244958, 31.743156492285294], [-114.82190254573555, 31.742894750800254], [-114.82136716674088, 31.742495002375477], [-114.82220235757578, 31.742285609581433], [-114.82120298378307, 31.74128861534815], [-114.82067236412512, 31.741012597892492], [-114.82068664149729, 31.740829379404037], [-114.82193585756642, 31.74005605436142], [-114.82212383539213, 31.738937708348946], [-114.82195251448819, 31.738656930817832], [-114.82128150602553, 31.738461816291018], [-114.82160654848614, 31.73794372584371], [-114.82147091852602, 31.73720371423952], [-114.82161844537279, 31.736870589478116], [-114.82191825654706, 31.736742098096222], [-114.82176359216751, 31.73630665741408], [-114.82044299132846, 31.735709411947692], [-114.82140191380883, 31.734840908931293], [-114.82074756204888, 31.733268085331375], [-114.82092364171632, 31.733089625799323], [-114.82162558257863, 31.733051554431277], [-114.8216945879043, 31.732889750911777], [-114.81969584076853, 31.731897516008832], [-114.81966728650535, 31.73122174908189], [-114.81994568417034, 31.731000459465278], [-114.82039778212437, 31.73099570042714], [-114.82046202663552, 31.73071730308904], [-114.81995282226463, 31.729967773278766], [-114.81920329211395, 31.729756001500814], [-114.8194103047598, 31.728885117751542], [-114.81920329247899, 31.728383052464817], [-114.81867743063098, 31.728197454325468], [-114.81773397481223, 31.72819150512131], [-114.81742559662482, 31.727987823144137], [-114.8175740749395, 31.727218781479973], [-114.81714006150523, 31.727203552903823], [-114.81682216585126, 31.72679618939163], [-114.81682597304447, 31.726327911315405], [-114.81782724999367, 31.72581014085107], [-114.8170772437597, 31.72568640925037], [-114.81595794497517, 31.724643252972307], [-114.81745034312506, 31.723501112263364], [-114.8173570676956, 31.723299333031648], [-114.81591987366919, 31.723297429929705], [-114.814886236392, 31.72305948443437], [-114.81514131451326, 31.72206011031967], [-114.81448458267111, 31.721808839469162], [-114.81427899792305, 31.719041050290993], [-114.81412861566776, 31.718605132998945], [-114.81361274922746, 31.718462365217253], [-114.81343000567757, 31.718218708297965], [-114.81349472697664, 31.71795220951886], [-114.8139839443209, 31.717670480113185], [-114.81362083858996, 31.717001852137006], [-114.81395634329797, 31.716706799239336], [-114.8138873384309, 31.715983442490153], [-114.81322822772383, 31.715992960137143], [-114.81318063832097, 31.715781187750707], [-114.81374409528121, 31.715338370880055], [-114.81525743165334, 31.715209880217788], [-114.81613545279312, 31.714938621432626], [-114.81898366754181, 31.713139748936367], [-114.81731328618308, 31.71328251625146], [-114.81571428802084, 31.712811383556698], [-114.81536450837896, 31.712440187268285], [-114.81535023146901, 31.71199046926441], [-114.81584277924985, 31.711248077403873], [-114.81581422576704, 31.710962542337153], [-114.81516463295213, 31.71079122083232], [-114.81454359429172, 31.710362918575267], [-114.81448153975117, 31.709679146728735], [-114.81265648310341, 31.709221569026344], [-114.81269812332523, 31.70865049924186], [-114.81315022124978, 31.708073480089627], [-114.81297176110957, 31.70786527732959], [-114.81216274450364, 31.707918814779923], [-114.81160951960173, 31.7076808682807], [-114.81135372849258, 31.7073953333634], [-114.81141916257423, 31.706657700035386], [-114.81052091697651, 31.705973604908174], [-114.81080050300342, 31.705247870310245], [-114.81034840610201, 31.70507535954968], [-114.81000933206685, 31.70449239122892], [-114.81033055992313, 31.7042365995024], [-114.81054471098915, 31.70314799521259], [-114.81011640801731, 31.702767281933145], [-114.80972974612742, 31.701524013420478], [-114.80885529355226, 31.70130391333766], [-114.80864709120709, 31.70048894773553], [-114.80878391044666, 31.699596650141782], [-114.80798084251192, 31.69890065718065], [-114.80783807444247, 31.698103537880527], [-114.80587501886902, 31.696884063970497], [-114.80588096776374, 31.696223763991117], [-114.80569655878723, 31.695997715038587], [-114.80514928301027, 31.695843050571792], [-114.80414396130368, 31.696842424063185], [-114.80293043621691, 31.697169600530334], [-114.80194295962599, 31.6970863185943], [-114.80086625415065, 31.696485504533552], [-114.80199649798486, 31.695646744042655], [-114.80271033578613, 31.69553966886343], [-114.80349555856442, 31.69578356350424], [-114.80413206372155, 31.695533720560583], [-114.80483400458698, 31.695093519852712], [-114.80558353548014, 31.694153633278916], [-114.80553594559767, 31.693879995093155], [-114.8035669420271, 31.693457640270072], [-114.80307915199452, 31.69315425882067], [-114.80284715506114, 31.6924106771903], [-114.80310294741349, 31.690929463097977], [-114.80289474423432, 31.68990034612161], [-114.80250808165418, 31.689472043443292], [-114.80077107466148, 31.690352444056227], [-114.80011672287188, 31.690423828361073], [-114.7991181675316, 31.689940745417918], [-114.79771826599826, 31.6884103672752], [-114.79683667627324, 31.688360398903978], [-114.79590511683966, 31.685312309541143], [-114.794866481957, 31.683745433993327], [-114.79586585557989, 31.683402792402127], [-114.79559459691629, 31.682617568717642], [-114.79520912528955, 31.682506924774238], [-114.79455953194294, 31.681686010751143], [-114.79439178033853, 31.68093291156126], [-114.79384926314938, 31.68006916751804], [-114.7941740587834, 31.679287514615527], [-114.79385878109441, 31.677612373154926], [-114.79225182628488, 31.67671612417862], [-114.79179021131459, 31.676989762971747], [-114.79231607181933, 31.677330025030447], [-114.79223755020581, 31.677544177408137], [-114.79162364940646, 31.67772025713013], [-114.79085032424695, 31.676413933198187], [-114.79110968501976, 31.676023701004272], [-114.79181162644271, 31.675909486928674], [-114.79183542096024, 31.675645366835585], [-114.79150943480963, 31.67519564961258], [-114.79128338558945, 31.673634722386236], [-114.79082652945817, 31.6737774902388], [-114.7904553327833, 31.673411052762567], [-114.79118582763584, 31.672149939443546], [-114.79075276629888, 31.672199906922874], [-114.79053147590754, 31.67199051499628], [-114.79060286000097, 31.67053904433439], [-114.79104543993981, 31.67014643322189], [-114.79078369931807, 31.66985851786622], [-114.79076704316581, 31.669413559475373], [-114.79147612145431, 31.668602161818573], [-114.7903506366517, 31.667388637218163], [-114.78957017408098, 31.666929401053668], [-114.79163316726438, 31.66583009021723], [-114.79078607769686, 31.664074048227285], [-114.78962014324276, 31.66401694149716], [-114.7893512629883, 31.663629089256123], [-114.7900674807573, 31.663205545186916], [-114.78949879024803, 31.663100849471082], [-114.78922277271462, 31.66275582712489], [-114.7892941564158, 31.66258212632318], [-114.79005082544002, 31.662444116994244], [-114.79004606620123, 31.662222828084648], [-114.78951068718065, 31.662346559319527], [-114.7893108131185, 31.66222758635234], [-114.79028163338292, 31.661637479730302], [-114.79037205219868, 31.661183003014592], [-114.79017455671337, 31.66112827480849], [-114.79015552134882, 31.66074518170799], [-114.78821943308314, 31.660715597953313], [-114.78825988345994, 31.659944651906084], [-114.78882619595657, 31.659325991959243], [-114.78790058532452, 31.658933381306785], [-114.78852162548695, 31.658478904417354], [-114.78862394225644, 31.657950663728407], [-114.78852876261088, 31.65747477188743], [-114.78765074203542, 31.656727621320716], [-114.78769119353926, 31.6555426494819], [-114.7879338980314, 31.655314221104316], [-114.7881813615528, 31.65440764639124], [-114.78901179362953, 31.654545655522966], [-114.78905700335075, 31.65414828541741], [-114.78892613286753, 31.65370094735824], [-114.78825274604853, 31.653665255225153], [-114.7885477989005, 31.652930001463442], [-114.78823608935382, 31.65241127949662], [-114.78761183109692, 31.651969282944584], [-114.78792437970425, 31.651102574778548], [-114.786891693517, 31.650222175076358], [-114.78645863224412, 31.649536890450065], [-114.78664660930654, 31.648292432104256], [-114.78575431181177, 31.647709463971637], [-114.78586138693501, 31.644811280495205], [-114.78721530138382, 31.643568011994013], [-114.78851210673128, 31.64302073654108], [-114.78878942952524, 31.642511439435157], [-114.78787659168516, 31.64169252078933], [-114.78720372881695, 31.641677262834545], [-114.78677145229375, 31.64129158190879], [-114.78645486548176, 31.639749690905695], [-114.78564346784856, 31.639461776145794], [-114.78544002397949, 31.63911318479498], [-114.7846714581684, 31.639165532695994], [-114.7842443453343, 31.638954951479143], [-114.78409443888414, 31.638426709870544], [-114.78466551035446, 31.637384506728626], [-114.78423363784958, 31.63720604692717], [-114.78403992232643, 31.637425080570086], [-114.78368002802061, 31.63741913226455], [-114.7831569325585, 31.637035915468747], [-114.78319143364797, 31.636397029815434], [-114.78368874118902, 31.635988953441732], [-114.78455010562104, 31.63586284146583], [-114.78476425709927, 31.63544048756956], [-114.78560896551487, 31.635496404306235], [-114.78579694442229, 31.63531675505234], [-114.78575887209054, 31.634888452598084], [-114.78525561624329, 31.634586259691687], [-114.78399314266014, 31.634582663413212], [-114.78359079912669, 31.63424552601273], [-114.78416186932803, 31.63317476803891], [-114.78435817521216, 31.633225331989326], [-114.7844265839602, 31.633733940949362], [-114.78474186252224, 31.633727993160935], [-114.78442658362825, 31.63253826186648], [-114.78556970553089, 31.631626211341832], [-114.7838971538808, 31.63149724828726], [-114.78363054602161, 31.631229288481308], [-114.78404587004913, 31.630964843994864], [-114.78463776097966, 31.6312711995902], [-114.7850720127837, 31.631211713560614], [-114.7845842232185, 31.630830999265072], [-114.7850486032672, 31.63013666835669], [-114.78410535708785, 31.6291891711314], [-114.78413060725471, 31.62862047584431], [-114.78456890433745, 31.628096517776772], [-114.78637634156145, 31.62897311258866], [-114.78658050015581, 31.62847770791262], [-114.78717584133739, 31.62818360725578], [-114.7868980393399, 31.62696216999469], [-114.78536647144607, 31.62572705471518], [-114.78614871935609, 31.624736603719377], [-114.78667814908931, 31.624796091362736], [-114.78704696569216, 31.625075678571324], [-114.78760613943936, 31.624781218724383], [-114.78756152434305, 31.62458491447478], [-114.78665732901146, 31.62423691781736], [-114.78664840591713, 31.623463593452627], [-114.78683281422852, 31.62331487753345], [-114.7875674727827, 31.623392209220928], [-114.78767157398968, 31.62428153288177], [-114.78917836769286, 31.623530218526124], [-114.78910341473838, 31.622170356606535], [-114.79098081045069, 31.62240949240914], [-114.79186240035447, 31.62204186489883], [-114.79172677062654, 31.621570732129204], [-114.79225501145427, 31.621381563747853], [-114.79221574996967, 31.621074614545137], [-114.79123600685485, 31.620566599292204], [-114.79114796705892, 31.62030723830562], [-114.79165717109834, 31.619105609702363], [-114.79244477323297, 31.618986637406017], [-114.79184990826313, 31.61838939239251], [-114.79138115433143, 31.61830373224672], [-114.79155961329747, 31.61763510288698], [-114.79111227556446, 31.617256769514462], [-114.7920093319724, 31.61643823457037], [-114.79223776001778, 31.615969479903082], [-114.79225441566088, 31.61521281222717], [-114.79173807338785, 31.61492013813521], [-114.79161909988201, 31.614598911463876], [-114.79199981440327, 31.61456321888746], [-114.7925804017092, 31.614934414827705], [-114.79365591874473, 31.614282443291785], [-114.79553569323913, 31.614356206436895], [-114.79585454064092, 31.614572736966814], [-114.7958997503358, 31.614115879731067], [-114.79503838468486, 31.61383034532428], [-114.79479092075707, 31.613430596246022], [-114.79504314376636, 31.61269296273426], [-114.79565228639657, 31.612535917946342], [-114.79648747706173, 31.612766725795925], [-114.79635184819364, 31.612519261698264], [-114.79661834812585, 31.611988641716593], [-114.79755109551154, 31.611964848065757], [-114.79815547858429, 31.611248629806838], [-114.79925241145673, 31.610813188281714], [-114.79986869052986, 31.611220076220743], [-114.7997068878271, 31.612098097431478], [-114.80024702636753, 31.61297611843447], [-114.8005896675731, 31.612999913077296], [-114.80095372454818, 31.612438360038983], [-114.8026740758891, 31.61200291937107], [-114.80294295477782, 31.61154130352521], [-114.80275973624337, 31.610465787133652], [-114.80294533358806, 31.610394403288545], [-114.80315472688403, 31.610601415876797], [-114.80377814550097, 31.6096734267966], [-114.80524389381128, 31.609121392147944], [-114.80576975485376, 31.609228466801696], [-114.80841333606789, 31.611831598120084], [-114.80917476262063, 31.61235983862952], [-114.8108356268278, 31.613259274557073], [-114.81189270274169, 31.613455580230998], [-114.81194921471447, 31.61311948117281], [-114.81125024812825, 31.612334259407042], [-114.81311217642465, 31.612595999891507], [-114.81314489368177, 31.612063595305184], [-114.81271956521586, 31.611754264933737], [-114.8114911692581, 31.611447909953295], [-114.81113722362579, 31.611138580272865], [-114.81111342906343, 31.610891711018386], [-114.81044123093022, 31.610317666278], [-114.81029846354296, 31.609440239387112], [-114.81066133179445, 31.608979219378543], [-114.8111401983578, 31.608928655551484], [-114.81455769949497, 31.609104141145796], [-114.81444170038283, 31.608717477763424], [-114.81261843803459, 31.608289174838063], [-114.81270766832266, 31.608045280480177], [-114.81367432383117, 31.607741899256492], [-114.81390334665797, 31.60668898775107], [-114.81414129323235, 31.606495656161517], [-114.81669623942155, 31.606745500326053], [-114.8166516248382, 31.606959651536414], [-114.81571768647137, 31.60695667736267], [-114.81436734185144, 31.608033382920816], [-114.81533697178338, 31.607982820090207], [-114.81574415814339, 31.608721345016388], [-114.81622956768007, 31.608802246422755], [-114.81862806378005, 31.608326354112094], [-114.81940852748625, 31.608535747176326], [-114.81959888434325, 31.60895453214012], [-114.81937045629648, 31.610858101259982], [-114.81963695622598, 31.61207638523348], [-114.82043645498652, 31.61335177627962], [-114.82161666719672, 31.614436809962246], [-114.8215405252691, 31.615559916182033], [-114.82195931014624, 31.616035808364654], [-114.82431973529351, 31.6178441984979], [-114.82850758600568, 31.619519339363052], [-114.82888829995522, 31.61978583805327], [-114.82966876261742, 31.62100412210224], [-114.83001140584331, 31.621137372087478], [-114.83068110484027, 31.620992784354257], [-114.83107371600647, 31.620528789427837], [-114.8316804792179, 31.61856573428762], [-114.8325727768976, 31.61770912823616], [-114.83328661514395, 31.61728082521743], [-114.83421460467159, 31.617173749297745], [-114.83542813031376, 31.61745928489654], [-114.83589212494603, 31.617352208792887], [-114.83607058415353, 31.61674544604049], [-114.83599920138492, 31.615353462297193], [-114.83749826084099, 31.61371163454386], [-114.83721272575283, 31.61217688147261], [-114.83767672146257, 31.61132027475474], [-114.8377837957794, 31.610249518442636], [-114.83821209906279, 31.609892599407964], [-114.83949700836627, 31.609892598946782], [-114.84035361451551, 31.609535680509914], [-114.84028222976185, 31.608607690215848], [-114.83963977637961, 31.606823093836343], [-114.83960408364008, 31.606252023332143], [-114.83985392668563, 31.605788028852547], [-114.83889024647424, 31.60407481752677], [-114.83910439734584, 31.603468054172712], [-114.8395327003093, 31.603039751149144], [-114.84146006426904, 31.603111135047875], [-114.84163852288525, 31.60278990829754], [-114.83974685237254, 31.60132653893874], [-114.83878316954988, 31.59818565126942], [-114.83717703355319, 31.59450938316817], [-114.83735549314463, 31.593260166396668], [-114.83803363967677, 31.592260793004467], [-114.83921147293634, 31.59179679831722], [-114.84088899334283, 31.592010949056515], [-114.84552894239732, 31.595330297563326], [-114.84642123982402, 31.595294605158095], [-114.84695661789074, 31.5946878431682], [-114.84692092734646, 31.591118651375876], [-114.84749199674809, 31.58869160122402], [-114.84841998659167, 31.587727919455993], [-114.84952643594605, 31.587014080887798], [-114.8532447609456, 31.587060218894866], [-114.85473192435451, 31.586286894163788], [-114.85532678871718, 31.58554331301991], [-114.85550524854207, 31.584651014835764], [-114.85535653199982, 31.583907433380517], [-114.85260290229989, 31.579929500324386], [-114.8523601971592, 31.57940125944747], [-114.85237755815622, 31.578750482222663], [-114.85316701231936, 31.577377263785994], [-114.85397652439696, 31.576622099160645], [-114.85520432570921, 31.576089098994245], [-114.85629887763231, 31.57604150995689], [-114.85636550326804, 31.57585115290192], [-114.85583250410335, 31.57541333197269], [-114.85556600402667, 31.57403324516194], [-114.85432868371775, 31.570425981839332], [-114.8553756471793, 31.568341574001135], [-114.85607045020201, 31.56781809275048], [-114.85669862769362, 31.56532441805408], [-114.85760282297109, 31.563230491766074], [-114.85813582165265, 31.560851031189795], [-114.85861171412878, 31.554559736167672], [-114.85905905280258, 31.55410288042492], [-114.85865930346384, 31.553046398897045], [-114.85939217697651, 31.552751346504273], [-114.85908760611343, 31.551742453868545], [-114.85943024888111, 31.551199937092434], [-114.85957301654153, 31.54995310028957], [-114.85992517687745, 31.549439136365816], [-114.8596777130213, 31.548515904793977], [-114.86013456871079, 31.54721196025223], [-114.8601821585538, 31.546022230490177], [-114.86057714926926, 31.545056168706388], [-114.86142661695582, 31.54460407079976], [-114.86125291636148, 31.543790296269446], [-114.8622308741988, 31.54165116014141], [-114.8618377873445, 31.540497834745242], [-114.86191630986261, 31.538739414088415], [-114.8614959375667, 31.537806664983567], [-114.86137636987355, 31.535733857036522], [-114.86188497984284, 31.535144940189586], [-114.86251459481369, 31.532742280282317], [-114.8635585836885, 31.53211469762239], [-114.86393037460235, 31.53139490993223], [-114.864198063722, 31.531249167945997], [-114.86412370596838, 31.530957684600594], [-114.86363370039801, 31.530648240860742], [-114.86462636751091, 31.530300358334497], [-114.8648405180727, 31.530669173881158], [-114.866049631676, 31.531298838825915], [-114.8673250228666, 31.531153395345633], [-114.86738153525235, 31.530725091789947], [-114.8667271835543, 31.5305882734443], [-114.86670338948889, 31.529996382179586], [-114.86762691651636, 31.529279569486214], [-114.86866793117014, 31.527982763100894], [-114.86808793709186, 31.527144003260172], [-114.86754958451293, 31.52689713421923], [-114.86723727981601, 31.526462881883155], [-114.86628430604893, 31.526815185503047], [-114.8659716453232, 31.526439705978564], [-114.865904544309, 31.526014257849706], [-114.86730223936178, 31.52582437735132], [-114.86735506303188, 31.525624503385476], [-114.86605445014688, 31.525615936950267], [-114.86532633449211, 31.524947784025926], [-114.8656618390535, 31.524559456269664], [-114.86668119974333, 31.52429390778911], [-114.86615867017314, 31.523298817753126], [-114.86490802574971, 31.5228162634131], [-114.86419561486395, 31.521809751578328], [-114.8646824535235, 31.52010082249723], [-114.86383441270664, 31.519545456079843], [-114.86405696209681, 31.518815568252162], [-114.86339213986149, 31.518033678050863], [-114.86302522649233, 31.516745913150984], [-114.8630723414856, 31.51630333443778], [-114.8633478821754, 31.51619482971485], [-114.86368909715608, 31.515646602547946], [-114.86344591628566, 31.515232575927175], [-114.86372574121545, 31.51472432319597], [-114.86263165776354, 31.51403324221771], [-114.86206772563972, 31.51320281088746], [-114.86153710631956, 31.51177275531868], [-114.8613401270261, 31.510266040008784], [-114.86103971978224, 31.510039991366007], [-114.86089695169429, 31.51033742384122], [-114.86036454755768, 31.510274962866394], [-114.85990352660701, 31.509825840306263], [-114.8584788249098, 31.509891274779246], [-114.85811298249472, 31.50954922789924], [-114.85805349610149, 31.50926666672675], [-114.85840149202106, 31.508650981168053], [-114.85940086619954, 31.508201858197975], [-114.85935922487198, 31.50783898992833], [-114.85859367281664, 31.50726466732382], [-114.85836524479775, 31.506765932379242], [-114.85764759990509, 31.506369990022023], [-114.85778084972615, 31.505677091391348], [-114.85808542051736, 31.505589527336774], [-114.85833669149851, 31.503295725964747], [-114.85777894553804, 31.502185946188412], [-114.85799547146748, 31.50174745282852], [-114.85756717365827, 31.501542540265536], [-114.85697468763351, 31.502242101505633], [-114.85614663589408, 31.502584743501394], [-114.85697468842709, 31.50136645877098], [-114.85673959730981, 31.498480500580786], [-114.85682716217056, 31.496662591970804], [-114.85732256472649, 31.49396999374538], [-114.85808637154034, 31.49190938113005], [-114.85782225207295, 31.491864170820524], [-114.85722024908392, 31.492492349075977], [-114.85712744972447, 31.49181420205939], [-114.85798643538044, 31.491431108727163], [-114.85827910946364, 31.490869556100414], [-114.85902149961723, 31.490341316101475], [-114.85901436203396, 31.489893977431855], [-114.85822457887635, 31.489951083814095], [-114.85798068538239, 31.489736933465764], [-114.85802529910731, 31.489070683835873], [-114.8585785239602, 31.48870484197979], [-114.8569218241465, 31.488463921254933], [-114.85510451119158, 31.487360446301718], [-114.8536113987214, 31.487464548527168], [-114.85358463012788, 31.487071937595196], [-114.85296002246213, 31.48677450406679], [-114.8532009424184, 31.486468148478163], [-114.85386719131034, 31.486447328170776], [-114.8538196014833, 31.4861469209519], [-114.85512533082483, 31.486741786018115], [-114.8574344001929, 31.4871453033415], [-114.85764557683622, 31.487109610798054], [-114.85775265257257, 31.486636694030725], [-114.85653020449519, 31.48210381993818], [-114.8557003684432, 31.480693989915064], [-114.85531668021837, 31.47826693938481], [-114.85506981142046, 31.474498467884125], [-114.85472478906321, 31.474022576431988], [-114.85412100074315, 31.47420103499845], [-114.85393361820063, 31.47360616970496], [-114.85336254721237, 31.47372216949702], [-114.85313947312896, 31.47312968297974], [-114.85321323643161, 31.47236587580437], [-114.85520425002234, 31.470274925388356], [-114.85423759410106, 31.469305294600712], [-114.85368436914166, 31.469120886399605], [-114.85329770675308, 31.46859145590282], [-114.85407698081748, 31.467050754928913], [-114.85550465661838, 31.466125740066257], [-114.85527367308502, 31.463134487383368], [-114.85367663646228, 31.462407435410412], [-114.85337206538534, 31.462093346540918], [-114.8535529034881, 31.461484204212226], [-114.85435113365651, 31.46097874305348], [-114.85413412673074, 31.460320109424398], [-114.85515444051589, 31.458424154388965], [-114.85539428959301, 31.458268061176593], [-114.85557132204683, 31.458376565118794], [-114.85576167876017, 31.45783595133987], [-114.85531043805415, 31.4549483010802], [-114.85616798842005, 31.450099471069485], [-114.85689967285943, 31.447309553479194], [-114.85687587778978, 31.447018069274254], [-114.85645594259454, 31.447083265911356], [-114.85581348763571, 31.446590718453937], [-114.85544943080056, 31.445912571026245], [-114.8555850597497, 31.44564845127467], [-114.85654160440191, 31.4452487017321], [-114.85738393268511, 31.44520230251935], [-114.85776583575989, 31.44498815112022], [-114.85879376312188, 31.43887769495888], [-114.85929701855594, 31.437342942907566], [-114.86000728799188, 31.43619723223463], [-114.85996445761641, 31.436025910920858], [-114.8591114215215, 31.43606517231196], [-114.85913361385118, 31.434810871584386], [-114.85880524835287, 31.43480730173716], [-114.85851971266051, 31.435060714827742], [-114.85830199156177, 31.434985761869772], [-114.85852685050043, 31.434357583910273], [-114.857605999825, 31.433879312092976], [-114.85679579249548, 31.432987014889044], [-114.85670656424492, 31.432572988430522], [-114.85699923689712, 31.43245877386365], [-114.85821633192332, 31.433183319985194], [-114.8591264749023, 31.432804986447582], [-114.86034713912319, 31.432640803073088], [-114.86170343169687, 31.43284424743175], [-114.8626171448622, 31.432437359054877], [-114.8629788234613, 31.43081337733258], [-114.86136332712417, 31.429654421429674], [-114.85872688483694, 31.429854295095456], [-114.85511962190279, 31.429568760569882], [-114.85494830116944, 31.42907383197253], [-114.8553575680493, 31.428940582496043], [-114.85535756758705, 31.428778778807438], [-114.85432012294626, 31.428093494265113], [-114.85391085562509, 31.427236888329386], [-114.85425349828989, 31.426989424243377], [-114.85566213865584, 31.427408209923286], [-114.85695656633303, 31.427998316474124], [-114.85796545683688, 31.428959618578794], [-114.85857459935652, 31.428807333447285], [-114.85876495632822, 31.42835999382502], [-114.85827954587384, 31.427722298406895], [-114.85886013386886, 31.426818103249975], [-114.85871736659546, 31.425847282840106], [-114.85941216929015, 31.42574258685252], [-114.85947879347844, 31.425561747888015], [-114.85829858197596, 31.42507633783785], [-114.8574800468534, 31.42539994459472], [-114.85673765540291, 31.425152481446904], [-114.85664247662366, 31.42487646337922], [-114.85734679680354, 31.424552856478098], [-114.85907904475171, 31.424229249959446], [-114.85878399208598, 31.423696249974984], [-114.85808918879655, 31.42343926935421], [-114.8580606355378, 31.42311566185335], [-114.85840327827704, 31.42283012738284], [-114.8596120441334, 31.422715912316413], [-114.86072563167862, 31.422896750816488], [-114.86098261386805, 31.42283964433112], [-114.86060189950905, 31.422439895046214], [-114.86082080990822, 31.422306645336246], [-114.86160127412349, 31.422820608958347], [-114.86346677148465, 31.421897377905694], [-114.86338111021418, 31.42155473492994], [-114.86264823573387, 31.420917040102417], [-114.86279100376137, 31.420498255380434], [-114.86313364626821, 31.420279344359802], [-114.86171548840635, 31.41989863087606], [-114.86160127364666, 31.419051543146935], [-114.86238173650703, 31.418509025307227], [-114.86340966359813, 31.41861372194006], [-114.86398839633709, 31.418961122941784], [-114.8648031242894, 31.41853995793006], [-114.86543320510164, 31.418545668879087], [-114.8662707747997, 31.419312806734126], [-114.86568066914677, 31.4195298139266], [-114.86636976085497, 31.41976395316543], [-114.86691798907073, 31.41964593247824], [-114.86782218374563, 31.41987245745095], [-114.86888818334349, 31.420746194818456], [-114.86976382409657, 31.422084403911033], [-114.87032311564492, 31.421963764825342], [-114.87065958382514, 31.41897280250335], [-114.87045019208688, 31.41777545823401], [-114.87079473786295, 31.416934080545055], [-114.87068242657786, 31.416513392570575], [-114.87030361674822, 31.416437249266316], [-114.87030980357238, 31.415920191771153], [-114.8686636917118, 31.41546476309709], [-114.8695217256837, 31.415043599533462], [-114.8695959654877, 31.414793755143812], [-114.86897718577288, 31.414430292252128], [-114.86817340351489, 31.414261826765294], [-114.8681105865833, 31.414049102789903], [-114.86919704902182, 31.413957731232813], [-114.86977097456759, 31.41370360522484], [-114.86915850050772, 31.413275302063166], [-114.86941120027583, 31.413088276438607], [-114.87013217692265, 31.413446623548744], [-114.87074893306873, 31.412922665776918], [-114.87070039232987, 31.412444393970958], [-114.87113440589847, 31.41185904677277], [-114.8706347187441, 31.410881087997428], [-114.87083173828835, 31.40988028754392], [-114.87073608390516, 31.408679611321038], [-114.87180969708751, 31.40662804045298], [-114.87301037316865, 31.405098998208466], [-114.87352195711682, 31.404847727467203], [-114.87304159112865, 31.40256011330251], [-114.87240175591722, 31.40251303657466], [-114.87307044366327, 31.401368972072998], [-114.87318275479126, 31.40049618486406], [-114.87377000614735, 31.400379115769358], [-114.87187214805846, 31.3990171125638], [-114.8712325995619, 31.398794053990038], [-114.87001833333106, 31.398958070320933], [-114.86885239695887, 31.399350681148682], [-114.86569961150545, 31.400576104280987], [-114.86534269223239, 31.400933023458474], [-114.86508095048039, 31.40089733083206], [-114.86499766981427, 31.40017159551287], [-114.86534269189914, 31.399445859740226], [-114.86496197800629, 31.3983394097612], [-114.86267338338978, 31.397098514831768], [-114.8617593871229, 31.397299348463644], [-114.86133822290343, 31.397061401878588], [-114.86095988899748, 31.39644750073315], [-114.85941799825632, 31.39560279174267], [-114.86079332582038, 31.39558137751964], [-114.86153095875467, 31.3942298432114], [-114.86179983813172, 31.39316146478593], [-114.8610217550377, 31.393777746572113], [-114.86046186697838, 31.39373087008541], [-114.85792151714023, 31.39445302657477], [-114.85681149919495, 31.39446373450688], [-114.85719697119852, 31.394067553360138], [-114.85797862394692, 31.394042568790734], [-114.85832840519349, 31.393425098948168], [-114.85839265006084, 31.38982735380436], [-114.85818563725935, 31.389495419223564], [-114.85714671890813, 31.389592081874586], [-114.9878237690058, 31.361625959051096], [-115.0297848766607, 31.448355908299384], [-115.0532308372725, 31.440485455259864], [-115.06687698518287, 31.469137572272437], [-115.06885581576364, 31.473668533262785], [-115.06947215476201, 31.476359090463653], [-115.07511500351436, 31.561111943072603], [-115.07203512138935, 31.661936720544794], [-115.07231196904883, 31.67504693314825], [-115.05628442827233, 31.712475301388587], [-115.1066288756543, 31.805491444444243], [-115.14575867962748, 31.824714209932473], [-115.14746310787376, 31.825758300357627], [-115.17531427259698, 31.845217899273067], [-115.17709466232819, 31.846700165245537], [-115.17836353720352, 31.848504308934658], [-115.1811931904637, 31.856998802463803], [-115.18340766275945, 31.832823015280983], [-115.18747439086385, 31.83026973421662], [-115.22770258446262, 31.817612861865864], [-115.2842089860818, 31.796260186414244], [-115.29276090237181, 31.79113088270664], [-115.31191932792237, 31.804588027884247], [-115.38334793983613, 31.772262144947447], [-115.45297747778861, 31.728160579620024], [-115.5373309214319, 31.66979964595302], [-115.56659558030825, 31.64337115835464], [-115.60446985861218, 31.6240434581717], [-115.84779179339846, 31.99005013153886], [-115.87429434999228, 32.38623176648304], [-115.88224227967717, 32.59326425875929], [-115.87929502037596, 32.63608122939574], [-115.57378974987417, 32.65918824905161]]]]}}, {"type": "Feature", "properties": {"CVEGEO": "02003", "CVE_ENT": "02", "NOMGEO": "Baja California", "CVE_MUN": "003", "NOMMUN": "Tecate", "cov_": 12, "cov_id": 13}, "geometry": {"type": "Polygon", "coordinates": [[[-116.73882768525975, 32.56682264555669], [-116.59484251981841, 32.579096279163075], [-116.33602388982634, 32.600122879074746], [-116.08976140054489, 32.61971965004941], [-115.8792950203759, 32.63608122939569], [-115.88224227967714, 32.59326425875928], [-115.87420488990027, 32.386229720232116], [-116.14619182715697, 32.23743787789951], [-116.52926190394845, 32.245356032679176], [-116.60684561721285, 32.21120645597808], [-116.60983592912115, 32.215103680109294], [-116.6109157226453, 32.24420664815014], [-116.61429975901503, 32.243017630669215], [-116.62087556452876, 32.26531425987655], [-116.6352806112701, 32.27430341654868], [-116.68924728799108, 32.28609954245902], [-116.69111512302368, 32.32634247947643], [-116.67131193804305, 32.34345635041154], [-116.65668799993102, 32.35404957079566], [-116.65387761897716, 32.35102526022568], [-116.63939410326869, 32.363777155253274], [-116.64406534259781, 32.37000180245487], [-116.6458799564408, 32.37100247465598], [-116.6472753198367, 32.37239734768589], [-116.65629513858593, 32.37994279395492], [-116.65650375889956, 32.37987670493291], [-116.66576458460494, 32.387544428005974], [-116.65822484114804, 32.393956003031555], [-116.65659260111178, 32.39467193524871], [-116.65297064874818, 32.39829050353362], [-116.66850808709522, 32.41133681252731], [-116.66837466738136, 32.419331812653], [-116.669418575085, 32.422752497454496], [-116.67074835435749, 32.42572460289732], [-116.67010947691973, 32.42675413881752], [-116.66981979818678, 32.42956935493212], [-116.67006122909383, 32.43269302253172], [-116.67087021313128, 32.43477079335209], [-116.67238485351669, 32.44221331671212], [-116.67316789137024, 32.447249729014004], [-116.67552377483902, 32.45006912585399], [-116.67550097491137, 32.455138964864666], [-116.67567500161492, 32.45551875971458], [-116.67627590513503, 32.455862178596405], [-116.67761532971096, 32.455877865560154], [-116.67859918625483, 32.45620961550727], [-116.68017278961555, 32.45750539775559], [-116.68152555490147, 32.45897762341541], [-116.68133593586697, 32.45989865851784], [-116.68145861605997, 32.46154457851992], [-116.68207601871943, 32.46330952856641], [-116.68239534209455, 32.463447806264774], [-116.68495996502747, 32.46720244072211], [-116.68559563533682, 32.46957478029132], [-116.68536419113498, 32.47060932609966], [-116.6867737702809, 32.47233801517074], [-116.69108936595363, 32.48347256637206], [-116.6983123904392, 32.48008809519163], [-116.70001299360779, 32.47868137183428], [-116.70094732708671, 32.47820945609359], [-116.70406932644143, 32.478355642195936], [-116.71506395912472, 32.473065875438465], [-116.71572465674134, 32.47295020355009], [-116.71702102951286, 32.473281880129456], [-116.71812632798238, 32.474051450047725], [-116.71868246636504, 32.476631660997036], [-116.72097193684046, 32.47949837987071], [-116.72106243004102, 32.48040411695565], [-116.72448677825702, 32.48003347674941], [-116.7175903476154, 32.49441893394365], [-116.71449441201905, 32.50698248401558], [-116.71377657317856, 32.50793129150904], [-116.71222568491005, 32.50850299875422], [-116.70973830785718, 32.51766673883944], [-116.71111377461271, 32.52030775151215], [-116.71916024045873, 32.52404331923605], [-116.72013498426416, 32.524137397521024], [-116.72110098441517, 32.52399270870627], [-116.72197847448062, 32.523621072364776], [-116.72269491976266, 32.523053364524216], [-116.72319099623891, 32.52233635640472], [-116.72342578589345, 32.52152938365068], [-116.72339124198832, 32.5206534471004], [-116.72629550796084, 32.52132335020575], [-116.73119968131934, 32.521472994146166], [-116.7307130585925, 32.52634375639303], [-116.73384168145449, 32.52655263073015], [-116.73512308997793, 32.52691249603332], [-116.73629493589709, 32.52748027850353], [-116.73731069512627, 32.52823354676138], [-116.7381301544963, 32.529142387625754], [-116.7419824573563, 32.53778413480331], [-116.7426510959086, 32.5387329586083], [-116.74352789374021, 32.539551169037736], [-116.74576071920427, 32.54067326992802], [-116.75097458858389, 32.54145366376267], [-116.75080303749282, 32.542549609780835], [-116.75525126277806, 32.55660036067315], [-116.73324289116522, 32.558203026004335], [-116.73882768525975, 32.56682264555669]]]}}, {"type": "Feature", "properties": {"CVEGEO": "02004", "CVE_ENT": "02", "NOMGEO": "Baja California", "CVE_MUN": "004", "NOMMUN": "Tijuana", "cov_": 13, "cov_id": 14}, "geometry": {"type": "MultiPolygon", "coordinates": [[[[-117.2456542479495, 32.41390232028001], [-117.24601282950258, 32.41367351897588], [-117.2453324081044, 32.41372494911549], [-117.24484339819878, 32.41345707125207], [-117.2443054541903, 32.414459458194635], [-117.24431231624116, 32.4148203773982], [-117.2441031935235, 32.4150541335953], [-117.24368909890684, 32.41504105567634], [-117.24328308819702, 32.412812593256064], [-117.24287004557605, 32.41212059181803], [-117.24291744144493, 32.41187898528109], [-117.24220075485471, 32.41143625551538], [-117.24249176932472, 32.41013968469762], [-117.24208931695054, 32.409347218298436], [-117.24206873637733, 32.40857780227946], [-117.24268575112986, 32.40687223433974], [-117.24249382966546, 32.40659070865791], [-117.24245932244081, 32.40538005050936], [-117.24217459545686, 32.40514610322046], [-117.2417526916258, 32.40385868008738], [-117.24095471855566, 32.402638169089585], [-117.24079684584193, 32.40046657853169], [-117.2393968750197, 32.39676805711161], [-117.23921377913135, 32.39548679703387], [-117.2396593271492, 32.393777362349994], [-117.23953503407527, 32.39129193559372], [-117.24008462117882, 32.391069028460464], [-117.2403916885973, 32.39123898572317], [-117.24114691079001, 32.39117063425568], [-117.24152803666469, 32.390770299897156], [-117.24195607293034, 32.39106774074738], [-117.24179297517475, 32.391161601935615], [-117.24217396429984, 32.39164126168206], [-117.24248566661761, 32.39269794697787], [-117.24275206152855, 32.3925761098118], [-117.24276890282486, 32.39284601891553], [-117.24313150273936, 32.39314976981237], [-117.24307105025449, 32.393415816637656], [-117.24386362398994, 32.39446089941076], [-117.24382552832184, 32.394755646238494], [-117.24430066549758, 32.39500708370641], [-117.24408615270836, 32.39507156597125], [-117.24442589889948, 32.39547461191332], [-117.24443319560572, 32.396167714457725], [-117.2451583729825, 32.39834909668917], [-117.24519035489382, 32.39882493474079], [-117.2448772150645, 32.39927290831037], [-117.24510383641882, 32.400009426227335], [-117.24502654321188, 32.40075016273983], [-117.24542419625784, 32.40167025810256], [-117.24516258976543, 32.401767428397115], [-117.24487970422648, 32.40249852889892], [-117.24429594805396, 32.404994885402125], [-117.2451871710911, 32.40692993148736], [-117.24548417631712, 32.4071193999966], [-117.24533068539996, 32.40748644313197], [-117.24563853199132, 32.40898979168552], [-117.24652018282926, 32.409541356171935], [-117.24693614654511, 32.40954769626655], [-117.2471634541625, 32.40939514894419], [-117.24725103837928, 32.40885380982642], [-117.24757360694461, 32.40873663202705], [-117.24800843946751, 32.40957508154123], [-117.24874968072417, 32.41011496504579], [-117.24921899155784, 32.41084705363531], [-117.24928414008488, 32.41182013187848], [-117.24947146103497, 32.411951319994266], [-117.24931040114538, 32.412439297128245], [-117.24954703710878, 32.41281594258843], [-117.24953289378614, 32.41350932182236], [-117.24935749419116, 32.413584717782655], [-117.24962617257611, 32.41768523333247], [-117.25082915178055, 32.41942015579438], [-117.25063039158005, 32.41980104387251], [-117.24985017058748, 32.419771020497556], [-117.24883915571947, 32.419234638993125], [-117.24854416845444, 32.41845561444551], [-117.24765199766442, 32.417155392612116], [-117.24678043794707, 32.41662324025626], [-117.24621850783794, 32.4165580934231], [-117.24595449502175, 32.41570799744733], [-117.24613872710313, 32.41533750364236], [-117.24595896235112, 32.41480474873677], [-117.24607623553963, 32.414361473002636], [-117.2456542479495, 32.41390232028001]]], [[[-117.25977836365072, 32.41888419929914], [-117.25934570058942, 32.41909208259594], [-117.259607014484, 32.41963069385673], [-117.25939066406436, 32.41980024187332], [-117.259037266227, 32.41899387996065], [-117.25828926470923, 32.41896145988974], [-117.2578170271871, 32.419356823666135], [-117.25769022324627, 32.418811507354], [-117.25733228000782, 32.41879463933647], [-117.25728118237748, 32.418499931664634], [-117.25761959915282, 32.41838539430033], [-117.25906095070943, 32.41889647452409], [-117.25946208248249, 32.4187729899065], [-117.25962527284229, 32.41791493389318], [-117.25949815276977, 32.41743545599861], [-117.25980709512633, 32.416376935186555], [-117.25944033943428, 32.4158544211547], [-117.2597273156029, 32.41577599580441], [-117.25922472551683, 32.415284583238886], [-117.25951876476582, 32.41519319042835], [-117.25942864187897, 32.41485293140373], [-117.25960725608206, 32.41471307646261], [-117.25979463982499, 32.41505185371104], [-117.26009602890768, 32.41507363308567], [-117.26064053841944, 32.4165160658922], [-117.26107002017491, 32.41639668183304], [-117.26108030415011, 32.41679728790239], [-117.26157218292342, 32.41681397368094], [-117.26150379277767, 32.41727990223494], [-117.2610975313128, 32.41757157077102], [-117.26138112733142, 32.417546313584786], [-117.26133027327771, 32.418742994347525], [-117.2605454157575, 32.42015603697169], [-117.26011285351291, 32.41980805285472], [-117.25977836365072, 32.41888419929914]]], [[[-117.29894356366269, 32.445527735765], [-117.29840451819368, 32.4456165485536], [-117.2980440117198, 32.44540609340309], [-117.29673868167745, 32.44367712965119], [-117.29682848340276, 32.44198784960616], [-117.29628013014715, 32.441901939797155], [-117.29561813591992, 32.44070831080103], [-117.29509999048561, 32.437851757963564], [-117.29517785285789, 32.43679976742852], [-117.29493920661022, 32.43600283666446], [-117.29436854076022, 32.43520983883614], [-117.29448869040995, 32.43473384055413], [-117.29402080445952, 32.4344871090377], [-117.29408055219434, 32.43371938942109], [-117.29439797524073, 32.433796827511635], [-117.29475154003345, 32.43425091602306], [-117.29518544425757, 32.43410928488474], [-117.2964956582702, 32.43489194092388], [-117.29671596901157, 32.43556221683886], [-117.2968715583179, 32.43527745554546], [-117.29705569917802, 32.435335681040286], [-117.29724943596771, 32.43594437122649], [-117.29761812714784, 32.436136105215716], [-117.297669860619, 32.43692979202915], [-117.29790726266522, 32.437125641271926], [-117.29788036435535, 32.43794601120267], [-117.29815834725322, 32.438341416664755], [-117.29804596567489, 32.438763173991546], [-117.2984333837041, 32.43866505225341], [-117.29837103888768, 32.43898542281999], [-117.29884433435359, 32.439787787815966], [-117.29900028101483, 32.4395379452922], [-117.2994366430433, 32.439864483471474], [-117.29971323865256, 32.439695674511334], [-117.3000407085888, 32.44033648144701], [-117.2999532437757, 32.44064061738586], [-117.300229104469, 32.44095109825557], [-117.29986644642486, 32.44108433422954], [-117.29977250581157, 32.44180695182071], [-117.30025030792149, 32.44284541465872], [-117.30016588473558, 32.443945210122195], [-117.30043389664749, 32.44470719481162], [-117.30019328558147, 32.445157759040804], [-117.29949793671393, 32.445665391066484], [-117.2994602027091, 32.44603673745774], [-117.29894356366269, 32.445527735765]]], [[[-117.10046553441046, 32.53655584405934], [-117.07999414055153, 32.538233290629684], [-117.07986190930873, 32.53803343039212], [-117.0723261786153, 32.53852596940286], [-117.06123191963547, 32.539631246655716], [-117.04033703008255, 32.5413612500036], [-117.03660652019197, 32.54193003040909], [-116.9610972297899, 32.54804429110382], [-116.93389919962996, 32.55059104619487], [-116.88910683044031, 32.55428941964478], [-116.88787485969253, 32.55457482921804], [-116.88119564444956, 32.555185088379154], [-116.87550921880212, 32.55543974057348], [-116.8740373489162, 32.555782118937294], [-116.86552382970467, 32.55612928012988], [-116.7388276852598, 32.566822645556734], [-116.73324289116525, 32.55820302600434], [-116.7552512627781, 32.55660036067322], [-116.75080303749284, 32.54254960978087], [-116.7509745885839, 32.54145366376269], [-116.74576071920431, 32.54067326992802], [-116.74352789374021, 32.53955116903776], [-116.74265109590866, 32.53873295860832], [-116.74198245735637, 32.53778413480335], [-116.73813015449636, 32.529142387625754], [-116.73731069512627, 32.52823354676142], [-116.73629493589719, 32.52748027850356], [-116.73512308997799, 32.52691249603335], [-116.73384168145452, 32.52655263073015], [-116.73071305859251, 32.526343756393096], [-116.73119968131937, 32.52147299414621], [-116.72629550796088, 32.521323350205826], [-116.72339124198835, 32.52065344710043], [-116.72342578589351, 32.52152938365068], [-116.723190996239, 32.52233635640472], [-116.72269491976269, 32.523053364524216], [-116.72197847448066, 32.52362107236479], [-116.72110098441523, 32.52399270870631], [-116.7201349842642, 32.524137397521024], [-116.71916024045876, 32.52404331923608], [-116.71111377461276, 32.52030775151216], [-116.70973830785724, 32.517666738839495], [-116.7122256849101, 32.50850299875423], [-116.7137765731786, 32.507931291509095], [-116.7144944120191, 32.50698248401558], [-116.71759034761544, 32.49441893394369], [-116.72448677825707, 32.48003347674938], [-116.72106243004106, 32.480404116955654], [-116.72097193684048, 32.479498379870826], [-116.71868246636508, 32.476631660997064], [-116.71812632798245, 32.474051450047725], [-116.71702102951292, 32.47328188012949], [-116.71572465674139, 32.472950203550134], [-116.71506395912478, 32.47306587543848], [-116.70406932644144, 32.478355642195936], [-116.70094732708677, 32.478209456093616], [-116.70001299360784, 32.47868137183428], [-116.69831239043923, 32.48008809519165], [-116.69108936595363, 32.483472566372114], [-116.68677377028091, 32.47233801517076], [-116.68536419113504, 32.47060932609968], [-116.68559563533685, 32.46957478029134], [-116.68495996502753, 32.467202440722176], [-116.68239534209461, 32.46344780626479], [-116.68207601871946, 32.46330952856644], [-116.68145861606001, 32.46154457851992], [-116.68133593586703, 32.45989865851784], [-116.68152555490153, 32.458977623415436], [-116.68017278961561, 32.45750539775561], [-116.67859918625483, 32.456209615507284], [-116.67761532971096, 32.455877865560204], [-116.67627590513507, 32.45586217859638], [-116.67567500161498, 32.45551875971461], [-116.67550097491139, 32.45513896486471], [-116.67552377483908, 32.45006912585399], [-116.67316789137027, 32.44724972901404], [-116.67238485351675, 32.44221331671215], [-116.67087021313131, 32.434770793352136], [-116.67006122909386, 32.43269302253179], [-116.66981979818682, 32.42956935493216], [-116.67010947691976, 32.4267541388175], [-116.6707483543575, 32.42572460289732], [-116.669418575085, 32.422752497454496], [-116.66837466738136, 32.41933181265302], [-116.66850808709523, 32.41133681252735], [-116.65297064874824, 32.39829050353367], [-116.65659260111181, 32.39467193524873], [-116.65822484114805, 32.39395600303158], [-116.665764584605, 32.387544428006], [-116.65650375889962, 32.37987670493291], [-116.65629513858597, 32.379942793954974], [-116.64727531983674, 32.37239734768594], [-116.64587995644087, 32.371002474655995], [-116.64406534259787, 32.370001802454915], [-116.63939410326873, 32.3637771552533], [-116.65387761897719, 32.35102526022573], [-116.65668799993108, 32.35404957079574], [-116.67131193804305, 32.34345635041158], [-116.69111512302368, 32.32634247947648], [-116.68924728799118, 32.286099542459056], [-116.63528061127013, 32.27430341654868], [-116.62087556452879, 32.265314259876604], [-116.61429975901503, 32.24301763066924], [-116.61091572264536, 32.2442066481502], [-116.60983592912118, 32.21510368010936], [-116.60684561721285, 32.21120645597812], [-116.67227138227106, 32.18235112168953], [-116.82254933413448, 32.2982820044331], [-116.94931889943514, 32.29838786141382], [-116.94930501267223, 32.315279062409104], [-116.90684929933573, 32.335094555900106], [-116.94929056189596, 32.34334020319591], [-116.94928349147858, 32.365896595923445], [-116.96272653953292, 32.37813472049606], [-116.96243528475135, 32.378751752450405], [-116.9742221729547, 32.37483220010051], [-116.98316607749996, 32.39433721532447], [-116.98583275006182, 32.40193535373014], [-117.00395866296795, 32.40889077357828], [-117.02015831523516, 32.41354147918498], [-117.02005251376696, 32.41640679023796], [-117.02452558446149, 32.414748286886486], [-117.02612624500256, 32.415210347592115], [-117.03785936844538, 32.41433930963164], [-117.03822977329304, 32.41175266087561], [-117.03931850487659, 32.41109831307954], [-117.0410366370079, 32.411367842661534], [-117.04092489364379, 32.41157262485336], [-117.04152225695341, 32.41195926821138], [-117.04455032906382, 32.41209826202787], [-117.04610645414944, 32.41237341764397], [-117.05244792627248, 32.4169074749245], [-117.05061146796477, 32.42083433909956], [-117.0629335430885, 32.42635945445882], [-117.06305759483266, 32.42276450473359], [-117.06578142680816, 32.41876382053022], [-117.06559864245739, 32.41777865528599], [-117.0670756050527, 32.41681258057395], [-117.06669808746636, 32.41653304175307], [-117.06695883451107, 32.41623011528854], [-117.06658965972409, 32.415766314168586], [-117.06606863448424, 32.41236099677612], [-117.06741827395332, 32.41052824206066], [-117.06951665496612, 32.41234787421222], [-117.0706013423444, 32.41194365238691], [-117.07332644688744, 32.411459632312464], [-117.09215865432783, 32.40871750754696], [-117.09429190911789, 32.4164636773932], [-117.09638383199379, 32.415647661736855], [-117.09737876362648, 32.41938359413057], [-117.09874457381737, 32.42278146393983], [-117.09931921406759, 32.42544229671667], [-117.09955240062366, 32.428278019120725], [-117.10018950216737, 32.429643830108645], [-117.10156017613704, 32.435825202345406], [-117.10269517901331, 32.438904701124], [-117.10408859165149, 32.44118612794005], [-117.10516791469516, 32.44249530705513], [-117.10677653050229, 32.44558264223362], [-117.10729049397688, 32.446072335223256], [-117.10778875452762, 32.446150857241875], [-117.108635754898, 32.44764248148594], [-117.11043994881572, 32.44934885336473], [-117.11150927955664, 32.44962439548789], [-117.11192949162033, 32.44995882848783], [-117.11249485170187, 32.45001593503759], [-117.11329292264178, 32.45051276583933], [-117.11251285739546, 32.450736566224606], [-117.1127920662984, 32.45095967384903], [-117.11231353716055, 32.45113808919394], [-117.11237492670271, 32.45372503889828], [-117.1131158912519, 32.45451454404823], [-117.11379261035717, 32.454867180032736], [-117.11333004205989, 32.45486146898559], [-117.11325437507695, 32.45557816294359], [-117.11401881654729, 32.455954546272515], [-117.11380932471697, 32.45625574530031], [-117.11438652291093, 32.45655719256669], [-117.11471917242487, 32.45698549474208], [-117.11452088391556, 32.4575475950802], [-117.11561432452663, 32.459201248751384], [-117.11540160136066, 32.45950534445899], [-117.11546156300521, 32.46007498741983], [-117.11632530806256, 32.46172680933754], [-117.11726900201666, 32.4623378552537], [-117.1169977438565, 32.462936051056765], [-117.11742266010687, 32.46472919007223], [-117.11752924971242, 32.464947837388515], [-117.1184544024329, 32.46527854077447], [-117.11869491444563, 32.465709003535245], [-117.11824532007834, 32.46616952930383], [-117.1186853483348, 32.467466381419804], [-117.11917320548486, 32.468019831821806], [-117.12009835630252, 32.467981568868744], [-117.12028147316232, 32.468435262468184], [-117.11993027093006, 32.46873863533124], [-117.12073380022633, 32.468791929756534], [-117.1209797778167, 32.46902561012929], [-117.12064603571157, 32.46947541558597], [-117.12002456325551, 32.46951756576089], [-117.11996159574699, 32.47043480890218], [-117.12032246999573, 32.47101393348656], [-117.12028420663997, 32.47236818053955], [-117.12049192149036, 32.4728423719984], [-117.120513786402, 32.47335619338204], [-117.1202473102968, 32.47329879840552], [-117.12018444898894, 32.47365410039424], [-117.1203976302638, 32.47635849429252], [-117.12112326566982, 32.47789039102461], [-117.121134197849, 32.4794673853375], [-117.12178194087615, 32.4819804620067], [-117.12237502066978, 32.48272249708729], [-117.1230709056276, 32.48282123058606], [-117.12288212918261, 32.483475004017855], [-117.12355804614752, 32.48373111452644], [-117.12347238561537, 32.484120156402575], [-117.1237555416848, 32.48505290421875], [-117.12396850296788, 32.48526348711516], [-117.12440156483862, 32.485021971052774], [-117.12450507168677, 32.48537889140132], [-117.12439085836303, 32.48556329888552], [-117.1236031055457, 32.485585585173325], [-117.12341750846356, 32.4857664236561], [-117.12374266016998, 32.48636963349832], [-117.1234346125384, 32.48656102324488], [-117.12344264168611, 32.48712065604814], [-117.12398277969899, 32.48753468248109], [-117.1234069498983, 32.488210448739395], [-117.12345929870735, 32.48869110058952], [-117.12398629634002, 32.48886582436594], [-117.12351635224593, 32.489827125728155], [-117.12349023170249, 32.490416208987305], [-117.12374007454316, 32.49133944040308], [-117.12429200809898, 32.49152685115449], [-117.12378290451274, 32.49192954684], [-117.12408420064283, 32.49246358115449], [-117.12326894158821, 32.49319066087028], [-117.1233760179647, 32.4940924769751], [-117.12366918776982, 32.49437769511989], [-117.1227078863247, 32.495639998999195], [-117.12349953255287, 32.49947842612033], [-117.12427285679719, 32.505350936613084], [-117.12456410318536, 32.51299757222905], [-117.12449807777445, 32.534255841311335], [-117.10046553441046, 32.53655584405934]]]]}}, {"type": "Feature", "properties": {"CVEGEO": "02005", "CVE_ENT": "02", "NOMGEO": "Baja California", "CVE_MUN": "005", "NOMMUN": "Playas de Rosarito", "cov_": 16, "cov_id": 17}, "geometry": {"type": "Polygon", "coordinates": [[[-117.0629335430885, 32.42635945445882], [-117.05061146796476, 32.42083433909951], [-117.05244792627244, 32.416907474924486], [-117.04610645414938, 32.41237341764397], [-117.0445503290638, 32.41209826202787], [-117.04152225695336, 32.41195926821132], [-117.04092489364375, 32.41157262485332], [-117.0410366370079, 32.4113678426615], [-117.03931850487652, 32.41109831307954], [-117.03822977329301, 32.41175266087556], [-117.03785936844533, 32.414339309631615], [-117.0261262450025, 32.415210347592094], [-117.02452558446146, 32.41474828688644], [-117.0200525137669, 32.41640679023793], [-117.02015831523507, 32.41354147918498], [-117.0039586629679, 32.40889077357826], [-116.9858327500618, 32.401935353730124], [-116.98316607749989, 32.394337215324434], [-116.97422217295465, 32.37483220010047], [-116.96243528475134, 32.378751752450384], [-116.96272653953291, 32.378134720496035], [-116.94928349147857, 32.365896595923424], [-116.94929056189595, 32.34334020319587], [-116.90684929933568, 32.33509455590009], [-116.94930501267217, 32.31527906240906], [-116.94931889943511, 32.29838786141379], [-116.82254933413444, 32.2982820044331], [-116.672271382271, 32.18235112168949], [-116.8844966480612, 32.088317452309816], [-116.88465299019924, 32.08884425637953], [-116.88404575099216, 32.08937535244097], [-116.88428560124751, 32.09938241321702], [-116.884890936332, 32.10834251080965], [-116.88563332849681, 32.1117479962238], [-116.88543535650479, 32.11197832809605], [-116.8854201282631, 32.114614770419024], [-116.88585985275479, 32.114864138342014], [-116.88540870687598, 32.11535525886374], [-116.8863509735596, 32.12180074339998], [-116.88686201721069, 32.123768333481486], [-116.88736938350107, 32.1246294459835], [-116.8869448874899, 32.125704962167084], [-116.88748169345567, 32.127524773787854], [-116.8875711613562, 32.12915422948216], [-116.88863144914075, 32.133195505253624], [-116.88916444771259, 32.134613664482664], [-116.89027613221698, 32.13572534815463], [-116.89073489251525, 32.13654388303555], [-116.89241384028527, 32.13849694486363], [-116.89249379020168, 32.139905585117155], [-116.89310102772627, 32.14080597349353], [-116.89341197689124, 32.14094110850731], [-116.8936130881095, 32.142720963860576], [-116.89487713789794, 32.14443773385057], [-116.89450534663784, 32.14583269343839], [-116.89484739453601, 32.14668632495125], [-116.89465703851174, 32.14828353816559], [-116.89554338694184, 32.15170103905184], [-116.89635804487614, 32.15337748451153], [-116.89715219044436, 32.15404075912926], [-116.89847576536192, 32.15422219186557], [-116.89867504497127, 32.15445121609298], [-116.89837166392242, 32.154873570353246], [-116.89872858333446, 32.15659867891331], [-116.89870984650786, 32.1575847232135], [-116.9003138990524, 32.1612118589682], [-116.90142927062966, 32.16316301711832], [-116.9029342804556, 32.16514689310154], [-116.90401824747491, 32.1656255388795], [-116.90538393366862, 32.16538052097727], [-116.9054142622024, 32.16564672803618], [-116.90583772066446, 32.165726478289706], [-116.90657905612828, 32.16536816638658], [-116.90689036409493, 32.16495024419288], [-116.90778915586242, 32.16505171027738], [-116.90730435601589, 32.165375672541266], [-116.90747935095503, 32.16582955595312], [-116.90720524148216, 32.16627181205902], [-116.907040544464, 32.16646423692192], [-116.90669127711982, 32.166359375829444], [-116.90722586381385, 32.16698436410391], [-116.9072195125042, 32.16747019377841], [-116.90775505607144, 32.167637288370685], [-116.9073635350191, 32.16859662874133], [-116.90651662125235, 32.168717745771936], [-116.90684808011576, 32.16971711921095], [-116.90765416572106, 32.169767382042], [-116.90780645178704, 32.17020520300456], [-116.90715733499509, 32.17088668014764], [-116.90660181025515, 32.170954590814006], [-116.90691399500926, 32.174148779099376], [-116.90758761590162, 32.17730736239238], [-116.90813037475282, 32.17758852820568], [-116.90873190264188, 32.17750667510268], [-116.90851850758105, 32.177808852872246], [-116.90818057790412, 32.17775707981331], [-116.90824720310498, 32.17811685478339], [-116.90845873738078, 32.178228451280816], [-116.90853702091962, 32.17798027376668], [-116.90893843640941, 32.178043567271], [-116.9092299197793, 32.17835670426811], [-116.90940980697594, 32.17912455631405], [-116.90966845920069, 32.179412146948394], [-116.90988598353835, 32.179254613142874], [-116.91020264419843, 32.179555953497434], [-116.91009390185253, 32.180005789838454], [-116.91072615198402, 32.1800400171247], [-116.91076327063026, 32.1803455403896], [-116.91040635221412, 32.18057825107858], [-116.91062764207416, 32.181172165246274], [-116.91118586372119, 32.18115217749994], [-116.91135718501687, 32.18131064922406], [-116.91091485063473, 32.181329104747405], [-116.91098598887008, 32.18183603412208], [-116.91134147988357, 32.18193026157119], [-116.91135575744339, 32.18169326651002], [-116.91190541323512, 32.18148054307961], [-116.91100312117975, 32.18262839539856], [-116.91057767326537, 32.18242852046935], [-116.91001231752655, 32.18276756496803], [-116.91001529175433, 32.1834248915577], [-116.9112357300011, 32.18408538272614], [-116.91100026626552, 32.18456432451266], [-116.91115302661848, 32.184772765475294], [-116.91087034713554, 32.18503403032243], [-116.91105308956375, 32.185339553112236], [-116.91149281374146, 32.1852810183036], [-116.911609882735, 32.18567933976919], [-116.91293191248991, 32.185954880842246], [-116.91315605743648, 32.186207580136625], [-116.9129047861384, 32.186246127044924], [-116.91264637687057, 32.186918563472936], [-116.91280580146892, 32.19163322748041], [-116.9132926376431, 32.19415426631469], [-116.91367811072735, 32.19876566151372], [-116.91482206114365, 32.205746110203386], [-116.91800051935144, 32.21622879826702], [-116.9209219023565, 32.222378514705895], [-116.9217356777488, 32.22479307277922], [-116.92332111241686, 32.22768286893641], [-116.92622215087778, 32.231669299577014], [-116.92698774309011, 32.232293907035896], [-116.92779616475471, 32.23390361322968], [-116.93013041588567, 32.23640918552466], [-116.93126541891405, 32.23792787614162], [-116.93262349639133, 32.23903789396619], [-116.93361394701348, 32.24026034318464], [-116.93639434679827, 32.2424179189749], [-116.9398368323007, 32.243895564398144], [-116.94117349513398, 32.24495382938092], [-116.94312941094984, 32.24592821906694], [-116.94736247320876, 32.24755755521015], [-116.94833507748797, 32.24749687819649], [-116.94922915975322, 32.247719952997684], [-116.95115473917768, 32.2487121878169], [-116.95258598416763, 32.24920830617841], [-116.95483636052937, 32.25079124240952], [-116.95709208944022, 32.25188698438075], [-116.95782912725319, 32.25203867542434], [-116.95841269012435, 32.251856645726534], [-116.95941384810156, 32.25222070275727], [-116.96028472985164, 32.252247472130435], [-116.96078400969023, 32.25161542756879], [-116.96086650856913, 32.25214039705557], [-116.96202952610204, 32.252525869156564], [-116.96291522505383, 32.25253479170513], [-116.96445354614093, 32.253344999293105], [-116.96516203107733, 32.25296488026845], [-116.96556356485281, 32.25307017131847], [-116.9656081798338, 32.25340924379291], [-116.96732139213908, 32.25416234375873], [-116.96794600016676, 32.253967823270244], [-116.96902032719572, 32.25485119668386], [-116.9695664127673, 32.25429261936034], [-116.9694432763636, 32.255168855699544], [-116.97027668244343, 32.2555828824207], [-116.97161512884124, 32.255782756446195], [-116.97211838503317, 32.256457334203425], [-116.97282502877142, 32.256955575025636], [-116.97324369562729, 32.25702910031821], [-116.97399277007833, 32.25667978739047], [-116.9751164502555, 32.25727251933199], [-116.9752414269799, 32.25779756520474], [-116.9776042320009, 32.2584739272915], [-116.97860896031462, 32.25858992588767], [-116.98016155768634, 32.25846143475019], [-116.98201039911253, 32.2591145975269], [-116.9827985306287, 32.25894837889552], [-116.98426612756724, 32.25996941849373], [-116.98521910169298, 32.260204985352765], [-116.98580980352237, 32.2599729875247], [-116.98655398022508, 32.2592645031659], [-116.98657717978818, 32.25876481637208], [-116.987881718779, 32.2594019173831], [-116.98776750555659, 32.25986055839582], [-116.98809408580189, 32.260363813779755], [-116.9898180060795, 32.261045529567895], [-116.9910333147942, 32.26114011323435], [-116.99375660819842, 32.26197173557806], [-116.99571609547543, 32.26134534111896], [-116.99553982243523, 32.26174611775126], [-116.9956750488825, 32.261936042835366], [-116.99601233704071, 32.261957457797166], [-116.99777551768555, 32.26311209126572], [-116.99823059053733, 32.263117445349536], [-116.9986535395262, 32.26285332541002], [-116.99973857269407, 32.26325129004583], [-117.00046668755644, 32.26313886029481], [-117.00059874909856, 32.26348864069394], [-117.00104846681117, 32.26377596116767], [-117.00252432702909, 32.26422567930451], [-117.00329527349422, 32.26387054450693], [-117.00417864804108, 32.264102541892676], [-117.00438387558164, 32.2639865428546], [-117.00531186568635, 32.26445946151542], [-117.00576158452306, 32.26556055751518], [-117.00871152093075, 32.2665974068319], [-117.00872401280765, 32.26708103219342], [-117.00948781998456, 32.267841269967136], [-117.01086374285546, 32.26863720057288], [-117.01380832581408, 32.268821013156945], [-117.01515391228979, 32.26951700486153], [-117.01736383553508, 32.26955061506224], [-117.01925193747158, 32.2682490498792], [-117.01998838054965, 32.267940910068454], [-117.02031674715502, 32.267282988753074], [-117.02173609562507, 32.26786952653444], [-117.02264433551123, 32.26885545601017], [-117.02308822379479, 32.26887812032624], [-117.02356518749934, 32.26836647627863], [-117.0241219807188, 32.26842120390955], [-117.02479061047524, 32.26943009614239], [-117.0257685680967, 32.27019628257093], [-117.02562104172965, 32.27215933689107], [-117.02538904363513, 32.27244011437633], [-117.02563888707228, 32.272967163859], [-117.02574477433132, 32.272766100050106], [-117.02593394125607, 32.272841053120146], [-117.02642172966539, 32.27345733285445], [-117.02716480990841, 32.274918535860564], [-117.02811114718084, 32.275925786388115], [-117.02847520450258, 32.27566880412752], [-117.0289920236496, 32.2761670645577], [-117.02939320126895, 32.275905799543146], [-117.03040542427294, 32.27584012642827], [-117.031017897406, 32.276596794403524], [-117.03088512304498, 32.27778390744874], [-117.03132770268962, 32.27799984298813], [-117.0315186553085, 32.27887072637209], [-117.03106053708693, 32.279249857368946], [-117.03111486997196, 32.27955642687788], [-117.03225212257928, 32.280739197832396], [-117.03317297459726, 32.281279930512234], [-117.03434723901857, 32.28127993010945], [-117.03456317463326, 32.28070172162325], [-117.03510926060844, 32.28070707557965], [-117.03556968736011, 32.28155654283626], [-117.03664579774987, 32.28258803912598], [-117.03728476403552, 32.28291466414984], [-117.03836128978368, 32.28412950631454], [-117.03926068006889, 32.285641079319696], [-117.03926052769134, 32.28651082959976], [-117.0389764803308, 32.28666227151438], [-117.03945946133516, 32.28684003088075], [-117.03965215431056, 32.287352407152014], [-117.04014360580916, 32.28760453807612], [-117.04031805638834, 32.28824160482501], [-117.04026957445944, 32.28986766913967], [-117.03993123919288, 32.29086677918607], [-117.04035775661107, 32.29104523822069], [-117.04052193970568, 32.29161809448124], [-117.04077178445772, 32.29160381724297], [-117.04015788351992, 32.29373105552492], [-117.04063615442085, 32.29424144949754], [-117.04137497738317, 32.29656677822732], [-117.04157128176834, 32.29671311424272], [-117.04176937324996, 32.296597116042136], [-117.04204063085898, 32.2969665269837], [-117.04201921614003, 32.29786953213273], [-117.04242253464479, 32.29886176851173], [-117.04281693007977, 32.298929581713885], [-117.04269995485606, 32.29931392440773], [-117.04346473912119, 32.30043221205219], [-117.04357359885225, 32.3013298643461], [-117.04423925295879, 32.30179921253961], [-117.04457832585248, 32.301583275991675], [-117.04534391810186, 32.301806351587], [-117.04534570313045, 32.30224892985714], [-117.0449066918198, 32.30256123484662], [-117.04562945285151, 32.30300738457835], [-117.04590071212351, 32.303492794565315], [-117.04568299135563, 32.303728359900845], [-117.04568656005877, 32.30415131039306], [-117.04761179305787, 32.31134247730241], [-117.04887707250582, 32.31162444330701], [-117.04883959539085, 32.31279692268424], [-117.04834526164743, 32.313535745341575], [-117.04911442346427, 32.31415321502487], [-117.04951749742293, 32.31396643689593], [-117.05008603367531, 32.314173021793614], [-117.04969847349349, 32.31516838787618], [-117.04969847283459, 32.315733510504344], [-117.04931944902732, 32.316196193443], [-117.04944237445666, 32.31674082695478], [-117.04923237507046, 32.31722911982558], [-117.0500350390859, 32.3180759534065], [-117.04991871658103, 32.31866155907585], [-117.05034042384139, 32.319170338950975], [-117.05069383881971, 32.31936668157498], [-117.05140659660434, 32.31902808184213], [-117.05165505824753, 32.31932399803667], [-117.0510284727255, 32.32105009587939], [-117.0512965222469, 32.32148204735502], [-117.05157310752742, 32.32139326652354], [-117.05162261933216, 32.321724485755226], [-117.05192822934708, 32.321690340291916], [-117.05171345320072, 32.32239243847233], [-117.05127774094943, 32.32291790137358], [-117.05239298837252, 32.324932967051716], [-117.0528395354336, 32.324938062771636], [-117.05271572057491, 32.32514310721084], [-117.05323146859305, 32.32569990112999], [-117.05343688232405, 32.32620192615935], [-117.05325823752678, 32.326560075749725], [-117.05420950628425, 32.32845709414784], [-117.05454896147195, 32.329844487384946], [-117.05746968334161, 32.334088273318706], [-117.0597184752758, 32.33236714996844], [-117.05956499951111, 32.33174968015425], [-117.05975059689912, 32.332442102974866], [-117.05750392439201, 32.33415954503752], [-117.05887373133234, 32.337407593284134], [-117.06403478184265, 32.34702656455643], [-117.06720779306426, 32.35343326336638], [-117.07073415351896, 32.362431195005286], [-117.07132663950061, 32.36482612175197], [-117.07151481490564, 32.36510879547834], [-117.07142480681102, 32.36484588638403], [-117.07162823674247, 32.36463338630765], [-117.07246878083733, 32.36449418816507], [-117.07214577003249, 32.364754739509664], [-117.072372412627, 32.36571306685743], [-117.07345398369601, 32.36737084750096], [-117.07446039047079, 32.36813119372857], [-117.07588449814926, 32.36833106902799], [-117.07548296420954, 32.368563065732104], [-117.07112855049081, 32.36939290289747], [-117.07128559366642, 32.37001751144192], [-117.07621286278129, 32.368781975744405], [-117.07645854318353, 32.36833642203672], [-117.0763710454886, 32.36809735045046], [-117.07528427901309, 32.367436986163575], [-117.07540503594873, 32.36724127490742], [-117.07672920609642, 32.367999134222494], [-117.07682599767554, 32.36851994188977], [-117.07647954795425, 32.36907578403204], [-117.0747096384377, 32.36957731079889], [-117.07469298265168, 32.370247724457855], [-117.07547166147135, 32.3727295020373], [-117.07938170962919, 32.379367009424755], [-117.08106398854031, 32.380903545889595], [-117.0821341517189, 32.38236513030412], [-117.08267964247996, 32.38357687012765], [-117.08374980564597, 32.38507592985533], [-117.08386640030076, 32.38580464012287], [-117.08578602990701, 32.38973967403032], [-117.08759322951772, 32.39240466988485], [-117.08803878432363, 32.39358309799266], [-117.08885077587779, 32.3948781198726], [-117.09098693705309, 32.3977929597861], [-117.09235274729171, 32.40396825656972], [-117.09638383199379, 32.41564766173683], [-117.09429190911789, 32.41646367739317], [-117.09215865432778, 32.408717507546925], [-117.07332644688742, 32.411459632312415], [-117.07060134234437, 32.41194365238687], [-117.0695166549661, 32.41234787421218], [-117.06741827395328, 32.41052824206063], [-117.06606863448421, 32.41236099677611], [-117.06658965972403, 32.41576631416854], [-117.06695883451101, 32.416230115288485], [-117.06669808746632, 32.41653304175303], [-117.0670756050527, 32.41681258057388], [-117.06559864245733, 32.41777865528596], [-117.06578142680816, 32.41876382053019], [-117.0630575948326, 32.422764504733564], [-117.0629335430885, 32.42635945445882]]]}}, {"type": "Feature", "properties": {"CVEGEO": "02006", "CVE_ENT": "02", "NOMGEO": "Baja California", "CVE_MUN": "006", "NOMMUN": "San Quintín", "cov_": 15, "cov_id": 16}, "geometry": {"type": "MultiPolygon", "coordinates": [[[[-114.11617370960417, 28.096703938869883], [-114.1152640804306, 28.09609045923885], [-114.11509568963717, 28.095231769146718], [-114.11523422952803, 28.094323919062006], [-114.11566105045414, 28.093593939407075], [-114.11609766048733, 28.094834999228397], [-114.11626070962916, 28.096217399070802], [-114.11680603026807, 28.096254149109274], [-114.11710624997707, 28.095809998986482], [-114.11627191043648, 28.094907018840672], [-114.11588656981579, 28.09376464901417], [-114.11594411979311, 28.092957999051038], [-114.11783432051142, 28.08717754959999], [-114.11940012016288, 28.087860139107583], [-114.12052985982943, 28.089631688926016], [-114.12100861959414, 28.09114661892679], [-114.12166257995796, 28.092337909503208], [-114.12173751036639, 28.09476913885638], [-114.12137502994504, 28.09555554910369], [-114.12059046008265, 28.09621661882628], [-114.1198089800287, 28.096568429145226], [-114.1178849498211, 28.096890259424452], [-114.11617370960417, 28.096703938869883]]], [[[-112.30373424631732, 28.38873347130452], [-112.29734541552703, 28.385170400871285], [-112.29677498324916, 28.381356278027482], [-112.29802993328597, 28.37975028935938], [-112.29957009744473, 28.378294841495034], [-112.3008250461648, 28.377843147083528], [-112.30031165933286, 28.375986160640664], [-112.29957009792503, 28.37548426680804], [-112.30002644257915, 28.374731420551083], [-112.29974122778813, 28.37292457086741], [-112.30162365122563, 28.372272088453215], [-112.30230816808516, 28.37182036805372], [-112.30276451212723, 28.372773997472187], [-112.30487510932768, 28.373928379301585], [-112.3068113505443, 28.37388740815886], [-112.30869700006716, 28.37503256023552], [-112.31080759466423, 28.37538388767598], [-112.31177732817858, 28.376387673276614], [-112.31331749337095, 28.37673899761379], [-112.31565626094476, 28.37859597037587], [-112.318223202104, 28.378947286971524], [-112.31902180691974, 28.3763876734005], [-112.3201056268175, 28.37618691777254], [-112.32016266876516, 28.3775420169502], [-112.319192935788, 28.378445406201216], [-112.31919293678637, 28.379951038629212], [-112.32056197043069, 28.38220944912817], [-112.31964928070867, 28.382610938509444], [-112.31782390076305, 28.381356278133755], [-112.3179950298772, 28.3826611237113], [-112.3175386844606, 28.38281168301869], [-112.31651190865429, 28.382159261421293], [-112.31685416836922, 28.38396595571003], [-112.31668303722951, 28.384568180461304], [-112.31577034771543, 28.383664841806507], [-112.31582739165516, 28.384768920552514], [-112.31531400266928, 28.384618365578948], [-112.3156562608181, 28.385722434373324], [-112.3149717446233, 28.387027226415306], [-112.31377383791279, 28.3874788818707], [-112.3139449682396, 28.386425016035922], [-112.31286114847246, 28.38592317266959], [-112.31012307752094, 28.386977043469706], [-112.30881108511939, 28.388030903426536], [-112.3077843098847, 28.389335668171505], [-112.30772726603514, 28.390740782364198], [-112.30698570529023, 28.390941511895367], [-112.30550258279919, 28.389385850867207], [-112.30373424631732, 28.38873347130452]]], [[[-115.54533088240538, 28.311506038938536], [-115.54473603776572, 28.311123393124763], [-115.54434989020278, 28.311472937952363], [-115.54383968870968, 28.310967857336546], [-115.54390633105871, 28.31006841124765], [-115.5434226686066, 28.3088979143242], [-115.542603152266, 28.308851269037362], [-115.54204538864387, 28.30820599761242], [-115.54303759591191, 28.307430809948745], [-115.5424658923532, 28.30695971112037], [-115.54219875298907, 28.306290077334857], [-115.54135136770249, 28.306591775959596], [-115.54105157788803, 28.306530398578083], [-115.54117804872011, 28.305885443097154], [-115.540461170105, 28.306493375415094], [-115.54062299325822, 28.305874293029383], [-115.53828010330109, 28.305292099855176], [-115.53780835708807, 28.30484144374878], [-115.53687804891165, 28.304977061291613], [-115.53678595649406, 28.304725267920162], [-115.53682952592975, 28.30391425564137], [-115.53722656389752, 28.30336197144031], [-115.53762799233081, 28.303155329975063], [-115.53837753461649, 28.301939143989042], [-115.53807030406402, 28.301503537547056], [-115.5376767154075, 28.30147884880726], [-115.53682573304499, 28.300223764023333], [-115.53943579146856, 28.298736328499754], [-115.53830911951412, 28.298254052119876], [-115.5384848877466, 28.297460786314605], [-115.53942945837683, 28.296545420565735], [-115.54126071346425, 28.29630543371965], [-115.54148844115278, 28.295997998164648], [-115.54036484312208, 28.29554431243289], [-115.54077407053714, 28.295106326109195], [-115.54160267053447, 28.29523871719162], [-115.54233036074947, 28.294428011826035], [-115.54366509951849, 28.291374948817648], [-115.544053893666, 28.29165953895093], [-115.54506702061737, 28.29168993648737], [-115.54562233787564, 28.29383483756746], [-115.54522536540941, 28.294387152732703], [-115.54394268368586, 28.29518673054834], [-115.54439912415049, 28.295494483671057], [-115.54535688173596, 28.29561602753718], [-115.54529672065445, 28.295967089859907], [-115.5459438383743, 28.296230016694164], [-115.54723841666446, 28.29615029867693], [-115.54719967339702, 28.29670140972075], [-115.5479402690571, 28.29753318684914], [-115.54701784274897, 28.297437529360675], [-115.54680507933939, 28.298493423825157], [-115.54701070823197, 28.29919705164548], [-115.54590981501795, 28.30199982085218], [-115.54697469061324, 28.30312158837746], [-115.54774522334274, 28.3027109635368], [-115.54955650080328, 28.302587905127744], [-115.5492883491994, 28.303734943852586], [-115.54972953664124, 28.30389978687416], [-115.54985531152634, 28.304465930410586], [-115.5494110623834, 28.304272510847493], [-115.54914492979727, 28.30452550544833], [-115.54946138392584, 28.30504682434978], [-115.54877105176804, 28.304989378072236], [-115.5493781185644, 28.305486324409138], [-115.5490242914644, 28.305833177445436], [-115.54852463651105, 28.30573090340063], [-115.54887644215368, 28.306278092451656], [-115.54879623272109, 28.30674617105309], [-115.54909739445888, 28.307124597759213], [-115.54862663501578, 28.307596589917694], [-115.54914875202618, 28.308821521299173], [-115.54885643651059, 28.309134376937827], [-115.54863143229183, 28.31007594293856], [-115.54814399921716, 28.310087980958233], [-115.54742679599586, 28.311301486592427], [-115.54658278908708, 28.311026240368946], [-115.54533088240538, 28.311506038938536]]], [[[-115.57287507583354, 28.313694350110808], [-115.57148369157409, 28.31166461760908], [-115.56996955200782, 28.31213801715242], [-115.57018352168389, 28.312674007920045], [-115.56885615767871, 28.312335389281536], [-115.56816162591349, 28.313155408420144], [-115.56834785286445, 28.31379759924504], [-115.56765727729977, 28.31392483208874], [-115.56698906600901, 28.313530848455084], [-115.56525448356199, 28.31121828260717], [-115.56356746738612, 28.31007887450781], [-115.5629230343004, 28.310271460333002], [-115.56182299847916, 28.309498232575997], [-115.56093354959417, 28.30849958513209], [-115.56092819588122, 28.30808456251877], [-115.56250883234281, 28.307501793026383], [-115.56349453312117, 28.30793838960326], [-115.56382509551605, 28.307737526098443], [-115.56425327694849, 28.3080824294538], [-115.56525231489896, 28.307548459589082], [-115.56716488249532, 28.307872589897446], [-115.56782967306988, 28.307505159860195], [-115.56884312750309, 28.307835526227514], [-115.56926198463657, 28.308458184560585], [-115.57057288685222, 28.308278838281247], [-115.572298454766, 28.310142023113134], [-115.57331117303688, 28.31265365879651], [-115.57344564252593, 28.31354255169555], [-115.57287507583354, 28.313694350110808]]], [[[-115.5923554482648, 28.31676143406117], [-115.59210259869944, 28.31671295716354], [-115.59205206681898, 28.316866726275126], [-115.59192535951361, 28.316650788878018], [-115.59151847263942, 28.316863156337853], [-115.59099915531449, 28.315728152915888], [-115.59115933687221, 28.314910118402132], [-115.59076483118932, 28.314862865574067], [-115.59043810994176, 28.313947005882365], [-115.59030673191046, 28.314864409019123], [-115.5895375704832, 28.3144414600784], [-115.58946797206137, 28.314580658517794], [-115.58908428431707, 28.31417734050768], [-115.5887447352773, 28.31278934122329], [-115.5881879410332, 28.311670399248495], [-115.58750979461124, 28.311140374481397], [-115.58716536837271, 28.311347387617626], [-115.58699583065143, 28.311165358948433], [-115.58704044601164, 28.310588934399743], [-115.58721304780416, 28.310568699151705], [-115.58707392852469, 28.30990078741484], [-115.58675491070342, 28.309933987034004], [-115.58681793486252, 28.3089871341396], [-115.58657953304396, 28.308610142004373], [-115.58640334508365, 28.309080951562468], [-115.58619454777319, 28.308629448301435], [-115.58579479801486, 28.308361759344685], [-115.58592685839055, 28.30824575976534], [-115.58574839883755, 28.307999485846903], [-115.58523086558354, 28.307498014603834], [-115.58489179350772, 28.307442692246827], [-115.58480434666127, 28.307150018552385], [-115.58512111204352, 28.30712083132299], [-115.58497774098767, 28.30693438929832], [-115.58460881605791, 28.306926627365907], [-115.58455093483605, 28.307266017116742], [-115.5837657126195, 28.30700011257498], [-115.58364257563562, 28.3071571561801], [-115.58391026469415, 28.307747858499916], [-115.58372645167803, 28.308056593179494], [-115.5835283608573, 28.307976286287264], [-115.58264308264364, 28.3067188006032], [-115.58291519416326, 28.30622674301753], [-115.58263173034821, 28.30571871027429], [-115.58154020335654, 28.30557130489204], [-115.58118863664397, 28.306515355898615], [-115.58093050537444, 28.30668594803012], [-115.58089417850637, 28.305774749238566], [-115.58063184376648, 28.30564268943228], [-115.57996440543342, 28.305990685499935], [-115.57970223119972, 28.305685992000274], [-115.5793556210639, 28.305868152562663], [-115.5794629329681, 28.306160222534196], [-115.57923807360707, 28.306443973039563], [-115.57904355260116, 28.306245882092952], [-115.57856171300614, 28.306415418921613], [-115.57878835566036, 28.30683836816308], [-115.57854743647931, 28.307379101626424], [-115.5790149999143, 28.307962663292006], [-115.5789400472648, 28.308405243426144], [-115.57814768580523, 28.308189306959576], [-115.57812984013071, 28.308999514570452], [-115.57788535061668, 28.309411755105234], [-115.57747667762257, 28.309579507316972], [-115.57706086691218, 28.30906197459566], [-115.57627386053926, 28.309945349354837], [-115.57593300290668, 28.30978116737731], [-115.57593657212576, 28.309563445954684], [-115.57570992770206, 28.30972406040313], [-115.57557965255096, 28.3109964759865], [-115.57528931013447, 28.310932143117647], [-115.57502999821398, 28.309954272195043], [-115.57561065519229, 28.308933942038102], [-115.57555520083757, 28.308665237397502], [-115.57530482548836, 28.308342782085248], [-115.57479799979996, 28.30825176787282], [-115.57461061838295, 28.308651517315607], [-115.57444286592577, 28.308312444269003], [-115.57466237146686, 28.308237491406], [-115.57458563256382, 28.308016200838438], [-115.57429831251689, 28.308069739098208], [-115.57417160649462, 28.308364197853944], [-115.57392890192143, 28.30794124865215], [-115.57505855134056, 28.306069207559897], [-115.57531291830287, 28.306645067726404], [-115.57529411777384, 28.306120960851864], [-115.57568819171946, 28.3053795726336], [-115.57550113147457, 28.30475396029742], [-115.57568783100592, 28.30484649255863], [-115.57592943447386, 28.304159689983972], [-115.57621675418446, 28.303959815512886], [-115.57590758094491, 28.30225651085114], [-115.57628588881165, 28.302091001663207], [-115.57700408275676, 28.302426454031202], [-115.57737352472154, 28.302971750133164], [-115.5777148894425, 28.302951061459485], [-115.57774148910818, 28.302606741367676], [-115.57843603943085, 28.302928895250886], [-115.57878331376402, 28.302076222970783], [-115.5793758981035, 28.30201711297379], [-115.57957898368424, 28.302183849258686], [-115.57993013243814, 28.302060155851713], [-115.57984137966186, 28.30095628406714], [-115.57869894633168, 28.29973437487327], [-115.57863701516803, 28.299107391098236], [-115.57896860079416, 28.298675809195593], [-115.5789177912983, 28.297509925574108], [-115.57971282876984, 28.297360671424403], [-115.58044059751747, 28.29779571021324], [-115.58095267507531, 28.297690213590084], [-115.58048422264766, 28.296369089065546], [-115.58074052006958, 28.295746619016512], [-115.58178234498557, 28.29719718445234], [-115.58209055490535, 28.297920744311718], [-115.58193363813814, 28.298020325645656], [-115.58207387082184, 28.298529679130148], [-115.58280737230116, 28.29921600018495], [-115.5832008802221, 28.29918291551178], [-115.58324866919523, 28.298717528952775], [-115.58358310036813, 28.298845826367806], [-115.58379442025117, 28.29866406149776], [-115.58389934228542, 28.298121719848755], [-115.58433690142294, 28.2984532156889], [-115.58445793684363, 28.297608935301398], [-115.58489831169763, 28.296878919527202], [-115.58530635302427, 28.296641361073352], [-115.58614551934151, 28.29778188650011], [-115.58629627944768, 28.297427170282067], [-115.58667163138341, 28.297475936113553], [-115.58670371661482, 28.29763347349182], [-115.58719771548078, 28.297065117118745], [-115.58800637042815, 28.297281286645756], [-115.58839618523314, 28.29638682281558], [-115.58873607064503, 28.296478444565697], [-115.58984882947752, 28.29524530796389], [-115.59054929060959, 28.295167664856862], [-115.59013847069757, 28.295683406540437], [-115.59046358051098, 28.295903593450635], [-115.59027146994893, 28.29618584592113], [-115.59036309160727, 28.29657597713493], [-115.59065864452614, 28.296633610079144], [-115.59059510084816, 28.297459681041556], [-115.59153348329419, 28.29792517744261], [-115.59138275142648, 28.298867992433788], [-115.59176105870127, 28.29937634440537], [-115.59256348615116, 28.298726127525775], [-115.59305114856657, 28.298628594351616], [-115.59273047384595, 28.29808477610449], [-115.59287972795637, 28.297749323284254], [-115.59329256768675, 28.29839445988146], [-115.59363191142485, 28.29733702642154], [-115.59389142422494, 28.29710145498387], [-115.59491074595384, 28.297188695440006], [-115.59662343872779, 28.29694797574248], [-115.59836599420476, 28.297874656524936], [-115.59781399001359, 28.298681794174797], [-115.59823057987138, 28.298989647674393], [-115.59939815652484, 28.298151276345198], [-115.5999404956979, 28.299259600463248], [-115.60043998070807, 28.298752727182812], [-115.60091730037318, 28.29862416134822], [-115.60143451811602, 28.299543331768504], [-115.60163992840353, 28.29912068990206], [-115.60214680238609, 28.29881479296635], [-115.60236994413398, 28.299145811921438], [-115.60366003393507, 28.29931132233288], [-115.60399548717633, 28.299816718073796], [-115.60451270652047, 28.29953446538061], [-115.60436197382488, 28.29913103554139], [-115.60483781430194, 28.299027591196925], [-115.60512154485669, 28.299584709669155], [-115.60496238557431, 28.30022554621859], [-115.60509674413001, 28.300337508801316], [-115.6051688334905, 28.29994676218864], [-115.6054097098099, 28.300002917675005], [-115.6053421136719, 28.300541976898216], [-115.60570545636865, 28.299468724242256], [-115.60644858005143, 28.300203892805925], [-115.60665100578613, 28.300708738461818], [-115.60544612990616, 28.30225723799949], [-115.60572206988833, 28.30254534541663], [-115.60453531419677, 28.30388200697209], [-115.60484226398069, 28.30451196891384], [-115.60422840647288, 28.304925563338475], [-115.60419624094949, 28.305505989601688], [-115.60398744329326, 28.30560235677029], [-115.60371618514212, 28.30514907041966], [-115.60300413095327, 28.30532574480063], [-115.6025383511901, 28.305816509059294], [-115.60175134510452, 28.30564161831204], [-115.60170851444612, 28.305829000904538], [-115.60201189637056, 28.30579509329957], [-115.60239558371353, 28.30623410444364], [-115.60221712358523, 28.307228123945833], [-115.60322899014275, 28.30842558856261], [-115.60356373482774, 28.309494021202894], [-115.6032269030872, 28.310300935461374], [-115.6025266949456, 28.310635523610493], [-115.60204580294045, 28.311314848060334], [-115.60174777458259, 28.31124881811026], [-115.60151756332893, 28.31151115458484], [-115.60169066829823, 28.312369544017933], [-115.6013747946646, 28.314475367268248], [-115.60178525178311, 28.314780532800196], [-115.60135873383273, 28.31592981299361], [-115.60105035730683, 28.31608175932312], [-115.60012200920059, 28.315373019371556], [-115.59972582752768, 28.315681754331134], [-115.59829903372294, 28.314420282272383], [-115.59818572226604, 28.314944716610956], [-115.59786806405447, 28.31493043881422], [-115.59780560329845, 28.31422552399764], [-115.5976289283816, 28.31413094007091], [-115.59730413196215, 28.314669888098543], [-115.59748080691676, 28.315424772488154], [-115.59733446970786, 28.31604224244697], [-115.59648143329426, 28.315612155314724], [-115.59653140153264, 28.316204641100946], [-115.59605848383241, 28.316579406018793], [-115.59529289351866, 28.31627780933769], [-115.59485745121329, 28.31561393945699], [-115.59434705665014, 28.316545498585292], [-115.5939901378205, 28.3167721420358], [-115.59391244419467, 28.316450430321648], [-115.5935699532574, 28.316500112072898], [-115.59337266812257, 28.31688278747601], [-115.5928676270389, 28.31706659986686], [-115.59273199852379, 28.317591271428626], [-115.5923554482648, 28.31676143406117]]], [[[-112.89287253337262, 28.678514988145082], [-112.8906812468735, 28.67792085988263], [-112.88998655955089, 28.678072012469347], [-112.88945646538784, 28.677806730211195], [-112.88875017330474, 28.67774359611858], [-112.88820007087234, 28.677780498051145], [-112.8875807323643, 28.678212109970083], [-112.88718309439253, 28.677736773187767], [-112.88720702348255, 28.67721139054807], [-112.8868660766114, 28.676603691749396], [-112.88560075728677, 28.676317326961247], [-112.88413804540956, 28.676362519645213], [-112.88332507133933, 28.676143481193623], [-112.88251541504772, 28.675582235724885], [-112.88107166645754, 28.67522215121232], [-112.8799646944238, 28.675203020167338], [-112.87907871029218, 28.675633620107423], [-112.87903926868347, 28.675332184877565], [-112.87840470034253, 28.6751039892067], [-112.87749317855778, 28.6754934356113], [-112.87686490363738, 28.67459897645623], [-112.87638680813676, 28.67465189657922], [-112.87611529300187, 28.67494764645881], [-112.87470227927649, 28.674512780858606], [-112.87435165442291, 28.67459055581899], [-112.87269495807554, 28.67362866342913], [-112.87203170973332, 28.67356524277037], [-112.87213485569211, 28.672897775016366], [-112.87095796502267, 28.673441689957183], [-112.87071040073951, 28.67330129011421], [-112.87051016229353, 28.673709526503217], [-112.86932881694898, 28.672393630049402], [-112.86866891428242, 28.672090348835425], [-112.86843001753093, 28.671583314169947], [-112.86742884430988, 28.67110157633549], [-112.86700084755726, 28.671094109263514], [-112.86657720488714, 28.671545539062958], [-112.86618330534844, 28.6711178979056], [-112.86548633292273, 28.671594918852048], [-112.86530593312582, 28.671332908975177], [-112.86456916098311, 28.671536543552836], [-112.86362291735544, 28.672615935958092], [-112.86261086778514, 28.672008614906385], [-112.86228457894946, 28.672184974421285], [-112.86204082083056, 28.67266136566683], [-112.86132630691675, 28.672514964500927], [-112.8611935131077, 28.672869124041046], [-112.86058326545576, 28.672701361692358], [-112.86024143758596, 28.67299757410403], [-112.85989974692967, 28.672410190598605], [-112.85903145859781, 28.671747914871737], [-112.85856683849742, 28.670602328939324], [-112.85820616914455, 28.670321830649506], [-112.85705777737725, 28.670850128795696], [-112.85548265567793, 28.67081463754606], [-112.8555177067763, 28.670136519080394], [-112.85521932643661, 28.66961630540693], [-112.85518564961599, 28.668833651857007], [-112.85488362861719, 28.668871566824624], [-112.8547687389984, 28.668427094588036], [-112.85405976215591, 28.668035021999753], [-112.85355546760405, 28.66821937266616], [-112.85344778484243, 28.666364552482516], [-112.85282520021808, 28.666024980736708], [-112.85229226272592, 28.665275995474587], [-112.84992887657211, 28.663225239900935], [-112.84785508556726, 28.661979514493122], [-112.84384528460964, 28.659973494474112], [-112.84149003838537, 28.65944609759437], [-112.83938276637642, 28.66015338885421], [-112.83929397712015, 28.660318079434102], [-112.83999194327627, 28.660804484333326], [-112.83923795296379, 28.660679479824584], [-112.83866542865864, 28.661163455695835], [-112.83899927678289, 28.660002931424085], [-112.83819993655872, 28.65845996402312], [-112.8378474501554, 28.65814414800581], [-112.83778172391867, 28.657669469868697], [-112.83724787771608, 28.65778220643102], [-112.83757573533791, 28.657380374003697], [-112.83748880200012, 28.657022740414217], [-112.83667885025945, 28.657120886983225], [-112.8360311336832, 28.65689986081654], [-112.83563193905637, 28.656392177574816], [-112.83362822635817, 28.654894409408534], [-112.83280849630269, 28.653885508655694], [-112.83072633905344, 28.65249612266127], [-112.82891684940287, 28.650963407235615], [-112.82727671035805, 28.650246364214432], [-112.8246987024364, 28.649521280944434], [-112.82298623614038, 28.6479983693199], [-112.82173871620213, 28.646131260800132], [-112.82028917749355, 28.645115028631462], [-112.81644113560392, 28.643308300942643], [-112.81413511014497, 28.641644232951098], [-112.80609647390897, 28.63791195397215], [-112.80304864767099, 28.63584140708254], [-112.80187906719989, 28.63298455275746], [-112.7998855582556, 28.63031224311718], [-112.79757152081517, 28.628288010239178], [-112.79777343885205, 28.62743459293328], [-112.79332844028202, 28.623400925750968], [-112.79007130217157, 28.621183813912253], [-112.78734013984035, 28.619644247087237], [-112.78432834373146, 28.618810548988375], [-112.78248123035802, 28.615837358068376], [-112.7826804900207, 28.61496104296365], [-112.78197464523346, 28.612802148347413], [-112.77997272373337, 28.6103298683882], [-112.77768925496599, 28.609042968839216], [-112.77598613075902, 28.608586658606647], [-112.77456735516908, 28.607482043400744], [-112.7712047893261, 28.605487466487986], [-112.7705892880795, 28.60543842168253], [-112.76750387455968, 28.603904911529458], [-112.76582700747547, 28.603356840058822], [-112.76523588617175, 28.602796641072057], [-112.76396682623742, 28.602251456764495], [-112.76190381547302, 28.599960642379322], [-112.76069018421347, 28.597673394273315], [-112.76054295657914, 28.595944795042417], [-112.75979220935491, 28.59470580765559], [-112.7589731662457, 28.593860982357253], [-112.75658590341064, 28.593259807024705], [-112.75330834835147, 28.592738061345262], [-112.75256022744063, 28.591528838483047], [-112.75346687951581, 28.591408784081935], [-112.75382056583825, 28.591175529307243], [-112.75424082624181, 28.590128613152718], [-112.75804906067093, 28.585799825798066], [-112.7612210518945, 28.5839708702624], [-112.77216002838746, 28.57686041902647], [-112.77337877876263, 28.576419779242382], [-112.77589940482643, 28.57691171076324], [-112.77623051170183, 28.577609062788717], [-112.77796737751842, 28.579262045920206], [-112.77959424764295, 28.580023130591602], [-112.78143910506316, 28.580276399871536], [-112.7820430585431, 28.58007014815684], [-112.78261125881387, 28.58036207324758], [-112.78301171875862, 28.5809780055978], [-112.78266694756776, 28.582606343742274], [-112.78259336552463, 28.584529498612742], [-112.78348372463057, 28.586208720744708], [-112.78399714286532, 28.586654146228167], [-112.78539102104924, 28.587070992371522], [-112.78932232996902, 28.587275507893796], [-112.78949688232836, 28.58797850060915], [-112.78950937528263, 28.590926165257557], [-112.78987372834105, 28.59299952353576], [-112.79117264127481, 28.59561842840481], [-112.79192537968517, 28.599311008358374], [-112.79378755892186, 28.601661577131093], [-112.79512124788829, 28.604307762679554], [-112.79623225306774, 28.607265673403656], [-112.7980629774427, 28.609239435727257], [-112.79890731659161, 28.610578015514694], [-112.80064294585472, 28.611641361157286], [-112.80262560053295, 28.612123918612365], [-112.80379052354034, 28.612610419468933], [-112.8059813579349, 28.61420871894673], [-112.808541714523, 28.615597188123758], [-112.80899765192392, 28.61625718297768], [-112.80893855709515, 28.617994066891416], [-112.80946496146235, 28.618917046949953], [-112.80993979176772, 28.619237633724477], [-112.8120634469246, 28.6200876910671], [-112.81593805936627, 28.62089464522437], [-112.81658440813808, 28.62115336115395], [-112.81823619709655, 28.622457159210203], [-112.82128771396017, 28.62362019163316], [-112.824435638727, 28.624138472831138], [-112.82983211381912, 28.627348086529913], [-112.83156763467647, 28.628803948378003], [-112.83324490129964, 28.630856533792286], [-112.83677357814095, 28.633335731018338], [-112.83836532247712, 28.634687550620264], [-112.84046860737907, 28.636770275073246], [-112.84285685442053, 28.639594496294738], [-112.84376963334712, 28.640177061702087], [-112.84474179127987, 28.64042065283773], [-112.84676385763832, 28.640423772322062], [-112.85060850648946, 28.64133000448675], [-112.85349182122962, 28.641090412884047], [-112.85388469522904, 28.64217575246178], [-112.85519042871351, 28.643829221832622], [-112.85572700566934, 28.644192023596595], [-112.86076562360664, 28.644106755159623], [-112.8613253719689, 28.64453059201269], [-112.86171953891824, 28.644582734261242], [-112.86292285542183, 28.644462919046852], [-112.86469730013762, 28.643938055957683], [-112.86784550599548, 28.643968696118545], [-112.86757914827693, 28.64510981542718], [-112.86640363100646, 28.646664534108425], [-112.86573938938209, 28.64907608105352], [-112.866429026239, 28.652254745329582], [-112.86678657980416, 28.652871614235682], [-112.86733409219487, 28.653355095664566], [-112.86804937250724, 28.653434487346395], [-112.86880582372854, 28.65331434692601], [-112.86941300501195, 28.652875727962297], [-112.87012695167681, 28.654207092013422], [-112.87208519953784, 28.654983546817878], [-112.87253519945999, 28.65638571554145], [-112.87333037442977, 28.657849005809567], [-112.87525924607579, 28.659830532898745], [-112.87603874815319, 28.659736717365472], [-112.87628758186057, 28.659883393741932], [-112.87712704560471, 28.662665480143165], [-112.87729816858821, 28.664524828725213], [-112.87815127556591, 28.665750978916407], [-112.8786828665419, 28.66625339670604], [-112.8801684173405, 28.66647265976306], [-112.88138732866982, 28.667436498714473], [-112.88493658894052, 28.669523667143363], [-112.88534413815835, 28.66997038813373], [-112.8865481528047, 28.672419089536955], [-112.88808580225096, 28.673617575877355], [-112.88901574982997, 28.67407481417606], [-112.89061546874669, 28.674278265551298], [-112.89137753601102, 28.67469333328463], [-112.89271582242382, 28.676278676809677], [-112.89403760592853, 28.6785564263417], [-112.89385176893163, 28.678675244121692], [-112.89287253337262, 28.678514988145082]]], [[[-112.90425106488053, 28.698062690661978], [-112.90472111148458, 28.698116961273108], [-112.90472474390309, 28.69829012957475], [-112.90436061925932, 28.698430158380063], [-112.90448465559422, 28.698933118140243], [-112.90416283055127, 28.69932043456175], [-112.90387718608262, 28.699229197234786], [-112.90394548489702, 28.698853354728264], [-112.90365610772125, 28.69852573231372], [-112.90425106488053, 28.698062690661978]]], [[[-112.93138541258843, 28.709352873112095], [-112.93098686030322, 28.70949051932466], [-112.93071735157204, 28.709224781323638], [-112.93032084139014, 28.709340794838216], [-112.93010512358421, 28.70912951991775], [-112.9306105295161, 28.708037017859446], [-112.9303966495848, 28.70752602190237], [-112.93004195481379, 28.707411998259914], [-112.92965768639284, 28.707667116603982], [-112.92935562617458, 28.707587656931874], [-112.9290436894821, 28.70700945653472], [-112.9288183017222, 28.70713677753276], [-112.9289544669395, 28.707701186126055], [-112.92872987618931, 28.70773200177553], [-112.92854765123951, 28.707395079170826], [-112.92789852537815, 28.70706557880357], [-112.92733957702426, 28.705959492854532], [-112.926811191221, 28.705988379810915], [-112.92666951654024, 28.706285094326862], [-112.92610254231501, 28.706195461042284], [-112.9257861220407, 28.70480098023208], [-112.9242895140052, 28.704179805391984], [-112.92388218892252, 28.70374630780767], [-112.92305579088826, 28.703341200225626], [-112.92206590661453, 28.70219951192582], [-112.92179865063426, 28.701537743933475], [-112.92110416777173, 28.70096570180889], [-112.9207775646168, 28.699692173930757], [-112.91967472452399, 28.69969508323005], [-112.91967330204712, 28.699338801563893], [-112.91925580721991, 28.699613102535924], [-112.91915704883237, 28.69932169267963], [-112.91777549249167, 28.69907767218995], [-112.91656206779963, 28.6983284621148], [-112.91582030627976, 28.698224118904545], [-112.91547165759195, 28.698495127856607], [-112.91580328464056, 28.69916866129244], [-112.91543308548964, 28.70008983032185], [-112.91512130713038, 28.70013608994424], [-112.91401089250762, 28.699578411863424], [-112.91367846791907, 28.699828400826117], [-112.913682160195, 28.700645946220362], [-112.91321155380496, 28.700736610909065], [-112.91310889872025, 28.700102749793043], [-112.91252116326422, 28.699747610346076], [-112.91309521755599, 28.69909587827385], [-112.91273473661846, 28.698409574781078], [-112.91190265382913, 28.69787638350044], [-112.91120746347238, 28.696991822305577], [-112.90958733997604, 28.696462006109307], [-112.9087330751689, 28.69673396843518], [-112.9077775911192, 28.697984144231878], [-112.90732891338229, 28.698177464389488], [-112.90645367936106, 28.69814791126596], [-112.90401176918961, 28.696399923648702], [-112.90332393899403, 28.696464102486992], [-112.90264100672827, 28.696270216347287], [-112.90230869204255, 28.69580703691393], [-112.90149570795892, 28.695610281111364], [-112.90091476427394, 28.695945883202562], [-112.90007438343913, 28.695864407577954], [-112.89845595565659, 28.697482500038966], [-112.89761047600713, 28.697231747503853], [-112.89734127052249, 28.69682329883048], [-112.89763890138332, 28.693780432742894], [-112.89738453212688, 28.69166238093423], [-112.89818605554944, 28.69087378162436], [-112.89834544503665, 28.689875021309614], [-112.89880355426976, 28.688934834294457], [-112.89837944178413, 28.687717827513353], [-112.89865912731685, 28.687221432621453], [-112.89841914122249, 28.686119303446272], [-112.8984336614278, 28.68470084876312], [-112.89800805099371, 28.683772641022934], [-112.8971851755017, 28.682985013024226], [-112.89506545070219, 28.682319909861672], [-112.89477619455805, 28.681753342485813], [-112.89510801154309, 28.681515844281396], [-112.89507185346248, 28.679904976097287], [-112.89532625598551, 28.6798812578475], [-112.89572951204043, 28.68032472805455], [-112.89632401566656, 28.68052633257053], [-112.89706800821112, 28.681343587642257], [-112.89768609606298, 28.68151636646535], [-112.89750202945635, 28.682208261243687], [-112.89884318372744, 28.683497019788568], [-112.9000405970756, 28.683623308842755], [-112.90134424720826, 28.684582111596413], [-112.9025003272649, 28.685123296554917], [-112.90330525592728, 28.685840534656677], [-112.9054596695638, 28.686744038911705], [-112.9071725925925, 28.686823057313536], [-112.90841732564638, 28.68754873963433], [-112.90989971848494, 28.68789943687791], [-112.91160266142742, 28.68956231153181], [-112.91460451804642, 28.69128592769391], [-112.91569622716743, 28.691682934072958], [-112.91766922141305, 28.691964723795294], [-112.92069408511256, 28.69342648269323], [-112.92224845155047, 28.69348312254739], [-112.92407594620141, 28.694206329154593], [-112.92549952263246, 28.69446119399392], [-112.92634142951405, 28.69430238361368], [-112.92708222596411, 28.694753639689512], [-112.9283841550711, 28.69652011010419], [-112.92984707507682, 28.69754015643864], [-112.930264582449, 28.697581953600526], [-112.93121978897284, 28.69727075286222], [-112.93093132498706, 28.69659506753875], [-112.93102266455917, 28.69642719163335], [-112.93136952963548, 28.696425839165975], [-112.93203829178834, 28.69747363024538], [-112.93385544973172, 28.699092494662654], [-112.93465999980063, 28.700549212478887], [-112.93482775650618, 28.7015317789798], [-112.9347632790508, 28.70190179949706], [-112.93423894737941, 28.702311290808407], [-112.93339499262945, 28.702453289949002], [-112.93336394148989, 28.70282890702547], [-112.93366782246952, 28.703318921816344], [-112.93377203973951, 28.70520601140063], [-112.93346769390251, 28.705226507051055], [-112.93265206812, 28.704455940896874], [-112.93219180911007, 28.704610993598692], [-112.93203520442745, 28.705148781335357], [-112.93195570453832, 28.708132112242957], [-112.93221593513229, 28.708688895025873], [-112.93338393449875, 28.709148950677207], [-112.93328887057551, 28.709913368463706], [-112.93282191182506, 28.709908925237308], [-112.9322537969017, 28.709556469673256], [-112.93138541258843, 28.709352873112095]]], [[[-112.96321127707382, 28.72493998917136], [-112.9621198898145, 28.724307969899805], [-112.96194210776956, 28.72331185141791], [-112.96223183841377, 28.7232598338879], [-112.96233242118058, 28.72355631674232], [-112.96301094887198, 28.723268772692442], [-112.96327483675695, 28.723606971152083], [-112.96367491034839, 28.723364217993176], [-112.96407990086868, 28.72374023460622], [-112.9644652527503, 28.72374725473398], [-112.96442842924534, 28.72407268184921], [-112.96395176187704, 28.724264828422353], [-112.96417587134545, 28.724636018239984], [-112.96356456600881, 28.72456986591219], [-112.96321127707382, 28.72493998917136]]], [[[-112.96669828614327, 28.734361483358015], [-112.96582328199545, 28.733689526342182], [-112.96580003236929, 28.73344073255388], [-112.96602872498994, 28.73332600239206], [-112.96689966510162, 28.733609077605625], [-112.96675153238195, 28.733958047567743], [-112.96710003747756, 28.73384324513153], [-112.96708302339772, 28.73408244549194], [-112.96669828614327, 28.734361483358015]]], [[[-112.96084048899579, 28.73459751336722], [-112.9605439976335, 28.73492932360979], [-112.96008695527426, 28.73459339197125], [-112.96087783807974, 28.734037824479614], [-112.96086427981248, 28.733841754959133], [-112.95911898663752, 28.732946842622205], [-112.9592352371346, 28.732174644177558], [-112.95788476369177, 28.72996958328617], [-112.95651490441635, 28.72944355873871], [-112.95629498271741, 28.729799261042384], [-112.95657643939747, 28.73012700766957], [-112.95620395701543, 28.730370731823978], [-112.95592378088205, 28.729917605809288], [-112.95515999939148, 28.729768524513936], [-112.95416689265765, 28.72875821243281], [-112.95406571658772, 28.727736482798257], [-112.95356294248197, 28.72639889527848], [-112.95286551784577, 28.725641485089163], [-112.95235999641464, 28.725848491156466], [-112.95290755074382, 28.727561957487666], [-112.95274465551856, 28.72854363636174], [-112.95235814182406, 28.72854430271341], [-112.9516710686323, 28.727753246209527], [-112.95136478383597, 28.72789613908611], [-112.95127851150961, 28.727494496202198], [-112.95083520061009, 28.727420261258587], [-112.95033134678215, 28.72655776571194], [-112.95019538055904, 28.725742167469182], [-112.94980991911585, 28.72557413178197], [-112.9490075651694, 28.724296004428545], [-112.94846389452513, 28.724195232970793], [-112.94857947380054, 28.723729330380245], [-112.94803764888633, 28.722542582949423], [-112.94739449902897, 28.7222442662542], [-112.94715600397879, 28.722670304920648], [-112.9467858879318, 28.722126334440464], [-112.94642708891395, 28.719994557976413], [-112.94654032223362, 28.719451625847114], [-112.94634975249302, 28.719079376556177], [-112.94647399920245, 28.71851326621406], [-112.94628990120388, 28.71716166322279], [-112.947298720528, 28.718020732014047], [-112.94763232646504, 28.71886006230759], [-112.94861511482505, 28.719106930610863], [-112.94896322761733, 28.719674700490526], [-112.95019706259652, 28.72064117147705], [-112.95007044078497, 28.721145833278488], [-112.95041779040372, 28.72169032021772], [-112.95044309693145, 28.722235740850124], [-112.9517610321237, 28.724802975242426], [-112.95232889423639, 28.724778246200422], [-112.9522747415684, 28.723526589876446], [-112.9528201229966, 28.722908278745585], [-112.95318203754192, 28.722866949622954], [-112.95343307229874, 28.723132039600895], [-112.95402992286773, 28.72246363223844], [-112.95414688705031, 28.72352011524121], [-112.95445550314462, 28.72391959778795], [-112.95477846402802, 28.723975637770526], [-112.95519487703382, 28.723682909878306], [-112.95550754750153, 28.72402764068896], [-112.95590958958054, 28.72407834222104], [-112.9567007574735, 28.724586537004992], [-112.95701092741048, 28.724565608491176], [-112.95720734738268, 28.72416231782659], [-112.95683555755949, 28.72277797881932], [-112.95722578822257, 28.72263640396224], [-112.95746425015898, 28.722833059509057], [-112.95787557400038, 28.722584816303343], [-112.95875545292931, 28.723801044146143], [-112.9587261425352, 28.72569118778885], [-112.95841505500745, 28.726155360849948], [-112.95837996342792, 28.727794499988168], [-112.95904076122066, 28.728009270880055], [-112.95927698184096, 28.727951944784643], [-112.95936039446121, 28.727624225054313], [-112.96011857167345, 28.727383426480433], [-112.96024313962099, 28.728224954472903], [-112.96081691971348, 28.729365130127004], [-112.96099025262446, 28.729362425870015], [-112.96110050443437, 28.728986258886547], [-112.9614571658498, 28.72933091005029], [-112.96094697600174, 28.7297426592288], [-112.96116491432409, 28.730521150206243], [-112.96243620226309, 28.731040370224118], [-112.96307703098519, 28.731802792917886], [-112.96399905053816, 28.73143416770321], [-112.96392229560995, 28.730869760152753], [-112.96442767769169, 28.730537451017838], [-112.96566886095945, 28.731131321133088], [-112.96570293191041, 28.731812145328355], [-112.96451637712042, 28.733518724183032], [-112.96366269569458, 28.733916747572707], [-112.96357747139083, 28.734336338201352], [-112.9629550035325, 28.734435866944157], [-112.9620372815282, 28.734990618000257], [-112.96145458363003, 28.73496181096883], [-112.96084048899579, 28.73459751336722]]], [[[-114.27775797788871, 28.67061037475846], [-114.2770160377959, 28.67053280292142], [-114.27660926366843, 28.67015704710536], [-114.2765664066662, 28.66978840562033], [-114.27691823017894, 28.669610205440204], [-114.2768530525497, 28.669285822375002], [-114.27766493201106, 28.668690726314434], [-114.27840336180688, 28.668800972710017], [-114.27918523542735, 28.669442459075093], [-114.27937949032723, 28.669345599316426], [-114.27915845528246, 28.669611758878624], [-114.2794452668931, 28.669871460618783], [-114.27884363893509, 28.67017415531605], [-114.27859899365895, 28.670097411385328], [-114.27868005569434, 28.67040844445314], [-114.27783821700784, 28.67029383154233], [-114.27761957059509, 28.670425203174627], [-114.27775797788871, 28.67061037475846]]], [[[-114.28028887340713, 28.69402514012948], [-114.27869618632376, 28.693980514056566], [-114.2783597957643, 28.693804439880306], [-114.2786248121924, 28.692969590962026], [-114.27967753155139, 28.69256844260463], [-114.2804410690718, 28.692911924438693], [-114.28085593502693, 28.693300244488054], [-114.28075812938745, 28.693679664700078], [-114.28028887340713, 28.69402514012948]]], [[[-112.98558167359586, 28.826495997909173], [-112.98415920009819, 28.82610312791642], [-112.98331485805247, 28.82634715442088], [-112.982867790107, 28.826089715283683], [-112.98090930354896, 28.826667889609308], [-112.97871513110726, 28.82582901229649], [-112.97755358412022, 28.825830259223668], [-112.97574395476641, 28.825492228724915], [-112.9751383276275, 28.825101652478395], [-112.97490375875604, 28.824283312551522], [-112.97524835859842, 28.82288051984567], [-112.97582970952898, 28.821813491086047], [-112.97671793621966, 28.82097489550088], [-112.97724210161216, 28.820805258951026], [-112.98006616938595, 28.821228157345466], [-112.98099314491823, 28.82087069165788], [-112.98160403217918, 28.821009200329982], [-112.98212941241219, 28.821884595804068], [-112.98326650449287, 28.822777582232458], [-112.9863465061241, 28.824028052600777], [-112.98588085906682, 28.825287521307736], [-112.98601481643291, 28.825585654987023], [-112.98652474878743, 28.825885724965943], [-112.98558167359586, 28.826495997909173]]], [[[-112.99847125562842, 28.836978341191724], [-112.99848823162701, 28.836632173311482], [-112.99890726340683, 28.8363354035666], [-112.99956119653253, 28.83639490427526], [-112.99962100344668, 28.83664307885395], [-112.99938948638005, 28.836874812100188], [-112.99847125562842, 28.836978341191724]]], [[[-113.35811454524963, 28.826025201201695], [-113.35856810199695, 28.8260808768447], [-113.35828175412387, 28.82741347196155], [-113.3576278769233, 28.827953582794073], [-113.35735546217515, 28.827941864590834], [-113.35726654197838, 28.82732048017093], [-113.35752427005242, 28.8265072219623], [-113.35811454524963, 28.826025201201695]]], [[[-114.35180151424582, 28.768002143601947], [-114.35093036298854, 28.76763176916429], [-114.35112855919056, 28.767146759612363], [-114.3517744186547, 28.767021408125117], [-114.35217991540704, 28.767288450826392], [-114.35232051757073, 28.76715645841058], [-114.35235905022402, 28.7677619505097], [-114.35180151424582, 28.768002143601947]]], [[[-113.02970673622237, 28.88844425992721], [-113.02774835268322, 28.887577741383595], [-113.02678417938742, 28.886583287605394], [-113.02669076023253, 28.88614509821828], [-113.02686176585587, 28.885841854770046], [-113.02869996529623, 28.885361079652483], [-113.02997941746386, 28.88584448112633], [-113.03133263280179, 28.887489097681602], [-113.03057207993243, 28.887931999161058], [-113.0304906223347, 28.888296498854878], [-113.02970673622237, 28.88844425992721]]], [[[-113.03684727481559, 28.90069499379655], [-113.03507720442234, 28.900314237050836], [-113.03273419091788, 28.899342114566917], [-113.03237606203345, 28.896890869361812], [-113.03274595912865, 28.89569510438407], [-113.03367087256422, 28.894651732202323], [-113.03516712017901, 28.8939259445195], [-113.0368933618656, 28.891496242267625], [-113.04006389346645, 28.888282914057356], [-113.04040424404062, 28.8876484630033], [-113.04057766067447, 28.886333900866187], [-113.04037907103952, 28.88452908266328], [-113.04311849688746, 28.883600152448626], [-113.04391441545017, 28.8835034168863], [-113.04446104464698, 28.88365271611856], [-113.0461809247228, 28.8847936201955], [-113.04658812065372, 28.88555130979781], [-113.0465887776361, 28.886913788608577], [-113.04542333366541, 28.887585602896948], [-113.04495170122621, 28.888160213583426], [-113.04476877640451, 28.888925642448697], [-113.04550888567911, 28.89045222125237], [-113.04556899360719, 28.89102703300525], [-113.04656286934384, 28.892504127740185], [-113.04738928921087, 28.892792971321736], [-113.04792841169493, 28.893438349458577], [-113.0480171523337, 28.893780259037555], [-113.04771752976279, 28.893843719093386], [-113.04803213040093, 28.894403549033555], [-113.04761381333816, 28.894662331711455], [-113.0474241713713, 28.894386018855382], [-113.04721142935628, 28.894429910288647], [-113.04698424270865, 28.8939618483569], [-113.04700856075407, 28.89308337445901], [-113.0461865614434, 28.8923884023395], [-113.04572326898513, 28.892331248879547], [-113.0452602399831, 28.891925822236068], [-113.04450457633655, 28.890072600314074], [-113.04228598767091, 28.890211309658262], [-113.04077795867103, 28.89078297646358], [-113.03980927718712, 28.891884040309666], [-113.03890410970428, 28.89380752691151], [-113.03789291846032, 28.89529074050373], [-113.03742879628545, 28.896889366534936], [-113.03753519971477, 28.897808624823217], [-113.03825528978953, 28.899508964167406], [-113.03860568649802, 28.899935528802132], [-113.03907681395913, 28.899952460432466], [-113.03908985534572, 28.900136338416115], [-113.03792997292149, 28.90038676934286], [-113.03691560492848, 28.900376856256177], [-113.03684727481559, 28.90069499379655]]], [[[-113.3579596177093, 28.88306203100714], [-113.35798618009042, 28.882486947353858], [-113.35883491921454, 28.882869585508928], [-113.35990822753926, 28.882580444189653], [-113.35992076423074, 28.88273683140046], [-113.35920500355918, 28.882994826232686], [-113.35918762490452, 28.88341466953784], [-113.3584789872771, 28.8833473573624], [-113.3579596177093, 28.88306203100714]]], [[[-113.04355906326589, 28.912147778385798], [-113.04286583342329, 28.911732792181983], [-113.0429376598292, 28.91119297595343], [-113.04340430978898, 28.910856539149037], [-113.04326080050885, 28.910694410249416], [-113.04378605459691, 28.910812592926238], [-113.04378035346902, 28.91101977419055], [-113.04430223032773, 28.911197041473926], [-113.04426146993848, 28.911504828793444], [-113.04370685204896, 28.91184779764042], [-113.04313200849144, 28.911632922640663], [-113.04318561612205, 28.911823757577277], [-113.04359385903896, 28.911945197208443], [-113.04344150003996, 28.91200559215418], [-113.04355906326589, 28.912147778385798]]], [[[-113.38364681520358, 28.924093391823913], [-113.38355209333898, 28.922357061643414], [-113.38374359195399, 28.922305305415822], [-113.38428141214078, 28.922708748056746], [-113.3852797829409, 28.92471003389786], [-113.3850641612884, 28.925338798322006], [-113.38514403934775, 28.925860583416327], [-113.38494798350864, 28.926344149403622], [-113.38455278897662, 28.926553988832136], [-113.38428916379017, 28.92532591420603], [-113.38364681520358, 28.924093391823913]]], [[[-113.48099024275633, 28.95526503890152], [-113.48296568367584, 28.955888973144322], [-113.48304713939484, 28.956174072754532], [-113.48283829127901, 28.956430170474185], [-113.48228931722164, 28.956438027237187], [-113.48062104914719, 28.95551954404957], [-113.48099024275633, 28.95526503890152]]], [[[-113.47357658298652, 28.95643165953241], [-113.47363819787876, 28.956009827136665], [-113.47400322688043, 28.95582827284541], [-113.47599965416809, 28.955603584643715], [-113.47644237961408, 28.955371302273253], [-113.47740920448764, 28.955894681685052], [-113.47726493912937, 28.956098942568623], [-113.47533583454096, 28.956693159507694], [-113.47461771788909, 28.957187273232357], [-113.47405219876983, 28.95696346334118], [-113.47357658298652, 28.95643165953241]]], [[[-113.47547455587704, 28.96784467322613], [-113.47662675574362, 28.966932745513358], [-113.4781793931936, 28.966341294542826], [-113.47862938253543, 28.966314481878833], [-113.4789952367725, 28.966767460172214], [-113.47955116141792, 28.966999458214826], [-113.48106980351432, 28.967121653881396], [-113.48138190869912, 28.96729595233251], [-113.48110544327493, 28.968196299946754], [-113.48194401831235, 28.97172260674646], [-113.48173037460055, 28.972402420309415], [-113.48083429591838, 28.9737028602332], [-113.48079979463199, 28.974304334004085], [-113.48492862739963, 28.976838378647052], [-113.48526591085356, 28.9784836097526], [-113.4851098969768, 28.97889703346173], [-113.48474072928467, 28.978907461285058], [-113.48307677190006, 28.97823190913362], [-113.48138093256236, 28.977159224652848], [-113.47845422632444, 28.97590607754941], [-113.47708506909397, 28.974898934523193], [-113.47629446166869, 28.973496621117285], [-113.47506408727524, 28.97015387701841], [-113.47495620660551, 28.968941337246278], [-113.47547455587704, 28.96784467322613]]], [[[-113.5189853145266, 28.997966943794037], [-113.5183468368682, 28.99772339865963], [-113.5185619005805, 28.99745621331467], [-113.51846158142371, 28.996844214128362], [-113.51879304499597, 28.996533081997026], [-113.51824066935616, 28.99596147336838], [-113.5180823934797, 28.995122527163765], [-113.51859188377286, 28.99531959828989], [-113.51902200451683, 28.99605806784595], [-113.51985953613405, 28.996159259355945], [-113.52006925589868, 28.996711739076872], [-113.52070758729265, 28.99703877986382], [-113.52066808941464, 28.997270486615434], [-113.51997633904065, 28.997383195057704], [-113.52008206465514, 28.997025310356932], [-113.51975693992821, 28.996822339400147], [-113.5194421953164, 28.997159052423275], [-113.51952978637519, 28.997648637750654], [-113.5189853145266, 28.997966943794037]]], [[[-113.5202013486126, 28.999472648260465], [-113.51965899010027, 28.99890452822817], [-113.5201260088846, 28.997877565980698], [-113.52058893648821, 28.998407969351238], [-113.5212433742649, 28.998403436907726], [-113.5208966726429, 28.998770458430876], [-113.52110384839071, 28.99942705914026], [-113.5202013486126, 28.999472648260465]]], [[[-113.51333696459524, 29.003112919477385], [-113.51043439886313, 29.00138146808218], [-113.50843532855006, 29.00148478715299], [-113.5077289192124, 29.0011390120418], [-113.50570584975975, 28.998287424852137], [-113.50505594293705, 28.997763402281258], [-113.50378315990355, 28.997229633346187], [-113.50340128800677, 28.996815285797325], [-113.50274623406135, 28.9946326577594], [-113.50198195166077, 28.99397559548372], [-113.50261538647828, 28.993269043258447], [-113.50404984160478, 28.993090061627925], [-113.50484973804528, 28.99169014164639], [-113.50642674762481, 28.991923387471672], [-113.50678988831355, 28.99208800748858], [-113.50741124404882, 28.992961552961415], [-113.50816166713004, 28.992962860099368], [-113.50852950601158, 28.993263074817477], [-113.50889133625185, 28.99324428552697], [-113.5094336909417, 28.99266225676492], [-113.50947700062413, 28.991502795053744], [-113.510045185973, 28.990586541091407], [-113.51037877979584, 28.990575196626967], [-113.51064820032299, 28.990243779197137], [-113.5114439159001, 28.988719668098973], [-113.51184864457895, 28.988966729708412], [-113.51191600619151, 28.989423867792492], [-113.51237724663959, 28.989835197139495], [-113.51333158556187, 28.99142541996677], [-113.51396842596733, 28.991279026611597], [-113.51420989352084, 28.99142851741311], [-113.5145866554966, 28.992746215192934], [-113.5150622641813, 28.99290583134302], [-113.51544491789261, 28.99348047344334], [-113.51696266197716, 28.99383528708092], [-113.51626567507209, 28.994007100339218], [-113.5159437530037, 28.994811164860256], [-113.51610760118908, 28.995734413185595], [-113.51561769980593, 28.996320339739814], [-113.51579123849478, 28.99729830513788], [-113.51536982382667, 28.99944274892846], [-113.51412575037776, 28.998586077570966], [-113.51350949558005, 28.998760373034933], [-113.51298120630382, 28.998676636082042], [-113.5125548181458, 28.999114143723457], [-113.51230111302158, 28.99983871409648], [-113.51284827375845, 29.00052767445048], [-113.51380882256377, 29.000953539542106], [-113.51429661974088, 29.001411845089958], [-113.51503274029315, 29.001450234376474], [-113.51556994000384, 29.00201548079454], [-113.51497620548415, 29.00238564225101], [-113.51396163171185, 29.00260496019752], [-113.51333696459524, 29.003112919477385]]], [[[-113.52228123356171, 29.00663605603866], [-113.5219684361439, 29.006699587228912], [-113.52210408774704, 29.006906803162988], [-113.52172604146628, 29.007103427698315], [-113.52157684092424, 29.006798971250856], [-113.5213196117382, 29.00697076084512], [-113.52137744612989, 29.006682936234697], [-113.52097581544257, 29.00578085732568], [-113.52110670868662, 29.005284191839227], [-113.52143753643752, 29.00453697905511], [-113.52188434570091, 29.004162667742694], [-113.52300533674374, 29.003792301934784], [-113.52306846727475, 29.00264706929398], [-113.52355174903263, 29.002665198623596], [-113.52405743953385, 29.002351620989568], [-113.52431368176735, 29.00160319168778], [-113.52450207265937, 29.002742932187058], [-113.52423229683491, 29.002957966494886], [-113.52448946016453, 29.00361744047172], [-113.52435540165433, 29.003883862726767], [-113.52393757091147, 29.00384228202582], [-113.52419413095458, 29.003990159673435], [-113.52409311764237, 29.00477905831627], [-113.52350623624571, 29.004352138182], [-113.52337235870492, 29.004425493417266], [-113.52393490485304, 29.005460784806303], [-113.523695040905, 29.00582992304727], [-113.52326391209078, 29.005401122062093], [-113.52302972289098, 29.005480828855088], [-113.5235156948445, 29.005850438287347], [-113.52356034785667, 29.00623869283303], [-113.52333287168263, 29.00678621468677], [-113.52285823932819, 29.007223686579042], [-113.52257984310492, 29.007123409410507], [-113.52228123356171, 29.00663605603866]]], [[[-113.51107285734626, 29.011773163367195], [-113.51083289087407, 29.01179012977598], [-113.51072882900223, 29.01159251074733], [-113.51109847707461, 29.011213559537804], [-113.51291304792339, 29.010616108508398], [-113.51406611939292, 29.009731386653748], [-113.51537504199882, 29.009550934984688], [-113.51586759292952, 29.009707603388296], [-113.51607796364794, 29.01069969127597], [-113.5151707798618, 29.01161322305445], [-113.51455933627996, 29.01172010361138], [-113.5128093569048, 29.011397551972166], [-113.51261266619618, 29.011531209056983], [-113.51222836171131, 29.011218901563677], [-113.5113092260462, 29.0117168798138], [-113.51203217385081, 29.01187793690943], [-113.51204594016377, 29.01211788014705], [-113.51136586552396, 29.012112036447725], [-113.51107285734626, 29.011773163367195]]], [[[-113.52456852518824, 29.013518600758353], [-113.52409128728456, 29.011950956768647], [-113.52474732713057, 29.010775074486517], [-113.52499743725643, 29.0107200879123], [-113.52531799421232, 29.01186622605474], [-113.52510368151286, 29.012056655206806], [-113.52484687474035, 29.011945719905878], [-113.52503956915102, 29.012308488058686], [-113.52470249525592, 29.012463654087025], [-113.5250469470331, 29.013286718248594], [-113.52484649700052, 29.013248256525745], [-113.52456852518824, 29.013518600758353]]], [[[-113.50607628624597, 29.013658604079865], [-113.5065147470538, 29.0137112410108], [-113.5065347889768, 29.01387241498644], [-113.50511458166318, 29.01492984095897], [-113.50495048506265, 29.014560968167753], [-113.50506303803589, 29.014197212306893], [-113.50607628624597, 29.013658604079865]]], [[[-113.51456262193743, 29.01638280205145], [-113.5138358917253, 29.01628346653519], [-113.51385768414266, 29.015807659721887], [-113.51344995972556, 29.015456260381992], [-113.51308400526246, 29.015555345065497], [-113.51335422811329, 29.01532093345882], [-113.51298992176595, 29.015120392477424], [-113.51302030102379, 29.01445142062545], [-113.51079216675708, 29.014066113390683], [-113.51076499101104, 29.013769121506062], [-113.5110908363609, 29.01336348579942], [-113.51202554567352, 29.01316587504478], [-113.51229510443362, 29.013670132936312], [-113.51250500127081, 29.013677473567487], [-113.51339836077045, 29.013514658708775], [-113.51405459491839, 29.013110294836704], [-113.51486231196965, 29.013315040606955], [-113.51549728273223, 29.01308452627535], [-113.51635401493084, 29.01341049604678], [-113.51648826101446, 29.014216107383273], [-113.5160388319217, 29.014329413156098], [-113.51623507476779, 29.014600235626], [-113.51598103593919, 29.01467373089202], [-113.51570844522502, 29.015437838291277], [-113.51507354396115, 29.01563219472467], [-113.51447642000748, 29.016087253585333], [-113.51456262193743, 29.01638280205145]]], [[[-113.4694082162701, 29.02418016853463], [-113.46852717173296, 29.024183083533977], [-113.46807385318361, 29.02382315208121], [-113.46752587102597, 29.023798918619757], [-113.46732876149032, 29.023312279127744], [-113.46596654493895, 29.02306249025582], [-113.46423634620109, 29.02158733794882], [-113.46421214113973, 29.020266531030032], [-113.46394314621638, 29.01979404757993], [-113.46292106030357, 29.018259428542244], [-113.46104763153261, 29.01632884361568], [-113.46086453754621, 29.015064134096065], [-113.46012613062341, 29.014409180400044], [-113.46025035061317, 29.013287352591117], [-113.46057699140178, 29.01314923776448], [-113.46103188599011, 29.013361000946958], [-113.46186414898396, 29.01307624745762], [-113.46309915598198, 29.01168873572405], [-113.46359360840243, 29.011903986830518], [-113.4643852045681, 29.013406534682414], [-113.46558299383697, 29.013572627930085], [-113.46611434434486, 29.013841299747614], [-113.46697771098185, 29.014856463395322], [-113.46707686509961, 29.01617587286329], [-113.46761132404467, 29.0167470552706], [-113.46786835660154, 29.01778961439662], [-113.4688408947834, 29.019564314986933], [-113.46848040351624, 29.020962695785993], [-113.46944509704943, 29.02273904059988], [-113.46946012501877, 29.023616747137268], [-113.47010076447489, 29.024386507629035], [-113.46981424322159, 29.024474012863365], [-113.4694082162701, 29.02418016853463]]], [[[-113.49911822267815, 29.027792391513334], [-113.49828033247522, 29.02743539900781], [-113.49830596655548, 29.027128329322203], [-113.49900268352684, 29.027390543791068], [-113.49911822267815, 29.027792391513334]]], [[[-113.0834511620983, 29.068896873813415], [-113.08285026280286, 29.06851504384435], [-113.08239729627843, 29.06777049489323], [-113.08236143407444, 29.067054091926863], [-113.08281339174621, 29.065993005988012], [-113.08485346198786, 29.063146556820428], [-113.08657974660353, 29.062310240564475], [-113.0876744617941, 29.062044044426028], [-113.09257798121783, 29.06290832847874], [-113.09508409886094, 29.06194692984036], [-113.09598503086146, 29.06195745556795], [-113.09731320306574, 29.06155548261443], [-113.09750108459234, 29.06183022767447], [-113.09724456890724, 29.061767205980157], [-113.096739419932, 29.06226720392757], [-113.09507393447271, 29.06228087628232], [-113.09432099640902, 29.062548313176986], [-113.0927826801456, 29.063286673304525], [-113.09226806485341, 29.06411627325955], [-113.09236392944469, 29.064568459884786], [-113.09315893739699, 29.06490751221016], [-113.09508481314397, 29.065374326306934], [-113.09572462143586, 29.06511778293979], [-113.09651876231398, 29.06523571481333], [-113.09685478709808, 29.064074223286035], [-113.0966309556422, 29.06322939092476], [-113.09795101433724, 29.06309126962174], [-113.09805666425973, 29.063540486373107], [-113.09775920324097, 29.065176688070306], [-113.09706231688467, 29.065954129783606], [-113.0961039123092, 29.066459696988346], [-113.09592492176822, 29.06678305257476], [-113.09565477433591, 29.066346031538963], [-113.09493528174409, 29.06706090550457], [-113.09387795024067, 29.067132907029457], [-113.09315666163826, 29.06761332962595], [-113.09252293512924, 29.067417094849212], [-113.09242045528967, 29.067615531601568], [-113.09238808615623, 29.067395517216184], [-113.09147366511868, 29.06770395381896], [-113.08998578842322, 29.067870968724197], [-113.08937178195049, 29.068302300616462], [-113.08738447135434, 29.06828898770256], [-113.08686511845212, 29.068640629620198], [-113.08622779913934, 29.06848819612496], [-113.0834511620983, 29.068896873813415]]], [[[-114.61573230426865, 28.96553319113374], [-114.61597306059659, 28.965196530591758], [-114.6161933113756, 28.96530795657559], [-114.61621414461378, 28.96572615593065], [-114.61579978870164, 28.965709672188943], [-114.61573230426865, 28.96553319113374]]], [[[-113.51250785311333, 29.062077840835766], [-113.51232127889193, 29.0618161329005], [-113.51258172507147, 29.06163752553926], [-113.51243668232617, 29.061147267341912], [-113.5125944655483, 29.061094265105268], [-113.51300270941701, 29.06142276664451], [-113.51264747199008, 29.061765139974476], [-113.51276572732709, 29.062015294989642], [-113.51250785311333, 29.062077840835766]]], [[[-113.52105474872658, 29.069150145477632], [-113.51898964436303, 29.068952184535828], [-113.51888928569157, 29.068576952736468], [-113.51828913502231, 29.06800010218604], [-113.51772272796907, 29.067718066698404], [-113.51628593328041, 29.067524387909803], [-113.51586697135996, 29.067218664188385], [-113.51567009114792, 29.066721487966433], [-113.51536600890967, 29.066540601090033], [-113.51544677867136, 29.06609620381053], [-113.51489007481909, 29.064819548512673], [-113.51682989321704, 29.06471054326339], [-113.51783601002508, 29.0650667564192], [-113.51827069371251, 29.065454823718742], [-113.51973782421372, 29.06789228238164], [-113.52135775428076, 29.0687940152135], [-113.5218518330591, 29.069636054892676], [-113.52140831180864, 29.069648376692943], [-113.52147831645095, 29.069461778862525], [-113.52105474872658, 29.069150145477632]]], [[[-113.52463512447441, 29.09551562374703], [-113.51875393794371, 29.096226788589473], [-113.51646450309937, 29.09621785340495], [-113.51458111250462, 29.096426725828866], [-113.50943717515955, 29.09609754005143], [-113.50712014801891, 29.0950105383885], [-113.50525995002957, 29.09367109322399], [-113.50233691617693, 29.090415986123876], [-113.50216966402425, 29.089911329821913], [-113.5023464577124, 29.088874605148064], [-113.50564414741532, 29.085179003354657], [-113.507654171051, 29.08157916601369], [-113.50817894608969, 29.08023774000932], [-113.50804010754321, 29.079748518343226], [-113.50678496802153, 29.07889165868695], [-113.50345011269788, 29.077475131673534], [-113.50303094879716, 29.076830236112766], [-113.50293920555062, 29.073749512508908], [-113.5056844458994, 29.070018112600142], [-113.5060079994637, 29.069242758402122], [-113.50589995293188, 29.06892002865858], [-113.50461604581258, 29.067944779207004], [-113.50430036097742, 29.067152675163808], [-113.50437626580924, 29.06593440678988], [-113.50517173495992, 29.064886349665734], [-113.50551658029721, 29.063279127052766], [-113.50522741919227, 29.06243730354444], [-113.5048187278667, 29.062005201750484], [-113.50471090509868, 29.061316386500724], [-113.50243807564382, 29.058698097933938], [-113.50196530562569, 29.057790915347734], [-113.50044184556032, 29.056735352176137], [-113.49951565145041, 29.0557333305817], [-113.49924764943336, 29.05491067366697], [-113.49956276118617, 29.053461802300117], [-113.50069698365772, 29.05179466992005], [-113.50149328181075, 29.051135122887967], [-113.50262917373803, 29.050715706133943], [-113.50272519274148, 29.049829122154392], [-113.50250115950008, 29.049316185560052], [-113.50174933567854, 29.048553525569304], [-113.50090366335345, 29.048243275246563], [-113.49991558987811, 29.048895553946146], [-113.49914996876494, 29.048888488125293], [-113.49816492977534, 29.047851388860202], [-113.49678010169507, 29.047433115559713], [-113.4962555959705, 29.0468390956149], [-113.49605582819875, 29.04624980044121], [-113.49632533382751, 29.04381371083174], [-113.49577688052898, 29.04140444708214], [-113.4947102124461, 29.040621131587567], [-113.49360028910336, 29.040576248761298], [-113.49198841934076, 29.038685637850683], [-113.49112455525167, 29.038292166241675], [-113.48933192706131, 29.037976009724254], [-113.48918258547555, 29.037686173010577], [-113.49130819197215, 29.03768251286351], [-113.49204986064113, 29.03702773083916], [-113.49464759844152, 29.03646954237804], [-113.4951897868441, 29.036661984816845], [-113.4964850471808, 29.037970409731678], [-113.49709674127462, 29.038089943633153], [-113.49808050900933, 29.03785797347194], [-113.49904615367507, 29.037879240982527], [-113.49969492636981, 29.038170870263087], [-113.5010243036956, 29.039254534643852], [-113.50174914124186, 29.03925598724797], [-113.50276703286318, 29.038826066083818], [-113.50473209527534, 29.039227050317987], [-113.50668588025178, 29.04112044067093], [-113.50720410124639, 29.042106752374973], [-113.5064091830791, 29.043646986936565], [-113.50559882182006, 29.043825224772597], [-113.50465553943408, 29.043545809265503], [-113.5043553968221, 29.043615110205227], [-113.50378624567001, 29.044952586995233], [-113.50309781315025, 29.045212818449045], [-113.5031225242511, 29.04561228589291], [-113.50330905764264, 29.045788273087748], [-113.50397953928935, 29.045759243263305], [-113.50457693606349, 29.045325179526948], [-113.50529860774135, 29.046045703688712], [-113.50623935838789, 29.045984180733782], [-113.50697465001369, 29.047321333432368], [-113.50647249547235, 29.04719574621793], [-113.50625675990234, 29.047382123394055], [-113.50572716882681, 29.04718806439956], [-113.5054257350918, 29.047433926512774], [-113.50533183478414, 29.04794623114601], [-113.50458553184964, 29.048037586232198], [-113.502502131575, 29.047496305494413], [-113.50245555249582, 29.048258190984633], [-113.50285159323836, 29.04909475225637], [-113.50302250563652, 29.049181938646004], [-113.50355948193945, 29.0487898940524], [-113.50419964439956, 29.0490416672251], [-113.50461955027131, 29.04883313185906], [-113.5051115391438, 29.0491182867265], [-113.50551461420218, 29.048595978417055], [-113.50664550953123, 29.04906353051603], [-113.50684900571274, 29.04879102591625], [-113.5063780310887, 29.04822700863647], [-113.5065602761094, 29.04820127322763], [-113.506573189761, 29.04776724261617], [-113.50690238686292, 29.04749587870168], [-113.50784496974313, 29.048310273038073], [-113.5092032004648, 29.04848615179938], [-113.50957205254353, 29.049594044557768], [-113.51064661400966, 29.05064682465635], [-113.51378850470564, 29.052102600784174], [-113.51429190086284, 29.053400051551705], [-113.51362271983984, 29.056214808562224], [-113.51322234632592, 29.056534555806202], [-113.51315934030127, 29.057490251215505], [-113.5121928434762, 29.05745847722796], [-113.51114070205723, 29.05777918235462], [-113.51051588144806, 29.058022581718834], [-113.5100155859779, 29.058503772336753], [-113.50938924308959, 29.059974220487963], [-113.50983741894264, 29.06109873232088], [-113.5096245237235, 29.061585922530902], [-113.50971698707903, 29.06199944178945], [-113.51013723597072, 29.06278026960576], [-113.5107227933468, 29.062902612356822], [-113.51054137451514, 29.063189563446617], [-113.51075733299244, 29.063457664005504], [-113.51121146085224, 29.063571880512523], [-113.51195969696086, 29.063422958362008], [-113.51296545192704, 29.063859558559844], [-113.51308416131081, 29.064649850803725], [-113.51272673743608, 29.064895698979775], [-113.51273928508343, 29.065139594892674], [-113.5135497180855, 29.06527722963893], [-113.51404509916735, 29.066787643074274], [-113.5137443879392, 29.067452518648235], [-113.51381202293703, 29.06845200860423], [-113.51420961213205, 29.06904835140932], [-113.51504115280292, 29.06940932946594], [-113.51560177832448, 29.070572411910813], [-113.5155934129299, 29.071836848578165], [-113.51605633099686, 29.07313342229173], [-113.51503339955791, 29.073359598761076], [-113.51429369754153, 29.074618945618532], [-113.51435153781442, 29.07573554446867], [-113.51482523948418, 29.076987332494618], [-113.51981229798967, 29.078813352845845], [-113.52074017809139, 29.079728371412738], [-113.52148808822982, 29.080113940456094], [-113.52179762429863, 29.079858207434004], [-113.52159662780188, 29.078609662460895], [-113.52041530466994, 29.07741875734339], [-113.51936284308567, 29.077279422879887], [-113.51903230425897, 29.0775653396916], [-113.51907327952054, 29.078180107090194], [-113.51871833096459, 29.07815843278633], [-113.51860122603388, 29.07789779843157], [-113.51909571276103, 29.077143534505616], [-113.5198907129618, 29.07702161437208], [-113.52103977209939, 29.077577818643793], [-113.52183596813654, 29.07834082336427], [-113.52243865571525, 29.08216873541072], [-113.52366144383117, 29.08399970395929], [-113.52400947897449, 29.085787834028896], [-113.52498898472696, 29.088118235331432], [-113.52557682006831, 29.089160756364684], [-113.52699489740439, 29.090870744950493], [-113.52766891153608, 29.093160552253625], [-113.52765920357326, 29.094596651074717], [-113.52730808832175, 29.095493178538707], [-113.52652406624716, 29.095884712903032], [-113.52600088138311, 29.09593127885248], [-113.52463512447441, 29.09551562374703]]], [[[-113.52869729332835, 29.098958937781394], [-113.52742971332586, 29.098594148900006], [-113.52727896144835, 29.098102673307196], [-113.52916438436172, 29.097008972652958], [-113.52959528632219, 29.097094617255166], [-113.52903732917036, 29.096324149338972], [-113.53084582003719, 29.096166159016832], [-113.53061063344867, 29.097239671707793], [-113.53012767793503, 29.097790502146538], [-113.53004240375374, 29.09846209439632], [-113.52943915153732, 29.09842115318531], [-113.52869729332835, 29.098958937781394]]], [[[-113.60686851942425, 29.16844303054996], [-113.60657565908399, 29.167891600570126], [-113.60693155817722, 29.16675605433721], [-113.60719728972431, 29.166403482978176], [-113.60806109832397, 29.16603868648536], [-113.60795057624262, 29.166730435583172], [-113.6082139435334, 29.16813097763065], [-113.60718409333386, 29.16825693192706], [-113.60706224880356, 29.168411551071802], [-113.6069712777353, 29.16824554591599], [-113.60686851942425, 29.16844303054996]]], [[[-113.51391467058733, 29.55147699272419], [-113.51348483053462, 29.550958697749795], [-113.51222297619725, 29.550594319563288], [-113.51137953669911, 29.549437311396773], [-113.51111167474366, 29.547118906150516], [-113.51216996641136, 29.544791068926433], [-113.51276725842382, 29.541563408023872], [-113.5126668281197, 29.54009786740316], [-113.51213865833626, 29.538842723590417], [-113.51152599333312, 29.53816452364609], [-113.51078763218841, 29.537615394794173], [-113.5086400111178, 29.537075197169212], [-113.50740981902086, 29.537161703179812], [-113.5056722346068, 29.537652863731928], [-113.50485257882072, 29.53765081512329], [-113.50435307495029, 29.537417389033692], [-113.50318965955941, 29.536275840175076], [-113.50272956296891, 29.536099312027233], [-113.50068039340724, 29.53609414859604], [-113.49966658989679, 29.53583717721707], [-113.4982469307779, 29.535250680686293], [-113.49605347242442, 29.533674218737357], [-113.49382909038614, 29.53287565829682], [-113.49294431683512, 29.53290796145238], [-113.49201347726716, 29.533182198942125], [-113.49123024276788, 29.53368501798591], [-113.4898828297423, 29.533990977047083], [-113.48920391464104, 29.533840497712415], [-113.48535525864943, 29.531829848450492], [-113.47904330469964, 29.53208713618993], [-113.47679801578454, 29.531530257968566], [-113.47528126515569, 29.531411042572877], [-113.47439202381828, 29.531097407989634], [-113.47652231769885, 29.52899293030883], [-113.47680264537334, 29.528296500973653], [-113.47679563641114, 29.5272818355098], [-113.47640899333831, 29.525880208556483], [-113.47435546757696, 29.524289468462012], [-113.47270463136122, 29.524196048538208], [-113.47227858156573, 29.524319681530375], [-113.47213253486012, 29.524949607796504], [-113.47165413481846, 29.524889987658774], [-113.4713703830276, 29.524585301706114], [-113.47127638864158, 29.523080958041337], [-113.47053063586974, 29.521171303140367], [-113.47010719205662, 29.52070218346095], [-113.4689064261336, 29.520054782563022], [-113.46168864550363, 29.518099799174163], [-113.46086010604428, 29.516833796956618], [-113.45972148082234, 29.516597465576638], [-113.45793507187004, 29.51430885922157], [-113.45631197931414, 29.51272716212699], [-113.45627008972714, 29.510833595219882], [-113.45481426984159, 29.51107919907571], [-113.45434422129483, 29.510968432831472], [-113.45372526625539, 29.509230199231478], [-113.45287395445067, 29.508542684087914], [-113.45235560267506, 29.508262883141388], [-113.45069481237567, 29.508063042032127], [-113.44628958698404, 29.506589726892372], [-113.44516156933604, 29.505030744684102], [-113.4440479203539, 29.503987979630363], [-113.44408580964713, 29.503324420945734], [-113.44310270909733, 29.502990894184453], [-113.442854674338, 29.50243353975512], [-113.44188206377808, 29.501495833281922], [-113.44176459515754, 29.500929344470343], [-113.44134682708783, 29.500671208927155], [-113.44164584437638, 29.49998938581057], [-113.44021365476414, 29.499773455182172], [-113.43822023961319, 29.49772895691343], [-113.43711059104548, 29.49708815315773], [-113.43666556644274, 29.49545261075624], [-113.43596980830459, 29.494667920624035], [-113.4356304658347, 29.493829576560902], [-113.43560572949242, 29.493199123530353], [-113.43364630137789, 29.49224413348997], [-113.4315222616171, 29.492363841612683], [-113.4310014174779, 29.492055410725428], [-113.4303423146455, 29.49095204249142], [-113.43006443828507, 29.48970708926267], [-113.42938439170837, 29.489093684382595], [-113.42913395363935, 29.487789337281924], [-113.4282384986976, 29.48733465551184], [-113.42751156722005, 29.486207271024906], [-113.42795680391151, 29.48568765595888], [-113.42842436678832, 29.484333136014005], [-113.42829915680205, 29.48368095554447], [-113.42737382968208, 29.482538689903546], [-113.42740919590743, 29.481846552503225], [-113.4268963500343, 29.480905352352497], [-113.42705059246738, 29.479716393413916], [-113.42664992693862, 29.479284603674895], [-113.42668145127232, 29.478190423171323], [-113.42632124101436, 29.47784201519123], [-113.42595595591132, 29.47671807974488], [-113.42583761338594, 29.474341220915324], [-113.42539912519638, 29.473854595162653], [-113.42324167628847, 29.472884567722794], [-113.42128404139632, 29.47158445619705], [-113.41869064328867, 29.47087470488874], [-113.4178422077847, 29.47093393791579], [-113.41715572296494, 29.47060828546999], [-113.4168113649758, 29.469712752424417], [-113.41712606092574, 29.469202261232287], [-113.41681433944062, 29.46830444763398], [-113.41734582727317, 29.467290295410717], [-113.41711759165986, 29.466587808253994], [-113.4151887477865, 29.46560171373933], [-113.41241414057576, 29.464703356360456], [-113.41111552775315, 29.46450660326445], [-113.40973983989707, 29.464545112438607], [-113.4094227517279, 29.464308603367837], [-113.40920497200284, 29.463720322256176], [-113.40944661844863, 29.463128726527245], [-113.40899522696176, 29.462499269062924], [-113.40714335256418, 29.461996238855022], [-113.40706130825616, 29.461455959944452], [-113.40656170133512, 29.460657435588875], [-113.40428047907005, 29.460126847227997], [-113.4036460861895, 29.46037224439802], [-113.40237379734957, 29.45974253515974], [-113.39860580370046, 29.459832790995964], [-113.39535582746036, 29.46020297007807], [-113.39461718991556, 29.460024543318475], [-113.39336459142606, 29.459249710222917], [-113.39280128185813, 29.458110742126546], [-113.39209367201808, 29.45574613205221], [-113.39212143259013, 29.45496829709102], [-113.39300759555174, 29.454964035172466], [-113.39307982726454, 29.453953202395603], [-113.39409744182555, 29.451784482358793], [-113.39295010835306, 29.449278061652215], [-113.39246622266273, 29.44865081455817], [-113.3917825225459, 29.44835359785374], [-113.38905735672914, 29.44618695754116], [-113.38732332751994, 29.44553181366747], [-113.38654325470006, 29.444896435875545], [-113.38590000167386, 29.444682591626716], [-113.38481481538486, 29.443579912199507], [-113.38521336051726, 29.44254634396237], [-113.38512029394347, 29.440799822268552], [-113.38542206938426, 29.44014657737362], [-113.38500794905892, 29.438479879285854], [-113.38401958600814, 29.436996849305206], [-113.38413747850757, 29.43612650114302], [-113.3838416445818, 29.43539990981268], [-113.38387390459286, 29.433587161709124], [-113.38331560899003, 29.43322369978127], [-113.38278104815295, 29.43239877201721], [-113.38267837130223, 29.431629987735224], [-113.3816974857002, 29.430951082602792], [-113.38089827218681, 29.429742233973066], [-113.37879679430128, 29.428652762555963], [-113.37862221598103, 29.428176360825546], [-113.37690596586455, 29.426628975377653], [-113.37675105313316, 29.426007509711745], [-113.37598411982869, 29.42551484801039], [-113.37538138334293, 29.42538435746114], [-113.37400329968615, 29.423583499078127], [-113.37350815870735, 29.4224684039445], [-113.37280131675386, 29.421914067389523], [-113.37312579611898, 29.420425819132117], [-113.3711606504184, 29.418665768027186], [-113.37087681899801, 29.417708390849533], [-113.36986287189265, 29.415939628166342], [-113.3697285781378, 29.41373606442995], [-113.36928274563824, 29.413163553539427], [-113.36904969619403, 29.41240380619228], [-113.36834857481603, 29.411188045973695], [-113.36739124234423, 29.41076605856799], [-113.3665166991464, 29.40944739190899], [-113.36537452454871, 29.40843472051269], [-113.36645288471728, 29.40729637926877], [-113.36655120679288, 29.406571057000214], [-113.36636634418923, 29.405980383423753], [-113.36577560595927, 29.405619110018836], [-113.36482139713466, 29.404507141591946], [-113.36370258834, 29.40375148446525], [-113.36364561538734, 29.403123174487035], [-113.36276031274407, 29.402408755220257], [-113.36266555119761, 29.40172559153579], [-113.36164566913291, 29.401336657114065], [-113.36216905352764, 29.400955396941324], [-113.36186979450767, 29.399826612630825], [-113.3624444087812, 29.39892447246541], [-113.36240193357393, 29.39809397022979], [-113.3635651258194, 29.396806023298577], [-113.36358269207376, 29.39591386285004], [-113.36334299001533, 29.395441948386928], [-113.36125101110609, 29.393000785033045], [-113.3598988604109, 29.39220383467658], [-113.35879468510863, 29.391245937350426], [-113.35623903095328, 29.389842835939483], [-113.35389878177911, 29.38828102831448], [-113.35327555098854, 29.387921962963745], [-113.35234690102925, 29.387814034833053], [-113.35204203261445, 29.387346628137617], [-113.35231853808615, 29.3856892201587], [-113.35171510411122, 29.383374422008533], [-113.35180416114099, 29.382908387064766], [-113.3544249685291, 29.380685720031778], [-113.35693800763502, 29.37944767278106], [-113.3577175379555, 29.378272599346086], [-113.35766112992793, 29.37692569607491], [-113.35838525331123, 29.37658795235018], [-113.3596217944849, 29.37647325230639], [-113.35999498047812, 29.376246121235678], [-113.3606481641468, 29.37476365336446], [-113.36054929908154, 29.37439689290374], [-113.36196747708702, 29.37375220177696], [-113.36204508932583, 29.37279834376556], [-113.36298707399146, 29.372330459822734], [-113.36323911901215, 29.371853070266592], [-113.36388027305071, 29.368790628629494], [-113.36369183855855, 29.36779777915841], [-113.36406499142187, 29.367570634943814], [-113.36406288909136, 29.36682349861235], [-113.3648727729989, 29.364898954971107], [-113.36533596361657, 29.364579317571046], [-113.36565472813096, 29.363752371868724], [-113.366307306224, 29.36298842636176], [-113.36681804100414, 29.361745732801527], [-113.36675177262724, 29.36137669738209], [-113.36652612926778, 29.361421138028497], [-113.36661770525896, 29.360983636749502], [-113.36688007178495, 29.360620478260206], [-113.36815469528312, 29.35984198156814], [-113.36862456486854, 29.359234442458067], [-113.37044154618623, 29.358648119188537], [-113.37112667332104, 29.357881878484456], [-113.37151728764368, 29.356762482092908], [-113.37251439858305, 29.355457151892193], [-113.37326988163383, 29.354743481504084], [-113.37463552333094, 29.354246006590742], [-113.3750582735846, 29.353842917925448], [-113.37614184481536, 29.34951354696779], [-113.37626137832997, 29.345768643312052], [-113.37593512531718, 29.343980550888705], [-113.37518551228739, 29.341503354045305], [-113.37247399072444, 29.33620218073828], [-113.37205368889815, 29.334823011291423], [-113.371233653326, 29.330482320827898], [-113.37148647033523, 29.328567624216245], [-113.37132893409026, 29.326106610858265], [-113.37094645295055, 29.32478226941815], [-113.37008800768933, 29.323634782346733], [-113.3702389359174, 29.322043342328776], [-113.37112460842003, 29.321320558889663], [-113.37144992167198, 29.32020562259557], [-113.37097744567436, 29.318973766834308], [-113.3698535680738, 29.317068648075622], [-113.36945041758408, 29.31551576554799], [-113.36962830328598, 29.31458355221031], [-113.37067260701498, 29.31235498419118], [-113.37029642240144, 29.311461343745723], [-113.36678817449095, 29.3078537694161], [-113.36510735717205, 29.306677239739887], [-113.35883030835201, 29.30363586285145], [-113.35581915750403, 29.30189063865369], [-113.35503754983345, 29.30122636632928], [-113.350737451963, 29.29936946497793], [-113.35031593805839, 29.29833519383595], [-113.34956180132276, 29.2976114941723], [-113.3477012569841, 29.296619747884023], [-113.344966033593, 29.295746249753826], [-113.34064339288203, 29.29472426807627], [-113.33383125823244, 29.29373128365601], [-113.32698153735997, 29.29294404570511], [-113.32493620644904, 29.29291125887691], [-113.32151523145788, 29.29242988623309], [-113.31801273224615, 29.29140793859743], [-113.31252762507117, 29.29058079249273], [-113.3058137561682, 29.29067216597989], [-113.30549390685088, 29.291125489083257], [-113.30493219748776, 29.29107814926883], [-113.30442881491469, 29.29131421787053], [-113.30365526681979, 29.29073538742228], [-113.303261608068, 29.28964158818224], [-113.30108422608663, 29.28694656004391], [-113.30029614400836, 29.28656993334131], [-113.29939915793393, 29.28571217288561], [-113.29884519260104, 29.285750512817383], [-113.29853648772051, 29.28450708936432], [-113.2976806965102, 29.283014071395616], [-113.29651620558285, 29.282462257656107], [-113.29656766764109, 29.28194128027996], [-113.29594769863193, 29.2816104905305], [-113.29444022174472, 29.28125486568233], [-113.2919886211668, 29.281338222612856], [-113.29103246358576, 29.282008007241416], [-113.29020240531587, 29.281892942336878], [-113.28939987891981, 29.28062615972137], [-113.2883622968356, 29.280755400318906], [-113.2879695295556, 29.281127500851948], [-113.28802689346865, 29.282129617448305], [-113.28840157988193, 29.282649867717755], [-113.2862224373222, 29.284668961301687], [-113.2845604153821, 29.285876158242303], [-113.28440600366113, 29.286346749570242], [-113.28370356688212, 29.287286390194797], [-113.28293770404733, 29.28788547211852], [-113.28272324840893, 29.288417698362608], [-113.28217007218893, 29.288829607515744], [-113.28143083877826, 29.288995668074143], [-113.28102181025055, 29.28882271764569], [-113.28075517224048, 29.288409970579355], [-113.2807587033546, 29.287719853411996], [-113.27987885241124, 29.287780644911216], [-113.27853171378614, 29.287385053149112], [-113.27656598102323, 29.288275727321658], [-113.27647833584193, 29.28971148456512], [-113.27602882122827, 29.29054737757531], [-113.27544658716153, 29.290271399230054], [-113.27549478416933, 29.289348244925403], [-113.27593995185146, 29.288828841867087], [-113.2755757734033, 29.28733052639269], [-113.27556314185854, 29.286095375190943], [-113.27426680607448, 29.28480515198361], [-113.27349678394327, 29.2846283681484], [-113.27113414771651, 29.28533764834377], [-113.2705871009957, 29.285087966830137], [-113.26996197819702, 29.28509377728975], [-113.2688582136737, 29.285552247741226], [-113.26796963999492, 29.286245961077583], [-113.26795474079879, 29.287540495558947], [-113.2677178970743, 29.288189222079005], [-113.26719726015313, 29.288598831764297], [-113.26607721767482, 29.288906079128566], [-113.26541777044088, 29.288865349488056], [-113.26445915053507, 29.288414092061753], [-113.26321569551301, 29.288442390638558], [-113.2622611468568, 29.288766938730056], [-113.26127475071907, 29.289467355139784], [-113.26053804883547, 29.28966188858645], [-113.26082689982967, 29.28826523675049], [-113.26062468408641, 29.288056605816713], [-113.26093415275835, 29.28713380604672], [-113.26044567995345, 29.286075205943884], [-113.26071258019493, 29.285395672893646], [-113.26070522352309, 29.284217651332884], [-113.26102777959642, 29.283792977580557], [-113.25971002531115, 29.282992782426568], [-113.25888767944926, 29.282963263225845], [-113.25816382920105, 29.28330062835809], [-113.25546026935322, 29.28276842680109], [-113.2538631491738, 29.283970823155364], [-113.25345561959482, 29.284545061324597], [-113.25075419316418, 29.285133670031776], [-113.25024376054685, 29.28565749937842], [-113.24875826815938, 29.286277255018074], [-113.24819147974374, 29.286172583424197], [-113.24694618495467, 29.286545818269357], [-113.24675251904348, 29.286214227782715], [-113.24628931586989, 29.286533579235687], [-113.24558007550118, 29.286668665948255], [-113.24478960021482, 29.286263203897356], [-113.24354429442997, 29.28663641278223], [-113.23949916842828, 29.288697074176202], [-113.23746658892296, 29.289066938271034], [-113.23686465082635, 29.288935904048607], [-113.23647547981709, 29.28861776004887], [-113.23528951816206, 29.28855565713921], [-113.23395596355081, 29.288676164712967], [-113.23355479025562, 29.288504446268853], [-113.22890223263421, 29.288995074735663], [-113.22427734323539, 29.28854340436644], [-113.22263729661364, 29.28859850326848], [-113.21892597151015, 29.288318660677763], [-113.21821573312738, 29.28745971531593], [-113.21657891124231, 29.286792996687307], [-113.21179309970995, 29.285399414627804], [-113.2093183944028, 29.285224416017982], [-113.2071740921996, 29.28471051954912], [-113.20448207472565, 29.28494663131066], [-113.20259255581564, 29.28554234057579], [-113.2020966550721, 29.285863803358446], [-113.20209212307769, 29.286180293402374], [-113.20249083182252, 29.286239167897936], [-113.20122669651718, 29.287504386914502], [-113.20146841662896, 29.2865392661798], [-113.20113885165675, 29.285785799784765], [-113.20025132553236, 29.28576045751904], [-113.19977214358984, 29.28553463775309], [-113.19650336209473, 29.287483449635378], [-113.1942776922511, 29.287894755517282], [-113.19410054758012, 29.288481768166747], [-113.19390246648766, 29.28846660563275], [-113.19378831910218, 29.28755464383821], [-113.19271544370085, 29.287656940903624], [-113.19150417130902, 29.28914839632677], [-113.19119705551385, 29.28827840551005], [-113.19067617002489, 29.288687771479584], [-113.18995305249179, 29.287932521586306], [-113.18937866255438, 29.287741940643752], [-113.18843974230177, 29.28861109747212], [-113.18730677122267, 29.288774962460405], [-113.18662292479037, 29.28919548011215], [-113.1859008707174, 29.289187464317155], [-113.18525569046975, 29.288570571373956], [-113.18457132118174, 29.28861745452218], [-113.18451326626636, 29.288334000062385], [-113.1835396864327, 29.289550416351084], [-113.18298783154067, 29.289336713301896], [-113.18142393088092, 29.289264177935625], [-113.18072123046461, 29.288737438002286], [-113.18015476650628, 29.28697978053514], [-113.17978433342256, 29.286502140161556], [-113.1796276789088, 29.285373572400523], [-113.17925444293972, 29.285506352064154], [-113.1785069300117, 29.285044656022595], [-113.17794299947367, 29.285155124654015], [-113.17718113403593, 29.28488392239106], [-113.1761271499897, 29.284093776605037], [-113.17527428475218, 29.28372100728881], [-113.17430936837067, 29.283930768784668], [-113.17394214663118, 29.283488824224], [-113.17323693459959, 29.283393371408064], [-113.17102791486253, 29.281137282647588], [-113.16909315969346, 29.280119921184514], [-113.16859740999341, 29.279614897128834], [-113.16800488902594, 29.27940392617499], [-113.16759061337615, 29.278893326254224], [-113.16750538601838, 29.278396145477824], [-113.16802304503003, 29.276384614188256], [-113.16899945117952, 29.27538364644648], [-113.16990132676004, 29.27492671396364], [-113.17027368073221, 29.274506010014612], [-113.17080637482339, 29.274505488651823], [-113.17409322642865, 29.269537788777846], [-113.17574799211894, 29.267412416383845], [-113.17681341509731, 29.265111785747763], [-113.17672948910972, 29.263249143790144], [-113.17735251458508, 29.262883107086108], [-113.17756267650974, 29.258341435391383], [-113.17733934188418, 29.25767404093696], [-113.17784085567266, 29.255483831365233], [-113.17748456713373, 29.253783533993982], [-113.17707925916783, 29.252913007712696], [-113.1771970161441, 29.25193479745529], [-113.17747828798692, 29.251412494279435], [-113.17740258000245, 29.25102243359326], [-113.17788172932708, 29.250881823753755], [-113.17790848940376, 29.249802045947323], [-113.17856200281462, 29.24885899586438], [-113.17861993853498, 29.24766928259572], [-113.17811411465837, 29.246590044092724], [-113.1779436923008, 29.243295983300605], [-113.17838022166352, 29.241756936954335], [-113.17719055785047, 29.23759841706281], [-113.17758573622197, 29.23559506541768], [-113.17706159913807, 29.232468895379178], [-113.17661184882502, 29.231098322228842], [-113.17546991281856, 29.22977515234836], [-113.17450101536592, 29.2290150504707], [-113.17392658316989, 29.228084198006037], [-113.17301431632394, 29.22749987343439], [-113.1728069514041, 29.22701101037658], [-113.17295409058048, 29.2245215505265], [-113.17377945064557, 29.220907630337567], [-113.17440423718311, 29.21964310289776], [-113.17446233451942, 29.216153556916918], [-113.17434412123372, 29.21436496025524], [-113.17290663832078, 29.212019897589027], [-113.17179807374004, 29.209688226577097], [-113.17158696809157, 29.20869652453466], [-113.17193130308496, 29.206121605891045], [-113.17225578146018, 29.20516508832683], [-113.1723766323116, 29.196855872714725], [-113.17172670665254, 29.195534850741957], [-113.17063855892462, 29.194351640450023], [-113.16723163720461, 29.191961644084667], [-113.16702694890837, 29.191041338392328], [-113.16732226036284, 29.189296219111345], [-113.16845069849457, 29.187709662100605], [-113.17107719035123, 29.18224722410674], [-113.17249882017887, 29.1778776041538], [-113.17298293907695, 29.172873760318833], [-113.17273080511653, 29.170038990644645], [-113.17402327335118, 29.16605950906978], [-113.17435263853606, 29.161554700241286], [-113.17401170173254, 29.159068462353517], [-113.17438041130048, 29.156564911588834], [-113.17317760301705, 29.14673411717491], [-113.17340849470881, 29.142748909106984], [-113.17476120320121, 29.130963015162408], [-113.17456104938456, 29.12778103641467], [-113.17362040701627, 29.124649811583854], [-113.17236034266638, 29.12193048334644], [-113.1705391943985, 29.120385152376226], [-113.16950616620447, 29.117822251975618], [-113.16579508443827, 29.113130302149184], [-113.16485957632544, 29.11248778798726], [-113.16380680551629, 29.107228209840976], [-113.16318873049316, 29.105802415153427], [-113.16151887044305, 29.103883140393506], [-113.16008602430769, 29.102585630866553], [-113.15604565174999, 29.09955260287023], [-113.1538729228116, 29.095035868951992], [-113.15380201152821, 29.093724826222633], [-113.15447125639349, 29.092562496261202], [-113.15494873136856, 29.090775260193954], [-113.1560032434379, 29.08934728373582], [-113.15559649705115, 29.081748207409937], [-113.15609378548592, 29.080195553293898], [-113.15591518888351, 29.07916973453071], [-113.1535679891935, 29.073351408923124], [-113.15317084218889, 29.07171245916584], [-113.15174047412405, 29.070433240025846], [-113.14975363371171, 29.069430128731224], [-113.14940368309584, 29.068978028984123], [-113.14922702674296, 29.06719108116694], [-113.14836889265648, 29.066186413564694], [-113.1456494857965, 29.064744431199152], [-113.14255479735631, 29.06372248364027], [-113.13405838352915, 29.06189510332921], [-113.1300219809984, 29.061474067977027], [-113.1280153104953, 29.06161025137714], [-113.12610972796135, 29.06123069667819], [-113.12465989705969, 29.06128392333003], [-113.12442315749382, 29.060858483842754], [-113.12441779488532, 29.060205653138024], [-113.12546218106401, 29.057737400251344], [-113.12520732643262, 29.0572447129378], [-113.12431532071247, 29.056647461990245], [-113.12350498229219, 29.056373929320696], [-113.12245317710047, 29.05649700873319], [-113.121696859684, 29.057941835782586], [-113.12091075348687, 29.056114435711688], [-113.11974649651128, 29.05579691457961], [-113.11407088498827, 29.05516076392036], [-113.10712811749647, 29.055031196630836], [-113.101612547327, 29.055554917333243], [-113.10019914366309, 29.056226325123575], [-113.10084510073324, 29.055511367525146], [-113.102200070708, 29.05479601029819], [-113.10314469906679, 29.051904076859863], [-113.10395326094262, 29.051178015030743], [-113.10503195365172, 29.049187483016574], [-113.10639009088368, 29.04727373149287], [-113.10697238653324, 29.045221162563024], [-113.10819209625083, 29.042358302684114], [-113.10903374140386, 29.041390312156228], [-113.11141180835025, 29.0374419406715], [-113.11405552942232, 29.03218134602564], [-113.11515339632491, 29.028559827340676], [-113.11554079039357, 29.023069667058255], [-113.11404758390756, 29.01233984427601], [-113.11515842087563, 29.009484156654658], [-113.11549939962394, 29.00840644487109], [-113.11547783742212, 29.007545195766266], [-113.11692534416395, 29.003564107561022], [-113.11694954865789, 29.002603866112533], [-113.11586884154822, 29.001479415919377], [-113.11588463529351, 29.0004238869552], [-113.1165702120107, 28.997693011752553], [-113.11638345611892, 28.993727569296166], [-113.11571218751251, 28.98859691606755], [-113.11614943059061, 28.986985575955824], [-113.1183627399759, 28.987182571031795], [-113.12116077565705, 28.987155272771624], [-113.12241825864872, 28.987371984059735], [-113.12287757558848, 28.988251288180386], [-113.12294550600765, 28.989636641065015], [-113.12245615323437, 28.98957105864736], [-113.12937135460582, 28.994571710752293], [-113.13193785192438, 28.99602954792069], [-113.13305768515717, 28.99739596270993], [-113.13414401906725, 28.99831679256424], [-113.13492059173932, 28.999660064546465], [-113.13561834676022, 29.00031855544945], [-113.1392753643097, 29.002846718833712], [-113.14190860135255, 29.004244094173306], [-113.14387186962571, 29.004574898153283], [-113.14677285489901, 29.004526550171228], [-113.14804890263309, 29.00536933510974], [-113.14971558921619, 29.00602437240123], [-113.15021920527242, 29.008103784799978], [-113.15091225336757, 29.008959901129817], [-113.15119391555896, 29.01084814149318], [-113.15214037145094, 29.01185922555284], [-113.15347681475865, 29.013908971792496], [-113.1546278184855, 29.01502475144689], [-113.15633046306515, 29.01595592187915], [-113.15880510489319, 29.01695842366399], [-113.16103871332022, 29.018625705364336], [-113.16577485329319, 29.01888283675018], [-113.17174591869133, 29.0222280250995], [-113.17422411309411, 29.023347132082545], [-113.17498656408854, 29.02338371353472], [-113.17553277920537, 29.02383521064499], [-113.17622354819221, 29.025343660616915], [-113.17908146674735, 29.02674779604427], [-113.18071879423924, 29.026946566276145], [-113.18336378565944, 29.02823188829861], [-113.18607331105486, 29.02853477733121], [-113.18797323255586, 29.028270904844963], [-113.18858870559713, 29.028361979601925], [-113.18961215000398, 29.029625242043632], [-113.19020485789589, 29.030029051952614], [-113.19050042045954, 29.031075601683128], [-113.19153491211138, 29.03189356904952], [-113.19351154892426, 29.036759777318288], [-113.1973105906921, 29.040556933637262], [-113.19769461306024, 29.041304904218556], [-113.19782082516357, 29.044703448601485], [-113.20035065528594, 29.048002688060617], [-113.20096627026969, 29.04824296967758], [-113.20465822950432, 29.048554285586707], [-113.20555352642413, 29.050085879707062], [-113.20673160544484, 29.050773913044118], [-113.20756923068386, 29.05108160109145], [-113.20921174547635, 29.05108393952906], [-113.21116521402838, 29.051872401470124], [-113.21252993250657, 29.051951520167222], [-113.21577273634597, 29.054919971800057], [-113.21667440758456, 29.05545393822249], [-113.21929700311526, 29.056095267298335], [-113.21971104466404, 29.05640594548175], [-113.22085409874674, 29.058701576679105], [-113.22136116580667, 29.05912697798436], [-113.22216895492129, 29.059450027897626], [-113.22456088947759, 29.05991756879477], [-113.22588538934748, 29.05989286551194], [-113.22853810954652, 29.05935731773787], [-113.22958211613023, 29.05936170597765], [-113.23100430794801, 29.060122448909038], [-113.2322493970998, 29.061118232103674], [-113.2342276815186, 29.061198136346647], [-113.23485558586113, 29.06263465581516], [-113.23660662433014, 29.06340221574155], [-113.23817192094236, 29.064639321068963], [-113.23979053898881, 29.0653729249055], [-113.24168641386363, 29.067144725365896], [-113.24395014033288, 29.067131433080785], [-113.24420126102352, 29.06835764206509], [-113.24462297234123, 29.068753201586677], [-113.24523801458605, 29.068609202288304], [-113.24609521743376, 29.070561125225325], [-113.24709178282788, 29.071082493402542], [-113.24754583811801, 29.071910722581784], [-113.24878804066392, 29.073124459787827], [-113.24885394537563, 29.073494342167002], [-113.24770283262602, 29.075675437940074], [-113.24759809251371, 29.076539844387515], [-113.24795784450758, 29.077093681124758], [-113.2486714511926, 29.077239861601925], [-113.24984155810488, 29.080193460027825], [-113.24991137143179, 29.083957396989756], [-113.25007218837557, 29.08422879141892], [-113.25100330774004, 29.08449836493145], [-113.25133369553451, 29.084920695498578], [-113.25177120097156, 29.085000953452038], [-113.2526545952618, 29.08658287579121], [-113.25472076111018, 29.08653859606821], [-113.2553460848997, 29.08675563370556], [-113.25676433545665, 29.08875654919588], [-113.25774709836747, 29.08941371865784], [-113.25833487375046, 29.09062140354613], [-113.25934813752528, 29.091201097883054], [-113.25975541977542, 29.09171406108114], [-113.26008874201183, 29.09230295636882], [-113.26028570767879, 29.0936475152449], [-113.26149222623752, 29.09526106582669], [-113.2620622330795, 29.09668204595018], [-113.26206833417899, 29.098923574261004], [-113.26272555740378, 29.099117341582183], [-113.2628661607351, 29.099430022101963], [-113.2625931552581, 29.099755687246923], [-113.26262988384067, 29.100231538216626], [-113.26329077758488, 29.100664251404325], [-113.26269418557442, 29.102039421313748], [-113.26273227590941, 29.102547869437412], [-113.26402117184408, 29.104552644299332], [-113.26506925021553, 29.10490955964395], [-113.26542290280308, 29.105496100921098], [-113.2656606279332, 29.106756389134937], [-113.26750218993065, 29.107461427445998], [-113.26786330321782, 29.108254997165137], [-113.27027460251944, 29.110038347569112], [-113.27143605324282, 29.110599506870418], [-113.27297564100779, 29.112149022394167], [-113.27394821150324, 29.112749727995705], [-113.2749396601992, 29.114731146723084], [-113.2762259431527, 29.115874793186386], [-113.27627015788472, 29.116223485335833], [-113.27693505324494, 29.116821636880168], [-113.27734153417721, 29.118809529511896], [-113.27914648573496, 29.11985706409572], [-113.27973469827157, 29.121430104373434], [-113.28289794244557, 29.123917289771686], [-113.28373315322828, 29.125007042940005], [-113.28444217528276, 29.125237552953894], [-113.28543131410876, 29.126600610784788], [-113.28628828264809, 29.127201113959014], [-113.28625881731172, 29.128008391864952], [-113.28677740362464, 29.129440536601965], [-113.2878535289017, 29.130155211695097], [-113.29146435920454, 29.13137077852127], [-113.2935233384168, 29.132772053601528], [-113.29381090131743, 29.133296183385415], [-113.29379327719668, 29.13432617328587], [-113.2942498033048, 29.13566934421135], [-113.29605024435872, 29.137145241436844], [-113.29683695726176, 29.13735223198822], [-113.29788737944408, 29.13659331940025], [-113.29827443515889, 29.136714142186808], [-113.29868755343766, 29.13767559891419], [-113.2972065229443, 29.139118617206915], [-113.29835207672232, 29.139088369371418], [-113.29893086250912, 29.142254661668023], [-113.29948746445312, 29.143616581481574], [-113.30069071066072, 29.14510214810042], [-113.30387476426814, 29.146489458096937], [-113.30801647558832, 29.14657032442512], [-113.30868224229812, 29.14690852152208], [-113.31115267323378, 29.147173824744748], [-113.31350374447265, 29.148166605151882], [-113.31513843585107, 29.149502352120724], [-113.31569383217978, 29.150478680011044], [-113.31678781513632, 29.153669730472572], [-113.31705322177189, 29.153867026823875], [-113.31801079030616, 29.153915329315513], [-113.31729181476584, 29.154752182274386], [-113.31823030614, 29.154588663809484], [-113.31854961461289, 29.15595533566531], [-113.319745605349, 29.15720481506211], [-113.32131295782928, 29.15747818367575], [-113.32258781265192, 29.15706574432746], [-113.32369502229469, 29.157001866619137], [-113.32469308921338, 29.157309388464647], [-113.32595809457891, 29.1584971878668], [-113.32713222957896, 29.158866567746752], [-113.32754943790353, 29.160122269249722], [-113.32835496669195, 29.161189390671588], [-113.32937136581351, 29.16122380954818], [-113.33024085631519, 29.160847436500102], [-113.33024272820835, 29.16185939678972], [-113.3300002748049, 29.161984415305984], [-113.33038687111396, 29.162300685713173], [-113.33155081741195, 29.162512346279158], [-113.33240012416088, 29.16203426242242], [-113.33275576073879, 29.161479805699944], [-113.33260831353253, 29.160944489848585], [-113.3314653257534, 29.160397025660764], [-113.3313104061584, 29.159560916029413], [-113.33155336948927, 29.159484254912037], [-113.33263898299792, 29.160185936990946], [-113.33338043348168, 29.160094552293813], [-113.3357273865814, 29.162485596382936], [-113.33620165826488, 29.162522762427262], [-113.33701074318849, 29.163315971726078], [-113.33941217407052, 29.16387271872504], [-113.34262810336196, 29.164304637837926], [-113.34360692231118, 29.165635203566087], [-113.34459249087902, 29.16645809099648], [-113.34684584298873, 29.166765639234672], [-113.34864427160983, 29.16797264721636], [-113.34981123399145, 29.168209841205037], [-113.35060663504503, 29.168582707655208], [-113.35118141421742, 29.169107963078698], [-113.35139822553272, 29.169778039217185], [-113.35390859511378, 29.17097360687937], [-113.35466411982935, 29.172633904005618], [-113.35654718545949, 29.17409986325605], [-113.35627832030691, 29.176284936363313], [-113.35779372679812, 29.177722581849228], [-113.3586364367758, 29.17890585265287], [-113.35985247248134, 29.181760966417837], [-113.36034737115108, 29.182485442819495], [-113.36050998113492, 29.183676859171115], [-113.36238304633432, 29.18527831968831], [-113.36327694736892, 29.186972048049213], [-113.36386757218256, 29.187436044884272], [-113.36739091149427, 29.18947289767564], [-113.36809086992801, 29.189700679492443], [-113.36876904686441, 29.19075969329992], [-113.36976433492505, 29.19137469176623], [-113.37376662529486, 29.192320052823533], [-113.38094636102696, 29.195777013037816], [-113.3849369251597, 29.195989294975984], [-113.3859220130152, 29.196271076019396], [-113.38640121517138, 29.197397290790136], [-113.38740419875434, 29.19831937367086], [-113.38916795610179, 29.1993123472001], [-113.39081675274613, 29.199817266457302], [-113.39325590417972, 29.201238410818558], [-113.39433929104, 29.201639957776475], [-113.39626731111163, 29.20423640200191], [-113.39738258711346, 29.204915440093178], [-113.39790977191578, 29.205900512410246], [-113.40045005929385, 29.20693713143816], [-113.40146944212368, 29.2081025442496], [-113.4044111299736, 29.20946571402829], [-113.40444809743633, 29.210503989526], [-113.40405260745734, 29.21162769595487], [-113.40415938511806, 29.21329885822876], [-113.40489955775776, 29.213561105997176], [-113.4062164279342, 29.214656297519248], [-113.40790071578937, 29.215200898980974], [-113.40817109235736, 29.216237005144187], [-113.40996207244132, 29.21708801067797], [-113.41125578939719, 29.21979223960177], [-113.41141347100847, 29.22194832782404], [-113.41209575729108, 29.222513738456925], [-113.41413803476729, 29.22340480003745], [-113.41434780041747, 29.22375079369237], [-113.41435821889058, 29.225161146014223], [-113.41465677345664, 29.225973467649965], [-113.41598026639262, 29.226653481909526], [-113.41736449318033, 29.226480885391947], [-113.41801697041659, 29.226813947755158], [-113.41861167816435, 29.227604125217532], [-113.41852887947387, 29.22814918217774], [-113.4192619303764, 29.229058492876085], [-113.41980719136353, 29.230550983605188], [-113.42206451070375, 29.23241152930096], [-113.42201210153733, 29.23429593680247], [-113.42225998396727, 29.235815307781106], [-113.42254326127765, 29.23622672572669], [-113.42343884497423, 29.236762985145734], [-113.42352129556437, 29.23706866945884], [-113.42513434939308, 29.23858488952109], [-113.42663398218812, 29.239514874236182], [-113.42770328339107, 29.240451530262348], [-113.4285246495035, 29.24083911959975], [-113.42923151085606, 29.241882100235156], [-113.43031274457225, 29.24295635168686], [-113.43062272139, 29.243720460901777], [-113.43043310339642, 29.245477881464925], [-113.43119287595816, 29.247341290391482], [-113.4293905279895, 29.246988376552316], [-113.42819441992206, 29.24705297873518], [-113.42740975642502, 29.24875622019352], [-113.42720175376718, 29.251032387942523], [-113.42782650881797, 29.25501350312103], [-113.42896145300848, 29.257636419545744], [-113.4302495187084, 29.259060315252714], [-113.43159332808641, 29.2596561649996], [-113.43237093631144, 29.258835064240415], [-113.43307984941559, 29.258459584969234], [-113.43480412135021, 29.259392908506285], [-113.43540601863491, 29.260481521413595], [-113.43685798996664, 29.265861182114268], [-113.4387784742233, 29.26990469706857], [-113.44140628987518, 29.27403274749446], [-113.44282410819498, 29.27567740968531], [-113.44514730937269, 29.276702785875692], [-113.4463002169272, 29.278078509968115], [-113.44963742431418, 29.28013073002136], [-113.45165926629576, 29.28027079230593], [-113.45446792570738, 29.279697615219415], [-113.45521670795694, 29.278471194323075], [-113.45607910216046, 29.278272454717616], [-113.4568718463739, 29.278343057984245], [-113.45814690720832, 29.27884050285617], [-113.45946429978052, 29.27890374417579], [-113.4616023436376, 29.28032280434505], [-113.46380010745601, 29.28119861567838], [-113.46465268548666, 29.281258523781204], [-113.46725311286028, 29.279961881479647], [-113.46921449060515, 29.279596496048573], [-113.46981720971, 29.279314579778717], [-113.47154000864342, 29.27798369425764], [-113.47399389638798, 29.277775291327917], [-113.47587690268237, 29.2793917809256], [-113.47786567090282, 29.280222210855985], [-113.47825677433443, 29.28073374161965], [-113.47908394155789, 29.281211550878687], [-113.48161404338356, 29.28136368293829], [-113.48326525444271, 29.28113254153277], [-113.4854090019319, 29.280550498232493], [-113.48675791790976, 29.280599325451366], [-113.49053545451238, 29.282460850107338], [-113.49274485245074, 29.283311510205753], [-113.49427005309134, 29.284210317954777], [-113.49500518183544, 29.284359792937163], [-113.49540519751194, 29.28407289013547], [-113.4969208555592, 29.28379366152325], [-113.49701102278422, 29.28441977665972], [-113.49655216360529, 29.28764315275501], [-113.49682501572666, 29.288831360994667], [-113.49735709659582, 29.289627583789002], [-113.49747723615492, 29.29022283319094], [-113.49874828544272, 29.29085201339997], [-113.49993876086184, 29.292033072831085], [-113.50007200684125, 29.292771134948346], [-113.50103296092735, 29.293594628330336], [-113.50187844534904, 29.29566240860836], [-113.50328315045267, 29.297748274144798], [-113.50356803054014, 29.299424316796195], [-113.50298302014744, 29.3030589777397], [-113.50313463084436, 29.303996961253553], [-113.50300982757292, 29.304781933166687], [-113.50394385839216, 29.306383471229836], [-113.50467912838671, 29.306532897219626], [-113.5044475583302, 29.307584114052997], [-113.5058026585045, 29.309127221651952], [-113.50588240782979, 29.309639050477223], [-113.50466709900738, 29.311765722501192], [-113.50467674457644, 29.312943668388414], [-113.50530003578965, 29.313302209932747], [-113.50571616391183, 29.313905320890274], [-113.50568242576841, 29.314252660818187], [-113.50506992726703, 29.31472701938672], [-113.50508922650826, 29.317082893952204], [-113.50660395457551, 29.319649605245708], [-113.50643641188441, 29.321041244311505], [-113.5067416935219, 29.321508423931462], [-113.50674464229651, 29.32225562429235], [-113.50729003084962, 29.32319457242534], [-113.50792010038687, 29.323983818882592], [-113.50886561926829, 29.324635846816033], [-113.50906789781477, 29.325052786445156], [-113.51017289231997, 29.325850310135262], [-113.5107162281477, 29.325856495846562], [-113.51137219435927, 29.326212707029715], [-113.51160658680125, 29.32670686559395], [-113.512334608552, 29.32669104635579], [-113.51327154313765, 29.32832102423564], [-113.51324598921691, 29.329026965368413], [-113.51405015824041, 29.32924089640143], [-113.51429990043148, 29.329889458520874], [-113.5148275390265, 29.330119211350283], [-113.51591409439034, 29.330121864994563], [-113.51628725172066, 29.330571147308593], [-113.51696371253989, 29.33070840367477], [-113.51750611233857, 29.331357144459126], [-113.51817772775757, 29.331441884808893], [-113.51817667999062, 29.331759034284488], [-113.52125493023165, 29.33344976525196], [-113.52392438431174, 29.334296289717837], [-113.5245583356141, 29.33476898604934], [-113.52548148979875, 29.334818828174182], [-113.52590713034456, 29.337144477675693], [-113.52673915283641, 29.33815084126779], [-113.52750178745669, 29.340022987819133], [-113.52876389869206, 29.341974855023928], [-113.52891340515706, 29.34538502797574], [-113.53038013976484, 29.347063715023413], [-113.53140817753837, 29.35182035507793], [-113.53237241653693, 29.35267212929251], [-113.53405385767469, 29.353473258873258], [-113.53516215599194, 29.355177196531326], [-113.53574526033515, 29.355452216294434], [-113.53840688271725, 29.355494199328962], [-113.5392670822079, 29.356640731395505], [-113.54011096237434, 29.36224386258505], [-113.54150633286214, 29.3641179013004], [-113.54212388682792, 29.366643312336617], [-113.54315456409911, 29.367145383663303], [-113.54450815189209, 29.36865943187047], [-113.54572720212947, 29.371562702997505], [-113.54902137712828, 29.372904917145238], [-113.55096618235417, 29.374641712058203], [-113.5513675258646, 29.37579184857341], [-113.55202386711281, 29.37614786300469], [-113.55470962740563, 29.37644660198505], [-113.55613432985494, 29.37694946999792], [-113.55773911274862, 29.379049258289434], [-113.55757593104711, 29.381906455650114], [-113.55698884795031, 29.38479361711659], [-113.5573197985035, 29.385891213660912], [-113.55756955368005, 29.386291649190213], [-113.55915700492808, 29.386613144359178], [-113.56148493858771, 29.387637370523073], [-113.56183537085194, 29.3885898590965], [-113.56366899352948, 29.389609856910898], [-113.56642131410368, 29.392404393899586], [-113.56721846024062, 29.39392885898402], [-113.5685074073327, 29.395447245421302], [-113.56883292221576, 29.397551203171023], [-113.56992598051902, 29.40014693360007], [-113.57198881721054, 29.401869179354577], [-113.57513077514585, 29.40248022457473], [-113.57724129233857, 29.4036961491883], [-113.57945375051125, 29.404160691203646], [-113.58048101894744, 29.404605622565832], [-113.581899034485, 29.405437063314075], [-113.58411670544683, 29.406384371405366], [-113.58562784925365, 29.40779593898584], [-113.58821736018723, 29.408923934652485], [-113.58858162652287, 29.4094503445836], [-113.58869058466877, 29.41020195762277], [-113.58946262300132, 29.410872031188752], [-113.59023988611058, 29.412024935943336], [-113.59001516174492, 29.41300729474614], [-113.59095244156524, 29.41669847345787], [-113.59242942629574, 29.417526002745788], [-113.59240685049917, 29.417906731656082], [-113.59129879354865, 29.419982069584965], [-113.59120476265973, 29.42115140147232], [-113.5907632762725, 29.421688212307245], [-113.59085455412459, 29.423299357800868], [-113.59044640601041, 29.423884347005053], [-113.58949753954852, 29.42455823000771], [-113.5889868331322, 29.425908741441027], [-113.58853454311318, 29.426377343911508], [-113.58836944722047, 29.427417859829784], [-113.59075093672625, 29.432678791118803], [-113.59072277936743, 29.434816594949158], [-113.59126020233545, 29.43555771096368], [-113.59393254340753, 29.437582837029407], [-113.59443472959116, 29.4384494710897], [-113.5945139258285, 29.43930510313712], [-113.59284787202752, 29.442581102412955], [-113.59208566858918, 29.44599803966631], [-113.59185222398403, 29.44908446511293], [-113.59225615871073, 29.45103015438543], [-113.59125531230332, 29.45253314845383], [-113.59106025831734, 29.45382193577339], [-113.59035228361581, 29.453952859737978], [-113.58999474087463, 29.45447879046829], [-113.58956634916431, 29.454638346175077], [-113.58966342933519, 29.454910019151736], [-113.58884461102679, 29.45540763070938], [-113.58912879280192, 29.45559190788821], [-113.58921469685953, 29.45652027862649], [-113.58886590630773, 29.456720214491938], [-113.58816389114997, 29.456711560930724], [-113.58803192950818, 29.45715242199273], [-113.58647696556298, 29.459050437828665], [-113.58610280544575, 29.460420232560963], [-113.58553593312433, 29.461511665075207], [-113.58428365619292, 29.463137323825602], [-113.58417544682301, 29.46339989498568], [-113.5843610888343, 29.463688011659254], [-113.58537354151171, 29.46403340984529], [-113.58521694990642, 29.464345758031513], [-113.58482840476533, 29.46444281545611], [-113.5844465167453, 29.464189072445567], [-113.58360108931006, 29.4640662703747], [-113.58316415811429, 29.464213087614997], [-113.57788602454387, 29.46820479630852], [-113.57733527218842, 29.4700381934123], [-113.57622036545115, 29.47160662665251], [-113.57678350070937, 29.47295116497367], [-113.57610956047644, 29.473832300213832], [-113.57590803834925, 29.475915764631704], [-113.57622883538771, 29.476898917182353], [-113.57549656828195, 29.478215250319916], [-113.5754598684284, 29.48066063216564], [-113.57054922611769, 29.484975797626127], [-113.57025070757973, 29.485861545291016], [-113.57013929849373, 29.487463899499467], [-113.56829676166485, 29.48907602526017], [-113.56808545876224, 29.489808675721797], [-113.56818937305546, 29.49113786732187], [-113.5676485589778, 29.49213046168758], [-113.567650413066, 29.493023690918648], [-113.56823009584178, 29.493476396485118], [-113.5683698437585, 29.49423946716523], [-113.56772001507326, 29.495983162616618], [-113.56766456251438, 29.498183370704442], [-113.5671071623062, 29.498715133094716], [-113.56576942613265, 29.500925678152505], [-113.56574524091712, 29.50140826721511], [-113.56632555239347, 29.502479252998054], [-113.56618784649221, 29.50284964800917], [-113.56580278189605, 29.50314735853023], [-113.56428218936962, 29.50343518280866], [-113.56361958688169, 29.505195121164075], [-113.56407149439, 29.506365365563394], [-113.56396477641306, 29.507815503409635], [-113.56424815353152, 29.511016178721047], [-113.56456219209863, 29.511757203623727], [-113.56589648674249, 29.51349935083281], [-113.56881360077021, 29.515060873560504], [-113.57004794293483, 29.515295353376406], [-113.57006032197032, 29.516600446755934], [-113.56983930194201, 29.516786411327242], [-113.57029326621155, 29.51724641856514], [-113.57025478414727, 29.517533043677698], [-113.56983494117257, 29.517676301685267], [-113.56963151737422, 29.51734999136706], [-113.56888023831044, 29.517422047690623], [-113.56902541375418, 29.518055304097384], [-113.56844640814974, 29.51928863404609], [-113.56909434310477, 29.52166961879748], [-113.56968668524631, 29.52208746856036], [-113.57053492765222, 29.52197909447978], [-113.57073773958483, 29.52237610446161], [-113.57101946878836, 29.522428773193045], [-113.57118450084212, 29.522417102689378], [-113.57119952514965, 29.521980491388003], [-113.57154597748765, 29.521835017814304], [-113.57233838486286, 29.52202093573402], [-113.57241395658528, 29.522838293664034], [-113.57173933827994, 29.52392646580437], [-113.57080605671175, 29.52491193817147], [-113.57016732563956, 29.525090415290222], [-113.57001207757013, 29.525312610652996], [-113.57021289997586, 29.526673784461092], [-113.56833387067758, 29.527663769356696], [-113.56799631726817, 29.52860856898449], [-113.56849870112632, 29.530299678718066], [-113.56881696320733, 29.530679316027484], [-113.56876568377561, 29.531496997382167], [-113.56909870718118, 29.531826048211226], [-113.56945756038239, 29.53188882001723], [-113.569907979177, 29.533487693044357], [-113.57092073119951, 29.534077189534848], [-113.57179783183342, 29.53538144469364], [-113.57222705891625, 29.535659601159253], [-113.57224730385651, 29.535878536989827], [-113.57135344746462, 29.536029884423144], [-113.57132357293841, 29.53625236305353], [-113.57221844768584, 29.53720277734021], [-113.57236319595926, 29.53767734446874], [-113.57212327450371, 29.538355394761076], [-113.57169658206084, 29.538650002601923], [-113.57060633442433, 29.538859313783277], [-113.57028238552095, 29.53971960699746], [-113.56888030789277, 29.540920536357564], [-113.56842931238069, 29.5409524165513], [-113.56748282632539, 29.54053451995741], [-113.5671320436071, 29.540559313455596], [-113.56550384136719, 29.542133295541287], [-113.56484418296259, 29.54388484205387], [-113.56393907393077, 29.543870158393187], [-113.56322958823537, 29.542845830795954], [-113.56173005297237, 29.54373131477407], [-113.56086895237209, 29.545200141496156], [-113.55869076747773, 29.546006066045653], [-113.55764027644221, 29.544518247384303], [-113.55757929596297, 29.543976596425633], [-113.55892500060742, 29.54206169533556], [-113.55959637001844, 29.54067331855961], [-113.56045706919095, 29.540595753066075], [-113.5605829536626, 29.540325859921417], [-113.56077974485827, 29.539373284586063], [-113.55947504619476, 29.537788965561933], [-113.56048764357408, 29.53692270877838], [-113.56035378291486, 29.536185052020762], [-113.55850465243519, 29.5347831255289], [-113.5580805880191, 29.534698136453752], [-113.55731013188027, 29.535250625689333], [-113.55678600636863, 29.53519145684855], [-113.5566838318341, 29.534873407694295], [-113.55721664118121, 29.534356860645232], [-113.55600150092181, 29.534126585867025], [-113.5555028038916, 29.5348596089621], [-113.55484124403513, 29.53496520547603], [-113.55483989063198, 29.535425062375616], [-113.55431950556995, 29.535720420545577], [-113.55399150153856, 29.53685005976512], [-113.55368318752137, 29.536895589508898], [-113.55348921093763, 29.537708243197276], [-113.55292309857622, 29.53791665887667], [-113.55296827279616, 29.536744915311733], [-113.55357920045327, 29.534345512092546], [-113.55211094880765, 29.533864885095902], [-113.54954748666809, 29.53370351312264], [-113.54550337890971, 29.533988880832183], [-113.54171298811126, 29.535224150591024], [-113.54170804859557, 29.536071400515336], [-113.54047360962124, 29.537218850528397], [-113.5404763937027, 29.537485554484558], [-113.54102315314577, 29.537865511408164], [-113.54091520575301, 29.53847655206046], [-113.54065671596518, 29.53873109299558], [-113.5403176013298, 29.538602479576827], [-113.54012742669728, 29.53819647597631], [-113.53967398598037, 29.538247514266942], [-113.53922578333608, 29.5383553741859], [-113.53876668189086, 29.539055005542178], [-113.5385082994996, 29.539092287295954], [-113.53776418903936, 29.538871138286023], [-113.5375872844102, 29.538021571438563], [-113.53659303164197, 29.537800246558735], [-113.53501404012658, 29.537967284160942], [-113.53524875618517, 29.53867490920906], [-113.53515656905051, 29.539457238985904], [-113.5345720890274, 29.539572873361024], [-113.5322687224301, 29.54092507492427], [-113.53145954050217, 29.540265096662786], [-113.5306858215088, 29.540864200797465], [-113.53027749251841, 29.540564588201068], [-113.52890678336614, 29.54150195504908], [-113.52759218791591, 29.541258245387517], [-113.5272818614365, 29.542080957779007], [-113.52679563579208, 29.542070549499414], [-113.5263283579191, 29.542406288642834], [-113.52681361372882, 29.543062166183088], [-113.5263501758108, 29.543382147467685], [-113.52592238321307, 29.543094640764426], [-113.5247817127529, 29.543281467953772], [-113.52421527231098, 29.544107170111268], [-113.52425733854994, 29.54456395302986], [-113.52396890339192, 29.544759290892078], [-113.52465812752153, 29.545426253946236], [-113.52501042322079, 29.54895505910565], [-113.5261226836219, 29.549472972121386], [-113.52624802558294, 29.55053738951736], [-113.52599863840582, 29.550793442759108], [-113.52330153430552, 29.550554053264612], [-113.5214760560563, 29.55118341213837], [-113.5199844113747, 29.551288404752153], [-113.51681592817835, 29.552155307460566], [-113.51455805917658, 29.55164637857647], [-113.51451349673522, 29.551458722632304], [-113.51391467058733, 29.55147699272419]]], [[[-113.556743067757, 29.552599534842454], [-113.55754668485287, 29.54875512613277], [-113.55831137208517, 29.54794003126758], [-113.55902607440612, 29.546099496787427], [-113.55895955037919, 29.548164519547313], [-113.5591502449574, 29.549020491738172], [-113.56003172948668, 29.549784421343343], [-113.56053984199413, 29.549754746742277], [-113.5600670448178, 29.550352867069332], [-113.55992082241957, 29.551041664015628], [-113.55949709871487, 29.550771567159714], [-113.55886063554584, 29.550969172225905], [-113.55849635589499, 29.55258838089941], [-113.55850216830453, 29.552954962845014], [-113.55891994963126, 29.553606627455167], [-113.5587108392431, 29.554259314846124], [-113.55791110262246, 29.554474311505725], [-113.55759646187195, 29.55433964605173], [-113.556743067757, 29.552599534842454]]], [[[-113.53895893949324, 29.565721148507063], [-113.53661064073037, 29.564559418728393], [-113.53493149739877, 29.56429123611782], [-113.5344183614154, 29.563354345435947], [-113.53424195013226, 29.562562689259764], [-113.534363936184, 29.56201268213537], [-113.53463368009812, 29.561855739483537], [-113.53509061218075, 29.562016655090517], [-113.53548607579663, 29.562880792163117], [-113.5361444724916, 29.563185120696673], [-113.53658428279297, 29.562851845573476], [-113.53696173013616, 29.562839703842187], [-113.53934621688346, 29.563839014944097], [-113.54050052987947, 29.56399466204988], [-113.54079677471915, 29.56379309186656], [-113.54179737532935, 29.563958868172826], [-113.54255729483299, 29.56384985447516], [-113.54331214239207, 29.564191951723394], [-113.54383671699215, 29.563759817366446], [-113.54418102969231, 29.563760593191883], [-113.54437222358638, 29.563925769501687], [-113.54442355774498, 29.56454633872885], [-113.54530166940545, 29.565413133182023], [-113.54507800252402, 29.56574264252006], [-113.54418543696491, 29.565805589417096], [-113.54296461293887, 29.56561774136244], [-113.54208551591826, 29.56518365233914], [-113.54132427724558, 29.565200308802506], [-113.54001596243985, 29.565625719145444], [-113.5397827036588, 29.566404767957252], [-113.53895893949324, 29.565721148507063]]], [[[-113.56586929211936, 29.566016673176925], [-113.56469341057583, 29.562287594438015], [-113.56288135237922, 29.561689479848255], [-113.55992447984299, 29.56117219549456], [-113.55965885613344, 29.560872491323455], [-113.55998529127741, 29.560652513053935], [-113.56008215491813, 29.559985759449784], [-113.5616016519956, 29.559265507546264], [-113.56177989698081, 29.55884423762886], [-113.56128879673642, 29.55750693923471], [-113.55996995938432, 29.556432430710473], [-113.56050643246068, 29.55531244862001], [-113.56088625493277, 29.554897451793384], [-113.56125773373954, 29.55509954862007], [-113.56159809694503, 29.555954598121104], [-113.56133286890122, 29.556761097259336], [-113.56225682499341, 29.557426510125907], [-113.56234285180098, 29.558820180284656], [-113.56138986663176, 29.559792339189972], [-113.56155854078844, 29.560102548869615], [-113.56216693844988, 29.560182470899942], [-113.56224242756778, 29.559240055485365], [-113.5630386971783, 29.55853297828465], [-113.56315139161359, 29.5571237666411], [-113.56360093722219, 29.556668859040816], [-113.56362140123129, 29.555487062174993], [-113.56313350661577, 29.55523583348188], [-113.56360707175504, 29.55420961929273], [-113.56362304300835, 29.55324913240533], [-113.56398732009184, 29.552332927005583], [-113.56408827352212, 29.55253438917218], [-113.56528621170688, 29.5519384543015], [-113.56607422532959, 29.551073138370743], [-113.56632615036798, 29.5502880851992], [-113.56733107393393, 29.550485464376774], [-113.5683947855621, 29.549866709693944], [-113.56877293655523, 29.55019501714082], [-113.56922580806439, 29.550171526195136], [-113.5702041985394, 29.549622636996638], [-113.57107351666566, 29.54861786990744], [-113.57233039306806, 29.54860308275858], [-113.57285726700663, 29.54786371729872], [-113.5736716578717, 29.547578586467086], [-113.57428573515044, 29.547676017744475], [-113.57507397299862, 29.547096811846036], [-113.57499916099964, 29.54660084150531], [-113.57537052163008, 29.545955471172764], [-113.57570422309198, 29.545988616671586], [-113.57638752098671, 29.546672893047916], [-113.57578763436099, 29.5470816319465], [-113.57610716578981, 29.547903827191675], [-113.57573411155845, 29.547912716633277], [-113.57566538364878, 29.54818007529631], [-113.5759272149156, 29.548412395813727], [-113.5756488301616, 29.548362083119553], [-113.57558087387869, 29.54855134285911], [-113.57585072435764, 29.54979477862074], [-113.57643135461403, 29.550590998153304], [-113.57643116439347, 29.552750216464602], [-113.57737691106885, 29.554317896463104], [-113.57765326245975, 29.556305460938205], [-113.57883509177407, 29.557579046794956], [-113.57941490390584, 29.560452741117164], [-113.57934271246279, 29.560990825948814], [-113.5785556569888, 29.56124092788997], [-113.57787194090209, 29.56174195747684], [-113.57703752301138, 29.56172633658687], [-113.57624424505984, 29.562155631545878], [-113.57457472853645, 29.562348326657375], [-113.5725045759445, 29.56352097045636], [-113.56795393691036, 29.56486270254144], [-113.56685736791229, 29.566078880712155], [-113.56685620669151, 29.56647502598884], [-113.56624197588829, 29.56636990104595], [-113.56586929211936, 29.566016673176925]]], [[[-118.26148439340427, 29.184854459576645], [-118.26153217564911, 29.184143330606], [-118.26212244146782, 29.18298809802152], [-118.26534351304704, 29.18075430698017], [-118.26595040063533, 29.18052719732574], [-118.26713968912624, 29.17885624738055], [-118.26971015024662, 29.17634340702224], [-118.27055218339805, 29.175037185153407], [-118.27102981324369, 29.173247329136426], [-118.27096094827111, 29.17162550679549], [-118.27315195440848, 29.1685252131108], [-118.27312103485598, 29.168185108440372], [-118.27280060611638, 29.168363593285196], [-118.27330654727307, 29.167733978227247], [-118.2730310904338, 29.166762851867418], [-118.27351876056288, 29.16532513714009], [-118.27299736052854, 29.164732061084823], [-118.27309292855203, 29.16433714654796], [-118.27380967655807, 29.164339957145426], [-118.2741736742275, 29.163818557037196], [-118.2736030850533, 29.16321283300826], [-118.27365367931515, 29.16301607781868], [-118.27491088003973, 29.16304689156575], [-118.27627473444308, 29.162569164237855], [-118.2769198088567, 29.162115222605347], [-118.27798871301685, 29.16193282756486], [-118.28044074734069, 29.160034016727938], [-118.28130449248017, 29.158280354355302], [-118.2816233394777, 29.158109033019286], [-118.2817875222548, 29.158285113515536], [-118.28238429664768, 29.157761707537226], [-118.28621152350335, 29.150098203955213], [-118.28644888568066, 29.148915986650557], [-118.2881952619692, 29.144426091647397], [-118.28839156839832, 29.14296629210236], [-118.28821191758902, 29.142493969484292], [-118.28859382247958, 29.14109722494522], [-118.28832613178483, 29.140201357920063], [-118.2885057820695, 29.139092530302], [-118.28818574357024, 29.137648197068135], [-118.28753734142174, 29.13699265548497], [-118.28786927566564, 29.13557449632678], [-118.2873065329238, 29.13403379539895], [-118.28745049144194, 29.133062975447054], [-118.28711617606125, 29.132250389588197], [-118.28721220425689, 29.131819919720755], [-118.28654347434102, 29.129111801427406], [-118.28472961787062, 29.124516515330512], [-118.28380396714276, 29.12289434873854], [-118.28157526467756, 29.11652423069552], [-118.2825095346301, 29.110263128716724], [-118.28238771438812, 29.108607002646224], [-118.28003484493392, 29.106229667501392], [-118.27682944227078, 29.103730742734736], [-118.26998657612587, 29.100454851354087], [-118.26589227085763, 29.099645800442975], [-118.26158821560526, 29.097638669783755], [-118.2614072903515, 29.09775058412657], [-118.25939902508308, 29.097186651911482], [-118.25795350229075, 29.096434742210036], [-118.25710165481372, 29.09625033384673], [-118.2560939543524, 29.095341380097388], [-118.25466508668525, 29.095227166631663], [-118.25353603291585, 29.09465490655283], [-118.25172169381992, 29.090694293287484], [-118.24904717996807, 29.087526040634497], [-118.24812275914498, 29.085714080818544], [-118.24633217677142, 29.0846377438512], [-118.24099109633325, 29.07745652027246], [-118.23755107917216, 29.072315935522965], [-118.23404141286888, 29.069314987421343], [-118.23177279411446, 29.06798508114906], [-118.229901618777, 29.065462834340114], [-118.22806524901057, 29.061989983814335], [-118.22753447320926, 29.059175951819213], [-118.22702764758195, 29.058015965413578], [-118.22684085968396, 29.056553786000066], [-118.22658982693524, 29.056206385423145], [-118.22684561872515, 29.05505829512433], [-118.22665764078947, 29.054973824501527], [-118.2267266456037, 29.05363061866779], [-118.2264363522889, 29.051841264129738], [-118.22582317369212, 29.05010109714373], [-118.22538106126369, 29.048289918228264], [-118.22546534403793, 29.047930890122203], [-118.22291907763346, 29.038280875691935], [-118.22411789489061, 29.035399430583393], [-118.22452683399025, 29.033645525004758], [-118.2243261667568, 29.030759676463575], [-118.22336677181615, 29.028333451367967], [-118.22423319656441, 29.026209690552793], [-118.22432497771992, 29.025346401836998], [-118.22389191595626, 29.024095995334854], [-118.22368520032593, 29.022479746546672], [-118.22303322798932, 29.02112464346324], [-118.22301300238907, 29.01957323507819], [-118.2224050504327, 29.01746384173926], [-118.2223647162509, 29.015902200587806], [-118.22170191918516, 29.01458112516829], [-118.22186969511291, 29.01320944263802], [-118.2217054893626, 29.012212372490747], [-118.22197674703466, 29.012013686856843], [-118.22203993097891, 29.011238314259685], [-118.22146278413207, 29.01078231586474], [-118.22188989675955, 29.010715691666448], [-118.22203623431109, 29.01046227812809], [-118.22195057259358, 29.009702041389893], [-118.22243479312938, 29.009898345938524], [-118.22224800609281, 29.009222579498754], [-118.22301181331827, 29.008747877019204], [-118.22366433592711, 29.008711850248172], [-118.22517137246487, 29.00693893636211], [-118.22583742338094, 29.004964534089925], [-118.22676660230017, 29.003247752989225], [-118.22668927015224, 29.00255651880291], [-118.22773623217897, 29.001174051973948], [-118.22825278219817, 28.99752696123168], [-118.22950546176594, 28.99613157526911], [-118.22968144219016, 28.995425275414075], [-118.22964455984987, 28.994943434349352], [-118.22905206158309, 28.9949901563632], [-118.22988555861838, 28.99345088884972], [-118.22989663397391, 28.9903538082252], [-118.22956176020739, 28.98917977006559], [-118.22765820686058, 28.985761174602327], [-118.22736260525544, 28.98282775674314], [-118.22752185939027, 28.98039340815887], [-118.22850479762343, 28.978589398005127], [-118.22855595713553, 28.977078441452175], [-118.22894706966522, 28.97590412533365], [-118.22900943430619, 28.974950582647686], [-118.22886327488804, 28.97371088433339], [-118.22788018985692, 28.97267405816039], [-118.22793848674729, 28.972105367246748], [-118.22755539257803, 28.97152953720199], [-118.22721037203479, 28.971446255850793], [-118.2267065630879, 28.970926730968916], [-118.22670592649285, 28.969903176064218], [-118.22523541911897, 28.96901563763081], [-118.22450492409742, 28.967201298446426], [-118.22407662080741, 28.966702801614563], [-118.22184825595677, 28.965304867049916], [-118.22095169453861, 28.96332531449738], [-118.22096953962136, 28.962565076151385], [-118.22165076118888, 28.96121695281337], [-118.2227267722347, 28.960399767151806], [-118.22262396063884, 28.95982734863301], [-118.22278963216164, 28.959784221233985], [-118.2228678969816, 28.958754378991266], [-118.22366140636464, 28.957677505172093], [-118.22358883183651, 28.95696009844679], [-118.2240266534548, 28.956310505528474], [-118.22376848054903, 28.95616535862524], [-118.2243038599978, 28.9558120081512], [-118.22438093823698, 28.95358895564425], [-118.22412370068562, 28.95238167256864], [-118.22428319732109, 28.94825166357154], [-118.22451728969305, 28.947394120774415], [-118.22421344003688, 28.94612760244683], [-118.22455727263781, 28.945962229017606], [-118.22451444157176, 28.945510131472165], [-118.22496059139559, 28.944983081327308], [-118.22498795539687, 28.943811196137453], [-118.22543910965848, 28.94288735740179], [-118.22546196190738, 28.942194511139473], [-118.22596878789399, 28.941693634169358], [-118.22635733553567, 28.94057869842376], [-118.22707355328515, 28.939516269301222], [-118.22732696452076, 28.93751276331303], [-118.22760381425397, 28.93698249737303], [-118.2274161947997, 28.93549854899867], [-118.22752564996361, 28.93473474239081], [-118.22782308293598, 28.93428026555772], [-118.22761131111005, 28.934139876799957], [-118.22817872322149, 28.93339877730004], [-118.22858638966818, 28.92951615453507], [-118.22814787903651, 28.92830186888973], [-118.2263609043099, 28.92698721750526], [-118.22631926286256, 28.926397111599158], [-118.2280936930812, 28.922868767037937], [-118.22794919435795, 28.921766680203124], [-118.22806578830962, 28.92150493894544], [-118.22920382084165, 28.92142718181917], [-118.22973629034622, 28.92073571401786], [-118.23148098078289, 28.91979502750041], [-118.23213109662782, 28.919111200826293], [-118.23248369793819, 28.917870474500557], [-118.23656393241288, 28.915938526171388], [-118.23855739684083, 28.915281941619313], [-118.23860414411915, 28.913105034641667], [-118.23881557874176, 28.913115721580123], [-118.23867818366976, 28.912275010071635], [-118.2389684780489, 28.912008510138552], [-118.23905770840801, 28.911122161497108], [-118.23971188928256, 28.9099662626547], [-118.23981314258765, 28.908899454795986], [-118.24081082294613, 28.906508271891063], [-118.24076854003326, 28.904476326512288], [-118.24122658672485, 28.903749401266385], [-118.24204753907924, 28.90301471182089], [-118.24365761298093, 28.898466125440656], [-118.24560779204992, 28.89613744238486], [-118.24577362721216, 28.89532709089583], [-118.24546069682442, 28.894973586443754], [-118.24552256293482, 28.89479393718036], [-118.24822225455205, 28.893589812603906], [-118.24823349556075, 28.890998022545368], [-118.25026953751038, 28.892013276470262], [-118.25128162289258, 28.89128171972761], [-118.25138317555079, 28.890770268479464], [-118.25191855521518, 28.890332447465756], [-118.25233971907949, 28.890142089947922], [-118.25265656849012, 28.890287855953915], [-118.25389003221775, 28.889212371285495], [-118.2548668514283, 28.888847495010594], [-118.2563503005444, 28.88777690597044], [-118.25798261148613, 28.887107087983424], [-118.25823188767167, 28.886634766545644], [-118.2581162820293, 28.885741082254583], [-118.26094014013661, 28.8834769649902], [-118.26384603911292, 28.88318571222198], [-118.26449109503591, 28.883606234487285], [-118.2654511841918, 28.883866783308182], [-118.26668265045484, 28.885034903480168], [-118.2678549947353, 28.88795536578439], [-118.26829281628031, 28.88855261029234], [-118.26868183382663, 28.88881861920755], [-118.2704923651353, 28.888952710217], [-118.27162292811458, 28.888759775434295], [-118.27351677904718, 28.887719718464208], [-118.27480065731619, 28.886796443885622], [-118.27665725582513, 28.88503033999733], [-118.27754340643897, 28.885177975298], [-118.27780928256476, 28.884626753274084], [-118.28415235266927, 28.88434984750738], [-118.28759057577804, 28.882023041848427], [-118.29196131735698, 28.88234622118633], [-118.29276678037753, 28.88210160039885], [-118.29280310068792, 28.880391158823503], [-118.29374937697072, 28.87957453524396], [-118.29574603201375, 28.879482244966454], [-118.29695851053816, 28.88114039889342], [-118.29643347154696, 28.881938783518294], [-118.29460327622866, 28.882690512635758], [-118.2947198555133, 28.882955654555428], [-118.29576181141701, 28.883182320844952], [-118.2960735203372, 28.883420267438176], [-118.29561428451024, 28.88421738737227], [-118.29603544887111, 28.88474324730474], [-118.29565473466295, 28.885311939551386], [-118.29487903131223, 28.88585921497393], [-118.29397007731659, 28.885547505307564], [-118.29299925715515, 28.88570930928327], [-118.29198296547264, 28.88615254884196], [-118.29130016009717, 28.886899896156777], [-118.28973988332943, 28.887183403656806], [-118.28850092731992, 28.887918232650485], [-118.28859725370572, 28.888136359474736], [-118.28794290248618, 28.88859083624271], [-118.28695626364357, 28.888834350353218], [-118.28611376756643, 28.889334010847055], [-118.2842457734542, 28.89159635372283], [-118.28436657194796, 28.891788832164163], [-118.28395209728347, 28.891952017386597], [-118.28282086350885, 28.893321998463094], [-118.28250741559621, 28.896248964787418], [-118.282931766187, 28.898187517519563], [-118.2822763961252, 28.90114876422987], [-118.28509868994203, 28.904218227006513], [-118.28601553640942, 28.90627290823716], [-118.28660326524884, 28.9066842573858], [-118.28633438650282, 28.906938860125315], [-118.28587347638229, 28.908218325532427], [-118.28591230056887, 28.910578079375295], [-118.28614402897243, 28.910817381577207], [-118.28699349664862, 28.910605608797322], [-118.2878048927273, 28.911140988311203], [-118.28736945165042, 28.911350380367658], [-118.28632010968259, 28.91107198438441], [-118.28598058137082, 28.912358905438545], [-118.28741591321985, 28.91541507656436], [-118.29055654018225, 28.916928563256278], [-118.29307185072426, 28.918961935625987], [-118.29355110022257, 28.920738469467725], [-118.29314967110486, 28.922542861396547], [-118.29330132214052, 28.925636500518678], [-118.29247397197864, 28.927708113517365], [-118.29322041959855, 28.927794671583037], [-118.29339174198604, 28.928175385295425], [-118.2928411774442, 28.9283274574625], [-118.29579982445534, 28.933317358931276], [-118.29701616021599, 28.934448334212668], [-118.29812336451491, 28.934653599109772], [-118.29796605396194, 28.935331543654826], [-118.29841412803067, 28.935748155998045], [-118.29564730951665, 28.938818552515727], [-118.29510449585437, 28.941311191533334], [-118.29404862100459, 28.943855309846388], [-118.29418981884942, 28.946279264669908], [-118.29598266658608, 28.94808029055014], [-118.29690045012386, 28.94827431130144], [-118.29742869143132, 28.94884252484604], [-118.2978911069574, 28.950855779007604], [-118.29766448746412, 28.951356301950163], [-118.29819843943011, 28.951660396945265], [-118.29795573368348, 28.951870265861036], [-118.29739177148761, 28.951772613842007], [-118.29736473255997, 28.952055875985923], [-118.29624629599691, 28.952129978110964], [-118.29565039281937, 28.952413496770593], [-118.29539059903581, 28.95218666777691], [-118.29384417263296, 28.952289106335826], [-118.29294481768866, 28.95301722844785], [-118.29309831592964, 28.955226921197834], [-118.29087370950157, 28.960783404879944], [-118.29057979269274, 28.963860446929033], [-118.2907813385822, 28.964584263183998], [-118.29092452769403, 28.96768424353539], [-118.29132223136834, 28.96839674532512], [-118.29318329252672, 28.96923717541636], [-118.29389620492768, 28.97206078535794], [-118.29632995910583, 28.972121321551057], [-118.30286891798765, 28.97176974029248], [-118.30493175912406, 28.97360470587198], [-118.30527637314033, 28.973506540242617], [-118.30526047924738, 28.973897104890252], [-118.30561947695769, 28.9742164347655], [-118.3063750897693, 28.974043108815255], [-118.30632868971097, 28.974254286385907], [-118.30581474844564, 28.974390128223824], [-118.30672933225165, 28.974647194610885], [-118.30695419116229, 28.975184953113857], [-118.30730991947553, 28.975243249105944], [-118.30735453298897, 28.975799247282332], [-118.30910205256063, 28.977746750396875], [-118.30940885029935, 28.97739266715641], [-118.30990853748104, 28.977530676167373], [-118.30963489943208, 28.978175509859494], [-118.3106178586198, 28.97879722547093], [-118.31306779474113, 28.97958337339046], [-118.31308858911004, 28.97985893050729], [-118.31355387076812, 28.98004100759192], [-118.31359670161211, 28.98038840796238], [-118.31317654748545, 28.9810245323683], [-118.3132290816338, 28.981720679620434], [-118.31222452575084, 28.982936782967734], [-118.31011538583721, 28.983735753766183], [-118.30531927877774, 28.986559197685338], [-118.30687895791463, 28.99330898051527], [-118.30755762925145, 28.994334429368518], [-118.3076060731341, 28.9950742347096], [-118.3081446357034, 28.996381692469257], [-118.30948376102204, 28.99868515978872], [-118.30932080984299, 28.99910762806601], [-118.30833564239691, 28.999406986217224], [-118.30659958405799, 29.00049841835976], [-118.30518178679912, 29.003402193621774], [-118.30499547718735, 29.00446377503779], [-118.30514743195927, 29.006821037919], [-118.30545385222457, 29.007513984841445], [-118.30555203225572, 29.008703130351428], [-118.30613417928741, 29.00974579086758], [-118.3075859868612, 29.010760395334486], [-118.31013255023473, 29.015685178542064], [-118.31410204824662, 29.019552834731968], [-118.31600851541162, 29.026217757766215], [-118.31482516026257, 29.03045036409654], [-118.31625714163489, 29.03614353649447], [-118.31695616545323, 29.03720013982152], [-118.31711087833986, 29.037836448166857], [-118.31959224041645, 29.03911328917201], [-118.32156772539756, 29.04363801545632], [-118.32650495688497, 29.04925968156911], [-118.3308053739957, 29.052003811758798], [-118.3347094687912, 29.053706703604842], [-118.33884529642208, 29.055157002073386], [-118.33909650133583, 29.055800178958446], [-118.33927614898136, 29.058465542035236], [-118.3444852407393, 29.062512467283064], [-118.34417340264581, 29.063636762928716], [-118.34429324407147, 29.06397600702609], [-118.34461685006735, 29.064149707252476], [-118.34462160863636, 29.0644637963991], [-118.34430276175128, 29.064430484416565], [-118.3441504757681, 29.064675568675096], [-118.34397572156197, 29.065807568293053], [-118.34545454100888, 29.067290365642656], [-118.34829549750485, 29.068197170202264], [-118.3498974369507, 29.06919460207487], [-118.35017622281649, 29.06920518559498], [-118.35013797957549, 29.06935214800149], [-118.35258360808425, 29.07095389313088], [-118.35294829535849, 29.071027852298467], [-118.3531410320562, 29.070516268647648], [-118.35340277240145, 29.070937433473325], [-118.35304823249295, 29.07125390086311], [-118.35353126348542, 29.07152278059168], [-118.3539119773774, 29.07094219149307], [-118.35421892668774, 29.071134927879278], [-118.35433314220262, 29.071513262365457], [-118.35463533322655, 29.071563231392936], [-118.35485662339218, 29.071263419578358], [-118.3550660156364, 29.071349078960008], [-118.35513977867723, 29.071789280551645], [-118.35924797961775, 29.07199688922121], [-118.36091710988158, 29.07271964923358], [-118.3631761679478, 29.074191531599716], [-118.36465445053139, 29.077546868604657], [-118.36204922185334, 29.0828367776888], [-118.36267159378828, 29.08627823096589], [-118.36185126394572, 29.090626619605015], [-118.35710737621864, 29.094150965341317], [-118.35692714479295, 29.096759018196437], [-118.35641992862124, 29.098877064058378], [-118.35485973528468, 29.10351790161058], [-118.3519059737609, 29.10866622503118], [-118.35296858610282, 29.111630015492906], [-118.3520484563361, 29.112708920482604], [-118.35118987394979, 29.114610060653195], [-118.35160387721952, 29.115995280382222], [-118.35346934847284, 29.118130371237832], [-118.35451260041532, 29.12213865785676], [-118.354220116625, 29.125922017376684], [-118.35355063223756, 29.129395334931836], [-118.35671700597983, 29.13105731350615], [-118.35708973447281, 29.1339142442164], [-118.35711893869095, 29.136709005946162], [-118.35793211462264, 29.137850485030743], [-118.35767333864779, 29.137736043970722], [-118.35934275044357, 29.140542787289945], [-118.36245071095041, 29.142607028153556], [-118.36231360785057, 29.14291624573637], [-118.36318567414952, 29.144726294400776], [-118.36526321777305, 29.146367579491127], [-118.36474959299667, 29.14692721875977], [-118.36456587333753, 29.14757896732867], [-118.36412188537373, 29.1476969877155], [-118.36337304695085, 29.148820471954668], [-118.36087436824381, 29.150468297578325], [-118.3607962244775, 29.150974041091047], [-118.36019849997021, 29.151635523179262], [-118.35763625447446, 29.152807063411995], [-118.35726012610994, 29.152792923310486], [-118.35022993323327, 29.15714926232288], [-118.34578659706128, 29.16033769231572], [-118.34299595066081, 29.16297240853395], [-118.34387220296756, 29.163624862996908], [-118.34322260962657, 29.163869946965132], [-118.34260598410714, 29.16337393473334], [-118.3420870687622, 29.163908226986926], [-118.33915527051356, 29.16405036551886], [-118.33748649189131, 29.165893535618697], [-118.33507362966428, 29.167354409689278], [-118.33395787839615, 29.16944664549967], [-118.33332499900249, 29.16948220308567], [-118.33271369423919, 29.169787187236636], [-118.3323532957745, 29.169536793157402], [-118.32851632409606, 29.169675352359096], [-118.3264934013547, 29.169434224499813], [-118.32354187364066, 29.169425723884498], [-118.32099171935177, 29.16983387498581], [-118.31825058217254, 29.172829314637646], [-118.3187700522619, 29.173263578875964], [-118.31856303914043, 29.17385368575536], [-118.31871294448099, 29.174196327924648], [-118.31929353372789, 29.174389064803883], [-118.31917455968005, 29.174676978955357], [-118.31848872750646, 29.17513123232886], [-118.31816029955354, 29.17505004793051], [-118.31772485556374, 29.174042623606073], [-118.31726036118427, 29.173872590223], [-118.31585144015352, 29.17529503338775], [-118.31264112106494, 29.172346841815468], [-118.30808417324418, 29.17067115572478], [-118.30419777897336, 29.17014671993528], [-118.29940082992202, 29.170627332391884], [-118.29488862695874, 29.171514430943752], [-118.29451504260298, 29.171759842613668], [-118.29200869281712, 29.17517562549152], [-118.29068374855268, 29.177970695975432], [-118.28849537770019, 29.179707684764185], [-118.28865406868516, 29.180331121616117], [-118.28836139509565, 29.180385849261814], [-118.28809840051049, 29.18008483295077], [-118.2872643643091, 29.180877197706256], [-118.28385703624232, 29.180561074225942], [-118.27970589466034, 29.1806717968219], [-118.27914122424954, 29.181294852915], [-118.27877216844614, 29.182549967910543], [-118.27740728173421, 29.1832080248988], [-118.27621429480496, 29.184524277472512], [-118.27328632942553, 29.18603560067978], [-118.27020157988851, 29.188634270752377], [-118.26724661504429, 29.18950660693779], [-118.26465310295964, 29.190631225216737], [-118.26274660486597, 29.189942357454026], [-118.26070408485492, 29.18891043753102], [-118.26041114717876, 29.18749737842763], [-118.26148439340427, 29.184854459576645]]], [[[-115.4996573973975, 29.615015739968417], [-115.49975383123316, 29.614030826968005], [-115.50029045367907, 29.61452502949004], [-115.4996573973975, 29.615015739968417]]], [[[-115.79173522119792, 29.79726679581606], [-115.79044693304864, 29.79665434556898], [-115.79001194036373, 29.796682192455677], [-115.78991958639827, 29.796923051696737], [-115.78953548318475, 29.7968726484824], [-115.78979943602498, 29.796355562818267], [-115.78950143187028, 29.795963495873615], [-115.78891096169069, 29.795969226493003], [-115.78871515046322, 29.795577562012966], [-115.78909192074573, 29.795327635566075], [-115.7892156970149, 29.794612160780012], [-115.78819326177386, 29.793379325736876], [-115.79027077370756, 29.791137345736157], [-115.79069580272711, 29.79027392863865], [-115.79167596582177, 29.78955357693627], [-115.79193556941009, 29.788151767521178], [-115.79343030367701, 29.786980503425227], [-115.79509657644698, 29.786562382199907], [-115.79461895552225, 29.787331389142658], [-115.79505365203104, 29.787615493721727], [-115.7951036927085, 29.787945674041293], [-115.79411732859312, 29.788525830350558], [-115.79338892548104, 29.789327834217836], [-115.79332167366044, 29.789716908323367], [-115.79345516088512, 29.790054415407038], [-115.79410376014698, 29.790308425273455], [-115.79443030074896, 29.79071340812454], [-115.79446232342191, 29.790881577499587], [-115.79395954057678, 29.791012843130318], [-115.79422260780159, 29.79152755887773], [-115.79418354610452, 29.792169733454866], [-115.79485851408732, 29.79261151755316], [-115.7937472247784, 29.79277275378105], [-115.79361356683555, 29.793153999833894], [-115.7924561073629, 29.79343376380304], [-115.79205849601578, 29.79377359787638], [-115.79196261149346, 29.794843510449855], [-115.79243119665448, 29.795112485163894], [-115.79192768940193, 29.7957267298324], [-115.79191128499075, 29.79642463262747], [-115.79259980043004, 29.796905769324887], [-115.79205468350439, 29.797101141951405], [-115.79173618978224, 29.796955286497216], [-115.79173522119792, 29.79726679581606]]], [[[-116.1129691762635, 30.497356974140192], [-116.1119103164169, 30.49698101929626], [-116.1112583429013, 30.497028607976375], [-116.10942139885096, 30.496419466362237], [-116.10798606632622, 30.495669928487203], [-116.10806718571607, 30.494947428128715], [-116.10782255755001, 30.49431934231973], [-116.10724904455742, 30.493712137560657], [-116.10676254475953, 30.493834460512193], [-116.10680025825434, 30.493346751570655], [-116.10633437212452, 30.492522856947733], [-116.10631970383503, 30.491937592693482], [-116.10551908341259, 30.491196549112036], [-116.10501295388175, 30.490164323874986], [-116.10520968255204, 30.490030870051424], [-116.10514029515896, 30.489502416506888], [-116.10481952177321, 30.489409574612715], [-116.10493056463004, 30.488805787011156], [-116.10459823186375, 30.48874808416731], [-116.10462742865771, 30.488225911620585], [-116.10489192448031, 30.48795181096415], [-116.1043864598278, 30.48739893032871], [-116.10457854846183, 30.486875708360806], [-116.10438226543292, 30.48551544288418], [-116.10371285045042, 30.485080843430975], [-116.10230186178617, 30.484575470732604], [-116.10060754686621, 30.484446032241063], [-116.10016291676253, 30.484931429244753], [-116.09994162674542, 30.484890977825206], [-116.10204269049164, 30.482820847047307], [-116.10308727358884, 30.482549588619342], [-116.10486596997028, 30.482602775077876], [-116.10633195675639, 30.481241242781525], [-116.10796378973801, 30.48039425474119], [-116.10986959011525, 30.480312200393794], [-116.11199436490396, 30.480716790683953], [-116.11522728385852, 30.4815692497984], [-116.11785658911752, 30.482632869245684], [-116.12051682555773, 30.483027859819273], [-116.12132584294731, 30.48334432820213], [-116.12297718903321, 30.484641134009813], [-116.12357681341378, 30.485864177538588], [-116.12371482171292, 30.486956350599925], [-116.12414788289439, 30.488039005141754], [-116.12394325015765, 30.48999492238654], [-116.12338645612384, 30.49145591112088], [-116.12252985012955, 30.49218164655782], [-116.12195164085686, 30.492981145144757], [-116.12039785273595, 30.494342197241124], [-116.11529866758582, 30.49693105086936], [-116.11420173614034, 30.497154720107716], [-116.11325708957203, 30.497663923812812], [-116.1129691762635, 30.497356974140192]]], [[[-115.64232899990525, 31.126448999869687], [-115.62688300021954, 31.120054000013514], [-115.620548000034, 31.10143099991804], [-115.62280699955049, 31.099310999820247], [-115.61122599987965, 31.081665000139576], [-115.60275800027783, 31.075213999551874], [-115.58691500019471, 31.089892999940464], [-115.57199399994884, 31.079324000198834], [-115.55745099971129, 31.074853999908854], [-115.57724199985405, 31.047690999676824], [-115.55342400035568, 30.719301000321487], [-115.32574500033726, 30.733449000082068], [-115.30776197141812, 30.772440166200187], [-115.23651794589445, 30.772095035008583], [-115.21482197432495, 30.678996143367986], [-115.15630266135983, 30.60362962397839], [-115.09633449546686, 30.559429135821237], [-115.1009058631669, 30.54626853092154], [-115.12112100521483, 30.5177902045959], [-115.10590249277872, 30.49628686224951], [-115.12695461352367, 30.466812780849217], [-115.12203208091744, 30.421841995849928], [-115.08929978078713, 30.42877361660895], [-115.04857193200156, 30.45092751434547], [-114.96873043610839, 30.40600133172724], [-114.96622826331155, 30.357783373490463], [-114.9525221750747, 30.306144341529475], [-114.87540426908953, 30.226194623358715], [-114.84547001238015, 30.12323012814892], [-114.84099011877163, 30.074638066792595], [-114.78724036955322, 30.05569689654728], [-114.69137877830956, 29.997800252568606], [-114.48601271294444, 29.593068221542786], [-114.33961167222554, 29.549308872946053], [-114.28136315966692, 29.359525363972626], [-114.22479844236946, 29.324298646160326], [-114.17285567326071, 29.309211044979087], [-114.10836031474962, 29.29204685256427], [-114.0278814385778, 29.286031423614798], [-113.99931369438093, 29.294615373444625], [-113.9666271928049, 29.298688568140022], [-113.95902735869463, 29.359156306340413], [-113.92983889771814, 29.39625591707207], [-113.93158557505328, 29.416743726051266], [-113.92269394219228, 29.430556306945178], [-113.89306050653761, 29.434118442403978], [-113.88182003603097, 29.44479491253657], [-113.84846725764615, 29.439043524326877], [-113.83582620372142, 29.455558921910402], [-113.83419575851309, 29.45309847885847], [-113.83290609065988, 29.452451266079787], [-113.83219514971485, 29.451662829215024], [-113.83183631889283, 29.44999231024509], [-113.83143677351767, 29.44914643182382], [-113.83141964233431, 29.4481727574509], [-113.83233234912058, 29.44589193945976], [-113.83171651007414, 29.444769720214047], [-113.83207922802146, 29.443371004448995], [-113.83230051823386, 29.440439983840132], [-113.83164807016547, 29.439022301576973], [-113.83180654228758, 29.43844266558878], [-113.83158810727474, 29.437760235434084], [-113.83205448236043, 29.43625546401129], [-113.83209374343565, 29.435195414175045], [-113.82967739965125, 29.433036053014156], [-113.82875654929602, 29.432450706341186], [-113.82827113950464, 29.431697607334797], [-113.8271385154463, 29.431102147050147], [-113.82620576691237, 29.43027647416866], [-113.82576318714558, 29.429416298253972], [-113.82416180964607, 29.428802397151266], [-113.82138735788708, 29.42831222843353], [-113.8167509784215, 29.42829438333321], [-113.8134761427061, 29.428038645910103], [-113.81245000038169, 29.42816951572544], [-113.81077842919888, 29.427681726001296], [-113.80911578094965, 29.42664963560189], [-113.80668278216746, 29.426468200906164], [-113.8055376656256, 29.426164819987346], [-113.80392855576176, 29.42494534601556], [-113.80184355278797, 29.423719924206495], [-113.80030285214734, 29.421908559205654], [-113.79953547618116, 29.420183450337284], [-113.79759026565598, 29.417931885267514], [-113.79397943353179, 29.41717938032504], [-113.79238519469094, 29.417155585794816], [-113.78850964777523, 29.417551171541195], [-113.7870016645677, 29.416947383590934], [-113.78620751958006, 29.416212724127167], [-113.78588926677301, 29.415287709348295], [-113.78660905428295, 29.414779099585477], [-113.78658823363384, 29.41454115324518], [-113.78620751982811, 29.413958184841484], [-113.78566619200039, 29.41357449696677], [-113.78221002476928, 29.412833890518005], [-113.78035555586125, 29.412661370306253], [-113.77869045745132, 29.41281261737679], [-113.77785955019198, 29.411991703482443], [-113.77635335140984, 29.411807533334166], [-113.7741518735941, 29.411048009171445], [-113.77318676370992, 29.409984390249388], [-113.77220214251913, 29.409702186093487], [-113.77184998306487, 29.408491040203238], [-113.77040089070188, 29.40699554893315], [-113.769876219519, 29.405214522392903], [-113.76983339039508, 29.403829676249348], [-113.7693229948161, 29.40273036499662], [-113.76932299553569, 29.401577516455706], [-113.76832719116649, 29.40054958911632], [-113.76821511778157, 29.399526897099708], [-113.7679036472023, 29.398906095574144], [-113.76751103597476, 29.39853727887047], [-113.76623762842236, 29.398022126237304], [-113.76586286287635, 29.397716365279184], [-113.76572080860697, 29.396885695451687], [-113.76361260582043, 29.39542946488327], [-113.76257516054386, 29.393725771227146], [-113.76206119770399, 29.392102978458173], [-113.761599581897, 29.391503353968357], [-113.75736890144088, 29.38904299257434], [-113.75615537497484, 29.387800913228187], [-113.75422801152433, 29.386682566518328], [-113.75306683528584, 29.38525013074244], [-113.75181523928735, 29.383061027352447], [-113.75032093729907, 29.381795153323573], [-113.7489170545409, 29.381009931130784], [-113.74693734401596, 29.38033416436089], [-113.74431993593032, 29.37816409654626], [-113.7430968925412, 29.377859525628388], [-113.74172632361393, 29.377145687447197], [-113.7405603882371, 29.375246877591163], [-113.73901546671449, 29.374148631779747], [-113.73715347600937, 29.373240742851547], [-113.73586559236495, 29.372027218273928], [-113.73486324548509, 29.371714914459858], [-113.73425053264218, 29.370870205451915], [-113.73285557409602, 29.370156367285148], [-113.7304582666108, 29.367762033781197], [-113.72926384133115, 29.367235107924206], [-113.7277249248981, 29.36687937820038], [-113.72599654040074, 29.36684564413333], [-113.72566341527303, 29.365316840908292], [-113.72485439858507, 29.36402895727902], [-113.72341244454006, 29.363026015234265], [-113.72265042290176, 29.362697648931665], [-113.72244769320658, 29.362770459895756], [-113.72267136176515, 29.36202997259581], [-113.72223829987925, 29.361444625003674], [-113.72221212638682, 29.36045239021028], [-113.7217124387639, 29.35958388607766], [-113.72145712297676, 29.35801582151482], [-113.7205055865034, 29.35667715218347], [-113.71952477328959, 29.35609204201406], [-113.7191537854294, 29.353340737146535], [-113.71837498800315, 29.352143868002685], [-113.71744985255881, 29.351324382467265], [-113.71708679494952, 29.350007064390027], [-113.71657028514434, 29.349140512348033], [-113.71534455428201, 29.348253521404995], [-113.71439895623799, 29.347885179873696], [-113.71416576939085, 29.348023189280752], [-113.71436802336717, 29.347233208561306], [-113.71395637573072, 29.346635963186504], [-113.71265718959124, 29.3460728245984], [-113.71030271434215, 29.34563976234541], [-113.71077979562075, 29.344497621348122], [-113.71037766717978, 29.34406574784788], [-113.7101457683875, 29.344063368834547], [-113.70975791629922, 29.342540514078408], [-113.70832191240842, 29.341951597098117], [-113.70745003683102, 29.341836292830013], [-113.7072239891275, 29.3420849464779], [-113.70699794037846, 29.341942178906837], [-113.70751904181301, 29.340936856643815], [-113.70636381267583, 29.34005169741602], [-113.70508628119109, 29.339656429577225], [-113.70497325587152, 29.338593998953332], [-113.70376449031728, 29.337632696737035], [-113.70365027644293, 29.33616932916001], [-113.70339091461058, 29.33570533404043], [-113.70123452766684, 29.333556680177754], [-113.69991392670826, 29.33273874119336], [-113.69790625682973, 29.33063232317052], [-113.69753506074612, 29.329354552154328], [-113.69706630764256, 29.32868830303358], [-113.69609120418366, 29.326173689055647], [-113.69486340271577, 29.324500452393405], [-113.69302836161904, 29.32354866834528], [-113.69276757296313, 29.32323267559386], [-113.6897199597424, 29.322305637376353], [-113.68977944578012, 29.32187757263688], [-113.68940468129048, 29.320656909559787], [-113.6888728716733, 29.32019291418258], [-113.68777713017178, 29.319889532088812], [-113.68504669778159, 29.319675380990855], [-113.68444707378812, 29.319450522015874], [-113.68349053069919, 29.317883646991152], [-113.68136686210406, 29.317073440541364], [-113.68050668716863, 29.316463109131075], [-113.67735866029645, 29.31348997206556], [-113.67652608286487, 29.312141356155685], [-113.67491376373295, 29.310638187956176], [-113.67438135098375, 29.309821531177885], [-113.67270585761256, 29.308437130493736], [-113.6717778678944, 29.307308076314236], [-113.66843710450371, 29.30462463930055], [-113.6666023064344, 29.303747269032566], [-113.6634575505932, 29.30338053380658], [-113.66192041931943, 29.302661937245965], [-113.65934489119643, 29.302068579035375], [-113.65827698853687, 29.302029555960274], [-113.65817229226914, 29.2995406400615], [-113.6566399190852, 29.29735629450629], [-113.65553261259497, 29.296620946139495], [-113.6511260100983, 29.295259180114275], [-113.64963408802589, 29.29392668197584], [-113.64745830904931, 29.29245569952852], [-113.64623959975411, 29.291896343217033], [-113.64526402117849, 29.28940980622892], [-113.64441336254929, 29.2885948414286], [-113.64409808522849, 29.287342650361637], [-113.64379767807627, 29.28693516722149], [-113.64297676369155, 29.286239175116002], [-113.64084417209288, 29.285677026874094], [-113.63987821869173, 29.2850672539899], [-113.63871455397799, 29.284656833121335], [-113.63751590073457, 29.28358905027769], [-113.63681396035159, 29.280192369158833], [-113.6346337794467, 29.276322770729124], [-113.63319122976263, 29.274612532888003], [-113.63295923295105, 29.2715697984278], [-113.63245062256398, 29.270067763268695], [-113.63192761766825, 29.26938628532726], [-113.63175058562221, 29.267464631906055], [-113.63144839451533, 29.266465259267452], [-113.63156498822984, 29.264176216768362], [-113.62778164553177, 29.25809193640528], [-113.62567820146475, 29.256078911948382], [-113.62524513944466, 29.25497960126757], [-113.62527845226084, 29.253285424491317], [-113.62590187127134, 29.252395506478013], [-113.62825753683639, 29.250844096810916], [-113.63298790451506, 29.246860880315236], [-113.6367379354845, 29.242991876072804], [-113.64028173998388, 29.238089803856713], [-113.6423048828588, 29.23388369618641], [-113.64373969762094, 29.231638674517516], [-113.64540651136518, 29.230253828446223], [-113.6485117065199, 29.22697374112797], [-113.65050331608768, 29.226506177548043], [-113.65173468700216, 29.225538926025166], [-113.65296287464813, 29.22421432330051], [-113.6552289256527, 29.22016372456355], [-113.65656380319037, 29.216259027745078], [-113.65681007793792, 29.21297894159234], [-113.65629611430592, 29.209324089292362], [-113.65552516864919, 29.20734437746668], [-113.65449819273657, 29.205911466371226], [-113.65333035389911, 29.20521666319381], [-113.64834300426489, 29.20318365243072], [-113.64739312339822, 29.20331119086488], [-113.64701760392037, 29.203573382804606], [-113.64591024313874, 29.203292155633896], [-113.64559425031568, 29.20369571196407], [-113.64429792019024, 29.203381622861617], [-113.6442217770427, 29.203221723221624], [-113.64523828269704, 29.202960933767542], [-113.64539818264296, 29.202764866913114], [-113.64525098880803, 29.202095001433303], [-113.64473345623428, 29.201481100253265], [-113.64241348240702, 29.20024616052508], [-113.64055393289479, 29.20026043727267], [-113.64081091500789, 29.199435953272122], [-113.63957954397193, 29.19863645377535], [-113.63919764042478, 29.198065384186634], [-113.63950815965248, 29.196502078579268], [-113.63898348913726, 29.195798947571323], [-113.63931542395513, 29.194203519214835], [-113.63916194841255, 29.19293288599709], [-113.63991504789274, 29.190976969627457], [-113.64029695055454, 29.190955554196375], [-113.64065030054597, 29.190570082057807], [-113.64092156018849, 29.18926375800701], [-113.64086445252305, 29.187621929433092], [-113.64193520990123, 29.1868117227897], [-113.64189594946656, 29.18530909320206], [-113.64293458418211, 29.184555993883315], [-113.64300596803007, 29.18425618191435], [-113.64164967451981, 29.182043283521587], [-113.64036476549313, 29.18091898786227], [-113.63794842302345, 29.179402081619738], [-113.63741304543925, 29.179237899507587], [-113.63666708401048, 29.179295006017988], [-113.636249488125, 29.178913102028538], [-113.63612099727098, 29.178491938278242], [-113.63670634471407, 29.176743034294052], [-113.63651360795356, 29.176421806158427], [-113.63606032129444, 29.17646463686215], [-113.63569626262672, 29.176250485368836], [-113.63575456005874, 29.174054242785775], [-113.6353262566082, 29.17335230219117], [-113.63353571253579, 29.172418362964244], [-113.63194742336519, 29.172156623150983], [-113.63144773563307, 29.172382671552306], [-113.63129069052526, 29.17272888345893], [-113.63144535603547, 29.173159565487122], [-113.62974023536633, 29.175060279463732], [-113.62808555683641, 29.175816710512667], [-113.62715459272077, 29.175394355069713], [-113.62637531987905, 29.17412134459107], [-113.62581317236643, 29.172565771197675], [-113.62507256469401, 29.17125706737811], [-113.62448662287049, 29.170760354942587], [-113.62346047971279, 29.168711044657325], [-113.62434564043599, 29.166340704125844], [-113.62380312207269, 29.163770885944945], [-113.62265443831912, 29.1617822522189], [-113.62088173942504, 29.160940517971575], [-113.61921076337782, 29.160425364503475], [-113.61732739159456, 29.160122932570665], [-113.61456483809347, 29.15995161083703], [-113.61294799441747, 29.160094378863185], [-113.61177372991024, 29.160465574414143], [-113.61130497664331, 29.160842719571058], [-113.61122050631344, 29.161903958831566], [-113.61169520775164, 29.162507151943757], [-113.61136684318929, 29.163585048528187], [-113.6108850017721, 29.163881290871064], [-113.6100498108256, 29.163966950937176], [-113.60913966689107, 29.1636564317793], [-113.60891480784683, 29.163099638355238], [-113.60781549647409, 29.162257308800104], [-113.60762633026344, 29.161903959486605], [-113.60749783874788, 29.160397759808486], [-113.60831875294993, 29.157538837351147], [-113.60833659895495, 29.156271773888296], [-113.6073158101881, 29.152748982049133], [-113.60564185866018, 29.14977584647045], [-113.60541343112492, 29.14836958437123], [-113.6054919529583, 29.1473059647833], [-113.60510648067688, 29.14586044320129], [-113.60355031290935, 29.143436962438155], [-113.60194060770748, 29.142287682004902], [-113.60135169089554, 29.14061729976696], [-113.59807517278212, 29.137640594776844], [-113.59328174887992, 29.130402274465965], [-113.5922859449887, 29.12960991429776], [-113.59041925770296, 29.12876758519476], [-113.58903441136626, 29.128439218845518], [-113.5859042298139, 29.12808943841243], [-113.58301675399935, 29.126958004772888], [-113.58189245870287, 29.12601930748114], [-113.58104656133898, 29.124827197473724], [-113.58078957941377, 29.12393846899849], [-113.58075745640411, 29.122364455094875], [-113.5804469369695, 29.121622063445688], [-113.57893003030782, 29.120572720998915], [-113.57787711906107, 29.119273535329537], [-113.57659934773388, 29.11860966667048], [-113.57451494036039, 29.1180064725574], [-113.57280529802951, 29.116964268382038], [-113.57139903647989, 29.116585933897795], [-113.57094218032219, 29.115765020093924], [-113.57082796505047, 29.114922691580496], [-113.5690433696778, 29.111774664408077], [-113.56723735893853, 29.10802344411138], [-113.56698751538048, 29.10705976237969], [-113.56677336379444, 29.10525732048566], [-113.56681262511586, 29.10252331943781], [-113.5675407400648, 29.100338974511093], [-113.56739751373793, 29.099369889974486], [-113.56688400906481, 29.098176044424], [-113.56729803514526, 29.09452833048362], [-113.56608450976442, 29.09270090378699], [-113.56342546196971, 29.090609358212152], [-113.56340464162956, 29.087714148925464], [-113.5629465959863, 29.085947399327676], [-113.56243501185321, 29.08528412417756], [-113.56134640839905, 29.08451674827997], [-113.56001985847583, 29.08320506989791], [-113.55736081122063, 29.08197964847838], [-113.55706779240012, 29.080507823381346], [-113.55591613268213, 29.07979398495129], [-113.55561632065015, 29.07915153010006], [-113.55555921379964, 29.07709567660423], [-113.55264675408756, 29.074901812843287], [-113.55201298381793, 29.074028789455035], [-113.55121776938834, 29.072167098457918], [-113.55161894653035, 29.071216266607003], [-113.55179169522212, 29.069857118564386], [-113.55136910176994, 29.069221801558076], [-113.55083848177135, 29.06889962193805], [-113.55062528261487, 29.06784123797044], [-113.54922996688126, 29.066809504427315], [-113.5487107680488, 29.065777293818794], [-113.54816587210523, 29.065339472883277], [-113.54582210290852, 29.064254439119352], [-113.54288584845452, 29.06390465778962], [-113.54319041868057, 29.06252932904987], [-113.54308334283029, 29.06209388778621], [-113.54144627382178, 29.060813738310358], [-113.54072291802706, 29.06063289892123], [-113.54008284291052, 29.05999996243922], [-113.53971640641466, 29.058988691003854], [-113.53870989384691, 29.05803214786864], [-113.53973782139131, 29.056119061596824], [-113.53948559798582, 29.05550516156089], [-113.5386575461832, 29.054727077097937], [-113.53836011327283, 29.054117935261182], [-113.53827683205279, 29.053544485500442], [-113.53871976873742, 29.052443587399903], [-113.53771182937598, 29.050758928732908], [-113.53786173461869, 29.050269236316105], [-113.53745329995891, 29.0488553602952], [-113.53880245481905, 29.04525047708968], [-113.53765257961305, 29.042117084050712], [-113.53853202879651, 29.041778248635328], [-113.53890322488733, 29.04085882517342], [-113.53898698246499, 29.039859451242624], [-113.53870906127261, 29.039151323021564], [-113.53820651891071, 29.03859928812388], [-113.53580231152044, 29.037226815270593], [-113.53450788527785, 29.03609990280688], [-113.53433275581096, 29.035536446466892], [-113.53464303848592, 29.034203948001814], [-113.53447171689047, 29.032349872636562], [-113.53574710784825, 29.031409509110663], [-113.5362877210032, 29.031405702406477], [-113.53744509090234, 29.03095074931365], [-113.53825030071167, 29.031083999168246], [-113.5384025860145, 29.031698850897826], [-113.53825601206712, 29.03235367896786], [-113.53695777764892, 29.03445902651137], [-113.53705295604048, 29.036539627131763], [-113.54112647388605, 29.03930031696299], [-113.54322480175588, 29.040223547943757], [-113.54501034969249, 29.040592840341787], [-113.54785618515784, 29.040545250980863], [-113.54910302312524, 29.03996466356326], [-113.54923056198442, 29.03922988555086], [-113.54879845175027, 29.038165790433858], [-113.55114174529565, 29.03739484500773], [-113.55270647760497, 29.035769197362495], [-113.55342031703942, 29.03429202827746], [-113.55392857000052, 29.031849749373976], [-113.55592731721168, 29.027876524789612], [-113.55684935768663, 29.026912843647313], [-113.55794093640063, 29.026294182909798], [-113.5599545547657, 29.024354923316675], [-113.56073085453275, 29.02328416552086], [-113.56209309481207, 29.01934318324595], [-113.56242622049966, 29.01577696617855], [-113.56307105394751, 29.013330285066516], [-113.56322809784388, 29.0113208306134], [-113.56305276647618, 29.007342891238604], [-113.5623424969504, 29.002879023114147], [-113.5606935300946, 28.9993169692712], [-113.55822721864618, 28.996511584806203], [-113.55666748189822, 28.995233814147092], [-113.55235946755106, 28.992389169157732], [-113.55087468383118, 28.99107570633825], [-113.54809428369794, 28.986160929815153], [-113.54719484812928, 28.985029496438447], [-113.54743041454732, 28.983394806153125], [-113.54688789700234, 28.981642333624546], [-113.54638107238812, 28.975710337550673], [-113.54594919965453, 28.97416487703471], [-113.5462525805168, 28.973129811045652], [-113.5458742474308, 28.968761120784677], [-113.54652027066118, 28.967415536547108], [-113.54650956264317, 28.966608897780237], [-113.54571006442772, 28.964385292556997], [-113.54468213690018, 28.96306826031118], [-113.5429118116686, 28.958050313622365], [-113.54179109231288, 28.955776402617545], [-113.54198739693187, 28.954630692648525], [-113.54228720981178, 28.95388829977636], [-113.54246983884104, 28.953841582607794], [-113.54292609544015, 28.9555301279051], [-113.54309384673076, 28.957525306036725], [-113.54391476138201, 28.95938128596117], [-113.54472139764842, 28.962086733628006], [-113.54535314528373, 28.96251146677242], [-113.54561726457074, 28.961601323553648], [-113.54704851069978, 28.960134385346947], [-113.54813354482529, 28.959831003978938], [-113.55001450877207, 28.95861747961731], [-113.55010254934444, 28.958192031068446], [-113.551244691219, 28.95783511257141], [-113.55185859057987, 28.95732590691174], [-113.55192045744121, 28.956854773836163], [-113.55246297482938, 28.956117141210928], [-113.55468539151398, 28.95455621533944], [-113.55553723783642, 28.954332544958564], [-113.55620824563397, 28.953889966173037], [-113.55722855906002, 28.952506071162695], [-113.55765305536633, 28.951320148474267], [-113.55760927326696, 28.95017229608815], [-113.55642144605184, 28.950094249291183], [-113.55748482711148, 28.95001915424482], [-113.5576668556939, 28.94982284844866], [-113.55771744302703, 28.948064330859054], [-113.55758609707645, 28.947769278258576], [-113.55710259048301, 28.94787016755579], [-113.55754802485713, 28.947666485236045], [-113.5573671860791, 28.94674515808681], [-113.55710068667811, 28.946320662114676], [-113.55652009787578, 28.946562415293318], [-113.55632593407297, 28.946419648519992], [-113.55691604099304, 28.946299723537404], [-113.55696362955025, 28.94610746205858], [-113.5565476999639, 28.944743555327904], [-113.55448075160297, 28.94263795052023], [-113.55260157161155, 28.939954512145448], [-113.55087982441701, 28.936077557939075], [-113.54838495901112, 28.934264408803905], [-113.54756761403753, 28.93329002026011], [-113.54716786502946, 28.932044372065846], [-113.54721069516617, 28.931448316807312], [-113.54807681869562, 28.93028119097935], [-113.54811488986803, 28.929791022186183], [-113.54653016892384, 28.927811311605524], [-113.54601144674729, 28.926412188031865], [-113.54600192886065, 28.92514155611685], [-113.54544037602037, 28.924313503382624], [-113.54528333157701, 28.92334268304089], [-113.5439222799531, 28.92123924028921], [-113.54174745287487, 28.92013992902666], [-113.53973442887003, 28.917850886859632], [-113.5394863701958, 28.916243561378874], [-113.53816814831741, 28.913973555043622], [-113.53818956370064, 28.913390587109145], [-113.53767797867548, 28.912474494860277], [-113.53652869974682, 28.911444188145207], [-113.53586482970408, 28.910394846052515], [-113.53534372833671, 28.906954145147687], [-113.53480834867719, 28.905997602273168], [-113.53339495037892, 28.905140996046992], [-113.53121993352379, 28.90444753692166], [-113.53087509992089, 28.90385608712911], [-113.52893465032273, 28.902150608215443], [-113.52873239639688, 28.901549795317713], [-113.52791742985751, 28.900687240620428], [-113.52698646627779, 28.89999124785802], [-113.52691805688035, 28.899262537932312], [-113.52656708582417, 28.8985695198255], [-113.52676636627244, 28.897070459376476], [-113.5263172434183, 28.89639231327721], [-113.52673067377839, 28.89559221956815], [-113.52586217054258, 28.894244849469004], [-113.52608117828456, 28.89307457020944], [-113.52529620884259, 28.89257928433132], [-113.52329746214662, 28.891827374855406], [-113.51615194110563, 28.889835765845444], [-113.50897310718786, 28.88937653049697], [-113.50346703356637, 28.8893812889487], [-113.49506277776206, 28.89000232841075], [-113.49273067497197, 28.89049999455456], [-113.4901894106078, 28.891460106962793], [-113.48906868438485, 28.89114958761759], [-113.4835971134691, 28.892623662789624], [-113.47949611321344, 28.894336875098965], [-113.47911777829049, 28.895404063479106], [-113.47808628226055, 28.896282084420633], [-113.47797206751036, 28.897263612448906], [-113.47799348336486, 28.898020281020933], [-113.47875372088829, 28.898809071921246], [-113.479157039947, 28.89984770750239], [-113.47904282509516, 28.90269592147582], [-113.4786073843704, 28.90338834483722], [-113.47856098488184, 28.90268521384623], [-113.47763656373687, 28.902895796095464], [-113.47670857362053, 28.903377636932515], [-113.47524520555623, 28.905208632442204], [-113.47492040854762, 28.906293666998987], [-113.47574132332868, 28.906725539605], [-113.47606612011397, 28.907135996469343], [-113.47583412200117, 28.908021154980904], [-113.47559498577561, 28.90844588915926], [-113.47402097312025, 28.909702244135325], [-113.47273963300347, 28.911761667840423], [-113.47192594881545, 28.91224553683356], [-113.47147970884393, 28.91422797926026], [-113.47160462996015, 28.914816896269972], [-113.4720222256671, 28.91497037115342], [-113.47226136213729, 28.915402243189863], [-113.47235059060473, 28.916301679953573], [-113.47276818750703, 28.91678709035264], [-113.47586267579774, 28.917682956813323], [-113.478036313062, 28.91778646291644], [-113.47774720907445, 28.918511009530448], [-113.47751878061445, 28.918618085606074], [-113.47724038386335, 28.918303996294245], [-113.47700481671289, 28.918521717342557], [-113.47678709619346, 28.919289093545025], [-113.47696555616038, 28.920031485572398], [-113.47739385924488, 28.91998151575656], [-113.47765797896251, 28.919610319857448], [-113.47962638759537, 28.919280170000086], [-113.48092616857267, 28.918834020797267], [-113.48112842314616, 28.919095761839678], [-113.4806436077951, 28.920112981443364], [-113.48067930043865, 28.920957690393234], [-113.4817060373445, 28.920874408886274], [-113.48282081501276, 28.92046871091797], [-113.48313490412937, 28.92061445302441], [-113.48455068251532, 28.922752992958465], [-113.48453878649782, 28.92327944956678], [-113.48357510389988, 28.924379950558194], [-113.48352751459052, 28.92482907360006], [-113.48471427107776, 28.925248453097293], [-113.48587723184482, 28.92533470841968], [-113.4860586659118, 28.926586900112746], [-113.4871145517515, 28.92744350650365], [-113.48735414755595, 28.92804459692406], [-113.48720424160993, 28.92889763381182], [-113.48736128617057, 28.92987559255998], [-113.48646898792092, 28.9295900570102], [-113.48596930224399, 28.929632886821793], [-113.4861691755211, 28.930161128155472], [-113.48621914543432, 28.932209844000447], [-113.48604782381906, 28.932459687406684], [-113.48417042880924, 28.93245611791693], [-113.48112233987264, 28.931413913884008], [-113.48071188325454, 28.931442467099373], [-113.48026573446674, 28.93181723294683], [-113.48030856451098, 28.932863006271035], [-113.48081538876887, 28.934058685623047], [-113.48101526444493, 28.93669988683153], [-113.48233586509663, 28.937206712313312], [-113.48316034750867, 28.937949104271905], [-113.48261783100713, 28.939280412065504], [-113.48152922671947, 28.94039756911507], [-113.48148996623921, 28.941810969297244], [-113.47802071164011, 28.942485545964587], [-113.4754223412552, 28.942535515629157], [-113.4743884648927, 28.94352061234005], [-113.47426473280204, 28.944172584420844], [-113.47449316108013, 28.944510467511765], [-113.47602077500015, 28.945590743009415], [-113.47949478830972, 28.946856616550427], [-113.48014200214234, 28.947375338345132], [-113.47995640442564, 28.947803640862087], [-113.47591013006867, 28.947950573111047], [-113.4731499550977, 28.947516321575318], [-113.47195725116303, 28.947608525991164], [-113.47125233459309, 28.94825692878221], [-113.47065152092082, 28.94922953338272], [-113.46999122129947, 28.94932173760143], [-113.46857246712553, 28.947775087994426], [-113.46659453964538, 28.947438989449044], [-113.46344591895118, 28.94569543899954], [-113.4618611980091, 28.944524744321466], [-113.45998380352565, 28.943814475608626], [-113.4578807919925, 28.94393507650426], [-113.45679516287277, 28.9441789704135], [-113.45493026110888, 28.945145626607026], [-113.45367212106258, 28.947444780904195], [-113.45293746180634, 28.949363221529264], [-113.44996611013674, 28.95013654625732], [-113.44802090051996, 28.95115971406872], [-113.44683711912461, 28.951195406214946], [-113.44608163955833, 28.950686796641044], [-113.44642368844292, 28.950133572275988], [-113.44746470214305, 28.94974988305385], [-113.44834807707603, 28.948688049521145], [-113.44947237229317, 28.94813482422165], [-113.4509684576372, 28.94783739204684], [-113.45132537749555, 28.946704173241088], [-113.45215224001473, 28.94599330879645], [-113.45301479549491, 28.944800605354196], [-113.45447518901818, 28.944967167338138], [-113.45551917702048, 28.944202765143704], [-113.45492728593817, 28.942736422035242], [-113.45476072359098, 28.941737048331472], [-113.45439190814875, 28.941148132013787], [-113.45354422462503, 28.94058003657812], [-113.45259541462437, 28.939304050594842], [-113.4517477315667, 28.9390036428755], [-113.44993041758254, 28.939440869534902], [-113.44938611690462, 28.940333165886003], [-113.44858899742489, 28.939830505442142], [-113.44797925985057, 28.939928658517882], [-113.44724460217009, 28.93966691716031], [-113.44637781621054, 28.940176211157734], [-113.44581692528111, 28.94115110603686], [-113.44612328114985, 28.941490179354876], [-113.44609651216177, 28.94272452531868], [-113.44647425133483, 28.942795909060358], [-113.44708696219485, 28.94231704180512], [-113.44739331813683, 28.942528219241424], [-113.44753906024965, 28.943792307758823], [-113.44734275369291, 28.94496716695282], [-113.44784244087117, 28.94519024136815], [-113.44788884112766, 28.94562211315361], [-113.44705364990355, 28.94643232039516], [-113.44497162208096, 28.946732132212837], [-113.44150236692522, 28.948333509568222], [-113.44097650703434, 28.94874991487924], [-113.44065289985878, 28.949625557110906], [-113.43993430322, 28.95064396652467], [-113.43963448973365, 28.952064504278987], [-113.43983912400556, 28.95311146685028], [-113.439677320947, 28.954072769588404], [-113.43887710784914, 28.95586164796861], [-113.43918762777513, 28.957924640892127], [-113.43890613697349, 28.95926023175317], [-113.4383008034696, 28.959792756335666], [-113.43532695173789, 28.957764027171567], [-113.43507853670958, 28.957234358788455], [-113.43436755354799, 28.956640445906835], [-113.43393782279401, 28.955336977518378], [-113.43304266995482, 28.95435901815262], [-113.43304267004639, 28.953726558486572], [-113.43347850849757, 28.952931231144067], [-113.43302165087232, 28.952131732554378], [-113.43219359897434, 28.9518366792556], [-113.43027099386155, 28.95167963453636], [-113.42787725599051, 28.951084769428615], [-113.42452221567464, 28.949599985445957], [-113.4241272256278, 28.949119333924994], [-113.42348477084435, 28.9476440681898], [-113.42345145907521, 28.946744632637028], [-113.42411770800697, 28.94582615998705], [-113.42596892867672, 28.944517457226222], [-113.42594037543631, 28.939492035615757], [-113.42627825953696, 28.938849580454985], [-113.42857205936366, 28.937169681571923], [-113.42880310459394, 28.936484872184206], [-113.42868413202154, 28.935069093085648], [-113.42827367503024, 28.934432586765794], [-113.42693522765768, 28.93340941896464], [-113.42685194672572, 28.932737221195342], [-113.42521011951924, 28.93204717730742], [-113.42340172787438, 28.93076821703619], [-113.42318757672732, 28.92984022740159], [-113.42342552340456, 28.928769470436347], [-113.42312809037836, 28.92824598782574], [-113.42086165361668, 28.92719902598963], [-113.41685820994864, 28.924379364560803], [-113.4143716742694, 28.923695268867476], [-113.4094580874363, 28.924379364391775], [-113.40690968409075, 28.925227641974093], [-113.40503942772267, 28.926301969265214], [-113.40432558914614, 28.927240666540214], [-113.40468726726479, 28.929427093158942], [-113.40589722332047, 28.930659654350716], [-113.40559860141165, 28.930960655995445], [-113.40608520135385, 28.931637613506133], [-113.40540586468776, 28.93162928493592], [-113.40514650315644, 28.931795847284164], [-113.40513341558628, 28.932692904587164], [-113.40537136190065, 28.933081944864277], [-113.40488708741657, 28.933382572274883], [-113.40414237055171, 28.93338175840482], [-113.40332740504145, 28.934071801284478], [-113.40275157605313, 28.933854080761666], [-113.40249578362146, 28.93396115635157], [-113.40235415025671, 28.93440692950395], [-113.401658214025, 28.93462026692672], [-113.40130605258024, 28.935716009386727], [-113.40099791251855, 28.935430473261793], [-113.39994143176983, 28.93527342964225], [-113.39952350451443, 28.935382166507257], [-113.39927960908616, 28.93577715682343], [-113.39889770647466, 28.935791433811183], [-113.39808783203601, 28.9353614693191], [-113.3978522656936, 28.935523272046233], [-113.39737280378363, 28.93719603455659], [-113.39638413775177, 28.93809190139965], [-113.39544544118168, 28.93773260187814], [-113.3944900872785, 28.93774330980873], [-113.39387618648867, 28.93857612109282], [-113.39342575428701, 28.93881953984842], [-113.3913863295215, 28.938869505109157], [-113.3909175764685, 28.938984908453598], [-113.39010069565067, 28.939580491585424], [-113.38817571164549, 28.94007494356131], [-113.38796631946246, 28.939962633437027], [-113.3864625004449, 28.940132050043466], [-113.38552784661692, 28.939583822862367], [-113.38484065868012, 28.938711988584274], [-113.38582004532576, 28.93750988418906], [-113.38555830415275, 28.936619965866587], [-113.38479307048841, 28.936224023976536], [-113.38460604423729, 28.936666603436567], [-113.38439189280753, 28.936720855266078], [-113.38406638227882, 28.936421043049624], [-113.38277861781809, 28.9360212944722], [-113.3826743981197, 28.935655808337724], [-113.38319978326808, 28.9352631971075], [-113.38317979529467, 28.9348177619897], [-113.3838151111989, 28.93379268996467], [-113.38458462887333, 28.931732553007233], [-113.3848030643978, 28.93165403083294], [-113.38550976338689, 28.93200202704771], [-113.38604181081064, 28.93157277208703], [-113.38625405903717, 28.93087511462544], [-113.38588857423942, 28.93046775089032], [-113.38634828608909, 28.929155239841748], [-113.38783925610858, 28.9294469623442], [-113.38933760197907, 28.930413499367294], [-113.39031913021978, 28.930195777978664], [-113.39113647532196, 28.929103606456906], [-113.39236070798879, 28.925277432634545], [-113.39376102023492, 28.922110727410136], [-113.39417980552007, 28.920469374337767], [-113.39427974333121, 28.917606882817612], [-113.39391330608, 28.9150465832108], [-113.3933755479342, 28.913573696156107], [-113.39208587995407, 28.912538631417704], [-113.39162426423108, 28.912329237764972], [-113.39098418895725, 28.912338755969877], [-113.38988650399656, 28.91288922495636], [-113.38870629228674, 28.911435374584357], [-113.3873595164702, 28.910516901802453], [-113.38537504617096, 28.910438380637434], [-113.38385219057439, 28.90961984504531], [-113.38170353787118, 28.909303377001205], [-113.38126809699338, 28.909374761632748], [-113.38101349387988, 28.909903000795552], [-113.38058994969663, 28.910193295436002], [-113.3801045402272, 28.910233746175166], [-113.37924079553035, 28.909776889803137], [-113.37894588152176, 28.909363708253508], [-113.37836515427459, 28.909170127538967], [-113.37809389588871, 28.909360484528364], [-113.37711593677167, 28.90906781010913], [-113.37692677021957, 28.909295049168584], [-113.37614273836616, 28.90875729149344], [-113.37472457877284, 28.908810828993982], [-113.373834660183, 28.90842654658493], [-113.37340754659519, 28.90793518737781], [-113.37325526212484, 28.907149965435963], [-113.37292213694124, 28.90669786759541], [-113.37240460366709, 28.906680021154695], [-113.37176334002055, 28.906288600279954], [-113.37110660756379, 28.905542639246413], [-113.36994900146341, 28.905190478819737], [-113.36854036010465, 28.90515835633135], [-113.36781065979221, 28.903874785893798], [-113.3678213679871, 28.903472657225034], [-113.36822468692093, 28.903488124625603], [-113.36909864145166, 28.90302970217618], [-113.36895518071142, 28.901779671547477], [-113.37062794194753, 28.902374536527617], [-113.37240539957253, 28.90123001537987], [-113.37434109083075, 28.901191944661527], [-113.3748883668981, 28.900725569904942], [-113.37556651277099, 28.900937342426072], [-113.37713005666126, 28.902479708257083], [-113.37810563564969, 28.902056163791368], [-113.37929298703862, 28.900690354225095], [-113.38016505998127, 28.89873443690555], [-113.38044464745165, 28.897163992767606], [-113.38051305585864, 28.89380300456294], [-113.38017695697273, 28.892904757177583], [-113.37915973825605, 28.891512773055204], [-113.3771520673764, 28.889841200910045], [-113.37528407132612, 28.889361978257156], [-113.3746882543817, 28.88896413217464], [-113.37368316997151, 28.887327063235336], [-113.37211272630033, 28.88604025038661], [-113.37060890641268, 28.883262942824746], [-113.36975991475266, 28.88221978784868], [-113.36890521240026, 28.879202630838577], [-113.36771548196054, 28.87724957051076], [-113.36558919595062, 28.87613598201585], [-113.36361519500839, 28.875633440363153], [-113.36248828170565, 28.876033189321376], [-113.36221797462774, 28.87630539967806], [-113.36117862683355, 28.876309207057712], [-113.35986516386363, 28.875523033441826], [-113.35903140086809, 28.874679752145116], [-113.35715067482732, 28.873893578635645], [-113.3574095600816, 28.873309182344492], [-113.35800537741788, 28.87284851780108], [-113.36459886444555, 28.87095066060262], [-113.36604795594741, 28.87029392898612], [-113.36652503745529, 28.86791446779642], [-113.36812403479244, 28.86543744961691], [-113.36880432303657, 28.862945202393174], [-113.36986080400797, 28.862378889795895], [-113.3703081433021, 28.861246267259123], [-113.37023200048463, 28.858557476564744], [-113.3686615561989, 28.849929549872893], [-113.36898516236731, 28.848639882592085], [-113.36902799251891, 28.844052281288274], [-113.37057285817374, 28.839299247800604], [-113.37071562490578, 28.83715773442186], [-113.36921299627936, 28.832699813536923], [-113.36799233208947, 28.830394116494162], [-113.36683406041234, 28.826958457265135], [-113.36540995343682, 28.824959709484137], [-113.36492454279963, 28.82354987922202], [-113.36405722886039, 28.82243272218535], [-113.36257601453865, 28.82130842607049], [-113.35834676117462, 28.8191635802299], [-113.35341461388698, 28.81768260421704], [-113.3514349024618, 28.816852648204947], [-113.35161990520167, 28.816235059142446], [-113.35243487074932, 28.81588408789725], [-113.35277096977595, 28.815083994412532], [-113.35325162060869, 28.81466520882861], [-113.35492914058558, 28.814040601412284], [-113.35595349863338, 28.812987689472426], [-113.35558587196674, 28.812241728494183], [-113.3556786705137, 28.811021065312996], [-113.35615694335118, 28.809943169443546], [-113.35585356084911, 28.80943277390878], [-113.35509332358144, 28.8088224436751], [-113.354311671112, 28.807480427545062], [-113.35440447020355, 28.806652374530074], [-113.35386671144897, 28.80550963772247], [-113.35292979861875, 28.805054566210487], [-113.35138612268446, 28.80374586279328], [-113.35084479598567, 28.803612017917946], [-113.34984244758515, 28.80280895037066], [-113.34053578088711, 28.802083214233686], [-113.33890049678962, 28.802272381291374], [-113.33614508084095, 28.80200112284733], [-113.33473168084689, 28.802200997829477], [-113.33396073594868, 28.802015399994744], [-113.33190488114195, 28.802229551163197], [-113.33083412440229, 28.80191546193771], [-113.33000607116182, 28.80192973944048], [-113.3296348753463, 28.80215816758432], [-113.3263625219874, 28.801989820202017], [-113.32252861512494, 28.802462738477775], [-113.32020864049656, 28.802528173292323], [-113.31978033811723, 28.802498430553158], [-113.31969408199063, 28.802254534961012], [-113.31575012577369, 28.802807760007415], [-113.3135758930513, 28.803360985410798], [-113.3119965255105, 28.80344129236529], [-113.30920343541716, 28.80464839188152], [-113.30866805678649, 28.805041003320277], [-113.30840464975229, 28.80702285664452], [-113.30758230759274, 28.808204973532877], [-113.30279673614952, 28.809546989286584], [-113.30265492049595, 28.81074718912927], [-113.30226468854107, 28.81172276815647], [-113.30257877776174, 28.812636480829074], [-113.30210526474285, 28.812550820281224], [-113.30116537771937, 28.811877433369265], [-113.30039205251562, 28.811687076466658], [-113.2962232372242, 28.813171859102287], [-113.29518103404268, 28.813714377138773], [-113.29476605645159, 28.814469458924354], [-113.2953038142367, 28.81601134989095], [-113.2954475327852, 28.817863903641943], [-113.29491643786243, 28.81859201858615], [-113.29414834674301, 28.818549187840176], [-113.2911944852207, 28.81907457342771], [-113.29048492886255, 28.81897891810903], [-113.28885166680978, 28.81806377758677], [-113.28563130491175, 28.81990595586687], [-113.28520966412889, 28.82074067107508], [-113.28593111711497, 28.82174004547377], [-113.28604913794425, 28.822672793217514], [-113.28666779818717, 28.823352367745635], [-113.28657071593716, 28.823854910514537], [-113.28621070439958, 28.824066920296623], [-113.28694238830867, 28.824789681494686], [-113.28697807975104, 28.82544998164799], [-113.286398086169, 28.825997257415565], [-113.28521727921384, 28.826220331897602], [-113.2841242730574, 28.826702887295962], [-113.28405003393233, 28.827405303272354], [-113.2832862272583, 28.828137702122483], [-113.27862200792735, 28.83003365660547], [-113.27721860096587, 28.83093594808649], [-113.27665752516405, 28.83082601676003], [-113.27643909012572, 28.8303277569436], [-113.27593940308125, 28.830630425265273], [-113.27488752324729, 28.830362116036138], [-113.27385007753048, 28.830900826470497], [-113.27275171868783, 28.830367827550386], [-113.27176376721445, 28.83083229689102], [-113.27114891443807, 28.830565798057386], [-113.27081007850406, 28.830613387355672], [-113.26867237147022, 28.831620375496776], [-113.26611778123625, 28.83313371228256], [-113.26565045520883, 28.833956054490287], [-113.26574531624026, 28.835100479850706], [-113.26496961170172, 28.83639728717313], [-113.26264012010654, 28.838474555963728], [-113.26185965702419, 28.8387172608314], [-113.26108347610597, 28.83937399182185], [-113.26087693861648, 28.839202671095595], [-113.26059901764349, 28.8392978503849], [-113.26031157849313, 28.840473303247073], [-113.25980784735738, 28.840732665484115], [-113.25893042121308, 28.840390616812766], [-113.25571517445543, 28.84028651637694], [-113.25359959627077, 28.839726034241203], [-113.25201630149421, 28.840279971922012], [-113.25155230671717, 28.840718269564594], [-113.25135528760094, 28.840459859409936], [-113.25151375961914, 28.84029282164043], [-113.25058529384651, 28.839597542806835], [-113.25008560762981, 28.838914637141453], [-113.24994759915815, 28.83763924658662], [-113.24881973445041, 28.83687781891317], [-113.24791577727065, 28.836851764015], [-113.24766831314459, 28.837856848520726], [-113.24712103695862, 28.838126203361824], [-113.24652997858321, 28.839031350082877], [-113.24534881533862, 28.838816247413586], [-113.2449138486928, 28.837937749836996], [-113.24378883982953, 28.836965026428263], [-113.24400180184722, 28.83499506997307], [-113.24324513267544, 28.834341908628257], [-113.24255270984531, 28.834070649863452], [-113.24132847742368, 28.833967143588463], [-113.24051470205984, 28.834256248338885], [-113.23991317419204, 28.83487062434276], [-113.24007783353034, 28.83542456348941], [-113.23921932336322, 28.835986115900372], [-113.2381790228822, 28.835549247530963], [-113.23395119653506, 28.835756736453785], [-113.2336443523555, 28.83554996063578], [-113.23251221696533, 28.830873963584494], [-113.23046350107224, 28.82797577899954], [-113.22771998305528, 28.827344032460594], [-113.22567840499721, 28.827316669442347], [-113.22365110417518, 28.82634941825799], [-113.22256369059991, 28.82630182814936], [-113.22265410960257, 28.826042467431165], [-113.22244947646347, 28.825756931905747], [-113.22074578312248, 28.82498836641601], [-113.2201907798812, 28.823930265089295], [-113.21799631491388, 28.82161857356034], [-113.21776771726692, 28.82098798526855], [-113.21568806806475, 28.81895830552929], [-113.21534090351827, 28.815627297902882], [-113.2148469278572, 28.815047661589954], [-113.21405120089489, 28.814915244181687], [-113.21388749385362, 28.814710610526447], [-113.21427034886572, 28.81319370412997], [-113.21341255281743, 28.811275858326322], [-113.2131567610166, 28.811085501053235], [-113.21368381170441, 28.81081900179393], [-113.21393127601854, 28.810425200953528], [-113.21381944152388, 28.807217093381634], [-113.21310560282784, 28.804442641477642], [-113.21226327436713, 28.803091106856368], [-113.21026452697572, 28.801235127861638], [-113.20723785175257, 28.79950763959624], [-113.20555795328913, 28.799026988373715], [-113.20302144665261, 28.798846149618058], [-113.20123209271038, 28.798208453135643], [-113.2002898257767, 28.797399437481364], [-113.19960803093788, 28.7963935589563], [-113.19881329070276, 28.794142589353292], [-113.19644334828062, 28.792548349775497], [-113.19637196376047, 28.791653673501767], [-113.19697158848749, 28.789459810384894], [-113.19727139980961, 28.78657590352433], [-113.19855916534671, 28.78172180308969], [-113.19869622174826, 28.779157694979457], [-113.19806994827879, 28.777903244039052], [-113.19793479383941, 28.777113262663086], [-113.19730471263529, 28.77618051446154], [-113.19723808781926, 28.775657032432168], [-113.19645191419687, 28.774625298237805], [-113.19563909016357, 28.77417224957116], [-113.19393920332035, 28.773968567425396], [-113.19392016838259, 28.77119887413524], [-113.19368412552721, 28.77045457936576], [-113.19319871552862, 28.769818787551486], [-113.19300324229306, 28.768065124533155], [-113.19270462017242, 28.767390547408425], [-113.19267844588722, 28.766035443853703], [-113.19193962328579, 28.76502869422646], [-113.19196246586075, 28.762927154197197], [-113.19241361226835, 28.75936367320519], [-113.1928504813903, 28.757910298592336], [-113.19255923538515, 28.757456297403703], [-113.19253782023331, 28.756968031822602], [-113.19321739410736, 28.756287030200976], [-113.19330591039451, 28.755737375156563], [-113.19375420001924, 28.75533334264807], [-113.194155901335, 28.754136822127055], [-113.19459134228013, 28.752283222023035], [-113.19473458548131, 28.74939979108977], [-113.19414923771924, 28.747694194603486], [-113.19440859862476, 28.745745177384695], [-113.1938020745003, 28.74364958615785], [-113.19211265825722, 28.7417250777553], [-113.19183759175053, 28.74188307395482], [-113.19144926363549, 28.74157374414095], [-113.191257954534, 28.739461734498903], [-113.19176049691303, 28.73939796491951], [-113.19183188140562, 28.73856229831191], [-113.1910371406409, 28.737279293621224], [-113.19033758015357, 28.73695568630518], [-113.18989119344481, 28.736364627745644], [-113.1898474113734, 28.735120646632325], [-113.18873263254885, 28.733837164640022], [-113.18841140558168, 28.732822323901303], [-113.18837452406166, 28.732333345554856], [-113.18901816850621, 28.73187529899369], [-113.18942362920521, 28.73067176722001], [-113.18932369073259, 28.730172081475647], [-113.1886034284758, 28.729354736075333], [-113.1866090832525, 28.72893309509468], [-113.18635638351446, 28.727898030491573], [-113.18550453648571, 28.727528262068613], [-113.18531418048157, 28.727004780028526], [-113.18539984104471, 28.726662137786292], [-113.18584337326627, 28.72636898863625], [-113.18566253432452, 28.726056803623273], [-113.18584337329688, 28.725908324316602], [-113.1862602542653, 28.726087260205606], [-113.1868732031514, 28.725124054397632], [-113.18668284721774, 28.724699558274125], [-113.18539984134605, 28.724244605441758], [-113.18512953395519, 28.723852470449053], [-113.18560542648368, 28.72242289011038], [-113.18523423055298, 28.721840398260017], [-113.18482305968782, 28.721844205080185], [-113.18507242703807, 28.721155112976756], [-113.18480783048325, 28.720172871812746], [-113.18436810745091, 28.719586571959464], [-113.18396074298332, 28.719405732865802], [-113.18358588268305, 28.71850391785922], [-113.18297840595834, 28.71818625978661], [-113.18206326613777, 28.71822766231963], [-113.18180913941534, 28.718069189974745], [-113.18204470563151, 28.71740389285482], [-113.18247729248314, 28.717308239590338], [-113.18271000291483, 28.71702889018817], [-113.18246967810872, 28.715682115362007], [-113.1821365530876, 28.71519908446549], [-113.18069935913032, 28.714164019020878], [-113.17860067381677, 28.7142877515253], [-113.17683630383864, 28.713934401620378], [-113.17596066197366, 28.713236028814055], [-113.1750562291808, 28.711473561772245], [-113.17498770114854, 28.71116328099363], [-113.17573580320598, 28.709132173470262], [-113.17540267867209, 28.707944346408983], [-113.17563681753096, 28.706899286603427], [-113.17670281552937, 28.705745724144585], [-113.1766932982532, 28.704765385792673], [-113.17643631608026, 28.70439419029154], [-113.17575483856207, 28.704222869396677], [-113.17567298480891, 28.703450020434765], [-113.17468122607153, 28.702829455859412], [-113.17375323577052, 28.702774411570733], [-113.17365567843149, 28.703293134526053], [-113.17292875331424, 28.70336213814668], [-113.17300132621666, 28.70311110476353], [-113.17344747523852, 28.702880296934364], [-113.17333920962663, 28.702371092858947], [-113.17359143323537, 28.702258067975528], [-113.17385674295363, 28.702644730790368], [-113.17436951712925, 28.702292571452084], [-113.17479639247033, 28.70069643347227], [-113.17442519612176, 28.699294455635172], [-113.1741915227409, 28.69911792049609], [-113.17379273502823, 28.699340140394156], [-113.17380130080345, 28.699056033264476], [-113.17334223572537, 28.69907067219781], [-113.17334444528524, 28.698699113938307], [-113.17383270980596, 28.6981908611136], [-113.17333873401381, 28.69790960847057], [-113.17324879021095, 28.69518988435266], [-113.17261632973278, 28.69434755564252], [-113.17183824568137, 28.69422477505867], [-113.17165978610382, 28.6930754954117], [-113.17125860898176, 28.692601507341976], [-113.17058902908043, 28.692434469631593], [-113.17007649250694, 28.691831036813323], [-113.16940072653432, 28.691826278508294], [-113.16907711918168, 28.692159403131537], [-113.16875351288049, 28.691866729338074], [-113.16889152110927, 28.691719203041668], [-113.16864643698226, 28.691019640801255], [-113.16883441382011, 28.690584199948784], [-113.16820385728495, 28.689346880346708], [-113.16885047550672, 28.686529003267143], [-113.16883373954323, 28.684366311475888], [-113.16802472265393, 28.68315754534019], [-113.16737179862204, 28.681134050902898], [-113.16635719728555, 28.67914862946504], [-113.16612496190315, 28.677245417636083], [-113.1658280052011, 28.676916099759907], [-113.16536924458778, 28.677064578666126], [-113.16507419182577, 28.67676952545146], [-113.16531404152767, 28.676187033387556], [-113.16499424208871, 28.674390064271005], [-113.16326871575168, 28.669936248555494], [-113.1617054100483, 28.667448521860976], [-113.16058468425236, 28.66613862895556], [-113.15986013782361, 28.662276763100024], [-113.15882507351206, 28.660073382302688], [-113.15506975065249, 28.655201477789912], [-113.151507697601, 28.652334227030337], [-113.14670594612728, 28.64987624425121], [-113.1450331853524, 28.649381316151224], [-113.14232535795229, 28.647832287597183], [-113.1380470867201, 28.64479847421313], [-113.13474772677922, 28.64214067583434], [-113.13362826925727, 28.640848443776207], [-113.13282639069102, 28.639473115862742], [-113.1315474310224, 28.63822746800249], [-113.13059088653489, 28.636856897851015], [-113.12879439380447, 28.632309748042], [-113.12816621728207, 28.629935045858335], [-113.1280662793692, 28.628183763571037], [-113.12904185843341, 28.62165690109026], [-113.12984849573164, 28.619853270328395], [-113.13054091859212, 28.616048511968692], [-113.13112519527239, 28.610194324533094], [-113.13099955958272, 28.60343665552852], [-113.130169603899, 28.59801529112062], [-113.12816704950929, 28.591008254069408], [-113.12628442019371, 28.586302632420303], [-113.12562959209318, 28.585562144181445], [-113.12478241761202, 28.58386978888066], [-113.12413401509569, 28.58345100461792], [-113.12324766511999, 28.58339627663064], [-113.12277415280553, 28.583146433441385], [-113.12215177218295, 28.582206152022344], [-113.12124757677176, 28.578711199156935], [-113.1205527738289, 28.57718644150635], [-113.1204128551348, 28.574243314417323], [-113.12013874793662, 28.572953380572706], [-113.12020202080883, 28.570020489940426], [-113.11984785186237, 28.567848513053868], [-113.11872104493125, 28.566108656485873], [-113.11762495868747, 28.56502314111633], [-113.11651100063341, 28.5626279809855], [-113.11618739530395, 28.560957599137648], [-113.11516542366327, 28.559783698207255], [-113.11478201015181, 28.558704914174974], [-113.1144512650061, 28.558351564287086], [-113.11453573458934, 28.55779120109916], [-113.11520674307063, 28.557487819548182], [-113.11522220968268, 28.557022635027206], [-113.11482602946758, 28.555289196820695], [-113.11330555430466, 28.5516260169782], [-113.11256911117894, 28.548156763304664], [-113.11266214780217, 28.54446050845407], [-113.11225555652673, 28.542018007164973], [-113.11265762727304, 28.540608875196863], [-113.11240919103115, 28.539516884893846], [-113.11318116770445, 28.539226900049833], [-113.11333345324692, 28.538375053595118], [-113.11314547578512, 28.534517946116093], [-113.11339769888917, 28.53245733340183], [-113.11385217628161, 28.53116528580736], [-113.11371178807663, 28.527003609051622], [-113.11272621524219, 28.523866050768962], [-113.11172303451787, 28.522367943288447], [-113.11086642790458, 28.52054813128088], [-113.10954915755384, 28.519868557389323], [-113.10958722967854, 28.519093804544497], [-113.10880843202634, 28.515777074443232], [-113.10890503770082, 28.514486453896797], [-113.1083710872621, 28.51342283542331], [-113.108056997973, 28.51189236645986], [-113.10776432508902, 28.51125990503611], [-113.10681244516539, 28.510401395549653], [-113.10673820619192, 28.509668520927185], [-113.1062337599363, 28.508821432899385], [-113.10582068640468, 28.508694846526186], [-113.10572074756382, 28.50811901639627], [-113.10512148103557, 28.50777244788783], [-113.10476932089531, 28.50632811562453], [-113.10380801867329, 28.505371572351844], [-113.0977094599205, 28.50120989385639], [-113.0956274322999, 28.5001248599691], [-113.09466613042287, 28.49993450334159], [-113.09277445786718, 28.49780726557579], [-113.09139199091516, 28.497026801928826], [-113.08902680706933, 28.49588228161077], [-113.08713037651279, 28.495277898186885], [-113.08308571275373, 28.49427555428856], [-113.08157237578804, 28.49449446466175], [-113.08051113580409, 28.494013813550186], [-113.07955459278566, 28.493228590871148], [-113.0792642979865, 28.49255758309027], [-113.0795498335753, 28.491953200260042], [-113.08046354708121, 28.491263156629756], [-113.0802493946242, 28.489902103894035], [-113.0785980486309, 28.487732036676967], [-113.07738452423787, 28.486551823000866], [-113.07504313546461, 28.485038486221736], [-113.07226868339941, 28.484039112392914], [-113.07033656086672, 28.483582256180668], [-113.06966079374781, 28.483111122547967], [-113.06860431310518, 28.48278275749151], [-113.06542535302975, 28.482121267597005], [-113.06427845264554, 28.482068919377124], [-113.06354557879148, 28.48143122340576], [-113.0604808331224, 28.480555581283642], [-113.05933393313441, 28.479832224994603], [-113.05835930647643, 28.478593002090808], [-113.05685067797869, 28.47798352121827], [-113.05368302000346, 28.4774451683622], [-113.04281483206965, 28.47630897612328], [-113.04197607153603, 28.47614836214036], [-113.03884410674553, 28.47479206939445], [-113.03866862141479, 28.475062732876744], [-113.03763950472948, 28.47373618304795], [-113.0381600124802, 28.473536903952365], [-113.0381510889996, 28.472852808858146], [-113.03656279757656, 28.471068213671696], [-113.03584598565887, 28.467858915395414], [-113.03545040017246, 28.467222409446485], [-113.03435287423669, 28.46624980379644], [-113.03108408888887, 28.46460797613104], [-113.02793130433199, 28.463742446777776], [-113.02789858580715, 28.463260606074822], [-113.02831499248495, 28.463132710073268], [-113.02847263118099, 28.462606255059907], [-113.02823765879005, 28.4622166180394], [-113.0274732573613, 28.461809135350677], [-113.02366314550684, 28.460934683413686], [-113.01950503713282, 28.460503405960047], [-113.01811900049705, 28.45981336179895], [-113.01626004691956, 28.457755127880436], [-113.01535287836306, 28.457454720765245], [-113.0107740809936, 28.45699239204971], [-113.01006689879001, 28.456558683621346], [-113.00881993466878, 28.456283291190445], [-113.00440365607149, 28.4559834795349], [-113.00274292415459, 28.455163063332183], [-113.00209380655929, 28.45464148492569], [-113.00124671945846, 28.454470164347576], [-112.9898881244315, 28.45544288726965], [-112.98890397847283, 28.454936537911458], [-112.9859648685354, 28.45535151614402], [-112.98539934875673, 28.455322769787717], [-112.98457526447736, 28.454951765813416], [-112.98381954728171, 28.454970802259435], [-112.97348018028775, 28.456735389010188], [-112.97097236127006, 28.456811552928542], [-112.95280495933024, 28.460506393584556], [-112.93732725842418, 28.464329698423903], [-112.92047591543965, 28.46918141944894], [-112.9096138758323, 28.472736895639656], [-112.90613728300782, 28.474060504292662], [-112.90504867960325, 28.47428060448843], [-112.90359546179226, 28.475090819574742], [-112.90304719645873, 28.475065469099775], [-112.90251610065366, 28.474781361790086], [-112.90283589985624, 28.474675714160767], [-112.90281733955963, 28.4744173040686], [-112.90209350755944, 28.474484404954655], [-112.90173230571303, 28.474087511558405], [-112.90022491812759, 28.473642313967645], [-112.89991511195488, 28.473156904165783], [-112.89856453039022, 28.473205445362684], [-112.89733815482913, 28.472851380965132], [-112.89574915108503, 28.4717849064003], [-112.89535511309619, 28.47121811931398], [-112.8956949000028, 28.47093401136386], [-112.89565349746172, 28.4705613881399], [-112.8950567277802, 28.470121663579746], [-112.89481259599062, 28.470260148327576], [-112.89446995307179, 28.47014593418959], [-112.89406592048782, 28.469574863149553], [-112.89369044186407, 28.469449227426644], [-112.89368330282, 28.468775363883587], [-112.89256114998317, 28.468098645402183], [-112.89308796240174, 28.467733160335616], [-112.89291806920377, 28.46668381854918], [-112.89187443685789, 28.46630262785783], [-112.89033825670609, 28.464997731778663], [-112.88991423678179, 28.46514049960394], [-112.88961299709095, 28.465006298470374], [-112.88981810709065, 28.464651758090522], [-112.88949925942765, 28.464171107536067], [-112.88893056802601, 28.46407116984996], [-112.88812631012382, 28.46429483960377], [-112.88672718665057, 28.46399502689769], [-112.8857767402743, 28.4631101651245], [-112.88498982156364, 28.46333408946098], [-112.88549696483233, 28.46220579492999], [-112.88520667135458, 28.461829839990465], [-112.88523046538344, 28.46135870747647], [-112.88606227647216, 28.46088108576209], [-112.88654039937273, 28.459606705825585], [-112.88668498115234, 28.45831227880786], [-112.88724340616416, 28.457807907549324], [-112.88701572607347, 28.457477087763525], [-112.88772718493924, 28.4571320669337], [-112.88814597011775, 28.457144856471018], [-112.88817214522578, 28.456711794629268], [-112.88742337727022, 28.455657518168064], [-112.88655434812657, 28.45507734329607], [-112.8859095144029, 28.454917918970906], [-112.88524754945085, 28.45520024184703], [-112.88430242712738, 28.456817799539667], [-112.88335587706906, 28.456500855642584], [-112.88315885777382, 28.456133941894706], [-112.88340536926361, 28.45545044294114], [-112.88305035516746, 28.45469198916114], [-112.88265346099922, 28.45435934000961], [-112.88260063693511, 28.453718313284245], [-112.88279908383558, 28.452836009328713], [-112.88342440648731, 28.45199653556108], [-112.88270914000279, 28.450972891606497], [-112.88091740644236, 28.45035470700574], [-112.88064472048461, 28.45088152018285], [-112.8793498167164, 28.451705288948617], [-112.87907139836946, 28.451748734529883], [-112.87864026196742, 28.451102810091765], [-112.87836757470933, 28.451095671501886], [-112.8780991724855, 28.45119846388689], [-112.87795929850938, 28.451718062245384], [-112.87708837699859, 28.452017951539784], [-112.87678713709472, 28.451736697871365], [-112.87689135828383, 28.450940055588465], [-112.87647019329184, 28.450524601160208], [-112.87571066950986, 28.450578852468524], [-112.87531948617982, 28.450140556571252], [-112.87447181905577, 28.4502743114356], [-112.87422874061446, 28.45011914164696], [-112.87439006813221, 28.44951237846897], [-112.87407026925128, 28.448747143065848], [-112.8745756663219, 28.447630699954146], [-112.8754237056653, 28.447069622798576], [-112.87538695971455, 28.446860736624163], [-112.87500267723938, 28.446792920909317], [-112.87498255370613, 28.446487131224018], [-112.87686423215256, 28.446842147258135], [-112.87764231602912, 28.446461432913917], [-112.87863016491596, 28.444303113281226], [-112.87967381048519, 28.443149737152122], [-112.88009434957584, 28.440532768201557], [-112.88207977309682, 28.440026418956705], [-112.882534726037, 28.439459155263123], [-112.88249464795881, 28.43791378401383], [-112.88175235907609, 28.436323025944798], [-112.88014622253047, 28.43432094732671], [-112.8777662857739, 28.433341561556603], [-112.87687398819537, 28.43334156163833], [-112.87576301654492, 28.433014384881478], [-112.87549548348703, 28.43310614192539], [-112.87445669338302, 28.4325777543456], [-112.87305638075198, 28.432162538310227], [-112.87218549839321, 28.432230352898156], [-112.87168343192229, 28.431877003095405], [-112.87103693201982, 28.431741136565943], [-112.86970623398976, 28.431728137629253], [-112.86851840716815, 28.43206887608655], [-112.86828617176192, 28.43139881978555], [-112.86844797494545, 28.431056178199352], [-112.86713866130825, 28.43061231911226], [-112.86701135990835, 28.430161411206665], [-112.86756220487374, 28.429329790223637], [-112.86741824842606, 28.428900296878403], [-112.86772876687141, 28.428254273444068], [-112.86723502952877, 28.427294161597167], [-112.8667246350129, 28.425287086393215], [-112.8643118613055, 28.42565828106201], [-112.8632434832058, 28.42607230785337], [-112.86254749087313, 28.426604116894694], [-112.86401038382591, 28.42909612728798], [-112.86564507259844, 28.430775074627757], [-112.86638437243403, 28.43218776044929], [-112.8654485297529, 28.43223487456932], [-112.86489887362724, 28.432897316188047], [-112.86425604416337, 28.433079571196174], [-112.86360486378757, 28.432398819308382], [-112.86261833921613, 28.43258489260207], [-112.86069436699138, 28.43390787356044], [-112.8602589249518, 28.434436113048765], [-112.86027320253605, 28.43630399057546], [-112.859078498747, 28.437892117901796], [-112.85942780337028, 28.438893394967874], [-112.85967975176331, 28.439087643639397], [-112.85900140415134, 28.440244928941624], [-112.85764749125501, 28.440485730583752], [-112.85498072936532, 28.44060619554974], [-112.85020839063587, 28.44208163539564], [-112.84864651267102, 28.441980744877103], [-112.84732829167666, 28.440983988793253], [-112.84651523019063, 28.44078197277268], [-112.84618400857845, 28.440383651623836], [-112.845991987171, 28.439648398443133], [-112.84635497266152, 28.43848085603194], [-112.84608966302626, 28.437564762928414], [-112.84759895647055, 28.432950155993186], [-112.84778598055037, 28.430119073265093], [-112.84741335840899, 28.429326712467645], [-112.84747189199666, 28.42897693265252], [-112.8456143481872, 28.426801536381422], [-112.84533392775293, 28.42518712702044], [-112.84431932627317, 28.42317886210898], [-112.84417173011535, 28.421970463284342], [-112.84510400347767, 28.421425804250458], [-112.84588074677298, 28.421237640257303], [-112.84722418964097, 28.42127333147857], [-112.84821499831342, 28.42171448343599], [-112.84874323772397, 28.421662135053477], [-112.84948087091347, 28.4211291366228], [-112.85106499663185, 28.419421873588988], [-112.85413152822208, 28.415266739109473], [-112.85574361318824, 28.412673127646663], [-112.85799517791477, 28.408473378375223], [-112.85984901555804, 28.40388383389677], [-112.85978065869672, 28.403411614297006], [-112.85927371643179, 28.40286628057217], [-112.85899519433083, 28.402118512460785], [-112.8573856073101, 28.40114174363106], [-112.85501593219134, 28.398733215197957], [-112.85430744663918, 28.395765551119823], [-112.85501329760642, 28.392995788277865], [-112.85460565274275, 28.39170289350937], [-112.8536610496111, 28.389945557484626], [-112.85345974804675, 28.387447122929157], [-112.85280016108749, 28.386851782356327], [-112.85112692430087, 28.386249303589818], [-112.85035740674269, 28.384337644424814], [-112.84978776440278, 28.383755151991096], [-112.8493094915556, 28.382097619018985], [-112.8497982334914, 28.380897704173698], [-112.85034455838571, 28.380635964100275], [-112.85047685581557, 28.38023050437818], [-112.85140960382027, 28.38004871361768], [-112.85229571644373, 28.379409114070675], [-112.85236138952226, 28.378903716327972], [-112.85275257179889, 28.378463992515155], [-112.85275923531218, 28.377785368898703], [-112.85313614059348, 28.377260936472126], [-112.8534654588795, 28.37732470666781], [-112.85367770647444, 28.376979208519863], [-112.85351661698286, 28.376672971520783], [-112.85365700533403, 28.375868714086504], [-112.8539901297127, 28.37555343550958], [-112.85400559588122, 28.37409482553503], [-112.85432444378901, 28.374115051276874], [-112.85465756870862, 28.3735951391759], [-112.85450647268073, 28.372899146181123], [-112.85396276617665, 28.37217579039324], [-112.85383665407016, 28.369545891550256], [-112.85356420596243, 28.369265114438793], [-112.85339823927474, 28.368130112222804], [-112.8530163351641, 28.367330018199873], [-112.85285401262928, 28.365990779405415], [-112.8530167682895, 28.365722374981484], [-112.85497498901981, 28.366200607535266], [-112.85536771945935, 28.366002695203022], [-112.85594830667135, 28.36523175046593], [-112.8633936412576, 28.350402949198987], [-112.86659671249828, 28.342675252043605], [-112.86949584841105, 28.336764671181275], [-112.87034864737414, 28.33447277425246], [-112.87228267156536, 28.32752094168243], [-112.87270336066096, 28.325002520014483], [-112.87433471997377, 28.318288632638914], [-112.87477253985946, 28.313959917405384], [-112.87549970444707, 28.311626142407533], [-112.87563866440362, 28.309249495738072], [-112.87512255880708, 28.30740279730711], [-112.87425167579876, 28.30642341035599], [-112.87378339839292, 28.304146741824024], [-112.87301156687283, 28.30319099418594], [-112.87225864039968, 28.30278188346899], [-112.87074149557411, 28.302157513528563], [-112.86997054969687, 28.302406879804057], [-112.86866470209077, 28.301278064151667], [-112.86826495334532, 28.29982754538315], [-112.86846673108013, 28.299176524066848], [-112.86909871560482, 28.298759641986432], [-112.87079003708219, 28.29694316180469], [-112.871216911717, 28.295860983618496], [-112.87133255400022, 28.294536099463368], [-112.87204353702973, 28.293212642944436], [-112.87239718412803, 28.290367046485947], [-112.8730227444631, 28.289008134748077], [-112.87313315072586, 28.288244328144007], [-112.8730912726336, 28.287506933467764], [-112.87267653261233, 28.287051504850325], [-112.87321381466917, 28.284076939879014], [-112.87318764055273, 28.282548136883516], [-112.87256303241358, 28.280652895754475], [-112.87192652690933, 28.279458406778062], [-112.86627625954623, 28.271952397594443], [-112.8653487150037, 28.270283690776274], [-112.86342135093645, 28.268032720878914], [-112.86104378905794, 28.266289691573554], [-112.85958232383275, 28.26548448158678], [-112.8558072139649, 28.26185294066341], [-112.85466255532583, 28.26155987362711], [-112.85370172898146, 28.26043486441961], [-112.85289780387372, 28.25996163664848], [-112.85242357817697, 28.260134028294228], [-112.85219752893644, 28.26000137276576], [-112.85130225712489, 28.25901996551735], [-112.84972895678013, 28.258786183372077], [-112.84873279596819, 28.25835008740531], [-112.84698389212787, 28.2559505595822], [-112.84451631723228, 28.25489058897831], [-112.84288677000617, 28.253637300768748], [-112.84046209997727, 28.250729798062682], [-112.83941626744313, 28.24977698301504], [-112.83899391328859, 28.248096489487235], [-112.8383958348249, 28.24690057128279], [-112.83662408761397, 28.24546694660781], [-112.83643976850881, 28.243853369233815], [-112.83611940039127, 28.243119748946174], [-112.83491866327365, 28.241736566578517], [-112.83416203984837, 28.24026044782205], [-112.83203297899838, 28.23845106648876], [-112.83121682434596, 28.237172342913347], [-112.82880309772192, 28.23467486162555], [-112.82676132190662, 28.233612234352158], [-112.82655212766872, 28.233067297439707], [-112.82685650036379, 28.232638013867458], [-112.82680891108312, 28.232317807356985], [-112.82631160406088, 28.23144454539209], [-112.82585155318927, 28.23118814995083], [-112.82546965011178, 28.231420861567564], [-112.82473901829157, 28.231450493297558], [-112.82495316870755, 28.2311740006016], [-112.82462718298946, 28.229900988312792], [-112.82387061016074, 28.228708323327073], [-112.82277986494937, 28.22775273252169], [-112.82119350167808, 28.22702124485816], [-112.82025192475707, 28.22598050946469], [-112.81670742561155, 28.223334033608356], [-112.8140234482603, 28.2189511050653], [-112.81198615402441, 28.216890253995526], [-112.8116078194878, 28.216142152376065], [-112.81114096901815, 28.215870893066423], [-112.81075406906017, 28.21589230848479], [-112.8098094225108, 28.216259697254447], [-112.80905370611389, 28.215536341088683], [-112.80914507680521, 28.214961462822497], [-112.80851309174166, 28.21467021686041], [-112.80815712550725, 28.214120086364904], [-112.80794863029553, 28.212910010982178], [-112.8071969309267, 28.21188052955671], [-112.80664489633368, 28.21169017196882], [-112.80585951783995, 28.211965245984793], [-112.80563870401073, 28.21169874578205], [-112.80503686650812, 28.210274344360705], [-112.80491609905317, 28.2090147065162], [-112.80456488988456, 28.208261845160706], [-112.80408709387888, 28.208000580177828], [-112.80355219133688, 28.208043886501724], [-112.80298810076034, 28.208719653557708], [-112.80242845110405, 28.20895569556221], [-112.80139291004524, 28.208354168122128], [-112.80136054854391, 28.207870661640282], [-112.80199972232617, 28.207203412411648], [-112.80209252121915, 28.206384877607107], [-112.80261838151095, 28.205373606207356], [-112.80171033044263, 28.203688520948067], [-112.79981865915215, 28.202433354868926], [-112.79752866503871, 28.201671452453574], [-112.7961471999824, 28.201571227303255], [-112.79441685618707, 28.202066631141225], [-112.79360541040474, 28.20204074410463], [-112.79095564234167, 28.200173343037353], [-112.7908414275872, 28.200002021865963], [-112.79105462827498, 28.199853543121332], [-112.79079383905707, 28.199545164812026], [-112.78924052687576, 28.199280569188918], [-112.78749305131824, 28.198224088386493], [-112.78662121638315, 28.196743111745597], [-112.78642895633821, 28.195736124030887], [-112.78694291867156, 28.194795760900394], [-112.78788328232224, 28.194190425973265], [-112.78978494703631, 28.193973418832527], [-112.79020182865115, 28.193440420384455], [-112.78984015136412, 28.19197086503582], [-112.78941755935575, 28.191384566286892], [-112.79144224233445, 28.190243614282593], [-112.79425476511221, 28.190272168513125], [-112.79604674868992, 28.187683705595504], [-112.79620711299567, 28.187009926824402], [-112.79598225367027, 28.18607836842284], [-112.79682815233764, 28.18468281409925], [-112.797475002248, 28.181785536061764], [-112.79745989871546, 28.17958600840401], [-112.79784381899759, 28.177728555201533], [-112.79744169012814, 28.17579881228513], [-112.79757256002362, 28.174416345278793], [-112.79837143130807, 28.172309398609993], [-112.79960855251261, 28.170441740603106], [-112.80010823903203, 28.16905689299568], [-112.80088989152216, 28.168378747084443], [-112.80247818169953, 28.16776127742628], [-112.80331694221695, 28.166808303395854], [-112.80470178842826, 28.164384822401917], [-112.80615088044824, 28.16073353952513], [-112.80645426133056, 28.157821077983403], [-112.80710599635108, 28.155497535347912], [-112.80775273276281, 28.15448388443609], [-112.80815676642575, 28.152933428278896], [-112.80846514395479, 28.152490848381134], [-112.80857650256442, 28.151838400610245], [-112.80842088640452, 28.15140438663444], [-112.80942061599659, 28.150406916046965], [-112.81031707819555, 28.147503378804963], [-112.8109928451428, 28.14281108252762], [-112.81104519299649, 28.14106455708036], [-112.81181138043938, 28.13758578491241], [-112.81214450417447, 28.133659674585637], [-112.8120873968489, 28.130066688047233], [-112.81240148588066, 28.127863307541443], [-112.81236817391664, 28.123342332314586], [-112.81262991489193, 28.12119129951489], [-112.81216829873381, 28.11892605215453], [-112.81246335224735, 28.11687971529083], [-112.8115258446283, 28.11401960287578], [-112.81020762326702, 28.112268320454476], [-112.80842017188574, 28.110970561845107], [-112.8084392080028, 28.109759416340477], [-112.80959800466846, 28.108738628502795], [-112.80979074163324, 28.107310950992893], [-112.80870570667541, 28.105485904205633], [-112.80866763557259, 28.10418433942907], [-112.80835354692186, 28.103851214909653], [-112.80761353504968, 28.103637062946298], [-112.80706625915865, 28.10228315016349], [-112.80598836317536, 28.100793607255255], [-112.8049985065994, 28.097376701151518], [-112.80453451181266, 28.096405881303145], [-112.80445836960098, 28.09488302612046], [-112.80472486853233, 28.094028800372914], [-112.80456544484741, 28.09180162448909], [-112.80436557135508, 28.091104442465618], [-112.8032091530701, 28.090138381324273], [-112.80308542109715, 28.08978622118556], [-112.80290458221577, 28.08769229525348], [-112.8032139113935, 28.085322352174835], [-112.80303783059155, 28.084522853000653], [-112.80264284097449, 28.083756666020953], [-112.8018195474654, 28.082933373030745], [-112.79914503277142, 28.08156280286319], [-112.79770783885192, 28.080020913158908], [-112.79682267931304, 28.079540262393703], [-112.79400063788141, 28.078755039015462], [-112.79252253900883, 28.077628112555942], [-112.79065035667207, 28.074695679357415], [-112.7905570816253, 28.07324960121343], [-112.78884291895244, 28.06783299641496], [-112.78904184233222, 28.066591869583714], [-112.78971380050353, 28.065562039103305], [-112.79098919334281, 28.064532207763904], [-112.79223222294695, 28.062369754086777], [-112.793895942479, 28.061440812198402], [-112.79490578521907, 28.05889859638096], [-112.7955686644847, 28.058088058236027], [-112.79660947936183, 28.057632723218973], [-112.7970806133524, 28.057061651816234], [-112.79834648599328, 28.056219323477105], [-112.79934704887908, 28.054754765513024], [-112.80047134500488, 28.05239552960527], [-112.80282368011419, 28.045537685355317], [-112.80282011052356, 28.044652525545878], [-112.80225974800724, 28.043667427943152], [-112.80249888314552, 28.043646012957918], [-112.8025809750315, 28.042489595325282], [-112.80331265885725, 28.041147579411003], [-112.80425492559759, 28.035565363288732], [-112.80472605853444, 28.030689848487654], [-112.80462612232103, 28.02755252780798], [-112.80337756332001, 28.02199823640435], [-112.80199452655286, 28.018846643290573], [-112.79973632863978, 28.015057384488397], [-112.79832120894764, 28.0131347442965], [-112.79642295029106, 28.011223744098125], [-112.7906236522419, 28.006638815263415], [-112.7875832517616, 28.00474863495863], [-112.78357088562761, 28.002958091070283], [-112.78205182822124, 28.00248104724902], [-112.77607260960977, 28.00180702744214], [-112.76880633136636, 28.00269635016097], [-112.7668611207587, 28.001818923954886], [-112.76477819647067, 28.00000000041886], [-114.20544044674249, 28.000000024876293], [-114.19827708691028, 28.007368477286036], [-114.19679250464927, 28.009607116305588], [-114.19405869236698, 28.01220524248211], [-114.19084385321423, 28.016992368501683], [-114.18734901946426, 28.02000833492146], [-114.1831076299809, 28.025525413007298], [-114.18093249214009, 28.02915728357924], [-114.17673869209158, 28.032283300148084], [-114.17562629415634, 28.03347303055813], [-114.17332713949598, 28.038312259045437], [-114.17014758514708, 28.04151263406751], [-114.1672654631885, 28.045263259199007], [-114.16234533231358, 28.052956057331528], [-114.15718428098877, 28.058559687856572], [-114.15621346126686, 28.059887427363016], [-114.15580419362492, 28.060106337179725], [-114.14858350248726, 28.070955118108063], [-114.14311371612254, 28.077388585139033], [-114.14026431067914, 28.08128197826235], [-114.13967836881992, 28.081591308567123], [-114.13952965309488, 28.08182925389585], [-114.13968134262231, 28.082320017959987], [-114.13895263253862, 28.082626374643745], [-114.13837264050994, 28.082569862188485], [-114.13835479435218, 28.083027908488855], [-114.13856894454123, 28.08300708790321], [-114.13878607084544, 28.083361032556976], [-114.13858381718921, 28.083828002517357], [-114.13792649060076, 28.08433661101519], [-114.13625789450337, 28.08510101319922], [-114.13418776298688, 28.085663161408775], [-114.13363453786191, 28.085657212007185], [-114.13363751152812, 28.08537167694033], [-114.13161794528362, 28.08567803323231], [-114.12667461459603, 28.08491957922353], [-114.12501196608747, 28.084315791243107], [-114.12408100153554, 28.083628722325518], [-114.1197057683772, 28.081457464245446], [-114.11925961879221, 28.081067827417368], [-114.11916146603633, 28.080190401564987], [-114.11790332642423, 28.078007244923832], [-114.11792117249158, 28.077495661090115], [-114.11870936920494, 28.077400483494984], [-114.11915849150435, 28.07689484689817], [-114.11853745326123, 28.074745302328786], [-114.11788310079311, 28.073742953969123], [-114.11626804201161, 28.072285534028364], [-114.11603009632742, 28.071669848194144], [-114.1167498827642, 28.06953428226091], [-114.11643460409495, 28.066057294953126], [-114.11537574420377, 28.061902160939937], [-114.11521058886306, 28.059812950180785], [-114.11547708879104, 28.05709084594549], [-114.11527150393202, 28.055745023348088], [-114.11542107451179, 28.053184177448223], [-114.11503274618022, 28.05142527961342], [-114.11518979119084, 28.051203989235972], [-114.11545819373504, 28.051972079391756], [-114.11573516297278, 28.051883563091497], [-114.1159264719307, 28.051418141410803], [-114.11494208913788, 28.048866882932064], [-114.11488141263474, 28.049658053455595], [-114.11456732446263, 28.050161309414545], [-114.11508723561698, 28.04830533020121], [-114.11629005370389, 28.04640533062349], [-114.11767965920058, 28.044960997536815], [-114.12233507352768, 28.04176169335678], [-114.12628854864705, 28.03952143156339], [-114.13541771925213, 28.029520514898717], [-114.13518261518027, 28.022813149535743], [-114.13309170470706, 28.017926675899226], [-114.12746221768695, 28.01282600610977], [-114.12316269360576, 28.015301418556298], [-114.12327882320793, 28.01593755837916], [-114.12406309270553, 28.016316368420572], [-114.12451423921767, 28.01707589228162], [-114.12460180274013, 28.017953437474816], [-114.12525091989403, 28.01860636145784], [-114.12540320640272, 28.019160300162767], [-114.12525853528373, 28.020365259137357], [-114.12490066390744, 28.021141914945016], [-114.12444761408028, 28.021301815052638], [-114.12379278692634, 28.021197119611685], [-114.12359481556989, 28.020890644098067], [-114.12384418300361, 28.020599397814824], [-114.12359100818902, 28.020285309373815], [-114.12277437703547, 28.02046995507469], [-114.12242602390882, 28.020934425990465], [-114.11777227368674, 28.02379192150988], [-114.11678622576174, 28.024667562071464], [-114.11628749069772, 28.024658045205523], [-114.11568976987493, 28.025735465128196], [-114.11598291964548, 28.026276078056682], [-114.11590297048572, 28.02676148844699], [-114.11534712834701, 28.026911870441783], [-114.11505017133545, 28.026753874623626], [-114.11490930650734, 28.026300824850225], [-114.113734804672, 28.025929629243592], [-114.11370244378499, 28.02639600291909], [-114.11656160468263, 28.031187998853135], [-114.1167253123625, 28.031325055846054], [-114.11715742161759, 28.031111856984197], [-114.11733064677408, 28.031254624182203], [-114.11695754673252, 28.03202937691259], [-114.1187231069845, 28.034908882572513], [-114.11906693883984, 28.036260414877898], [-114.11981408949144, 28.036523346043644], [-114.11935247543822, 28.03663993960948], [-114.1185089565015, 28.0372716864298], [-114.11863804111628, 28.036607519399997], [-114.1183108650222, 28.03624762649652], [-114.11763271943835, 28.036054294959207], [-114.11550904961432, 28.033118634882843], [-114.1151670029544, 28.033032379074594], [-114.11536925667787, 28.032705203652164], [-114.11629129833047, 28.032339361189845], [-114.1164519120832, 28.032018133912636], [-114.11504208058608, 28.02907652504009], [-114.11273102892633, 28.02532887396944], [-114.11173462993689, 28.024799443785987], [-114.11164242559616, 28.024564472603124], [-114.1118744229032, 28.02479052139764], [-114.11188929470306, 28.02464477944772], [-114.11160970824486, 28.024210528258198], [-114.11070551342759, 28.023606739188995], [-114.11057464330437, 28.02403206797879], [-114.11123196908953, 28.024020171047066], [-114.11159781123155, 28.024778624191338], [-114.11269236261569, 28.025412155132667], [-114.1131593322146, 28.02716700803062], [-114.11353112317225, 28.02772320684154], [-114.11306712835062, 28.0282377650539], [-114.11280241305465, 28.02815448414569], [-114.11301061639209, 28.028050382824073], [-114.11296005261666, 28.027812437521767], [-114.11185360284463, 28.028178279585976], [-114.11187895473857, 28.029237317382023], [-114.11135249853547, 28.029805413627354], [-114.11130193616631, 28.030843452773198], [-114.11103722140696, 28.030941606050508], [-114.10991590046778, 28.030685814634445], [-114.10917826748471, 28.030941605958493], [-114.10825554644104, 28.032658494271235], [-114.10781899952843, 28.033002814565247], [-114.10805991987209, 28.032402000640882], [-114.10758105287262, 28.03291655938042], [-114.10750966965739, 28.03308609554146], [-114.10790822936019, 28.03320804356454], [-114.10774166716257, 28.033499526955445], [-114.1068463949912, 28.034067623068957], [-114.10549367123672, 28.034336204956976], [-114.10483694032276, 28.03478235413391], [-114.10398747198116, 28.035760311807856], [-114.10280963861163, 28.036502704484853], [-114.10223856930811, 28.036638333129172], [-114.09941176931123, 28.03695599098772], [-114.09805190704085, 28.036265650178596], [-114.09504486284875, 28.036019673467884], [-114.09374508256998, 28.03547239694611], [-114.09361123754397, 28.036070236954224], [-114.09413769435844, 28.036522333834537], [-114.0940871299786, 28.036730537226113], [-114.0933703169621, 28.03602264789782], [-114.09290929697686, 28.034969736669186], [-114.09310560212786, 28.033330882537175], [-114.09335841970511, 28.0328401192177], [-114.09389082524974, 28.032462379600133], [-114.09370939081872, 28.03217981810198], [-114.0946373800098, 28.031421365297515], [-114.0953988080371, 28.031174495826225], [-114.09671643447153, 28.031338083845537], [-114.09739160662161, 28.032379098150017], [-114.09864082353845, 28.033678879383952], [-114.09896205116758, 28.0337710831524], [-114.09759088612061, 28.031858591128216], [-114.09759386092736, 28.0316503884001], [-114.09769201318403, 28.031754489553588], [-114.09817682898628, 28.031537364323604], [-114.09799242037228, 28.030981165223128], [-114.09744811885487, 28.031141778341297], [-114.09715365955702, 28.031013881834916], [-114.0990602044661, 28.02984497243098], [-114.09975322153016, 28.030439837277665], [-114.10001496241696, 28.030195942875118], [-114.10006552556786, 28.02967246165149], [-114.0995539415633, 28.029116262075718], [-114.09933681610116, 28.027864071409304], [-114.09866164403645, 28.027016387899756], [-114.09876277107374, 28.026540496577333], [-114.10035998382142, 28.026293625848332], [-114.10064551865224, 28.02588911811087], [-114.10028562632905, 28.02609137235947], [-114.09993465495809, 28.025942655879643], [-114.10300415960917, 28.024431698370176], [-114.10356035887682, 28.023581041322238], [-114.10317072245896, 28.02247459221932], [-114.10176386623286, 28.02150198716045], [-114.10171330350393, 28.021272964531153], [-114.10211483657392, 28.02122834898152], [-114.1035484624057, 28.020148668347524], [-114.10414035261981, 28.02061266368537], [-114.10524382767963, 28.022352644246315], [-114.10582084744071, 28.022676846635864], [-114.10642463483109, 28.02248946316197], [-114.10703139800991, 28.022644128417213], [-114.10693621938519, 28.022328849771494], [-114.1064216605216, 28.021965981935214], [-114.10671017119398, 28.02155255065529], [-114.1060944850513, 28.020615638221127], [-114.10341164267973, 28.018801298874404], [-114.1020612985772, 28.018813196439677], [-114.1019631464226, 28.01853658374175], [-114.10236468036766, 28.0183759702508], [-114.10282570094812, 28.018450328574872], [-114.1013950504453, 28.017534236613702], [-114.10112438623486, 28.018129101203535], [-114.10255206266811, 28.01964898234614], [-114.1014536260447, 28.020182750926747], [-114.10094204229162, 28.02020357104054], [-114.1003025625182, 28.01968306452237], [-114.09967795419625, 28.019608706375223], [-114.09977313225768, 28.019876395420066], [-114.10019846053997, 28.019926958834734], [-114.10046912387206, 28.020197621816866], [-114.10037394650176, 28.020890640629258], [-114.10084389002665, 28.02228262526182], [-114.10225074639149, 28.023362305058324], [-114.10230725761322, 28.023954196054696], [-114.10208120891853, 28.02421891145633], [-114.10161424011173, 28.02407911824028], [-114.10025794721489, 28.024882186062683], [-114.0979825881611, 28.02529561781199], [-114.09607604457018, 28.024742393539753], [-114.09466918779732, 28.02474834081903], [-114.09431524298185, 28.024605574426662], [-114.09524918160771, 28.024715624063784], [-114.09474949502608, 28.02445983193362], [-114.09393750389594, 28.024403319937168], [-114.09347350934888, 28.02441521690156], [-114.09253064772582, 28.02488218594895], [-114.08760359175463, 28.02482594659353], [-114.08369734532474, 28.026439693478913], [-114.08363648347915, 28.03148787427783], [-114.08208428132598, 28.03508665822757], [-114.07897887244478, 28.04111095976756], [-114.0726117049757, 28.04648351695711], [-114.06930691410297, 28.045890301255664], [-114.06119767586394, 28.046245924670504], [-114.06244689273682, 28.04828393209619], [-114.0624397553185, 28.049986437523582], [-114.0628430728832, 28.050179172820318], [-114.0626681832329, 28.048612297801785], [-114.06300725554769, 28.049122692263058], [-114.06300368687398, 28.0501149280558], [-114.06332848298759, 28.050907287814244], [-114.06383173878055, 28.05113928545791], [-114.06323211549177, 28.04968305507069], [-114.06380318636354, 28.050411170324917], [-114.06444682989556, 28.05197090683466], [-114.06482754379229, 28.052332585235437], [-114.06609817578756, 28.053060700571887], [-114.06494175798707, 28.051357006323713], [-114.06726411198804, 28.053060699875722], [-114.06912009108365, 28.05380785136319], [-114.07168515011327, 28.05454072517708], [-114.07481652109057, 28.054555002581502], [-114.07710556338925, 28.055121312962847], [-114.07687237530337, 28.055111796395696], [-114.07761952558035, 28.055901777043218], [-114.07759573243098, 28.05650140123665], [-114.07789078480133, 28.056820249490247], [-114.07808590142425, 28.05675838363844], [-114.07790982017276, 28.056425258516477], [-114.07828577456523, 28.055797079947677], [-114.07821439109571, 28.055507880959084], [-114.07753862506529, 28.05473584123963], [-114.07692948253428, 28.05470252782791], [-114.07825246285022, 28.05451217078542], [-114.07913286309436, 28.05536877727187], [-114.07936605105289, 28.056701276112403], [-114.07969917514113, 28.056039785143437], [-114.08146949419655, 28.057467462169658], [-114.08161226249639, 28.05740083751321], [-114.08148853019458, 28.057067713061677], [-114.08274964410275, 28.058438282522058], [-114.08348906173313, 28.058495984652968], [-114.08397090175336, 28.059055157268876], [-114.08435161612346, 28.059162233098565], [-114.08549673153021, 28.060545295472338], [-114.08646636207685, 28.06131564563106], [-114.08677866559447, 28.06130077443385], [-114.08718912350433, 28.062026509379894], [-114.0894555595713, 28.063823002603296], [-114.09007719347862, 28.064156127083077], [-114.09019616664082, 28.063805156053338], [-114.09183204696829, 28.064935400583135], [-114.09176958604601, 28.064548738468], [-114.09042221576877, 28.062796859959587], [-114.0901277581042, 28.06212466176565], [-114.09059175252322, 28.0621395342641], [-114.09225440135181, 28.063388751400893], [-114.09266188394704, 28.06342146850306], [-114.09253993644523, 28.063019934307455], [-114.09317941694977, 28.063299520863083], [-114.09423827700088, 28.064087717483325], [-114.0936047452499, 28.06325788000124], [-114.09646307254467, 28.06543806235859], [-114.09343818270403, 28.06265676895727], [-114.09268270399252, 28.061440270443246], [-114.09250429425026, 28.06153572011755], [-114.0927094725245, 28.061907238943558], [-114.09228117022585, 28.061472987423112], [-114.09163871623544, 28.060565818641088], [-114.0918498934291, 28.0607948409833], [-114.09110822867682, 28.059379884599164], [-114.0913432010518, 28.059269834345884], [-114.09238421464103, 28.059659469876607], [-114.09192914291648, 28.0589188628482], [-114.09405281230333, 28.061054429888294], [-114.09299395224738, 28.059730854618376], [-114.09304748958877, 28.059555369061208], [-114.09337169216411, 28.060156183029502], [-114.09354813404492, 28.0597767744777], [-114.09408113315136, 28.060085152497457], [-114.09284762114801, 28.058716486361508], [-114.09310841008583, 28.058364326476116], [-114.093481509029, 28.058510899938543], [-114.09268201041007, 28.057975998503597], [-114.09248975033401, 28.058099729375346], [-114.09267058950701, 28.058470925163007], [-114.09242122088094, 28.05812828325112], [-114.09244977486473, 28.057930312419966], [-114.09273911692816, 28.057896048241343], [-114.09309889198508, 28.058082597291218], [-114.09460080827581, 28.059302785562814], [-114.09351232272262, 28.05794678990497], [-114.09389303725561, 28.057899200528176], [-114.09412205945745, 28.057598792832493], [-114.0945652352853, 28.057973559204875], [-114.09623383237987, 28.058657654327366], [-114.09831895361309, 28.06042684253238], [-114.09804674334474, 28.059893842769416], [-114.09852644289617, 28.059979503772944], [-114.09727960515713, 28.05862035613301], [-114.09873535931284, 28.059259478921486], [-114.09862114548078, 28.058669372063303], [-114.09919602299037, 28.059149072451536], [-114.09943396946015, 28.0601598668314], [-114.09912368734932, 28.061648458255284], [-114.09915985518305, 28.063531086882595], [-114.09889906643876, 28.064136422269595], [-114.09869538390622, 28.066791900947766], [-114.09927946758383, 28.074209076618413], [-114.10070119563736, 28.074693891584502], [-114.10068037625467, 28.07348334058544], [-114.09971783771066, 28.071953468301185], [-114.09965720773097, 28.070089634014106], [-114.09999628060076, 28.068590574272115], [-114.10055248032685, 28.06815037285361], [-114.10062981177087, 28.067049873012053], [-114.10092129585182, 28.06692197753405], [-114.10110260578827, 28.066963204634213], [-114.10138516647015, 28.068286778938838], [-114.1012632191623, 28.0699167102225], [-114.1017867007626, 28.072968369517], [-114.10182239321618, 28.074169997531566], [-114.10093901764982, 28.08068971995743], [-114.10078256748452, 28.085985209940812], [-114.10123109722223, 28.098616877417477], [-114.10172185967181, 28.099500251017012], [-114.10263497893202, 28.096859050117917], [-114.10242380122064, 28.096296902361534], [-114.10274205394667, 28.096713308564343], [-114.10054886949038, 28.104390418352892], [-114.10055184265104, 28.108144017093544], [-114.10185757203357, 28.111246240395264], [-114.1046028747304, 28.114723226835036], [-114.10607219226821, 28.115856445521217], [-114.10922200447806, 28.1170402272495], [-114.10966220360743, 28.117884936220147], [-114.10988527940032, 28.119443483462053], [-114.10964435796176, 28.1208443915898], [-114.10851113968965, 28.123464772048187], [-114.10705669411243, 28.128690663442914], [-114.10650347030992, 28.12987741918198], [-114.10562009485332, 28.130683462563756], [-114.1028063817105, 28.134740442991948], [-114.10157798588614, 28.13618299112017], [-114.09006139353174, 28.153493570596673], [-114.08327695651634, 28.164346886317226], [-114.07934489713745, 28.171567658420148], [-114.07288049596319, 28.185160924362062], [-114.06773253189776, 28.198591494639068], [-114.06544825035564, 28.207041555275314], [-114.06225424968623, 28.207617679262285], [-114.06069233962815, 28.208357569416204], [-114.05928979984326, 28.208728909347627], [-114.05822222968577, 28.20875553959053], [-114.05770034023598, 28.208210649603586], [-114.05743487995547, 28.205138369471438], [-114.06023714975431, 28.20536070933024], [-114.06119518030724, 28.204351829277567], [-114.05777294993872, 28.202467648923772], [-114.06017927984418, 28.19517079963807], [-114.06278750978497, 28.18984379951047], [-114.0637695396569, 28.184991289371222], [-114.06369622991569, 28.181671319259024], [-114.06331033987736, 28.17795342965615], [-114.06104617012838, 28.171440419049297], [-114.06204335041924, 28.16879888960102], [-114.0650605369379, 28.162206253127724], [-114.06649688478115, 28.155945795473414], [-114.0735806051212, 28.15031352428829], [-114.07703600099458, 28.14570274700643], [-114.07690179160893, 28.138959152900572], [-114.07459855999625, 28.134328843939493], [-114.0746489074403, 28.129522419857537], [-114.07614458134627, 28.11500231578642], [-114.07511762938637, 28.11132697516587], [-114.07199088511301, 28.10870924357152], [-114.07226401161032, 28.102685252619285], [-114.06087722966183, 28.082200479663985], [-114.05797977986624, 28.082175419143162], [-114.06013239954935, 28.085214909141158], [-114.05880230974452, 28.085969889244375], [-114.05565245955793, 28.081163319333285], [-114.05154104973404, 28.080586519206935], [-114.05027002001529, 28.080596229083554], [-114.04814208001083, 28.079946429212423], [-114.0473197198803, 28.080750849555567], [-114.04967486021657, 28.08383741942931], [-114.04849166027964, 28.085089578918375], [-114.04929001976723, 28.08644917902951], [-114.04805097983905, 28.08815170903727], [-114.04506871020867, 28.086592648925965], [-114.04439078050758, 28.08811967959681], [-114.04040723018666, 28.090728569572846], [-114.0483165704235, 28.10427408940503], [-114.04800345013194, 28.109391249042137], [-114.04877511033617, 28.11256704901748], [-114.05402579981413, 28.123316458940813], [-114.05350285022986, 28.13628102954704], [-114.05047327993587, 28.14783094900089], [-114.04245046036725, 28.157979579093627], [-114.0391741097642, 28.16151136895195], [-114.03943466016354, 28.165706819615302], [-114.03897103034272, 28.17074005885363], [-114.04488454997731, 28.175942999587278], [-114.04549331967586, 28.175723509021953], [-114.0460829100109, 28.173174029592328], [-114.05234817025473, 28.17330316908128], [-114.05633938021572, 28.172755629621072], [-114.05607388953983, 28.174444219163206], [-114.0551026795154, 28.175075688949924], [-114.05333330959795, 28.17849730889604], [-114.05157478020107, 28.18064990944201], [-114.05440904987198, 28.18456027945706], [-114.05269361966567, 28.18733610882493], [-114.05010336983952, 28.19047761959626], [-114.04759820048729, 28.18987484930678], [-114.04139854035034, 28.18491242876015], [-114.03684856998318, 28.18079901929071], [-114.03565638039288, 28.181659448790832], [-114.03540297048767, 28.185392459063987], [-114.04378956995033, 28.19060470966717], [-114.04402126016231, 28.191582279466033], [-114.04444379982475, 28.19219171882229], [-114.04559131025091, 28.192713918935173], [-114.04599185967956, 28.19250976907684], [-114.04689688020933, 28.192650889199427], [-114.04738010964593, 28.193020019408653], [-114.05125240047539, 28.201033339612117], [-114.05066534010116, 28.21258033900151], [-114.0521921701136, 28.219069369531844], [-114.05236887964762, 28.223949779513323], [-114.05650214009361, 28.23298008884373], [-114.06036449020432, 28.23835074917101], [-114.06434466004728, 28.24237319894455], [-114.0646611205261, 28.245784599596803], [-114.06099551995129, 28.246816289000865], [-114.05997432009305, 28.246526619261502], [-114.05911382007754, 28.2468047392671], [-114.05908561978293, 28.24741267929021], [-114.05960177026702, 28.247695179461367], [-114.0642505704388, 28.255009979093348], [-114.06700801980469, 28.258734919045487], [-114.06477308022214, 28.26044096900191], [-114.06751696976092, 28.262223718782746], [-114.07234402029773, 28.26158274939651], [-114.07260634991204, 28.260686339312663], [-114.07295414475927, 28.260877556980386], [-114.0733313533397, 28.260584203885465], [-114.07517061670225, 28.26283044637326], [-114.07560486844858, 28.26304757145976], [-114.07661019105468, 28.262976188326036], [-114.07765417849966, 28.26329146591107], [-114.07860001497663, 28.26455852928519], [-114.07882011488856, 28.266851735177237], [-114.07932575151219, 28.267669674469317], [-114.0794358007703, 28.267485266486588], [-114.07976892522474, 28.268517357200107], [-114.07920677766091, 28.26871068967686], [-114.07958749060889, 28.26932339981606], [-114.07953990163601, 28.26982011228237], [-114.07898370336169, 28.270661846745092], [-114.07754115528716, 28.271271584380333], [-114.07686895663538, 28.271334043793452], [-114.07635142353293, 28.271670143214358], [-114.07917108647435, 28.27107230385526], [-114.0796291319828, 28.270727282117917], [-114.08039353378499, 28.2686095625582], [-114.07975107916471, 28.267494189039876], [-114.07926626441395, 28.264154020731183], [-114.07862678388888, 28.262863163166788], [-114.07643173106479, 28.261230258073294], [-114.0753936910486, 28.26078410957443], [-114.0752747176076, 28.2598382733521], [-114.07550671631579, 28.258556339361046], [-114.07517005240433, 28.25768608336316], [-114.07611942709569, 28.258357059049107], [-114.07631573172846, 28.258895411840847], [-114.07713664629325, 28.258169676638367], [-114.07809140521462, 28.258937052785363], [-114.07819848083173, 28.259308843482657], [-114.07846319571291, 28.25929992020038], [-114.07820442981733, 28.25822024061769], [-114.0789807293652, 28.25831244454978], [-114.07959046579298, 28.2576164523617], [-114.07879929472263, 28.256331543497645], [-114.0797689248575, 28.257232764616077], [-114.07993251280186, 28.256905588169868], [-114.07862678365096, 28.255118017859434], [-114.07643768006695, 28.250921242928555], [-114.07543830603038, 28.25048401746225], [-114.07487318397101, 28.249987305247387], [-114.07444785560246, 28.24921695443951], [-114.07397924097579, 28.249074489971807], [-114.0739625081708, 28.248408384612425], [-114.07437653387846, 28.248226355391598], [-114.07403746134852, 28.248875948306768], [-114.07456570100044, 28.248711765588187], [-114.07524027862428, 28.248797426384023], [-114.0767643227665, 28.249746830986137], [-114.07709982696325, 28.249657601097773], [-114.07728542526687, 28.249347081570846], [-114.07719205108673, 28.249931255587253], [-114.0781331470421, 28.250267751529286], [-114.07874970348638, 28.250937755451098], [-114.07940437316562, 28.2512355050737], [-114.0795491227383, 28.25232304290864], [-114.07994173416652, 28.25288340575792], [-114.07937066263408, 28.25359010637203], [-114.07946703108182, 28.253914903540274], [-114.08087329302073, 28.255813712941826], [-114.08153359288748, 28.25615635547012], [-114.08257936648492, 28.25711646705368], [-114.0826221958242, 28.25669530359893], [-114.08214392501073, 28.25570306788462], [-114.08236164521823, 28.255314026027076], [-114.08297197744965, 28.25544251739995], [-114.08240090734431, 28.254892861370553], [-114.08160140821279, 28.253343832031412], [-114.08186195902994, 28.25334740101118], [-114.082907731574, 28.2541183471222], [-114.08312545223404, 28.254064809084564], [-114.08339314156531, 28.253493738546254], [-114.08268287287062, 28.251891170819007], [-114.08218318595594, 28.252408704171845], [-114.08158356235029, 28.252041077275706], [-114.08158514270221, 28.2517312064361], [-114.0825633170644, 28.251460430762123], [-114.0835618000224, 28.250901958620528], [-114.08344668022924, 28.251330808421685], [-114.08306834516824, 28.251391484401896], [-114.08307191511757, 28.251530683315636], [-114.0865625841654, 28.255082028018457], [-114.0871693459532, 28.25433606713746], [-114.08675532036645, 28.25289768295855], [-114.08772970860484, 28.253422354402314], [-114.08831862619444, 28.25289411449089], [-114.08867197604799, 28.252922667659384], [-114.08876834362972, 28.252690670009617], [-114.08842213270896, 28.252162430586775], [-114.08774398598017, 28.251687727343008], [-114.08647692342376, 28.249178585834628], [-114.08771543307837, 28.248885912617794], [-114.08789746054644, 28.24859680684008], [-114.08882545078389, 28.249046525383523], [-114.08908600237733, 28.24862179207361], [-114.08976771836853, 28.24849687029983], [-114.0903102349793, 28.248661053311316], [-114.08998900789567, 28.24873243686723], [-114.09002826863825, 28.249064371596045], [-114.09056721714799, 28.24951765925236], [-114.09077066120234, 28.249503382465466], [-114.09061718521133, 28.249010834628642], [-114.09110973351875, 28.249078648497004], [-114.09224830566662, 28.25016011368333], [-114.09254454859322, 28.250013776648544], [-114.09148449853225, 28.248175643592226], [-114.09045657221657, 28.248040013137622], [-114.0900568218159, 28.24830413392489], [-114.08693734902648, 28.24822918163694], [-114.0857166849688, 28.24838265594882], [-114.08518130725716, 28.24802930655949], [-114.08429257813597, 28.24799361459523], [-114.08452814484944, 28.247540326939], [-114.08398562794811, 28.247743771512912], [-114.08383215167578, 28.248357670861655], [-114.08301913398631, 28.248481107821846], [-114.082754435469, 28.248375424289126], [-114.08264735879374, 28.24805776589614], [-114.08185142950056, 28.247818630180806], [-114.08161943184163, 28.246965594564085], [-114.08201561275575, 28.246430215546845], [-114.08474604445396, 28.245873421063113], [-114.08949663818278, 28.24619107921068], [-114.09132941778023, 28.24593826120969], [-114.09293317549142, 28.24467238845972], [-114.09402696337423, 28.242015841513723], [-114.09487332784036, 28.241672185607822], [-114.0958042915823, 28.24074716994296], [-114.09639320819853, 28.24041999426312], [-114.0981627211537, 28.240341740451502], [-114.09872210627957, 28.23948010745149], [-114.09952814792288, 28.239072624271724], [-114.10025388421867, 28.239325441962194], [-114.10071490414707, 28.239099393158742], [-114.1008725441017, 28.239450364469942], [-114.10191355836416, 28.239560414035573], [-114.10252031999788, 28.238989343548653], [-114.10310923730499, 28.238801960295504], [-114.10391246138487, 28.239070366742542], [-114.10490275619264, 28.23870380851812], [-114.10522695741402, 28.23884062738181], [-114.10546957671528, 28.23937147394897], [-114.10692510657475, 28.240237440807736], [-114.10900137728775, 28.24034563613664], [-114.10945347532481, 28.241374753055258], [-114.11031602914532, 28.241377727054154], [-114.11091981852014, 28.241151678295978], [-114.11142842771709, 28.241243882161505], [-114.11186862783364, 28.24157700722409], [-114.11195190870949, 28.24229976863237], [-114.11268656827907, 28.2429333003864], [-114.11300482050792, 28.24285894146375], [-114.11343312256643, 28.24238007535874], [-114.1144384462459, 28.242448484218347], [-114.11535508011764, 28.24297082934192], [-114.11470820254208, 28.24409595285371], [-114.11567576475944, 28.244036775157035], [-114.11639113854663, 28.245119339469706], [-114.11487142988068, 28.245851428909326], [-114.114715057913, 28.24711817760125], [-114.11525341141555, 28.247713042421836], [-114.1164728853887, 28.24775765692154], [-114.1166010304557, 28.248250629945982], [-114.11572564987529, 28.24862951912191], [-114.11648952801932, 28.250137589150917], [-114.11738474996153, 28.25048720041862], [-114.11684304964973, 28.25175085036624], [-114.11755096577363, 28.252114113503197], [-114.11828470396865, 28.252015637616537], [-114.11895014946946, 28.252254370028414], [-114.11945896752779, 28.252836551409715], [-114.11994437764717, 28.252822274328576], [-114.12041194265993, 28.253114948412136], [-114.1201980542205, 28.253344340458867], [-114.12054804992411, 28.253513319748212], [-114.12128138212802, 28.254785626520523], [-114.12178608076628, 28.25500662027562], [-114.12341757633575, 28.254911841331108], [-114.1236491993368, 28.254421272016046], [-114.12430949978815, 28.254560471273354], [-114.12470514024481, 28.25496355048675], [-114.12410462873734, 28.255745510496563], [-114.1244402987301, 28.25617591506167], [-114.12479847926478, 28.256280821608918], [-114.12495521883562, 28.256836150102185], [-114.12343962948239, 28.25787362888082], [-114.12277207928697, 28.260194650239452], [-114.12149196934344, 28.262072279013818], [-114.12087593664313, 28.263868922243407], [-114.12039766560402, 28.264311502389997], [-114.11943398394533, 28.265878376864947], [-114.11859837967322, 28.26782374885931], [-114.11269493749667, 28.278620553153115], [-114.10244243059492, 28.299016550139356], [-114.10118010968529, 28.301695889073702], [-114.10057868869828, 28.303817950244486], [-114.09887296977931, 28.306547970049433], [-114.09485451912101, 28.315444179200217], [-114.09335884995106, 28.317938049306054], [-114.09091341916154, 28.322847139725216], [-114.09003404970521, 28.325173679733123], [-114.08120206042683, 28.344345599787523], [-114.07251791417943, 28.365497395878947], [-114.06938360785432, 28.374616744173395], [-114.0675609410589, 28.378490506424523], [-114.0672040215757, 28.379718308630377], [-114.06402506196918, 28.387008976615455], [-114.06074140579278, 28.395970027516295], [-114.05740064158908, 28.406020870610032], [-114.0552067788705, 28.413706529658487], [-114.05390283450163, 28.416971149149447], [-114.04986726866409, 28.431509656255496], [-114.04732838407759, 28.44275142025333], [-114.04676445218465, 28.447237893271538], [-114.04618981161735, 28.449979032916666], [-114.04524754533466, 28.45785980680773], [-114.04523683752893, 28.461675273579036], [-114.04552594173816, 28.463656173830074], [-114.04606607975194, 28.465547846111185], [-114.04725105126639, 28.467932066005424], [-114.04843245393926, 28.469527494095352], [-114.04956031806633, 28.471940267911656], [-114.05047760146239, 28.473000318471232], [-114.05138060600905, 28.47372129453267], [-114.05648098062319, 28.476576648015843], [-114.05820133135848, 28.477833003582642], [-114.059157874521, 28.47873243935311], [-114.0619989508291, 28.482708519169915], [-114.06313752333077, 28.48386850616561], [-114.06481504338511, 28.484732250199382], [-114.06580013950844, 28.485620979360636], [-114.06699224963059, 28.485717346903247], [-114.06833748874908, 28.48671322941877], [-114.06921601986859, 28.48853561933853], [-114.06905788856392, 28.492247449544458], [-114.06960846710744, 28.4949901075249], [-114.0697012661562, 28.498077457167913], [-114.068975568733, 28.5015654598515], [-114.06861266346239, 28.506387171451138], [-114.06869832316328, 28.51052322841754], [-114.06918373338749, 28.514085281633328], [-114.06964415936675, 28.514688474878053], [-114.07130621201038, 28.51515901354326], [-114.071207970099, 28.51533694478166], [-114.07146325684154, 28.515853816466723], [-114.07351197266019, 28.51762413535113], [-114.07461366316763, 28.519282619384025], [-114.07656006231723, 28.519820377166152], [-114.07791159604226, 28.52085068463945], [-114.07896331755617, 28.521293262956213], [-114.07953676778193, 28.521835781274515], [-114.08090019853606, 28.52201662058499], [-114.08381384925796, 28.52175487880295], [-114.08658116175819, 28.522785185941213], [-114.08641198230822, 28.523256770783114], [-114.08757339821823, 28.525809479941206], [-114.08752135895273, 28.528404065680405], [-114.08807479583328, 28.529169487049767], [-114.08778684186953, 28.52954935834327], [-114.09040184538657, 28.53617338825053], [-114.09070238865358, 28.536532818838275], [-114.09088025998841, 28.537664059401564], [-114.09347951975172, 28.54223525918708], [-114.09635479847, 28.54612888782189], [-114.10366175957392, 28.55142744582958], [-114.10565254189682, 28.55233928094751], [-114.10655244566021, 28.553139763037713], [-114.10789576019094, 28.553504125836717], [-114.11081119298441, 28.555926534952743], [-114.11308359890835, 28.556914984664154], [-114.11461869738099, 28.55803633961558], [-114.11649422034276, 28.559036199781815], [-114.11997927745041, 28.55999162854028], [-114.1211856640058, 28.56004516479297], [-114.12301203608104, 28.56108766492097], [-114.12416365702802, 28.56141327124727], [-114.12699630768444, 28.561797638267514], [-114.12870951960305, 28.562340156070256], [-114.13333625618753, 28.563271716124195], [-114.1338348793873, 28.5631111011083], [-114.13535892294797, 28.563203900052244], [-114.13711139616709, 28.563036148158503], [-114.14270075001082, 28.560434206999588], [-114.14549899604387, 28.55957760140103], [-114.14633061801733, 28.559445541512524], [-114.14732642238903, 28.55975249182635], [-114.14842573346756, 28.55943840282944], [-114.14956430580656, 28.559527633112097], [-114.15057795627483, 28.559995197081985], [-114.1530339369996, 28.562353967609962], [-114.15602838382758, 28.564736359682566], [-114.15833945957739, 28.566243824430096], [-114.15943698666061, 28.568899897890898], [-114.16039174572548, 28.56875415591802], [-114.16131973540755, 28.569200304919576], [-114.16144168288079, 28.56974460634346], [-114.1606832300599, 28.572332270174883], [-114.15766515626295, 28.581132048524008], [-114.15645998370482, 28.585518484851594], [-114.15578183653712, 28.59459493885814], [-114.15531427327626, 28.597482414845423], [-114.15515365887097, 28.608564755071118], [-114.15549273307997, 28.614150539958327], [-114.15659055717053, 28.620798917345997], [-114.15822546908052, 28.624599368081082], [-114.15907709283623, 28.625587581913532], [-114.15914693719547, 28.627081713807843], [-114.16139974003221, 28.634153829636226], [-114.16394878029911, 28.640554490218655], [-114.16987342021459, 28.645735689793405], [-114.1726519179523, 28.64912045116381], [-114.17629425371175, 28.65249490950903], [-114.17878820662925, 28.654170864728634], [-114.18377684954692, 28.657087890199058], [-114.1984393196775, 28.660679879829257], [-114.20186074871754, 28.660742090530118], [-114.20368618440213, 28.66063016963069], [-114.20389126659738, 28.660473454232786], [-114.20704702690756, 28.66144308550743], [-114.20928966906193, 28.661689954417387], [-114.2098845337412, 28.662085538985586], [-114.21195466578595, 28.66275476314337], [-114.21314072008005, 28.662907770137544], [-114.21365003116544, 28.662945119818705], [-114.21438888186907, 28.66214321584362], [-114.21421686300276, 28.662578717697084], [-114.21461777329039, 28.662732912967662], [-114.21516991194028, 28.662546560502253], [-114.21526509053072, 28.662823172264126], [-114.21564877852572, 28.663016502885576], [-114.2177278325554, 28.663870135669928], [-114.21815910988369, 28.66382849420202], [-114.22121969223777, 28.665387041538377], [-114.22465503926544, 28.666609490361967], [-114.22533021096166, 28.666591644413256], [-114.22596374230275, 28.665500066003986], [-114.2264069164931, 28.66525022207508], [-114.23132697928594, 28.666664659183127], [-114.23616270650218, 28.66695451115024], [-114.23757848653128, 28.6667373865318], [-114.23909241832826, 28.666169289255198], [-114.23897047126113, 28.665428681895694], [-114.23946718286051, 28.664688074901413], [-114.23960400198806, 28.664821918807398], [-114.23915571111604, 28.66545124182738], [-114.23929134060826, 28.665858129192795], [-114.24016802885323, 28.666254140478205], [-114.24063587886212, 28.665503919077185], [-114.24054693862267, 28.665371259643635], [-114.24111371954767, 28.665359448840462], [-114.24115499941169, 28.665180860017067], [-114.24099083012106, 28.664816429628267], [-114.23952211969994, 28.66419682967604], [-114.23949097822364, 28.6639831589194], [-114.24022563653638, 28.664253823164895], [-114.2421619226582, 28.663727367233015], [-114.2432683718928, 28.66328121785121], [-114.24525819702862, 28.66207661597265], [-114.24646577299052, 28.660732220971948], [-114.24762873539628, 28.65863532073141], [-114.24736996762314, 28.657784664048258], [-114.24663530985659, 28.656663342981606], [-114.24673346250808, 28.655732378497614], [-114.24636748846493, 28.654822956748426], [-114.24589470176818, 28.653989423653194], [-114.24511245475493, 28.653195278592264], [-114.24541286250538, 28.652906768111468], [-114.24624916056685, 28.65328282958195], [-114.24692346162583, 28.653335785339674], [-114.24740827829102, 28.653802754583023], [-114.24714941902816, 28.653926327685458], [-114.24775378930597, 28.65428354449228], [-114.24820242340354, 28.65422510872766], [-114.25074097033874, 28.655541026304473], [-114.25093582934488, 28.655875860035838], [-114.250743618323, 28.656050639322835], [-114.2526430915712, 28.656766639516956], [-114.25459160035207, 28.65832477032329], [-114.25510462529098, 28.65933172548516], [-114.25518691054563, 28.660094480028583], [-114.2562794841021, 28.660003923169384], [-114.2570498352526, 28.660521455461286], [-114.25714203889382, 28.660699915341496], [-114.25683477996374, 28.66088024167927], [-114.25669152203892, 28.661297289628124], [-114.25747218854008, 28.66143159961315], [-114.25753464963563, 28.66185097907494], [-114.2587689698936, 28.66286328879204], [-114.25847965970019, 28.66373037879846], [-114.25898171942963, 28.663960600492988], [-114.25955408881966, 28.663990730396897], [-114.25969995929752, 28.66299906875473], [-114.25997359665068, 28.6625439973694], [-114.26067851278255, 28.662448819583435], [-114.26090753587192, 28.661901543180488], [-114.2614012735462, 28.66168441724986], [-114.26171867791011, 28.661811835599405], [-114.2631709977417, 28.661184730267113], [-114.2639502712099, 28.661101448750795], [-114.26437560040628, 28.66131559993571], [-114.26431908815313, 28.66168441725692], [-114.26476226240564, 28.661779595480443], [-114.266987058869, 28.660554173360026], [-114.26788530497939, 28.660518480880675], [-114.26877760339379, 28.659986077205133], [-114.26922672630299, 28.66003366624485], [-114.26984836021649, 28.66051550676711], [-114.26965800397474, 28.660798068510495], [-114.27007440879729, 28.660747504144258], [-114.27050866146901, 28.661047911512547], [-114.27038802967539, 28.66154903418233], [-114.270764453217, 28.66156841835362], [-114.27084178492355, 28.66173497997126], [-114.27048030526267, 28.662215396891156], [-114.27061143022569, 28.66255849350539], [-114.271303330737, 28.66253237992639], [-114.27149368827298, 28.662725711417107], [-114.27156209743806, 28.66313914232262], [-114.27131225405782, 28.66316591085006], [-114.2708780018411, 28.66415933652306], [-114.27166024983082, 28.664290207524846], [-114.27174353082196, 28.664599536926275], [-114.27134870250968, 28.665101382888462], [-114.27133604826616, 28.66542639909781], [-114.27053595516095, 28.665723831904135], [-114.27133902313778, 28.6691651268159], [-114.26992026928644, 28.67495614114436], [-114.26969719524372, 28.67901609597423], [-114.26979237282937, 28.683864248101287], [-114.27061328657342, 28.690476175113137], [-114.27150855881477, 28.69234702614686], [-114.27168999315455, 28.692465999084156], [-114.27233461902507, 28.692348969933455], [-114.27317322936818, 28.692642399409426], [-114.27304926034066, 28.69319173535365], [-114.27323366941498, 28.693373169514285], [-114.2735467440703, 28.693474069323923], [-114.27520862061047, 28.692813995328258], [-114.27581614019977, 28.693062819356843], [-114.27557758962014, 28.694670769293918], [-114.27572912790386, 28.694806793920936], [-114.27612768748384, 28.694916843813033], [-114.27668388691437, 28.694524233045637], [-114.27795689865937, 28.69474433308754], [-114.27901228919065, 28.695328200161658], [-114.27895329822084, 28.69624934176112], [-114.27849227746752, 28.69662708212575], [-114.27884622193388, 28.697834657793962], [-114.28117512049155, 28.701921382194232], [-114.28282587074922, 28.703937976458725], [-114.28448554473275, 28.705181244526475], [-114.28627311456245, 28.70610031161963], [-114.28714161761684, 28.7063085140233], [-114.28861985807922, 28.70597241531602], [-114.288857403558, 28.705442250209728], [-114.2888773497975, 28.70458536953257], [-114.29051747799826, 28.70389336133668], [-114.29102014043424, 28.703860643526564], [-114.29279128662866, 28.70432899308681], [-114.29281663306483, 28.70414617827125], [-114.2936659397745, 28.704518404234715], [-114.29425327846481, 28.70369950911625], [-114.2958856493378, 28.703944539361046], [-114.29684744863769, 28.70500086298071], [-114.29701638129099, 28.704908200855392], [-114.29728385914977, 28.705157061310203], [-114.2978254573888, 28.70614512633739], [-114.2981466252001, 28.706160392118402], [-114.29888598926644, 28.70707972889258], [-114.29930661316207, 28.706713617256145], [-114.29986118667779, 28.70689582629765], [-114.30048993672021, 28.70630737363433], [-114.30011832182996, 28.705594935049646], [-114.30088176976598, 28.705940648885168], [-114.30155725413573, 28.705615425124584], [-114.30302230902305, 28.70686588946932], [-114.30248720981845, 28.707114112561914], [-114.3015191495206, 28.706824459541934], [-114.30110905449172, 28.70742150697265], [-114.30109120778042, 28.707668376096574], [-114.30170391905014, 28.708072883905334], [-114.30197458250163, 28.708709389891208], [-114.30154316484837, 28.709201965681096], [-114.30148664878071, 28.71100071919014], [-114.30524705924749, 28.71313236897978], [-114.30447524904046, 28.714216550493774], [-114.30510048899487, 28.71536262938157], [-114.3058225984304, 28.71743094890322], [-114.30732168973972, 28.720124088791135], [-114.3099206601897, 28.722921259836202], [-114.31109354868697, 28.722974079659178], [-114.3122183392497, 28.723777379231173], [-114.31487458013726, 28.726240549198558], [-114.31595159963418, 28.72691137571007], [-114.31719487457555, 28.72691383386883], [-114.31773531951386, 28.727139709699397], [-114.31798208974325, 28.727621090258566], [-114.3186653815827, 28.72704589438701], [-114.3192803400879, 28.7270298289586], [-114.32138196946379, 28.72786607922531], [-114.32268896910354, 28.728684200041602], [-114.32364797292747, 28.72829511076051], [-114.32627475689523, 28.7293883982101], [-114.32683883018483, 28.728976826900475], [-114.32709581233654, 28.72910174951637], [-114.32745203362053, 28.728958740784954], [-114.32755980725865, 28.72858778538291], [-114.32790244953875, 28.728441448534173], [-114.32827007588538, 28.728420032775023], [-114.32921112577527, 28.728865083934224], [-114.32961566126362, 28.728694861638274], [-114.33000470255902, 28.7297584805714], [-114.33067571099049, 28.730029738209662], [-114.33063763977253, 28.730168700395293], [-114.33214234160815, 28.73060326086872], [-114.33248886022196, 28.730325981348386], [-114.33306706930682, 28.730272443159368], [-114.33361315556408, 28.730433056803182], [-114.33384872177461, 28.73080782180227], [-114.33430200962373, 28.730750715539997], [-114.33475172793544, 28.731250402472853], [-114.33642924810454, 28.7315216599862], [-114.33733225335044, 28.730950590484], [-114.33779270418971, 28.731384764660163], [-114.33813122887705, 28.731340769394343], [-114.33805526284898, 28.731529385542782], [-114.33977219872656, 28.73156274946769], [-114.33978363817766, 28.731742658457506], [-114.34073924944083, 28.732161274087993], [-114.34150802743113, 28.731838838519888], [-114.34215423129912, 28.732203376522456], [-114.34294659048321, 28.731871440935258], [-114.3432071416792, 28.7314360003164], [-114.34357833767179, 28.731264679418047], [-114.34478159647492, 28.731160557809773], [-114.34522373612909, 28.73076142314277], [-114.34597326559361, 28.730483026651804], [-114.3471867906739, 28.730893482965957], [-114.3469502806012, 28.731634880283366], [-114.34585187928555, 28.731538090189222], [-114.34589999977185, 28.732099999946545], [-114.3468085396072, 28.732563650133066], [-114.34648794260896, 28.732811721797543], [-114.34584970470998, 28.732660731956006], [-114.34549999939941, 28.73279999978199], [-114.34599040009051, 28.733429168893036], [-114.3459309315323, 28.73396546556989], [-114.34639999997496, 28.73420000027873], [-114.34639999890669, 28.73469999889476], [-114.34584686044717, 28.73478657885218], [-114.3455892605038, 28.734512420266565], [-114.34565227984135, 28.734929110385412], [-114.34528384984108, 28.7349179394896], [-114.34808147976389, 28.73707971996092], [-114.34760994674842, 28.737740228104325], [-114.34530000036655, 28.73749999878667], [-114.3446999992375, 28.738000000195953], [-114.34497507583907, 28.738412616837085], [-114.34587888857106, 28.7388716622168], [-114.34621439335035, 28.739606914911967], [-114.34599999906908, 28.740199998889892], [-114.34397788082953, 28.740448847512347], [-114.34339116325962, 28.747037971817356], [-114.34324839467723, 28.753052060495506], [-114.34338045490506, 28.755282804152987], [-114.34395152571855, 28.757659886348033], [-114.34437625980615, 28.757513549307003], [-114.34515077406382, 28.75764203989462], [-114.34538634107481, 28.757452873046148], [-114.34664626565926, 28.75790972936256], [-114.34728515085688, 28.75765631717425], [-114.34758496257568, 28.75774197745331], [-114.34837975037547, 28.758656150091657], [-114.34741364152688, 28.759701464512503], [-114.34808231886564, 28.76005554895343], [-114.34839119306349, 28.76062401588632], [-114.3491197150997, 28.760558069801718], [-114.35026542639592, 28.761161263446926], [-114.35077634002683, 28.76170131997361], [-114.34948157990621, 28.761962719730267], [-114.3499703803235, 28.762488289336186], [-114.34933897394924, 28.76337709939308], [-114.35113772007412, 28.764046969781603], [-114.35084402735477, 28.764698259782975], [-114.35170381009779, 28.76498565175084], [-114.35116965781428, 28.765230357936588], [-114.35149377979545, 28.76534278009213], [-114.350926058508, 28.765597749202783], [-114.35015314049967, 28.76543051905085], [-114.3500655512649, 28.765738751474064], [-114.35074369813864, 28.765963609837655], [-114.350596119578, 28.766693709894767], [-114.34954216930109, 28.767395309999177], [-114.34896881266829, 28.767480906338484], [-114.34828809389157, 28.768465613264645], [-114.3481239117582, 28.7702429700553], [-114.34862042014092, 28.772312078997878], [-114.3495087566959, 28.77233104856113], [-114.34972647762724, 28.772641566783008], [-114.35029754878582, 28.772855719122855], [-114.35024044236069, 28.773034178153132], [-114.34938095309428, 28.773170763807833], [-114.34946671990558, 28.773952479217126], [-114.35033511948824, 28.77472128056318], [-114.35136830549337, 28.774633175921068], [-114.35406661452105, 28.776060853198718], [-114.35464125511481, 28.7762071897534], [-114.35499817438102, 28.77606799084267], [-114.35524087907498, 28.776396356792407], [-114.35510245390728, 28.77688022063032], [-114.35540090960153, 28.777045932636764], [-114.35630806742546, 28.776885336223398], [-114.35719322745126, 28.777413575973387], [-114.35765722096392, 28.7774064379248], [-114.35844958163203, 28.77874131641167], [-114.35978088973688, 28.779883456983], [-114.35928128360288, 28.78075461657936], [-114.35952747847652, 28.78069009445073], [-114.36014494785128, 28.781071998521174], [-114.36019491696888, 28.781361101795895], [-114.35998790397664, 28.781436055279855], [-114.35984008787838, 28.781275008343854], [-114.359927561669, 28.781872459895137], [-114.36030199207066, 28.782178446995424], [-114.36001817019935, 28.782491320144462], [-114.36081238733415, 28.782828040054056], [-114.35980465244695, 28.78319232914538], [-114.36058395797859, 28.78333843430597], [-114.3607766950574, 28.783777445278574], [-114.36059823543265, 28.784159348156425], [-114.36128708891971, 28.784416330650686], [-114.36161545486098, 28.784898170891083], [-114.36043462919899, 28.786048630425835], [-114.36080881760738, 28.786543568669963], [-114.36079820802314, 28.787016212760552], [-114.36141914911147, 28.78737519006802], [-114.36141558014968, 28.787589341251234], [-114.36090161688634, 28.78793555357088], [-114.36127281203449, 28.78867080612276], [-114.36174438052821, 28.78896662045539], [-114.3614120109619, 28.789723718508633], [-114.36159404043529, 28.79051607832175], [-114.36115740057889, 28.790775630414927], [-114.35980944414472, 28.79070167663444], [-114.35974519771304, 28.79098007341493], [-114.36074457181779, 28.794463603773778], [-114.36299366909219, 28.79895641488092], [-114.36502448072017, 28.80193494039], [-114.36970044692697, 28.807350286555554], [-114.37091397185057, 28.809042678336226], [-114.37311794699433, 28.811365626919674], [-114.37431065238997, 28.812260899229358], [-114.37632427122752, 28.813200786619696], [-114.37798989361505, 28.813397092072368], [-114.3789862931906, 28.81318294000446], [-114.38022361308748, 28.812159772355248], [-114.3803485352251, 28.811779058052956], [-114.38019684435938, 28.811347781512623], [-114.38139444858511, 28.811114829736482], [-114.38316197958797, 28.811073648786095], [-114.38306112039727, 28.809976615951044], [-114.38333778968698, 28.809893039467298], [-114.38558136218245, 28.807492419742683], [-114.38572016828562, 28.80662752499869], [-114.38620498251535, 28.806565064116555], [-114.38774270976182, 28.80720454459483], [-114.38827808773792, 28.807731000109587], [-114.38957489531947, 28.80845376119934], [-114.39012217053472, 28.809372828408996], [-114.38952135726252, 28.809090266744818], [-114.3893369489435, 28.809188419972646], [-114.39143979686071, 28.811086040159577], [-114.39189486929624, 28.812017004582195], [-114.39246296548386, 28.812522640072718], [-114.39306972793686, 28.812662433612882], [-114.39424756105775, 28.813649908991724], [-114.39481743112222, 28.814525581837632], [-114.39536293413538, 28.814768256176727], [-114.39686794350229, 28.81619890737318], [-114.3969125578429, 28.816341675289795], [-114.39649615173276, 28.816505263525894], [-114.39706722301693, 28.816841360854568], [-114.39720341802952, 28.817710968506876], [-114.39812608322805, 28.818337446798363], [-114.3980368531827, 28.818700314850005], [-114.39780188120696, 28.818768725157042], [-114.3979505974565, 28.819357640814026], [-114.39765917366086, 28.819585912909325], [-114.39785585155536, 28.820002803762844], [-114.39847705320024, 28.820154760807235], [-114.39861089829073, 28.820684191268853], [-114.39922360905766, 28.82101136734779], [-114.39928904364581, 28.82140992758271], [-114.39905320232761, 28.82158975634376], [-114.39925208951027, 28.821827449727945], [-114.39918781648139, 28.822143959664707], [-114.39953293877313, 28.822501503849033], [-114.39945263244289, 28.823072574749894], [-114.39899925978077, 28.822899355664102], [-114.39877797970087, 28.823330613947967], [-114.39897971407431, 28.823622825255587], [-114.39852761675982, 28.82384887404493], [-114.39805172425048, 28.823795336088757], [-114.39801008351256, 28.824045180112652], [-114.39729922040928, 28.824009487808166], [-114.39777213827679, 28.828771384517225], [-114.39867633342449, 28.833286411355683], [-114.40062095213298, 28.833838963560094], [-114.401495993938, 28.833789072316776], [-114.40273331447324, 28.83436014333977], [-114.40358694616242, 28.834452347355217], [-114.40415801613608, 28.83490741885551], [-114.40429701959953, 28.836163697979053], [-114.4053804641397, 28.837209548205468], [-114.40477667568655, 28.8371232920208], [-114.40455657632458, 28.837483186106795], [-114.403360897516, 28.837379084570948], [-114.40299802886854, 28.837724105984243], [-114.40289987563625, 28.838393329549184], [-114.40305751585788, 28.841917906633306], [-114.4039260383302, 28.842291217513893], [-114.40471719002288, 28.844181368527142], [-114.4046790878132, 28.844724690999215], [-114.4038665316548, 28.845052846363075], [-114.40337576781948, 28.844972539218865], [-114.40333115415835, 28.845278895321773], [-114.40416099054681, 28.85175697698569], [-114.40626383882274, 28.862559730123028], [-114.40768259328426, 28.865890976269668], [-114.40955047014221, 28.869219247091934], [-114.41259320644009, 28.87319889531569], [-114.41383350007456, 28.875179796759195], [-114.41502322953754, 28.876271374559224], [-114.41613562825624, 28.87778530606304], [-114.41695059347533, 28.87854673399994], [-114.41692679948859, 28.87888580698232], [-114.417447305617, 28.879516364230646], [-114.41815222063023, 28.87990302707476], [-114.41834555314071, 28.880369996067387], [-114.41922297953163, 28.881083834593667], [-114.42139126256909, 28.880816145180322], [-114.4221913555201, 28.881717365839993], [-114.42493071054929, 28.88271376549116], [-114.424950143363, 28.883140329680494], [-114.42527317278149, 28.88351942131542], [-114.42651602686618, 28.88392729019945], [-114.42771765478072, 28.883228323611586], [-114.4288597956428, 28.88296658315911], [-114.42938625243272, 28.882490691166723], [-114.43049864959046, 28.882130797440123], [-114.4311440774936, 28.882169462854538], [-114.4330268269018, 28.881351524544268], [-114.4333004644897, 28.880628761921038], [-114.43377829667082, 28.88040271449372], [-114.43426712091554, 28.879784053918936], [-114.43481199209843, 28.87989257771611], [-114.43527039821187, 28.879623736482888], [-114.43565323033981, 28.879048470235958], [-114.43553120978366, 28.878514016580958], [-114.43622619741255, 28.876145070198934], [-114.4372087302408, 28.87575086734214], [-114.43780954353228, 28.875834148254466], [-114.4380296439493, 28.876437936939265], [-114.43772031378099, 28.876782958514454], [-114.43782738990645, 28.877014956051244], [-114.43753915581141, 28.87804289739191], [-114.4378511842147, 28.878151148999383], [-114.43787906281877, 28.87854193063623], [-114.43891896721652, 28.878900678844545], [-114.43821107773391, 28.879935744630686], [-114.43731283134034, 28.88078045357206], [-114.44042397611508, 28.889548767094507], [-114.4452293913015, 28.899835370627713], [-114.44807879553109, 28.904499114469097], [-114.44972954662009, 28.906548425417792], [-114.45114532621791, 28.907860103538823], [-114.45295669130613, 28.908957628761197], [-114.45464908194279, 28.908196202191075], [-114.45601132355999, 28.908811886917555], [-114.45635337099544, 28.908737529652456], [-114.45705828624698, 28.909186651758887], [-114.45867334638373, 28.909228293413705], [-114.45947252891014, 28.908688645669088], [-114.45955409547926, 28.907378087113837], [-114.46123894975962, 28.907349901245386], [-114.46185919931084, 28.908639201558525], [-114.4614457679017, 28.909168631045254], [-114.46176104609576, 28.909885443918164], [-114.46543731302447, 28.913600377263517], [-114.47030925965247, 28.918106482138636], [-114.48050525036574, 28.926684439047992], [-114.48510355928696, 28.929908607831123], [-114.48879172327551, 28.932044173819307], [-114.49079344460065, 28.932424888448498], [-114.4923222482428, 28.932255352423077], [-114.49367556692975, 28.932368376047023], [-114.4943180213235, 28.932070943125986], [-114.49711091442674, 28.931996584747164], [-114.4974499865083, 28.93229401834271], [-114.49750054952997, 28.932624168421377], [-114.49790803324441, 28.93284724327167], [-114.49977590983774, 28.932972164494405], [-114.50048974815375, 28.933412364889417], [-114.50082287264598, 28.933358827194485], [-114.50147722548923, 28.93362949043286], [-114.50181927219526, 28.934161895243495], [-114.50356817582265, 28.934688350968035], [-114.50553123085052, 28.934944143185668], [-114.50756864473951, 28.934700247936835], [-114.50984697898242, 28.933885281903827], [-114.51032287086294, 28.933275546639635], [-114.51091670234015, 28.93079658602493], [-114.5113533682955, 28.930028222412407], [-114.51215865051532, 28.930229049525916], [-114.51225189244536, 28.931262643351516], [-114.51262977589201, 28.931501969025568], [-114.5152875583672, 28.932379499094797], [-114.51814267991584, 28.932816164829756], [-114.52221962637238, 28.932732191328782], [-114.52587670101852, 28.93187985285121], [-114.5279760557273, 28.93086376523104], [-114.52802267523056, 28.930119421332073], [-114.52780211133663, 28.92963104655821], [-114.52894127727853, 28.92886366886553], [-114.52951234820902, 28.92784050152868], [-114.52955993701616, 28.926710256813056], [-114.52775749560665, 28.924848329224243], [-114.52761175363854, 28.923447420983745], [-114.52768313734376, 28.923236244585404], [-114.52849970317537, 28.922810003437675], [-114.52899481487414, 28.92217143548709], [-114.52951829695209, 28.922275537552913], [-114.53037428918093, 28.921701469362727], [-114.53099762918895, 28.920575950207464], [-114.53072587265748, 28.918117429606305], [-114.53100843441698, 28.917754561287516], [-114.53183827119484, 28.91887588210277], [-114.53228956962661, 28.920606621156033], [-114.53318861540103, 28.92172826099659], [-114.5324271881131, 28.922442098908114], [-114.53276626110281, 28.922843633256097], [-114.53377455795423, 28.923381985855293], [-114.53373886640962, 28.924301052829165], [-114.53401845250298, 28.92471745941299], [-114.53481854598363, 28.925056532631228], [-114.53629083775827, 28.926528823033426], [-114.53640534856129, 28.927810757809464], [-114.5369645230347, 28.92816767709216], [-114.53707754654334, 28.92788214201093], [-114.53750287576945, 28.928072498855496], [-114.53709836738247, 28.92831341914701], [-114.53881752821992, 28.929470431939773], [-114.53886809094512, 28.929601302381382], [-114.53850224883296, 28.92978868547514], [-114.53863906773758, 28.929928477818375], [-114.53991802863575, 28.929863042945154], [-114.54015597514056, 28.930062323636587], [-114.54096499131064, 28.930062322977815], [-114.54137842309042, 28.930279448748337], [-114.54138139655309, 28.93064826541111], [-114.54183944353129, 28.931445385468688], [-114.54193164732754, 28.932578603123886], [-114.54216067097352, 28.932846292650705], [-114.54417726349979, 28.93306936732208], [-114.54556627423354, 28.934273969050274], [-114.54553355577916, 28.935297137329886], [-114.54597673116078, 28.935582672232425], [-114.54596780788602, 28.936293536483515], [-114.54563765801238, 28.93596041227653], [-114.54548299307422, 28.936793223240922], [-114.54525991778522, 28.936950862086746], [-114.5448554097121, 28.936837838402248], [-114.54443602956638, 28.93627568996026], [-114.54368352548703, 28.93679322303579], [-114.54331470947703, 28.938078132082243], [-114.54346342535563, 28.93948796274548], [-114.54559006936252, 28.947836897585702], [-114.54867147064785, 28.95554932483612], [-114.55224066172434, 28.96026363266065], [-114.56251695906941, 28.970361469616503], [-114.56452676873734, 28.97168245984014], [-114.5692451996837, 28.973979070304253], [-114.5729631065107, 28.97497844399498], [-114.57647281245642, 28.97511526283085], [-114.57897422057783, 28.974663165247375], [-114.5814280396199, 28.97355671625555], [-114.58253151531979, 28.97264062302892], [-114.58464031212532, 28.969835833773004], [-114.58486131625851, 28.96866679165124], [-114.58248637500361, 28.96700816791375], [-114.58152995159756, 28.965902482492922], [-114.5814139543291, 28.965271925063483], [-114.58214563778581, 28.965590178093663], [-114.58309165979558, 28.966416991225806], [-114.58432238252703, 28.966807194319944], [-114.58498909355373, 28.96661929563222], [-114.58554231938321, 28.9671784685782], [-114.58592839479311, 28.966448763014938], [-114.58646061860807, 28.966272288825543], [-114.58739061098856, 28.966297498754503], [-114.58744663483378, 28.966602828172533], [-114.58709368578967, 28.966759694668042], [-114.5872729612715, 28.967143455753167], [-114.58906291615445, 28.968650491394424], [-114.59111542036142, 28.969752552058797], [-114.59145746795927, 28.96956219602128], [-114.59210587098742, 28.969761474922418], [-114.59240330406416, 28.97057049184349], [-114.59118680353107, 28.971245664515347], [-114.59171623419782, 28.972366985560384], [-114.59132659780099, 28.97289046732584], [-114.5914957274448, 28.973525905718706], [-114.59198392439025, 28.973681637213996], [-114.59259663454364, 28.973616202086742], [-114.59269478794742, 28.973354461885187], [-114.5930546814784, 28.973494254875895], [-114.59339375404832, 28.973785739319545], [-114.59345778665407, 28.974430768232725], [-114.59386964747657, 28.97485054806072], [-114.59499394249282, 28.97514500599227], [-114.5951515811508, 28.974785112816406], [-114.59635320948591, 28.975014136584623], [-114.5966714618723, 28.975174749058368], [-114.59691833145061, 28.975778536755016], [-114.59783144880952, 28.97514500622437], [-114.59845605800942, 28.97563279522223], [-114.59815862501627, 28.97629904532779], [-114.5977065272348, 28.976221712416372], [-114.59725740448772, 28.97585884455566], [-114.59706407342848, 28.97592725391461], [-114.59727822519162, 28.976608374157088], [-114.59668335936631, 28.977280572244972], [-114.59695104867556, 28.977729695376947], [-114.59776898804233, 28.977982513078324], [-114.59806642055673, 28.97859225020697], [-114.59810191583895, 28.979358032446246], [-114.59861072320133, 28.97978198082855], [-114.59869400444026, 28.98098360849771], [-114.59822405998834, 28.98095981391793], [-114.59777493741404, 28.98140298799892], [-114.59836682772625, 28.981504115995513], [-114.59959522481039, 28.982408311013526], [-114.60000865574773, 28.98327978838057], [-114.59993132391021, 28.98448439048641], [-114.60138874336516, 28.986274935398516], [-114.60070451389495, 28.986931686587994], [-114.60080280140636, 28.987214821797778], [-114.60009491098225, 28.987919736897172], [-114.60000270707664, 28.988214196647025], [-114.60033880557579, 28.988223118922193], [-114.6004845476624, 28.988675215927756], [-114.59993727242593, 28.988687112846236], [-114.59978558162054, 28.98894290548106], [-114.6000265017129, 28.989225465929614], [-114.6010199266624, 28.98930874861791], [-114.60222155546872, 28.991488929493535], [-114.6022661701168, 28.99200348698166], [-114.60124597630414, 28.9922087162332], [-114.60016269002747, 28.991977013339827], [-114.59969612441787, 28.99205530310989], [-114.59939797049785, 28.99337931981801], [-114.59943475322169, 28.993692171516205], [-114.60031501232046, 28.994558433501613], [-114.60213529935481, 28.995620268378417], [-114.60178808085725, 28.9963576604226], [-114.60184381511037, 28.996863536043634], [-114.60120374918863, 28.99726416903916], [-114.60056652016333, 28.998252720043535], [-114.60000568227483, 28.99854700544813], [-114.59930579411923, 28.99850614364916], [-114.59910233200577, 28.998807146126165], [-114.59936620223898, 29.000194782485767], [-114.60006814326618, 29.001298256784125], [-114.60377712678289, 29.001009747458593], [-114.60469619377223, 29.001476716464463], [-114.60438091602623, 29.001994249160887], [-114.60340533660425, 29.002235170318517], [-114.60348564310522, 29.003377311450414], [-114.60329231158967, 29.003728281231577], [-114.6030781610336, 29.003847254358472], [-114.60267960072962, 29.003650949422095], [-114.60163263812905, 29.00384725461464], [-114.60145120386244, 29.004581912836215], [-114.60116566942806, 29.004614631600646], [-114.60084146689155, 29.011202763643517], [-114.60168617637984, 29.0126423367799], [-114.60183603994864, 29.013521144991735], [-114.60202524860908, 29.013674428195277], [-114.60295026474162, 29.013537609103473], [-114.60384553676168, 29.014367446029105], [-114.60356297571971, 29.01463513598462], [-114.60306328926923, 29.014507239742013], [-114.60210258227113, 29.014641084257743], [-114.60210164058158, 29.015722423140378], [-114.60322076346445, 29.0165767748599], [-114.60270636980269, 29.01670229255774], [-114.60286289436021, 29.017562059360262], [-114.6047705523974, 29.01900144705511], [-114.60609115269182, 29.01954872344278], [-114.60687762963884, 29.020119096600833], [-114.60634099711909, 29.0204380465616], [-114.60640096698387, 29.020821179231092], [-114.60680796627884, 29.020994245217594], [-114.60674253101205, 29.02125003752966], [-114.60584130958169, 29.021586136106343], [-114.60498470407403, 29.022365409940683], [-114.60466347657984, 29.022127464467598], [-114.60452516993993, 29.022230078348112], [-114.6047286141743, 29.02743395916519], [-114.60578182304326, 29.041032876410448], [-114.60640345737396, 29.046202255363237], [-114.60862230471906, 29.057379773241827], [-114.61054022255207, 29.061360160035544], [-114.61255846315782, 29.063783091916303], [-114.6129523529206, 29.063895142115832], [-114.61440190784393, 29.063751786339864], [-114.6147948805632, 29.063605892328418], [-114.61588014772487, 29.062603696188706], [-114.61641552673211, 29.06245497996621], [-114.61770043640519, 29.062457954451002], [-114.61818227672215, 29.06266020789559], [-114.61850647757537, 29.06318071488366], [-114.61818227715851, 29.064745211268672], [-114.61858975866048, 29.066059863643964], [-114.61978405325954, 29.068471097801574], [-114.62053496872346, 29.068558296852405], [-114.62083537594548, 29.068787320324365], [-114.62044277938216, 29.06983908929086], [-114.61935162039012, 29.070222849965795], [-114.61941432650936, 29.07132840910781], [-114.62112686019478, 29.078004757197654], [-114.62335165563903, 29.083929614815183], [-114.62521655787984, 29.087228143044946], [-114.62728181723203, 29.0902254449408], [-114.6313938925496, 29.094311312870346], [-114.63610711029077, 29.09796054972505], [-114.63749773052338, 29.098039543447666], [-114.63850168426217, 29.097065131849998], [-114.63928690652685, 29.097068107517956], [-114.63948023652485, 29.096898570082097], [-114.64009889741727, 29.09694318482921], [-114.64306727534887, 29.098394656059256], [-114.64386439370968, 29.098091275563696], [-114.64459013048526, 29.09811507036026], [-114.64523380183536, 29.098442438573503], [-114.64599204862813, 29.098323779818898], [-114.6465412876681, 29.097778971109342], [-114.6474254385583, 29.09753043798972], [-114.6479575730567, 29.0974459480978], [-114.64814444992778, 29.097835483095594], [-114.64897131220901, 29.09779384186231], [-114.64963756098561, 29.09727928394661], [-114.64970547399193, 29.096907308386353], [-114.6509700598494, 29.0966070859969], [-114.65211814880588, 29.096651701284685], [-114.65320675296245, 29.097671894882982], [-114.6537689010525, 29.09754697358743], [-114.65469163700395, 29.09810276924666], [-114.65567732124299, 29.09991177476073], [-114.65673132981117, 29.10079196291029], [-114.65750243489667, 29.10112189565381], [-114.65806680187025, 29.102371330233993], [-114.65855161740997, 29.103040554516408], [-114.65964914350546, 29.10370382894795], [-114.65942904271955, 29.10382875017899], [-114.65955991391542, 29.1039863903886], [-114.66564898429608, 29.10848324196501], [-114.66740086176505, 29.10947071840411], [-114.66822177550196, 29.110148864078194], [-114.67096410477413, 29.111487310961174], [-114.67584105989754, 29.11320295818747], [-114.67747787900294, 29.113370059881035], [-114.6780162318262, 29.113179703099977], [-114.67794782283643, 29.112837655116326], [-114.67826012733987, 29.112453966923386], [-114.67888632463233, 29.11210429508341], [-114.67963101771784, 29.112123070411013], [-114.68019707291766, 29.11188715468204], [-114.68120853573572, 29.110436666026956], [-114.68217433983651, 29.11001204552974], [-114.68333218201926, 29.108966715381914], [-114.68467397199338, 29.10938561730166], [-114.6863319091634, 29.109074253841925], [-114.68692079878298, 29.10983733731346], [-114.6874205119192, 29.10971968280198], [-114.68817044952327, 29.109990448477497], [-114.68901264112785, 29.10979697820355], [-114.68942936499037, 29.109983975206795], [-114.68989253977699, 29.109463658807957], [-114.69115976957883, 29.10948548892038], [-114.69168272199788, 29.109606658284143], [-114.69209314878003, 29.11013426010864], [-114.6930116701308, 29.110420672775145], [-114.69489344905271, 29.110626981156518], [-114.69640000333509, 29.110403778531918], [-114.69760663897154, 29.109591104094022], [-114.69782173141229, 29.10882738529368], [-114.69838685337193, 29.108547797992305], [-114.69910388867358, 29.107822608727123], [-114.69927829918754, 29.10700318601541], [-114.69896089750256, 29.105502088252322], [-114.69964499284124, 29.103283241377532], [-114.70062758090748, 29.102963571514376], [-114.70104552838751, 29.1025184842105], [-114.70148072090805, 29.10148780793696], [-114.70178353304185, 29.10148972249075], [-114.70192630056304, 29.101730641798376], [-114.70239624469251, 29.101635464438257], [-114.7026466572195, 29.101152304071928], [-114.70296875596487, 29.10148272770886], [-114.70319245968523, 29.101406880541667], [-114.70393958099983, 29.10277231031316], [-114.70453181064819, 29.10267647833727], [-114.7047667832359, 29.103259446519782], [-114.70461126537492, 29.10387255135017], [-114.70508206100473, 29.103916771874534], [-114.70518913669812, 29.10411605222359], [-114.70507385128415, 29.10472761901119], [-114.70543898005309, 29.1054307043747], [-114.70525417000314, 29.106232859495865], [-114.70606456528891, 29.1070509329629], [-114.70635861588995, 29.10667503311436], [-114.70748234946338, 29.106565879384007], [-114.70735892596107, 29.108196880254532], [-114.70778072584845, 29.108791792423684], [-114.70887370599209, 29.109651739402498], [-114.70869289338228, 29.109895168158356], [-114.70886242969763, 29.110142037008753], [-114.71042990022548, 29.11143289482799], [-114.71085103804872, 29.111576723566426], [-114.71139355609395, 29.111174594095715], [-114.71180518051546, 29.111600815283744], [-114.71256844093682, 29.111412073949577], [-114.71292830770817, 29.11158862030065], [-114.71322811984511, 29.11131974092272], [-114.71377570956662, 29.111376630082567], [-114.71455231562499, 29.110823157832947], [-114.71478431392602, 29.11087372083163], [-114.71561790495089, 29.11001969132004], [-114.7160662485413, 29.110061730552527], [-114.71518337005305, 29.112348149083168], [-114.71526994011411, 29.112860829760006], [-114.71595974128098, 29.113680167094326], [-114.71589731868735, 29.114260290056908], [-114.71621483505237, 29.115062444099316], [-114.71703287813504, 29.11557183786814], [-114.71674535897556, 29.11573326539086], [-114.71705427598566, 29.116123411944013], [-114.71804417539504, 29.1161500469078], [-114.71844705958408, 29.116842519425038], [-114.71768290925891, 29.117696715224863], [-114.71787044786295, 29.118301080164386], [-114.71726490242823, 29.11834522903174], [-114.7170953646274, 29.118565329004007], [-114.71749028935172, 29.120812819342184], [-114.71760694908328, 29.121102429554742], [-114.7190524715377, 29.12151883547202], [-114.71960272173169, 29.12237544124022], [-114.71927928908755, 29.123016059458955], [-114.71949442911715, 29.123367050077153], [-114.7197797049349, 29.123243418780017], [-114.72009524433093, 29.123374091341418], [-114.71990099887358, 29.123760319356897], [-114.72017391156844, 29.124072892572414], [-114.72036557851288, 29.124004370852983], [-114.72031177464841, 29.12418786600067], [-114.72052851390009, 29.12426224751397], [-114.72122394862457, 29.12407739991763], [-114.72158960565072, 29.124467889464807], [-114.72157470017098, 29.125248640193465], [-114.72129438333634, 29.12569854004601], [-114.72149624312219, 29.12615983181391], [-114.72245510146313, 29.126155809216794], [-114.72267817479674, 29.126355089363837], [-114.72212254457521, 29.127093188114138], [-114.72175848817251, 29.127019425116497], [-114.72148485007456, 29.12719074649395], [-114.72147952230941, 29.12819619743816], [-114.72345852993163, 29.13300372079615], [-114.7253524615075, 29.135834456730493], [-114.72729432986405, 29.137547479445264], [-114.72806467961242, 29.13783004035402], [-114.72896590086839, 29.13786870631675], [-114.72958456012422, 29.137601623627322], [-114.72917707806367, 29.13670277029144], [-114.72992579394746, 29.13673369506962], [-114.73179448496391, 29.136009751981593], [-114.73295854327996, 29.136279099709302], [-114.73346604567438, 29.135426658090758], [-114.73455168613037, 29.135281042364497], [-114.73464983897361, 29.13642913253086], [-114.73489606226963, 29.136755515042424], [-114.73568787857617, 29.13707456093265], [-114.73538345026826, 29.137856979270676], [-114.73619774376473, 29.137868567027112], [-114.73598840807226, 29.138224376410786], [-114.73653258706909, 29.13838326519689], [-114.73676161052714, 29.13877290154667], [-114.73687760936097, 29.139486740226683], [-114.73620838573338, 29.140120270860717], [-114.73606561788223, 29.1407805720354], [-114.7362654823824, 29.14151272536508], [-114.73594310991405, 29.141608596503517], [-114.73484689301586, 29.14138145429038], [-114.73453978917065, 29.142270709432733], [-114.73492762968176, 29.152756867999955], [-114.73560716192821, 29.161589016812073], [-114.73586275944749, 29.161991304308287], [-114.73710711175374, 29.16224973779374], [-114.73734457824028, 29.1626121265869], [-114.73669617534826, 29.164108212986527], [-114.73668130347872, 29.16498563897866], [-114.73789780310614, 29.16985758559708], [-114.73926599330281, 29.173762876198307], [-114.74065481342518, 29.176946197464865], [-114.7432456418185, 29.18111243643002], [-114.74440860250432, 29.182397345274737], [-114.74564294820061, 29.182932722969333], [-114.74599391892413, 29.18235867851375], [-114.74672262933315, 29.182132630323178], [-114.74736210855853, 29.1821653469377], [-114.74910209015712, 29.18420573473752], [-114.75008659176433, 29.184598346526013], [-114.75188605916912, 29.18494336775554], [-114.75330481258696, 29.18461916591597], [-114.75411107970656, 29.183848625451866], [-114.75432787130619, 29.182987080507004], [-114.75388183192258, 29.18177571082109], [-114.7543488011773, 29.181656737529003], [-114.75498828152583, 29.182046373820402], [-114.75495923818625, 29.18306167228137], [-114.75516971477563, 29.183471076496964], [-114.75661558128432, 29.183640134410847], [-114.75675341015868, 29.183901326407977], [-114.75712979550428, 29.183753636984356], [-114.7575253821409, 29.183902353878825], [-114.7583314243741, 29.185035572015167], [-114.75992863728912, 29.185785102032167], [-114.76043924953952, 29.1867936300964], [-114.76037775028522, 29.18718528888683], [-114.76136621278559, 29.187472794263122], [-114.76160318287802, 29.187816567535812], [-114.7614276982905, 29.188524457345952], [-114.76332234382113, 29.19026741191892], [-114.76323014032143, 29.190749253511946], [-114.76292416191659, 29.190928439375217], [-114.76307844862113, 29.19135006732073], [-114.76380121048456, 29.1921025709704], [-114.76447637164856, 29.192026302900864], [-114.76472383579097, 29.19217323408325], [-114.76511049772326, 29.192606295952817], [-114.7648214040872, 29.193081125211005], [-114.76501473527938, 29.19365219543953], [-114.76850361972845, 29.19644508850593], [-114.76934832900895, 29.19639452415309], [-114.77015437078325, 29.19729277151011], [-114.77150542570715, 29.197706166058804], [-114.77216855172126, 29.19730469028389], [-114.77281639287196, 29.197599125955907], [-114.7735123856292, 29.197611022962462], [-114.77456619603684, 29.197096099000664], [-114.77526446272682, 29.19697787812266], [-114.77546049050784, 29.196747659553775], [-114.77568959214098, 29.19483895105401], [-114.77609707471342, 29.194395776781874], [-114.77695665524209, 29.194128086922348], [-114.77848185997385, 29.195083690403987], [-114.77869366169769, 29.195713403557868], [-114.77924093814636, 29.196204166893455], [-114.78027302863929, 29.195927555250478], [-114.78036493772493, 29.19644260180404], [-114.78086789409436, 29.196879339597036], [-114.7812276792113, 29.197744050363195], [-114.78161742530196, 29.19797091716647], [-114.78221228984711, 29.19773297117048], [-114.78231509978943, 29.198138762185664], [-114.78292118321927, 29.198244575789044], [-114.7837886830334, 29.19810476235999], [-114.78415474068386, 29.197547442862994], [-114.78397648084449, 29.196791173193116], [-114.78445195688828, 29.196561086499692], [-114.78462149358974, 29.19678713529771], [-114.78583204545923, 29.197031029834424], [-114.78643285896105, 29.19833675876134], [-114.78688211574833, 29.19837528790274], [-114.78700944765255, 29.199135842821317], [-114.78761298111306, 29.199302716545965], [-114.78764863289955, 29.200108762395608], [-114.78786610982645, 29.20037018154767], [-114.78963025955092, 29.201373546409904], [-114.78993958942243, 29.202060616409714], [-114.79043630225088, 29.20173046533272], [-114.79077834934877, 29.201795901383136], [-114.79087650220416, 29.20237292016072], [-114.79118583245211, 29.202717942409805], [-114.79069209443576, 29.20322060309631], [-114.7909806039286, 29.203943364196707], [-114.79069209350214, 29.204056387832104], [-114.79069209358177, 29.20455905011965], [-114.79163793051518, 29.205757703565926], [-114.79434754096242, 29.208845054111453], [-114.79715827934429, 29.21100144005387], [-114.79903388018118, 29.211762979899774], [-114.80078100901348, 29.21147435839019], [-114.80093317569252, 29.211275191838315], [-114.80068880485385, 29.210412523926326], [-114.8009386481855, 29.21009724525874], [-114.80241816190863, 29.210175405443252], [-114.80293442145478, 29.209903914048407], [-114.8039248704664, 29.210082372858018], [-114.80462978735129, 29.209261458785242], [-114.80518895988584, 29.209002692755], [-114.80583113156645, 29.209198905018553], [-114.80758819165352, 29.21110729554016], [-114.80777365020614, 29.211099592980634], [-114.80774220054299, 29.210862212872115], [-114.808049228472, 29.210898278916318], [-114.80978726875595, 29.21203650656934], [-114.81040890329425, 29.212084094776227], [-114.81264440952776, 29.213550338985026], [-114.81505182619708, 29.216804351399656], [-114.81445398623673, 29.21737244724879], [-114.81429039908687, 29.217881057461874], [-114.81440044904733, 29.21850269119097], [-114.81388886399546, 29.21871089410379], [-114.8146027032712, 29.220733435817348], [-114.81479900802414, 29.22094461280662], [-114.81532546432243, 29.221030868346727], [-114.81599766241635, 29.223410329345928], [-114.81720523809442, 29.225926609196673], [-114.81766625870226, 29.226503629594955], [-114.82006951352074, 29.231259576221948], [-114.82304086586278, 29.23567347731144], [-114.82705025782808, 29.239587690306987], [-114.82939997584609, 29.240759575276975], [-114.83156826030239, 29.24136336281721], [-114.83293050092746, 29.241342542187077], [-114.83405914919153, 29.24104601266609], [-114.83480682061466, 29.24024712018314], [-114.83446227941015, 29.238763801760815], [-114.83499881104393, 29.237907465004245], [-114.8360956778843, 29.23768253386125], [-114.83696418079157, 29.23700141388446], [-114.83753525175352, 29.23686459502863], [-114.83761299449101, 29.237384193186866], [-114.83833145786049, 29.238103996452235], [-114.83880206424736, 29.239367046927345], [-114.83918600289023, 29.239360053943965], [-114.84135131206283, 29.241534287346898], [-114.84234176324674, 29.241620542179877], [-114.84266163582407, 29.24399410240517], [-114.84330134148804, 29.24441909355229], [-114.84426037943028, 29.24464618038607], [-114.84622272375827, 29.246063489191183], [-114.84603290223282, 29.246370541324424], [-114.84644375301839, 29.24675342919853], [-114.84540829246932, 29.24739370990688], [-114.84542316528209, 29.247896370728654], [-114.84570784762646, 29.248130196193028], [-114.84641375719127, 29.248036876269747], [-114.84666345949987, 29.248205701566377], [-114.84758549996067, 29.250674391487415], [-114.84814467279158, 29.25064464780657], [-114.84835882470632, 29.250829055965088], [-114.84719288856186, 29.252735600541662], [-114.85069367083949, 29.26000782735484], [-114.85166627576376, 29.261426580799164], [-114.85403681357835, 29.261744834238474], [-114.8587065061037, 29.26559361235881], [-114.85979037197275, 29.267467441121564], [-114.86123468258405, 29.2689486519448], [-114.86156483346042, 29.270147304985233], [-114.86108040610543, 29.270919081299493], [-114.86190901957619, 29.272827340498672], [-114.86352070603793, 29.275669632070173], [-114.8640989591827, 29.275670629346127], [-114.86453321100382, 29.275938318909834], [-114.8664992407546, 29.27852895728959], [-114.86801396695337, 29.280128762087752], [-114.86883611516146, 29.280726247603543], [-114.86933674805236, 29.280878674911296], [-114.86976282001099, 29.28053677047093], [-114.87001489400132, 29.28055744756303], [-114.86985725531775, 29.28018268237029], [-114.87080309098532, 29.280774572943127], [-114.87191251484538, 29.282202250157123], [-114.87193333535126, 29.282752500045994], [-114.8724995319388, 29.282729084886643], [-114.87276366821746, 29.28373024863807], [-114.87353032439508, 29.28439145343497], [-114.87557374525933, 29.28490155251545], [-114.87681893935829, 29.284846107588503], [-114.87734637100007, 29.284545601847245], [-114.87755092864668, 29.28346155925917], [-114.87847362770414, 29.284337007395596], [-114.87917189250581, 29.28454179529092], [-114.87933657983781, 29.285445660357297], [-114.88007418445025, 29.286022771831977], [-114.88036330047959, 29.285866202732564], [-114.88086987595555, 29.286037999803664], [-114.88038472613623, 29.286913486869736], [-114.880727561086, 29.287641683231396], [-114.88127169797569, 29.288186150888123], [-114.88203066954257, 29.287933218484056], [-114.88218445346523, 29.288422191510158], [-114.88261562540647, 29.288222704656732], [-114.88287097575464, 29.28837877034656], [-114.88219377793413, 29.288868611970702], [-114.88221061791583, 29.28931204631941], [-114.8828182554129, 29.28935637997923], [-114.88231726819919, 29.289634749861637], [-114.88217583151432, 29.290189772344487], [-114.88232706119614, 29.290682736539218], [-114.88377601920556, 29.292786358075], [-114.88402586153309, 29.293538863054152], [-114.88464206723604, 29.29406279512139], [-114.88459881298259, 29.29430554147739], [-114.88534458302024, 29.295405612867114], [-114.88758910545786, 29.297923019869998], [-114.89037604916535, 29.298306708109017], [-114.8913218839219, 29.298967007939158], [-114.89252053839533, 29.30029950739699], [-114.89307376265155, 29.30051365791102], [-114.89295478938963, 29.300918166189746], [-114.89461446366582, 29.302684916057995], [-114.89654777618331, 29.30338983174225], [-114.89692551478805, 29.303407677924042], [-114.89727236178487, 29.303113287380345], [-114.89822826998301, 29.30364264954926], [-114.89847513930245, 29.304359461874338], [-114.89912487014136, 29.304257671389454], [-114.89956630994148, 29.30455739541137], [-114.90163421085428, 29.30723922423738], [-114.90227216365726, 29.30917459929562], [-114.90213944938381, 29.309483952819676], [-114.90406999896572, 29.312087963212555], [-114.90477654750626, 29.312309539247877], [-114.90783415359772, 29.314516489614252], [-114.9086209751951, 29.31436777508909], [-114.90888123429386, 29.313861062133373], [-114.90918449838722, 29.313749113327088], [-114.91159667661724, 29.314620589936503], [-114.91131114124217, 29.315191661137572], [-114.91611966224367, 29.321879752803188], [-114.91864285567863, 29.324215766932127], [-114.91907265833113, 29.32536727399706], [-114.92021627397783, 29.327127631795765], [-114.92116382977913, 29.3275873797242], [-114.92226811156254, 29.3288223110354], [-114.92463087883414, 29.330245779765036], [-114.92581682897023, 29.331544139624473], [-114.92775916604243, 29.333123874385482], [-114.9294153606948, 29.335081479901433], [-114.93381979357146, 29.33960288656933], [-114.93443950164476, 29.33996482396772], [-114.93532217955976, 29.340114339674482], [-114.93588795945269, 29.341124678104993], [-114.93635823038073, 29.341393474262055], [-114.93676245066722, 29.34241864345635], [-114.93924601452389, 29.345752863577708], [-114.93931306421604, 29.34624816625046], [-114.94180931931594, 29.349887450048104], [-114.94243151720295, 29.35007158544546], [-114.94322863557379, 29.351472492583017], [-114.94397102418769, 29.351739824190403], [-114.9443341375129, 29.35233620348706], [-114.94465357749247, 29.352501935917925], [-114.94492400248275, 29.353384984547237], [-114.9454891243331, 29.35418805223443], [-114.95052331747017, 29.360614254085217], [-114.95291237868793, 29.362994087660113], [-114.95375951301803, 29.363174372765354], [-114.95523801190117, 29.364409552932557], [-114.95695693329215, 29.366265164056955], [-114.961168578535, 29.370122864781447], [-114.96762881579424, 29.37535173094114], [-114.96939853978861, 29.376493872005202], [-114.9699041748027, 29.37632731019343], [-114.9705814925021, 29.376657498472202], [-114.97132887756037, 29.376568229863754], [-114.9735358282231, 29.3771839165893], [-114.9790742852344, 29.380795394046274], [-114.98128637227909, 29.38196265120173], [-114.9824404959314, 29.382300163887503], [-114.98453488557404, 29.382644779543483], [-114.9866584712094, 29.382526709884168], [-114.98787847108598, 29.382326053494694], [-114.98852342388963, 29.38159758080266], [-114.98890854021057, 29.38144446231777], [-114.98965247830387, 29.381667179743964], [-114.9900974900263, 29.381463088752877], [-114.99094155587987, 29.38169054104217], [-114.99209945598527, 29.38161209490027], [-114.9963917740963, 29.383187670583556], [-114.99947847966497, 29.382642659557316], [-115.00117746477105, 29.383324489339902], [-115.00212032584933, 29.383300695043115], [-115.00313774309295, 29.383908022164917], [-115.00835451367095, 29.385897281021837], [-115.00996659901938, 29.385965690755782], [-115.011956423071, 29.385348221282843], [-115.01291712988078, 29.386320824866107], [-115.02175980252136, 29.392552039391113], [-115.03015929991868, 29.397935568867407], [-115.03153641331657, 29.39843823161201], [-115.03216945395833, 29.398289810891104], [-115.03237814730356, 29.398030748299654], [-115.0331644891496, 29.39875793905232], [-115.03603855033519, 29.40042894024844], [-115.03879079528741, 29.401070509355588], [-115.04112266592674, 29.400612463438577], [-115.04399876991455, 29.40157952042011], [-115.04955488067688, 29.4055766143473], [-115.05045428963992, 29.405972328169717], [-115.0510360964498, 29.40592460993149], [-115.05264818081069, 29.40681393299056], [-115.05340960790704, 29.40683772821923], [-115.05432570048582, 29.406590859114374], [-115.05614342968495, 29.4069178191724], [-115.06239802232712, 29.41057943037414], [-115.06377810877973, 29.411938697388045], [-115.06719858453093, 29.41412482736623], [-115.07320374943524, 29.41645074987691], [-115.0742654204165, 29.416249999027873], [-115.0758736495031, 29.41657188027571], [-115.07923865720642, 29.41779514612882], [-115.08139206949835, 29.41827103802384], [-115.08215349728528, 29.418110424241934], [-115.08377450499621, 29.41732222848223], [-115.08440208767641, 29.416819567006954], [-115.08656144926509, 29.417024794858314], [-115.08921752231655, 29.41771483911944], [-115.09034181678322, 29.417741608139128], [-115.09342041179029, 29.417508113860272], [-115.0945385916897, 29.41685525931576], [-115.09527622452774, 29.41670059406065], [-115.09573427138088, 29.416864182204353], [-115.09678718224222, 29.41774160814694], [-115.10223912191357, 29.42050773141372], [-115.10371141368094, 29.421040136510754], [-115.1069040558696, 29.4214452396036], [-115.11396510637617, 29.419660642883112], [-115.11702122044284, 29.420156774768262], [-115.12043724000017, 29.4195714137683], [-115.12217127174802, 29.420080023638995], [-115.12583861747513, 29.420478583449587], [-115.12775408313559, 29.42002945988036], [-115.12844710123693, 29.419419722756583], [-115.12933345009984, 29.419155007855608], [-115.13016657559011, 29.417995461350895], [-115.13525643484938, 29.421273926900987], [-115.1356105550554, 29.421328923272487], [-115.13589358255226, 29.42114917993489], [-115.13804854003119, 29.422210080913704], [-115.14015733852766, 29.4226473074668], [-115.14080871508699, 29.42263838410195], [-115.1418527036803, 29.421981058359723], [-115.14403526444077, 29.42234987548501], [-115.14689656577048, 29.421752035398246], [-115.15042411749384, 29.421871008443134], [-115.15384161840511, 29.420660457388237], [-115.15640251250584, 29.42218033781155], [-115.15780744882855, 29.422373478837816], [-115.15813357115493, 29.42267110202233], [-115.1587033073029, 29.4227157488946], [-115.15981109138451, 29.42334330029384], [-115.1604819639878, 29.42333932489446], [-115.16099189777005, 29.424235597773173], [-115.1635765877846, 29.426305729261465], [-115.1668959356671, 29.428337193366424], [-115.16926944829562, 29.429247337499923], [-115.17109568427506, 29.42964292283109], [-115.17220213416586, 29.428863649557886], [-115.17243115661087, 29.428426423116395], [-115.17272561513602, 29.428524575808744], [-115.17311227834041, 29.42919974771682], [-115.17468867146866, 29.430068251442524], [-115.17683018636933, 29.4309308062595], [-115.17920072432626, 29.431484030714277], [-115.18140916066504, 29.43130557083218], [-115.1818939760552, 29.430612553198664], [-115.18272072233914, 29.43017827096044], [-115.1827267869707, 29.429604255966137], [-115.18320862793004, 29.429116467372637], [-115.18479989337479, 29.42853349930438], [-115.18588341026157, 29.428415603923444], [-115.18754247105892, 29.427480216030283], [-115.18788508564649, 29.427458532456864], [-115.18880988491006, 29.42774976737779], [-115.18892810936818, 29.427998476230588], [-115.18949407418681, 29.428080877272404], [-115.1902156926615, 29.42926825772567], [-115.191369781696, 29.42973323380218], [-115.19111981753377, 29.43002885093932], [-115.1911423060377, 29.4304134706527], [-115.19143205947037, 29.43077732898758], [-115.19170882053376, 29.43079417588549], [-115.19244927897721, 29.432300184305706], [-115.19267830207615, 29.433698116838464], [-115.19308578506555, 29.4339717552283], [-115.1930853387867, 29.43455253478082], [-115.19266217382884, 29.434999296106113], [-115.1927038921111, 29.435594517302153], [-115.19296086262318, 29.43583665800945], [-115.19280227436467, 29.436205837942587], [-115.19304870820744, 29.437696304308673], [-115.19375203405151, 29.43888236810699], [-115.19382662880416, 29.44022971991914], [-115.19526299160044, 29.444248052672453], [-115.19901956578508, 29.45278734345954], [-115.2022815313159, 29.458579655647906], [-115.20298136881868, 29.459313014980086], [-115.20554523801526, 29.463584147044877], [-115.20725082992406, 29.465837030135415], [-115.21129388870854, 29.472355680429278], [-115.21400518302595, 29.476077177614496], [-115.21449701334966, 29.476307517294828], [-115.21454370973724, 29.4766759588225], [-115.21583413977065, 29.47774759187967], [-115.21676597390127, 29.477636490139478], [-115.21876745601143, 29.478106189053534], [-115.21815253441474, 29.478856035028052], [-115.21818088879259, 29.4795250000469], [-115.21925807963044, 29.480862819089314], [-115.22052685962969, 29.48192605969202], [-115.2213910522412, 29.48213962017949], [-115.2218505491782, 29.482936289626956], [-115.2239292383142, 29.484291233075652], [-115.22649580957729, 29.485262551541574], [-115.22763118773912, 29.485232919148572], [-115.22851753722072, 29.48567014531146], [-115.22942269158483, 29.48642003588951], [-115.2296038676287, 29.487003748550762], [-115.22927702587758, 29.487399023338323], [-115.22941130906352, 29.488493772155646], [-115.231191457029, 29.491892436021438], [-115.23201237085676, 29.49236832788978], [-115.23282733640869, 29.494277845200106], [-115.23493613326795, 29.4980165743451], [-115.23822573801411, 29.502933134985792], [-115.24284189328084, 29.507918105837703], [-115.2480529123218, 29.512635387186968], [-115.24974827783366, 29.51393814216474], [-115.25198794612609, 29.5151665389188], [-115.2532668595877, 29.516234137345055], [-115.2561401052694, 29.51791184220724], [-115.25832623505501, 29.518581065288398], [-115.25998293451877, 29.518792242020044], [-115.26127641010743, 29.518449005142305], [-115.26147278314521, 29.518074483926725], [-115.26219976051746, 29.518196901539643], [-115.26268540846003, 29.518014396840105], [-115.26332887274366, 29.518374588099896], [-115.26374527887246, 29.518276435310394], [-115.264349066816, 29.518716635286257], [-115.26557397939403, 29.518928458824746], [-115.26663487969779, 29.5195902291157], [-115.26660945016938, 29.52007293934476], [-115.26777642392413, 29.52158475916185], [-115.26975137645324, 29.522991614748534], [-115.27054849652976, 29.52332474051636], [-115.27186017426163, 29.523250382102773], [-115.27328487573905, 29.52403560459217], [-115.27390353549701, 29.524050476094327], [-115.27653581513619, 29.525076618419416], [-115.27723180706303, 29.52518369406752], [-115.27850481874451, 29.526141427443015], [-115.28075043534707, 29.527289516961126], [-115.28698759727212, 29.53216146342285], [-115.28895065162024, 29.53332145102283], [-115.28927485418723, 29.533342271172703], [-115.28955805910975, 29.533024826104963], [-115.28996192290612, 29.533089452864758], [-115.29056273663006, 29.534181031406217], [-115.29273697007359, 29.53631957079955], [-115.29542155895031, 29.538525783086353], [-115.29868154600605, 29.54070720443656], [-115.29942920355167, 29.54098926463968], [-115.3006576004897, 29.540754291823205], [-115.30425951020209, 29.542113559036935], [-115.30816480018176, 29.54180125491879], [-115.30952109282033, 29.541194492111693], [-115.30986908868991, 29.541494899149118], [-115.31053533786438, 29.54164361562241], [-115.31228721590395, 29.541584129651607], [-115.31497600735902, 29.542675707170496], [-115.31621332718393, 29.542904730030294], [-115.3184143283663, 29.54481424681025], [-115.32016918099988, 29.545516188156956], [-115.32098712070639, 29.545474548177808], [-115.32186157258145, 29.5451116802733], [-115.32305427692651, 29.54622110440957], [-115.32429628540979, 29.54640878850499], [-115.32528799596115, 29.547574422589978], [-115.32816119558575, 29.54879984459217], [-115.32924979927488, 29.54996280605529], [-115.3303205555905, 29.550614183521535], [-115.33220925410473, 29.551161459466694], [-115.33521927195969, 29.551643299898434], [-115.33676889567994, 29.552208421891624], [-115.33709309661597, 29.55244339405766], [-115.33767309139246, 29.553674764803873], [-115.34115602648997, 29.555964995794312], [-115.34270565080303, 29.556182121982204], [-115.34366635762477, 29.55675319363379], [-115.3455639776756, 29.5566937065076], [-115.34631648310291, 29.55731831537382], [-115.34777985200579, 29.55750569732737], [-115.3496804461747, 29.55710416279658], [-115.35133119704795, 29.556512272600145], [-115.35341025060448, 29.556610425218075], [-115.35492120946148, 29.556937601240435], [-115.3556320729567, 29.557449184889048], [-115.35669688185136, 29.557594927159794], [-115.35726497830818, 29.558020256404394], [-115.35904065094822, 29.558594300958497], [-115.3603994178083, 29.5583642786364], [-115.3617889283975, 29.559317062492312], [-115.36399885257745, 29.55943603482289], [-115.36456397502805, 29.559272446960133], [-115.3649089963488, 29.558888759315597], [-115.36536704319005, 29.558832247346565], [-115.3664883640442, 29.559647212364315], [-115.36782680961862, 29.559632341017714], [-115.36955191965615, 29.560405664774652], [-115.37048288414297, 29.559843518373096], [-115.37158933278326, 29.558760863259135], [-115.37315680290534, 29.558201690518807], [-115.37522693431575, 29.55780907899739], [-115.37641071633097, 29.558005383998424], [-115.37810905614825, 29.557942923295403], [-115.37855520467555, 29.558124356909822], [-115.37952483622169, 29.559754288374368], [-115.37954862996065, 29.560402691536698], [-115.38112204886129, 29.561999904496098], [-115.38177342575926, 29.562374668907758], [-115.3829720804249, 29.56208616023329], [-115.38344797191223, 29.5621991843763], [-115.38453062752585, 29.56297845847538], [-115.38511061950236, 29.564971255856605], [-115.38551512896915, 29.56516756244607], [-115.38660968133344, 29.565161613103008], [-115.38744249233682, 29.566056885546416], [-115.38766854115002, 29.566782621274893], [-115.38758228501058, 29.567547023483524], [-115.3882634061078, 29.569289978139512], [-115.39099681199082, 29.572335687788385], [-115.39382837096163, 29.574664586172805], [-115.39802514463422, 29.576583026407533], [-115.4004938360981, 29.57734445295978], [-115.40284057856564, 29.577151122294133], [-115.40388159310451, 29.577406914408403], [-115.40568106095192, 29.57838546861228], [-115.4068023816555, 29.577864961230187], [-115.4076976543983, 29.577945267441503], [-115.40791775425193, 29.57835275045305], [-115.40728422274434, 29.579331303485162], [-115.40839959498359, 29.58272798438132], [-115.41179627578833, 29.588489254441317], [-115.41341430866147, 29.590919279206517], [-115.41485685739397, 29.59244808192041], [-115.41689862018266, 29.594096734025737], [-115.41970500863027, 29.595645483115], [-115.4203206945082, 29.596371218808887], [-115.42229862227855, 29.597293260356224], [-115.42335153339226, 29.598007097727102], [-115.42491305441355, 29.598628731978827], [-115.4259034473045, 29.599344301446337], [-115.42647451821955, 29.600049216582867], [-115.42797952653433, 29.600801721190745], [-115.43012439371354, 29.603597872791546], [-115.43100739083413, 29.603859328063137], [-115.43195025248046, 29.604576140924575], [-115.43221496788439, 29.605111518879518], [-115.43235476079272, 29.606393453907717], [-115.434655944928, 29.60956250861231], [-115.43678948185403, 29.611042326119], [-115.43856812928807, 29.611693703390266], [-115.43965078306616, 29.612755538407775], [-115.44001365136077, 29.61280907575461], [-115.4404568262608, 29.613856039577865], [-115.44194696348025, 29.614956539175015], [-115.44301577977474, 29.616671746812965], [-115.44408847823502, 29.617692918894033], [-115.44587604763305, 29.61876962482547], [-115.44763387540844, 29.6185049101662], [-115.44928759959643, 29.619135468292587], [-115.44990031213518, 29.62042335136909], [-115.45095024935937, 29.621312674332017], [-115.45454026068163, 29.623522599330187], [-115.45794883851116, 29.62512278598053], [-115.46319554997753, 29.626562359876832], [-115.46510209250312, 29.62642554078257], [-115.46625018348436, 29.625631396070204], [-115.46675879333023, 29.62553621795737], [-115.46807738536549, 29.62608140747323], [-115.47234653336577, 29.62683268093538], [-115.4783801495969, 29.62682427953393], [-115.47927031239841, 29.62659334141307], [-115.48127647889436, 29.62559183798324], [-115.4833426744566, 29.622865996082833], [-115.48337121984088, 29.622519449621326], [-115.48399642820418, 29.62249605115453], [-115.4857171485271, 29.621915570420526], [-115.48784379227202, 29.62169547008846], [-115.48832014288051, 29.62128545892658], [-115.48938449309401, 29.620853736479997], [-115.49018756065362, 29.619774055470927], [-115.49184426118507, 29.61886391196936], [-115.49196918202878, 29.618608119804506], [-115.4916658014548, 29.618390994363246], [-115.49237369129513, 29.617100136602463], [-115.4930925087982, 29.61680026058913], [-115.49374782859125, 29.617085265615145], [-115.4949464830835, 29.61719531487378], [-115.49813793526727, 29.616704551164343], [-115.49926156873605, 29.61616235421635], [-115.49951027199496, 29.615643912194194], [-115.50082195042404, 29.61642318532798], [-115.5017320944114, 29.616708721261478], [-115.50385576167012, 29.616298264089632], [-115.50504549303996, 29.61683364195711], [-115.50608650653271, 29.617065640152752], [-115.50658916802082, 29.617657531416928], [-115.50648786720586, 29.618093234141515], [-115.50716321319037, 29.61906141319917], [-115.50856709504802, 29.620158939583032], [-115.50981871395909, 29.620720158089526], [-115.51071696075937, 29.620604159566653], [-115.51266870936887, 29.621509219916884], [-115.51444568394359, 29.625412547483332], [-115.51640576536464, 29.628407694446583], [-115.51789979691009, 29.62995290995425], [-115.5190886070674, 29.630799052217927], [-115.51942768143418, 29.630923974193777], [-115.52001428712994, 29.63066826776534], [-115.52077667615926, 29.631777462518485], [-115.5219677552571, 29.63260744351076], [-115.52458218772811, 29.635314078987964], [-115.5276992818161, 29.63700944488097], [-115.52871992737151, 29.637189976496963], [-115.52951956944872, 29.637571592785996], [-115.53043566169552, 29.638222969934645], [-115.53198231176994, 29.638862451284336], [-115.5320568311324, 29.638621137498724], [-115.53219169288607, 29.639010663849508], [-115.5338353165079, 29.640227665821815], [-115.53457294979015, 29.641096170198818], [-115.5357716026449, 29.641878417304458], [-115.53655557313611, 29.641737488940887], [-115.53657940975968, 29.641971861486365], [-115.53712262379189, 29.642357440273845], [-115.53749920422486, 29.64234258944398], [-115.53890951823719, 29.64292240612091], [-115.5393248513726, 29.6427309144851], [-115.53936161510453, 29.643157378392164], [-115.539680255751, 29.643344695938936], [-115.54058703826311, 29.643130608881997], [-115.5405296262668, 29.64372895198946], [-115.54192250948982, 29.646036525841385], [-115.54637805050369, 29.651110726078034], [-115.54740716779257, 29.65262168409268], [-115.55022980330202, 29.655590062197444], [-115.55450688449011, 29.659058126529292], [-115.55660973259471, 29.661318614634084], [-115.55803146148595, 29.662383423549006], [-115.55922088702249, 29.662961540545105], [-115.5600795502944, 29.66263367909763], [-115.56113368254319, 29.662713573232217], [-115.5629819648213, 29.663250089098163], [-115.56372659569676, 29.663683991016505], [-115.5646951767931, 29.665024886846574], [-115.56499012439551, 29.66629153338684], [-115.56757012451648, 29.671371048859502], [-115.56919935559971, 29.673308211444734], [-115.57013434467038, 29.67540493663017], [-115.57417383031965, 29.6814515661527], [-115.57671565346666, 29.684570058979077], [-115.58003599611779, 29.68816741412487], [-115.58614671659633, 29.692990552422117], [-115.58844219707214, 29.694370639522813], [-115.59160845473508, 29.695615745411384], [-115.59305100265016, 29.695672256984935], [-115.59427047710888, 29.696249276579152], [-115.59802110339027, 29.69688578188995], [-115.6010251715627, 29.69781972081814], [-115.60219408247241, 29.697974385861816], [-115.6032053534367, 29.69790895006215], [-115.60411549708074, 29.697412238563235], [-115.6052397922747, 29.69728136818039], [-115.60687269768269, 29.6963236354461], [-115.60789883963737, 29.696421787055925], [-115.60890118757193, 29.69627307078613], [-115.61146803169815, 29.696513991198927], [-115.61439456548626, 29.696098445958125], [-115.61510840297504, 29.695693937979026], [-115.61574788447726, 29.69585157709151], [-115.61685678740236, 29.695526249467896], [-115.61797810845133, 29.69544118305423], [-115.61884415699255, 29.69494440777354], [-115.61926651225251, 29.69500389389665], [-115.62122064353437, 29.696485108789613], [-115.62306175199765, 29.698992466364633], [-115.62523003550449, 29.70138382390553], [-115.62614315442761, 29.701907305370323], [-115.62746672894801, 29.702249353256292], [-115.62944763025949, 29.704367073481926], [-115.63009008479342, 29.704700197755827], [-115.63198665978867, 29.70663604900311], [-115.63693336976827, 29.710476999847923], [-115.63786184889656, 29.711460558584413], [-115.63901901232138, 29.712335293341233], [-115.64111888712996, 29.71347445981337], [-115.64276666273778, 29.714161530158187], [-115.64364475882657, 29.71414791023561], [-115.64481002468376, 29.714497627777245], [-115.64475946195091, 29.71522633794501], [-115.64556805914411, 29.716279249700765], [-115.6466460059025, 29.71723091225902], [-115.64817691008409, 29.718114980057372], [-115.65083291986348, 29.721146379684367], [-115.65151720472355, 29.721564094924243], [-115.6524451946187, 29.72123929956823], [-115.65352011704009, 29.721943025479067], [-115.65362077220666, 29.72230537977647], [-115.65457316874956, 29.723375320030645], [-115.65567144422799, 29.723612501160265], [-115.65571308540102, 29.72402890760395], [-115.65729840098923, 29.726464880290532], [-115.6599008796818, 29.729655370191026], [-115.66143258028309, 29.73086077898726], [-115.66242467593449, 29.731344209674326], [-115.66278008410977, 29.731200007381776], [-115.66379760403167, 29.731516785756714], [-115.66380920092065, 29.731313032234404], [-115.66409176205077, 29.7312386735899], [-115.66426724660187, 29.731539080224255], [-115.66553133586143, 29.73198522905309], [-115.67074532967422, 29.736199850475835], [-115.671955880298, 29.736833381289525], [-115.67355606820973, 29.739200945061334], [-115.67691027540403, 29.742401736188377], [-115.67821270889516, 29.743509339527858], [-115.67859041996154, 29.743551060461037], [-115.6787271420357, 29.74394853521227], [-115.68042816963366, 29.74357854925889], [-115.68156434115332, 29.744735966772218], [-115.68190952298664, 29.74468126009646], [-115.6823782765792, 29.745169049054727], [-115.68410338567344, 29.74581864195491], [-115.68441985438204, 29.746182699878883], [-115.68505279110612, 29.746461096863598], [-115.68525504450962, 29.746408749106898], [-115.68524076829887, 29.746180320483], [-115.68566669219037, 29.74621839207765], [-115.6855981939145, 29.74651574694078], [-115.68624014181678, 29.74638495403272], [-115.68643525764358, 29.745673494941325], [-115.686587297411, 29.74666847413079], [-115.68671841289834, 29.7458638521517], [-115.68641779699944, 29.745273913033913], [-115.68677174120592, 29.744961608395087], [-115.6872297884584, 29.745431551935415], [-115.68698589282133, 29.745711139070945], [-115.68699481617125, 29.746689692247948], [-115.68788273924793, 29.746774819666822], [-115.68819399970607, 29.74716661944814], [-115.68854376915631, 29.746909648917274], [-115.68895604977573, 29.74759474882616], [-115.68934165908115, 29.747618689447766], [-115.68983232291586, 29.74871520782394], [-115.69063241701087, 29.749655094738632], [-115.6917453425184, 29.750359685693674], [-115.69222058108078, 29.74996087309434], [-115.69259262055434, 29.749991779546487], [-115.69250404950377, 29.75025837023481], [-115.69369670928472, 29.75095487882659], [-115.69380354488027, 29.75072015753396], [-115.69543437898749, 29.751410260616055], [-115.6950510911142, 29.751634756479802], [-115.69490078180814, 29.752291014442008], [-115.6957601549913, 29.752813829772727], [-115.69626876483603, 29.75371207599753], [-115.69777429245693, 29.754498116825584], [-115.6993306278961, 29.754831033083786], [-115.69840433103069, 29.755455031976908], [-115.69799387369876, 29.756680454430246], [-115.69770833851506, 29.76541010081194], [-115.696459969348, 29.76779285893107], [-115.69558267973974, 29.77160425997787], [-115.69492809057547, 29.77686163046197], [-115.69027157894548, 29.795307370316152], [-115.6864777910038, 29.807524499769293], [-115.6855641650827, 29.814129566020505], [-115.68516858046871, 29.81832039125612], [-115.68507637490993, 29.8220591188009], [-115.68482950559908, 29.823162594134597], [-115.68476548862945, 29.833776850613795], [-115.68537459981226, 29.839979140059913], [-115.68570636983189, 29.841005119353884], [-115.68579613867462, 29.842324829880916], [-115.68680806966687, 29.845097519620285], [-115.68702816980553, 29.846453811918046], [-115.68770036712763, 29.84845553348525], [-115.68882975021683, 29.850566479414905], [-115.68925087627471, 29.852496975060568], [-115.69059916945892, 29.855186089043578], [-115.69213093919042, 29.863346090084107], [-115.69263607418694, 29.864444290525213], [-115.69305058482185, 29.864714390160444], [-115.6935526522338, 29.866529919459488], [-115.6937548109038, 29.868993409819705], [-115.69444256988282, 29.872264420410687], [-115.69455517416151, 29.87374760299132], [-115.69513931976553, 29.875225399092386], [-115.69518569149496, 29.876674599484893], [-115.69672744807649, 29.88287027273372], [-115.69771195022065, 29.888134830192115], [-115.7010045294756, 29.8982296928567], [-115.7018908778426, 29.89999049507652], [-115.70293486638472, 29.90120996822065], [-115.70528160963218, 29.903161126536755], [-115.706669751298, 29.904769372204566], [-115.7074290731702, 29.904975464976847], [-115.70793470927889, 29.905814224785363], [-115.70884485262444, 29.90910680514011], [-115.70959735701881, 29.91043335444282], [-115.7112903104586, 29.912051908751693], [-115.71333319872744, 29.915509879487566], [-115.71541513929958, 29.916884668176962], [-115.71769826046818, 29.91879183021029], [-115.71885459980653, 29.920216749000545], [-115.71926529827725, 29.921627733454947], [-115.7201026777403, 29.923359775926034], [-115.72136062072805, 29.925352665920208], [-115.72231982043587, 29.92627082926573], [-115.72341909779237, 29.928528741611984], [-115.72469304965918, 29.92898159895571], [-115.72525414983271, 29.929393879029586], [-115.72758656920952, 29.932143999654045], [-115.73109462951574, 29.93695774990508], [-115.73280477005386, 29.93872454954584], [-115.73533045854343, 29.940687849517047], [-115.73943984900103, 29.945361549706313], [-115.74136371504268, 29.94709982886676], [-115.74288006848431, 29.947903916213015], [-115.74410926826991, 29.948111004602072], [-115.74442905882385, 29.947930820405357], [-115.74607225894394, 29.94807706027228], [-115.74734669043274, 29.947925489083254], [-115.74892268911601, 29.94841461952293], [-115.75147741911931, 29.948621999701427], [-115.75249128992901, 29.949293860137697], [-115.75371479913959, 29.949507179441785], [-115.75608766050152, 29.951369199223375], [-115.75722980251918, 29.95143106558406], [-115.75736781081748, 29.95071484727838], [-115.75753913237274, 29.951190739333377], [-115.75929370116619, 29.951589879400302], [-115.7605372532586, 29.951545279045046], [-115.76153900602627, 29.952142523924067], [-115.76345667948485, 29.952848060488446], [-115.76432971981265, 29.95349785913711], [-115.76586248741486, 29.9538367003256], [-115.76637407129608, 29.953591615517112], [-115.76843468440116, 29.954510087587312], [-115.771351903513, 29.955007395593004], [-115.77525897815237, 29.956592116343646], [-115.77664144515886, 29.95692286130309], [-115.77804532651759, 29.9567182272739], [-115.7787168595038, 29.9569533093924], [-115.77937884907293, 29.95751119994875], [-115.78065794207897, 29.957835779129454], [-115.78128819533674, 29.957797048265856], [-115.782081460029, 29.957443550297672], [-115.7883472324287, 29.959423858807035], [-115.78930969048106, 29.959355739496967], [-115.79042265282395, 29.95872978196343], [-115.79189814967881, 29.958677950346456], [-115.79228139919576, 29.95816744989444], [-115.7937681195676, 29.958684859232644], [-115.79581317027767, 29.958534749056337], [-115.79685282197481, 29.95809654942086], [-115.80142742876566, 29.95852573937003], [-115.8037597803925, 29.958261171502244], [-115.80485964546688, 29.957430903707518], [-115.80552290426826, 29.9555985919739], [-115.8071659734294, 29.954362645986105], [-115.80731227074268, 29.953198454513878], [-115.80688759515596, 29.95303383176572], [-115.80817355298966, 29.95289545425036], [-115.80934022076849, 29.95212960554175], [-115.80968377861558, 29.950676639367884], [-115.81027693801325, 29.949832068634134], [-115.81075739991206, 29.949540986807097], [-115.81084877752711, 29.948948797467047], [-115.81144840097438, 29.94870133275244], [-115.81149123064259, 29.947851865939658], [-115.81180056152233, 29.947856624512752], [-115.81215985955336, 29.94836345055916], [-115.81239304728014, 29.948101709607688], [-115.81309498826194, 29.949788746936573], [-115.81349235819971, 29.949931514380207], [-115.8128927341665, 29.950652490817596], [-115.81242398000427, 29.950509723915903], [-115.81217175733619, 29.951233080140096], [-115.81224076167328, 29.95158524008981], [-115.81272379192417, 29.951892190287506], [-115.81307773673458, 29.952500143313568], [-115.81343703562885, 29.952483486498622], [-115.81332282131783, 29.952980794317174], [-115.81250904612618, 29.95337816385082], [-115.81228775631774, 29.95286895895025], [-115.81214022871976, 29.95383501990826], [-115.81169032421853, 29.95362569824411], [-115.8103466498106, 29.954155968046663], [-115.8100279990846, 29.955388280439603], [-115.80955613452973, 29.95569100059184], [-115.80936339819053, 29.956216860728585], [-115.80927773809297, 29.95708060558047], [-115.80947761151295, 29.95768022885989], [-115.81015028911833, 29.95768822989987], [-115.81029591011203, 29.957921733127083], [-115.81099570921639, 29.957837273997512], [-115.81116465005805, 29.958020491825017], [-115.81033421798297, 29.95845117482519], [-115.81038180758765, 29.958772402652496], [-115.81132407433525, 29.958608219116535], [-115.81143352948034, 29.958827129466194], [-115.81068637899995, 29.958938964482577], [-115.81010817002824, 29.958677223532007], [-115.80983929142097, 29.959067454954862], [-115.81088863250642, 29.95970990894807], [-115.81099570865726, 29.960247668581438], [-115.81066258414397, 29.960357123263012], [-115.8103091383277, 29.960080751331294], [-115.80965908073267, 29.960020930862758], [-115.80945143796532, 29.96042160631356], [-115.80948950990744, 29.960978400144928], [-115.81027235176383, 29.961651788341147], [-115.80964830612334, 29.962443804776658], [-115.81022714326063, 29.96280582626617], [-115.80974173263506, 29.962962871279114], [-115.80982739349929, 29.96308398553668], [-115.81024141899013, 29.963221994392924], [-115.80950021095447, 29.963428262788074], [-115.80936339841587, 29.963785925992145], [-115.80991543324141, 29.964599701778052], [-115.80978218334923, 29.96485192554493], [-115.80904455074003, 29.964751986890082], [-115.80895175222223, 29.964889995860073], [-115.80914924736224, 29.96536350908986], [-115.80889477057713, 29.96545233760602], [-115.80859721232932, 29.966015481289045], [-115.8090207561274, 29.96627484202101], [-115.80896126873286, 29.966396195200034], [-115.80841399286345, 29.96629149961282], [-115.80797379290716, 29.96721234991612], [-115.8080108988737, 29.967838081562597], [-115.80839257800449, 29.968230759212737], [-115.80766208401734, 29.96887559280611], [-115.80785961513915, 29.969738011743882], [-115.8067150582537, 29.970886238328788], [-115.80646283522819, 29.97154296911792], [-115.80650328598742, 29.97223301278838], [-115.80619157733561, 29.972832637508084], [-115.80553008681727, 29.97295161019034], [-115.80523027447387, 29.973201452979136], [-115.80314655251081, 29.9815886770108], [-115.80199658749133, 29.98769189541884], [-115.80052370072177, 29.992833910299844], [-115.80031353893834, 29.994332599706336], [-115.79950391321016, 29.99694494503295], [-115.7995098622685, 29.99769150094802], [-115.79909643050999, 29.998476722944325], [-115.79808516033742, 30.00284243937968], [-115.79748434590573, 30.00676854997818], [-115.79693707028484, 30.00788094776336], [-115.79650876673419, 30.009561442210842], [-115.79607723056223, 30.01177925982265], [-115.79644942199305, 30.012299431132295], [-115.79632138371505, 30.013594628233463], [-115.79652066445745, 30.013898009998975], [-115.79589308090648, 30.014436363265748], [-115.79544098440319, 30.01670577449199], [-115.79554508487495, 30.017595097560132], [-115.79521790909162, 30.01772299329982], [-115.79413540077528, 30.021320526218613], [-115.79340146047036, 30.024302120329242], [-115.79320724898201, 30.02599341908062], [-115.79266037985569, 30.027635079048896], [-115.79271077030643, 30.029377348986053], [-115.79244186060215, 30.02964977166953], [-115.79180947268834, 30.032436809430795], [-115.79161897443194, 30.034349179920536], [-115.79237260033719, 30.035308510428237], [-115.79241430932416, 30.035888095710447], [-115.79238337625692, 30.03612128319442], [-115.79206095386616, 30.036152809013455], [-115.7917370787776, 30.036675629900607], [-115.79182407952736, 30.03690597039186], [-115.79250234886608, 30.037161108239278], [-115.79226678276298, 30.03738715656907], [-115.79123885583368, 30.0372967374916], [-115.79035369578831, 30.039547707223278], [-115.78830973861628, 30.047723535272258], [-115.78778929766833, 30.052164765804296], [-115.78788619514967, 30.05312729141431], [-115.78721994627142, 30.055356846342956], [-115.78775056620009, 30.05560192972386], [-115.78779339570652, 30.05580894286149], [-115.78724968915965, 30.055825798394743], [-115.78658938943569, 30.056943945751115], [-115.78628719703002, 30.05792904314717], [-115.78645375911117, 30.059206814212097], [-115.78595883152805, 30.059830233489482], [-115.78605400958932, 30.061222217398214], [-115.7856400298425, 30.061404354480775], [-115.78541499168877, 30.062142866876382], [-115.78570589942083, 30.063319794768066], [-115.78659170046423, 30.063827441301967], [-115.78609018497865, 30.06394758694964], [-115.78576376655236, 30.064533220355074], [-115.78550570852012, 30.065560971116216], [-115.78576400246212, 30.066065258026367], [-115.78522219831592, 30.067273586463973], [-115.7855736453252, 30.067778469929465], [-115.78470965873753, 30.06862802995303], [-115.78520382887096, 30.069014679109767], [-115.78517389624807, 30.069298945736183], [-115.78488172787473, 30.06917797265093], [-115.78470090341251, 30.0693714908025], [-115.78518817162609, 30.069962814983793], [-115.78502411026443, 30.070916419668784], [-115.78461539862077, 30.071075770075932], [-115.78453239146238, 30.07131860141444], [-115.7855830066297, 30.071869284458103], [-115.78570237540362, 30.072378995814816], [-115.78539066492866, 30.07250986594186], [-115.7848807491102, 30.072410600289633], [-115.78523524068144, 30.072855336893777], [-115.78482163584448, 30.07314869924679], [-115.7845836227606, 30.07299975923154], [-115.7841435499482, 30.07384493949123], [-115.78444711024841, 30.074609109653686], [-115.78478342335815, 30.07489080003101], [-115.78468805858364, 30.075372709465565], [-115.78530286091981, 30.075934867118786], [-115.78472375992703, 30.0767510705938], [-115.78477200524735, 30.077083189803172], [-115.78396800118733, 30.077975994730686], [-115.78334681950467, 30.080196048942202], [-115.78297282398633, 30.0806639551322], [-115.78321137007336, 30.081702878754243], [-115.78382498028706, 30.081870665975053], [-115.78388208668241, 30.08208005801413], [-115.7828779543235, 30.08222996374716], [-115.78277745502149, 30.082497594595086], [-115.7829683736311, 30.082598781628946], [-115.78302994861286, 30.08307539931745], [-115.78264238811545, 30.083372104799995], [-115.782290228291, 30.08453566225562], [-115.78243900474747, 30.085337237065723], [-115.78265190634404, 30.085551692148908], [-115.78288282732211, 30.085507532823904], [-115.78329783197067, 30.086345925036373], [-115.78222140057288, 30.08624087813035], [-115.78184924876183, 30.08693295956204], [-115.78200977686201, 30.08766281426279], [-115.78224429991096, 30.08799427823108], [-115.78280657120332, 30.088226206048322], [-115.78306831049976, 30.088875798967273], [-115.78220611880472, 30.089022659564435], [-115.78167680300241, 30.08939881872482], [-115.78131226884368, 30.090854797613616], [-115.78203608919334, 30.0926858299666], [-115.78186743031918, 30.092912509529338], [-115.78199613950412, 30.09339241970124], [-115.78383878112213, 30.09363614787531], [-115.78454690766941, 30.094344276448833], [-115.78446315122714, 30.09483539701592], [-115.78349994571343, 30.094980068569924], [-115.78325819177743, 30.09551116394867], [-115.78363938161199, 30.096000857292672], [-115.78426042131532, 30.09594850933989], [-115.78500995233757, 30.096560030369034], [-115.78495046539925, 30.096840806911732], [-115.78462923789138, 30.096952641560822], [-115.78352754684401, 30.096512441401728], [-115.78481880134677, 30.097816739382555], [-115.78439325049804, 30.098218373890266], [-115.78474345148027, 30.098439804021904], [-115.7839297188494, 30.099349059090997], [-115.78391649160426, 30.0996239123486], [-115.78416608239411, 30.100108497408435], [-115.78479579988526, 30.100262471494705], [-115.78495046513163, 30.101176184948145], [-115.78423186761998, 30.101249948528853], [-115.78422472907678, 30.101554518743047], [-115.78544777165382, 30.10159021137392], [-115.78580542550309, 30.10221847584048], [-115.78561796198426, 30.1026612458701], [-115.78617112760539, 30.103072615082986], [-115.78686355166144, 30.104255207577335], [-115.787334684953, 30.104348006444873], [-115.78736561754864, 30.105423521825404], [-115.78629485952841, 30.107177185291807], [-115.7873686944116, 30.107454388575363], [-115.7874084477107, 30.108188456567444], [-115.78793906814813, 30.1084287820268], [-115.78828516985241, 30.10955334884284], [-115.78900030745889, 30.110301416969126], [-115.78979504801508, 30.11045132410106], [-115.790148377913, 30.110991220246863], [-115.78997934059468, 30.111592509997923], [-115.78954346007771, 30.111604290034364], [-115.79027241250508, 30.11258653405415], [-115.78900324893398, 30.113172549059353], [-115.78805566239305, 30.113206738778576], [-115.78891286175393, 30.115133210352504], [-115.78882363288497, 30.115826228488604], [-115.78917460317051, 30.11630212105378], [-115.78897829804322, 30.11657575953356], [-115.78825256165932, 30.11662929675874], [-115.78809492280661, 30.11688211440342], [-115.78952259906843, 30.118291945284753], [-115.79054279306607, 30.118095639050757], [-115.7910711773407, 30.118216459195416], [-115.79095919932465, 30.118892759128155], [-115.79149834934225, 30.120091460144515], [-115.79128404893969, 30.120321519554498], [-115.79166142928926, 30.120825348791566], [-115.79218525899726, 30.120994289108218], [-115.79310071416474, 30.12022228352438], [-115.79349585322191, 30.120375684602326], [-115.79341599208388, 30.12076658410604], [-115.79284885858009, 30.12112968988905], [-115.7933267625432, 30.12269692227956], [-115.7932880963988, 30.123898550233342], [-115.79349332548139, 30.12421382917132], [-115.7939525610099, 30.124135008835236], [-115.7942856847209, 30.124389610813182], [-115.79474009119654, 30.1243763490435], [-115.79420727875828, 30.124798169875405], [-115.79417385134082, 30.12507489625549], [-115.79465797417292, 30.125445228065388], [-115.79523471452245, 30.125556274053576], [-115.79521948902631, 30.12607811994996], [-115.7954753688622, 30.126262150265], [-115.79578474604372, 30.126188484420435], [-115.79578028935104, 30.126417229144582], [-115.79524136332462, 30.126898864540728], [-115.79552409820904, 30.127618270786744], [-115.79696852827954, 30.128597688248682], [-115.79746884845595, 30.12868291904607], [-115.79787576870696, 30.128518980487634], [-115.79819976230036, 30.128904431932877], [-115.79837968587577, 30.12881652441487], [-115.79836646135645, 30.129192552722355], [-115.7977358753859, 30.129691892567962], [-115.79810700287489, 30.130765703092482], [-115.79845834985542, 30.1310494901158], [-115.79914783477521, 30.131172972939435], [-115.80031464543097, 30.13069458783346], [-115.80042917850099, 30.131176279496124], [-115.79964542123919, 30.131357862865382], [-115.79984172682461, 30.132128213063343], [-115.80035331097656, 30.132672515345906], [-115.80094510477895, 30.132946479212382], [-115.80152935974365, 30.132704935085386], [-115.80203202139695, 30.132731704343243], [-115.80178381901105, 30.133064849455103], [-115.8013116897821, 30.133142799012365], [-115.80120803496398, 30.13344914016961], [-115.80170187045042, 30.134156405823852], [-115.80229235713063, 30.13399117637595], [-115.80156873923036, 30.13468344880741], [-115.80123359899265, 30.134555319535938], [-115.80109808163883, 30.1347363999571], [-115.80100885203464, 30.136149205199043], [-115.80126167050476, 30.13663402020339], [-115.80067275382814, 30.13819256677093], [-115.80055080596452, 30.13983736982846], [-115.80022363038867, 30.140807000215787], [-115.80102243663964, 30.141909313970594], [-115.80101470374356, 30.142125845596244], [-115.80047916920475, 30.142458599748096], [-115.80041028963262, 30.142974619913172], [-115.80082790874962, 30.14469145963264], [-115.80252994424173, 30.1483504868072], [-115.80280282923438, 30.148486950546182], [-115.80249165774306, 30.148652822245555], [-115.80228568099895, 30.149173200862396], [-115.80241060306139, 30.15044026416119], [-115.80295787893456, 30.151951222198708], [-115.80218242355241, 30.153400921165673], [-115.80183442819856, 30.155357433492537], [-115.80014858004442, 30.160577375470698], [-115.7998140158356, 30.162557669511326], [-115.79983186186894, 30.163994269404576], [-115.79818111078083, 30.170374199147666], [-115.79630728644206, 30.181590383578758], [-115.79487960888363, 30.195073004498614], [-115.79490547637114, 30.210267623755115], [-115.79471197504432, 30.21224032263247], [-115.79548934609686, 30.22777274678759], [-115.79527043469574, 30.23868971407239], [-115.79591288947127, 30.2471534569706], [-115.79639829998943, 30.24950912318467], [-115.79636273959485, 30.250899340518995], [-115.79730245959531, 30.25457719890713], [-115.79828325935246, 30.256408019993827], [-115.79906762860126, 30.25860262053387], [-115.79893908804033, 30.25999255231567], [-115.79975762343561, 30.266007830387487], [-115.80150868651418, 30.274482545497168], [-115.8025106592743, 30.27826919234366], [-115.80339581899753, 30.28064865287369], [-115.805007289045, 30.284039280000624], [-115.80655336368758, 30.286542577967396], [-115.80762682880224, 30.287772938989725], [-115.80867045850903, 30.292794779524325], [-115.80949674001346, 30.294488109289656], [-115.81052665998885, 30.297488460177444], [-115.81191858421957, 30.300651486227274], [-115.81345306002603, 30.302241169835277], [-115.8161241512959, 30.308565084871635], [-115.8182942186988, 30.311318121332906], [-115.81920079394676, 30.312110481781996], [-115.82042145667188, 30.312688690754317], [-115.82236071827549, 30.31428530916873], [-115.8263486953861, 30.318642101982096], [-115.82735752253221, 30.321823251282208], [-115.83093255345032, 30.330151280890554], [-115.8324030608184, 30.33460563247145], [-115.83379742486312, 30.33802729727055], [-115.83664802025143, 30.342767184484476], [-115.84031714941844, 30.347378578793908], [-115.84888320752142, 30.35647763847986], [-115.8561072517427, 30.36275941535532], [-115.86212847749442, 30.367479670943702], [-115.86900511960297, 30.372452744531703], [-115.874601612044, 30.375955311198272], [-115.87834212541125, 30.378020683204976], [-115.88708961902208, 30.38233405103619], [-115.89317865947581, 30.386821714885304], [-115.89659318636159, 30.389931670229878], [-115.90105051151181, 30.393129368100723], [-115.91045818621208, 30.397763486837206], [-115.91928836616255, 30.400832992144636], [-115.93006732419437, 30.403329046711427], [-115.93447170721868, 30.40385728678042], [-115.93940432906224, 30.404009572953395], [-115.9438334112632, 30.403710888338857], [-115.95202186434895, 30.402289774559982], [-115.9577420894652, 30.401121459157423], [-115.96681823448601, 30.398941736705428], [-115.96946837885874, 30.39804345960937], [-115.97745694970045, 30.394728909374333], [-115.98041638355474, 30.39252625352069], [-115.98439490954621, 30.388323320029514], [-115.9848982801282, 30.388049220247904], [-115.98664105360908, 30.387862508779268], [-115.987331097668, 30.388157563202668], [-115.98755952640697, 30.38884760599498], [-115.98654666014333, 30.39000570895034], [-115.98675279961385, 30.39042091950959], [-115.9853738501439, 30.390875779105308], [-115.98622346039912, 30.391216969132884], [-115.98640799994337, 30.391675618999844], [-115.98589873967585, 30.392498379548087], [-115.98580951996247, 30.39326613912472], [-115.98533662044268, 30.393664428699818], [-115.98485111018594, 30.393642219480693], [-115.98550894997264, 30.394326519456524], [-115.98530529045074, 30.394943739319334], [-115.98266502003034, 30.39846311909877], [-115.98199343021753, 30.399023679208014], [-115.98134428960918, 30.39924139930439], [-115.98064520025792, 30.399248509551693], [-115.98034145040765, 30.39902597921698], [-115.97991646010429, 30.399434538724986], [-115.97998256997717, 30.40001751960061], [-115.97956911049151, 30.400580649275312], [-115.97883562003092, 30.401060509499732], [-115.97805554037299, 30.401184859290673], [-115.97794645019434, 30.401692619398887], [-115.9781661398945, 30.4021765494739], [-115.97783608997548, 30.4031130487964], [-115.97509514983452, 30.40764213952747], [-115.97453742970082, 30.408293679064663], [-115.97160804946041, 30.41058633879219], [-115.97086419957543, 30.410485569131076], [-115.97014856967522, 30.410105178990282], [-115.96961151046246, 30.40861377900753], [-115.96910659963267, 30.40811288961609], [-115.96894365031372, 30.406771399424073], [-115.96822418003666, 30.40626984878633], [-115.9677003696608, 30.406456229280696], [-115.96738454968066, 30.406899259116457], [-115.96782855035883, 30.408063889221925], [-115.96750821945696, 30.408753278907163], [-115.96668764973393, 30.4095304894877], [-115.96403284997818, 30.410909679070908], [-115.96285847947209, 30.41067308896454], [-115.96266354037104, 30.409978028844538], [-115.96123348019974, 30.4095214787691], [-115.95895342034704, 30.408337429072418], [-115.95598207983744, 30.410078829133298], [-115.95503613955314, 30.410257819490386], [-115.95459119983072, 30.409816139400043], [-115.95383541960614, 30.410194228940938], [-115.95266215018925, 30.409256799453324], [-115.94879186046298, 30.409288739148632], [-115.94801883003764, 30.409657379570547], [-115.94760085133414, 30.409276613320674], [-115.94744675582528, 30.409477233937064], [-115.94762283582692, 30.409791322072792], [-115.9463093732012, 30.410712174012428], [-115.94556222317247, 30.410788316726833], [-115.94462471505004, 30.41016965745467], [-115.94406078345406, 30.41037191120406], [-115.94354919896755, 30.41032670158688], [-115.9429234005389, 30.410771660382004], [-115.94251651303313, 30.410826388037886], [-115.94108645547763, 30.412194578060415], [-115.93977537310337, 30.41255863640415], [-115.93907581201303, 30.41236114033626], [-115.93730311330678, 30.410904910269867], [-115.93718176059053, 30.411016745548196], [-115.9386927191023, 30.412444422087905], [-115.94024412747662, 30.413067840146663], [-115.9407557496323, 30.413689560363746], [-115.94059632634067, 30.414189246720234], [-115.94096276308382, 30.415600268575435], [-115.94120784677912, 30.415971463124176], [-115.9423975784876, 30.416587744200427], [-115.94229764045483, 30.416832828397645], [-115.94200258672267, 30.416856623484627], [-115.94207872986118, 30.41732061803058], [-115.94299244276439, 30.418427067509455], [-115.94329225492676, 30.419640591971927], [-115.94333270588871, 30.42135618439811], [-115.94318993761809, 30.421805902379287], [-115.94241423391664, 30.422726752987103], [-115.9427997064975, 30.422869521079814], [-115.94281636308207, 30.42312650320612], [-115.9419407207396, 30.423193127972876], [-115.9416528063969, 30.42366902025303], [-115.94249275623588, 30.42393076157898], [-115.94327084038525, 30.424873027537178], [-115.94202876107364, 30.425858124374884], [-115.9413125427308, 30.426146039264136], [-115.94217390849509, 30.42602230712651], [-115.94209062705214, 30.426505337087413], [-115.942585555213, 30.42664810518703], [-115.94304241170805, 30.426124624045606], [-115.94354923672402, 30.426131762416833], [-115.9430614474484, 30.427157309933065], [-115.94348023224399, 30.427466639912065], [-115.94336125848342, 30.42810671482888], [-115.94301385793175, 30.428147165519913], [-115.94264742089396, 30.42768079116375], [-115.94240233693664, 30.427880666146304], [-115.94310665711284, 30.428537397012782], [-115.9431693252881, 30.4296524067702], [-115.94286474067762, 30.430276653259217], [-115.94309393353512, 30.431220561349708], [-115.9427863326624, 30.431386422851826], [-115.94240334217697, 30.431274843438874], [-115.94267173712613, 30.432257955355166], [-115.942499844249, 30.432873154173905], [-115.94223446417622, 30.433222971871828], [-115.94168259387838, 30.433322490365043], [-115.94312107379825, 30.43330439642239], [-115.94402276219631, 30.43381103054181], [-115.94402577831524, 30.434010065497475], [-115.9437211937112, 30.43455891902093], [-115.94131468114621, 30.43404022241274], [-115.93984604456139, 30.43315662789334], [-115.93982795079923, 30.433385818867862], [-115.94071456134056, 30.433994987380675], [-115.94168561052301, 30.434353853332478], [-115.94183337777879, 30.434661452174335], [-115.94159212380856, 30.43486953383455], [-115.94292505493809, 30.43528268218746], [-115.9440197474663, 30.43518919609019], [-115.94455352216981, 30.435397278419035], [-115.94515495602656, 30.43641874641927], [-115.9444292205649, 30.43700766287258], [-115.94333169410258, 30.436930329725598], [-115.9412615627182, 30.43621946606239], [-115.94089869490253, 30.43649905331498], [-115.9413656649552, 30.436493104321148], [-115.94161848214846, 30.437001714032956], [-115.94293016042245, 30.437459760370167], [-115.94379568898856, 30.438022503000678], [-115.94351491271712, 30.438560261183763], [-115.94378141183122, 30.43859119417954], [-115.94376237730575, 30.438805344832346], [-115.94302236392899, 30.439409728830555], [-115.94198967761693, 30.439695264345197], [-115.94201823160921, 30.44004266490721], [-115.94234421753936, 30.440252057927488], [-115.94221572697238, 30.440654187400146], [-115.94183025411759, 30.440953999533498], [-115.94198016031164, 30.441337092168446], [-115.9415923083778, 30.44175349811644], [-115.93864616226921, 30.44272332078123], [-115.93900890575807, 30.443235829467156], [-115.94047396234085, 30.44310741073609], [-115.94093081845801, 30.443352495103486], [-115.94203293830478, 30.44339946108447], [-115.94206625038491, 30.44356126532581], [-115.94137382735664, 30.44377779631139], [-115.94143093430066, 30.443939599152557], [-115.94173074606246, 30.443694514931703], [-115.94228754007658, 30.44363264953672], [-115.94323456501178, 30.444179925058936], [-115.94336067652888, 30.444584433212995], [-115.94298710149432, 30.44480334288684], [-115.94302755201691, 30.445124570963205], [-115.94372949301572, 30.444791446153037], [-115.94367238618, 30.44525306239117], [-115.94289906081556, 30.4454267623242], [-115.94230419591305, 30.44604780255526], [-115.94327739630087, 30.44580509718628], [-115.94376518477037, 30.44605969943581], [-115.9438318100752, 30.44644517200973], [-115.94315366411736, 30.446868716359955], [-115.94301089551179, 30.447254187863212], [-115.94330356977812, 30.4473755415437], [-115.94326074041433, 30.447630143587904], [-115.9421542895628, 30.447496893225015], [-115.94297282517971, 30.44744454494145], [-115.94153173106125, 30.447448925935717], [-115.94072893108986, 30.447182724135736], [-115.94113976350535, 30.44761032556302], [-115.94250407126478, 30.447851433014208], [-115.94170457230533, 30.448172660293203], [-115.94253738337477, 30.448267839238042], [-115.94201152214072, 30.448581928048664], [-115.94110970716346, 30.44827973625665], [-115.94138810384545, 30.448477231314087], [-115.941176332343, 30.448558133394485], [-115.9421376340454, 30.448741350765175], [-115.94218998184606, 30.448995954398786], [-115.94191158452297, 30.44931242210978], [-115.94144759032149, 30.44920296698769], [-115.94160463484764, 30.449640787753484], [-115.94142617479561, 30.449804969801065], [-115.94089317572586, 30.449845420757907], [-115.94144283075036, 30.450611608123697], [-115.94063143504671, 30.450906661335], [-115.94077420298412, 30.45114222836118], [-115.9405933636278, 30.451403968530986], [-115.93967727125857, 30.450571157012522], [-115.93934176668228, 30.45059019275206], [-115.93971296345374, 30.45100659814432], [-115.93937745896861, 30.451387311854482], [-115.93937269967934, 30.451787061238548], [-115.9397714985195, 30.45256395641307], [-115.93943266325876, 30.452866622965416], [-115.939828605244, 30.45355761802077], [-115.9396135016664, 30.45369277235883], [-115.93918900635204, 30.453401526596494], [-115.93895486667367, 30.45358997943133], [-115.93931464062526, 30.453865996760207], [-115.93913522963065, 30.453962603442072], [-115.93840473546145, 30.453734173934635], [-115.93825007116702, 30.45341770593551], [-115.93794549946548, 30.45387694183001], [-115.9386997885583, 30.454233860818462], [-115.93816916948767, 30.45462171321828], [-115.93759869338265, 30.454170507703218], [-115.93708473030748, 30.454484597011998], [-115.93763911798612, 30.45507240698703], [-115.9363068244036, 30.45636956476948], [-115.93586424414093, 30.456333873560467], [-115.93565009322039, 30.456707448447638], [-115.93652811362885, 30.45718096102504], [-115.93609505240248, 30.45775441149326], [-115.93457933493784, 30.45794238954897], [-115.93425097011935, 30.458254098344014], [-115.93366562163173, 30.458092295293092], [-115.93432711181612, 30.458577705516756], [-115.93575954753481, 30.458687159781494], [-115.9363020650977, 30.459124981480006], [-115.93974514492108, 30.46057645177936], [-115.94028290345952, 30.46064307723335], [-115.94058271520873, 30.460371818215933], [-115.9414964284495, 30.460300433970176], [-115.9436189078059, 30.460276640157204], [-115.9453916062374, 30.45992209992475], [-115.94671934506361, 30.46011483582986], [-115.94716668359098, 30.460276640298574], [-115.94797808007482, 30.461033308512945], [-115.94970318855106, 30.4617875984575], [-115.95071684008275, 30.46257282053796], [-115.95219924378497, 30.464038567763783], [-115.95247050255432, 30.464799995292708], [-115.95256805978714, 30.46732222464104], [-115.95315578672785, 30.467883777599642], [-115.95361026354215, 30.46777194250306], [-115.9544192814667, 30.46865472173342], [-115.95443355772315, 30.46993725112178], [-115.9550189053685, 30.471331615958142], [-115.95599210493107, 30.47157907984344], [-115.95749354520956, 30.472468998263963], [-115.9584096374529, 30.47412272357838], [-115.95859761465407, 30.474065616199105], [-115.95852147173281, 30.47380149636836], [-115.95884269877368, 30.473918090442822], [-115.95882128400723, 30.474393982556503], [-115.95940425184871, 30.47569554716046], [-115.95946849661712, 30.476866242568164], [-115.96007525959756, 30.47763956679693], [-115.96085937849051, 30.479714063528967], [-115.96242804382653, 30.480723203409468], [-115.96370343538356, 30.481039672591688], [-115.96443630919335, 30.48096828849915], [-115.96650643963135, 30.48206046161772], [-115.96674676617532, 30.48286233927838], [-115.96660161943464, 30.483799847122345], [-115.96674914506286, 30.484573171595233], [-115.96789604473665, 30.48548212486547], [-115.9682077550809, 30.48616503086372], [-115.96867412898227, 30.48633159280343], [-115.9691904721642, 30.486148375121104], [-115.96899059651277, 30.48581049116471], [-115.96873123557451, 30.485815249868278], [-115.96951407859987, 30.485218005325397], [-115.97012322116232, 30.48553209445298], [-115.97095841234228, 30.485558267977435], [-115.97192209321331, 30.485139483010453], [-115.97435866075753, 30.4845303407556], [-115.97605759719298, 30.483823641098105], [-115.9770236581731, 30.483990203476935], [-115.9779564058209, 30.484799220574907], [-115.97853223643483, 30.485422638862094], [-115.97990994438852, 30.488356514045936], [-115.98104494651571, 30.489072731987626], [-115.980062229315, 30.48813522559613], [-115.9804881532806, 30.48827561277461], [-115.98142504475634, 30.4889864045166], [-115.98160174110998, 30.49089956351202], [-115.98226918004922, 30.492173765318867], [-115.98174450797553, 30.493683533009797], [-115.98221564179279, 30.49422248086616], [-115.98148395669098, 30.49470789138761], [-115.9790426296499, 30.49522899334724], [-115.97820743993655, 30.495218285577668], [-115.97776485989105, 30.495628742255978], [-115.97695108391251, 30.49532893052983], [-115.97656561194042, 30.495832186543474], [-115.97652278115295, 30.49645322530964], [-115.97778270602056, 30.497024296537813], [-115.97808608682028, 30.497416906975303], [-115.97796116517442, 30.49777739533441], [-115.97725803520282, 30.498287789810828], [-115.97704745225634, 30.49869467855342], [-115.97752929351384, 30.499005197576448], [-115.97793261180699, 30.498648278434544], [-115.97884632487961, 30.498719661745568], [-115.97958871732952, 30.4982556670959], [-115.97998846637806, 30.497684596377336], [-115.98095095843871, 30.497590013242288], [-115.98125731424773, 30.497340169238495], [-115.98540947311407, 30.497030839054826], [-115.98641776967155, 30.49715278693372], [-115.98995840800349, 30.498322886805443], [-115.99062941585237, 30.498306231551656], [-115.99031770611738, 30.498089700006123], [-115.99041526431094, 30.497946932520307], [-115.9909554017506, 30.49814918659069], [-115.99196905152405, 30.49895582294224], [-115.99266147544184, 30.499034346207235], [-115.99260436848958, 30.49874881040827], [-115.9928066231684, 30.498932029145184], [-115.99305170683654, 30.499491202266963], [-115.99415577747425, 30.500302598135576], [-115.99426761195782, 30.500823699852543], [-115.99370605918833, 30.501961082896532], [-115.99264957826234, 30.502679679850306], [-115.99230217682327, 30.502613055165817], [-115.99048902806734, 30.5044166863428], [-115.98977994842059, 30.505449372756427], [-115.98973711754074, 30.50581581066389], [-115.99108151331474, 30.506736660846006], [-115.99159785587692, 30.507569472163645], [-115.99110292852438, 30.507786003045023], [-115.99035577828386, 30.50852839483087], [-115.99015352356737, 30.509651500947257], [-115.98912559610704, 30.51125525693158], [-115.98924694915408, 30.511455132094568], [-115.99031770570836, 30.511171976415984], [-115.99010355474047, 30.51027016120122], [-115.99115527689949, 30.508878176106435], [-115.99168351748747, 30.508518877283866], [-115.99259247060324, 30.508335659442345], [-115.99307074267494, 30.507821695404257], [-115.99327061809036, 30.507331526391003], [-115.99323968499756, 30.506422572366656], [-115.99254726066658, 30.50506865917172], [-115.99407725493367, 30.504666529867524], [-115.99623066748285, 30.504423825389644], [-115.99711106840334, 30.50463559725773], [-115.99716341570166, 30.503895584418864], [-115.9973989816152, 30.503581496061546], [-115.99763217054576, 30.50419063842535], [-115.99836266357708, 30.504364338317504], [-115.99858633334304, 30.503955071266695], [-115.99856015905478, 30.50341017442765], [-115.99813602044168, 30.50198055092502], [-115.99867377869778, 30.501369030359836], [-115.99906876849279, 30.499572536106307], [-115.99958749179854, 30.49913709533552], [-115.99958273298074, 30.497478611015246], [-115.99870709088074, 30.496800464224034], [-115.99825737272084, 30.49595813514787], [-115.99680590244976, 30.49564642657076], [-115.9967154824047, 30.495491761457107], [-115.99696294566351, 30.49557504203491], [-115.99656795594639, 30.495279989397613], [-115.99518072961664, 30.49473985124241], [-115.99302017932007, 30.494418624464775], [-115.99246100552335, 30.49389038401516], [-115.9919446625018, 30.492938599244045], [-115.99042180837853, 30.49253409149314], [-115.99011723726329, 30.492053440302758], [-115.98911786337624, 30.491518060705946], [-115.98838498857309, 30.49153233846806], [-115.98784485228147, 30.491282494499334], [-115.98707390596937, 30.490342607239167], [-115.98684785690564, 30.488981556535485], [-115.98646714411402, 30.488486628618418], [-115.98687878979662, 30.4875253253491], [-115.98660753212022, 30.486730584740407], [-115.98539400748705, 30.485624136096366], [-115.98327390734643, 30.484827017340525], [-115.9822816722207, 30.483927579817752], [-115.98160828420453, 30.483599215118833], [-115.9809563125256, 30.482273855412426], [-115.9805684600542, 30.482145364170517], [-115.97853877974835, 30.4841441109593], [-115.97831511048193, 30.48417266502925], [-115.98031623689073, 30.48227623430799], [-115.98075167779328, 30.481491012242213], [-115.98043758876409, 30.47993008656444], [-115.97980227263133, 30.478247806913714], [-115.97951197865106, 30.477886129248574], [-115.97494817342994, 30.47676302334795], [-115.97461504752071, 30.47650366249355], [-115.97419864281488, 30.47597780130014], [-115.97407967046531, 30.47572319889836], [-115.974467522057, 30.47612770678191], [-115.97517184216501, 30.475371039262818], [-115.97473461620696, 30.473881793294765], [-115.97487024631107, 30.47295856323225], [-115.97746861738821, 30.472694442188597], [-115.97873686985595, 30.47218285816088], [-115.97677381422989, 30.470521994500277], [-115.97653586818716, 30.470424437351443], [-115.97610280642343, 30.470679038741263], [-115.97591958796203, 30.47041253886902], [-115.97740437199936, 30.469972339558872], [-115.97760662622187, 30.46931798675133], [-115.976926099692, 30.46988429952517], [-115.97651207401005, 30.469922370140157], [-115.97541752187583, 30.469215669867577], [-115.97467037120012, 30.46810922095913], [-115.97302854279995, 30.46680051677224], [-115.97230042831342, 30.466526879571695], [-115.97176029007639, 30.466800517453937], [-115.97150806716287, 30.467364450255037], [-115.97184595078154, 30.467914105161896], [-115.97158658937386, 30.468504212061525], [-115.97095127280814, 30.46840665439603], [-115.97031357848371, 30.46912762990683], [-115.96900725424014, 30.469239464906202], [-115.96795315239888, 30.46807828790521], [-115.96805784888265, 30.467404900792143], [-115.96739160008019, 30.46694804376297], [-115.96577594632893, 30.464518614077463], [-115.96502641556697, 30.46397371855938], [-115.96414839409492, 30.464076034826867], [-115.96303480718099, 30.46321942900957], [-115.96327037298046, 30.46100652975601], [-115.96291345444241, 30.460618677839772], [-115.96297056087786, 30.460176098381336], [-115.964029420547, 30.457218428657114], [-115.96320850750668, 30.456630701553188], [-115.96277869070839, 30.455488222888974], [-115.96282910971034, 30.455261336784485], [-115.96369629681773, 30.45481041300165], [-115.96364156896516, 30.453713482612937], [-115.96218771761426, 30.452323877027904], [-115.96042600287845, 30.45195199347726], [-115.95989300389053, 30.450343478158608], [-115.95823689916651, 30.45104066004192], [-115.95789663645262, 30.450966896338446], [-115.95755161408098, 30.45042675894173], [-115.95750640445274, 30.44916088489816], [-115.95684015488997, 30.44795925781768], [-115.95726132041014, 30.447402464564323], [-115.95658079421715, 30.44599144297707], [-115.95717090023511, 30.445646422055024], [-115.95741836406965, 30.4451062838953], [-115.95886507660839, 30.444356754288734], [-115.96014046775161, 30.444106910302228], [-115.96044741792404, 30.443742853490612], [-115.96033558326135, 30.443238407111597], [-115.96089475727868, 30.442862452550976], [-115.96116363607447, 30.44208912719674], [-115.95884604065553, 30.439483617758086], [-115.95730890892152, 30.43838430721826], [-115.9573231855569, 30.438136843562067], [-115.9594242499359, 30.43783227229249], [-115.96096138209886, 30.43838192756549], [-115.96165618423873, 30.437960762501536], [-115.96133257762584, 30.437154125351547], [-115.96222776161139, 30.436513585951083], [-115.96388624618179, 30.436349403090727], [-115.96500459294175, 30.4360067611898], [-115.96528536848987, 30.435483279984933], [-115.96457867009521, 30.434362552751015], [-115.96592782394008, 30.434669504438585], [-115.96614911352358, 30.434234062789837], [-115.96699144259975, 30.433939009201744], [-115.9674007101347, 30.43341790696228], [-115.96759582568275, 30.432037820344355], [-115.96690578186417, 30.430448340189603], [-115.96722701023297, 30.42930143972255], [-115.96851191912924, 30.42898735137634], [-115.96937328347248, 30.428230681950733], [-115.96928286448748, 30.428014152500506], [-115.96982300249762, 30.428159299191268], [-115.97073195561713, 30.427778585219354], [-115.97126019554476, 30.426919599174894], [-115.97369438479281, 30.427112336443276], [-115.97474372750449, 30.427366938052362], [-115.97506019513303, 30.428011772307983], [-115.97574785885656, 30.42819023227899], [-115.97651166601143, 30.428049843400665], [-115.9775134203189, 30.427195617155377], [-115.97824391374212, 30.427250345492382], [-115.98009751358164, 30.42810457126793], [-115.97996902305702, 30.429334751721505], [-115.98012130912132, 30.430053350447785], [-115.98080659396578, 30.429936756331895], [-115.98120872232013, 30.430058108928886], [-115.98157515874739, 30.43090281734085], [-115.98221761430116, 30.431014652552005], [-115.9824484223662, 30.43149530270687], [-115.98293383196742, 30.43160713773448], [-115.98282437683358, 30.43134063793089], [-115.98326695595067, 30.43139298611778], [-115.98388323719786, 30.432135378335076], [-115.98419970524024, 30.432087789588937], [-115.98399507098236, 30.431766562500663], [-115.98426157071111, 30.431381089154485], [-115.98494685601005, 30.431966435862805], [-115.98476601661659, 30.432568440214883], [-115.98559644863707, 30.43339411318469], [-115.98585342962464, 30.434314964539432], [-115.98690277295431, 30.435200124255687], [-115.98718116984438, 30.436168564425014], [-115.98705981714346, 30.436799122218314], [-115.98852318606227, 30.438298182205774], [-115.98998536378379, 30.438962051992934], [-115.99023044928325, 30.439630679745107], [-115.99068016718279, 30.439961425016186], [-115.99176996002896, 30.440204129894177], [-115.99231723620412, 30.440149402868947], [-115.99316432349153, 30.440775200980422], [-115.99330471253569, 30.44108453084828], [-115.9929906234992, 30.441441449787327], [-115.99303107384863, 30.441736503272], [-115.99334040358168, 30.441558043941797], [-115.99337847586193, 30.442369440573508], [-115.99290734336101, 30.44323794317358], [-115.99337133666977, 30.44383280802743], [-115.99317622191903, 30.443897053855203], [-115.99324522568396, 30.444311079760006], [-115.99360214452443, 30.44470369126674], [-115.99414228346656, 30.44462041024487], [-115.99519876258645, 30.44485121815647], [-115.99548667763467, 30.445317592032662], [-115.99499412958635, 30.445776827837214], [-115.99500602685949, 30.447513833952662], [-115.9945539305368, 30.449255600515862], [-115.99465862581465, 30.44996705953119], [-115.99530821908435, 30.45130907509142], [-115.99712850567084, 30.451651716816244], [-115.99746876932763, 30.451520847053594], [-115.99749018412359, 30.450930740313694], [-115.99771385349302, 30.45065710203278], [-115.99782093012782, 30.45090932560778], [-115.9982873045447, 30.451130615533202], [-115.99857997785224, 30.45077131736464], [-115.9999124758984, 30.45202648246391], [-116.00082143041767, 30.452176387730308], [-116.00046451068275, 30.45230011977615], [-116.00031222500873, 30.452623726908524], [-116.00073339003272, 30.45320193614033], [-116.00217534325364, 30.454077578258303], [-116.0033365196781, 30.454208447805986], [-116.00537809800915, 30.453642135875167], [-116.00662969436591, 30.452761736151153], [-116.00715793352971, 30.451926545368295], [-116.0078551173916, 30.451705255220958], [-116.00944697568231, 30.451572005454196], [-116.01076995621351, 30.451077076794505], [-116.01098172839463, 30.451407822457142], [-116.01322556025818, 30.451441135529308], [-116.01386325615826, 30.451669563064936], [-116.01460088911612, 30.451193671224143], [-116.01470320467367, 30.450846270509523], [-116.01436056341842, 30.450632118059627], [-116.01437721857326, 30.450420346287608], [-116.01494828952147, 30.450118155537453], [-116.01617371189242, 30.450931930093503], [-116.01825616079056, 30.451805484904682], [-116.0191032490999, 30.453530594437314], [-116.02150650394172, 30.455924332605417], [-116.02267957918531, 30.45526284208332], [-116.02290562673629, 30.45481074429525], [-116.02394617253493, 30.45423970789661], [-116.02461718059172, 30.454113597576576], [-116.02500503265746, 30.453751918956073], [-116.02561655416619, 30.45369957151253], [-116.0262685272585, 30.45440627042988], [-116.0269062217998, 30.454430064963198], [-116.02728431661136, 30.4541851779838], [-116.02725038363747, 30.453994632627605], [-116.02667779403649, 30.45413739138545], [-116.02637322302891, 30.453975588580313], [-116.02638987917206, 30.45297621450914], [-116.02569745545682, 30.45226713479701], [-116.02618114664644, 30.45209967975889], [-116.02574980411592, 30.451826934809024], [-116.02612337980231, 30.45158185005677], [-116.02616620972772, 30.451317730338424], [-116.02589304790891, 30.450734523782724], [-116.02633324799196, 30.450796390448883], [-116.02601440042598, 30.45054416711509], [-116.02498885252429, 30.45030860145369], [-116.02369204546852, 30.450827322847292], [-116.0226688776131, 30.450058757046218], [-116.0226617404635, 30.45028956545628], [-116.02240237845506, 30.45023959584395], [-116.02185272308184, 30.449240223558935], [-116.02175992423324, 30.44865011660598], [-116.02143631651113, 30.448250367175646], [-116.0210960544924, 30.448155188049103], [-116.02066061335651, 30.447389002282954], [-116.02060112675953, 30.44613502622937], [-116.01983969907951, 30.4457019641592], [-116.01934953033732, 30.44581855829395], [-116.01951371252355, 30.446192132919542], [-116.01913299869385, 30.44626827653614], [-116.01866900395538, 30.445533022455248], [-116.01868328083076, 30.444217181576796], [-116.01902116360448, 30.444307600174405], [-116.01911872188057, 30.44415293521106], [-116.01876656192833, 30.443748427460914], [-116.01749593016055, 30.44372225283596], [-116.01700814018461, 30.44353427492543], [-116.01691296165068, 30.442956066322942], [-116.0174983084712, 30.442758571080613], [-116.01815028212107, 30.443177355959925], [-116.01811934891795, 30.442689567564592], [-116.01742216669533, 30.442144670524858], [-116.01666787814543, 30.442734776473007], [-116.01628240522271, 30.442777607351022], [-116.01509267406983, 30.44222557233013], [-116.01453826036483, 30.441483179745664], [-116.01453588033144, 30.441192885970455], [-116.01489755920771, 30.44079551658943], [-116.01476668803686, 30.440219686373307], [-116.01516167847362, 30.43981993709042], [-116.01540200400144, 30.439886561481533], [-116.01565184749296, 30.439679547789222], [-116.01652986857542, 30.43759752049946], [-116.01608020083684, 30.436513943424533], [-116.01549640862633, 30.436272928275393], [-116.01486173673271, 30.435624866590278], [-116.01477440481426, 30.433302390952147], [-116.01452967246573, 30.43267912794127], [-116.01489654975623, 30.431854321350688], [-116.01485102524211, 30.431010769471406], [-116.01415743769753, 30.429639662464275], [-116.01305701611453, 30.428345124094676], [-116.01361676201992, 30.428589793491412], [-116.01370829315739, 30.428908391309964], [-116.01372941512335, 30.428658440930118], [-116.01256239789282, 30.427456220250217], [-116.01281410734913, 30.427843465365026], [-116.01263456597583, 30.42800364445586], [-116.01213994806666, 30.427670964886524], [-116.01199385088428, 30.427100658014602], [-116.01112782862094, 30.425856190834576], [-116.01134609515397, 30.425653766829353], [-116.01113134886253, 30.425275323472846], [-116.01084619597877, 30.425116904224467], [-116.01053639852026, 30.425259480842225], [-116.01032165411296, 30.425076419178595], [-116.01058040371143, 30.424641647811015], [-116.01052055679719, 30.42432481163309], [-116.00982879603278, 30.423784427124318], [-116.00947147443587, 30.42366121283155], [-116.00963869282789, 30.423884759135298], [-116.00948379538409, 30.423934045041417], [-116.00916519801234, 30.423610166898108], [-116.00916871751932, 30.42345878887694], [-116.00960026288908, 30.42344746546705], [-116.00949787739606, 30.423082103709174], [-116.00703886726309, 30.4219925363406], [-116.00564302348612, 30.420494600526442], [-116.00598980286104, 30.420456935626905], [-116.0060968776895, 30.420640154634867], [-116.00634196334241, 30.420285614367334], [-116.00603739188857, 30.419191061867593], [-116.00611829432147, 30.418727067574494], [-116.00440690585266, 30.417539060250498], [-116.00389762257139, 30.416497388976833], [-116.00434020211361, 30.415919180247645], [-116.00305053416588, 30.413794321551528], [-116.00219868679615, 30.41321849215758], [-116.0017227950556, 30.413230389262633], [-116.00122540650493, 30.412560241818234], [-116.00035698545832, 30.41240471620266], [-116.00018804259591, 30.411878855194317], [-116.00043074769714, 30.411076977052172], [-116.00000006503976, 30.410646294506243], [-115.99747069772457, 30.409028260927602], [-115.99614798159074, 30.40885165196123], [-115.9957741432236, 30.40856426636781], [-115.9956623080056, 30.407667209339362], [-115.9947176617292, 30.406641660966212], [-115.99461316895909, 30.40618331650142], [-115.99496403737953, 30.405480494269572], [-115.99572378479682, 30.40512476420369], [-115.99599098355579, 30.405232610452575], [-115.99568193366788, 30.40505233103811], [-115.99505448045407, 30.405276787920677], [-115.99486876234384, 30.404910867185123], [-115.99550207870642, 30.401844968169375], [-115.99511898462296, 30.401592746034687], [-115.9951213652935, 30.401169202558137], [-115.99616832853056, 30.399872395299763], [-115.99676557241312, 30.399812908767153], [-115.99711895498781, 30.399430446002736], [-115.99655617962573, 30.3986945619056], [-115.9964130668203, 30.396549118577603], [-115.9968306627347, 30.39461580638194], [-115.99645684837712, 30.39238625602177], [-115.99668414891126, 30.38947382041445], [-115.9962384040652, 30.386839763148682], [-115.99509519120144, 30.384598635165638], [-115.99364134005079, 30.383830068789777], [-115.99283232270574, 30.383009154941742], [-115.99266021057846, 30.38215401751868], [-115.99202061274426, 30.382395011367432], [-115.99018201072701, 30.381516868345326], [-115.9907481982542, 30.378754187234797], [-115.99072572579253, 30.37720646913262], [-115.9901736913465, 30.376837652505294], [-115.98938608921087, 30.376773407495435], [-115.98895778575655, 30.376390314514126], [-115.98865321456572, 30.37446770956769], [-115.98830343372745, 30.373601585530608], [-115.98733499445257, 30.373418366951284], [-115.98684958450431, 30.3724332700046], [-115.9863475173673, 30.372304778833406], [-115.98545997924563, 30.37160521822531], [-115.98452960880667, 30.370184679044463], [-115.98338270916462, 30.3698491751179], [-115.98281401839222, 30.3699919429062], [-115.98235240202035, 30.369846796074263], [-115.98180177186549, 30.36734092295249], [-115.9810365608391, 30.36667259476129], [-115.97963267911639, 30.36481185704199], [-115.97941138948353, 30.364728574849128], [-115.97914964793111, 30.364892757942858], [-115.97902456349638, 30.36437703702166], [-115.9795517764972, 30.36408374121764], [-115.9801371236681, 30.3643883119708], [-115.98038696806269, 30.36369826930391], [-115.98063919087029, 30.36403853228206], [-115.9809723147776, 30.364095639365697], [-115.98227150127627, 30.363281862788646], [-115.98245709887776, 30.362253936548413], [-115.98321614717817, 30.361656690766864], [-115.9833137050857, 30.36107372308896], [-115.98247771045595, 30.359676030077868], [-115.9823904736771, 30.35902262813803], [-115.98296630319096, 30.358929828932542], [-115.98325421770012, 30.357918558378326], [-115.98396207845607, 30.358087189794926], [-115.98450859855396, 30.357769025547547], [-115.98452484978795, 30.356914425277594], [-115.9851458898276, 30.35696677431121], [-115.98527438142395, 30.35719044320442], [-115.98508878338087, 30.35761874609803], [-115.98543923508619, 30.3579168119164], [-115.98656642782859, 30.358268339483008], [-115.988217774438, 30.35793521435696], [-115.98851282666645, 30.35765205843636], [-115.9883058141808, 30.357004845351312], [-115.98883881303612, 30.35681210889941], [-115.98908151850475, 30.356928702248748], [-115.98902441060761, 30.357771031565736], [-115.98935702440845, 30.357989362312008], [-115.99001137618696, 30.35802505393014], [-115.99079659772029, 30.3571517925984], [-115.99116541358161, 30.357282662113793], [-115.99103591572162, 30.357866176586246], [-115.99133674033514, 30.358482150010026], [-115.9922813805052, 30.35842242406551], [-115.99246650534374, 30.359052850686155], [-115.99328789281294, 30.359162436539947], [-115.99380661610309, 30.360149912979175], [-115.99482026633002, 30.360568698436108], [-115.9952818824382, 30.360575835718308], [-115.99577918888448, 30.36006425244205], [-115.99579346656292, 30.359847721556246], [-115.99555313973839, 30.359754922428127], [-115.99576253332704, 30.359426557451084], [-115.99679997745727, 30.359041083820962], [-115.9971735531364, 30.35909105309976], [-115.99720924481242, 30.35940752129768], [-115.9985679171093, 30.359762061059552], [-115.99926271953001, 30.359712092499397], [-116.00000035299695, 30.359407521623968], [-116.00081412913303, 30.35963832896052], [-116.00099258851843, 30.35990244925072], [-116.00136616381019, 30.359933382013864], [-116.00150179281978, 30.360625805379527], [-116.00191819795005, 30.36085423308828], [-116.00218707807876, 30.361825053471534], [-116.00322452318139, 30.362074896815102], [-116.00462929531612, 30.36289433495211], [-116.00656573759505, 30.365477539483877], [-116.00753179874862, 30.36546564140366], [-116.00750800426124, 30.366131890259375], [-116.00660998737527, 30.366243812985015], [-116.00637300118133, 30.366660131123112], [-116.00594231887307, 30.366819555224467], [-116.00578718325315, 30.36723799619569], [-116.00652957483415, 30.368527664351763], [-116.00588117166708, 30.369018131469684], [-116.00589009446041, 30.369865813913098], [-116.00655634387036, 30.370957391384824], [-116.00688946840016, 30.37045770370104], [-116.00733561700439, 30.370532063230957], [-116.00719879821692, 30.37123400419512], [-116.0068121355373, 30.371433283599206], [-116.00687459730834, 30.371799126321932], [-116.00707090219001, 30.372022200609084], [-116.00774904932024, 30.372102506985044], [-116.00784422708395, 30.372759833304347], [-116.00691326350956, 30.373643208384156], [-116.0068745967921, 30.374000127302352], [-116.00714526016064, 30.373940640035702], [-116.00759438380715, 30.37449386476982], [-116.0068805445336, 30.37453848039113], [-116.00647603653378, 30.37516903710323], [-116.00586035048741, 30.375118474032945], [-116.00557778991961, 30.375728210885434], [-116.00513164094819, 30.380900564117123], [-116.00516435857645, 30.3857516900486], [-116.0054766628016, 30.387339979962853], [-116.00587819713762, 30.392601563375745], [-116.00740997536118, 30.401015932477055], [-116.00996492248858, 30.410774697482662], [-116.01196069496926, 30.416931551862458], [-116.0151670176124, 30.42486110666233], [-116.01700812595865, 30.42868014119037], [-116.01838821401103, 30.430658067875985], [-116.019792717342, 30.431853369714737], [-116.02045536994339, 30.43203815546781], [-116.0200955512367, 30.43238121323926], [-116.02068736796275, 30.432296922192826], [-116.02088962183812, 30.43205302711897], [-116.02165104887443, 30.43192810564006], [-116.02242139964963, 30.431532520264636], [-116.0234445681946, 30.432442664064794], [-116.0243190200986, 30.432409946419074], [-116.02520239504372, 30.432823377459034], [-116.02522321532045, 30.433168399265572], [-116.0256574671084, 30.433162451185034], [-116.02576454259957, 30.433403371105726], [-116.02545223809996, 30.433807879585615], [-116.026317766905, 30.434328386395688], [-116.02670145548504, 30.434982737879718], [-116.02794174981447, 30.434637716618706], [-116.02804882526702, 30.43519391481056], [-116.02877753477794, 30.434893507919373], [-116.03056213129584, 30.435235555805203], [-116.03075843625689, 30.436270622171975], [-116.03148417218375, 30.43632118485449], [-116.0321087805794, 30.43689523065103], [-116.03165370908742, 30.43784701412005], [-116.03141576287304, 30.43967919954772], [-116.03082684547586, 30.439869556101666], [-116.03080900040243, 30.44006883639272], [-116.03101720345943, 30.440767803105164], [-116.03170724736127, 30.441752305583808], [-116.03185001443566, 30.442475065698186], [-116.03242703438403, 30.443337621557166], [-116.03228785695771, 30.44406157692488], [-116.03304985727475, 30.4455302938527], [-116.03362330780686, 30.447759849598654], [-116.03410633850248, 30.448687839298096], [-116.03496770344503, 30.449487337948955], [-116.03468930580028, 30.450753211173204], [-116.03486300684784, 30.45117675519735], [-116.03508191665354, 30.451069679549907], [-116.03443470381765, 30.451928664999187], [-116.03440615004854, 30.45255922227785], [-116.03511522986484, 30.455792908992137], [-116.03594804063201, 30.45800342964846], [-116.03719725833277, 30.45873392344394], [-116.03826087699717, 30.458881450393964], [-116.03817997535684, 30.45953580192294], [-116.03837033217268, 30.45979992173903], [-116.03907941173891, 30.459514386005626], [-116.04008116541813, 30.459678569445657], [-116.03990746379998, 30.459940309940002], [-116.04000978069783, 30.460175876815423], [-116.0403785968888, 30.460216326791613], [-116.04054753866623, 30.460599421068466], [-116.03987653145667, 30.46123235676205], [-116.040183482266, 30.462136552101416], [-116.04148266748868, 30.46245778028701], [-116.04272236631373, 30.463100234292185], [-116.04360514640433, 30.46326441688225], [-116.04431898472308, 30.46362847460772], [-116.04403582855629, 30.463737929858063], [-116.0435096633897, 30.464496732751105], [-116.04269874534081, 30.464932480649882], [-116.04301028140138, 30.465601047966185], [-116.04268429512378, 30.465946068902436], [-116.04304121401209, 30.467112005483497], [-116.04319854228855, 30.467246799974433], [-116.0441024541416, 30.46718576945871], [-116.04388592346723, 30.467388023499822], [-116.04388116409795, 30.467794911567974], [-116.04461432180128, 30.467820250795445], [-116.04553933859205, 30.469341735894417], [-116.04669368691236, 30.46940818494496], [-116.04805949711204, 30.470381384892647], [-116.04802646944714, 30.470668465300566], [-116.04754077539997, 30.47115232994884], [-116.04753839609691, 30.471468798003063], [-116.04779775744706, 30.47196372629412], [-116.04852825054311, 30.472539556301655], [-116.04782631009473, 30.47411238020032], [-116.04814753811004, 30.475480569872147], [-116.04766479100414, 30.476200712149563], [-116.04740067149713, 30.477514175461927], [-116.04761720184082, 30.478068589526874], [-116.04721507252945, 30.47816852625503], [-116.04692239929467, 30.4786682130255], [-116.04657737694248, 30.48010540839698], [-116.04696760897322, 30.48150453145697], [-116.04659974964142, 30.482481721419756], [-116.04733880503638, 30.484236152261968], [-116.04736259871667, 30.485675726429754], [-116.04763861691313, 30.48682262636727], [-116.04747443424662, 30.487812482492796], [-116.04767192929766, 30.48861435994585], [-116.04741970607813, 30.488999833462337], [-116.04791939264291, 30.490001586612863], [-116.04840480268601, 30.49268799830959], [-116.04787180420327, 30.49333521114184], [-116.04810261185875, 30.49403001384545], [-116.04716272407424, 30.495184052352535], [-116.04733166578252, 30.495678980395702], [-116.04707230531766, 30.496328573480437], [-116.04581832888087, 30.497356499827482], [-116.04578501673842, 30.497787182013987], [-116.04605151645612, 30.4978085977986], [-116.04610148541094, 30.498065578834648], [-116.04498938040109, 30.498567820405867], [-116.04449534949418, 30.499486118009177], [-116.043603051465, 30.503607344273206], [-116.0419897758867, 30.512994318053398], [-116.03966742197935, 30.52461322597782], [-116.0393033649887, 30.529850420322393], [-116.03960793630736, 30.531175779236914], [-116.03961983340777, 30.532403581393385], [-116.03754732286221, 30.539998820805415], [-116.03620758351809, 30.54821674128138], [-116.03457289484453, 30.556054685776115], [-116.03413745315221, 30.560692255223046], [-116.03306193749407, 30.566893130369277], [-116.03220057212874, 30.574319428416235], [-116.03091328346476, 30.591025623993723], [-116.02942136129364, 30.60434108831447], [-116.02904540736596, 30.611286734159314], [-116.0287812863604, 30.622115661411367], [-116.02808172508611, 30.633360994258542], [-116.02810076113299, 30.664755603331553], [-116.02913582635688, 30.67662435430115], [-116.03087997128357, 30.683805568423764], [-116.031401072588, 30.687251027156282], [-116.03216725887496, 30.695662422484332], [-116.03254559382006, 30.69740418698277], [-116.0336472835296, 30.70002397376548], [-116.03710226192578, 30.705584774425006], [-116.03816350073724, 30.706798298982996], [-116.03862987583803, 30.70856385936371], [-116.03951503514683, 30.7101343043968], [-116.04046681879382, 30.711183646065404], [-116.04146857332306, 30.712823094010286], [-116.04252267439395, 30.71357976356129], [-116.04490332397116, 30.716762291724343], [-116.04629055027705, 30.7179187099437], [-116.04681641148034, 30.718882392267318], [-116.04680927266993, 30.722361164387898], [-116.04620489003598, 30.726922590890645], [-116.04630958647896, 30.73219785646561], [-116.04673313029546, 30.735217392434866], [-116.04683247217359, 30.739229459981615], [-116.0472988474224, 30.741097336888572], [-116.0476380802152, 30.743970830059215], [-116.04786991677159, 30.74439051133536], [-116.04837912232294, 30.744668907868274], [-116.0481982825798, 30.74503296586381], [-116.0481819536359, 30.74839697475346], [-116.04839577807721, 30.751386126805656], [-116.04873366162643, 30.752680553482282], [-116.04901919648775, 30.75292563811357], [-116.04902395604581, 30.760958697921286], [-116.04950222826773, 30.764951434057547], [-116.04953078132242, 30.76691686921521], [-116.05010066225853, 30.769896845969534], [-116.05036240276017, 30.7727450615221], [-116.05152833899167, 30.778853137596418], [-116.05368412987352, 30.78573691793643], [-116.05677742972567, 30.79350109892366], [-116.06008488142601, 30.799906608411398], [-116.06435363396758, 30.80704023194814], [-116.07131117838524, 30.81435231642802], [-116.07277454580884, 30.81558011808927], [-116.07473760128889, 30.81683647289651], [-116.0823040604233, 30.82054824674964], [-116.08719575284913, 30.821828426463483], [-116.0884099844114, 30.821514494578565], [-116.0889205408571, 30.82113074801358], [-116.08957591960451, 30.81957523304256], [-116.09132720431202, 30.819634719776438], [-116.0939776558284, 30.819055367094116], [-116.09551029591597, 30.819206416963684], [-116.096395454515, 30.818975608992556], [-116.09756533634722, 30.81978528304165], [-116.09936441956847, 30.82030422053206], [-116.09992185946693, 30.820201340384926], [-116.10151139865805, 30.821166552471002], [-116.10219192512972, 30.82127838579477], [-116.1047165326226, 30.823077259641206], [-116.10657013291248, 30.823593601837942], [-116.11129574318775, 30.82740311888163], [-116.11640030418738, 30.832926057193333], [-116.11835939824975, 30.83463459090028], [-116.1242781992821, 30.83923564990703], [-116.1295816187715, 30.843779149725627], [-116.1316666191439, 30.84480876998546], [-116.13402759880123, 30.84803111966259], [-116.13602717029414, 30.85005785022246], [-116.14083650920549, 30.854278400193888], [-116.15108442856612, 30.860640289883566], [-116.15614828971302, 30.86259916980915], [-116.16088912018456, 30.863564969001864], [-116.16182251976892, 30.86337406051982], [-116.16348146780402, 30.862555412895546], [-116.16565199959022, 30.86097549040448], [-116.16735941342279, 30.860591840880183], [-116.16896619855498, 30.86046007999078], [-116.1708186801592, 30.861022679381694], [-116.17410042621654, 30.861588834792002], [-116.17642991934102, 30.862876124362383], [-116.18037884977838, 30.866832430231717], [-116.18106290926681, 30.868215770255578], [-116.18397442008984, 30.87169626006286], [-116.18474264888069, 30.8719728195797], [-116.18597644935996, 30.873165489199142], [-116.18727906051349, 30.87396362971823], [-116.19116208873622, 30.87817791941247], [-116.19242734929084, 30.878921880508127], [-116.19581062826005, 30.8798036087553], [-116.1980497012507, 30.88085057245082], [-116.2006443991588, 30.882373770507545], [-116.20162300892912, 30.884294568132084], [-116.20354149682812, 30.88624005158263], [-116.2049263434663, 30.88720135384304], [-116.20602844931318, 30.89062731025522], [-116.20661030903756, 30.891533679184533], [-116.20747296592698, 30.892319707511643], [-116.20802737998348, 30.893923463049703], [-116.20875549511136, 30.901014257413326], [-116.20948599031158, 30.90366259737759], [-116.2103287770933, 30.90560064531392], [-116.21305696171207, 30.90942313978508], [-116.21535413957818, 30.91401414028973], [-116.21659226040914, 30.9154843494139], [-116.21970430956213, 30.917837199810908], [-116.22031453960334, 30.917914740228646], [-116.22088474005643, 30.917695939080218], [-116.22151465975229, 30.9178147489329], [-116.1390110003069, 30.962692000250566], [-116.14656700033024, 30.981355999687974], [-116.14060599997673, 30.98178100010497], [-116.14029400030466, 30.978534999794697], [-116.1345249994486, 30.97804999971529], [-116.11435399962217, 30.98303699978871], [-116.11044999987753, 30.989064000331897], [-116.10835199986705, 30.99104499957557], [-116.09891999953372, 30.982543000145007], [-116.09463199959048, 30.98264300033766], [-116.09214899968813, 30.993972999817128], [-116.09155300013859, 30.99855000021964], [-116.08880599984974, 31.004922999910963], [-116.08629099980759, 31.014260999686037], [-116.06804500002406, 31.0208900000844], [-116.06113499982783, 31.021079999997315], [-116.05861999956169, 31.021829999996484], [-116.0514749998764, 31.01565400038212], [-116.04415199978244, 31.02191400020431], [-116.02566800039783, 31.042012999963447], [-116.00910700013846, 31.040909000017], [-115.99627800038309, 31.036773000266795], [-115.98669200037786, 31.047071000206593], [-115.96076799995224, 31.044408000045095], [-115.9367239995645, 31.062537000258207], [-115.91135300007592, 31.06941200032038], [-115.89175300036457, 31.08057200021815], [-115.85274199976013, 31.08053500034671], [-115.82330900025816, 31.076109000327], [-115.77411000008857, 31.062841999895294], [-115.75809000035557, 31.079632000208907], [-115.74990600014482, 31.090321000144133], [-115.74417899994378, 31.114776999592227], [-115.74227699983845, 31.104422000294726], [-115.73113399999046, 31.104719000361325], [-115.72148999967524, 31.100839999789752], [-115.70397000004844, 31.10944499965896], [-115.69172000008793, 31.11571200040014], [-115.69276600013585, 31.121831999581335], [-115.65576799982789, 31.124345999721427], [-115.64232899990525, 31.126448999869687]]]]}}, {"type": "Feature", "properties": {"CVEGEO": "02007", "CVE_ENT": "02", "NOMGEO": "Baja California", "CVE_MUN": "007", "NOMMUN": "San Felipe", "cov_": 11, "cov_id": 12}, "geometry": {"type": "MultiPolygon", "coordinates": [[[[-114.38209999970367, 29.822599999356125], [-114.38059999925592, 29.821099999446655], [-114.38039999860358, 29.82030000030039], [-114.38060000018726, 29.817799999535588], [-114.38039999857135, 29.81720000009065], [-114.37910000038481, 29.81589999887542], [-114.37839999933347, 29.81389999935864], [-114.37730000021834, 29.81289999950406], [-114.3761000001525, 29.812199999726765], [-114.37565470983053, 29.811529089872398], [-114.37285160020154, 29.81015914931464], [-114.36990699916048, 29.809017200395495], [-114.36919574036988, 29.80774963051577], [-114.36917091056344, 29.807045119908647], [-114.3695697488495, 29.806335420277588], [-114.37113004941178, 29.80571229004948], [-114.37239999907962, 29.805799999782945], [-114.3729248485834, 29.8064312201973], [-114.37149999962391, 29.80799999897503], [-114.37234485860544, 29.809336488952038], [-114.37439202956097, 29.810322650498588], [-114.37484573902105, 29.810002679440764], [-114.37489645044202, 29.809390198974917], [-114.3754377097987, 29.8093177488311], [-114.37577804871131, 29.809010429621477], [-114.37621082970385, 29.80915588010492], [-114.37637722972991, 29.810603919687203], [-114.37615148932787, 29.810805319350436], [-114.37690723015498, 29.811745950250298], [-114.37751941949617, 29.812025060325755], [-114.37786193918598, 29.81161186050625], [-114.37851524867033, 29.81169410914564], [-114.37920854026589, 29.812177349946467], [-114.37939999929566, 29.812599999195267], [-114.37987768967623, 29.812625829361174], [-114.38024917990286, 29.813001969350424], [-114.38069999954429, 29.81309999907997], [-114.38191148950365, 29.8127133795122], [-114.38219999892087, 29.811699999107937], [-114.38259999943837, 29.811899998787023], [-114.38362627955074, 29.811600819622836], [-114.38429999974264, 29.810800000044566], [-114.38522302937311, 29.810592720262953], [-114.38578914962092, 29.809824829427978], [-114.38770000013784, 29.811599999682414], [-114.38859999911847, 29.811599999605924], [-114.38949761993787, 29.811258918876003], [-114.3898265685562, 29.810747179734918], [-114.38949457857304, 29.808670339542118], [-114.38968014993108, 29.808336948904902], [-114.39230000036162, 29.80979999939826], [-114.39221083043512, 29.811249568959358], [-114.39096758041424, 29.81421061906225], [-114.39114778017749, 29.814755999200624], [-114.39153280030219, 29.81489905958218], [-114.39159045006947, 29.817169049425022], [-114.39198005997528, 29.818632859031155], [-114.39402265990078, 29.819316578785525], [-114.39551462976841, 29.81850476963717], [-114.39602935025212, 29.818675379430974], [-114.39626795003375, 29.819161489146154], [-114.39603876992973, 29.81952568888628], [-114.39583834035192, 29.81975877885257], [-114.39443599983552, 29.820010769143224], [-114.3919332499584, 29.819868999237602], [-114.39127206020673, 29.819639428985354], [-114.39031286000163, 29.81995445934169], [-114.38727245033257, 29.820266819365457], [-114.38605295007612, 29.82081836931349], [-114.384466140029, 29.822039889021966], [-114.38368724956568, 29.822092168882808], [-114.38209999970367, 29.822599999356125]]], [[[-114.41746273236225, 29.988012889843382], [-114.41653865390731, 29.98741371460801], [-114.41638603119223, 29.98661539634289], [-114.41603774332654, 29.986371752375316], [-114.4142796827066, 29.986924708047237], [-114.41337250411418, 29.986815150118225], [-114.41143429341831, 29.985021771324188], [-114.41121548196429, 29.984571237787964], [-114.4078882980907, 29.984691981525636], [-114.40697507156021, 29.985273505497204], [-114.40662241749183, 29.985287290705422], [-114.40558287743606, 29.98425821115448], [-114.40388965683641, 29.983710802854333], [-114.40359216366699, 29.98405714641039], [-114.40325566591227, 29.983563101193422], [-114.40195814429347, 29.982755029900847], [-114.40093984946905, 29.981303658170727], [-114.39883467744606, 29.978936765873517], [-114.39820946495004, 29.97694205191373], [-114.3979243309102, 29.97379003418086], [-114.3972411174309, 29.972053347682643], [-114.39598158073085, 29.97036143991173], [-114.39549171260215, 29.969290283872386], [-114.39601103035353, 29.967678682088792], [-114.39581882539471, 29.96656064738418], [-114.39456120211915, 29.9646428966199], [-114.39343913840682, 29.963576529579438], [-114.39259306526299, 29.96325690728574], [-114.39199715238762, 29.96268674313365], [-114.39168623682595, 29.961844785084633], [-114.39196488343836, 29.961121182581834], [-114.39171690694953, 29.960683204674822], [-114.39264230728138, 29.960614919750707], [-114.39295934727099, 29.960783999309403], [-114.39280866564737, 29.961192873048763], [-114.39315962567228, 29.96133991767527], [-114.39716037858958, 29.960882854697225], [-114.40120472601899, 29.95870884073715], [-114.40465289510279, 29.958123121577163], [-114.40610798404941, 29.957135732888602], [-114.40674725572306, 29.956965075716752], [-114.40942706495703, 29.955496035561023], [-114.41110816025224, 29.954348548428438], [-114.41531879895227, 29.94865781235777], [-114.4120473007004, 29.953891336382746], [-114.41129654376073, 29.956022408630396], [-114.4112787827345, 29.957918635959878], [-114.4123717440614, 29.960951167141815], [-114.41263765396295, 29.960910821834247], [-114.41307803924818, 29.959967581569313], [-114.41397468062856, 29.960297049918104], [-114.41420803490665, 29.960648284243806], [-114.41430565634063, 29.96046868356749], [-114.41458542722697, 29.961262837110386], [-114.41565911929666, 29.96086593536056], [-114.41597385124012, 29.961742134533644], [-114.416230505627, 29.96150969425124], [-114.41650285741612, 29.962070209263043], [-114.4170430162728, 29.96201812996064], [-114.41707911583767, 29.96220226457827], [-114.41736372054561, 29.961690481283057], [-114.41768044310682, 29.962080345702134], [-114.41789094612123, 29.96201650792877], [-114.41793225468349, 29.962238479167706], [-114.41825969886386, 29.962382733578337], [-114.41755075032303, 29.9629860720757], [-114.41810637852099, 29.963002884161856], [-114.4195760497711, 29.962405696653068], [-114.41990241672544, 29.96322293534839], [-114.41958193925196, 29.96376540466263], [-114.41880113889562, 29.963634603007225], [-114.41815884323438, 29.963938975856056], [-114.41866065502481, 29.965659244032096], [-114.41921156941478, 29.966015847014756], [-114.4201178783407, 29.965968730232397], [-114.42132778332609, 29.964630844683303], [-114.4215457192795, 29.964659052838314], [-114.42183930536774, 29.964893542222143], [-114.42224581044728, 29.966023530646662], [-114.42302887511048, 29.966174916177394], [-114.42371851457251, 29.966960607682868], [-114.42311222888385, 29.967695262159996], [-114.42333617749416, 29.968928814009782], [-114.42287407441118, 29.9687584246076], [-114.42181417262276, 29.969382952978076], [-114.42122356262921, 29.970261808620542], [-114.4188359262364, 29.971301557640835], [-114.4172296164077, 29.973690653033316], [-114.41562635255806, 29.975139270979813], [-114.41558467865673, 29.975764181400574], [-114.41612046097522, 29.976398682717708], [-114.416247463191, 29.97734449812834], [-114.4164219132397, 29.9774429653045], [-114.41620560118479, 29.977483152125952], [-114.41619900457746, 29.97788234213444], [-114.4156165052212, 29.978831554653077], [-114.41575999637179, 29.980989574442408], [-114.41632818420277, 29.981098905964306], [-114.41578966785067, 29.981506323524297], [-114.41667128948937, 29.982133211158626], [-114.41786752825591, 29.982426056492635], [-114.41899611376424, 29.98317888347548], [-114.42006787626956, 29.98505210420316], [-114.41975706493615, 29.985025787841533], [-114.42002592307875, 29.9853300821936], [-114.419640324244, 29.98518309922235], [-114.41982846024152, 29.985439802616757], [-114.41954034678457, 29.985678084594504], [-114.41971898816254, 29.985985597432588], [-114.41973164996489, 29.98634553320251], [-114.41957565328939, 29.986384465358526], [-114.41977934737257, 29.98658915603243], [-114.41931993233415, 29.98752979449985], [-114.41913044437128, 29.987480771066778], [-114.4187524362209, 29.98798642433252], [-114.4186139741301, 29.987862785256954], [-114.41837346058345, 29.988101684756014], [-114.41746273236225, 29.988012889843382]]], [[[-114.38978711829996, 29.99491157339933], [-114.38927908778682, 29.9947852064455], [-114.38915097460746, 29.99299850138577], [-114.38868290563221, 29.99183130715308], [-114.38766014387244, 29.99150055232343], [-114.38739019444716, 29.992369143918555], [-114.38700513314194, 29.99203627485722], [-114.38741500099279, 29.990168034083435], [-114.38824417746696, 29.989243881070674], [-114.38839644174217, 29.989738026084645], [-114.38864303171012, 29.989521975523378], [-114.38871746946947, 29.988959464598857], [-114.38957345946118, 29.988682929285353], [-114.38989584350621, 29.988814201410513], [-114.39007562241117, 29.989608708377606], [-114.38960156238399, 29.99202165793907], [-114.39026403288614, 29.992364991019116], [-114.39027565664179, 29.99286457638002], [-114.39079576468806, 29.993080493994945], [-114.39087910341684, 29.993438630612022], [-114.38978711829996, 29.99491157339933]]], [[[-114.47360990928006, 30.022816999358064], [-114.47381825773185, 30.02131182431083], [-114.47366834201655, 30.020344762723475], [-114.47374325366927, 30.01999442212875], [-114.47398718312792, 30.019909176426456], [-114.47361490992517, 30.019372290535546], [-114.473562253706, 30.017748736404922], [-114.47364085396994, 30.016996013170157], [-114.47388492282695, 30.016846523907272], [-114.47329500372184, 30.014212480959685], [-114.47359612590817, 30.013402151493956], [-114.47451414251523, 30.012943912583083], [-114.47498426083038, 30.012954590039772], [-114.47549491893082, 30.01315687327607], [-114.47609793374001, 30.015132130412695], [-114.4755349646951, 30.01547152361668], [-114.47555160918114, 30.015850349990565], [-114.47620944740557, 30.01603219660672], [-114.47675806370444, 30.01674010696059], [-114.47711715801975, 30.01678756023481], [-114.47691472014277, 30.017017694808125], [-114.47734848127038, 30.0172742379574], [-114.47752483604029, 30.01802405482513], [-114.4782485155597, 30.018102511946832], [-114.47811947581738, 30.01826050806396], [-114.47832907484266, 30.018311292507565], [-114.47774045742682, 30.018644978716644], [-114.47816956741936, 30.01859017531911], [-114.47873211122472, 30.019121004725694], [-114.47928800786093, 30.0191877267881], [-114.47947057755407, 30.01937495728281], [-114.47887276449002, 30.019562784034154], [-114.47968695763761, 30.01952437713647], [-114.47995769742192, 30.020241891930134], [-114.47934213902283, 30.02081390418845], [-114.47878981910382, 30.020795993688463], [-114.478877642525, 30.021061949167105], [-114.47860304491297, 30.021262178984735], [-114.47875493196945, 30.021483715586715], [-114.47797411039392, 30.022010010057016], [-114.47723632604368, 30.02204213736012], [-114.47656848817226, 30.0223613049811], [-114.47648479361023, 30.022827056626767], [-114.47624022020395, 30.02286114171686], [-114.47582448936005, 30.023417077258998], [-114.47509915110889, 30.02364444700061], [-114.4742778303921, 30.02357273774395], [-114.47385619141038, 30.02331751880376], [-114.47360990928006, 30.022816999358064]]], [[[-114.48897227969049, 30.048535245149264], [-114.49130984728282, 30.047266333805645], [-114.49152549226643, 30.04744141863898], [-114.49077560961024, 30.0483025401501], [-114.49073696314966, 30.049013898958563], [-114.49132428419477, 30.050041492263645], [-114.49079975113813, 30.05161305465162], [-114.49132432829843, 30.052453945690093], [-114.49125916191029, 30.053339629956515], [-114.49058621389014, 30.054309770628876], [-114.49002887810296, 30.054677589412787], [-114.48924062831593, 30.054718310165676], [-114.48815681167065, 30.054226228429798], [-114.48714495274726, 30.053135139179673], [-114.48651554429405, 30.05124914786483], [-114.48679448034515, 30.050519548420485], [-114.4874761016841, 30.049855101785656], [-114.48810657481623, 30.04955831771493], [-114.48897227969049, 30.048535245149264]]], [[[-114.55038485770773, 30.09396966512459], [-114.54961127039297, 30.09321123746112], [-114.5478848845021, 30.09266851268974], [-114.54629441268123, 30.092819089689026], [-114.54502505738542, 30.09232867394951], [-114.5445130289667, 30.092433529198658], [-114.54258082886497, 30.092098056585165], [-114.54219088373394, 30.092307053798898], [-114.54087742222112, 30.091559838343755], [-114.54044966416316, 30.09176804551783], [-114.54038340201899, 30.09235516024569], [-114.54013191535405, 30.09225187385818], [-114.53963354791631, 30.091679924281845], [-114.53951454615273, 30.091120187494454], [-114.5384007625385, 30.090250032470507], [-114.5380561445531, 30.08926665675692], [-114.53599711412826, 30.087187290166018], [-114.53473179049887, 30.08475113943893], [-114.53479451855956, 30.08397183088908], [-114.53518200853188, 30.083257833794207], [-114.53610090704599, 30.08270569501751], [-114.53724857341855, 30.082340157182188], [-114.53825618086597, 30.082476341793473], [-114.54032809067573, 30.08384881104845], [-114.54095429784219, 30.08366681994476], [-114.54106686330577, 30.08332482291574], [-114.54177790651912, 30.08346732789107], [-114.54207625211697, 30.084006612769883], [-114.5416489161169, 30.084992423153746], [-114.54186855838098, 30.08579157060078], [-114.5422463773767, 30.086228131659634], [-114.54306533728031, 30.08638429080205], [-114.5437198061283, 30.086201253884827], [-114.54431644366431, 30.085742189693022], [-114.54478593214317, 30.08652771471386], [-114.54556883691217, 30.086670147303025], [-114.54583043520384, 30.087255677057204], [-114.54514712459161, 30.088052575080837], [-114.54517350894584, 30.08826969565216], [-114.54595212783842, 30.089418364686427], [-114.54683014348429, 30.08964673894536], [-114.54669934609261, 30.09018280334667], [-114.54691995408515, 30.090389803805493], [-114.54789976395577, 30.0903154045519], [-114.54891364575678, 30.08960527849917], [-114.55100917287805, 30.089123003748803], [-114.55127321528595, 30.089216260488826], [-114.55142957218375, 30.089980198708673], [-114.55169509014613, 30.090214815160273], [-114.55303496166651, 30.08981405513411], [-114.55388922143295, 30.089756266175232], [-114.55417742316213, 30.091777687286974], [-114.5537922007676, 30.09285218369497], [-114.55325341380689, 30.093205268220718], [-114.55279602465556, 30.093208966064037], [-114.5521602829801, 30.09371028141379], [-114.55165503329836, 30.0934477594217], [-114.55115842124204, 30.093905807779926], [-114.55038485770773, 30.09396966512459]]], [[[-114.62595802397226, 30.129077936654515], [-114.62716916010925, 30.129075947470067], [-114.62724714970452, 30.13038616503118], [-114.62693671867288, 30.131070477644553], [-114.62651105098955, 30.13143338391499], [-114.62554350001155, 30.131177370383075], [-114.62593444684462, 30.13047252621989], [-114.62582931699797, 30.129274471738725], [-114.62595802397226, 30.129077936654515]]], [[[-115.14575867962748, 31.824714209932473], [-115.1066288756543, 31.805491444444243], [-115.05628442827233, 31.712475301388587], [-115.07231196904883, 31.67504693314825], [-115.07203512138935, 31.661936720544794], [-115.07511500351436, 31.561111943072603], [-115.07344907731942, 31.538029129336806], [-115.06969682216182, 31.47810337897151], [-115.06885581576364, 31.473668533262785], [-115.06687698518287, 31.469137572272437], [-115.0532308372725, 31.440485455259864], [-115.0297848766607, 31.448355908299384], [-114.9878237690058, 31.361625959051096], [-114.8569459377099, 31.38958702773729], [-114.85674368384414, 31.389723847535898], [-114.8567317873827, 31.390752964258677], [-114.85655094751391, 31.390837435442798], [-114.85625827424582, 31.38997726002554], [-114.85634750451591, 31.389531111518895], [-114.85618451112198, 31.389218212382733], [-114.85553015936286, 31.388986214106264], [-114.85541118616204, 31.388391349350165], [-114.85586328342728, 31.387957097484325], [-114.8566306604326, 31.387814330000456], [-114.85661281367422, 31.38690418607337], [-114.85602389654346, 31.386612701903104], [-114.85567292635878, 31.38667813726458], [-114.85552421034131, 31.386481832095466], [-114.85638081621721, 31.38561332820231], [-114.85597035851686, 31.384840004149616], [-114.85538144161474, 31.384613955436958], [-114.85541118583109, 31.384298675952873], [-114.85591682093767, 31.384084524935446], [-114.85532790521434, 31.38371570842223], [-114.85447129905081, 31.38356104304446], [-114.85501857477753, 31.383263611437492], [-114.85507211263808, 31.383097048055582], [-114.85476873090272, 31.382888846542194], [-114.85277593337001, 31.382692540231638], [-114.85431289363349, 31.38199028288575], [-114.85488991248391, 31.382165768074877], [-114.85517544937086, 31.382510790205288], [-114.85648712651606, 31.38269222438839], [-114.85702327073157, 31.382061983169542], [-114.85732308269509, 31.38103524547227], [-114.85788701468176, 31.380796109849374], [-114.85950742805014, 31.37561126386299], [-114.86319321325584, 31.36951627523108], [-114.8631468129567, 31.368789349550916], [-114.86340260617962, 31.368156413509613], [-114.8623604022104, 31.367320329954453], [-114.86262809064056, 31.365999431403047], [-114.86216290610095, 31.365617528359856], [-114.86103980131125, 31.36520516742205], [-114.86107406514506, 31.36481255579098], [-114.86173222377671, 31.364442788227024], [-114.86410061967094, 31.364459682045297], [-114.86438139660741, 31.36411561213944], [-114.86534507849667, 31.364588173270786], [-114.86570437739049, 31.364347847516225], [-114.86670375067948, 31.361906519805984], [-114.86711301761697, 31.360212343793478], [-114.86905168442874, 31.35657186797119], [-114.86901004307727, 31.35635771655791], [-114.86796010603517, 31.356217923004486], [-114.86734442118902, 31.355905619106608], [-114.86763590509234, 31.355676595797856], [-114.86710349996609, 31.354109125997116], [-114.86776380145389, 31.35362133649768], [-114.86744257279787, 31.35339231330029], [-114.8674277016633, 31.353115700788276], [-114.86767457092266, 31.35288072937449], [-114.86800174708124, 31.353020521779815], [-114.869494858989, 31.354519582775353], [-114.8702919782468, 31.354513634231562], [-114.87169586022681, 31.352333453284196], [-114.87110694264575, 31.351673152900645], [-114.87034254115441, 31.34979635345109], [-114.87054182052823, 31.34965358493994], [-114.8715471443112, 31.34998671021019], [-114.87190406321302, 31.349936146333285], [-114.87228775055132, 31.34974281528779], [-114.8726357474622, 31.348805902430335], [-114.87301051153975, 31.34853226377605], [-114.87193083175795, 31.34747043041766], [-114.87264764411468, 31.347137304742148], [-114.8731324604474, 31.347283047453168], [-114.87322466417018, 31.347101612955655], [-114.87266846478079, 31.34683094920194], [-114.87181483324729, 31.34582265277026], [-114.8726208750441, 31.34573044887277], [-114.87411696249322, 31.346349109303056], [-114.87466721178279, 31.346087368227657], [-114.87618932862448, 31.343858335839137], [-114.87696741305307, 31.343301543605925], [-114.87593663140083, 31.343141643322483], [-114.87572105113236, 31.341958099386016], [-114.87631210948477, 31.341087215916684], [-114.87581139852185, 31.3404164862636], [-114.87653832490608, 31.340102396849538], [-114.87853826153653, 31.340481920796243], [-114.87913788571537, 31.338209536246076], [-114.8796066398733, 31.335613543949304], [-114.88033951354963, 31.3286845528737], [-114.88141265115233, 31.315787875287192], [-114.88292836722644, 31.311438220222353], [-114.88230732838437, 31.311290693151868], [-114.88199323871277, 31.311481049858735], [-114.88161545809875, 31.311010332469245], [-114.8803987475346, 31.311022165542617], [-114.87957259763955, 31.310765183316697], [-114.88098434819163, 31.31071486407541], [-114.88207388723062, 31.310418734350478], [-114.88195015459843, 31.310190306444078], [-114.88023503946131, 31.31037114493028], [-114.88076994173827, 31.309889542338144], [-114.88201868433931, 31.309748678377844], [-114.8827922455572, 31.309132159147286], [-114.88240677421663, 31.308821639750857], [-114.88177145806308, 31.30880379425431], [-114.8815787212722, 31.308411183345886], [-114.88386300413191, 31.30762596055], [-114.88554052399387, 31.3058782457617], [-114.88518590551702, 31.305683250524776], [-114.88434119647113, 31.306473231107777], [-114.88303963054474, 31.306642172026258], [-114.8838391302291, 31.30621386912289], [-114.88395572279487, 31.305373920162857], [-114.88455772651972, 31.30521925476383], [-114.88438283738705, 31.30364702571047], [-114.88411812183504, 31.303525078042536], [-114.88376774590705, 31.304138978858997], [-114.88318715795239, 31.304253193324104], [-114.88247331906923, 31.303798715811826], [-114.88257147232656, 31.303382311079666], [-114.88308900486724, 31.30283206052653], [-114.88141743245802, 31.30193083975689], [-114.88086420863554, 31.30121105327875], [-114.88033477949546, 31.299468097331246], [-114.88025744592552, 31.296654385122885], [-114.87983509237111, 31.298004728824157], [-114.87953765891615, 31.29764186073], [-114.87954955736124, 31.297243301226437], [-114.88051918675781, 31.29411431057469], [-114.88191117256594, 31.29206202554901], [-114.88297003194386, 31.29105670318936], [-114.88321307941882, 31.290585432482054], [-114.8840537372856, 31.288145927834076], [-114.88423219738033, 31.28675394322289], [-114.88900343624303, 31.285339484503996], [-114.88853933916695, 31.285052153486372], [-114.8888105971049, 31.28383862828231], [-114.88903902484557, 31.283948082854074], [-114.88897715878596, 31.284276448595357], [-114.88967196238401, 31.284714269446194], [-114.8900669527605, 31.284509636524923], [-114.890057434481, 31.28424789493157], [-114.88897240137189, 31.282791665350953], [-114.88858692784292, 31.281021346087247], [-114.8885298212088, 31.278256412031304], [-114.88913420424466, 31.276300495112896], [-114.88892957028372, 31.275653282064173], [-114.8886012048987, 31.275358229350903], [-114.8891579987785, 31.274744328345772], [-114.88910564987017, 31.274111391178337], [-114.88878204387707, 31.273673570552354], [-114.88922692425484, 31.27235558718129], [-114.88797413653089, 31.271713132438347], [-114.88660356816463, 31.272580446091744], [-114.88656787640855, 31.272769613034985], [-114.88684627293829, 31.272812442959662], [-114.88663212078771, 31.273262161020266], [-114.88590757462481, 31.273358529830524], [-114.8857648084829, 31.272801736545777], [-114.88637514041919, 31.272284202769832], [-114.88630732483097, 31.271713131809026], [-114.88471189590479, 31.272691091005516], [-114.88437996164106, 31.272651830588103], [-114.88436568461438, 31.272430540260345], [-114.8858540385039, 31.271745255102264], [-114.88606105101636, 31.271156337785765], [-114.88582548445217, 31.2711563383001], [-114.88535435080753, 31.271759532539345], [-114.88456555875787, 31.27164888750954], [-114.88520801449135, 31.271163477307873], [-114.88587545315502, 31.269825030280167], [-114.8867641810712, 31.268640058188424], [-114.88842385515213, 31.26869359613465], [-114.8890948632598, 31.26848301381442], [-114.89054395467205, 31.267169551086308], [-114.89234639656463, 31.266445006007487], [-114.89337789348455, 31.266302237823652], [-114.8946877865677, 31.26484243962985], [-114.89380262739525, 31.264107185072298], [-114.89144577154134, 31.26397155654196], [-114.89054633449965, 31.264252332256454], [-114.88981346143075, 31.263019771167745], [-114.88652361792205, 31.26004211396424], [-114.88548141364438, 31.26017060515148], [-114.88412512136522, 31.260827335718243], [-114.88403946113488, 31.261127148114568], [-114.8843535488692, 31.261384130470194], [-114.88422505939074, 31.261783879048895], [-114.88244046307696, 31.262069414770185], [-114.88142681185546, 31.26275470042797], [-114.88195505321276, 31.261769603250247], [-114.88281165918181, 31.261612557970825], [-114.88381103251203, 31.26017060538368], [-114.88548305458623, 31.259636438397823], [-114.88522800119406, 31.259446950915986], [-114.88528748791084, 31.259137621149492], [-114.8862987592489, 31.258852085924428], [-114.88656050024966, 31.258542756243628], [-114.88602512110205, 31.258126349916576], [-114.88557302330207, 31.257126976866882], [-114.88511349002798, 31.256645135855447], [-114.88479226261883, 31.25572309484941], [-114.88426878064952, 31.255372124397724], [-114.88316233233923, 31.25568145408426], [-114.8827221317412, 31.255021154538472], [-114.88267454153602, 31.253403120285917], [-114.88198449924947, 31.25163637110057], [-114.88179414154634, 31.25036335902628], [-114.88191311516474, 31.248917836359613], [-114.88130040395914, 31.245878074995485], [-114.88147886270825, 31.24524156957065], [-114.88137421887139, 31.241275294553702], [-114.88110409765319, 31.240369622772338], [-114.8811159951968, 31.239251276572084], [-114.88139558248976, 31.238376824404735], [-114.8812706601522, 31.23619366874229], [-114.88165732273886, 31.233939129306176], [-114.88265125680557, 31.229870874869736], [-114.88382858134726, 31.226372442889165], [-114.88460190649234, 31.222297616227994], [-114.88456621431001, 31.2212744484773], [-114.88539902473302, 31.219602877397932], [-114.88435206161203, 31.218698681803563], [-114.88456026514693, 31.21855591459913], [-114.8852741032091, 31.218651092189287], [-114.88533299487528, 31.218432182032387], [-114.88390888822883, 31.215758857990338], [-114.88380181178495, 31.21496292839417], [-114.88385179991155, 31.212694588429066], [-114.88475599382922, 31.207079059879046], [-114.88469650836505, 31.206710243481638], [-114.88417302724147, 31.206412811298907], [-114.88408974636913, 31.206103480842454], [-114.88485117277753, 31.206317631740685], [-114.88473220024089, 31.205377744818918], [-114.88477978979378, 31.205223079753136], [-114.88510101739908, 31.20541343676348], [-114.88520809339097, 31.205306360909848], [-114.88555311448017, 31.204009554889645], [-114.88548458146695, 31.200797839810562], [-114.88597712978347, 31.1959223243895], [-114.88998394888057, 31.17143772808961], [-114.89071820554578, 31.162521830445094], [-114.89070373637728, 31.1567207619312], [-114.89093235681615, 31.153729721076473], [-114.89083717874911, 31.152197349195152], [-114.89004243927818, 31.149594218244243], [-114.8894761273548, 31.14302690578073], [-114.88919059161259, 31.14270805796534], [-114.88887650320292, 31.142831790109835], [-114.88851006558063, 31.142722335303652], [-114.88820549497082, 31.142284513991882], [-114.88770818796857, 31.138784327327564], [-114.88770818808867, 31.13738044495326], [-114.88726798709101, 31.1367974770618], [-114.88724161953499, 31.135171768105952], [-114.88682778680017, 31.13375176676839], [-114.88582286707431, 31.124740806236918], [-114.88416814451959, 31.118503585787067], [-114.88270956588285, 31.115607484125224], [-114.88229553988859, 31.114270226777297], [-114.88006159721851, 31.11125521046113], [-114.87900641081491, 31.108512407011258], [-114.87773577899871, 31.106181011244214], [-114.8764651455288, 31.104417830952812], [-114.87595118323853, 31.102804555906545], [-114.87467531570202, 31.100313736238586], [-114.87304776454314, 31.098222428542904], [-114.87031257362521, 31.09399174644554], [-114.86601407816256, 31.088939675285342], [-114.8612700271318, 31.08457336455176], [-114.85891555098358, 31.08167875032117], [-114.85591504950695, 31.078629470307728], [-114.85352369196116, 31.076886515274225], [-114.85121696672215, 31.074813816601118], [-114.84899081872096, 31.073269734171046], [-114.84533239787777, 31.07193723605878], [-114.84422594774186, 31.071675495223115], [-114.84199520378161, 31.07155057406478], [-114.83924835368734, 31.068707058604286], [-114.83825254887844, 31.068517890821717], [-114.83783138493251, 31.068061034868148], [-114.83642060249667, 31.06761464804093], [-114.83559635672343, 31.06817810455445], [-114.83474355846643, 31.068221886179327], [-114.83488251876695, 31.067740283609535], [-114.83468835503142, 31.067388122961933], [-114.83386030199993, 31.067133045573463], [-114.8335481174494, 31.066750428190897], [-114.83287234968857, 31.066436339254864], [-114.83217945122995, 31.066725681110253], [-114.831888205427, 31.06508670796135], [-114.83121767329756, 31.064414510746], [-114.83032946832559, 31.062651616320114], [-114.82969653114698, 31.06214716997916], [-114.82937768279946, 31.0609050907825], [-114.82895889756257, 31.060262637288925], [-114.82706960642844, 31.05952292181335], [-114.82660918005136, 31.05958716692699], [-114.82668169146729, 31.060073008919137], [-114.82629628112484, 31.060378338527077], [-114.82538620924244, 31.0602232290647], [-114.82503357305225, 31.05995411198582], [-114.82499316865542, 31.057417455914425], [-114.8247932951496, 31.05654657309302], [-114.82290876191745, 31.05417662990435], [-114.82102422804589, 31.053255777771366], [-114.81861859313965, 31.053512760275645], [-114.81784050950142, 31.053127288318688], [-114.81668603565576, 31.052978150840506], [-114.81559953317618, 31.05245271045323], [-114.81417304605924, 31.05217312377511], [-114.81459659039477, 31.0506455103901], [-114.81462038541008, 31.04952716281039], [-114.81195538882544, 31.045482079376175], [-114.8117031657382, 31.044040125902], [-114.81214098738027, 31.043673689246347], [-114.81350560794222, 31.043256094047464], [-114.81439509031038, 31.042312320181953], [-114.81569903424715, 31.041562076134824], [-114.81762972887489, 31.041148764162244], [-114.81977600278282, 31.04025884546509], [-114.82260542003121, 31.040435876805383], [-114.82426509398326, 31.03952573295698], [-114.82485757989426, 31.03868697292494], [-114.82552204445587, 31.036871445132377], [-114.82582780479417, 31.036771507213707], [-114.82612999681919, 31.03632059875475], [-114.8280152441127, 31.03165614202836], [-114.82898463572282, 31.028374150966446], [-114.82889612050836, 31.02798154040495], [-114.82819941402846, 31.02788303101718], [-114.8281979860563, 31.027636042927426], [-114.8288804162124, 31.02717490325356], [-114.82894323302038, 31.026376832098013], [-114.82929301432652, 31.025734377066257], [-114.82987550588074, 31.025541641115748], [-114.83112186831553, 31.025426118235178], [-114.83144737811887, 31.02558792159343], [-114.83157983765537, 31.02545581464081], [-114.83271610668301, 31.022068222961074], [-114.83402005064491, 31.016533596500885], [-114.83475054625944, 31.01209828159276], [-114.83490640050704, 31.00590325495361], [-114.83409440846394, 31.001748477845958], [-114.83310383994278, 30.999823255956187], [-114.83186522792796, 30.99849900153215], [-114.82852892911724, 30.99675354727456], [-114.82463583257808, 30.999106924568913], [-114.82264214306214, 30.996760924119087], [-114.82204608831304, 30.996975075058963], [-114.8219104585381, 30.996832308037177], [-114.82273137338059, 30.99631834437884], [-114.82461233662065, 30.99863118060195], [-114.82484076537858, 30.99861333378633], [-114.82996850285092, 30.995520987383095], [-114.82965381963773, 30.994482352168227], [-114.8292302755975, 30.994637017379947], [-114.82893760230439, 30.994182540395748], [-114.82921599849723, 30.99450852610756], [-114.82960861012694, 30.99429437545051], [-114.82935638714335, 30.99389224645645], [-114.82899233031257, 30.993523429077378], [-114.8283772388493, 30.99331760644604], [-114.82796202328193, 30.99258235183465], [-114.82774549168026, 30.992785795785117], [-114.82698644352357, 30.991839960781927], [-114.82718036991373, 30.991788801903578], [-114.82712683247871, 30.991640086013167], [-114.82635112823264, 30.991491369481754], [-114.82609243357214, 30.99168270129955], [-114.82634236716656, 30.991854312259655], [-114.82613111644403, 30.991996511574293], [-114.8259741460919, 30.991735423928457], [-114.82571723937482, 30.992107888181025], [-114.82592639413402, 30.992391282545086], [-114.82546382686985, 30.991922289748064], [-114.82141422207626, 30.99436599636015], [-114.82131904373533, 30.994639634476343], [-114.82192461690875, 30.995459656150576], [-114.82108942584682, 30.995930789267817], [-114.82106444103577, 30.995720207251836], [-114.82152248854167, 30.995352580380505], [-114.8209520115383, 30.994694658947903], [-114.82098056523822, 30.994275874574672], [-114.82455927448403, 30.992191466131043], [-114.82464493478749, 30.991934485360627], [-114.82405007052697, 30.98974538047597], [-114.82306497308375, 30.988983952904093], [-114.8230316607009, 30.987984579149643], [-114.82245363000591, 30.98716369514937], [-114.81878331109134, 30.98407634426124], [-114.81445864073389, 30.981048480377726], [-114.81228143416001, 30.979858749727995], [-114.81060986165801, 30.97867496845297], [-114.80159765444338, 30.973797073356398], [-114.78597649217446, 30.96621254123948], [-114.78080592442898, 30.964009160452566], [-114.76328119273263, 30.957227696425065], [-114.76212477537455, 30.956949299082925], [-114.75875545777988, 30.95545023959532], [-114.75179553457477, 30.952980357942522], [-114.74884738329708, 30.951745418460025], [-114.74098504935652, 30.9476039659804], [-114.73633320333377, 30.94609003397927], [-114.73422737957145, 30.94478133040864], [-114.7341024582507, 30.94456717879821], [-114.73436177868679, 30.944364210756728], [-114.7343760556827, 30.944028706974148], [-114.73396916808301, 30.943371975804208], [-114.73334812857733, 30.94292225733956], [-114.72848689012642, 30.940695082342287], [-114.72189102455255, 30.937190136447708], [-114.721248570195, 30.936990260830353], [-114.72020946885864, 30.937004276287425], [-114.71895001111197, 30.934684562865108], [-114.71792217349602, 30.93189274448616], [-114.71726535167664, 30.928081559075252], [-114.71764368582312, 30.925904351860883], [-114.71754374892724, 30.924519506275978], [-114.71465270367557, 30.921400033523973], [-114.71343204004725, 30.91573215721249], [-114.71282527749749, 30.914932658150537], [-114.71255401918863, 30.91302670956677], [-114.7106898301096, 30.909168489442497], [-114.70972722014545, 30.90491036819328], [-114.71000231032909, 30.898786482471802], [-114.71051244194408, 30.896865409980357], [-114.71095502163449, 30.893810182358866], [-114.71085308182816, 30.891137492718112], [-114.71005558527919, 30.88866340859685], [-114.70850657168222, 30.887441270020272], [-114.70654350075758, 30.884059151164298], [-114.70652922389235, 30.88301694707331], [-114.70597956889958, 30.881196660278828], [-114.70573686428793, 30.879426341119434], [-114.70592959962056, 30.870317763981397], [-114.70527286861284, 30.86734105836549], [-114.70493022607893, 30.866784263940385], [-114.70398550185239, 30.86613935524922], [-114.70211391186403, 30.866241625186127], [-114.70385233017413, 30.865727784197542], [-114.70415214248129, 30.86250123409185], [-114.70781413352105, 30.853999420309762], [-114.70932033223967, 30.84960217638142], [-114.70964304642342, 30.84834332220201], [-114.70972870721347, 30.845229083848388], [-114.70900725417002, 30.841874995929174], [-114.70786190477205, 30.839459525104097], [-114.70634121865986, 30.837415709300327], [-114.70583070902597, 30.83716047902922], [-114.70470368710755, 30.835808910421665], [-114.70431831031037, 30.83376916385439], [-114.70428066032666, 30.831069569873048], [-114.70392784971101, 30.82864114961979], [-114.7030238787093, 30.8256231494684], [-114.70259628260473, 30.82516474680082], [-114.70106197310272, 30.82446038987404], [-114.69982487213039, 30.82147769652994], [-114.69735437434807, 30.818539772229908], [-114.69695609108064, 30.817251347970505], [-114.69668915019982, 30.813150770234582], [-114.69709512038189, 30.811993539952542], [-114.69765170948195, 30.806340020015732], [-114.69917849035842, 30.796471019976735], [-114.69932151950941, 30.79161829016128], [-114.70003350941836, 30.78296395034904], [-114.69996010961144, 30.77402446013866], [-114.70015102785707, 30.769750716983403], [-114.69847112902063, 30.763559359881793], [-114.69809041457853, 30.76088484592356], [-114.6982629743524, 30.760085433607763], [-114.69788819993019, 30.75952727908875], [-114.69731348881243, 30.75560676594546], [-114.69593281073246, 30.753884451552302], [-114.69582949417551, 30.753282985166205], [-114.6952622266573, 30.752609542236822], [-114.69505097156237, 30.751765422959377], [-114.69552516143041, 30.75072537542287], [-114.69567356014097, 30.749746144974907], [-114.69533690335355, 30.747014491936056], [-114.69445174343133, 30.746828894235897], [-114.69411623920848, 30.74652908103284], [-114.69318099203055, 30.744551333390152], [-114.69324285786922, 30.743375878820142], [-114.69406139322349, 30.741096356460506], [-114.69571749833852, 30.738364734514], [-114.70227717773476, 30.725111535719485], [-114.70341338830288, 30.722385883204], [-114.7045628791378, 30.71905825895211], [-114.7050059802538, 30.716678199897682], [-114.70536350202903, 30.71229397140307], [-114.70457369350001, 30.704933332234827], [-114.70377835496056, 30.702711874620775], [-114.70297165737644, 30.701590703400605], [-114.70045738386536, 30.699313020475874], [-114.69960491903446, 30.697786710266712], [-114.69853983269877, 30.690875463667112], [-114.69741481346894, 30.68754949744469], [-114.69611248829861, 30.685174262888257], [-114.695403408872, 30.680891233289444], [-114.6944230713174, 30.677383907936502], [-114.69440879395644, 30.674185911904512], [-114.69395193815447, 30.67057388971607], [-114.69398049073992, 30.669165249538402], [-114.69636957129607, 30.659821848447137], [-114.69644294100623, 30.65838204437858], [-114.69701067709875, 30.65626369726919], [-114.69693190893024, 30.6546347687474], [-114.69757685040435, 30.64949864718049], [-114.69719393124116, 30.646079805091244], [-114.69755889285045, 30.64521401966904], [-114.69892984918357, 30.635860089409242], [-114.6985133347452, 30.632142680517905], [-114.69762484049909, 30.629007675475002], [-114.69704999620738, 30.627738833402802], [-114.69666928223464, 30.62733908414987], [-114.69590611831842, 30.623621563441834], [-114.69434994960449, 30.62096608596597], [-114.69260104613446, 30.61862469559312], [-114.69146604350293, 30.61763246111046], [-114.69019238922853, 30.615470331737743], [-114.68946427412781, 30.613814227166674], [-114.68960228304391, 30.612429381344402], [-114.68934530123786, 30.61170602521079], [-114.68725613444221, 30.609488367392018], [-114.68598550230234, 30.607099389103947], [-114.68492902205297, 30.606047666875384], [-114.68495757477235, 30.604724686393823], [-114.68351562240063, 30.600565389570324], [-114.681466744513, 30.59791834737782], [-114.68030374737243, 30.596778548062396], [-114.68005628316176, 30.596240790099863], [-114.68041320227822, 30.593699526468132], [-114.67912353432304, 30.591729331731678], [-114.67873806210447, 30.59064905732793], [-114.67817650853166, 30.589859075896342], [-114.6778495706808, 30.588706464882936], [-114.67680379781318, 30.58738324584025], [-114.67511437980386, 30.585846114861354], [-114.67071237822356, 30.582743298162676], [-114.66981472222348, 30.581755195945018], [-114.66928232204862, 30.58078262248128], [-114.66808307264873, 30.579661896368318], [-114.66545614762691, 30.578020067393066], [-114.66447819008118, 30.576363963618995], [-114.66374769535116, 30.574256950104406], [-114.66180830479313, 30.57172476303631], [-114.6612943405266, 30.57026377415539], [-114.66064236919394, 30.569154946120793], [-114.66004750438765, 30.567094332449194], [-114.65896722779186, 30.565162209788127], [-114.65758714074761, 30.5637916400139], [-114.65553604588848, 30.56049370811298], [-114.65254315871009, 30.557172218601448], [-114.65140339809962, 30.55435969481548], [-114.65064946477841, 30.55023251974583], [-114.65038438614968, 30.549689007078864], [-114.65100043629359, 30.548810791788906], [-114.65149417434549, 30.5463480498751], [-114.65103684211331, 30.543141726614255], [-114.64996517996305, 30.540856658371865], [-114.64847801725006, 30.538884085013056], [-114.64872310143687, 30.53780856928467], [-114.64985810366663, 30.536951963018065], [-114.6499723184509, 30.535260165892655], [-114.64970106021595, 30.534439252041253], [-114.64892297545256, 30.5338182128524], [-114.64862316368449, 30.5332828343605], [-114.64900149818165, 30.532568996537282], [-114.64970819771317, 30.532240630037514], [-114.64998659507495, 30.53153392981869], [-114.64972247516874, 30.529856410304284], [-114.64932986382675, 30.528778514504996], [-114.64886586942501, 30.528207444142243], [-114.6488230388241, 30.527022471845786], [-114.64818534315795, 30.526437125235905], [-114.64742391594184, 30.526656035210998], [-114.64790932596756, 30.52567569721246], [-114.64783318345732, 30.525371126395587], [-114.64695754127322, 30.52429085075141], [-114.6463721939804, 30.523933931937524], [-114.64543944551149, 30.522596675339862], [-114.64494451697456, 30.520426606403642], [-114.64343474907616, 30.51951931827243], [-114.64291126841248, 30.519656375389342], [-114.64232306516384, 30.518226793778815], [-114.64134653358983, 30.518314359541527], [-114.64137673080103, 30.51761132875566], [-114.64229520248966, 30.516830866106847], [-114.64219050721779, 30.516036126363026], [-114.64176696348335, 30.515231868382042], [-114.64062482150509, 30.51388033420045], [-114.63985863515144, 30.511810203250114], [-114.63791223596088, 30.509097617765455], [-114.63681292509942, 30.506661050560197], [-114.63639414043254, 30.505190543264487], [-114.63538524765607, 30.50412930322845], [-114.63477134820731, 30.503034751147755], [-114.63404323177468, 30.502606448223176], [-114.63416696361482, 30.501640386997682], [-114.63372438545207, 30.499322791845042], [-114.63310691482158, 30.4978766753801], [-114.6326131754958, 30.497302630162903], [-114.63211646373708, 30.495860081171728], [-114.6314353433933, 30.49547639345114], [-114.63258938193862, 30.493596619067567], [-114.63250610146616, 30.492525862100788], [-114.63153052209648, 30.490818598478374], [-114.6309832461438, 30.490402193453196], [-114.63119620669151, 30.489732374411414], [-114.63107247517162, 30.489308830142154], [-114.63074472903014, 30.489075643500115], [-114.63031521209172, 30.48942245026534], [-114.63044608195091, 30.48862533050197], [-114.63081489880537, 30.48859558686632], [-114.63096361459871, 30.488250564837315], [-114.63126699628874, 30.484913370828675], [-114.63101715310029, 30.48436609554605], [-114.63012485471374, 30.48378907628721], [-114.63125509887288, 30.481879557979834], [-114.63162034645217, 30.479481062063236], [-114.63088509248723, 30.478377309161136], [-114.63097075259356, 30.477499288287227], [-114.63193443537253, 30.47597167388023], [-114.63309085337595, 30.47174575158213], [-114.63445190466857, 30.469278250384665], [-114.63481596201098, 30.467995721235408], [-114.63649382837292, 30.464366649594638], [-114.63751427073302, 30.461085766206104], [-114.63855290639157, 30.459284513808367], [-114.63875516046954, 30.45761294210885], [-114.63916561653585, 30.456607620608988], [-114.63914182283146, 30.45592947376762], [-114.63879680078271, 30.455215635311337], [-114.63923700144161, 30.454043750757517], [-114.63896931158163, 30.452967045340078], [-114.63920130855354, 30.452050952602466], [-114.63911207867066, 30.451390652016713], [-114.63863142769334, 30.45113842899757], [-114.63847676286008, 30.450629223831417], [-114.63866236130312, 30.449853519738955], [-114.63853149136648, 30.448030853548087], [-114.63791045082151, 30.446967234218736], [-114.63718947536148, 30.446546069517716], [-114.63676117233209, 30.445618079193295], [-114.63675403303851, 30.444575876393287], [-114.63739506047872, 30.441749552134315], [-114.63720946201964, 30.441249865035473], [-114.63759941695311, 30.440579726680802], [-114.63754734556697, 30.439622314270075], [-114.63699316867944, 30.438334548876927], [-114.63708882398878, 30.437497931537262], [-114.63621100688485, 30.435407785635537], [-114.63519715221146, 30.434647337408876], [-114.63528043335255, 30.433928739517455], [-114.63386465406138, 30.432643830008004], [-114.63354818576543, 30.430830681627462], [-114.63275582503688, 30.43051421311813], [-114.6325107407546, 30.429531495080422], [-114.6319349110817, 30.42909605383364], [-114.63175407188368, 30.428620162497808], [-114.63179690173943, 30.427763556326862], [-114.6322418615432, 30.42728052547221], [-114.63098788556803, 30.424451346476097], [-114.63158750974527, 30.421864871892847], [-114.63074993867644, 30.421105823878502], [-114.63050009587111, 30.419314090285802], [-114.63134242511462, 30.41859311314392], [-114.63198190529262, 30.418367052173046], [-114.63248385257498, 30.416936294509938], [-114.6322037904328, 30.41671500515154], [-114.63169815546988, 30.41671500558072], [-114.6317873843262, 30.41572752823699], [-114.63229302026177, 30.41510292005238], [-114.63281055306531, 30.41473410349819], [-114.63347085329913, 30.414591336266824], [-114.63393484820877, 30.414067854345223], [-114.63465285049983, 30.412195829796488], [-114.63466058380148, 30.411313628230978], [-114.63338757208177, 30.410492714113133], [-114.63322695832126, 30.41018338412733], [-114.633821823599, 30.4098145685413], [-114.6340419243794, 30.409160216320902], [-114.63496991413024, 30.408547504897417], [-114.63520191075216, 30.408131099437362], [-114.63520024524065, 30.407820817062632], [-114.63468437788144, 30.407546703055566], [-114.63443310673709, 30.406771951549], [-114.6352440270845, 30.40609618381371], [-114.6361877220324, 30.405917248070025], [-114.6367231000538, 30.40454667905774], [-114.63659549405662, 30.403264180916228], [-114.63621984440316, 30.402803724309912], [-114.63620080846955, 30.40247059888182], [-114.63686705786472, 30.400838289430123], [-114.63688133515149, 30.399786567146624], [-114.63650538021525, 30.399196460847627], [-114.6358343723781, 30.39897279175835], [-114.63631026351543, 30.398149498068797], [-114.63627695140416, 30.39761649870759], [-114.63468747206, 30.39645056321208], [-114.63445904261627, 30.395722447933817], [-114.63501107768359, 30.395146617996204], [-114.63530613052399, 30.394185316428533], [-114.63624839765235, 30.393909299531852], [-114.63634833531003, 30.393214496092448], [-114.63677187886728, 30.39295751414744], [-114.63729060174896, 30.39299558500123], [-114.6378902255562, 30.392357890219063], [-114.63842798444809, 30.3906494368198], [-114.638399431185, 30.38999746522719], [-114.63893718850365, 30.389416876177325], [-114.63880393856934, 30.388422260908857], [-114.64054570483118, 30.38676377750484], [-114.64208581120158, 30.38325466703565], [-114.64228438871031, 30.382248404352246], [-114.64201835256732, 30.381183822190263], [-114.64267508359305, 30.380612751384742], [-114.643569762382, 30.377043560108497], [-114.64355072548011, 30.374102546151427], [-114.6423609955421, 30.373179315565146], [-114.64243713783472, 30.372836673322606], [-114.64317953029507, 30.372170424150507], [-114.6430272444063, 30.371180568199463], [-114.64226581750597, 30.370114569247605], [-114.64089762871231, 30.3699895505173], [-114.64050501614588, 30.369505427202768], [-114.64040983653771, 30.369181821566617], [-114.64082862235816, 30.36762089434834], [-114.64070488957786, 30.367316323304525], [-114.6396293737024, 30.36606948589601], [-114.6382615032618, 30.36545830906522], [-114.63740870450917, 30.365483055590182], [-114.63718949568947, 30.365273831622392], [-114.6371609426381, 30.364764627346787], [-114.6366993265056, 30.364455297384257], [-114.63640427434093, 30.364469574183932], [-114.63631385448635, 30.364959743325027], [-114.63599024808626, 30.3649454659547], [-114.63530496269871, 30.36417452052725], [-114.6352954444896, 30.363522547794936], [-114.63586755652581, 30.362030759039197], [-114.63638865941813, 30.361788054292454], [-114.63638152136701, 30.361452550110695], [-114.63596749466248, 30.361316920854375], [-114.6359408446503, 30.361011849305907], [-114.63727381879363, 30.357754868094712], [-114.63646004312498, 30.356013102095297], [-114.63637438273254, 30.354528318580915], [-114.63511341565416, 30.351145781877463], [-114.63484572714721, 30.349492056262513], [-114.6357390665543, 30.3461335802541], [-114.63538214664747, 30.345483987164197], [-114.63611026207496, 30.344684488499535], [-114.63668386120847, 30.344786672398186], [-114.63730846859933, 30.345637329891463], [-114.6375047751086, 30.34718992851586], [-114.63831379100847, 30.348760372234345], [-114.63898598938039, 30.348796063847878], [-114.63937265193941, 30.348623553062673], [-114.63952136782106, 30.348974524613364], [-114.63930126833577, 30.349331442906955], [-114.6397712108251, 30.349456363759238], [-114.64036012784328, 30.349426620979216], [-114.641615294475, 30.348843652769308], [-114.64065027425528, 30.347090124522083], [-114.64087156355257, 30.34546257216249], [-114.64017200153395, 30.34492719426391], [-114.63992929746155, 30.343706530120826], [-114.63994357374582, 30.34152932322656], [-114.63958665530002, 30.34034435149807], [-114.63912265952077, 30.339930324964534], [-114.63909306453698, 30.339302014773196], [-114.63933101083327, 30.3390462233649], [-114.63978310951313, 30.339135452552675], [-114.64058617682988, 30.339932572467117], [-114.64188298316536, 30.340057493357445], [-114.64227559380527, 30.339926623192923], [-114.64331288125825, 30.339157024825486], [-114.644300101811, 30.336923865107927], [-114.6443001017391, 30.335420045961087], [-114.6440621571449, 30.335124993082566], [-114.64428106683603, 30.33413513723656], [-114.64428106725848, 30.331831818463456], [-114.64487117406168, 30.330232820090185], [-114.64494731609166, 30.328424430046347], [-114.64411926390014, 30.325654738289664], [-114.64403360270339, 30.323494187012063], [-114.64492452887019, 30.321360046299016], [-114.64635518005721, 30.320869282575035], [-114.64648902449697, 30.32059564394823], [-114.64628379651036, 30.31991154949117], [-114.64601313220764, 30.319777704521606], [-114.64605477288228, 30.31933750444431], [-114.64572759716305, 30.319272069561165], [-114.6456978541503, 30.31897760993369], [-114.64587333882099, 30.317193015445515], [-114.64636944915061, 30.31559848025736], [-114.64606830676775, 30.31537428856766], [-114.64547820089473, 30.31565982345527], [-114.64496423556893, 30.315659823295835], [-114.64445027258496, 30.315241038136104], [-114.6445454516862, 30.31481273561021], [-114.64485002278859, 30.313879986203304], [-114.64625866429526, 30.31316614804985], [-114.64647757360564, 30.3128044705999], [-114.6468963589572, 30.30891167155176], [-114.64760439675565, 30.307829836509786], [-114.6474854243134, 30.307603787473717], [-114.6482974147575, 30.307591890276417], [-114.64867515380615, 30.306922666192428], [-114.64791521442365, 30.30541408809574], [-114.64739411164611, 30.30507144525225], [-114.64716568370974, 30.304628866214763], [-114.64759398738518, 30.30256587290799], [-114.64786524515837, 30.302187538963107], [-114.64915208760084, 30.30162100364776], [-114.64954231996246, 30.30037416537866], [-114.65012290772044, 30.300440790527524], [-114.65051313996818, 30.29895600698181], [-114.65064029149866, 30.2992138069441], [-114.65088433610161, 30.29913684633895], [-114.65164576298754, 30.29734749108439], [-114.65214069087412, 30.295443922313158], [-114.65182017781149, 30.293857510340235], [-114.65191413644614, 30.29248516841248], [-114.65169335249375, 30.291494017159707], [-114.65184563758062, 30.29078969579572], [-114.65157913797802, 30.28994260856946], [-114.6524071908604, 30.288619628473032], [-114.65331138578773, 30.28773446874853], [-114.65400142962118, 30.287513773796576], [-114.65511501658911, 30.287561363368358], [-114.6554481415482, 30.287323417528402], [-114.65585740864483, 30.286504881823795], [-114.65616198004953, 30.284230116837378], [-114.65593355154942, 30.281669817191933], [-114.65535296366467, 30.281060675398226], [-114.65607631982283, 30.27876687498651], [-114.65506202102445, 30.277285769732515], [-114.65443731596868, 30.277168038305522], [-114.65373282027967, 30.27604091897333], [-114.65217204896149, 30.27597479938855], [-114.65160405977967, 30.275688620456638], [-114.65150145024535, 30.274829779226607], [-114.65120516998675, 30.27447123052847], [-114.65002925856251, 30.274343259759892], [-114.64950630970941, 30.27191047945221], [-114.64574182869374, 30.26905241890062], [-114.64472783861582, 30.26804547490578], [-114.6434645910869, 30.267751741618486], [-114.64297426608826, 30.267808498509044], [-114.64220170919165, 30.267475414824432], [-114.64114107989228, 30.266370154701804], [-114.63967078958258, 30.262214896594326], [-114.63960992900692, 30.259559200647843], [-114.63980000715914, 30.259152263000015], [-114.64014795962741, 30.259092725963985], [-114.63974135620415, 30.258467743752885], [-114.6402361249608, 30.258238397138452], [-114.64008386096451, 30.257608905394342], [-114.64053777200877, 30.257411400417475], [-114.64079474571942, 30.256903630485706], [-114.64275993871844, 30.255433949443194], [-114.64274919562884, 30.255203381056553], [-114.64448047381876, 30.253061958086935], [-114.64479013169698, 30.251754745904964], [-114.64618427804619, 30.250712913431226], [-114.64668623819482, 30.250020835837827], [-114.64644000110117, 30.24944618239485], [-114.64731237600128, 30.24916035022129], [-114.64825066815402, 30.247201801178196], [-114.64864433918974, 30.246846199657867], [-114.6486689057681, 30.245896881519318], [-114.65087648050856, 30.244279289196147], [-114.65200601031516, 30.24164992475735], [-114.651740879524, 30.239870379926323], [-114.65074633890407, 30.23938364971416], [-114.65050516897286, 30.238800770512242], [-114.65097197910947, 30.237956259859992], [-114.65098045886117, 30.237262940414094], [-114.6499552292704, 30.23296544997012], [-114.64996596881129, 30.230774509174804], [-114.65051951001473, 30.22743406000602], [-114.65054042902287, 30.225303170381753], [-114.65470231897717, 30.216672230399706], [-114.65712462779581, 30.213469803284898], [-114.65889982931702, 30.211601079116964], [-114.66310627995699, 30.20824390894166], [-114.6635245486204, 30.207013419580854], [-114.66463505891629, 30.20675185041568], [-114.6650038600362, 30.205190618732658], [-114.66658109175809, 30.20234244591382], [-114.66701076197778, 30.200031475287354], [-114.66731680414027, 30.20040065145991], [-114.66800702960478, 30.200454780217846], [-114.66786604970726, 30.199814941165105], [-114.66824214083086, 30.199855167537013], [-114.66877434251373, 30.198026046125864], [-114.66799764889136, 30.195968548967823], [-114.6680589497464, 30.19397847946151], [-114.66772253938522, 30.191418568840795], [-114.66723412027697, 30.190588739824687], [-114.66640088889537, 30.190045288883788], [-114.66528897058487, 30.18826955014371], [-114.6647358751382, 30.186968804975184], [-114.66409465732814, 30.186730980813902], [-114.66353845778697, 30.185921903037563], [-114.66384051897496, 30.18524654048034], [-114.66351039901646, 30.184548250055528], [-114.66071957028306, 30.18223976972251], [-114.65939191020045, 30.18224169051487], [-114.65834896980624, 30.181329829247467], [-114.65453776881856, 30.17682888989892], [-114.65245650896547, 30.17492510901761], [-114.65181191882856, 30.17391824929243], [-114.65119602025358, 30.170833889398942], [-114.6505312894294, 30.169817280438018], [-114.6506122489141, 30.169027890048817], [-114.6501011397421, 30.167930600555255], [-114.65011441856554, 30.166480424574083], [-114.64989612585444, 30.165944916471265], [-114.64847711954174, 30.164445050139555], [-114.648282819816, 30.16346370912009], [-114.6469358193269, 30.162054968789914], [-114.64586162866351, 30.160433109781337], [-114.64616393905398, 30.15991714969265], [-114.64569088946848, 30.158637089839765], [-114.64488456865072, 30.15811688957824], [-114.64530654866034, 30.157341769256615], [-114.6446805992306, 30.156749860048958], [-114.64398045035269, 30.15646090892838], [-114.64268067910744, 30.15470962950714], [-114.6409756200694, 30.15344174961146], [-114.6409154787254, 30.15273780023324], [-114.64021227987222, 30.15247082975204], [-114.6404952792626, 30.152137288856814], [-114.64053722050855, 30.150724549761545], [-114.64003710979662, 30.14812971965005], [-114.63956362625814, 30.147111791007674], [-114.63914484085825, 30.146769147804147], [-114.6388878594265, 30.14558893602766], [-114.63809787815497, 30.144189812202683], [-114.6374601823426, 30.143523562704363], [-114.63703187917135, 30.14334272410538], [-114.63582311278836, 30.143799581547604], [-114.63547095288469, 30.143523563357675], [-114.63522348862489, 30.14293345724374], [-114.63528059601136, 30.141182173788938], [-114.63487132936679, 30.140401711218452], [-114.63543288107145, 30.139288123380126], [-114.63503313235441, 30.13776526793933], [-114.63515686397226, 30.13444354036633], [-114.6340432761698, 30.133291881137108], [-114.63342461585489, 30.13152156241431], [-114.63352931345214, 30.13129313417549], [-114.63406231157533, 30.131493009329766], [-114.63431929438809, 30.131340722977217], [-114.63393620093873, 30.130964768174223], [-114.63332943778333, 30.128692383041436], [-114.63318666997036, 30.127907161362955], [-114.6332937465145, 30.127669215261147], [-114.63377793186602, 30.12783562408102], [-114.63377279661022, 30.12723750440165], [-114.6332411391571, 30.126411919010692], [-114.63149402918329, 30.12539656014294], [-114.63064039793373, 30.124239547223652], [-114.6299706984719, 30.123941717258724], [-114.62976130637357, 30.12357052245933], [-114.62997069777701, 30.12316125425199], [-114.62941866261404, 30.122257059487684], [-114.62935243940186, 30.12157617426265], [-114.62749843808662, 30.11953436094075], [-114.62516656665184, 30.118106684646946], [-114.6226633737408, 30.11694550757031], [-114.61618172174039, 30.11439472537902], [-114.61456368765478, 30.114052083306838], [-114.61289806611768, 30.113985458157277], [-114.60807251934098, 30.111701175188742], [-114.60624509300887, 30.109730980777844], [-114.60390817998754, 30.10798781917373], [-114.60285436116006, 30.10617130778466], [-114.60182643368667, 30.104924469990102], [-114.60141716553858, 30.10366811542012], [-114.60046538160046, 30.102031046257217], [-114.59996093613631, 30.09951833535313], [-114.5988663843486, 30.096510696304545], [-114.59878072406028, 30.095235305381063], [-114.59822868853163, 30.09405509212924], [-114.59809543889604, 30.093017647438725], [-114.59734352917972, 30.09147575683487], [-114.59696281503342, 30.088715581801853], [-114.59094753805627, 30.083318964446285], [-114.58878698736227, 30.081091789298167], [-114.58570320647675, 30.07720850791822], [-114.58470383231835, 30.075247832950843], [-114.58327615641112, 30.07137407046828], [-114.58245762069312, 30.06829980604934], [-114.58229581766405, 30.066053594979135], [-114.58252424588517, 30.064321347984787], [-114.58244810280037, 30.05864871354242], [-114.5830167941399, 30.05441208186187], [-114.58345937394166, 30.053244956948053], [-114.58339869755893, 30.05239548929811], [-114.58279581061424, 30.05114504280655], [-114.58020270421926, 30.048307294128275], [-114.57905618216695, 30.046148213772106], [-114.57778316981351, 30.04447069452911], [-114.5775690181951, 30.041929430162522], [-114.57671788482169, 30.03951741038776], [-114.57736747801007, 30.03829674579113], [-114.57727110953209, 30.036876208006706], [-114.5764002273641, 30.035013089795704], [-114.57619321418495, 30.033146403533472], [-114.57516880510084, 30.0319039983164], [-114.57156630131158, 30.029479326953517], [-114.56622701337719, 30.026906533254298], [-114.56589686317587, 30.026942224940765], [-114.5656797366763, 30.02646930743154], [-114.56579276128623, 30.026162950965958], [-114.56718474596455, 30.025419370447942], [-114.56753274226905, 30.02452409789988], [-114.5667653655594, 30.02158546302999], [-114.56404683205655, 30.018569497001103], [-114.56487964276447, 30.017064487037356], [-114.56584927284044, 30.01636552076463], [-114.56609614335274, 30.01581527009453], [-114.56521871572035, 30.013611295405536], [-114.56527820256156, 30.011793981547722], [-114.56509974265632, 30.011127732159718], [-114.5642996503022, 30.010161075783685], [-114.5604062558746, 30.00706182852902], [-114.55540343958108, 30.004316524905313], [-114.5532472905381, 30.003493945329513], [-114.55121047176853, 30.001809286976947], [-114.55108198225625, 30.0001436638121], [-114.5518196138255, 29.999534522237862], [-114.55063940247862, 29.996812418827737], [-114.54915461796145, 29.9948898144101], [-114.54820759258081, 29.99413314596721], [-114.54626119434924, 29.991806032749754], [-114.54556639104075, 29.99041642801449], [-114.54550928379473, 29.989621688379344], [-114.54520947211729, 29.989060134774164], [-114.543177411688, 29.98702331644296], [-114.53984140753563, 29.98482945346168], [-114.53868974858997, 29.983496955376776], [-114.5383518651249, 29.982311984606813], [-114.53844228485066, 29.981479172325837], [-114.53902287272024, 29.980536906113674], [-114.54042199565262, 29.97912826545709], [-114.54065042508957, 29.977357946384974], [-114.54045530940527, 29.976872536048813], [-114.5389610073213, 29.975068903862454], [-114.53866119536033, 29.97389820915611], [-114.53662021210918, 29.971568717585697], [-114.53617108886323, 29.970262988520705], [-114.53476720690044, 29.96912679536913], [-114.53411880352103, 29.96815716540305], [-114.53312240479735, 29.967624760097717], [-114.53041636249921, 29.966665243097594], [-114.52890302552589, 29.965626608142333], [-114.5261511789581, 29.964784279232294], [-114.52137145202664, 29.962716268248386], [-114.51992295583874, 29.96189832863066], [-114.51707472521457, 29.9611972409523], [-114.51520803820696, 29.960419157780407], [-114.51161386156114, 29.959380523239805], [-114.50912970466037, 29.95789573918745], [-114.50783765727618, 29.956878520069882], [-114.50538919154074, 29.95586843948496], [-114.50122420520493, 29.954519875701223], [-114.4940934165778, 29.952839674916774], [-114.49063441930244, 29.951129620534495], [-114.48889719062697, 29.94961847408508], [-114.4874711790865, 29.94876930988861], [-114.48527898023531, 29.946639309913444], [-114.48371720996353, 29.944247480329157], [-114.48278588906395, 29.943202049982002], [-114.48210333919111, 29.939369828915], [-114.48062437892104, 29.937819308843466], [-114.47946791954458, 29.933219290443944], [-114.4780702488924, 29.92981565010204], [-114.47797816853478, 29.92903607980314], [-114.47830287906635, 29.92768111933151], [-114.47766799750516, 29.925835172054608], [-114.47785879903593, 29.924618419816298], [-114.4764693435155, 29.922873337787294], [-114.47518562454071, 29.922239212669883], [-114.473809106266, 29.920932293245148], [-114.47364670835722, 29.920414165368257], [-114.47402637733016, 29.919885077048967], [-114.47395140032532, 29.919310120329637], [-114.47317039995178, 29.9184190301578], [-114.47308218099218, 29.917939526562094], [-114.47318271275786, 29.917390464886093], [-114.47356543474494, 29.91710691142542], [-114.47351524330938, 29.91630781027789], [-114.47291587372627, 29.915259912989107], [-114.4708859385325, 29.91353157450427], [-114.46882889410385, 29.91224785536154], [-114.46493133652305, 29.91063933910387], [-114.46246443082214, 29.909850547889615], [-114.44745983823356, 29.90814841582609], [-114.4441305205909, 29.908045430084083], [-114.44238416485791, 29.907758831451172], [-114.44139059926712, 29.907929969231375], [-114.4412295498676, 29.907698450171228], [-114.43927104878068, 29.90780574040251], [-114.43902205045096, 29.908216149145506], [-114.43840661930474, 29.908511555476903], [-114.43820689461602, 29.909182819077085], [-114.4371361376599, 29.91031603709762], [-114.43653234924241, 29.910613470154086], [-114.43605943086627, 29.910015630013202], [-114.43511359606413, 29.909881785392944], [-114.43370448078674, 29.90911588920586], [-114.43230476288937, 29.90770070532177], [-114.42992486902345, 29.906434904308284], [-114.42936951995169, 29.905929320148413], [-114.42925786293218, 29.904986334818872], [-114.42946350983543, 29.904654709695166], [-114.42922693029975, 29.90415114459769], [-114.42742529288115, 29.902718057521916], [-114.42550723807548, 29.901869836239033], [-114.4250118193989, 29.90139199921637], [-114.42333419467026, 29.89916319952948], [-114.42294032271016, 29.897423081888864], [-114.42236624962806, 29.89661532455416], [-114.41879017950144, 29.893817749644526], [-114.41723134726607, 29.893048594553683], [-114.41643652085328, 29.893012944388165], [-114.41363033406314, 29.891333638219244], [-114.41298405892452, 29.890687378906314], [-114.41288709960627, 29.887655989091833], [-114.41271157861576, 29.886938150172117], [-114.41239925872415, 29.886771220032475], [-114.41262094958104, 29.886362149796284], [-114.41225448022098, 29.885229490460585], [-114.41025006197725, 29.882459246024677], [-114.40913647511101, 29.878267826049054], [-114.40964686869171, 29.874563599947987], [-114.40963140212645, 29.872143092754776], [-114.41018819643126, 29.870070582010683], [-114.4103627866966, 29.867644876647354], [-114.4137841567142, 29.860512287943045], [-114.41475081254738, 29.856769395247746], [-114.41472761264215, 29.854998482607957], [-114.41385783147759, 29.853125580986145], [-114.41358256927464, 29.852998919337896], [-114.41327376215341, 29.848115891369922], [-114.41130947988889, 29.846852109818887], [-114.41060799853577, 29.845389369928483], [-114.41022608911894, 29.84490783044735], [-114.4097959487514, 29.844723999635818], [-114.40926093885916, 29.84303512027266], [-114.4086857489419, 29.84221527929859], [-114.40766617929654, 29.84132331996455], [-114.4065931192118, 29.83968825943559], [-114.40523891681649, 29.838201865827816], [-114.40355306854009, 29.83666294982479], [-114.40277974437448, 29.83550296314979], [-114.40203735325663, 29.832811792265616], [-114.40205281850595, 29.83213126614737], [-114.40157554040489, 29.83134108048312], [-114.40046497008079, 29.830479489168546], [-114.39581982094617, 29.827986245252045], [-114.39506196336762, 29.82770011487633], [-114.39436329086813, 29.828106562572245], [-114.39405664042636, 29.827978511739648], [-114.39472972840022, 29.826874001849774], [-114.39556462391187, 29.826895856783437], [-114.39676327657266, 29.82657106148349], [-114.39735873699159, 29.826748926112042], [-114.39754433487397, 29.82730571883952], [-114.3987379971249, 29.82797214882669], [-114.39982415445247, 29.827936431431922], [-114.40113880642332, 29.828442066503552], [-114.4032446290406, 29.827621151860058], [-114.40431538642241, 29.82605070772764], [-114.40625970579296, 29.824954811916637], [-114.40686289991696, 29.824026821989307], [-114.4077893985431, 29.82354632495702], [-114.40854963655131, 29.821765298966163], [-114.40955258005864, 29.821201367190845], [-114.40965816340413, 29.81596591046775], [-114.40791639815376, 29.813399065936213], [-114.4068634855346, 29.812488922372708], [-114.40528233360116, 29.811560933074862], [-114.40364764465427, 29.81096487776173], [-114.39996484164203, 29.810485904291916], [-114.39832539246864, 29.809735778975448], [-114.39813979474576, 29.80847526023418], [-114.39849552524257, 29.808250996342302], [-114.39882745191488, 29.807626097013927], [-114.39904041347597, 29.80576535913608], [-114.4010881099732, 29.805354018747796], [-114.4012075159908, 29.804884355763388], [-114.39967097039174, 29.80496823892637], [-114.39939138435648, 29.80529541527837], [-114.39896985279798, 29.805350927416082], [-114.39879950129581, 29.804827249040855], [-114.39909455448759, 29.803190180456983], [-114.39851396633968, 29.80316162613488], [-114.39818084110654, 29.803608965328486], [-114.39740989647395, 29.807463692569463], [-114.39639148647305, 29.807768262984634], [-114.39611546876799, 29.80815849397756], [-114.39504946996618, 29.808834261453423], [-114.39446888200092, 29.809747974012414], [-114.3934314371305, 29.810204831172577], [-114.39286036622525, 29.81011916988537], [-114.39289843831816, 29.80989074256968], [-114.39353625127592, 29.809617377480077], [-114.39478399951862, 29.808077500828016], [-114.39575363034714, 29.805018704341194], [-114.39637348006342, 29.799648260345467], [-114.39605463157208, 29.794641874045258], [-114.39482682951184, 29.789587899106092], [-114.3931374128442, 29.785756967533427], [-114.3920618954872, 29.784357844179357], [-114.39026778271547, 29.78137875943944], [-114.38772058173903, 29.778646733149507], [-114.38518645557025, 29.776647986126015], [-114.38209315707047, 29.77458975259789], [-114.37811945677475, 29.772483929135962], [-114.37261100376445, 29.770247236290935], [-114.37134988985939, 29.769949803023064], [-114.37007687920895, 29.769926008853155], [-114.36966047346617, 29.77012826324607], [-114.36970806151254, 29.770723128299196], [-114.36841125595481, 29.771663014783844], [-114.36761413553147, 29.771996140368326], [-114.36655527633854, 29.771984243026616], [-114.36512759980137, 29.772424443252167], [-114.36437806949519, 29.77228167536237], [-114.36127287274215, 29.772293571832996], [-114.3588101314396, 29.771484556182504], [-114.35352772654478, 29.76849833201104], [-114.34982766495864, 29.765333649323754], [-114.34925659492215, 29.763917869806317], [-114.34677005766628, 29.762085685178217], [-114.3456160192824, 29.760431958956453], [-114.34523530560293, 29.758742541804253], [-114.34568740264868, 29.75851649281909], [-114.34583017131753, 29.7580881898073], [-114.34566360942537, 29.757005535518193], [-114.34454526153262, 29.754947301799763], [-114.3445809541354, 29.75306752777033], [-114.34465233777672, 29.75284147878598], [-114.34504494866438, 29.75273440346648], [-114.34546135403886, 29.75186590013636], [-114.3447356189432, 29.75102119102898], [-114.34353399059349, 29.7503906345156], [-114.3434864024749, 29.750045612081777], [-114.34283204981506, 29.74936746636026], [-114.34255841212807, 29.748023070170824], [-114.34268928201445, 29.74747579439779], [-114.3424037475099, 29.74659539429422], [-114.3409522756995, 29.745905349967675], [-114.33622904598234, 29.744215933613095], [-114.32986398750295, 29.742693078127058], [-114.32362980041852, 29.74174129289908], [-114.32043417102558, 29.74144045674411], [-114.31436179867704, 29.74111073577143], [-114.30786587123782, 29.74101555788044], [-114.30571973254716, 29.74168182430774], [-114.30531137004071, 29.74227835719154], [-114.30526497125909, 29.74295888353077], [-114.30595767902832, 29.743457496974575], [-114.30624916286627, 29.74401667024845], [-114.30615993369854, 29.744159438457793], [-114.30592198660966, 29.74393933782523], [-114.30559481171998, 29.744052362493797], [-114.30529737954848, 29.745021992536298], [-114.30456271984069, 29.744992249140456], [-114.30387565138815, 29.7452182985928], [-114.303658524576, 29.745007121351044], [-114.30328078547606, 29.745090401781873], [-114.30316423158487, 29.744908611273992], [-114.30316152736816, 29.744080204231846], [-114.30347085703433, 29.743747674251615], [-114.30364098860906, 29.744095671579736], [-114.30398125242397, 29.744087937427167], [-114.3041668503354, 29.74357754354671], [-114.30358685628708, 29.742556753891723], [-114.3035868564474, 29.7419148950676], [-114.30266659899095, 29.741505032318106], [-114.30090341869258, 29.741126102769403], [-114.29934903568628, 29.741659697381124], [-114.29860664374883, 29.74212369215582], [-114.29734612533336, 29.74189169485917], [-114.2961474710611, 29.742123692149683], [-114.29532001406419, 29.742564488257504], [-114.29344083410827, 29.743925538850966], [-114.29333256941138, 29.744203935843398], [-114.29354136664587, 29.744613798437722], [-114.2938715087171, 29.744698289629977], [-114.29376417054789, 29.744972179593116], [-114.2924819116388, 29.745541788522623], [-114.29235044564238, 29.74663990878675], [-114.29174725258267, 29.74694923951357], [-114.29137605653075, 29.74655484455435], [-114.29051766632102, 29.74684870690164], [-114.28870679740837, 29.74883486350411], [-114.28798116051514, 29.748720152864102], [-114.28716073937932, 29.749360106937576], [-114.2870067718227, 29.750011606540856], [-114.28740890132079, 29.75026680300251], [-114.28801209424945, 29.75141905727078], [-114.28825955761586, 29.752903839863425], [-114.28786737559057, 29.753016488748624], [-114.28744756739208, 29.753638498910743], [-114.28648091873762, 29.753744249947676], [-114.28630333887463, 29.754123510198404], [-114.28651184443957, 29.754883552141706], [-114.28627984604076, 29.75511554962885], [-114.2854370292964, 29.755156228954842], [-114.28421332032687, 29.755550458898476], [-114.28379965980076, 29.755377859639704], [-114.283491318445, 29.75554576908745], [-114.28336441174078, 29.755834741865026], [-114.28399080451632, 29.756399268772956], [-114.28356547623093, 29.756932863495393], [-114.2835571391284, 29.758162680340234], [-114.28295130959873, 29.75914017000932], [-114.28175643017967, 29.759261079136937], [-114.28144519901939, 29.759687400571934], [-114.28251216278917, 29.7601936805338], [-114.28325653670547, 29.76000493821525], [-114.28376462929529, 29.75965319970913], [-114.28408880051323, 29.75849285990634], [-114.28476584929163, 29.75743093902584], [-114.28581538399868, 29.75686505720509], [-114.28624922056008, 29.756841969991836], [-114.28536922855736, 29.758401339862612], [-114.2843951975447, 29.759068659743335], [-114.28453986636721, 29.759206438069448], [-114.28568438616408, 29.759160038009327], [-114.28649637646483, 29.758332580828743], [-114.28681344052566, 29.75838671291345], [-114.2870332273261, 29.758166926257744], [-114.28696037156976, 29.757938185105573], [-114.28737023435802, 29.75776805438321], [-114.2877497992853, 29.757692749551566], [-114.2881421087715, 29.757883149695445], [-114.28845107849276, 29.75831948894026], [-114.2886684029474, 29.757939313495214], [-114.28862874744836, 29.75728698371737], [-114.28948141069826, 29.757806720254287], [-114.29006285019099, 29.757570920449545], [-114.29020571984299, 29.757701509663107], [-114.29021131850769, 29.756716978973106], [-114.29104947867785, 29.756661219849168], [-114.29258519585714, 29.758228061134762], [-114.29333256882731, 29.76049015756824], [-114.29252057781727, 29.762670932783312], [-114.29194058355527, 29.76311172837385], [-114.29062689904245, 29.763578279286154], [-114.29050197770685, 29.764018478795208], [-114.29070423168673, 29.76438729518008], [-114.29231155829792, 29.7654211709813], [-114.29282076245758, 29.766425304246948], [-114.29270654751744, 29.767220044161384], [-114.29252835140569, 29.767314470948328], [-114.29132910192408, 29.76702893621353], [-114.2902951484865, 29.76627288935501], [-114.28914679903689, 29.765905600367383], [-114.28852248834896, 29.765083706200144], [-114.28730925013987, 29.7648113075235], [-114.28669091927473, 29.765229229475043], [-114.28561425902924, 29.764905479988066], [-114.28524865912921, 29.765211150259493], [-114.2844572191378, 29.76522054537402], [-114.2839718088882, 29.765705954939737], [-114.284209755317, 29.766286544154926], [-114.28405746891248, 29.767999756060075], [-114.2831723103725, 29.768504201509902], [-114.28268709798375, 29.770572945322225], [-114.28025885801252, 29.77250625756145], [-114.27965566523999, 29.772281991979668], [-114.27820880970367, 29.77039771236371], [-114.27585308804905, 29.769922360112155], [-114.27377819814056, 29.77023644881826], [-114.27210279477312, 29.772412226262414], [-114.27156146779008, 29.772424122858183], [-114.27096499876009, 29.771132820013054], [-114.27035983962637, 29.770410504204357], [-114.2696846677745, 29.77028855737347], [-114.26894313306946, 29.77049343104373], [-114.26814209491403, 29.769610580620654], [-114.26517856401817, 29.768405808479006], [-114.26477582914232, 29.767966119613547], [-114.26447662257638, 29.767406435547198], [-114.2642984245105, 29.76582016880881], [-114.26360574015862, 29.765155465529883], [-114.26341657265345, 29.762988964795024], [-114.26310869516098, 29.76241278081931], [-114.26273749894341, 29.762212907476776], [-114.26208694952288, 29.762325442451548], [-114.26187825091826, 29.76317099394504], [-114.26120010454079, 29.764181075270123], [-114.26110016779188, 29.76529823260483], [-114.26056835843924, 29.766183392214305], [-114.26036848332302, 29.76705427499659], [-114.25972246030388, 29.76724701121151], [-114.25942264798948, 29.767118520009127], [-114.25918708101788, 29.766608125833503], [-114.25969271718559, 29.76593354821921], [-114.25974030556311, 29.76501031827576], [-114.26034944758679, 29.764296479274403], [-114.2595465999884, 29.763251690454815], [-114.25909785051, 29.76224538408416], [-114.25915495775023, 29.76102710035348], [-114.25939766314612, 29.760475065318097], [-114.2584977051018, 29.75983815807446], [-114.25778874022303, 29.759728858747227], [-114.25690929025521, 29.759922489435482], [-114.25515626009408, 29.760719420228327], [-114.25421694015992, 29.760786679308477], [-114.25296147993662, 29.762192079971477], [-114.25156503006315, 29.762346108911053], [-114.24994551662557, 29.7620891752687], [-114.24968215048617, 29.76182135013507], [-114.24931713343787, 29.76178184816847], [-114.24705209208523, 29.762907709201723], [-114.24638240018848, 29.763064118936427], [-114.24457588000213, 29.76312007956664], [-114.24324585872183, 29.76273291951065], [-114.24238244910082, 29.762168882918814], [-114.24041130727495, 29.759802561378212], [-114.239221151309, 29.75911060661265], [-114.23771188385278, 29.758868402885913], [-114.23642715378033, 29.757968194610083], [-114.23568791923397, 29.75679711972235], [-114.23417205506557, 29.75545468819448], [-114.23398389834227, 29.75493091267936], [-114.2323293802471, 29.753592689665872], [-114.23075559960975, 29.751414279262256], [-114.2297629044518, 29.75078398686171], [-114.22684367940741, 29.749528399696004], [-114.22317462024809, 29.749052042152744], [-114.22154254795795, 29.747976526344715], [-114.22046977043814, 29.746000549183126], [-114.21969294941069, 29.74561549045768], [-114.21852241702737, 29.745466195586687], [-114.21686631241566, 29.74561372119031], [-114.2163701938095, 29.74534722238839], [-114.21585813447385, 29.74466479187052], [-114.21432576128979, 29.744425656123397], [-114.21350484686349, 29.74456961409055], [-114.21329598661636, 29.74437428335096], [-114.21285649019381, 29.744365018921904], [-114.21136047653684, 29.745258944238415], [-114.21036395854797, 29.74517185523318], [-114.20751859931549, 29.743824129176524], [-114.20522997365265, 29.74179693493664], [-114.20375946697071, 29.73939843779348], [-114.20318601720881, 29.737641206368796], [-114.20341087580408, 29.736370573799537], [-114.20320386320512, 29.735517537260026], [-114.20214024431044, 29.73371866489651], [-114.20153467047292, 29.73126662978061], [-114.20089400123607, 29.73007452000683], [-114.20082618665758, 29.72883601110227], [-114.19988035052388, 29.72717633756146], [-114.19782271181887, 29.725431596986304], [-114.1963676723379, 29.723049757255495], [-114.1956062435157, 29.72254650108431], [-114.19394300046724, 29.722084884847302], [-114.19038689567263, 29.719982631124253], [-114.18990981421717, 29.71945796003349], [-114.18875577627396, 29.71722364645379], [-114.18885452324078, 29.716245012130663], [-114.18782897641978, 29.715217760840602], [-114.18774807312646, 29.714242187456474], [-114.1868617253782, 29.713686578190707], [-114.18596942734554, 29.713486702955976], [-114.1841800720583, 29.712565850987957], [-114.18337581459575, 29.711227405517352], [-114.18192791293332, 29.709474932491457], [-114.18177488993076, 29.708622938768308], [-114.18137430994695, 29.708080510369996], [-114.17997005035049, 29.707524430300865], [-114.17856573397654, 29.707613003207605], [-114.17825164507151, 29.707478564524187], [-114.17767957684241, 29.706213040537808], [-114.1769914831487, 29.706518688814896], [-114.17649940953166, 29.706354982505136], [-114.17593690561789, 29.70520142033881], [-114.17514805711005, 29.704327285002712], [-114.17464723782845, 29.704520893865304], [-114.1741979945135, 29.704368608400102], [-114.17425034342324, 29.704101269098366], [-114.17403866000416, 29.70391959923814], [-114.17198154974005, 29.703191979421224], [-114.17018228045676, 29.70187292012201], [-114.16705300025792, 29.701260520167693], [-114.16645903743796, 29.70157416923512], [-114.16596506010771, 29.700953129846067], [-114.16599475331459, 29.700379168547897], [-114.16574427918997, 29.699814779806754], [-114.16491734838525, 29.699295795100298], [-114.16288266011688, 29.696832169313065], [-114.16194109008246, 29.694777800115965], [-114.16175650895917, 29.693109509382907], [-114.16084590947742, 29.692552520312926], [-114.16001231854163, 29.691543369040648], [-114.15928391020412, 29.69106194950083], [-114.15702214904194, 29.690730579723603], [-114.15565251982206, 29.690950769029733], [-114.15474413974735, 29.691336659440744], [-114.15354470943542, 29.69254241998692], [-114.15418336998538, 29.693031509253085], [-114.15343947579336, 29.693757197296364], [-114.15239648998552, 29.693345179962073], [-114.15152832050687, 29.69322841945077], [-114.15070368991172, 29.693295089246426], [-114.14889422947722, 29.69388214950564], [-114.14858489859294, 29.69385094782869], [-114.14799017865795, 29.69335342000389], [-114.14801765953236, 29.692853430479357], [-114.14647624948374, 29.69210794886687], [-114.14569480554692, 29.692012813847057], [-114.14432423703025, 29.691303734845548], [-114.1429099390422, 29.69012371997801], [-114.14220496452079, 29.687657139276013], [-114.14197213862823, 29.68471143827356], [-114.14176013995566, 29.68421610895817], [-114.14041858028774, 29.682679689169376], [-114.13879125985922, 29.682041290497136], [-114.13788193953927, 29.681358910113094], [-114.13746347921068, 29.68056634052527], [-114.13568262901782, 29.678550969284093], [-114.13355788918098, 29.677355096588126], [-114.13335243023576, 29.676972449256432], [-114.133033031481, 29.67402237713255], [-114.1327798057487, 29.673481334334415], [-114.13285118881423, 29.672844828302477], [-114.13229962960342, 29.671765028652064], [-114.13154867280375, 29.6713124555949], [-114.13038797148576, 29.671149700330915], [-114.12705018361663, 29.66988391735248], [-114.12663330313164, 29.669354249131604], [-114.12678178136483, 29.66883314727382], [-114.12663473128511, 29.66808361610146], [-114.12633634643275, 29.66741831929607], [-114.1258172674458, 29.666902214294282], [-114.12333025353736, 29.666016816949647], [-114.1218540362843, 29.664843266094692], [-114.12144857568691, 29.663926698154974], [-114.12099600322526, 29.663634024161208], [-114.11913859563134, 29.663352772204274], [-114.11827342346692, 29.662924468938975], [-114.11650453215796, 29.660718709225446], [-114.11543377482066, 29.660087676579728], [-114.11483700553384, 29.659963467898887], [-114.11171515255923, 29.6562443700193], [-114.1116313960765, 29.654445498387272], [-114.11087567942036, 29.653074927870755], [-114.10782520972266, 29.651709118646036], [-114.10354885054885, 29.65037803138934], [-114.10059164853658, 29.64973226153101], [-114.09853769829986, 29.64815801036508], [-114.09740507453803, 29.647910545888134], [-114.09661128653039, 29.64746511135306], [-114.09531877456091, 29.64621811026031], [-114.09378591366622, 29.645337397213115], [-114.09229637171931, 29.643659876945314], [-114.09051486928725, 29.642587929834527], [-114.08805926568613, 29.642059689072127], [-114.08659018611358, 29.64152002793504], [-114.08443439454001, 29.641204511625524], [-114.08353495788795, 29.640837597748025], [-114.08206587939381, 29.64056633990054], [-114.08073576121595, 29.639948156290966], [-114.07710660745582, 29.637491124536588], [-114.07446492853381, 29.63619051126092], [-114.0719712541414, 29.63539339143607], [-114.0706375655875, 29.634025201605663], [-114.06841396007162, 29.63284736849842], [-114.06646116230009, 29.630152349398696], [-114.06489757922316, 29.629865050498363], [-114.06397388545713, 29.629498990860345], [-114.06085693352378, 29.624560657078412], [-114.05962199419132, 29.61734042155163], [-114.05908899537233, 29.615996025175576], [-114.05592361448649, 29.611898891333766], [-114.05528407959932, 29.609801142029813], [-114.05444115560152, 29.608169427612914], [-114.05379707311279, 29.607468037078185], [-114.05118085578991, 29.605487136095242], [-114.05018013561916, 29.60258602190095], [-114.04828624163018, 29.60110416920718], [-114.04809588544565, 29.599349316040477], [-114.04768542829163, 29.59819527696387], [-114.04732850851497, 29.597493336148787], [-114.04662656814634, 29.59685088229208], [-114.04548442616937, 29.596244119220216], [-114.04268261077758, 29.595548126756434], [-114.03955317119818, 29.59521533524357], [-114.03419581455532, 29.59509398234296], [-114.03286093752381, 29.59486555456832], [-114.03116200189552, 29.594051778244268], [-114.03050170197393, 29.593441446951733], [-114.02985210906755, 29.592013769988238], [-114.02888128873086, 29.59080381383638], [-114.02904547150435, 29.589251216151712], [-114.0272494543568, 29.58669424754709], [-114.02340860414535, 29.584868832112928], [-114.0227479896689, 29.58438331564871], [-114.0222321228123, 29.582038118192855], [-114.02142881732014, 29.58106349114888], [-114.01922258078974, 29.580128838063285], [-114.01772256905632, 29.579740509856308], [-114.01687738417696, 29.578990503825292], [-114.01505174248321, 29.578206353364738], [-114.01004172418872, 29.57715968286894], [-114.00824761026345, 29.57650973401491], [-114.00565780538369, 29.5763398398831], [-114.00284052290291, 29.576573027446777], [-114.00186494355198, 29.5760209919031], [-114.00078158638746, 29.57596481551901], [-113.99656101725667, 29.57643773272363], [-113.99588290570969, 29.5778429877688], [-113.99509824319996, 29.577865588502267], [-113.99432729824997, 29.577311173911767], [-113.99367532592643, 29.57615594555241], [-113.99234044764651, 29.575336221526108], [-113.99137200709775, 29.574417748904363], [-113.99056893941004, 29.574144111455592], [-113.99035835745295, 29.574399902728842], [-113.99013349782881, 29.57315663513405], [-113.98941728034873, 29.572624825121416], [-113.98891902059901, 29.571471738541167], [-113.98846501951185, 29.57104200840901], [-113.98756558327247, 29.570625126253894], [-113.98670469401978, 29.570478076187676], [-113.98515281024211, 29.569345928261903], [-113.98345387508043, 29.56863780052096], [-113.98017307382887, 29.566726140869932], [-113.97867972442117, 29.564690274948337], [-113.97625743276564, 29.561999104230278], [-113.97596618707786, 29.560529549584658], [-113.97505187895284, 29.558827045615526], [-113.9749043525103, 29.557675386082963], [-113.97427617469928, 29.556300056810056], [-113.97208231194824, 29.554149024351617], [-113.97074981414153, 29.55319724055384], [-113.9688224496727, 29.551274636264868], [-113.96773265718552, 29.54988027121576], [-113.96648962689646, 29.54908124838319], [-113.9644661327409, 29.546901186101916], [-113.9620923826685, 29.545250792521216], [-113.96112346632826, 29.544462715310303], [-113.96041914643047, 29.54352806172858], [-113.95902716052214, 29.542642903115446], [-113.95848940324696, 29.541367512229513], [-113.95754475705147, 29.540189678424987], [-113.95700224040405, 29.53992317949032], [-113.9544562160278, 29.539604330760874], [-113.95275607962948, 29.539173683573885], [-113.95160562178143, 29.53860019895391], [-113.95038257881058, 29.53594947939013], [-113.94969729429747, 29.53337966142271], [-113.9475700562057, 29.530695628726924], [-113.9467663924727, 29.528827751878886], [-113.94558427661357, 29.52782492848542], [-113.94419229183994, 29.527265754975982], [-113.9439365001143, 29.526664941319698], [-113.94382050170037, 29.5251123432383], [-113.94314235480026, 29.524160557812145], [-113.94188124102402, 29.523393777392354], [-113.93951129761304, 29.522361090809163], [-113.93591355352883, 29.521437860572465], [-113.93394811800883, 29.520685950160154], [-113.93126408566482, 29.520409933347935], [-113.93051217581792, 29.520057772857612], [-113.92979833750981, 29.518173239826048], [-113.92934623995362, 29.515275055778552], [-113.92799946463347, 29.51262433748401], [-113.9251976502101, 29.51027033590931], [-113.9233531250323, 29.50942905798782], [-113.92190685474058, 29.5085223846607], [-113.92065049959243, 29.508198777342013], [-113.91848043224272, 29.50632376256878], [-113.91631988137576, 29.505552816398602], [-113.91549182945431, 29.504301219941375], [-113.91356446529079, 29.50300679324631], [-113.9127268948879, 29.50177423213433], [-113.91163234336818, 29.501326894064917], [-113.91084712073906, 29.500589261302423], [-113.9104473715144, 29.499903976458825], [-113.90987154197039, 29.499661270779086], [-113.9084785640195, 29.49741022901345], [-113.90533405516973, 29.493550536570257], [-113.90473591269678, 29.49304838421971], [-113.90275043040789, 29.492083180239618], [-113.90239355097385, 29.491374345767174], [-113.90131500012514, 29.490167222063043], [-113.89983021607625, 29.488853758822604], [-113.89919584888256, 29.48798500044299], [-113.89903596902758, 29.487214248272004], [-113.89775717998992, 29.48606507941395], [-113.89688964120234, 29.484874935831318], [-113.89445664156844, 29.484024278454783], [-113.89340373033862, 29.48301776633563], [-113.89060861537088, 29.4824601467394], [-113.88969806695538, 29.48191086732471], [-113.88752143623907, 29.481195799127267], [-113.88565595452557, 29.48013014501573], [-113.88446960576279, 29.479015878643963], [-113.88257614979575, 29.47818604003813], [-113.88153216072948, 29.477909428349285], [-113.88133585637782, 29.47800758146956], [-113.88018776636746, 29.477498970739763], [-113.8799498199314, 29.477040925385232], [-113.87816165524644, 29.47582085610967], [-113.87785503954065, 29.475001775472265], [-113.875677050695, 29.473876446017766], [-113.8751695706982, 29.47308866247903], [-113.87288947345222, 29.472622113075815], [-113.87299698933973, 29.471688660632218], [-113.87201529761809, 29.47051526709849], [-113.87098504968398, 29.469835749305638], [-113.86970543592207, 29.467534397487842], [-113.86797437874499, 29.46690978906393], [-113.86618344850142, 29.466593306118643], [-113.8648985386748, 29.46593657529413], [-113.86446021179356, 29.465516872299833], [-113.86365357521426, 29.465256321059368], [-113.86331093189243, 29.46459958999877], [-113.86335138346978, 29.463707292163765], [-113.86266133978833, 29.4632504354684], [-113.86265182197917, 29.462586566461162], [-113.8621700145665, 29.46218362300318], [-113.86066904681763, 29.461896845579865], [-113.85784700604663, 29.461824867457185], [-113.85630737647442, 29.46191692026572], [-113.85438429584309, 29.46231524203496], [-113.85377896145279, 29.46166850452377], [-113.85263539187501, 29.46094324548939], [-113.851538936303, 29.46057490429547], [-113.8502311839634, 29.459602656354154], [-113.84896626321982, 29.45926144220102], [-113.84806063979732, 29.45868989554399], [-113.84618348254183, 29.458266668674504], [-113.84419602968438, 29.45728628088304], [-113.8431234964145, 29.45721494628903], [-113.84097722270971, 29.457662285032523], [-113.83909744816962, 29.45748620536932], [-113.83834077977765, 29.45727205455168], [-113.83619450575934, 29.456148948658484], [-113.83582620372142, 29.455558921910402], [-113.84846725764615, 29.439043524326877], [-113.88182003603097, 29.44479491253657], [-113.89306050653761, 29.434118442403978], [-113.92269394219228, 29.430556306945178], [-113.93158557505328, 29.416743726051266], [-113.92983889771814, 29.39625591707207], [-113.95902735869463, 29.359156306340413], [-113.9666271928049, 29.298688568140022], [-113.99931369438093, 29.294615373444625], [-114.0278814385778, 29.286031423614798], [-114.10836031474962, 29.29204685256427], [-114.17285567326071, 29.309211044979087], [-114.22479844236946, 29.324298646160326], [-114.28136315966692, 29.359525363972626], [-114.33961167222554, 29.549308872946053], [-114.48601271294444, 29.593068221542786], [-114.69137877830956, 29.997800252568606], [-114.78724036955322, 30.05569689654728], [-114.84099011877163, 30.074638066792595], [-114.84547001238015, 30.12323012814892], [-114.87540426908953, 30.226194623358715], [-114.9525221750747, 30.306144341529475], [-114.96622826331155, 30.357783373490463], [-114.96873043610839, 30.40600133172724], [-115.04857193200156, 30.45092751434547], [-115.08929978078713, 30.42877361660895], [-115.12203208091744, 30.421841995849928], [-115.12695461352367, 30.466812780849217], [-115.10590249277872, 30.49628686224951], [-115.12112100521483, 30.5177902045959], [-115.1009058631669, 30.54626853092154], [-115.09633449546686, 30.559429135821237], [-115.15630266135983, 30.60362962397839], [-115.21482197432495, 30.678996143367986], [-115.23651794589445, 30.772095035008583], [-115.30776197141812, 30.772440166200187], [-115.34254156004222, 30.81495546077843], [-115.39459243852042, 30.971846384495866], [-115.46370804194547, 31.479371583723328], [-115.5604973910529, 31.55902287421736], [-115.60364740292987, 31.62444726416579], [-115.56659558030825, 31.64337115835464], [-115.5373309214319, 31.66979964595302], [-115.45297747778861, 31.728160579620024], [-115.38334793983613, 31.772262144947447], [-115.31191932792237, 31.804588027884247], [-115.29276090237181, 31.79113088270664], [-115.2842089860818, 31.796260186414244], [-115.22770258446262, 31.817612861865864], [-115.18747439086385, 31.83026973421662], [-115.18340766275945, 31.832823015280983], [-115.1811931904637, 31.856998802463803], [-115.17836353720352, 31.848504308934658], [-115.17709466232819, 31.846700165245537], [-115.17531427259698, 31.845217899273067], [-115.14575867962748, 31.824714209932473]]]]}}]}