{"type": "FeatureCollection", "name": "municipalities_simple", "crs": {"type": "name", "properties": {"name": "urn:ogc:def:crs:OGC:1.3:CRS84"}}, "features": [{"type": "Feature", "properties": {"CVEGEO": "04001", "CVE_ENT": "04", "NOMGEO": "Campeche", "CVE_MUN": "001", "NOMMUN": "Calkiní", "cov_": 27, "cov_id": 28}, "geometry": {"type": "MultiPolygon", "coordinates": [[[[-90.49715875021462, 20.342300179647097], [-90.4980838301897, 20.3424578793065], [-90.49883187997875, 20.3430671695037], [-90.49900451033426, 20.343552579427005], [-90.49869114030382, 20.344187489280955], [-90.49719966036659, 20.34442417912081], [-90.49630971037824, 20.343711229718227], [-90.49616968953673, 20.343075709337544], [-90.49715875021462, 20.342300179647097]]], [[[-90.47039778013934, 20.621460569609702], [-90.47114173997954, 20.620868549141925], [-90.47233678032329, 20.618315119158453], [-90.47351582963752, 20.6142282891325], [-90.4747143504579, 20.61201782923364], [-90.47474397021128, 20.610746339772955], [-90.47473913985321, 20.610282288918512], [-90.47310957993254, 20.608138279011346], [-90.47269387984763, 20.605256659101915], [-90.47120597020195, 20.60436236967768], [-90.47085705010132, 20.603780429763333], [-90.47058235039148, 20.600029849809523], [-90.47090816989586, 20.598392419090583], [-90.47286256993154, 20.59881830971666], [-90.47383094988685, 20.599212919004938], [-90.47435044970337, 20.599712579780256], [-90.47482902015757, 20.604510539004004], [-90.47511933965738, 20.605637829222104], [-90.47557542014977, 20.60621876944078], [-90.476214049714, 20.607867479679268], [-90.47730605987577, 20.609834829112728], [-90.4778519101429, 20.612856489811943], [-90.47833847967296, 20.61430481949436], [-90.47800451027409, 20.61721354976485], [-90.47826291982874, 20.617332229187454], [-90.4782511697417, 20.618260539179158], [-90.47595472036639, 20.624113219320048], [-90.47509036957486, 20.6254932889633], [-90.47457414030676, 20.62737461901512], [-90.47387765025196, 20.628410109041486], [-90.47284197012934, 20.631870079548435], [-90.47250634985298, 20.634637549053497], [-90.47168281985279, 20.637893779133822], [-90.471472799694, 20.6403775993409], [-90.47051371046899, 20.642969179320453], [-90.47048484997305, 20.644321369723112], [-90.47023705955836, 20.64523164915372], [-90.4710543400345, 20.64756477969357], [-90.47078573995876, 20.648535778978722], [-90.47104158042563, 20.650470519497357], [-90.47072927976853, 20.65136121931102], [-90.46965370957719, 20.653066029789525], [-90.46947637978167, 20.65250267976515], [-90.46804694983065, 20.65108314937907], [-90.46737875015492, 20.650726079017282], [-90.46666042018317, 20.64966322923156], [-90.46652576966672, 20.649079309241863], [-90.46479943032298, 20.645886829296163], [-90.46476068981927, 20.644212429273118], [-90.4651326899783, 20.640798969288447], [-90.4676530897106, 20.633733779144997], [-90.46838771027322, 20.632233878946117], [-90.46894615000842, 20.62821334926509], [-90.46917937989855, 20.627969078933795], [-90.4689831698596, 20.627648029020225], [-90.46980345999386, 20.626147319375022], [-90.47015185995411, 20.624610579001928], [-90.47039778013934, 20.621460569609702]]], [[[-90.46124867042843, 20.638329806840773], [-90.46187340001661, 20.638584149523428], [-90.462390859954, 20.63938079939868], [-90.46258453962814, 20.640503919083272], [-90.46208665976926, 20.643422619545518], [-90.4629816795612, 20.64754619935847], [-90.46427537992389, 20.650543119478883], [-90.46668623021152, 20.652469109657428], [-90.4680696297468, 20.65317302907382], [-90.47040854015601, 20.656105739446854], [-90.46944539970883, 20.658428659659897], [-90.46601128963714, 20.658367879549715], [-90.46336438030917, 20.657048919480822], [-90.46158497979265, 20.655516259085594], [-90.46125052044805, 20.653590029063228], [-90.46129377038558, 20.652390689176684], [-90.46070714046107, 20.650304919596785], [-90.46123477002186, 20.64839379949068], [-90.46044809000149, 20.64414502919678], [-90.4608018495161, 20.64254797955782], [-90.46137564975096, 20.64140379974022], [-90.46148904972823, 20.639226259342728], [-90.46124867042843, 20.638329806840773]]], [[[-90.45246162028651, 20.682339119601224], [-90.45308000040336, 20.679912219670562], [-90.45250797999041, 20.678484799522074], [-90.4514177796409, 20.67669885955233], [-90.45123927956737, 20.673915969560102], [-90.45200521959738, 20.673344059605174], [-90.45245703020164, 20.673501399156148], [-90.4541004500604, 20.67487874941426], [-90.45486858036838, 20.67658897896225], [-90.45533824964204, 20.676421199774328], [-90.45613411023763, 20.676676289479563], [-90.45647605975454, 20.676572309669027], [-90.45670711017361, 20.67610611915907], [-90.45686248032307, 20.6745308494599], [-90.45650148965883, 20.672778679254925], [-90.45583096991881, 20.67219961943798], [-90.45512585013024, 20.672427969592082], [-90.45438238032949, 20.6731005690803], [-90.45291894043456, 20.67254885905234], [-90.45226635031528, 20.671626619174493], [-90.45180032019789, 20.670077149363053], [-90.45154616960998, 20.668283659134886], [-90.45155479982719, 20.66493408973747], [-90.45161663043588, 20.664691399017325], [-90.45198165043693, 20.664748629484478], [-90.453048250266, 20.664234519626866], [-90.45261825983867, 20.662018889402983], [-90.45268457964153, 20.660121578970507], [-90.45356990988992, 20.656562289260982], [-90.45409894018184, 20.65589162918618], [-90.45463747995659, 20.656149049657536], [-90.45531000019041, 20.656929859025148], [-90.45577065955428, 20.657954739096944], [-90.45640012021697, 20.658715769626923], [-90.45749338024812, 20.660804309060183], [-90.45767709035243, 20.661993119526183], [-90.46191597019964, 20.665207689544285], [-90.46570707977797, 20.667367888976088], [-90.46572997991852, 20.66958724914619], [-90.4662565198749, 20.67075273957292], [-90.46677078019572, 20.672806168969988], [-90.46663634022619, 20.674320739378707], [-90.46680014038445, 20.675650969021625], [-90.46666257000605, 20.676862889766237], [-90.465673950334, 20.67870810921497], [-90.46563627967264, 20.67921288962263], [-90.46305454978975, 20.682505229200626], [-90.46338005993057, 20.682885649531453], [-90.46380903013802, 20.68290190907339], [-90.46372660015959, 20.68322550926784], [-90.46254619998062, 20.685193509400715], [-90.46046637977366, 20.687270549198782], [-90.45901259984528, 20.689765619066204], [-90.45845917996252, 20.692252489273976], [-90.45860311951877, 20.693744319699533], [-90.45544714975298, 20.68915228969943], [-90.45408143048603, 20.685593229356385], [-90.45252551997461, 20.684396659525405], [-90.45246162028651, 20.682339119601224]]], [[[-90.379356999591, 20.84832728902907], [-90.38664878020552, 20.555585799567954], [-90.34113811009499, 20.553701119015578], [-90.33523611045418, 20.576347709139828], [-90.33523610988594, 20.541312309353664], [-90.23458337998906, 20.54534317972602], [-90.2349361101844, 20.544109029034914], [-90.22924097030602, 20.543562889303352], [-90.23250803027705, 20.51989404927412], [-90.22376665449086, 20.519164968543326], [-90.23420799009642, 20.470466618753218], [-90.18478790015652, 20.461046138492062], [-90.1862975700561, 20.436932318410385], [-90.17847950997259, 20.437656018604567], [-90.16940061082613, 20.44056022898613], [-90.1661405904675, 20.441226218760956], [-90.16051482080755, 20.44186276875271], [-90.14777691078933, 20.441599349087312], [-90.13980467048091, 20.440379548927286], [-90.13246053039704, 20.439655168351987], [-90.13150396038915, 20.44245891843185], [-90.13157125026584, 20.443077578691298], [-90.13103821081066, 20.44275028858246], [-90.12927337036653, 20.440352418984062], [-90.11893344995451, 20.436674908777185], [-90.11364174074225, 20.434101908545365], [-90.11178013001017, 20.43354813895542], [-90.10776562046533, 20.431489119052074], [-90.10654621086991, 20.43018567884805], [-90.10617325044655, 20.429448979044665], [-90.10553214010638, 20.42908570857377], [-90.1050668806336, 20.42848834853548], [-90.10141842088834, 20.42647541838994], [-90.10089154079604, 20.425820618393026], [-90.10097351181123, 20.425251769158603], [-90.06721065185604, 20.425225888643734], [-90.06601856002595, 20.433975478147254], [-90.05709876005398, 20.432965878991357], [-90.0552721700622, 20.44451437833031], [-90.05097245049355, 20.45295701885703], [-90.05022702045383, 20.452613538463243], [-90.04918965010796, 20.45416425844187], [-90.05020224052191, 20.45456536897732], [-90.05004767997342, 20.456028568211117], [-90.04809071967802, 20.459824259172645], [-90.04670376976173, 20.46059861969479], [-90.04611922044188, 20.461561549405506], [-90.04168845009116, 20.46645148940715], [-90.03968993968981, 20.468220829445787], [-90.03490436960848, 20.4696721791833], [-90.03268175021935, 20.470974709290566], [-90.02989019983954, 20.471890619493678], [-90.0260678498215, 20.473656689721718], [-90.02034148974404, 20.477083059197316], [-90.00757503048966, 20.47746731909887], [-90.0056247203844, 20.477367199862684], [-90.00417368005382, 20.487021879446573], [-89.83796388009618, 20.28717587961102], [-89.87238230993182, 20.2876280897678], [-89.8747918545773, 20.262253709946073], [-89.87975552277622, 20.265267341783424], [-89.9098639094545, 20.274286813285133], [-89.91082031618785, 20.275106407474127], [-89.91509379830784, 20.27696096165127], [-89.92164276425942, 20.278826844699566], [-89.92958401298684, 20.282323553760794], [-89.93701884499549, 20.289399118696068], [-89.9665576444897, 20.30846608783625], [-89.97673035495903, 20.314470432974087], [-89.97673442563412, 20.30747602785167], [-89.98969137012979, 20.307700059685732], [-89.98906739990231, 20.335783247983144], [-89.99302577583592, 20.337975622844876], [-90.05472549325235, 20.344433304191934], [-90.05474833331634, 20.344243396049254], [-90.07498713610092, 20.34649872915895], [-90.08031774622049, 20.346930286992702], [-90.08199800562093, 20.33074770705636], [-90.08706235183244, 20.315957633629314], [-90.09102882383088, 20.316260485965817], [-90.09964910312019, 20.30906130033404], [-90.10956541789774, 20.276871873000523], [-90.12141292366273, 20.278586626301962], [-90.12245508616742, 20.267422873643618], [-90.1261881401763, 20.267726629603214], [-90.1266694496019, 20.264144739387223], [-90.13188234975811, 20.265124889048217], [-90.13500583028903, 20.265161428995], [-90.13456087959095, 20.254050599345526], [-90.15034748010977, 20.248774549714437], [-90.15781901985446, 20.253608349335774], [-90.16031093996206, 20.24699548920587], [-90.15652188008592, 20.24258979915983], [-90.15516651993534, 20.236866049155545], [-90.15783191951806, 20.2218886495514], [-90.21087426018623, 20.2273417496725], [-90.2053454501066, 20.270751219555617], [-90.21769254954972, 20.27145091925092], [-90.2190664797448, 20.261083749083525], [-90.2412738199708, 20.263824049022613], [-90.24264688914967, 20.245643110483332], [-90.2548306598621, 20.247114859371642], [-90.25422124983179, 20.251317149565885], [-90.277926879922, 20.255679379068077], [-90.28030298017516, 20.2493345696844], [-90.28565678041694, 20.250095659070922], [-90.35304200012523, 20.25750087918964], [-90.353752200318, 20.2528083394275], [-90.48199319968148, 20.210567109538516], [-90.48267164737169, 20.211637288535673], [-90.48534021276731, 20.21364674619545], [-90.48540445782446, 20.214060766171148], [-90.48612543778677, 20.21421424097277], [-90.48907092283449, 20.215574146928063], [-90.48894599666404, 20.216531873990423], [-90.48854891759662, 20.217024386006408], [-90.48810585697075, 20.218920100689335], [-90.48791311860735, 20.219066439641058], [-90.48792739577813, 20.219637514044248], [-90.48727423176688, 20.220362057292167], [-90.48681399976743, 20.220521037589226], [-90.48697085814763, 20.220751095215142], [-90.48687239528608, 20.221308289945224], [-90.48650329509269, 20.221632693876504], [-90.48712021738751, 20.22159845535215], [-90.48746063888032, 20.222489165572814], [-90.48731787002443, 20.222674764691092], [-90.48758476528366, 20.223357926466576], [-90.48763829450318, 20.224188235755218], [-90.48740352914469, 20.2251375134951], [-90.48755619803715, 20.225805074910163], [-90.48711442790334, 20.22629392330089], [-90.48717787208008, 20.2265938633354], [-90.48685664558349, 20.226715214893602], [-90.48739761426863, 20.227592415275524], [-90.48715645698228, 20.22813575866763], [-90.48785601628381, 20.228556923329716], [-90.48758555216489, 20.228920849823446], [-90.48787742699608, 20.22897451306884], [-90.4879166945848, 20.22936355458178], [-90.487524875326, 20.229566872201804], [-90.4880587446182, 20.229874697224535], [-90.48757761853138, 20.230584218205486], [-90.487781065438, 20.230844772203213], [-90.48772832842964, 20.231904694820326], [-90.4879095529715, 20.232454475438452], [-90.48771761227405, 20.232661361462103], [-90.48788099640451, 20.232925607027997], [-90.48763909580788, 20.233064681327583], [-90.48779890189395, 20.23340031508209], [-90.48754629026364, 20.23354652112479], [-90.48788100332786, 20.234703066453022], [-90.4879032159925, 20.235013466056234], [-90.48768192724908, 20.235024167453492], [-90.4881772436418, 20.235645337259164], [-90.4878353970532, 20.236191291954235], [-90.48805232346396, 20.236783904576654], [-90.4875034615082, 20.237404824989117], [-90.48767293231865, 20.237515395897766], [-90.48757405086027, 20.238229427748532], [-90.48797258122299, 20.23889338972019], [-90.48784610298644, 20.239325045611686], [-90.48807149553468, 20.23945194036697], [-90.48837711503559, 20.240710015427503], [-90.48818081178162, 20.241163308443653], [-90.48780328019869, 20.24131665817865], [-90.48822721373611, 20.241413148134544], [-90.48838781923162, 20.24198421719632], [-90.48875789190025, 20.24235695338864], [-90.48892677529723, 20.243758105393514], [-90.48919321006096, 20.243943865960087], [-90.48919802625733, 20.244875261094823], [-90.48944865357451, 20.245174720175516], [-90.48947999155087, 20.24578540459958], [-90.48915957073791, 20.24613441693426], [-90.48909452452095, 20.24668127465194], [-90.48947529667277, 20.246929088369427], [-90.48965845627446, 20.24752360210743], [-90.48943002307522, 20.248815655924968], [-90.48916590398656, 20.24898340777464], [-90.48894461756996, 20.24882279377253], [-90.48902175061008, 20.24940886586638], [-90.48839853305233, 20.251260545722467], [-90.48871261340588, 20.251653162683322], [-90.48874831479918, 20.252481209613308], [-90.4890267103222, 20.25301658763056], [-90.48885539004783, 20.253780394664428], [-90.48946572172765, 20.25555428237927], [-90.48929439948793, 20.256136060581294], [-90.4895406738689, 20.25653581761252], [-90.48949784178622, 20.25696054455512], [-90.48962632661164, 20.257371000987828], [-90.49039370237723, 20.257842132859064], [-90.49078821671527, 20.259082582099733], [-90.49087197590728, 20.26087594709879], [-90.49113966599215, 20.2611721952098], [-90.49121160651356, 20.26169971920641], [-90.49105757914235, 20.261814649126038], [-90.49132546618672, 20.262309106879293], [-90.4913324058263, 20.263006754729524], [-90.49096478078957, 20.265858541752156], [-90.49119137015452, 20.26598511088823], [-90.49103258771788, 20.26706493159897], [-90.49119013859045, 20.267609003288772], [-90.4906185638092, 20.2680750063902], [-90.49157511230193, 20.268528301360732], [-90.49181781324648, 20.270773314099564], [-90.49209621468103, 20.271026727199704], [-90.49212119034365, 20.27225809879914], [-90.49177498737066, 20.273671499187323], [-90.49173929469175, 20.275152713938066], [-90.49133954261877, 20.275970062307024], [-90.49055529013772, 20.276699619095666], [-90.49046151602235, 20.276487589977457], [-90.49032423260532, 20.276567750402837], [-90.49031875419931, 20.276901617469846], [-90.49075776275359, 20.27703367626853], [-90.49081149663895, 20.27746867933663], [-90.49023308880307, 20.278591035706544], [-90.49033303325994, 20.27949047099557], [-90.49001843006613, 20.280014749763545], [-90.48976434169879, 20.279873571938772], [-90.4898665647176, 20.2808710544948], [-90.48936697024233, 20.282129293545992], [-90.48970008902538, 20.282786025611674], [-90.49031405453317, 20.282902473669107], [-90.49010698311017, 20.283252403858214], [-90.4898000278309, 20.283181021183193], [-90.48975719600232, 20.282978758760763], [-90.4895692251102, 20.282912134952294], [-90.48927945110779, 20.282885160400447], [-90.48955506670724, 20.283067691239985], [-90.48967154121704, 20.283699744185366], [-90.48994993664722, 20.28374494905012], [-90.49029972034023, 20.28419466465442], [-90.490516714425, 20.285541918109327], [-90.4903853816309, 20.286093474506462], [-90.4896144278201, 20.28663837227428], [-90.48958112250014, 20.286916767328673], [-90.49001894399875, 20.28683586765802], [-90.4897762385405, 20.287164238631643], [-90.49005363707963, 20.28747074389657], [-90.49022833747574, 20.287142817564693], [-90.49036634582181, 20.287226097415733], [-90.4901188777467, 20.28846580247285], [-90.49025926992223, 20.28885603460165], [-90.48990948352144, 20.289755464462687], [-90.4901369163326, 20.289902552696958], [-90.48995231485226, 20.290060035372736], [-90.4901093632108, 20.290148082533662], [-90.4899618280086, 20.290612071318467], [-90.49017360830621, 20.29067393651106], [-90.49013553580997, 20.29141157028815], [-90.49032589440135, 20.291566242926745], [-90.49048531435362, 20.292636992021063], [-90.49014742598654, 20.293060536862207], [-90.49031744651191, 20.293382501226723], [-90.49004986818876, 20.294081323537945], [-90.4902449850556, 20.29444062759009], [-90.4899451803625, 20.29495220818094], [-90.48996894969328, 20.29562895081242], [-90.48959539964859, 20.29599917374846], [-90.4896191942096, 20.296398920520417], [-90.48925750748543, 20.296472690765363], [-90.48947791930969, 20.296752436553792], [-90.4894930814867, 20.29821683107783], [-90.4892955790458, 20.298511881964313], [-90.48949783827267, 20.298756965815038], [-90.48964555819157, 20.300112819981674], [-90.48933603847927, 20.3003654810197], [-90.488615060981, 20.300167987665656], [-90.48905288176645, 20.300798543019024], [-90.48970008725237, 20.300984148330976], [-90.48953512501656, 20.302307517815112], [-90.48998424938827, 20.304862468681737], [-90.48971656060162, 20.304963599326157], [-90.49051788130708, 20.305303421665506], [-90.490888445738, 20.306634570488104], [-90.49118135006094, 20.306696099874962], [-90.49111972730503, 20.306980068073315], [-90.49140725838873, 20.30720668203698], [-90.49184213254497, 20.309137286158908], [-90.49215517200999, 20.309376044512835], [-90.49209441842812, 20.31106549926108], [-90.49225959560074, 20.311321789724254], [-90.49162083375721, 20.313884313812085], [-90.49169507725128, 20.31425550471611], [-90.49140240830405, 20.314592436896902], [-90.49142525145825, 20.315371949677164], [-90.49118254417958, 20.31580597013825], [-90.49140098082877, 20.3161200511854], [-90.49126677656062, 20.316482687540915], [-90.49145808824464, 20.317098010548726], [-90.49084418617299, 20.318194472795124], [-90.49108117884005, 20.31835008840377], [-90.49092698910826, 20.318775536232472], [-90.49004040410591, 20.320186073908246], [-90.4899889996647, 20.320635795189634], [-90.48993190115102, 20.321482404751965], [-90.4905829191841, 20.323165642280276], [-90.49052656229911, 20.323979967086075], [-90.49078350904895, 20.3247772496775], [-90.49027910238259, 20.325413585240195], [-90.49009825625826, 20.32633206248352], [-90.48957539508056, 20.327174138828582], [-90.48986235475171, 20.327333008759787], [-90.48964378631565, 20.327470634421648], [-90.48991385613921, 20.32767051107824], [-90.49016340205452, 20.32865094430155], [-90.49007349485169, 20.32895571251995], [-90.48980558211652, 20.32903631378393], [-90.49034033427053, 20.329370751142523], [-90.48990552283979, 20.33013563135375], [-90.48989767705852, 20.33086246012087], [-90.48880260784333, 20.330682427023238], [-90.48879367777756, 20.330857906115092], [-90.48881152514339, 20.331066116967456], [-90.48970631912078, 20.331229374939852], [-90.49057827209354, 20.331878100565536], [-90.49122370590085, 20.33174128679099], [-90.49126534895063, 20.33244322412571], [-90.49175313931985, 20.333237368318194], [-90.49164605573975, 20.333722190810676], [-90.49215574157265, 20.334523886319907], [-90.49220523658745, 20.335286679651986], [-90.4931510647928, 20.33689877151305], [-90.49300235637531, 20.337080197021514], [-90.49357029543921, 20.33754967053406], [-90.49500167430298, 20.339805797556227], [-90.49455196030247, 20.339830783056527], [-90.49462994594417, 20.340695284345344], [-90.49495351199214, 20.34051852008996], [-90.49578635685667, 20.340709557024894], [-90.49621165256129, 20.34054231735611], [-90.49668395931894, 20.340921772300547], [-90.49666452483926, 20.3413387866558], [-90.49621465938272, 20.34164468058127], [-90.49659533938906, 20.342317987085615], [-90.49513676490328, 20.342018258149484], [-90.49474177295475, 20.34244655963957], [-90.49476752772202, 20.342895976695246], [-90.49443882631697, 20.343194782044574], [-90.4944345273446, 20.343489809058834], [-90.4937933382291, 20.344161493269024], [-90.49308860969033, 20.344081766501333], [-90.4930320978544, 20.344572525921404], [-90.4926305620513, 20.344843190336313], [-90.49260379615474, 20.344658784875506], [-90.49222010806885, 20.34482236884626], [-90.49192449767524, 20.344557145988055], [-90.49152474745948, 20.344680880235387], [-90.49178882963669, 20.345277447095565], [-90.49145390426025, 20.345269040497495], [-90.49075775029048, 20.346027360766318], [-90.48976394808597, 20.346008619796343], [-90.48932906350612, 20.346351171872914], [-90.48800250765332, 20.346764603769067], [-90.48923387597007, 20.347502242190178], [-90.48930947025461, 20.3480620873019], [-90.49043848561827, 20.347656906979648], [-90.490706175631, 20.34715721551829], [-90.49155980553428, 20.347374341092483], [-90.4919553896448, 20.34724942200116], [-90.49332045642839, 20.348603456587217], [-90.49338901633494, 20.349016169822935], [-90.49315625561249, 20.349340185472148], [-90.49224810491106, 20.34951355824527], [-90.49205536777067, 20.35008463653998], [-90.49218135152933, 20.35031241365892], [-90.4918721118516, 20.350616357576683], [-90.49181559798353, 20.35109522551134], [-90.49124749998339, 20.35179419708205], [-90.49096319457216, 20.351688392264645], [-90.49134954737927, 20.351959693788114], [-90.49130104003545, 20.352588336670173], [-90.49086325155358, 20.353158892095653], [-90.49074780887493, 20.353894064175357], [-90.49047045872116, 20.354116484251882], [-90.49039925579254, 20.354567536210325], [-90.49058504966433, 20.354657924260092], [-90.49035167426078, 20.354824521853235], [-90.49026600980059, 20.355469356518537], [-90.48948079128292, 20.35533610573798], [-90.48915717680445, 20.355578803089006], [-90.48984215423694, 20.355951977415536], [-90.48982280056562, 20.35756735785805], [-90.48923570428997, 20.358248560955015], [-90.4891059798857, 20.35913185171189], [-90.4885378911035, 20.35959584692099], [-90.48810363762144, 20.359610723342048], [-90.48829399521617, 20.360214506578846], [-90.48778241231311, 20.36052681112609], [-90.48731544234252, 20.361166298448403], [-90.48749687181052, 20.361865257220813], [-90.4869971813129, 20.361829565655757], [-90.487083438402, 20.362251921524], [-90.48668016536135, 20.362350754564318], [-90.48644991356208, 20.362814067381574], [-90.48631134928291, 20.363181189164543], [-90.48649996205368, 20.36316998228218], [-90.48656888595238, 20.363685550460406], [-90.48622386095889, 20.364078162483633], [-90.48643504199612, 20.364595697793465], [-90.48604135618527, 20.364814870806914], [-90.48592642423864, 20.36539281355122], [-90.48537618200712, 20.365901419427253], [-90.48572463250291, 20.36598633269288], [-90.48559614432038, 20.366771558166686], [-90.48588479096972, 20.36726068914268], [-90.48560464974558, 20.36766646898078], [-90.4858044845283, 20.36781985977284], [-90.4856319672178, 20.368402831891114], [-90.48469208710505, 20.368596158445317], [-90.48463854627285, 20.368875744306838], [-90.48556950628236, 20.368804360010873], [-90.48564386760606, 20.36909585213378], [-90.48480515061244, 20.37009589544791], [-90.48475751648856, 20.370574083866806], [-90.48369393591588, 20.371466464050712], [-90.4838896122217, 20.371573458329273], [-90.48371115347574, 20.372120737391125], [-90.48405379618694, 20.372886923564757], [-90.48367728515728, 20.37366032702649], [-90.48386581046523, 20.374307460250836], [-90.48359455715101, 20.37463344687045], [-90.4829663746939, 20.374378842456647], [-90.48286406415389, 20.374512099100482], [-90.48302824203101, 20.374883294175728], [-90.48340658131964, 20.37507602859738], [-90.48404665237489, 20.374978468862885], [-90.48420370227478, 20.37526638292305], [-90.48363500347887, 20.376013532633944], [-90.48385154086738, 20.376701197905177], [-90.48367783999186, 20.377010533504766], [-90.48407893601146, 20.37739343526226], [-90.48432763994235, 20.378135378441204], [-90.48480441735548, 20.37827759624598], [-90.48491298779012, 20.37880638562867], [-90.48466476129974, 20.37905457006686], [-90.48487371872463, 20.379691545435378], [-90.48513783914765, 20.379841452186984], [-90.48495505591305, 20.38055838669972], [-90.48522707061832, 20.380712338470765], [-90.48509501505447, 20.38108353008005], [-90.48486301792435, 20.381140641109383], [-90.4856589440028, 20.381265558453748], [-90.4855697101517, 20.38200438113815], [-90.48593020613882, 20.382582597497983], [-90.48589451378012, 20.383471319228768], [-90.48615148835283, 20.383842514086243], [-90.48615505799197, 20.384477831170614], [-90.4866012058576, 20.385577141045456], [-90.4868120025483, 20.385640644147873], [-90.48672775162568, 20.386066842334785], [-90.4870877488318, 20.38637688925193], [-90.48672613281921, 20.387483098637126], [-90.48698540622155, 20.387673776442462], [-90.48697954395027, 20.38808985305645], [-90.48648342476726, 20.388129116068928], [-90.48716871518864, 20.388464617440647], [-90.48761962642327, 20.38895668561849], [-90.48760963358151, 20.389444362345564], [-90.48694622903099, 20.39060708895242], [-90.48701856282439, 20.39096495622274], [-90.48753136013592, 20.391326634124002], [-90.48733235535954, 20.39208626726365], [-90.48756870163919, 20.393418661432015], [-90.48766197459695, 20.393563326972345], [-90.4879475079088, 20.39333870942787], [-90.48800842633096, 20.392946571183042], [-90.48774060249546, 20.392658352390516], [-90.48794578592454, 20.39229980472227], [-90.48834916597411, 20.39328731204801], [-90.48815689923228, 20.39385076935683], [-90.48820068744757, 20.394448488254046], [-90.48839294446093, 20.39453224448948], [-90.48820258976583, 20.39508998852699], [-90.48864231310138, 20.395305095662714], [-90.48852999659591, 20.395577309492463], [-90.48870586273542, 20.39558490463116], [-90.4887698545746, 20.396104593263942], [-90.48903064276038, 20.396321604325067], [-90.48892594584325, 20.396763228154068], [-90.48915877085743, 20.396923172451885], [-90.48933521481251, 20.397627446357223], [-90.48912581912002, 20.397991027951083], [-90.48931357554657, 20.39806928484158], [-90.4894513314229, 20.398946622629545], [-90.48974721566883, 20.398874865773177], [-90.48996719861353, 20.399131269987027], [-90.49011948351792, 20.40056655687189], [-90.49047735431523, 20.40091872372952], [-90.4903517202143, 20.401310852858906], [-90.49057063013069, 20.401583063596156], [-90.4902717691766, 20.402378756348888], [-90.49005285105743, 20.40238065809499], [-90.4902508297313, 20.402928891474133], [-90.49001657048572, 20.40319120868502], [-90.49053792189153, 20.403926036508555], [-90.49063153932319, 20.404444132260355], [-90.49013376393687, 20.40475450764183], [-90.48990628137034, 20.405260756995915], [-90.48731476371904, 20.40520603622741], [-90.48652954323961, 20.405695011756087], [-90.48615377903003, 20.4062969186441], [-90.48646886059001, 20.4066694053212], [-90.48692471998193, 20.406232674370145], [-90.48746010164916, 20.40641827099], [-90.48781884497532, 20.406847949749398], [-90.48753862468038, 20.40744620339091], [-90.48823818496315, 20.407974445511734], [-90.48907289966797, 20.407562315236834], [-90.48986859248494, 20.406717129749136], [-90.49174120859163, 20.405808717533965], [-90.4917571427044, 20.405607013820074], [-90.4921662000954, 20.405538821640892], [-90.49265658070772, 20.405810459009796], [-90.49273155348511, 20.406656215125032], [-90.49248028359017, 20.40820762505416], [-90.49192063981407, 20.409237457038902], [-90.49224233531218, 20.410227310428233], [-90.49204246713063, 20.410156879107575], [-90.49202914311765, 20.410375794733728], [-90.49244772292106, 20.41097825292503], [-90.49209717662747, 20.41237412549572], [-90.49233371310477, 20.412732407823796], [-90.49186543631357, 20.413240667420038], [-90.49240016493678, 20.413314080801165], [-90.49250764949117, 20.41363486195148], [-90.49244957218136, 20.41479411405335], [-90.49261026113803, 20.414925768452242], [-90.49249432722705, 20.415073955610033], [-90.49268468412438, 20.415073956008523], [-90.49260282350318, 20.41568309745513], [-90.49285219645235, 20.4161551898725], [-90.49263518312942, 20.417215472159064], [-90.49319293751806, 20.41769516966033], [-90.49304445875435, 20.417948345999932], [-90.49328240564279, 20.418804952587212], [-90.49380778747228, 20.41892487548258], [-90.49419062673175, 20.420623082295563], [-90.49382492133687, 20.421287206765566], [-90.49422847048783, 20.42129672312972], [-90.4940152717466, 20.421603196487812], [-90.49286171389407, 20.42154037965256], [-90.49237931782311, 20.42188345260988], [-90.49281983760231, 20.422633028557865], [-90.49338709790443, 20.422305613482166], [-90.49394484460122, 20.422454092500395], [-90.49437885228264, 20.42349344041791], [-90.49511318279542, 20.42381906851805], [-90.4957246745374, 20.42609181423421], [-90.49552861606672, 20.42634308728988], [-90.4957165898312, 20.426646762035165], [-90.4956537755219, 20.42731205692502], [-90.49590209045388, 20.427411007736097], [-90.49649466872357, 20.429170891348605], [-90.49593216386545, 20.430150278024765], [-90.49602497053806, 20.430418681175453], [-90.49564949132446, 20.431078269438874], [-90.4958008168083, 20.43134809938748], [-90.49541820373534, 20.43148801869626], [-90.4956787336283, 20.43169250011812], [-90.49562581658603, 20.43188300291707], [-90.49613383120041, 20.432024588203873], [-90.49656818222239, 20.433020287562], [-90.49668834347224, 20.433687731555164], [-90.49630574718468, 20.434820050170465], [-90.49504700789267, 20.43501516554707], [-90.49483761917034, 20.435362567935385], [-90.49513326605498, 20.435820018458816], [-90.49457556422816, 20.43634121881938], [-90.49429747765141, 20.43700677708941], [-90.49407737442287, 20.437101951904314], [-90.49393883946776, 20.436755637545804], [-90.49326576256931, 20.436801322702312], [-90.49354497783735, 20.43740533351611], [-90.49318805805885, 20.437381544071286], [-90.49314641685761, 20.43784554190808], [-90.49260189625723, 20.43787298896247], [-90.49302446074259, 20.43834522635304], [-90.49263483026213, 20.438380913534672], [-90.49229873509108, 20.438122147363643], [-90.49237346756408, 20.438679617431717], [-90.49205938121567, 20.43852078121403], [-90.49201616971207, 20.439029318101156], [-90.49162058697756, 20.438990650618358], [-90.49193494426487, 20.439142833850912], [-90.49220950386025, 20.440007877965552], [-90.49199445559842, 20.44001677132032], [-90.49191545024063, 20.440408973669584], [-90.49130751110945, 20.440558977859347], [-90.49161563798408, 20.440773028616068], [-90.49153710753251, 20.44109425185169], [-90.49216063917017, 20.44130932621172], [-90.49232947596055, 20.441747422978498], [-90.4928196132122, 20.44196684296482], [-90.49314797685027, 20.442520070185473], [-90.49304314763832, 20.44285672810448], [-90.49335382999188, 20.443567704892693], [-90.49312897465454, 20.44395318270377], [-90.4933466946174, 20.44430653402273], [-90.49315751913942, 20.44439576255472], [-90.49329672728014, 20.444656313931205], [-90.4930504516465, 20.44549150003331], [-90.4935479077802, 20.44577631510228], [-90.49338951816625, 20.44616607963234], [-90.49355370663692, 20.446951304301802], [-90.49325389602915, 20.447129762627398], [-90.49331814304657, 20.447390307158607], [-90.4926570194727, 20.447544228500316], [-90.4930540222269, 20.448268331601408], [-90.49393561277364, 20.447986361754413], [-90.49405696373418, 20.448386111404833], [-90.49435677170851, 20.44852174302594], [-90.49433426790456, 20.448796295674374], [-90.49414262408172, 20.448835837289828], [-90.49456870818946, 20.449253899733396], [-90.49431750784717, 20.44953182166319], [-90.49456112671318, 20.449912797020513], [-90.49433773254262, 20.450007719965193], [-90.49456735786718, 20.45035987436729], [-90.49435914815557, 20.45051454092533], [-90.49469227241681, 20.45077866557331], [-90.49458520413354, 20.45120220607605], [-90.49485893991277, 20.451244761660064], [-90.49478032166546, 20.45179944816541], [-90.4954965350871, 20.452408597540536], [-90.49548226197176, 20.452848794022966], [-90.49572971963974, 20.45287973083707], [-90.49627401825336, 20.45398475329918], [-90.4963317244445, 20.454761876254405], [-90.49586845905475, 20.45538700988005], [-90.49735489569818, 20.455804675585448], [-90.4982382718404, 20.454864789977563], [-90.49814308595808, 20.45406767559659], [-90.49902646091944, 20.453609623512442], [-90.49960884086127, 20.454638148826394], [-90.4999276881648, 20.45478329542097], [-90.49995147868026, 20.455049793549545], [-90.50025129436524, 20.455071208025572], [-90.50071529000472, 20.455799321721578], [-90.50087708780416, 20.45672969375602], [-90.50074621650833, 20.458342966623444], [-90.50124828974262, 20.459989553349253], [-90.50104841567382, 20.460301263898522], [-90.50127208235122, 20.461947850581797], [-90.50152430298499, 20.462623619459105], [-90.50261647869957, 20.464120297434096], [-90.50239042372927, 20.46438204412074], [-90.50253557308167, 20.46506018447143], [-90.5011805811958, 20.466346118068053], [-90.50122924556051, 20.467458680727226], [-90.50056061788727, 20.468933953462273], [-90.50005617272566, 20.469231380397144], [-90.49931378803326, 20.469038643469307], [-90.49822124934693, 20.469211121144802], [-90.49683224813305, 20.468580560990166], [-90.49615231612945, 20.467925215968055], [-90.49607141361572, 20.467530225396274], [-90.4955812441903, 20.46750167884692], [-90.49485788598912, 20.46666885995603], [-90.4940821857823, 20.466640311235242], [-90.49354917866721, 20.466207243574633], [-90.49229758838327, 20.466335742718435], [-90.49233013853232, 20.466768565862555], [-90.49206916047004, 20.466830663442366], [-90.49192162997451, 20.467278003205813], [-90.490793771569, 20.46732083281091], [-90.49037029024302, 20.466622135326073], [-90.48981457224589, 20.466525900877087], [-90.48903220795863, 20.46584252094032], [-90.48864986791746, 20.465288779568972], [-90.48893065211045, 20.46462252446786], [-90.48766715146557, 20.46395151933391], [-90.48726676521477, 20.463022692886906], [-90.48549704351286, 20.462865059793444], [-90.48493786628235, 20.4631892586031], [-90.48468207764924, 20.46308218750732], [-90.484357871298, 20.46363838509616], [-90.48294506820262, 20.464141043681106], [-90.48270116819333, 20.4639625783214], [-90.48218958565504, 20.464492008586497], [-90.48210035457056, 20.464694264559338], [-90.48228774281986, 20.46489651884462], [-90.48210035719704, 20.465211795374373], [-90.48103257866933, 20.466089222682243], [-90.48025330237135, 20.4662468630346], [-90.47944726349118, 20.466737633287785], [-90.47930449407438, 20.467368184555905], [-90.47828430274124, 20.467148082602172], [-90.47818614179606, 20.467469310301563], [-90.47704698259979, 20.468227769407555], [-90.47688636802295, 20.46917657283102], [-90.47640451989886, 20.4694056016203], [-90.47605653147751, 20.469280675722665], [-90.47632718764935, 20.46985769595888], [-90.47627365644264, 20.4703544123977], [-90.47498398142851, 20.470582238455695], [-90.47575135783107, 20.470873724723926], [-90.47599525661414, 20.47145669136406], [-90.47549557382257, 20.471992070098985], [-90.4757632544749, 20.472360890426465], [-90.47556100125618, 20.472699962662865], [-90.47588222879376, 20.47358035939252], [-90.47617371631402, 20.47324129224091], [-90.47655442493281, 20.471670843397504], [-90.47786908557559, 20.47032050296734], [-90.47886845465047, 20.4703680877119], [-90.47942168394779, 20.470034964014033], [-90.48104566591846, 20.470237217327256], [-90.481818986404, 20.470023068681705], [-90.48237221285055, 20.470177731751058], [-90.48367496904892, 20.471141412642154], [-90.48369875666859, 20.47146859663975], [-90.48398429288642, 20.471688695260408], [-90.48458511036974, 20.47186120151282], [-90.48531679877853, 20.471599458831612], [-90.48618529713032, 20.472045609459744], [-90.48616150719026, 20.472402527889002], [-90.4867563693473, 20.473033089850272], [-90.48883840042912, 20.47387184869531], [-90.49024227944271, 20.476025259077293], [-90.49018873764172, 20.476465456738268], [-90.48998648185356, 20.476530891409602], [-90.4902363323481, 20.477417250729648], [-90.49007571943794, 20.477595702468612], [-90.49068248093032, 20.47825600907333], [-90.49112268141126, 20.47836307794096], [-90.49117621828397, 20.478714048186664], [-90.49175918121693, 20.47910071083636], [-90.49228267003987, 20.478981739148377], [-90.49379957034306, 20.479320818712853], [-90.49398398361001, 20.478196522328453], [-90.49476920527071, 20.47791693296741], [-90.49535217417183, 20.478041851112884], [-90.4954830434712, 20.47829764222753], [-90.49604221755146, 20.47850585309301], [-90.49629800880706, 20.478154882927228], [-90.49682744038724, 20.47795857272574], [-90.49487032707847, 20.4763524415238], [-90.49478705202554, 20.47601930854781], [-90.49496550910277, 20.47575757427018], [-90.49582211565668, 20.475382804005626], [-90.4963396437909, 20.475424447522233], [-90.496393189629, 20.474734399277562], [-90.49697614866933, 20.474210919688797], [-90.49851090136902, 20.47392539068247], [-90.49920689411735, 20.472967649770865], [-90.50035549144695, 20.47213833140576], [-90.50075454761422, 20.471251473924667], [-90.50159825270028, 20.471486439564572], [-90.50237752553564, 20.472045611063898], [-90.50273444536782, 20.47299739642977], [-90.50273733900252, 20.473712346087694], [-90.50248460863261, 20.474234714965558], [-90.50268200804544, 20.47492354652922], [-90.50229425136965, 20.475489879796303], [-90.50199681524417, 20.477405351774365], [-90.50222932244887, 20.478034642966275], [-90.50211856780815, 20.478596768410906], [-90.50230427694179, 20.47946707771968], [-90.50209953179294, 20.4803718418367], [-90.50230427454397, 20.481207648823606], [-90.50211272218907, 20.481865576329525], [-90.50240410284327, 20.481913737567098], [-90.50219946928357, 20.482603777341694], [-90.50261241214253, 20.483850610533633], [-90.50226262847983, 20.485946344103358], [-90.50247083907732, 20.48655429694216], [-90.50253746346257, 20.48876125455316], [-90.50153321980574, 20.491231703410076], [-90.50103353271183, 20.49114603985365], [-90.50137141386233, 20.491464886644565], [-90.50028054122886, 20.492358991617447], [-90.50041487260769, 20.493463638988175], [-90.49943928528725, 20.49374441116223], [-90.499729587045, 20.494129883946343], [-90.50046721981424, 20.493996632934003], [-90.50110277749145, 20.492879085872396], [-90.50200446528738, 20.493308397920167], [-90.50234591731407, 20.494132883033465], [-90.50220422528994, 20.49477233635457], [-90.50238755719141, 20.495007335193772], [-90.50219872272748, 20.498413371168226], [-90.5007662871106, 20.50160184819084], [-90.49921454402812, 20.502919043821983], [-90.49886822292373, 20.504537645113682], [-90.49845668049244, 20.50516762985849], [-90.49819721424474, 20.506271081648688], [-90.49792952067955, 20.506520932504262], [-90.49786497901665, 20.507396718549526], [-90.49761870129497, 20.507667976961404], [-90.49729165578165, 20.50754530752682], [-90.49716648551812, 20.50772650978801], [-90.4978154226111, 20.508165751428283], [-90.4974668990718, 20.508728858132002], [-90.49777444267174, 20.50891267114242], [-90.49692735120787, 20.509759758696198], [-90.49704923645999, 20.510172830956176], [-90.49651273346909, 20.510664945847406], [-90.49669944718676, 20.511005638293653], [-90.49672971428816, 20.51236415190515], [-90.49617068446828, 20.51383339521782], [-90.49627938968526, 20.51405579170506], [-90.49590596293115, 20.51447208483127], [-90.49605872709765, 20.51471460362812], [-90.49588812461815, 20.51564099229118], [-90.495197172286, 20.516738158052043], [-90.49524268928539, 20.517095437875394], [-90.49438310800672, 20.517990712943266], [-90.49449613226756, 20.518731324378898], [-90.49318936088605, 20.51933054830701], [-90.49329748011758, 20.51977828236111], [-90.49385963331045, 20.51985561297818], [-90.49483504003264, 20.520400898594705], [-90.49499285152362, 20.520825244074757], [-90.49485007707375, 20.52281210076334], [-90.49438013498255, 20.52277342787221], [-90.4946840447128, 20.52313970498954], [-90.49465080530166, 20.523597317940226], [-90.4940844273958, 20.52464708741734], [-90.4940410609033, 20.525337298786752], [-90.49381551657162, 20.525435516322226], [-90.49390722320584, 20.525976776436664], [-90.49345215211956, 20.526402105475704], [-90.49345214923505, 20.527166507842214], [-90.49296436177765, 20.527749479744855], [-90.4925271355491, 20.527865473164322], [-90.4921880617581, 20.528659624571613], [-90.49164672762076, 20.528903521029868], [-90.49166560536382, 20.529430130323536], [-90.4912333049526, 20.5303341650833], [-90.49056996280432, 20.53070995405338], [-90.49060572206523, 20.531223489061418], [-90.49034694635016, 20.53133948669617], [-90.49009116226026, 20.53248758154196], [-90.48988890026737, 20.53251434547341], [-90.48983536332588, 20.532796910125345], [-90.48995996077085, 20.53381377339438], [-90.48976769778348, 20.534997908659204], [-90.48953737260469, 20.534923550084624], [-90.4893432084514, 20.53523573790547], [-90.48900056569876, 20.535279522013937], [-90.48930281402633, 20.535457617295346], [-90.48913619376142, 20.53635955895674], [-90.48872930886529, 20.536783098145836], [-90.48885184397325, 20.536982979670242], [-90.48844614907964, 20.537694439156713], [-90.48811879813086, 20.537884051939525], [-90.48776157921476, 20.538960071908225], [-90.48742369564526, 20.538997187759335], [-90.48715148552863, 20.539422633281262], [-90.4868153450926, 20.54041066566755], [-90.48643462679048, 20.54047015089586], [-90.48689564803449, 20.540725944958943], [-90.48698785734979, 20.541139381805426], [-90.48644949806388, 20.541877015401308], [-90.48572833328055, 20.542087139627032], [-90.48563915044525, 20.54271974867845], [-90.48609853129223, 20.543248179536093], [-90.4861015067656, 20.543536683049833], [-90.48584868747915, 20.544060164140284], [-90.48526356291654, 20.543791239921077], [-90.48520028849842, 20.543994731561348], [-90.48558695127798, 20.54433677759339], [-90.48604202123178, 20.5443992369711], [-90.48493556673873, 20.54653480731149], [-90.48496234129072, 20.54720403355881], [-90.48425667612092, 20.549323936209984], [-90.48425147734501, 20.550071285747844], [-90.48401516844245, 20.550306662009604], [-90.48414736901474, 20.551299673195693], [-90.48371907233626, 20.551686337751498], [-90.48379640630705, 20.552370431103135], [-90.4824244997304, 20.553746166713946], [-90.48239541117313, 20.554374175676863], [-90.48193903813456, 20.55431421271235], [-90.48229531732365, 20.55553585694007], [-90.4822995778424, 20.556003084006274], [-90.48211463467285, 20.556141640497618], [-90.4823858919236, 20.55719526974395], [-90.48197044002684, 20.55811754358485], [-90.48124232567794, 20.557926240266735], [-90.48160924279003, 20.55835168308818], [-90.48144933695497, 20.558568695517227], [-90.48155355849437, 20.558857078559342], [-90.48099677178293, 20.560053471823142], [-90.48080403076493, 20.560057755586996], [-90.48035573942992, 20.560691649222456], [-90.48001024003499, 20.561653898557438], [-90.47916649042286, 20.562543345741638], [-90.4785939905845, 20.562846014201803], [-90.47839411647442, 20.563329992471857], [-90.47802577566848, 20.563547003773866], [-90.47721913932551, 20.564667730931177], [-90.47676799350884, 20.565070329935644], [-90.47652243318039, 20.564933270968297], [-90.4767481834672, 20.565282331255048], [-90.47532894272241, 20.56621335096308], [-90.4753131846243, 20.566422342204778], [-90.47468215149262, 20.56661650440735], [-90.47464075430237, 20.56690774981378], [-90.47496055483315, 20.566850643793472], [-90.47510760119692, 20.567021969994435], [-90.4746621714033, 20.567268950035427], [-90.47374417375315, 20.56866664435065], [-90.47355999612445, 20.56983591414253], [-90.47305317847781, 20.57016285026582], [-90.47246484689815, 20.570066984648985], [-90.47243499478955, 20.570321322730155], [-90.47278192060396, 20.5703812854726], [-90.47293610906485, 20.570725355730392], [-90.47290326795553, 20.570998044290448], [-90.47268626646463, 20.57105515252285], [-90.47282189545913, 20.571926031094925], [-90.47248738509408, 20.572386384051015], [-90.47249210261324, 20.57305103983798], [-90.47205090448051, 20.573516646215207], [-90.47215659175411, 20.573849118616717], [-90.4718382262105, 20.5740104396533], [-90.47177540098534, 20.574538678960113], [-90.47048478200183, 20.576026317681176], [-90.47060185515585, 20.576453194873647], [-90.47018309769133, 20.576756824299512], [-90.4699108559136, 20.57736690604201], [-90.46958495797998, 20.577256115647916], [-90.46923109945949, 20.577649754989014], [-90.46916104671006, 20.577928162011048], [-90.46937120163379, 20.57819638677324], [-90.46976523836865, 20.578154991018167], [-90.46983904411762, 20.578499225985233], [-90.46964959706962, 20.578604702876483], [-90.46974667636084, 20.57881742596286], [-90.46946881960972, 20.578840453710708], [-90.46957661914848, 20.579629235760116], [-90.46932836985047, 20.580891840305448], [-90.46878728055009, 20.58179841626656], [-90.46758231511451, 20.582597912444], [-90.46720540629751, 20.5827335426892], [-90.46697697962053, 20.582595056781212], [-90.46689132076291, 20.58370579020982], [-90.4665129910475, 20.583905669427246], [-90.46619747428417, 20.58441962861194], [-90.46603899470085, 20.585133473896494], [-90.46528090756829, 20.584815093923446], [-90.46448695937733, 20.58476061669682], [-90.46455992834997, 20.585119190285173], [-90.4649587754055, 20.585161711809935], [-90.46518363685999, 20.585593183906894], [-90.46467556846814, 20.586416947754884], [-90.46463559612498, 20.586888082257342], [-90.46423155948182, 20.586912358193146], [-90.46499964732497, 20.587611917876057], [-90.4645399396493, 20.58869980300546], [-90.463777554609, 20.589486459608295], [-90.46341207511976, 20.589552125935132], [-90.4632150494352, 20.589193784130845], [-90.46284999102045, 20.589349394401147], [-90.462995196539, 20.589979006530655], [-90.46351344329055, 20.590098926151217], [-90.46440430524466, 20.590875588932594], [-90.46442572602933, 20.591312452152486], [-90.46404310965028, 20.592780104579106], [-90.46351772237973, 20.59353391441109], [-90.46383740530521, 20.59395149739725], [-90.4636462082944, 20.59456898821284], [-90.46337638408825, 20.59501156268714], [-90.46273677814244, 20.595414166508], [-90.4625540443547, 20.596303615466823], [-90.46229134433283, 20.596260776997475], [-90.46208575792569, 20.596494923791518], [-90.46248408805077, 20.596911803632796], [-90.4622785006634, 20.597133087730207], [-90.46229705550589, 20.598129612231087], [-90.46201895008535, 20.59861994164757], [-90.46229277822079, 20.59863072126674], [-90.46247980257284, 20.598913408735587], [-90.46198867846603, 20.599545863016846], [-90.46112778761403, 20.600054113290053], [-90.46096465476788, 20.601334585648107], [-90.45955020445838, 20.602329831105155], [-90.45971582024362, 20.60247546143469], [-90.4594288516346, 20.602875201692687], [-90.45813593774456, 20.60374081509739], [-90.45794263910291, 20.603623305809503], [-90.45763854421794, 20.603860298536237], [-90.45798982479808, 20.604324645652113], [-90.45797405693874, 20.605099527129788], [-90.45764569148221, 20.605463580144615], [-90.45746534665231, 20.607037800572], [-90.45717029266508, 20.6070996596699], [-90.45749389989348, 20.607273367979786], [-90.45746533984433, 20.607818263117316], [-90.45787936511311, 20.608620141004693], [-90.45722739425184, 20.60936014742114], [-90.45690952967304, 20.610485324054338], [-90.45657806455786, 20.610330738533825], [-90.45660398188859, 20.610618882561653], [-90.45709890754428, 20.610847311128108], [-90.45709652385679, 20.611025770211604], [-90.45685858473766, 20.611156641558452], [-90.45657067047026, 20.611018630659252], [-90.4562036701519, 20.611279797376124], [-90.45622326317029, 20.611665848428547], [-90.45519533989284, 20.61215364080898], [-90.45508587801449, 20.61271281320358], [-90.45471468609195, 20.612677114168044], [-90.4547789363135, 20.613012619010668], [-90.45454574605382, 20.612900785570027], [-90.45381763294732, 20.61342665357167], [-90.45308476000746, 20.613288644571412], [-90.45337981400075, 20.61403816656211], [-90.45391756843607, 20.614383187931686], [-90.45324521021016, 20.61484784307676], [-90.45326559444378, 20.615108924994345], [-90.45381524629548, 20.614787703003675], [-90.45470517277593, 20.614706798643237], [-90.4565016664013, 20.61564906156091], [-90.45666346739036, 20.61734562347354], [-90.45554511473837, 20.61962276798522], [-90.45470148471861, 20.620046283676402], [-90.45474085981927, 20.62028663076602], [-90.45395087511694, 20.621005235119274], [-90.45386284195988, 20.62139546856704], [-90.45332270317036, 20.62165958103416], [-90.45419172962401, 20.622010511058438], [-90.45403415568951, 20.62327761333414], [-90.45361775570937, 20.623584571389987], [-90.45379859621028, 20.62381537776176], [-90.45364868403783, 20.624041421052304], [-90.45301812925199, 20.624334096793266], [-90.45305620017182, 20.62477191599949], [-90.45285264371874, 20.624886132168555], [-90.45262552437369, 20.62566183298876], [-90.45279445817268, 20.625773676270697], [-90.4520972758127, 20.62611393752954], [-90.45202827104187, 20.62722514263087], [-90.45179508366544, 20.62748212080142], [-90.45201400110363, 20.627517813415903], [-90.45223766203173, 20.627931841019663], [-90.45210203973129, 20.62918106285158], [-90.45159759404119, 20.629580810697764], [-90.45172001635797, 20.629840152660964], [-90.45138344487579, 20.630634907652112], [-90.4506101186943, 20.631341608044295], [-90.45051969167531, 20.631962647651008], [-90.45011518951347, 20.632138734107254], [-90.45055539019805, 20.632405229603815], [-90.45016040006837, 20.632490893524746], [-90.4501960935969, 20.63265506866722], [-90.44931568434203, 20.633264210820958], [-90.44883979304358, 20.632938227752707], [-90.44868989349435, 20.63325231446222], [-90.44889690010555, 20.63350215654979], [-90.44844783520963, 20.633474697231243], [-90.44817354363275, 20.63377579533452], [-90.44842815212427, 20.63437779867701], [-90.44820210429296, 20.634963145395123], [-90.44858752775296, 20.63539388221464], [-90.4485780591267, 20.63614097995757], [-90.44890166126825, 20.63655739276155], [-90.44816879224773, 20.63720935925892], [-90.44867561677226, 20.637280742493477], [-90.44882857793417, 20.637576163588896], [-90.44844480754523, 20.638039789498492], [-90.44856366216442, 20.63827652430974], [-90.44828923744792, 20.638336732042283], [-90.44781900945564, 20.63926046113269], [-90.44720617971701, 20.63960902315346], [-90.44744305531441, 20.64000522319556], [-90.44695764481077, 20.64057867385414], [-90.4470789932188, 20.641656568953984], [-90.44683629066837, 20.641835036051805], [-90.4470468386181, 20.64219792919576], [-90.4470231764027, 20.642849204701324], [-90.4468148702082, 20.64326746376246], [-90.4463937057618, 20.643338849123783], [-90.44685770889042, 20.643533964628183], [-90.44711064961902, 20.64390910926863], [-90.44680060179459, 20.64455713669521], [-90.44680773897169, 20.64512582448238], [-90.44704794020802, 20.645322109964333], [-90.44693967996575, 20.646454732140725], [-90.4466364178546, 20.647181686120387], [-90.44645320089033, 20.647067467339212], [-90.4462317929328, 20.647254230763743], [-90.4468271564741, 20.647708236938335], [-90.44560539073873, 20.647722028440796], [-90.44562383766382, 20.647945470573045], [-90.44606058138078, 20.64805256025843], [-90.446419886937, 20.648580801978], [-90.44704794641095, 20.648844899252857], [-90.44730028687059, 20.64921611936894], [-90.44646985381272, 20.650470094095617], [-90.44630805325174, 20.651462329542724], [-90.44659120627306, 20.652076231796247], [-90.4464817505429, 20.65253071458417], [-90.44679175244993, 20.652772976086805], [-90.4466150011261, 20.653208852134153], [-90.44687674286564, 20.65354198577228], [-90.44681672079797, 20.654036467143122], [-90.44656978512901, 20.654265333325228], [-90.44649602798565, 20.655014864631937], [-90.44684899931887, 20.65536433844178], [-90.44686908829956, 20.65598396293092], [-90.44667318053882, 20.6567851871176], [-90.44618348374955, 20.657118464018577], [-90.44631042557886, 20.657289631472903], [-90.44674586956882, 20.657225386098823], [-90.44612244744027, 20.658455566172996], [-90.44638895248846, 20.65980947810015], [-90.44581538438612, 20.660429310092418], [-90.44628952489256, 20.660395715187114], [-90.44562276368443, 20.662160385197883], [-90.4457633055081, 20.663015713763933], [-90.44561324875451, 20.66350953969445], [-90.44586070604312, 20.66399970954506], [-90.44519922341952, 20.664673095472786], [-90.44512783872713, 20.665377420362837], [-90.44544178455965, 20.665623349797063], [-90.44539086747464, 20.666909749091925], [-90.44495889702273, 20.66752845715167], [-90.44542901138367, 20.667607708960283], [-90.44514925290795, 20.66837554112993], [-90.44541453348303, 20.66879455063395], [-90.44548938865213, 20.66981883994692], [-90.44498269057577, 20.670709792171348], [-90.44541813197979, 20.671311796958477], [-90.44509690611561, 20.67324629389151], [-90.44555137551761, 20.67396489203471], [-90.44509452443118, 20.67433132873761], [-90.44520532443121, 20.67476191720282], [-90.44441400027368, 20.67566383007474], [-90.44457104460697, 20.676001714354243], [-90.44412608437163, 20.676525191347462], [-90.4436838713272, 20.6766000081765], [-90.44316704285643, 20.677077212610616], [-90.44280516426062, 20.678298618073434], [-90.44230579729162, 20.678709544731014], [-90.4422367926078, 20.679428134381343], [-90.44197743101995, 20.679839782312232], [-90.44260322169184, 20.680793945584863], [-90.44210464684073, 20.681303855885503], [-90.44293296882732, 20.68154180414157], [-90.44293397259916, 20.68183852803001], [-90.44243547855173, 20.681980105289227], [-90.44348482012532, 20.682289441764887], [-90.4426424822753, 20.683414920843415], [-90.44226272692752, 20.68432506466711], [-90.44148820636707, 20.68479263011874], [-90.44192241168722, 20.68508884899504], [-90.44203261023574, 20.685534650457182], [-90.44185227098059, 20.685784864766756], [-90.44240906502634, 20.686434459177033], [-90.44276598351463, 20.686384487431525], [-90.44302296698231, 20.686652178168384], [-90.44299084351123, 20.687305339965345], [-90.44326566975015, 20.688144099959494], [-90.44315144731439, 20.68846890288067], [-90.44355120493796, 20.689222001112014], [-90.44340129196921, 20.68980377650176], [-90.44377249149203, 20.69062825970108], [-90.44351550495585, 20.6917632587858], [-90.44279215664615, 20.691410504592366], [-90.44260476760482, 20.69170496248308], [-90.44287840397389, 20.692347417196345], [-90.44360117369628, 20.692531826867693], [-90.44382721519435, 20.693513354953648], [-90.44287246569782, 20.69409037297338], [-90.44280405476039, 20.69437590943977], [-90.44183145057971, 20.695294976865576], [-90.44155781141822, 20.696157531740162], [-90.44169165759662, 20.696502550768315], [-90.44131094316633, 20.69717177584293], [-90.4416291881343, 20.69818007367108], [-90.44203369837847, 20.69839422639897], [-90.44195339030772, 20.699230008271247], [-90.44211698613874, 20.69950959838002], [-90.44186119201593, 20.699830829015593], [-90.44206641822248, 20.700137183745156], [-90.44186118752741, 20.70050897088847], [-90.44217647146071, 20.70090753606945], [-90.441947447788, 20.701368547763945], [-90.44227461676456, 20.701657063148367], [-90.44211102813247, 20.702751616314515], [-90.44179873328478, 20.703049043299842], [-90.44212590677367, 20.70370637391817], [-90.44146560858319, 20.704271493779938], [-90.44160837618271, 20.70463138523877], [-90.44145072651929, 20.70533630577637], [-90.44175114242235, 20.70581219302011], [-90.44184037134735, 20.70615423975667], [-90.44167083116527, 20.706386244327305], [-90.44192959790924, 20.706966232113192], [-90.44166785855894, 20.707073311665496], [-90.44159053007184, 20.70741237870633], [-90.44197123521978, 20.708530726492484], [-90.44159052923382, 20.709396256304917], [-90.44173329753387, 20.710229065960256], [-90.4419563628244, 20.71037778676993], [-90.44173329276272, 20.711948227826554], [-90.44201191092448, 20.71219744849666], [-90.44186416719216, 20.712751299320548], [-90.44208723499352, 20.712995188340997], [-90.4419771860692, 20.71347405555525], [-90.44165499524337, 20.713670338906287], [-90.44239684584826, 20.713885598344138], [-90.44263771184578, 20.714688742575206], [-90.44231886079147, 20.71542875584465], [-90.44264008366221, 20.715538210721643], [-90.44274477965519, 20.716023620559447], [-90.44227364697403, 20.716406715875333], [-90.44295655953725, 20.716613727624217], [-90.44346100509603, 20.717410847303576], [-90.4440582486543, 20.71781297545685], [-90.44332061731441, 20.719188310133546], [-90.44417960020672, 20.718781418862356], [-90.44462932059857, 20.71733946245911], [-90.44511472455171, 20.71706106665753], [-90.44555255184486, 20.71731566792409], [-90.44599988837292, 20.717284735204732], [-90.44679462917678, 20.716932575395393], [-90.44745850020394, 20.716378160988935], [-90.44804146732166, 20.71535975252676], [-90.44786061843614, 20.71421761816454], [-90.4482645831361, 20.711592471154823], [-90.44824375967663, 20.709974444257735], [-90.44914498039552, 20.708918553267484], [-90.44983799903932, 20.70767230772168], [-90.45033173805058, 20.70595612988105], [-90.45080759169637, 20.702895777403196], [-90.45117164815503, 20.702471050737298], [-90.45116807218234, 20.70176435227581], [-90.45210320741482, 20.700440182186526], [-90.45204967171422, 20.699026775686292], [-90.45272823097449, 20.698346422592827], [-90.45320026371672, 20.696050538296902], [-90.45294927373438, 20.69324500197186], [-90.45217063513502, 20.692088354085264], [-90.45222645027225, 20.691308140618336], [-90.45130500508446, 20.690419402885823], [-90.45140340423464, 20.69025130605646], [-90.45181554108018, 20.69058216346729], [-90.45207223575211, 20.69035670016728], [-90.45213039107728, 20.689581031715672], [-90.45177160302076, 20.689429039982212], [-90.45207961919044, 20.689488148392968], [-90.45234588902395, 20.68802310713596], [-90.45181673363824, 20.686814543871314], [-90.45254672007839, 20.685732632747804], [-90.45292920060272, 20.68637016985646], [-90.4531706492275, 20.686422945171515], [-90.45293822711889, 20.68639655772864], [-90.45271821554304, 20.687405632459757], [-90.45308948976167, 20.689257619437566], [-90.45342112345546, 20.689272826353438], [-90.4530973118425, 20.689305546101373], [-90.45321577948658, 20.69004756227823], [-90.45479873208875, 20.689410041520887], [-90.45487883891384, 20.689581032544183], [-90.45336170630706, 20.690151184381396], [-90.45442487842114, 20.69301058417847], [-90.45407126971361, 20.694776525324258], [-90.45425414117385, 20.695668982050492], [-90.45422276180784, 20.697864836678942], [-90.4543881864697, 20.698179669065787], [-90.455012809296, 20.69810896477806], [-90.45501851317971, 20.69819167473553], [-90.45440244723201, 20.698201013327655], [-90.45451938535483, 20.69837176911596], [-90.45494007926929, 20.698295729784714], [-90.45494293107078, 20.698414458547624], [-90.45452366387944, 20.698391779534102], [-90.45482171420284, 20.699292248332824], [-90.45448801197524, 20.70005130506427], [-90.45457928064714, 20.701157200126534], [-90.4539004679962, 20.702732653818142], [-90.45401312799217, 20.703311604648295], [-90.45153260531231, 20.708236419721057], [-90.45148262965705, 20.708736101863426], [-90.4507969400352, 20.709729384708105], [-90.45096390916756, 20.71010429329914], [-90.4504410065073, 20.71071106451137], [-90.45045709064848, 20.711251196849577], [-90.45022627905409, 20.71121312532711], [-90.45039284478584, 20.711574800616535], [-90.44990135038859, 20.71226811622178], [-90.44981002202991, 20.71306153319403], [-90.44955765420345, 20.713161896572803], [-90.44956240546009, 20.71386145789524], [-90.44937681453501, 20.713882879360654], [-90.44940298058343, 20.714199342157556], [-90.44900561020617, 20.71437304836248], [-90.44865640262302, 20.71504862751672], [-90.44875339618778, 20.715517564512773], [-90.44850592531525, 20.71627661098495], [-90.44725258538996, 20.717259537908227], [-90.44706397703158, 20.717675737832128], [-90.44651194254398, 20.717916062556796], [-90.44581238140323, 20.71880122237652], [-90.44505809254058, 20.719086755071412], [-90.44480348937851, 20.71965069436539], [-90.44435411484494, 20.719992678530367], [-90.44379935743713, 20.721216372234995], [-90.44135658659195, 20.722468409025858], [-90.44074371766796, 20.723119801619116], [-90.44065608915429, 20.723769533014075], [-90.43993599687202, 20.723848202815617], [-90.4392831328758, 20.724830773369714], [-90.43600740201454, 20.725947217713028], [-90.43518347383753, 20.726467416010166], [-90.43388667321106, 20.728178247781045], [-90.4339575646075, 20.72876357517895], [-90.43337508889286, 20.729872425400774], [-90.43335366633022, 20.730374490169815], [-90.43356306753266, 20.730505368644884], [-90.43346550778199, 20.731133544310087], [-90.43292775143364, 20.732218572634554], [-90.43240445712502, 20.732656246087117], [-90.43239980553317, 20.732865315685157], [-90.43264760247915, 20.732652517064857], [-90.43311449542882, 20.732838473431332], [-90.43148295786129, 20.73431510830727], [-90.43045549059285, 20.73743403626102], [-90.43063394967184, 20.737738606062145], [-90.43040552135798, 20.73879509226631], [-90.43049832109945, 20.739432781364677], [-90.43068867363384, 20.739547002505667], [-90.43056537269811, 20.74059241591431], [-90.4307172312542, 20.740893774460215], [-90.43050070092531, 20.741714684544384], [-90.43152861883239, 20.74521725579742], [-90.43123182206988, 20.74533206929216], [-90.4308297160439, 20.746133452382207], [-90.43101407264561, 20.74606739137866], [-90.43117170285909, 20.74658068406182], [-90.43082668608619, 20.746935221494375], [-90.42982255260938, 20.747023269525315], [-90.42508927029131, 20.74629050599503], [-90.42379818429175, 20.746374506228786], [-90.42312436216085, 20.747067288343434], [-90.42257803785657, 20.74716333160786], [-90.42184817022175, 20.74764524861314], [-90.42139152626709, 20.748472354629868], [-90.41986493673122, 20.74981520726467], [-90.41983000863635, 20.75045028028972], [-90.4194641667074, 20.7505514074682], [-90.41878006086444, 20.751961237900463], [-90.41830162688203, 20.752035242766905], [-90.41792941215522, 20.752686973796056], [-90.4170309905458, 20.75312028090576], [-90.41685568094833, 20.753391888703348], [-90.41580901502918, 20.753791675140217], [-90.41524359764215, 20.754391261225106], [-90.41483718530928, 20.754544372996754], [-90.41441673405781, 20.754203880741137], [-90.41466656888443, 20.75519432951002], [-90.41401520010054, 20.75603607105739], [-90.41339566735518, 20.756473903446736], [-90.41312885010962, 20.757118723289402], [-90.41234064937102, 20.757425075753023], [-90.41224547342739, 20.75776712812274], [-90.41153753748283, 20.758320653433117], [-90.41154158270102, 20.758788153723387], [-90.41070774778221, 20.76017930807229], [-90.41043512463224, 20.76215509137403], [-90.41058580061491, 20.762710459126406], [-90.41092784782744, 20.76278480935794], [-90.41092487407484, 20.763724696968946], [-90.41057687234455, 20.765006638138864], [-90.41013531416624, 20.765445885103976], [-90.41005934374658, 20.765884064032598], [-90.40878173602262, 20.766984542177358], [-90.40812473968988, 20.768242519300376], [-90.40747833927503, 20.76827435253118], [-90.40769820647594, 20.768530101585988], [-90.40748842721091, 20.77041189311595], [-90.40729076463013, 20.770374572650645], [-90.40715640184878, 20.771211082890805], [-90.40663037403112, 20.77235321750072], [-90.40670727877666, 20.773004594116674], [-90.40646469720119, 20.77390321830618], [-90.40681416399903, 20.77448583608007], [-90.40681435526858, 20.774857605679976], [-90.40644577014503, 20.775249531480522], [-90.40674297023607, 20.77546138854634], [-90.40683024556591, 20.77636047911457], [-90.41279201504179, 20.776743402419825], [-90.41306803167699, 20.775696441355244], [-90.4142917934083, 20.775453499825485], [-90.41480932583664, 20.775626010632955], [-90.41492438394717, 20.77593656171801], [-90.41493561255538, 20.777085517918135], [-90.41416213518566, 20.7803190665318], [-90.41438741387728, 20.78225320822997], [-90.41431318391344, 20.785005216082684], [-90.41478056896268, 20.78667342480468], [-90.41502079875414, 20.789316689362828], [-90.41464672109088, 20.797233431560898], [-90.41410151295098, 20.80074388497725], [-90.41473719381834, 20.804171613689707], [-90.41454445918531, 20.806434482080775], [-90.4151238204472, 20.80729255166717], [-90.41523965279023, 20.806737181244248], [-90.41501122347034, 20.806573004814375], [-90.41510268562394, 20.805910157365744], [-90.41489187778708, 20.80557878170788], [-90.41511830079939, 20.805366611927603], [-90.41477564863914, 20.80463849845445], [-90.4150397764678, 20.8044172111899], [-90.41558942719553, 20.80463849670097], [-90.41538241989643, 20.803710512065695], [-90.41492953637959, 20.803316254770113], [-90.41533244376163, 20.803282209732643], [-90.41539069209263, 20.802970130216217], [-90.41487946228192, 20.802656965666365], [-90.41539669388382, 20.802539811127783], [-90.41513971103952, 20.80234708270584], [-90.4148791997597, 20.801413510257518], [-90.41425816135403, 20.8008210242907], [-90.41472929411074, 20.80066398068496], [-90.41506241806655, 20.80084006073465], [-90.41596265048422, 20.80252125912189], [-90.41616252521679, 20.803501597573824], [-90.41601237681262, 20.80515185804747], [-90.41633384625149, 20.807070790782273], [-90.41630267210807, 20.808787674745673], [-90.41600285944718, 20.811276591622], [-90.41560311022351, 20.81254246465478], [-90.41605044932801, 20.813765507684234], [-90.41582202034367, 20.815293121167997], [-90.41532233421108, 20.815987923607015], [-90.41539847562126, 20.81689687705473], [-90.41313585000903, 20.82205425745636], [-90.4123099359291, 20.82479192945866], [-90.4104063668943, 20.82896074565409], [-90.4050191341519, 20.837848412629533], [-90.40422053031276, 20.839767632190682], [-90.40344094034619, 20.842291013354107], [-90.40333718493822, 20.843956692715214], [-90.40374319068738, 20.844629705520276], [-90.40506316698469, 20.845198866526466], [-90.4048020977274, 20.845200646060714], [-90.4046828594138, 20.845529371389045], [-90.40439018180224, 20.846647226375165], [-90.40452434885927, 20.846763580462895], [-90.39984719920105, 20.84528680012555], [-90.379356999591, 20.84832728902907]]]]}}, {"type": "Feature", "properties": {"CVEGEO": "04002", "CVE_ENT": "04", "NOMGEO": "Campeche", "CVE_MUN": "002", "NOMMUN": "Campeche", "cov_": 33, "cov_id": 34}, "geometry": {"type": "MultiPolygon", "coordinates": [[[[-90.35044227975173, 19.95991536957748], [-90.34585067964795, 19.947927889132664], [-90.32293283045658, 19.943415549542298], [-90.30965588037625, 19.93860851944606], [-90.30174359966024, 19.909998649180533], [-90.30181265966948, 19.909652859579836], [-90.29748860007226, 19.894513509226122], [-90.27359202976521, 19.890531599787064], [-90.25893086017726, 19.894411059568554], [-90.2382039197512, 19.91007248951023], [-90.23670941978381, 19.887049649479696], [-90.2358710801045, 19.88100430947445], [-90.25396415008098, 19.85403928966708], [-90.25055568026792, 19.851780569769492], [-90.24931342001692, 19.851320749699003], [-90.24654362008768, 19.849059428954444], [-90.24598293975059, 19.8480891392426], [-90.24023411969385, 19.844527769503816], [-90.23503182020433, 19.842454889347543], [-90.23204681994395, 19.84302848928702], [-90.23062225974842, 19.84392573970171], [-90.22660615012799, 19.84392374941708], [-90.22637819967679, 19.844263349042162], [-90.22248472039026, 19.844917399536076], [-90.22084247988644, 19.84475670907312], [-90.22022542971094, 19.84504625916254], [-90.21832313979296, 19.84493288962818], [-90.21446704999026, 19.84581148930236], [-90.21035983010059, 19.847479369152552], [-90.20186165955936, 19.841422519166397], [-90.18800614002022, 19.82943262963714], [-90.18235787995582, 19.82318813962663], [-90.20181954991877, 19.80424474937668], [-90.20906434985596, 19.798972678956222], [-90.20731980019634, 19.7985006297008], [-90.20728948000776, 19.798297689534312], [-90.20552393988292, 19.797107829014845], [-90.18414668028876, 19.795956549793583], [-90.17936602030083, 19.798367859593043], [-90.1469641204626, 19.81118610950272], [-90.1476727799901, 19.806860719147434], [-90.10905091970862, 19.806006289690007], [-90.09743217010275, 19.801474519493446], [-90.09743093966262, 19.803142198949487], [-90.08097225000363, 19.795450179133503], [-90.065871429656, 19.79104124894738], [-90.05867468973665, 19.790686118993325], [-90.05180605971303, 19.789125919299014], [-90.03638331973923, 19.77838524966719], [-90.03129385032086, 19.7743572591805], [-90.0420502897181, 19.753209249089586], [-90.0576566602159, 19.724399169812134], [-90.06118432017685, 19.726781689114677], [-90.085669570469, 19.677723659318602], [-90.07124383032047, 19.675752599225333], [-90.07060594033302, 19.676683229514868], [-90.03479894987854, 19.66584753977858], [-90.00897037968923, 19.693945909197748], [-90.00588636988503, 19.693860879331787], [-90.01208772015784, 19.68680796910333], [-90.00402718021351, 19.684120779358878], [-90.00363932031735, 19.676795169516886], [-89.99051708031301, 19.675219519151536], [-89.99264389024358, 19.670388449583584], [-89.98344630971275, 19.66941425907119], [-89.98700330960467, 19.640150029710384], [-90.01012243017409, 19.632159829660797], [-90.00192486016827, 19.602044279696607], [-89.99842329039295, 19.601532679513934], [-89.99253497028742, 19.547675219213616], [-89.98579915022545, 19.547095879017483], [-89.98570384989284, 19.54853707940719], [-89.94996162954563, 19.536175979450068], [-89.95709531029085, 19.507225549005835], [-89.98525678035251, 19.503390489369966], [-89.98052420036431, 19.471148319780347], [-89.98884675044683, 19.474358119244197], [-89.99042478035263, 19.463407489283973], [-89.98197685028843, 19.461868659677386], [-89.97947880016322, 19.446769739164342], [-89.96879430991805, 19.439814879442867], [-89.97071803022432, 19.434698919291467], [-89.96396698013646, 19.429500569390587], [-89.96587005002019, 19.42590787923934], [-89.92378355006409, 19.405111489323033], [-89.86440875011328, 19.411208489544865], [-89.86113866018032, 19.37291057915412], [-89.8652587702137, 19.293935249726818], [-89.91277633984073, 19.29584841967818], [-89.90858482969641, 19.370093889374928], [-89.94273801965848, 19.368910139437993], [-89.95974283044393, 19.36947791951635], [-90.00678900022278, 19.36966708920155], [-90.03344169040227, 19.37024439988711], [-90.12135852022362, 19.376173719203813], [-90.12933942031277, 19.325182029452343], [-90.13371945965311, 19.302582569250973], [-90.14109188001517, 19.26905624932219], [-90.14686760033587, 19.241342419045992], [-90.1876584295778, 19.254012938970813], [-90.17964985972951, 19.220935659786758], [-90.20000611974992, 19.22457894953192], [-90.20547613956934, 19.25795693954906], [-90.23302631047717, 19.26339161928804], [-90.23787294967954, 19.26337361901483], [-90.24530841991478, 19.255114719243362], [-90.291063379937, 19.254795109497604], [-90.29109074964236, 19.26300576899733], [-90.30209038026383, 19.26293782949463], [-90.30232312012937, 19.27807848930063], [-90.2907561997138, 19.278167579770326], [-90.29105472007654, 19.307567429682067], [-90.30985467969239, 19.307755829192487], [-90.3096964602642, 19.321240258997776], [-90.31009172000904, 19.454575198994505], [-90.33799232033681, 19.480150539365862], [-90.34740534961698, 19.477361369495718], [-90.34381175006197, 19.470372249671836], [-90.35541721983789, 19.468051149767334], [-90.35854505977073, 19.46781182895151], [-90.35692042950686, 19.455265349693455], [-90.33332925029254, 19.4587631690611], [-90.33331482030353, 19.445996399446763], [-90.32825751024862, 19.44639236939754], [-90.32785095009268, 19.436777199699254], [-90.33188391978614, 19.431538219024084], [-90.33281954987277, 19.430002549238484], [-90.34039548952413, 19.425306379677615], [-90.3598297798985, 19.435094288950694], [-90.36846313962143, 19.417992109012463], [-90.36917849032145, 19.416991619166627], [-90.3710729997534, 19.415654419179553], [-90.37816378006248, 19.412712889422682], [-90.37860685960196, 19.436478309146533], [-90.40292084952218, 19.438174459751917], [-90.40907195039749, 19.478582219647393], [-90.40589055031009, 19.48426610942015], [-90.40771509010436, 19.495714199437053], [-90.39194736991736, 19.496420459649435], [-90.36245235007958, 19.498464149544024], [-90.3668708199981, 19.500427649096924], [-90.3702178200454, 19.504695489792542], [-90.3912745702527, 19.50255284901484], [-90.3995600203964, 19.5019867198901], [-90.40464711954637, 19.50212554917781], [-90.39159872010322, 19.529448688999206], [-90.38821581966663, 19.54618864960514], [-90.40717268955892, 19.53899053912353], [-90.41918625955164, 19.53314342957549], [-90.42496156998291, 19.53088953908897], [-90.43766828999374, 19.53055690966801], [-90.44954677007435, 19.530584399668378], [-90.44505737035135, 19.53991505898716], [-90.43873692015318, 19.557013489748346], [-90.42988305017637, 19.579235148979638], [-90.43952335023526, 19.581394949817202], [-90.4380741196365, 19.58782770978598], [-90.44103562986284, 19.58779361930098], [-90.44094957043673, 19.58301937918087], [-90.45000928969246, 19.582959429767104], [-90.45079731014, 19.57279001983862], [-90.4770251696489, 19.57283702898574], [-90.47729737956762, 19.57537088958074], [-90.50103311026476, 19.577578249305667], [-90.50374201971616, 19.57941211914297], [-90.50529549049861, 19.58007822909618], [-90.50557089028105, 19.580920139453806], [-90.50626242954608, 19.581429419384815], [-90.5065330299042, 19.582151149652802], [-90.51072353997017, 19.58356373978906], [-90.51123891040731, 19.604241029558125], [-90.51096344128504, 19.617454528798255], [-90.55095155457913, 19.6089460109606], [-90.55611385187386, 19.622233552387083], [-90.55570231716679, 19.6291467418064], [-90.56197497205622, 19.636019607373186], [-90.5601247604572, 19.640280747643722], [-90.55713884180409, 19.648855876923374], [-90.56603550970911, 19.650733080506573], [-90.56123224899387, 19.6594541494076], [-90.57854671960477, 19.65737160060165], [-90.57966385948833, 19.66044925000282], [-90.57856798048725, 19.674959589397165], [-90.62154858550878, 19.680379500848815], [-90.62111084445205, 19.685603838541905], [-90.61786716452843, 19.689722933771886], [-90.61771257147726, 19.69568332212547], [-90.61466021580206, 19.716719046822906], [-90.62165639698794, 19.712019968462553], [-90.6315963212059, 19.704245972295006], [-90.64847011452335, 19.71155391606432], [-90.66967752682001, 19.71997220225155], [-90.66822417105989, 19.723028267453877], [-90.6684923886575, 19.72327685966442], [-90.66814893901035, 19.72327031738995], [-90.6680181008099, 19.723482930710862], [-90.6676804313423, 19.72443694287772], [-90.6679088510111, 19.724595668466577], [-90.66765162795683, 19.724516885040863], [-90.66748057198568, 19.724974005731], [-90.66741986980851, 19.725973372685424], [-90.66671625986689, 19.72876225552914], [-90.6679559522855, 19.733076647486673], [-90.66816529435447, 19.733351408012375], [-90.66870173146745, 19.733501872438282], [-90.66981712678087, 19.73463362322289], [-90.6702488927554, 19.73538594302995], [-90.66990544268917, 19.736615823112995], [-90.66937810560651, 19.73731889995459], [-90.66918903401718, 19.73856654724893], [-90.66796576492042, 19.74007976634642], [-90.66642797329209, 19.744040377266458], [-90.6658788950637, 19.746304398103877], [-90.66569245036027, 19.749212279102743], [-90.66588543702287, 19.75080196478185], [-90.66477331133663, 19.752133244482334], [-90.66410928849209, 19.75255193328335], [-90.66441733530571, 19.753114701228633], [-90.66509709887235, 19.752752316022985], [-90.6644178177743, 19.75321153200075], [-90.664161583309, 19.75306522507828], [-90.66339400058578, 19.7533856797322], [-90.66312802036019, 19.75371965879644], [-90.66237663798074, 19.755580884686676], [-90.66220561018048, 19.757386401616913], [-90.66130609624038, 19.758897583552915], [-90.65088809775267, 19.766339011431704], [-90.64939981221264, 19.767889444563384], [-90.64828441562064, 19.76960996832947], [-90.64727696088902, 19.770179114303232], [-90.64463350820664, 19.772311718483383], [-90.64371333522429, 19.772761784455966], [-90.64350339154994, 19.772920981210174], [-90.64365379211067, 19.77299613834003], [-90.64348329679078, 19.772936219004908], [-90.64104925767036, 19.774945181701547], [-90.64070231314722, 19.77536507868645], [-90.64089036934968, 19.77559090617532], [-90.64065483702971, 19.775426119699297], [-90.63979218094472, 19.776580528094893], [-90.63991652212417, 19.77684762655271], [-90.63975512985802, 19.776628073409277], [-90.63846012689596, 19.777407451379943], [-90.63741944983889, 19.778563115567454], [-90.63764624759965, 19.77888996365712], [-90.63722923331099, 19.778991441467422], [-90.63702454099649, 19.77879802034457], [-90.63671689586477, 19.77895917897403], [-90.63658483034989, 19.77954600770527], [-90.63418964502037, 19.781385547766607], [-90.63169991232593, 19.784420386740177], [-90.62995436025594, 19.785872208315816], [-90.62892262512587, 19.78721225521336], [-90.62916220476882, 19.787164618190552], [-90.62964173795, 19.787594441051418], [-90.63001782173312, 19.787225555023223], [-90.62967081505941, 19.78762044352554], [-90.6298554622452, 19.78778227478766], [-90.63031136480332, 19.787391965910366], [-90.62989047569307, 19.787819307736616], [-90.63015434487369, 19.78806070841073], [-90.63058552138718, 19.787681890957224], [-90.6302262401182, 19.788177614758244], [-90.62919433182238, 19.787242089506574], [-90.62910263745204, 19.787354905504994], [-90.63053821141845, 19.788644632669698], [-90.6306619327944, 19.788547974828173], [-90.6304846958463, 19.78840880830992], [-90.63132191228812, 19.787878444427378], [-90.63129564332176, 19.787293952300608], [-90.63164152177387, 19.787302709406568], [-90.63144485557928, 19.788116442691678], [-90.63065071054163, 19.78883326284208], [-90.63114741892237, 19.78968688767784], [-90.63094757481092, 19.789666946788525], [-90.62972824123945, 19.78814989404196], [-90.62914812738059, 19.788340346494486], [-90.62783028429745, 19.789038672206107], [-90.62738370523718, 19.789572815546002], [-90.62745156780414, 19.79039154124784], [-90.6279069023167, 19.790152928542565], [-90.62794630562476, 19.79040029842571], [-90.62677294382661, 19.791065787249142], [-90.62663065242528, 19.790877523782353], [-90.62706190593667, 19.7906345324447], [-90.62693493797052, 19.790448458438448], [-90.62615561506718, 19.79064110070288], [-90.62399025092827, 19.7931478576382], [-90.62324847947086, 19.7936511251119], [-90.62341479303939, 19.794188082906363], [-90.62306269508798, 19.79372000332124], [-90.62215271356914, 19.793912114879735], [-90.61708522362903, 19.79587652864438], [-90.61656232789596, 19.796312614498813], [-90.61686180464375, 19.796578738483134], [-90.61678043846871, 19.79690187480124], [-90.61613212796325, 19.796256706616568], [-90.61492352633192, 19.796838432540824], [-90.6143067477613, 19.797442238801867], [-90.61434715310953, 19.798871240177537], [-90.61424019733809, 19.797248797840364], [-90.6139829185313, 19.79714737063068], [-90.61397078659986, 19.798909705470933], [-90.6142966460465, 19.79915189700197], [-90.6147198536277, 19.79896055527048], [-90.61442713226097, 19.799176718229976], [-90.6142146464554, 19.79917873204546], [-90.61395224846898, 19.79899960414579], [-90.61374052325876, 19.797608934476497], [-90.61346600326546, 19.797566667975758], [-90.61225145944209, 19.798246059637755], [-90.61185501888086, 19.798633979732447], [-90.61203587452766, 19.798815185115537], [-90.61172345014076, 19.798710519106756], [-90.61127816074843, 19.799390373894106], [-90.61164252374535, 19.799795813200216], [-90.61341941773091, 19.799338715935193], [-90.6134676668381, 19.799468643781612], [-90.61177895233159, 19.80001340354744], [-90.61120495544938, 19.799694061777362], [-90.61029654344243, 19.800714700186578], [-90.60760654014747, 19.801939663530348], [-90.60525306040184, 19.803694169739284], [-90.60413497012982, 19.804767600255328], [-90.60424440953574, 19.8053745955945], [-90.60458943241177, 19.805273466304584], [-90.6041904161297, 19.8054787804271], [-90.6038083206258, 19.804964876608565], [-90.60298502777721, 19.805257549720412], [-90.6003896825022, 19.80746554563894], [-90.59885790507427, 19.808191281035974], [-90.59858426709967, 19.808527379374162], [-90.59907205571619, 19.809273935564406], [-90.59798342331547, 19.81009294294035], [-90.59864437459997, 19.811040474671188], [-90.59826816526397, 19.81149588572479], [-90.59732096433964, 19.812087809043323], [-90.59653366574881, 19.810989584453857], [-90.59490109108035, 19.811989453800184], [-90.59580029742948, 19.813143534494863], [-90.59805781127626, 19.81262600231282], [-90.59813216869792, 19.813015638825423], [-90.59715956482074, 19.81323276448472], [-90.59708589264801, 19.813016343469062], [-90.59564882029717, 19.813350769025966], [-90.59501324560709, 19.812587092361404], [-90.59356976432717, 19.813303044563725], [-90.59348549438978, 19.813567606714432], [-90.59233605212717, 19.814275104539544], [-90.59161874853244, 19.814528654561936], [-90.59144244468233, 19.81473029487178], [-90.59322622395653, 19.817060524205726], [-90.59308103265906, 19.817154838609095], [-90.59225309617753, 19.816325521990166], [-90.59083402423796, 19.814055449648468], [-90.59005102826052, 19.81401642281684], [-90.58673928388411, 19.816076726332728], [-90.58593727430981, 19.816829618381302], [-90.58583010988228, 19.817332084569657], [-90.5864644570902, 19.818226439831907], [-90.58564170676821, 19.817465424867148], [-90.58489582291192, 19.817946675069845], [-90.58507428185028, 19.81824648621565], [-90.58493151428218, 19.818310732600374], [-90.58459541578901, 19.817917347422554], [-90.58398618023115, 19.818602601323843], [-90.58314479945014, 19.81885571934281], [-90.58241740061078, 19.819461625264584], [-90.58147262279222, 19.81967404663512], [-90.57918452075722, 19.820920227784708], [-90.57855094006227, 19.82153283915254], [-90.57628559572373, 19.822624449743717], [-90.57642529444006, 19.82287827167079], [-90.57489520956292, 19.82364328810279], [-90.57482621119543, 19.823526932624322], [-90.57360706545322, 19.823946901005193], [-90.572047540167, 19.82481657941687], [-90.5721151509554, 19.824939453816903], [-90.57152062031176, 19.825244489855777], [-90.57242890959343, 19.826926926262416], [-90.57261142950719, 19.82685398047338], [-90.5724535794785, 19.827112710146302], [-90.57140985796025, 19.82521924522771], [-90.57123751251827, 19.825321160248123], [-90.57135880012062, 19.825592109477967], [-90.57078071037887, 19.825948119247908], [-90.5714745198363, 19.827199479813746], [-90.57170857955893, 19.827155089367547], [-90.571614856138, 19.827376902204282], [-90.57155246566548, 19.827402055308717], [-90.57070275001179, 19.82606756991394], [-90.57015663236237, 19.825932951836204], [-90.56904939905003, 19.82658998903151], [-90.56911543718331, 19.826824132495357], [-90.56894541646751, 19.82666543721163], [-90.56854944206503, 19.826875165140727], [-90.56746633549004, 19.82772033440243], [-90.56553637444706, 19.82866879741787], [-90.56537730964213, 19.829015059498285], [-90.56526281935044, 19.82886012811172], [-90.56472193491737, 19.829341579492564], [-90.56443118173148, 19.82931528538549], [-90.56358109641006, 19.829819677013482], [-90.56363079412226, 19.83007006948012], [-90.56347270642105, 19.829955145982805], [-90.56283197211215, 19.830317531403406], [-90.56273896657972, 19.830620458414828], [-90.56228672689451, 19.830813234630956], [-90.56211601596279, 19.830534721582048], [-90.56152429015555, 19.830782109036083], [-90.56160907979687, 19.830922029246647], [-90.56036705970256, 19.831638569336167], [-90.56002294984447, 19.83135382967895], [-90.55997595043405, 19.831726799143482], [-90.55964882992757, 19.83171942978275], [-90.55943552039948, 19.831855819871137], [-90.55956497979125, 19.832028969709086], [-90.55922818954144, 19.832204553644047], [-90.55901532781832, 19.83212108738654], [-90.55950023201244, 19.832565556644305], [-90.55938010973762, 19.832934183480297], [-90.55793162361664, 19.833678672713997], [-90.55738332274373, 19.83345795519979], [-90.55737503636271, 19.833864954625916], [-90.55682606779635, 19.834079399814645], [-90.55679427786235, 19.83430691533115], [-90.55728812552833, 19.83474192162511], [-90.55749335492781, 19.83453074530915], [-90.5576569434187, 19.83467946079006], [-90.5573416639453, 19.834982842042027], [-90.55646627976462, 19.83421301160962], [-90.5560511442236, 19.834103524401844], [-90.55497333319089, 19.834703296752057], [-90.55473317051167, 19.835114322576025], [-90.55383195884421, 19.835437913537344], [-90.5528890979942, 19.836368878652305], [-90.55179750097312, 19.83696415526582], [-90.55144060085202, 19.83767758181386], [-90.5498195933262, 19.838665057005304], [-90.54979877281869, 19.839060644035857], [-90.55016556943875, 19.839227901617612], [-90.55051208011238, 19.83903208005885], [-90.55017648030032, 19.839347769979305], [-90.54931205024486, 19.839054979933323], [-90.54868179974657, 19.839457969536127], [-90.54830166002053, 19.840135290257084], [-90.54761264987633, 19.840434919288985], [-90.54666244713387, 19.841315648810834], [-90.54616157682133, 19.84215157817399], [-90.54526165908355, 19.84264163030461], [-90.54398324900828, 19.84385236931699], [-90.54363350636632, 19.844496688091283], [-90.54308527918556, 19.844706260234943], [-90.54213981936283, 19.84557499235437], [-90.54168735466713, 19.84671400470584], [-90.53992173802582, 19.84762607303785], [-90.5396483720389, 19.848017791075822], [-90.53989183900154, 19.848501913302734], [-90.53969535720775, 19.848493877650775], [-90.53958865028339, 19.84810510073648], [-90.53805285981882, 19.849410029616653], [-90.53727072002292, 19.850206049545193], [-90.53707132573254, 19.850720692274205], [-90.53502205064599, 19.85231742850191], [-90.53466222062596, 19.85272442175173], [-90.53462233985422, 19.853098680553266], [-90.53426558185012, 19.85310899208121], [-90.53263818269028, 19.85425006715778], [-90.53098981541969, 19.854981384269266], [-90.52829733751018, 19.855892769993766], [-90.52721085260143, 19.856479852176186], [-90.52644409447416, 19.85646007034649], [-90.52521615191924, 19.85677948137199], [-90.52211109558509, 19.85836125942447], [-90.52300722435336, 19.859226519079687], [-90.52382184403665, 19.858488514934578], [-90.52573017000616, 19.86032070133763], [-90.52471570535846, 19.861245421932043], [-90.52799554864605, 19.86441896717303], [-90.5302011434554, 19.862304385630466], [-90.53048386228264, 19.86227448048094], [-90.531342099291, 19.863278868426057], [-90.53066721190079, 19.862856568671745], [-90.52865867621027, 19.864649712962553], [-90.52943163038594, 19.865423879354434], [-90.5318834273883, 19.86325388469823], [-90.52912682071506, 19.865952193590807], [-90.52316389196727, 19.860130841287003], [-90.52149219762617, 19.858798842368877], [-90.51803765643841, 19.86106380402146], [-90.51815398282618, 19.861235967428637], [-90.51877705008165, 19.861019139360682], [-90.51879226003285, 19.861169479761337], [-90.51758493986681, 19.8618525395556], [-90.51802097964503, 19.86130601917559], [-90.51789981385134, 19.86114255252017], [-90.51737282686216, 19.861378488527503], [-90.51442082278224, 19.863049406806635], [-90.51091549417076, 19.865397087580522], [-90.51034153340805, 19.86527249664192], [-90.50887807999534, 19.866247745669376], [-90.50786218047557, 19.867472190646648], [-90.50758146086153, 19.867482888755095], [-90.50715191174486, 19.8679718786764], [-90.50734079224443, 19.86824833479759], [-90.5072544297344, 19.868818063216438], [-90.5070163694219, 19.868848717147007], [-90.50660939369557, 19.869884967429215], [-90.50601333638714, 19.870320411560748], [-90.50589830659528, 19.870759297298974], [-90.50525271507023, 19.871422822884444], [-90.50459637079014, 19.871801627117403], [-90.50456067845093, 19.872372692281882], [-90.50437170490483, 19.872561318567346], [-90.5040814077133, 19.872478038512916], [-90.50391246093876, 19.87290871479831], [-90.50282505509982, 19.873917608657973], [-90.50118235515478, 19.8759600849815], [-90.50124716428307, 19.876411962652817], [-90.50082554263125, 19.87665039240722], [-90.50098292361437, 19.87722275487412], [-90.50077870514788, 19.877768975159423], [-90.50024552599943, 19.878461732096806], [-90.5002570029392, 19.8794482644212], [-90.4999793291623, 19.880039179897906], [-90.50004595749415, 19.880419893692924], [-90.50047751788456, 19.880599677191825], [-90.50030620266978, 19.88092804254635], [-90.49976186821411, 19.88123938775701], [-90.49976495061128, 19.88147446609376], [-90.49936393310448, 19.881584780426767], [-90.49910694461231, 19.88217368945659], [-90.49721059321358, 19.883742889904347], [-90.49651571037748, 19.8847261632378], [-90.49602078235408, 19.884931748158074], [-90.49560337626504, 19.884523460806236], [-90.49497271087098, 19.88442460680476], [-90.49438736125805, 19.884717286455505], [-90.49400188943898, 19.884603067532588], [-90.49376274828403, 19.884824355314944], [-90.49360571016628, 19.88451383554646], [-90.49341408477758, 19.8845828932412], [-90.4934308153859, 19.884942145040302], [-90.49296079800567, 19.88505402703481], [-90.49255993852509, 19.886583967164974], [-90.49185792417946, 19.88709203690967], [-90.49181540418434, 19.887387273799494], [-90.49154934913967, 19.88739569287449], [-90.49131183186778, 19.888344828698184], [-90.49095848455313, 19.888566112099625], [-90.49095165839158, 19.889189721488084], [-90.490082507099, 19.890171341554055], [-90.49005222285433, 19.890952900779897], [-90.4896592937762, 19.89099316841243], [-90.48982705276353, 19.891093100614277], [-90.48957395104826, 19.891880892034607], [-90.48890050113904, 19.892265231158863], [-90.48909211066086, 19.892419835435827], [-90.48869593030344, 19.892869558252517], [-90.48875303506973, 19.893105117460582], [-90.48842436364082, 19.89326673725294], [-90.48829586314267, 19.8941340500233], [-90.48776049044581, 19.8942375566486], [-90.48781790236728, 19.894657716388178], [-90.48717514146428, 19.895179826536165], [-90.48719648329762, 19.895462617754195], [-90.48679355258695, 19.895764164844213], [-90.48682924275282, 19.89608182257074], [-90.48623287060563, 19.89709648704189], [-90.48592235747824, 19.897217831583013], [-90.48609724971683, 19.89755334058858], [-90.48586525092259, 19.898174374520796], [-90.48556900990658, 19.898320717949108], [-90.48563218345824, 19.8987134119369], [-90.48508590611455, 19.899808598649713], [-90.48517117465965, 19.900011973472054], [-90.48412021989293, 19.902081637276904], [-90.48389536138096, 19.90208163346786], [-90.48389991095654, 19.902432437362233], [-90.48343120305645, 19.90301232368929], [-90.48268696465577, 19.904979844670837], [-90.48210719940181, 19.90555089546796], [-90.4817788359715, 19.90558301737573], [-90.48068246858294, 19.907335516396508], [-90.4801063772905, 19.907776816887132], [-90.48001842279179, 19.90743017085078], [-90.47989439427208, 19.907446734391776], [-90.47980333843837, 19.90791135662651], [-90.47962522202444, 19.907849240592796], [-90.47959823520816, 19.908035350321626], [-90.4788388187252, 19.908444220325414], [-90.47770281687218, 19.90995526922792], [-90.4776496654199, 19.910432085248736], [-90.47735246144236, 19.910653574568325], [-90.47753506332474, 19.9107761841852], [-90.47743512263047, 19.91097962641415], [-90.47696399713877, 19.91111882715036], [-90.47690902860437, 19.911641573614073], [-90.47734232432181, 19.911725588397225], [-90.47680554577639, 19.91218481569376], [-90.4769604215976, 19.9128855822694], [-90.47674984112682, 19.912935551361866], [-90.47662321144851, 19.913846660807135], [-90.47628584905183, 19.914034860815168], [-90.47641752245133, 19.91493722984796], [-90.47607088748217, 19.91497862092146], [-90.4763399163513, 19.915237307784075], [-90.47638876640804, 19.91609683122235], [-90.47553281398598, 19.916484170688904], [-90.47534735216409, 19.91676353893866], [-90.47499475283514, 19.916691120159335], [-90.4752534385186, 19.91696015803821], [-90.47466363383792, 19.91713606713789], [-90.47465328112722, 19.9173016196086], [-90.47502071399884, 19.917153412463627], [-90.47518100803912, 19.917317144483743], [-90.47452912032024, 19.9183053198599], [-90.47378410384539, 19.91890546974082], [-90.473632052085, 19.919681597508248], [-90.47313885474358, 19.920203348216955], [-90.47228862890081, 19.920065217939243], [-90.47253102351677, 19.92063933626983], [-90.47287937766852, 19.920641243370813], [-90.47309272550217, 19.921044687397263], [-90.47331328803216, 19.922408082312668], [-90.47301335518293, 19.923631934750418], [-90.47243629973038, 19.92429730595783], [-90.4721828865026, 19.92512535863479], [-90.47173317692847, 19.925653598062077], [-90.4710478918468, 19.92579993763297], [-90.4703779335809, 19.926258676471647], [-90.47035546768434, 19.92695992262858], [-90.46933110311825, 19.928166308480233], [-90.46749823449191, 19.929310530600507], [-90.4670932222533, 19.929365556870458], [-90.46668633557036, 19.93037920789771], [-90.46566197276739, 19.931000246490512], [-90.46508020224864, 19.93113230797656], [-90.46457205347254, 19.931526887594398], [-90.46375473462291, 19.931581043147446], [-90.46305676905591, 19.930897162710913], [-90.46220699649598, 19.930771818034646], [-90.46201782995347, 19.93040419880549], [-90.46195470341331, 19.931005157793546], [-90.46237792385803, 19.932091220645137], [-90.46214172397089, 19.932910568208204], [-90.46168513985795, 19.932934370048464], [-90.46183580568989, 19.93421608893062], [-90.46142177506445, 19.934408825075835], [-90.46120762343291, 19.934904941996752], [-90.46044025282109, 19.935365375453213], [-90.46053034475929, 19.935784181644618], [-90.46025545678027, 19.936451876083364], [-90.45952998666358, 19.93656643890699], [-90.46009615403764, 19.937411994012432], [-90.4597335537744, 19.938217152498286], [-90.45972070799945, 19.939003545664125], [-90.45889479384313, 19.94000174735288], [-90.45895546283151, 19.940619763008456], [-90.45877373855876, 19.94091945886941], [-90.45723459326912, 19.942105950877107], [-90.45783838348426, 19.942801942717402], [-90.45761233516961, 19.943709113461008], [-90.45801320384382, 19.945833806392514], [-90.45774194476849, 19.946337062601238], [-90.45685738682211, 19.947123607216543], [-90.45651770851354, 19.947054473201838], [-90.45663936248158, 19.94765808607316], [-90.45571173892301, 19.94787019573413], [-90.45559934656771, 19.948219382238012], [-90.45426481890036, 19.949188303950365], [-90.45402449360797, 19.950454177305986], [-90.45248498185609, 19.952126939276496], [-90.4524039257449, 19.95256665935166], [-90.45324402977337, 19.952871710292502], [-90.45326828135651, 19.95446144156894], [-90.45295750718014, 19.954651663006985], [-90.45270172306361, 19.955380368105796], [-90.4529116855581, 19.955510999606524], [-90.4528514194209, 19.95663125847447], [-90.45211616589673, 19.9573879277838], [-90.4521652136921, 19.95793583411067], [-90.4518977616066, 19.958585039443722], [-90.45126763616115, 19.958639700901948], [-90.44938976986128, 19.961036979399825], [-90.4490824899589, 19.961239428957242], [-90.44846488962165, 19.961075399296146], [-90.44730497029119, 19.959472819342487], [-90.43138518019155, 19.95598347957616], [-90.428665859572, 19.95555671976155], [-90.42876070994079, 19.95598528980766], [-90.38909190986269, 19.95269042973581], [-90.38806359968345, 19.96278139974014], [-90.37998945044022, 19.962034139584716], [-90.37968357012255, 19.964956149017638], [-90.35044227975173, 19.95991536957748]]], [[[-91.956919260462, 20.19707050967987], [-91.95546742007267, 20.1965270594283], [-91.95546448042151, 20.196114089751163], [-91.95627806028914, 20.195958319725687], [-91.95774352008932, 20.196741659674025], [-91.956919260462, 20.19707050967987]]], [[[-91.97847285016715, 20.20404196929645], [-91.97765874978083, 20.203466779525833], [-91.97649173971837, 20.203141289236328], [-91.97664205976126, 20.202657179097706], [-91.97698602032136, 20.202469379711257], [-91.97761038031999, 20.20329031953954], [-91.97833645037416, 20.203848399634502], [-91.97896248989095, 20.204030019176145], [-91.97847285016715, 20.20404196929645]]], [[[-91.9631184299774, 20.201715659237284], [-91.96381908990696, 20.20197357949862], [-91.96410667994277, 20.20240530921442], [-91.96346437966466, 20.203191289625394], [-91.96271342009024, 20.20502356939376], [-91.96231977980818, 20.20861997974175], [-91.96100431040291, 20.207520449208047], [-91.96136624997956, 20.206877088937492], [-91.96147031040923, 20.205436218968156], [-91.9610065802849, 20.203477819224027], [-91.96145751982746, 20.202151249027455], [-91.9631184299774, 20.201715659237284]]]]}}, {"type": "Feature", "properties": {"CVEGEO": "04003", "CVE_ENT": "04", "NOMGEO": "Campeche", "CVE_MUN": "003", "NOMMUN": "Carmen", "cov_": 25, "cov_id": 26}, "geometry": {"type": "Polygon", "coordinates": [[[-91.09974153159831, 19.03231848962275], [-91.0994654003012, 19.032162879677816], [-91.09903202997778, 19.030952119505514], [-91.09925031994037, 19.03053533919969], [-91.09928242977263, 19.02937110977075], [-91.09959625018676, 19.02884454946918], [-91.09527098000225, 19.03127787941956], [-91.09196271025371, 19.023169089400767], [-91.08919085043806, 19.01992610979397], [-91.04752087984414, 18.98580768953649], [-91.04044045994164, 19.000000179124537], [-91.0289573798532, 19.01719213944718], [-91.00327688973546, 18.984684489613898], [-91.0261283199888, 18.968115489096405], [-91.02093051036128, 18.964896969602933], [-90.96647818023906, 18.91693376964677], [-90.94427062021306, 18.941988799367483], [-90.91252251993421, 18.91444639960509], [-90.91208648967957, 18.917684569354556], [-90.90116749010946, 18.910226279005467], [-90.90185553969032, 18.90531385908702], [-90.90267099959415, 18.905422779657705], [-90.90337203006834, 18.904761119659046], [-90.90687594014413, 18.90104074966346], [-90.91623216962824, 18.89035816953818], [-90.91054959970103, 18.878465229654328], [-90.91576363013935, 18.872297549023262], [-90.8712270000944, 18.83282499987815], [-90.8680132896443, 18.836197748957346], [-90.82374423048849, 18.830974289013305], [-90.82621063044341, 18.819446579297214], [-90.83214772033622, 18.798893079832204], [-90.84002102981765, 18.799416819526577], [-90.84408551012451, 18.761328979454134], [-90.81083141964503, 18.758287489695256], [-90.8121485702527, 18.744702909666668], [-90.7954281497226, 18.74216556939872], [-90.80404359975404, 18.7123284791257], [-90.82300799995436, 18.714636948982665], [-90.82751693974805, 18.685991339173377], [-90.8361463695373, 18.6866437097028], [-90.84701152013744, 18.688213259823282], [-90.84709596977517, 18.685978879567656], [-90.84808373998226, 18.680000219026365], [-90.86934708035659, 18.68124450973582], [-90.87033373984528, 18.67661024933542], [-90.87090323019811, 18.67081757989329], [-90.8905958603236, 18.67644437976811], [-90.89211791997695, 18.672287649840126], [-90.88987637012175, 18.671798429300676], [-90.89023619988536, 18.6704796597537], [-90.89255023022726, 18.67098502936494], [-90.89838000044979, 18.65094428964827], [-90.89997935002502, 18.65118542915668], [-90.90402302957096, 18.621925779780682], [-90.9199335203453, 18.623428779652823], [-90.915873970013, 18.653952919097414], [-90.94085314032041, 18.65830045967588], [-90.9417947400471, 18.65420628930044], [-90.97880690960395, 18.657007509016264], [-90.98193354004154, 18.637754109425465], [-90.96826591984173, 18.63568299898883], [-90.972264350044, 18.60926584937863], [-90.97529712001297, 18.586938289466396], [-90.9816606300072, 18.587514879790902], [-90.98331589038884, 18.58636461971948], [-90.98325589019802, 18.585757539125137], [-90.99699737984449, 18.587085749619018], [-90.97133465988196, 18.556891249673633], [-90.98659641996278, 18.544960949779593], [-90.99524179989425, 18.55518925935854], [-90.98523721983713, 18.56311451947911], [-90.9940177500223, 18.572992249187738], [-91.01309008973475, 18.558685139006425], [-90.99500072047366, 18.538870679247673], [-91.00123387960339, 18.53355716972677], [-91.00256526009196, 18.5227180496585], [-91.00337673994031, 18.513934419461847], [-91.00515450958501, 18.500000149738607], [-91.00674395027023, 18.484080509487377], [-91.02375528036902, 18.43157790938953], [-91.02995539965309, 18.414775448998352], [-91.02663801966597, 18.411454019837773], [-91.02576868017786, 18.412917619616554], [-91.00406714039921, 18.391429489661185], [-90.99386558003059, 18.390968509060144], [-90.99731489019763, 18.358237679861194], [-91.01599249013766, 18.36160281909277], [-91.01861116991934, 18.335106940202696], [-91.04226268209513, 18.33818402901239], [-91.05376768193914, 18.33826305939988], [-91.06872116403896, 18.340591178798178], [-91.06723956627488, 18.349413199235165], [-91.06628101613383, 18.35818244920837], [-91.06603614850465, 18.37003117961697], [-91.07942664491236, 18.369177378738417], [-91.09638726042961, 18.36406414944697], [-91.09786557028448, 18.345162139158248], [-91.08353794987477, 18.342982199499037], [-91.0843954598634, 18.338016979253247], [-91.10287135037098, 18.33989085908473], [-91.10509052039723, 18.327545509801944], [-91.10961122014712, 18.32824111964659], [-91.11105834982763, 18.330931919625474], [-91.12715802011364, 18.328268309350328], [-91.12421154967106, 18.320344149444978], [-91.11530289012505, 18.319312819411586], [-91.11648658015669, 18.308531139128768], [-91.10514632030744, 18.306757429341115], [-91.10854505751605, 18.30260035028653], [-91.11979537463132, 18.304130288479534], [-91.13374899681482, 18.287466601361476], [-91.1516951345667, 18.288349797726504], [-91.15648184656739, 18.28262974008637], [-91.16230593963408, 18.287022539830737], [-91.1749791398178, 18.275723949367357], [-91.18580685023525, 18.276914919709697], [-91.19046982015524, 18.23549567943334], [-91.18738809049745, 18.22767091907737], [-91.26398373973637, 18.20926202913887], [-91.26772450951685, 18.199911779595265], [-91.24631013992344, 18.203112249599826], [-91.24484874980558, 18.194218919203138], [-91.24774605015334, 18.189426679541363], [-91.24945482972159, 18.187422289711584], [-91.24902856962137, 18.184871289787058], [-91.24912809014961, 18.184486999613576], [-91.25005003034856, 18.183769169506558], [-91.25096290996301, 18.18396211901548], [-91.25112597037493, 18.18315739930902], [-91.2521991996271, 18.182773289829036], [-91.25142044965777, 18.18075984943943], [-91.25193631033682, 18.179330659144956], [-91.25182771984652, 18.178591139486766], [-91.25027123021171, 18.17705065943217], [-91.24952797974153, 18.176649998988385], [-91.24907906006618, 18.175156539520437], [-91.25079685003645, 18.174729059798217], [-91.25115810992006, 18.174421979750132], [-91.25046482967163, 18.173136249692934], [-91.25075794030988, 18.172079539279142], [-91.25075378012316, 18.170930429630282], [-91.25045057978826, 18.17045379900569], [-91.24947352030763, 18.170237889241537], [-91.25069337956447, 18.16654801906211], [-91.25221705022388, 18.16492102951609], [-91.25373071026861, 18.164296689151005], [-91.25443935037163, 18.16358179978011], [-91.25405735002965, 18.16170048926842], [-91.2519560004398, 18.16002231910652], [-91.25154461974114, 18.159179939778056], [-91.2518027802805, 18.15816130922894], [-91.25326242972554, 18.157208309647842], [-91.25407461993434, 18.156121799148845], [-91.25394649003677, 18.155573679175305], [-91.25317023012187, 18.154964979050224], [-91.2526823398234, 18.154140139097933], [-91.2527849800109, 18.151337539136076], [-91.25250588962808, 18.150623979187603], [-91.25272445038951, 18.14975084933997], [-91.25244093990155, 18.147560479295702], [-91.25158931034099, 18.146859949173546], [-91.25129010966849, 18.14628993932215], [-91.25140357978218, 18.145754179498848], [-91.25005343018391, 18.143934019324504], [-91.2385976142516, 18.10594554933336], [-91.23942904957822, 18.09883848922542], [-91.28256846042622, 18.10329982930453], [-91.28301523014284, 18.099166059721192], [-91.28761567964929, 18.099745459152114], [-91.28784269012667, 18.10243104913759], [-91.29915454046822, 18.10290373909704], [-91.30080463038617, 18.088519749637936], [-91.30406735033209, 18.077978079624984], [-91.30512633373581, 18.079109229050967], [-91.30569567140736, 18.0793830795431], [-91.31269062077932, 18.085325705191284], [-91.32829105726012, 18.062804180747], [-91.33009148955009, 18.062882029370243], [-91.33039145028125, 18.0624995798273], [-91.33070587966755, 18.062498519026136], [-91.33210462968863, 18.06314293979864], [-91.33211892039833, 18.06359002953299], [-91.33281431005773, 18.06374290934355], [-91.33306913970154, 18.063327579174825], [-91.33408896991966, 18.06311068940065], [-91.33597602979111, 18.063728059117793], [-91.33785465983293, 18.064021459241534], [-91.3398472003072, 18.063487259689907], [-91.34117597995626, 18.064297369130983], [-91.34151028031603, 18.064280279491864], [-91.34174334043027, 18.063922879329674], [-91.34310031024233, 18.063954479038774], [-91.34378498005832, 18.06362185947046], [-91.34451205021354, 18.064027419632186], [-91.34516142992621, 18.0638133397476], [-91.34570074956846, 18.06419736945862], [-91.34670632050167, 18.063846569102903], [-91.34716479959606, 18.063950289187535], [-91.34947443021967, 18.064828659485777], [-91.35079657997338, 18.066357419739635], [-91.35297249013537, 18.067220849850216], [-91.35404625032984, 18.068527819916323], [-91.35513128008563, 18.068616939772543], [-91.35712821960522, 18.069452599519224], [-91.35803682982964, 18.06934207934418], [-91.35942641956083, 18.070372169605882], [-91.35999165047815, 18.07021725926528], [-91.36035148996707, 18.06970113967726], [-91.36183308026119, 18.0698135499116], [-91.36213004954557, 18.069316909685167], [-91.36248611024995, 18.06920011952697], [-91.36309695032787, 18.069321709047674], [-91.36335027976058, 18.0690243193145], [-91.36420366035145, 18.069331089407722], [-91.364547180044, 18.06831565974324], [-91.36515566039316, 18.068001369195912], [-91.36595928011846, 18.066909999363453], [-91.36673131028344, 18.06697639921344], [-91.36759477006774, 18.06618505962499], [-91.36817814043663, 18.06632974915887], [-91.36873253986282, 18.067352719379464], [-91.3694613398453, 18.06757851911195], [-91.37233536984631, 18.067420649601072], [-91.37331951031659, 18.067129459858485], [-91.37459268033207, 18.0672000590996], [-91.37660842964613, 18.065999029654098], [-91.37711632026368, 18.065264519309654], [-91.37841565022994, 18.064756309912653], [-91.37881774962929, 18.064180629407343], [-91.37924652032164, 18.064081579266784], [-91.38105853978593, 18.06459594956603], [-91.38162575040737, 18.064221339258513], [-91.3830906804014, 18.063874199505857], [-91.3844253501541, 18.064065049492633], [-91.38521595040335, 18.06439114922778], [-91.38635523034024, 18.065399019882104], [-91.38826014971848, 18.06621947919228], [-91.38913734035506, 18.066206849338244], [-91.38967786025904, 18.06647090906994], [-91.3900653099508, 18.067492449852384], [-91.39078959982226, 18.068217309093626], [-91.3910719404434, 18.06931784934417], [-91.39209294036095, 18.069611179155554], [-91.39268695017863, 18.07044807980276], [-91.3927158596559, 18.07128988917889], [-91.3931567697374, 18.071990849655485], [-91.39294700028212, 18.075096919236312], [-91.39403038030454, 18.076458849630708], [-91.39578958014694, 18.07808484936957], [-91.39663980004406, 18.078750799108466], [-91.39792995030307, 18.079260689633195], [-91.39859150970715, 18.080005019485764], [-91.4014368305069, 18.0802879690511], [-91.40493068956478, 18.07959805926537], [-91.4061250596728, 18.07982981961724], [-91.40656424964547, 18.07975105979704], [-91.40723588005098, 18.078718539163226], [-91.4079807800885, 18.079483479741153], [-91.40904153976227, 18.078952139460835], [-91.41031410974674, 18.079102429330487], [-91.41188136995643, 18.07899553937647], [-91.41252781988369, 18.079100649210538], [-91.4136498002752, 18.07974885914106], [-91.4148734504385, 18.08083907989434], [-91.41713257000269, 18.081576719496994], [-91.41809408988546, 18.081484769059934], [-91.42125684968386, 18.08045242909363], [-91.42411694009476, 18.080209079580772], [-91.42502458003594, 18.080337109438663], [-91.42576814990733, 18.081261629435268], [-91.42983605044151, 18.081773999246025], [-91.43224791025922, 18.081756489866052], [-91.43336623036132, 18.082097819166364], [-91.43419848972444, 18.083170029160335], [-91.43465566018403, 18.083433349057735], [-91.43593042982386, 18.08334384907271], [-91.43676222023058, 18.08374991919618], [-91.43747186028412, 18.083795579412932], [-91.43828032006128, 18.084481049332837], [-91.4390799700135, 18.08616477927321], [-91.43968063017444, 18.086728709348638], [-91.43990754030884, 18.08824073962811], [-91.44117909004603, 18.090886739009516], [-91.44392634030855, 18.09434330909054], [-91.44417977014088, 18.095075739148196], [-91.44528045971539, 18.095783489655147], [-91.44615639957277, 18.095930319041514], [-91.44680433959303, 18.095875619280605], [-91.44846234029285, 18.094970479262237], [-91.44927897042415, 18.09473742980056], [-91.45028794024525, 18.096382859609303], [-91.45259352012886, 18.09783904943526], [-91.45329385976461, 18.098087279406755], [-91.45488582961993, 18.097560939207924], [-91.45607381977275, 18.097849979070354], [-91.45675934991208, 18.09827481906323], [-91.45704947956632, 18.098536709190032], [-91.45729328047628, 18.09931736911522], [-91.45693160029592, 18.100073289244914], [-91.45715682003967, 18.100594229803878], [-91.45805680000032, 18.100381779286426], [-91.45969077015606, 18.100799779751668], [-91.46035005996555, 18.10184337948801], [-91.46091148994559, 18.102127399758565], [-91.46306412014775, 18.10198484984793], [-91.4638974596224, 18.102231089639336], [-91.46435281961726, 18.102713909759554], [-91.46484466001257, 18.103796079151437], [-91.46532192017848, 18.1041592891092], [-91.46605277035971, 18.104185079138173], [-91.46771797999715, 18.10362233937971], [-91.4692866804268, 18.103375229883895], [-91.47016182034793, 18.103621799746588], [-91.47080251040845, 18.104405599121232], [-91.4728608803867, 18.105500169467586], [-91.47348211020827, 18.106124089492116], [-91.47398740017755, 18.107218109299275], [-91.47577414967824, 18.108330459819435], [-91.47659097003998, 18.110493399429043], [-91.47690911997434, 18.112352939001273], [-91.47732303020392, 18.112795459311627], [-91.47820115038328, 18.112702549122037], [-91.47981377000512, 18.113059249388964], [-91.4832480296616, 18.112509489683646], [-91.48435302007633, 18.112757799541626], [-91.48507566027398, 18.11374188963411], [-91.48541511016278, 18.115561629283988], [-91.4859932796682, 18.11634488938694], [-91.48752341960744, 18.116641449084696], [-91.48905418033932, 18.116241569285478], [-91.48948416976783, 18.116444739085104], [-91.48954742964595, 18.116896949659825], [-91.48879256994837, 18.117747248990863], [-91.4888679100224, 18.118075029018346], [-91.4901603802699, 18.117417859177635], [-91.49115531024322, 18.117082889601946], [-91.49168477974953, 18.117106319501463], [-91.49206000004654, 18.116405779840623], [-91.49444954031516, 18.11676313970666], [-91.49466042023553, 18.116517769761035], [-91.49470920016707, 18.115699509461678], [-91.4950473797646, 18.115352949261343], [-91.49520861989366, 18.115923019686665], [-91.4960403695675, 18.116368819487313], [-91.49647118041123, 18.116380999604964], [-91.49682106041989, 18.115456419395603], [-91.49814034980996, 18.11523711901584], [-91.49868398047568, 18.115651339154702], [-91.4991431795375, 18.115620089499505], [-91.49910248952152, 18.116223689635248], [-91.49938579995246, 18.116553229656056], [-91.50012718045927, 18.1166101391968], [-91.50112191041511, 18.116369149060834], [-91.50104745025928, 18.116949939013377], [-91.50059322982155, 18.117306399331408], [-91.50140231993758, 18.117687549077587], [-91.5020007495045, 18.117596779849432], [-91.502554319803, 18.116883569431998], [-91.5037150802212, 18.116837139797035], [-91.50403590981577, 18.1164591395717], [-91.50423522967496, 18.116776279310926], [-91.50385277991901, 18.117532119470553], [-91.50428417991233, 18.117836149443168], [-91.50423297973994, 18.118438219344213], [-91.50221362970836, 18.118144449660438], [-91.5017753504371, 18.11836348979348], [-91.50194682014879, 18.118726309870556], [-91.50343471004821, 18.119947549392503], [-91.50359911039494, 18.12036667907593], [-91.50197328990932, 18.1219939091147], [-91.50194291995494, 18.122349059114814], [-91.50315848011226, 18.123095429069366], [-91.50394985994284, 18.12332187986893], [-91.50434021955583, 18.123178679454274], [-91.50482871969383, 18.1233998890069], [-91.50469593957604, 18.124235819831917], [-91.50272176973003, 18.12593821909724], [-91.50266085956218, 18.126257549363764], [-91.50301605962362, 18.126615119647063], [-91.50466470977521, 18.12667636922422], [-91.50530585973736, 18.127224049076226], [-91.50578674023552, 18.12823282904386], [-91.50573211966204, 18.130002709501838], [-91.51653218024636, 18.130485249907167], [-91.51521285031934, 18.154952479473703], [-91.50672534964352, 18.154421479354895], [-91.50233429028935, 18.15434888947431], [-91.50186354000179, 18.15556871959503], [-91.50187551980362, 18.15641239931183], [-91.5024078796094, 18.15780559932735], [-91.50408087967163, 18.159714429869513], [-91.50485304986157, 18.16122991969237], [-91.50466911971525, 18.162792169033672], [-91.50334549001204, 18.164307059094956], [-91.50324385973917, 18.16507873921352], [-91.50507168987798, 18.166151519294115], [-91.50547848966676, 18.166677579330727], [-91.50584759974139, 18.1671831498457], [-91.50656646012843, 18.169794979228755], [-91.506795289726, 18.1702443389929], [-91.50727668982418, 18.170476289197953], [-91.50762819985121, 18.170332379693416], [-91.50898318006247, 18.170971619548553], [-91.50982708001075, 18.171000879547762], [-91.51006774987566, 18.17078090977008], [-91.51003398035095, 18.17047985974423], [-91.50961869027016, 18.17000673946724], [-91.50963367986164, 18.16951022935063], [-91.50996577012755, 18.16952088931438], [-91.51063421992482, 18.170002289100207], [-91.51126937034662, 18.170015279161813], [-91.51193757024836, 18.169318379031893], [-91.51280117960312, 18.168887599438573], [-91.51376631992008, 18.169241179553627], [-91.51375877985224, 18.169448879064593], [-91.51313814985647, 18.16994596979401], [-91.51336507985485, 18.17026616937171], [-91.51479084979049, 18.16985508937671], [-91.51583257039924, 18.169876019742702], [-91.5160634201308, 18.168710569424167], [-91.51665162960639, 18.1681631797789], [-91.51650550990648, 18.167270799291302], [-91.51682882955328, 18.16688697927183], [-91.51755934019505, 18.166726049266945], [-91.51775151043125, 18.16648514975152], [-91.51709022001786, 18.165965109170436], [-91.51727094020006, 18.165209179338962], [-91.51829936966499, 18.164509519622676], [-91.5199203998848, 18.163991859660737], [-91.52046500009685, 18.16340484967633], [-91.52040697989834, 18.163060819300526], [-91.51968490978882, 18.16295770931751], [-91.5197406802696, 18.162748479084375], [-91.52038241986276, 18.162519349299977], [-91.51984109021791, 18.162113139523637], [-91.52012055028078, 18.160513949255378], [-91.52115670981554, 18.160214779877304], [-91.52187056984685, 18.159632179772426], [-91.52212281991197, 18.159767799242786], [-91.5221863997658, 18.160897339113824], [-91.52287381987036, 18.160995149195752], [-91.52416104999173, 18.159802939252103], [-91.52452276978869, 18.15989710964937], [-91.53450514028083, 18.14617436953033], [-91.55276106037405, 18.158176229690497], [-91.553777399647, 18.157809919488294], [-91.55457357955527, 18.15781590922671], [-91.55565424980489, 18.15657199982305], [-91.55603381999587, 18.15657485930317], [-91.55664085039146, 18.157127229553176], [-91.55759128979788, 18.15724807935735], [-91.558454710074, 18.157830769617227], [-91.55899144982844, 18.157894629660177], [-91.56015751993085, 18.15743797919803], [-91.56154074994683, 18.157576349490263], [-91.56238572016734, 18.15800948914036], [-91.56280611006007, 18.158482079107575], [-91.56462457974125, 18.15879550954292], [-91.56513970988944, 18.158607309537203], [-91.56561451979968, 18.15788527961812], [-91.56608404978026, 18.157803449385067], [-91.56705535030027, 18.1591763691408], [-91.56734576988649, 18.15915721965768], [-91.57000111960318, 18.157169079148762], [-91.57168072036322, 18.15716124987297], [-91.5723392902565, 18.15703564930943], [-91.57274874041983, 18.156707179234573], [-91.57377618045123, 18.157582259454436], [-91.57413290992248, 18.157648939624405], [-91.57476174986971, 18.15720547927582], [-91.57511917034567, 18.157186769544058], [-91.5753787699838, 18.15821294948441], [-91.57662931017559, 18.158200909877703], [-91.57802989004561, 18.15895808913719], [-91.57876705039268, 18.15892087983257], [-91.58012331004062, 18.158052949083103], [-91.58044870971224, 18.15647624978351], [-91.58125384955544, 18.155661349250746], [-91.58124526043528, 18.155406819500218], [-91.58066339989708, 18.15477071943618], [-91.5811838499964, 18.15392097010221], [-91.58104838047939, 18.153329769192208], [-91.58179334000508, 18.152711629610717], [-91.58272926043826, 18.152461399506024], [-91.57219912008001, 18.142015139868136], [-91.57983302026778, 18.134530459351804], [-91.5812379802084, 18.13524722943436], [-91.58739809004759, 18.12918262931024], [-91.59199967982926, 18.130501709732382], [-91.59152823043243, 18.129344109143556], [-91.5917834000122, 18.12885496984986], [-91.59227969008974, 18.12834787929016], [-91.59342748030657, 18.128167779146487], [-91.59365429019913, 18.12642694929927], [-91.59407297985037, 18.126018259597984], [-91.59495057030726, 18.12575370910038], [-91.59534693956407, 18.125175079021044], [-91.5953810896608, 18.124571279810127], [-91.59499139995681, 18.12382576912271], [-91.5950881497616, 18.122552799080903], [-91.59420697991236, 18.121477279261534], [-91.5927798799414, 18.120278779363073], [-91.59161145959953, 18.119931399800553], [-91.59149832012044, 18.119639019161266], [-91.59191523005325, 18.11907470957261], [-91.59208131953939, 18.117901799859517], [-91.59141810989993, 18.116126689011743], [-91.59060775043564, 18.11535639969729], [-91.58990741987891, 18.115013519129644], [-91.5899424003105, 18.113942089628104], [-91.59074843023325, 18.112157659350242], [-91.5905130299693, 18.111891169179486], [-91.58936828022257, 18.11147933938684], [-91.58945953999806, 18.108423279418048], [-91.58975314971016, 18.10800936970695], [-91.59137188971549, 18.106899079159735], [-91.5924424900669, 18.106679949201975], [-91.59446276986598, 18.107307509631024], [-91.59495955018363, 18.1078911093713], [-91.59597144974924, 18.108415419715683], [-91.5977377699215, 18.10865521945189], [-91.59884471029625, 18.107834379786773], [-91.59954429030695, 18.108050419198488], [-91.60061397034117, 18.107788749766534], [-91.6013185397711, 18.106983829336595], [-91.60176822986078, 18.106875919329745], [-91.60223276970494, 18.10699047911258], [-91.60290861983108, 18.107710109257614], [-91.6032241802648, 18.107744149850454], [-91.60381402958357, 18.10673191982537], [-91.6037712003941, 18.105842149048456], [-91.60412554999976, 18.105177629858034], [-91.60497605002017, 18.104834349224667], [-91.60527940034942, 18.104312419757644], [-91.60538490970708, 18.10358254912852], [-91.60519411004314, 18.102858149784655], [-91.60599772027214, 18.102133339711656], [-91.60749329023051, 18.101453419042652], [-91.60950468032327, 18.098438399321868], [-91.6097180204133, 18.097609399677502], [-91.60965871962416, 18.09594942961938], [-91.61066597005892, 18.095440999061953], [-91.61095505973748, 18.094980109696667], [-91.61028690994591, 18.09389270908565], [-91.60916434012289, 18.093856399804764], [-91.60916879956369, 18.093291429097793], [-91.61000099956854, 18.092675908989342], [-91.61030337006673, 18.09180236905155], [-91.6098046299844, 18.091346799692722], [-91.6094780798485, 18.091542139261392], [-91.60935518012703, 18.09213451903608], [-91.60902885977319, 18.092301659262745], [-91.60885331975352, 18.0920744191566], [-91.60964428987108, 18.08919865930891], [-91.60911714023845, 18.088601599134307], [-91.60793744958517, 18.08831059923537], [-91.60732011991269, 18.08791062948467], [-91.60645135002561, 18.085672649035562], [-91.60616928961468, 18.083975659457625], [-91.60611896978327, 18.08276942967291], [-91.60660423029444, 18.081190949269644], [-91.60681484978288, 18.08071221970986], [-91.60749520022493, 18.080073429487303], [-91.60762014972182, 18.07962556987291], [-91.60706522967764, 18.07893428982098], [-91.60683557016029, 18.078085179595224], [-91.60708082970439, 18.076956969706185], [-91.6082468898621, 18.075213859151987], [-91.60834182004074, 18.07467433945483], [-91.60757854027521, 18.074505279656822], [-91.60857260040005, 18.07120607906836], [-91.60897322023989, 18.070487379326416], [-91.61008387973823, 18.07050082930392], [-91.61274275032358, 18.068932859917286], [-91.61413088956175, 18.068412089166806], [-91.6149688200939, 18.067698879330436], [-91.61655862973313, 18.065434339256445], [-91.61690599960895, 18.06414007979326], [-91.61751267992247, 18.06320150946313], [-91.61756298007032, 18.06260816975944], [-91.61859891966208, 18.06193699929333], [-91.61929491036491, 18.060803689886548], [-91.61919577020622, 18.05896830981896], [-91.61855980018328, 18.058285169128798], [-91.61874905006584, 18.056297339552827], [-91.61761033963057, 18.05524202912383], [-91.61604771029155, 18.05511516947516], [-91.61593263014957, 18.054707019422093], [-91.61470583035985, 18.053921149603468], [-91.61493945962874, 18.05284608957447], [-91.61476924980563, 18.05230082956636], [-91.61357522032293, 18.0514088792552], [-91.61350213955217, 18.049958319810163], [-91.61399816961477, 18.048946689430778], [-91.61376681957597, 18.04865819908261], [-91.6130550799241, 18.0485197097242], [-91.61254399994786, 18.048090709598835], [-91.61243514010305, 18.04676150957645], [-91.61296348964602, 18.046553149765508], [-91.61298220038914, 18.046101519377107], [-91.61251200006919, 18.045645679309278], [-91.61226902042463, 18.04502097946866], [-91.61254465013816, 18.044582489686153], [-91.6136480503736, 18.043743549469575], [-91.61427701980773, 18.03885276939976], [-91.61503558020661, 18.03754064967288], [-91.61499723022193, 18.036626689599327], [-91.6152755999894, 18.035932569352262], [-91.6151678501321, 18.035170379538606], [-91.61426686030664, 18.034032689785978], [-91.61401553974837, 18.032595109083154], [-91.61411370995395, 18.032199799346206], [-91.6148792303072, 18.031594969080167], [-91.61499004970264, 18.03115294919879], [-91.61462124989937, 18.03015401952485], [-91.61478485002681, 18.029610939026185], [-91.61452655012067, 18.029278829844294], [-91.61451976960562, 18.02868536969023], [-91.61468897032559, 18.028370519546957], [-91.61525728020908, 18.02810953941226], [-91.6154504195885, 18.027474249114075], [-91.61693297042491, 18.02547567968181], [-91.61752265978292, 18.024224519016613], [-91.61718748034585, 18.023600019614438], [-91.61621671004099, 18.02302301956621], [-91.61611157012659, 18.02260768949464], [-91.61636614042649, 18.021236249183215], [-91.61709988981842, 18.020605999744287], [-91.6180811796374, 18.019243539119724], [-91.61812190966997, 18.01870627957537], [-91.61845991021966, 18.018154889512346], [-91.61926585979141, 18.01751105906377], [-91.61894748017069, 18.016750349455037], [-91.61955931996373, 18.00992568920652], [-91.61932184974928, 18.008174689435428], [-91.61973584992246, 18.007594049684155], [-91.61890865970268, 18.00721559931437], [-91.6179676601666, 18.005986109199657], [-91.61708187994736, 18.00429324915619], [-91.61708334951508, 18.0041034597958], [-91.6181752600169, 18.003426089747045], [-91.61824801952685, 18.003002979560183], [-91.61698802968917, 17.99990328916391], [-91.61727364995643, 17.997010179150443], [-91.61659647991986, 17.99486351941473], [-91.61652237986937, 17.99210105901691], [-91.61582114011098, 17.98908405987284], [-91.6163634495428, 17.986904689278198], [-91.61653486019007, 17.984695549773875], [-91.61934387971738, 17.978802519003708], [-91.61896047979248, 17.977720119347307], [-91.61998965009623, 17.97644028955637], [-91.61939691013848, 17.973818429612855], [-91.61946277980104, 17.973119649597436], [-91.61918203007242, 17.9728542197379], [-91.62075937005122, 17.967237889307768], [-91.62128777971164, 17.964432019288765], [-91.62151254978832, 17.961587319655873], [-91.62040494988862, 17.958601569520088], [-91.61977337955555, 17.95757410936282], [-91.62073464962063, 17.956832369584653], [-91.62089858041907, 17.955765139410833], [-91.62047628982619, 17.9535785996548], [-91.62078027961373, 17.952811779317823], [-91.62474037960949, 17.949071849205602], [-91.6220468003943, 17.942574749836247], [-91.62026886037597, 17.922230059108546], [-91.6196248800897, 17.919189619702415], [-91.61271359974577, 17.912919029382756], [-91.61751083001397, 17.910820849774595], [-91.61936321987291, 17.909212309068444], [-91.62773737973826, 17.907452819027164], [-91.63308922025932, 17.905016029746772], [-91.63154237973094, 17.898149449035618], [-91.62910141955672, 17.89712788908731], [-91.63431822022321, 17.885096379869502], [-91.63274894037993, 17.884196369298728], [-91.63880593955028, 17.873953779213934], [-91.67472991011158, 17.89638537916572], [-91.69775302995502, 17.909614229573386], [-91.71282722971688, 17.91892721942915], [-91.71240406001647, 17.92164285932084], [-91.72510105957454, 17.924494619245237], [-91.72508715034164, 17.926671219157985], [-91.73702810971103, 17.934216969200072], [-91.73869385016768, 17.936182519524262], [-91.717743249757, 17.960797779672582], [-91.72320085981544, 17.96605436945931], [-91.75077553954145, 17.99454973981341], [-91.7514891699126, 18.003631939430704], [-91.75289852036687, 18.003564259914647], [-91.75346630981613, 18.009953519876312], [-91.65806288039906, 18.017340339838725], [-91.65728383016766, 18.023332049110063], [-91.68995765984592, 18.019176599545034], [-91.69992872007757, 18.017474979188712], [-91.7268945698113, 18.018448719203022], [-91.75158154004653, 18.033226719410788], [-91.76069596985631, 18.056074259132735], [-91.73242361957438, 18.063365289371678], [-91.73246305037746, 18.07518424983608], [-91.73220183044886, 18.08672168935194], [-91.73238688029745, 18.096189749793105], [-91.73251899976353, 18.10163490984876], [-91.74533514033351, 18.126304399906616], [-91.75403242034228, 18.150290889175388], [-91.73391781976443, 18.154862049169758], [-91.73469559976763, 18.162139259646853], [-91.73428307981327, 18.164763089416418], [-91.73643451977841, 18.16809537905687], [-91.74027750966577, 18.165438179036084], [-91.75228342995216, 18.18505276933827], [-91.77139562999555, 18.17015796930806], [-91.77086205005139, 18.169113379176657], [-91.76685911005586, 18.1480570195196], [-91.76352523044356, 18.112032549588008], [-91.77297617042986, 18.11116225941885], [-91.77600339982284, 18.14234708937903], [-91.7764972899404, 18.145176379255197], [-91.77638517975278, 18.146581449766472], [-91.77771575038426, 18.165938089384174], [-91.77755509011135, 18.168305199473515], [-91.77791897958706, 18.17455791935061], [-91.77887457990154, 18.174577179561823], [-91.78033299959371, 18.17711230900319], [-91.7833998902217, 18.17854254915981], [-91.78637387961507, 18.182874849320637], [-91.7892463703488, 18.184643949294276], [-91.79041188001962, 18.184859879122747], [-91.7911743402116, 18.18525059935202], [-91.79192251029069, 18.185997919611783], [-91.79278201953633, 18.18634264978246], [-91.7933669403839, 18.1868180598736], [-91.79422957968052, 18.188539969676697], [-91.79633301984244, 18.189860519035438], [-91.79670664985133, 18.190625539571492], [-91.79922438010193, 18.190958059400785], [-91.80130189014798, 18.192047079519206], [-91.80236004969039, 18.19297716973959], [-91.80373760016498, 18.1932810295235], [-91.80423445039506, 18.193635339764604], [-91.80390439999034, 18.194374969034307], [-91.8043717401209, 18.194756319314028], [-91.80433497042995, 18.19496879937348], [-91.80329105018455, 18.1952936894396], [-91.80398453955479, 18.196197459428507], [-91.80367657021472, 18.19649568990911], [-91.80297807997475, 18.196554479465792], [-91.8029708198309, 18.196733479336988], [-91.80411709006155, 18.198474109027334], [-91.80412397030574, 18.19988622913807], [-91.8040442903658, 18.200145769430346], [-91.80357052043504, 18.200315489322474], [-91.80345765022129, 18.200654139223918], [-91.80436145999188, 18.201325999471774], [-91.80439370975262, 18.20185796981903], [-91.80465701959248, 18.202183769610045], [-91.80421617002435, 18.202782249828807], [-91.80418622004822, 18.20315056922828], [-91.80491527965958, 18.203481429559577], [-91.80525437034224, 18.203921119191268], [-91.80498460018393, 18.204347779246405], [-91.80413202019255, 18.204810539276455], [-91.80447019973238, 18.206229169300833], [-91.80422964980832, 18.207052229128905], [-91.80362472017433, 18.207489259280454], [-91.80287310959164, 18.210741649539937], [-91.80199708038766, 18.211934569500627], [-91.80274282972945, 18.213052739447168], [-91.80268832041361, 18.213241969344217], [-91.8016545397021, 18.213746399784903], [-91.80164040045456, 18.214725539087837], [-91.80295115043477, 18.215656749431258], [-91.80324753975731, 18.21674244921081], [-91.80377708962149, 18.217149399668717], [-91.80367648021304, 18.21811893923894], [-91.80455508028577, 18.21796528955407], [-91.80507802011003, 18.218812519698602], [-91.8055973095638, 18.218239119285958], [-91.80610308980907, 18.218365769236495], [-91.80661702014088, 18.219600419314638], [-91.8077828001292, 18.219879059774986], [-91.80797313958449, 18.221127939110772], [-91.8092528198341, 18.220981319451038], [-91.81041615007162, 18.221646309448932], [-91.81094215025286, 18.22230444945688], [-91.81165968995535, 18.221922819014374], [-91.81175228985627, 18.22232264973856], [-91.81123124997572, 18.223790459269], [-91.81147178049186, 18.224315719137206], [-91.81245498003136, 18.225026909285944], [-91.81224010995882, 18.225427629698782], [-91.81171271025934, 18.22570922936927], [-91.81165242993724, 18.22638681980828], [-91.81245142026899, 18.226546399852722], [-91.81409329006604, 18.226295219695658], [-91.81491185045111, 18.226609629467887], [-91.81525305041811, 18.227086289909476], [-91.81545865966267, 18.228046979218753], [-91.81608865032409, 18.228757859395248], [-91.81587717964032, 18.229669919661365], [-91.81602023031236, 18.230433859872832], [-91.81649356990015, 18.230758739282496], [-91.81747155034833, 18.230598779841237], [-91.81788970972525, 18.23073211938288], [-91.81848354023927, 18.23139350968495], [-91.8184415200159, 18.2321914491306], [-91.81764383044144, 18.23325834960983], [-91.8169544195123, 18.233650119711452], [-91.81606794953416, 18.23368044974983], [-91.81550581988863, 18.234999779735787], [-91.81428411960123, 18.234919999531897], [-91.81409497959905, 18.23517567913225], [-91.81449485022574, 18.236291679080903], [-91.81426227959626, 18.23739959975706], [-91.81470827972326, 18.237805109291937], [-91.81596545016596, 18.238160779644033], [-91.81667178043294, 18.23868150924702], [-91.81734485990089, 18.239544199188984], [-91.81782535024188, 18.24061541955826], [-91.81851095035148, 18.24132411937315], [-91.82007037992507, 18.241879709192844], [-91.82020831985542, 18.242939979047424], [-91.81969402025648, 18.243576249325802], [-91.81887297974747, 18.244063139455484], [-91.81885277963977, 18.244297819251923], [-91.82116081980902, 18.246712549764037], [-91.82113016977715, 18.24826908973068], [-91.8213229998841, 18.24873702935484], [-91.82294645983364, 18.249260879625094], [-91.82326270953999, 18.2517115196483], [-91.8221468798875, 18.253446849432244], [-91.82235250988884, 18.254719939625396], [-91.82341368007953, 18.256453279069813], [-91.8252992004195, 18.258047769183364], [-91.82579254979191, 18.25944413920387], [-91.82796777036238, 18.260388649847584], [-91.8287702500775, 18.261689569058344], [-91.83011729041971, 18.26305661926602], [-91.83009294044871, 18.26380914964532], [-91.82917054980204, 18.264868219295515], [-91.82913273959704, 18.265376819287162], [-91.830276430417, 18.267892059713], [-91.83148751982213, 18.26948988966544], [-91.83179731994542, 18.27146961988296], [-91.83155204981867, 18.273159449529384], [-91.83070471968907, 18.275629889015214], [-91.83149281963294, 18.282102419308227], [-91.83086029033416, 18.285399889148717], [-91.83101362951106, 18.286063629855434], [-91.83152426013271, 18.286769739901253], [-91.8343179400191, 18.28939434946406], [-91.83432839957636, 18.290981149186045], [-91.8334613796285, 18.29297297906823], [-91.83460977032347, 18.294674659160638], [-91.83465870978932, 18.295217249135696], [-91.83434930989972, 18.299018489677415], [-91.83380659977195, 18.300185089153434], [-91.83307682035854, 18.300617509665955], [-91.83170187959944, 18.300917429540547], [-91.83016166016279, 18.30178177900159], [-91.82853471953413, 18.303519289820933], [-91.82852339984721, 18.304914859158796], [-91.82911542999419, 18.30546248961589], [-91.83107754962595, 18.306438879449868], [-91.83208088021907, 18.307458799876386], [-91.8333526595654, 18.31095307940454], [-91.83349517979167, 18.31366319951465], [-91.83315328971692, 18.314427659789462], [-91.8324491103611, 18.315140429675274], [-91.83153968043047, 18.31555522921623], [-91.82752099960786, 18.31607457924868], [-91.8264290298777, 18.316661289204973], [-91.82590482991445, 18.317572999694047], [-91.82572729006706, 18.319323779868554], [-91.82647315025253, 18.32251767944074], [-91.82677084960247, 18.32307507957598], [-91.82891704957203, 18.325000999392113], [-91.82926486009266, 18.324355979151616], [-91.83048155012654, 18.323957849194777], [-91.8309295103212, 18.323105199522292], [-91.82941105968041, 18.321179969205776], [-91.83093350969048, 18.320963829301704], [-91.8318944598186, 18.321411179043068], [-91.8328990503011, 18.32124681940421], [-91.83346625971281, 18.321780779531657], [-91.83401690965867, 18.32161347937695], [-91.83449389004195, 18.321869169281797], [-91.83575239989072, 18.321752579286642], [-91.83645092041141, 18.32225193915063], [-91.83969390971592, 18.323522659674044], [-91.84113414011946, 18.324508939128645], [-91.84189975012931, 18.325637479819665], [-91.84632039974171, 18.328151149575003], [-91.89665942963744, 18.303017629550762], [-91.90631119965245, 18.289496549309007], [-91.92430508040357, 18.30866133990575], [-91.92488399958923, 18.308967879560317], [-91.92500133974525, 18.30979845958885], [-91.92717334990006, 18.313534079038668], [-91.92773694039929, 18.3148937097421], [-91.92771179998265, 18.315547999346986], [-91.92843964971095, 18.318469969819677], [-91.91484604950833, 18.32877956982346], [-91.90644142031479, 18.333572569711784], [-91.89942995017697, 18.333917539378678], [-91.89874342008292, 18.332914569852655], [-91.89706484979045, 18.33171962931373], [-91.89613047982589, 18.331507509157845], [-91.89478197025922, 18.331608249082947], [-91.89433004997443, 18.331334749214328], [-91.89271879984076, 18.3315107696421], [-91.89203676969468, 18.331903799302353], [-91.89092465002383, 18.33308497940884], [-91.88511141988943, 18.33249914980632], [-91.86421121954528, 18.346835429712932], [-91.86132135040499, 18.350052709693152], [-91.8641903499497, 18.358039259251264], [-91.8636960002273, 18.35842330946385], [-91.86333345015834, 18.359515029761837], [-91.85547773967845, 18.367437119125583], [-91.85643490992135, 18.373066479273593], [-91.85753179983304, 18.374315619552515], [-91.85748586016193, 18.375566909850097], [-91.85792789028919, 18.37620810982342], [-91.8573046500051, 18.37992551968643], [-91.85223653968136, 18.37904853962954], [-91.85327040034781, 18.380861369593635], [-91.85082995006772, 18.382194079665712], [-91.8516123999008, 18.383937879629517], [-91.8534637404036, 18.38436125971863], [-91.85491734027599, 18.38432065935093], [-91.85540199979938, 18.386152149139644], [-91.85588056987633, 18.38711445982856], [-91.85740811019367, 18.38871656910722], [-91.85789957038556, 18.38952093939386], [-91.85790175004064, 18.391036309832067], [-91.8573864198048, 18.392060369727385], [-91.85724853966128, 18.393191259796396], [-91.8582534001714, 18.394382979251002], [-91.83767282020197, 18.40119441913826], [-91.83983016983544, 18.401752249636022], [-91.84271948041334, 18.401920249449237], [-91.84419721972887, 18.400779419666797], [-91.84560499952103, 18.400312539744668], [-91.84719414029479, 18.400381479733635], [-91.84837493986866, 18.400975939644734], [-91.84912512037008, 18.401743549408295], [-91.84994911994306, 18.403996799086467], [-91.8500054200631, 18.405010689689995], [-91.84893994007737, 18.408112679411715], [-91.83878434961821, 18.415703479027904], [-91.83489462999867, 18.419704479665825], [-91.835685979711, 18.42036477954636], [-91.82838517967208, 18.436516429203664], [-91.82538906002544, 18.43585216918364], [-91.82825856986078, 18.442825229788024], [-91.82892209041296, 18.44344005974111], [-91.82718305969296, 18.44544250941088], [-91.82540717957865, 18.446985049603068], [-91.82427777019036, 18.447304829461864], [-91.82176444998271, 18.445237019513332], [-91.81989472024048, 18.44429696984832], [-91.81675025033583, 18.44376934985492], [-91.81457677960124, 18.4427501096254], [-91.81387358004199, 18.4428117398373], [-91.81345114972397, 18.443078309162807], [-91.81272148995654, 18.44535097938209], [-91.81189961991437, 18.44711104969969], [-91.8063949395513, 18.457125579286323], [-91.8047186501353, 18.460609109759137], [-91.80225454987554, 18.464742909827013], [-91.80189989026212, 18.46591068916185], [-91.80080834980137, 18.468100179579764], [-91.79960779972393, 18.46985707975865], [-91.79947864981763, 18.47076251950119], [-91.79822715037666, 18.473006889455434], [-91.79711708040477, 18.475632029436763], [-91.79508151011754, 18.47679642899147], [-91.79450334959394, 18.475981459390237], [-91.79377114035991, 18.47555053921616], [-91.79283279996237, 18.475737059774588], [-91.7931321099358, 18.475195829181388], [-91.792492679968, 18.473753379546743], [-91.79160334962594, 18.472663259685113], [-91.7908486801194, 18.472355939705448], [-91.79091665011761, 18.470885059698674], [-91.79026860032617, 18.47079154984101], [-91.79010631962576, 18.470290539745548], [-91.78981767989069, 18.4701727396332], [-91.78835022999634, 18.469960449208518], [-91.7888204902231, 18.469354659445298], [-91.7892632896455, 18.469773019313973], [-91.78960771964124, 18.46977521948433], [-91.79017491963798, 18.468255889467283], [-91.78827854994249, 18.46880365967548], [-91.78836250951983, 18.469170259827344], [-91.78784785991589, 18.469055719627043], [-91.78787700009153, 18.469503909290058], [-91.7862571395224, 18.470920949783466], [-91.78537022035492, 18.47128094906492], [-91.7844633400317, 18.47256836973842], [-91.78444568975375, 18.473045249579105], [-91.78491925992962, 18.47423062926586], [-91.78529799988543, 18.474628939300363], [-91.78568138022372, 18.474369599186968], [-91.78610274042653, 18.474423379557656], [-91.78556404960678, 18.474873279535167], [-91.78611125957157, 18.476064379826934], [-91.78591058025589, 18.47699530966316], [-91.78357354045046, 18.47781387942805], [-91.78130667985882, 18.479814619055272], [-91.78119662982785, 18.480361679765387], [-91.78164726027913, 18.480788059307447], [-91.78162133999105, 18.481041059294263], [-91.77987533996715, 18.482796379081037], [-91.7797701504314, 18.484667029029378], [-91.77895785963631, 18.48594171924348], [-91.77787749003427, 18.48636739963557], [-91.77709348042968, 18.486317259249095], [-91.77661434018255, 18.485917569268754], [-91.7762930296942, 18.48591550918714], [-91.77520298002271, 18.48657931920938], [-91.7746222501841, 18.48649470960682], [-91.77398573989795, 18.48717544928035], [-91.77337109031042, 18.488210569105455], [-91.77336529029773, 18.488562199523898], [-91.77372436954956, 18.488557309708376], [-91.77396657017611, 18.488197379384264], [-91.77415331998635, 18.488508289406585], [-91.77479467983552, 18.488498229180365], [-91.77581499976785, 18.487545349367437], [-91.77636959997659, 18.487854369629435], [-91.77658787980882, 18.487710849487417], [-91.77662333962843, 18.487930999292963], [-91.77736974035722, 18.488219489751987], [-91.77771220015146, 18.487938079527847], [-91.77841771040826, 18.488112369627746], [-91.77907689026675, 18.487934719458753], [-91.77939363003276, 18.488208749538558], [-91.77951681957886, 18.488019149549128], [-91.78151958005174, 18.48896894903984], [-91.78333954981751, 18.489555049118238], [-91.78881956988918, 18.492396319200495], [-91.79053041957646, 18.492662309120085], [-91.7915528296326, 18.49206381939079], [-91.79213217976925, 18.492184819644624], [-91.79299134026697, 18.493264549598024], [-91.79305421959982, 18.493841719705117], [-91.79338991017295, 18.494352679759313], [-91.79398208007213, 18.4944345098909], [-91.79478320015058, 18.494024509355185], [-91.79531715026226, 18.494248719339442], [-91.79571687956204, 18.49355450940311], [-91.79681240045034, 18.493348089621403], [-91.79913641953378, 18.49377464948397], [-91.80166974018115, 18.49501776951027], [-91.80274422994779, 18.495987019028778], [-91.8033998804532, 18.496795719476122], [-91.80347473974014, 18.497819109413648], [-91.80380211035119, 18.49778553933651], [-91.80393235008792, 18.49812897984986], [-91.80444157999302, 18.49835570930754], [-91.8044279497318, 18.49906114923713], [-91.80568209009844, 18.498656889129578], [-91.8077145403273, 18.499937919725426], [-91.8075869402092, 18.500864939872475], [-91.80789256992307, 18.50103436897793], [-91.80815479954697, 18.500829139832444], [-91.80835207969726, 18.501493149405785], [-91.8093843404766, 18.500380549397935], [-91.80939815000866, 18.499917979764863], [-91.80984534977772, 18.500022289783516], [-91.81007816970556, 18.499552939539903], [-91.81057302957244, 18.499240939715676], [-91.81095198039327, 18.499240569827396], [-91.81107425995256, 18.49949490964346], [-91.81157583019872, 18.499359059231626], [-91.8118781096033, 18.498860059477842], [-91.81231615005319, 18.498916109579934], [-91.81285186038563, 18.498663119253994], [-91.81349665970494, 18.498761079512963], [-91.81496914016107, 18.49809248909363], [-91.81589422975358, 18.49842424979769], [-91.81760653982496, 18.497554029824624], [-91.82142996957018, 18.49775970903856], [-91.8237707499284, 18.498570279431004], [-91.82412407972228, 18.49853488918788], [-91.82583462962023, 18.49973682982136], [-91.82670280002881, 18.499373319748017], [-91.82767159961016, 18.499354179255487], [-91.83144991991632, 18.50016173934335], [-91.83478521963491, 18.50193459913632], [-91.8365074301166, 18.503587579348], [-91.83664749001703, 18.504068109811424], [-91.83805773955879, 18.504889449205074], [-91.83810122998636, 18.505110979342636], [-91.83909429004997, 18.504339489334043], [-91.84031545029129, 18.503823119456598], [-91.8407929097348, 18.50301481927299], [-91.841685579693, 18.50302668958143], [-91.84666250963924, 18.503779569441697], [-91.84884791952506, 18.50442844946784], [-91.85140690964596, 18.505519539294202], [-91.8530861699497, 18.504712879179873], [-91.85518980036721, 18.504470179321938], [-91.85889828031146, 18.504491919718227], [-91.85983624974075, 18.504067399655913], [-91.86048921976426, 18.503657459588936], [-91.86091979989175, 18.50271601933914], [-91.8622891800032, 18.50098450977873], [-91.86277508991235, 18.498647549278576], [-91.86321174034306, 18.49865016964689], [-91.86349981983521, 18.498727349310524], [-91.863471179682, 18.49975773901757], [-91.86461499966367, 18.501123139380688], [-91.86524731971899, 18.50091671973497], [-91.86617397962826, 18.501115029209686], [-91.8666664301135, 18.501002599289794], [-91.86822503003904, 18.5014092794484], [-91.86879822040743, 18.50177804901394], [-91.86952465994759, 18.501576169786333], [-91.87083726041679, 18.502141089625347], [-91.87146985975637, 18.50200411969192], [-91.87292067959416, 18.50221862985434], [-91.87554222008072, 18.503317509673437], [-91.87628648040645, 18.50333927953504], [-91.87721266021939, 18.503967059691043], [-91.87842342967849, 18.504067679637018], [-91.87927104967547, 18.504838769704808], [-91.87996536975908, 18.50512574929099], [-91.88061485959882, 18.5087599690613], [-91.88063914986172, 18.509482539050868], [-91.87998568974527, 18.51070862918501], [-91.87944710953752, 18.512494229571807], [-91.87804485003544, 18.51415417929201], [-91.8776458203733, 18.515106019067368], [-91.87675016961354, 18.51543682942454], [-91.87607894968801, 18.51527590981716], [-91.8752413201107, 18.515480689544557], [-91.87275998027368, 18.51730724981804], [-91.87202917976722, 18.517438259448145], [-91.87167828982099, 18.51782041915215], [-91.87024308017311, 18.5177400596271], [-91.86958705978489, 18.51738282908885], [-91.86869829018653, 18.517254059857578], [-91.86590355031848, 18.51567036940659], [-91.86517744976948, 18.51503119919995], [-91.86449865968561, 18.51399950948087], [-91.8638657198451, 18.511898059676067], [-91.86323073954392, 18.51149925961721], [-91.86285097981714, 18.511557579170642], [-91.86261989007403, 18.511903629490583], [-91.86219281962514, 18.511134659824503], [-91.86224997996894, 18.510619109017142], [-91.86306628037191, 18.510859509835136], [-91.86359804954547, 18.510399179515687], [-91.8632449200691, 18.50888491935122], [-91.86266637021528, 18.50823345958016], [-91.8619103796161, 18.50655054969514], [-91.86140387961392, 18.5066085693363], [-91.8606173701026, 18.506194309479394], [-91.86005451973999, 18.506204579761693], [-91.86000850976633, 18.50595554961588], [-91.85926957957125, 18.50554802903907], [-91.86040802962579, 18.50548002906523], [-91.86070491992916, 18.505122249034127], [-91.86139056986066, 18.504987249574608], [-91.86179724961815, 18.505081109287588], [-91.86180069000055, 18.504681178992087], [-91.86102446010422, 18.504622509414993], [-91.86077151960765, 18.504230279416287], [-91.86174994957817, 18.504127569336664], [-91.86102834018993, 18.503509859078967], [-91.8596831799229, 18.504211229147405], [-91.86025173958186, 18.504738049538417], [-91.85951499996114, 18.504898799674134], [-91.85854948984063, 18.50504639902099], [-91.85308704994642, 18.504995289254193], [-91.85199768992747, 18.505376659609443], [-91.85099181959086, 18.506205509378777], [-91.85038763009845, 18.507555719367264], [-91.85057605001091, 18.507719579637318], [-91.85041341988038, 18.508736599493126], [-91.8515214302759, 18.50992834909587], [-91.85237794029518, 18.51215636957156], [-91.85202333969853, 18.513517139035777], [-91.8516239099858, 18.513871349461915], [-91.85135522044479, 18.514702199787216], [-91.851407080422, 18.51526894909932], [-91.85185268965711, 18.515880919321003], [-91.8520787195655, 18.516690259752703], [-91.85182885970362, 18.517501369479056], [-91.85124634986767, 18.517847229028483], [-91.85177438005397, 18.51887136903405], [-91.85173901968987, 18.51934753921441], [-91.85153354016906, 18.519476139883903], [-91.8518891498653, 18.519856218978006], [-91.85206910961449, 18.520494449651537], [-91.8516126899077, 18.52123287911722], [-91.8520535197242, 18.521181629069954], [-91.85243025979075, 18.5215359395693], [-91.85283590981449, 18.52094277967909], [-91.85400565988945, 18.520936569757993], [-91.85480748026369, 18.52150816960008], [-91.85555952039157, 18.521499749326825], [-91.85584193965245, 18.52189211982661], [-91.85651385989533, 18.52224831977243], [-91.85751758021976, 18.52455431955009], [-91.85759677988464, 18.52539601948088], [-91.8574420303408, 18.525910249234226], [-91.85723030974967, 18.525973599128143], [-91.8571786903904, 18.526655489170903], [-91.85799978041527, 18.526594819049087], [-91.85847502038645, 18.526778939649176], [-91.85881032014035, 18.52706130967], [-91.8590160602566, 18.527638149188032], [-91.85965473968714, 18.52768396959521], [-91.85992434025763, 18.527106289423518], [-91.86040782986788, 18.526911969037243], [-91.86055182975694, 18.52659984965933], [-91.86176003044358, 18.526711749557606], [-91.86375123014248, 18.52740188972575], [-91.86541544999173, 18.528240479035002], [-91.86919553957647, 18.530976059553954], [-91.87125250998598, 18.53163213928103], [-91.87176825010005, 18.531507799617977], [-91.8725499498805, 18.531988579649383], [-91.87313449044996, 18.531945709361494], [-91.87348890958782, 18.5321342496755], [-91.87403242996422, 18.53248917959336], [-91.8743980599241, 18.533245459448842], [-91.87466464963491, 18.533065889132452], [-91.87499195022225, 18.53375145959288], [-91.87529002976986, 18.533576119662193], [-91.87583138038987, 18.533836419367876], [-91.87618978045819, 18.533738849292785], [-91.87652671955928, 18.533931139715776], [-91.87665945030825, 18.533740089202517], [-91.87741775019224, 18.53396948953126], [-91.87859552006718, 18.53488888969053], [-91.87878792041916, 18.5354588591183], [-91.87902425005484, 18.53527091944633], [-91.87970739997932, 18.53577448973067], [-91.8802352802858, 18.535655579769596], [-91.88115713983444, 18.535887649783877], [-91.88201605964413, 18.536438769188006], [-91.8821210899729, 18.53672151950624], [-91.8825892295465, 18.536595139361534], [-91.88315839990098, 18.537069909415358], [-91.88307462986124, 18.537303339491803], [-91.88328441966236, 18.53748668919539], [-91.88415079968745, 18.537323059783162], [-91.8843852298356, 18.53770491909493], [-91.88469286007107, 18.537527479837966], [-91.88533763039028, 18.538098309589408], [-91.88566854954817, 18.537991459333455], [-91.88601846009922, 18.53840244928105], [-91.88695119965124, 18.53833904929363], [-91.88740559957328, 18.538842349769464], [-91.88780105977715, 18.538659509305443], [-91.88893131953301, 18.539481849417335], [-91.88958736972951, 18.539463619283858], [-91.8902112903639, 18.539942539605285], [-91.89135430994963, 18.54013816958748], [-91.8923168900509, 18.54083654935121], [-91.892979910473, 18.541692969017443], [-91.89321925013782, 18.541677379637253], [-91.89382074979113, 18.54217196959282], [-91.89537734982639, 18.54404082950727], [-91.89655875017112, 18.54468054949043], [-91.89796800011182, 18.544786179414373], [-91.8979509702116, 18.544999548995378], [-91.89933917999726, 18.544332599447426], [-91.90065197038841, 18.54273625964999], [-91.90165830998481, 18.542206549283407], [-91.90356973962493, 18.541659769823315], [-91.90876111010249, 18.541043369627108], [-91.90968978022067, 18.54065867952705], [-91.91107245041076, 18.53963251957324], [-91.91247697040117, 18.539049379793806], [-91.91595177991297, 18.538173709617087], [-91.91850677006684, 18.536913049243932], [-91.91937907979674, 18.537105679594593], [-91.9201256904421, 18.538107049520598], [-91.92125509039171, 18.538689939075855], [-91.92420931027603, 18.538798829148153], [-91.92609129023853, 18.53929576979292], [-91.92702390973567, 18.539059509104803], [-91.92800956970724, 18.538613089540785], [-91.93010831975906, 18.536906199011554], [-91.93347388013538, 18.535581739795326], [-91.93489497047541, 18.53468253909737], [-91.93528026017749, 18.533723149194504], [-91.93496719973226, 18.53294564950723], [-91.93500520029336, 18.53237879969716], [-91.93573665964946, 18.53120768897594], [-91.93607378043382, 18.531061649861805], [-91.93696851023782, 18.531370769552726], [-91.93717448033702, 18.53291697972932], [-91.93802563023706, 18.533299819838334], [-91.93851988953374, 18.53284236973491], [-91.93855694038514, 18.531798459475258], [-91.93908542019823, 18.53138228953092], [-91.94162077007432, 18.531273229082586], [-91.94320755008074, 18.531642979506984], [-91.94397256981706, 18.531506689082573], [-91.94474031959973, 18.530923089126052], [-91.94655501991049, 18.530140859583483], [-91.94743304983395, 18.529059459668005], [-91.94719868005686, 18.528814919337677], [-91.94727205982973, 18.528329089617678], [-91.94821456983216, 18.52572094930223], [-91.94929470973628, 18.52468965931187], [-91.94966244964725, 18.523987539149402], [-91.95083984972828, 18.52317254972452], [-91.95400867987694, 18.521951979582767], [-91.9550004603321, 18.52240428971732], [-91.95703464967721, 18.522393149828833], [-91.9581040195638, 18.52197991915606], [-91.95843440040788, 18.521635229325423], [-91.95964538025785, 18.52154534986236], [-91.96050298030731, 18.519312289651648], [-91.96050620022127, 18.51878136961263], [-91.96000068960886, 18.51804085949031], [-91.96047768953483, 18.515657079652684], [-91.9618892297392, 18.514092849646175], [-91.96296505953866, 18.51360122931476], [-91.96378287988288, 18.51355331933991], [-91.96677681987096, 18.513815059140885], [-91.9689575199007, 18.514745749707505], [-91.97041913986754, 18.5144071994127], [-91.97292836954045, 18.51522868943777], [-91.97420727992113, 18.51420004915767], [-91.97458237987078, 18.512378429280716], [-91.97551506008999, 18.51151882906061], [-91.97575303047849, 18.51080328911422], [-91.9755862299867, 18.50963137941392], [-91.9766910198583, 18.51050977905143], [-91.97630078013337, 18.51163636906881], [-91.97593665003244, 18.512028819302195], [-91.97602006041436, 18.512351059501054], [-91.97821319998197, 18.51183374972155], [-91.97901557045283, 18.51112954972499], [-91.97968686025156, 18.51155716983528], [-91.97942870958154, 18.511992579295427], [-91.97933128034518, 18.5129548594113], [-91.97974620031489, 18.513995709517648], [-91.98035300041596, 18.514454229480563], [-91.98115608963386, 18.514557349121688], [-91.98331075016499, 18.51430007961567], [-91.98755214981666, 18.515146319796532], [-91.98946453972157, 18.5152873097518], [-91.99294290968813, 18.51495170909615], [-91.99422868026845, 18.51519959983235], [-91.99513934997132, 18.51573017984264], [-91.99708226039301, 18.517681619131164], [-91.9992263396101, 18.518493149088993], [-92.0003373103189, 18.519796799416763], [-92.00608890970071, 18.521515079652936], [-92.00888431032773, 18.523222049526858], [-92.01024901989187, 18.524753968980164], [-92.01162140026476, 18.52978594972928], [-92.01055268957683, 18.536706769748413], [-92.01321282976414, 18.53786791930822], [-92.01350765025023, 18.53773493921296], [-92.0135587703955, 18.537046949159958], [-92.01381697983953, 18.536709749124284], [-92.01379552042911, 18.534055449162405], [-92.01447245033246, 18.532592709637292], [-92.01425108983723, 18.531337079129106], [-92.0145370797605, 18.530842709052582], [-92.01568782039469, 18.530752649647845], [-92.01632600014125, 18.531117829593924], [-92.0171920801078, 18.531211379708402], [-92.01778897020131, 18.531699539408077], [-92.0187130001112, 18.531209349699367], [-92.01928605970879, 18.531272999750065], [-92.02009723003397, 18.5302976291187], [-92.02108191038988, 18.530227909568364], [-92.02158794010568, 18.531100229418442], [-92.02259941976865, 18.530862369628817], [-92.02532081989065, 18.52717827921155], [-92.02616408041554, 18.52672264981493], [-92.02656563047015, 18.526741249452577], [-92.02735178001065, 18.526191179298873], [-92.02768264980317, 18.526250719115648], [-92.02787626039208, 18.525508289111198], [-92.0282395698711, 18.525819679181904], [-92.02890352004245, 18.525692339009783], [-92.02985095005431, 18.528385719176278], [-92.0306590299727, 18.528525689488006], [-92.0317948300313, 18.5298223796339], [-92.03342521980782, 18.53122591977627], [-92.03467154029556, 18.531219309517816], [-92.03549357042321, 18.53184111937347], [-92.03575664980298, 18.531437999575676], [-92.03546177017842, 18.530512479179226], [-92.08258545970725, 18.54079033970539], [-92.07929242962463, 18.549843849181393], [-92.0773306203633, 18.55045954934574], [-92.0772922199309, 18.55061339939953], [-92.07802802034529, 18.551269979717706], [-92.0773029200627, 18.551252919701035], [-92.07817855008564, 18.553631149135022], [-92.07805593970967, 18.553831569837268], [-92.07827651044394, 18.55395165972679], [-92.07849792036053, 18.555857169636987], [-92.07940738012806, 18.5578119195474], [-92.07983588982779, 18.558278599791983], [-92.08041861973999, 18.56119062933106], [-92.08040368972564, 18.561981829207188], [-92.08002924956806, 18.563605489615536], [-92.07899617957409, 18.564860349776673], [-92.07770655035135, 18.564439939324494], [-92.07747733980143, 18.564082449144514], [-92.07679840029643, 18.56424297934325], [-92.07686999952767, 18.565893229715286], [-92.07646384959594, 18.566555169785165], [-92.0772723099698, 18.568055599090076], [-92.0775823198898, 18.570474689153492], [-92.07820647998058, 18.57114002910271], [-92.07969564991365, 18.57181933937014], [-92.07948191046478, 18.572699419401058], [-92.07578120020906, 18.57392810977872], [-92.07491662015362, 18.573432289276216], [-92.0746332195677, 18.57273816901886], [-92.07399216992644, 18.57281354962624], [-92.07354543036176, 18.57329545990924], [-92.0731947498098, 18.57444065928103], [-92.0724991500612, 18.574758479615898], [-92.07161521985238, 18.574853619025774], [-92.07148592047078, 18.575662749427384], [-92.07103103028783, 18.576447229206533], [-92.07110644960892, 18.57778962915941], [-92.07008588005648, 18.57860617904363], [-92.07022468951071, 18.579530579789918], [-92.06998164986193, 18.580431349872686], [-92.07055691981387, 18.581667379013734], [-92.07113846040995, 18.582519059040497], [-92.07225031996188, 18.583307509122815], [-92.07301280009925, 18.58460567930078], [-92.07417295015487, 18.585583259558973], [-92.0749232295846, 18.5859147395811], [-92.0762283198133, 18.587976109238376], [-92.07618209024795, 18.589100799275517], [-92.07690254954828, 18.589161889232177], [-92.07878052037033, 18.587929739277932], [-92.08091945046564, 18.587300719146057], [-92.0815519098241, 18.586493979705708], [-92.082135569689, 18.586134169331306], [-92.0829254599497, 18.58599224953555], [-92.08373847995237, 18.585392148985328], [-92.0855068301046, 18.585215679169124], [-92.08800056974121, 18.582519749553082], [-92.08828586016915, 18.582559709645178], [-92.08919074041756, 18.58203527953019], [-92.08936341991992, 18.581726649267775], [-92.08992471011167, 18.581559749749662], [-92.09181534041079, 18.57920085905645], [-92.09447086025861, 18.578111739617437], [-92.09574176977242, 18.57714314908487], [-92.09726554996152, 18.576468969357308], [-92.09852571047898, 18.57621548919972], [-92.09982606031362, 18.57539136985097], [-92.10180028013056, 18.57480265921669], [-92.10309042974016, 18.57478145897446], [-92.10520837034231, 18.57434601953757], [-92.10922614044487, 18.574957249646808], [-92.11379712003937, 18.57620877927573], [-92.11875311954067, 18.577907259316113], [-92.12196322015791, 18.578553429017447], [-92.12405440004943, 18.579229798991165], [-92.12440550975829, 18.578998969795094], [-92.12613311005205, 18.579411339748383], [-92.12763320004264, 18.579495319786652], [-92.12872212019498, 18.57926145917015], [-92.13017664964316, 18.5796187193108], [-92.13208251960425, 18.579400679598546], [-92.13373742024085, 18.579565179423334], [-92.13542916993251, 18.579142089126407], [-92.13671571985068, 18.578121089122874], [-92.13681242005609, 18.577699679283214], [-92.13729540005788, 18.57764401961421], [-92.13788549045357, 18.57712934974476], [-92.13793532002708, 18.576617619161713], [-92.13881792042537, 18.57671162950096], [-92.13950714996069, 18.57652390908119], [-92.14136443002815, 18.574831689688803], [-92.14290367983195, 18.574876449151176], [-92.1429599499187, 18.574686199122652], [-92.14233436966938, 18.574444539767402], [-92.14222434006915, 18.573762719766524], [-92.14239648003921, 18.57301805920404], [-92.14161880002437, 18.572467619405543], [-92.14189757034676, 18.571410599880195], [-92.14179000027579, 18.570030059864497], [-92.14208738012313, 18.569314719148927], [-92.14182777996278, 18.56848505914906], [-92.14218445986215, 18.565371199123497], [-92.14192418000881, 18.563707179633667], [-92.1432357104195, 18.562454739774513], [-92.14481305000277, 18.560021029848144], [-92.14650655009667, 18.558925019152387], [-92.1470118599943, 18.558054659717776], [-92.14753897021755, 18.557674199745183], [-92.14773124956089, 18.556997419054987], [-92.14852841996827, 18.55676908901367], [-92.15284131958727, 18.553475949355448], [-92.15477442981586, 18.551745719493532], [-92.15606105028937, 18.550285689562077], [-92.1596505098132, 18.548352909813335], [-92.16332482007444, 18.547236649117202], [-92.16403421971013, 18.546773969857895], [-92.17197343003146, 18.54511579947036], [-92.17569901977541, 18.54475533969016], [-92.18132115041418, 18.54460291937276], [-92.18894157024295, 18.5451798493069], [-92.1902809800271, 18.545098859804835], [-92.19121475005103, 18.54545319915127], [-92.1926387702415, 18.54554627941594], [-92.19401648988999, 18.545937139861685], [-92.19499854046417, 18.545849369171155], [-92.1965707703521, 18.546239749387503], [-92.19751202031289, 18.546173059147268], [-92.20244762023212, 18.54709964907167], [-92.20461856980279, 18.54761114985746], [-92.20651976967557, 18.5483539395879], [-92.20763751953751, 18.547895459300946], [-92.22038428030784, 18.511930179146777], [-92.20485221986173, 18.500000139485046], [-92.17614774018136, 18.45823321938738], [-92.20451719957731, 18.456857029569264], [-92.22340761970416, 18.457858219222917], [-92.24106282987401, 18.458084719388893], [-92.27624639966345, 18.457823859295967], [-92.30819190988618, 18.45716573946412], [-92.30819408985523, 18.45662233924361], [-92.31028748032392, 18.455579369630172], [-92.31055568974224, 18.46052862930861], [-92.32155228029275, 18.46752767944749], [-92.32149248968427, 18.47068797916471], [-92.32252893978793, 18.473080889294874], [-92.33157509005146, 18.460299679355465], [-92.33390956978359, 18.45945970964134], [-92.33733506019142, 18.45782411943893], [-92.33894677972086, 18.456469349864506], [-92.3416021401839, 18.45353348911541], [-92.34464590950377, 18.449448849783273], [-92.34800644952628, 18.44378336958316], [-92.34871364960924, 18.443093679029367], [-92.35019894965593, 18.442463019206702], [-92.35163762034182, 18.44215554969436], [-92.35380194976833, 18.442294399088215], [-92.35547711021964, 18.44285267925165], [-92.35831794019334, 18.444350029550147], [-92.36013722028737, 18.445863649574214], [-92.36070888029343, 18.446821119440084], [-92.36111427992263, 18.44866550925369], [-92.36098229013682, 18.45111556906175], [-92.35997287958617, 18.454857109696842], [-92.35965782962256, 18.456946319719556], [-92.36030491959376, 18.458988569323957], [-92.36222148033305, 18.46178390936111], [-92.3643245096945, 18.463729179807327], [-92.36672519975666, 18.465297019586462], [-92.3730431797803, 18.46812591938393], [-92.37541604978338, 18.469388909009275], [-92.37791615017017, 18.471600819664214], [-92.38241047964881, 18.476317279129248], [-92.38481722970842, 18.47814410950109], [-92.38824824994934, 18.479309649470192], [-92.39067367973279, 18.47935799955434], [-92.39798035007689, 18.478919999175645], [-92.40056448020864, 18.479171509498695], [-92.4033107796887, 18.479964539734308], [-92.4103293802857, 18.48350047935085], [-92.41291758034625, 18.485611419523465], [-92.41405172038026, 18.487291749370243], [-92.41533282956381, 18.490907059130695], [-92.41846311039248, 18.496005119793843], [-92.41977412027515, 18.49896690951748], [-92.4222707496788, 18.506019979378003], [-92.4252659395538, 18.511305179071215], [-92.4259552196598, 18.513024969276234], [-92.42643102964058, 18.51497356913744], [-92.42641194979534, 18.520018919596986], [-92.42560134037434, 18.524662949841737], [-92.42346975005579, 18.532235819864347], [-92.42347862032321, 18.545116569076086], [-92.42389045018032, 18.549298109223052], [-92.42622964998905, 18.557041449800224], [-92.42840862007806, 18.562082319115067], [-92.4304550502981, 18.56574977905649], [-92.43257147962741, 18.56902516938398], [-92.4348953500372, 18.571843479397156], [-92.43667117965391, 18.574398619431612], [-92.43755429035127, 18.577147219900244], [-92.44020741952828, 18.581724119850623], [-92.44658951963123, 18.58984734936204], [-92.44922115020093, 18.59422482906753], [-92.45215292001706, 18.600062659419496], [-92.45194425022468, 18.603515219798954], [-92.4531918199266, 18.605343049397295], [-92.45587614018402, 18.608167659311956], [-92.45850620016911, 18.610364309443668], [-92.46272554040128, 18.613170179901314], [-92.46574504963125, 18.616563419288823], [-92.46710306016149, 18.621274079389536], [-92.46708900035397, 18.625784739457167], [-92.46507275023329, 18.63458784978976], [-92.46582125968642, 18.636681889061943], [-92.466765310019, 18.642110479810587], [-92.4687900200767, 18.650964949771762], [-92.4671305701469, 18.651236049423805], [-92.46668180040321, 18.651553939087453], [-92.46420634147346, 18.65157777733074], [-92.45913009639577, 18.652354986500146], [-92.44365358168046, 18.655411994270786], [-92.43332718765035, 18.657801424163594], [-92.4275852436223, 18.658718230130212], [-92.42014564285627, 18.66042573564528], [-92.39273061736047, 18.665606060835156], [-92.38843568614242, 18.666322867300774], [-92.38463449334932, 18.6666946645514], [-92.38403071320329, 18.666926658877802], [-92.37617254461308, 18.667997415911767], [-92.3752534746526, 18.668274025886475], [-92.36377257007045, 18.669642215768203], [-92.347777246567, 18.670846816933985], [-92.34048419777665, 18.671175186608746], [-92.33466403758932, 18.671781951243407], [-92.2975679637289, 18.673314434633973], [-92.2853541907955, 18.674142491597053], [-92.27742268099017, 18.67547636234049], [-92.27534957506458, 18.675465276086495], [-92.27439247321232, 18.676030668529574], [-92.27106495904657, 18.676669310534038], [-92.27006558531643, 18.676631239697702], [-92.26938030057177, 18.67637901669168], [-92.2662917601527, 18.67642660588341], [-92.25903916319108, 18.677563987201317], [-92.25181659805828, 18.678177656636876], [-92.24706243480674, 18.678991431286608], [-92.23658328872823, 18.679291243368567], [-92.23087656548375, 18.679654037039725], [-92.20963441402182, 18.682139691218957], [-92.18244907210614, 18.684935558641367], [-92.16864728458086, 18.685933340498845], [-92.16799509168288, 18.68610807549018], [-92.16746309218485, 18.686755653413506], [-92.16728810696341, 18.68650929884214], [-92.16763260902393, 18.686113986624783], [-92.16663343190798, 18.68571924088504], [-92.16486507229864, 18.68640169851734], [-92.16471780670992, 18.686640951716758], [-92.16511289671044, 18.68683835183913], [-92.16508315262423, 18.687177424475983], [-92.1645358771035, 18.686981118984352], [-92.16373280864273, 18.68629107532842], [-92.15931295959716, 18.687074810714083], [-92.15108002494507, 18.68807418362231], [-92.14694505481616, 18.688964792820627], [-92.1382310726819, 18.68909552322556], [-92.13090219625619, 18.68890699525233], [-92.12623845211992, 18.689573244079423], [-92.1182672580847, 18.6899539585923], [-92.10330044788047, 18.692190651346625], [-92.08876194164199, 18.693594533478514], [-92.08590658820725, 18.693332792167613], [-92.08393163640665, 18.692761722259338], [-92.08100489914573, 18.692428597418335], [-92.07293852574404, 18.692856900230407], [-92.07074523186928, 18.693342301340355], [-92.06436054622215, 18.693123956107762], [-92.05221871648641, 18.695544607216128], [-92.043760902654, 18.69681761941751], [-92.0369618638056, 18.697241956756926], [-92.03488839762494, 18.69802312263097], [-92.03410723155733, 18.698119563797274], [-92.03237130738708, 18.69806169986554], [-92.02934308159564, 18.6972708883624], [-92.02870657577111, 18.697598785043787], [-92.02714424370976, 18.697810954824604], [-92.02094313410933, 18.697878462700718], [-92.01322791206088, 18.698621052030663], [-92.0052040805648, 18.698987525016225], [-91.99727669044377, 18.69890072915727], [-91.99019797364862, 18.699334710100196], [-91.97596338976321, 18.6993636421732], [-91.97110280035577, 18.69879464547106], [-91.96419767600918, 18.697357684784908], [-91.95964569463251, 18.696161825475517], [-91.95659244951445, 18.695825205101045], [-91.95374029292545, 18.694926901461848], [-91.95094517980675, 18.692907388501336], [-91.9474784690099, 18.68812341972567], [-91.94167916398085, 18.681332216148505], [-91.93952392299394, 18.678481333708465], [-91.92954668479082, 18.670209747287377], [-91.92699432075274, 18.666800645961057], [-91.9268462931139, 18.666133478343074], [-91.92602661531055, 18.66526236150938], [-91.92477183819636, 18.662933245821435], [-91.92323725269553, 18.66114042567757], [-91.92208797346989, 18.659138109531856], [-91.92159542467796, 18.656632536154333], [-91.91942934133701, 18.652569005684658], [-91.9191576673525, 18.651328718024313], [-91.91870542177043, 18.650654848982935], [-91.91867939481334, 18.649883195076406], [-91.91801909539757, 18.647641743597312], [-91.91638875104098, 18.644262406043918], [-91.915567060176, 18.643255206677615], [-91.91491746722278, 18.641991713003982], [-91.91074508286007, 18.638008495845597], [-91.9008762680214, 18.630159843180344], [-91.89323298212854, 18.625179499960673], [-91.87853486771911, 18.617742176706074], [-91.87611766489934, 18.616924546995865], [-91.8711751157612, 18.615717240585603], [-91.85890030787795, 18.613511178751242], [-91.85668616614959, 18.61263158138327], [-91.82587391351862, 18.630197689790027], [-91.82715588234944, 18.630369230829317], [-91.82741395580776, 18.63016469587344], [-91.82846094919452, 18.63047642306506], [-91.82874853007456, 18.629726684167448], [-91.82855744645738, 18.630476423323966], [-91.82941760933495, 18.63047011707821], [-91.82978030929868, 18.630656153101878], [-91.83025115221928, 18.630449622044047], [-91.83004489890953, 18.63097625481117], [-91.83058556006736, 18.63065931237275], [-91.831141082637, 18.631324123174604], [-91.83139800836894, 18.631394141926883], [-91.83118001847504, 18.63103471559481], [-91.83203102941484, 18.631618500483956], [-91.83143574783652, 18.631438131296974], [-91.83186166923555, 18.631904795014773], [-91.83234205154235, 18.631960109936475], [-91.83331579828135, 18.633262206486307], [-91.83353041927852, 18.633058833215056], [-91.83339898264106, 18.6332511721989], [-91.83378830321065, 18.633866024935955], [-91.83399793756264, 18.63388021825659], [-91.83450174934332, 18.63458936336479], [-91.83541465750022, 18.635046083376153], [-91.83608430216461, 18.63607159424004], [-91.83635819366734, 18.63580659163078], [-91.8361941001776, 18.63604794802469], [-91.83744275169079, 18.637627841105118], [-91.83788768697659, 18.63729677516188], [-91.83811300718317, 18.637352177796444], [-91.83810587692844, 18.637669732141067], [-91.83748790930726, 18.63770171250242], [-91.83821615569785, 18.63822602017692], [-91.83854510540439, 18.63965837288312], [-91.83908131013223, 18.640251132340424], [-91.83960420654832, 18.640533997744054], [-91.83979054531827, 18.640359235957398], [-91.83972209572583, 18.640651108122235], [-91.8401534503063, 18.640843292097333], [-91.84004533986125, 18.64107270321941], [-91.84020315920618, 18.641204226073924], [-91.84062907226736, 18.640989832470197], [-91.8403001324942, 18.641281698837954], [-91.8409903563838, 18.641602409996093], [-91.84152465334357, 18.64112676352288], [-91.84099415682898, 18.64171770625634], [-91.84121852512077, 18.642117680037597], [-91.84170339321518, 18.64153573584185], [-91.84132881044921, 18.642202357133684], [-91.8416957877675, 18.642423963150108], [-91.84183269143031, 18.64225460593906], [-91.84178135287792, 18.642521254137545], [-91.84204375098575, 18.642654577702185], [-91.8424924904098, 18.642636560769784], [-91.84326827652677, 18.641627621592807], [-91.84304771057427, 18.64134655909171], [-91.84366567260872, 18.641768161790143], [-91.84329679860274, 18.641651043859802], [-91.84256854760285, 18.642629353635545], [-91.84318081122275, 18.642883389457673], [-91.8435592004506, 18.642335685034748], [-91.8438900466468, 18.64208164547187], [-91.84301890247595, 18.643190062630442], [-91.84351922344499, 18.642930993528992], [-91.84325499141067, 18.64336808380091], [-91.84400793660693, 18.642705024027425], [-91.84392808245502, 18.6432869581611], [-91.84434267916455, 18.642992430664666], [-91.84468222015924, 18.643330377425077], [-91.84425512290434, 18.643184267488778], [-91.84388434249867, 18.64348514584809], [-91.84439774040715, 18.644445427450368], [-91.84459167746608, 18.644425610468613], [-91.84461449481695, 18.64452289946856], [-91.84439364948916, 18.644483866041018], [-91.84370836412141, 18.645094203329773], [-91.843922371735, 18.646335350580348], [-91.843627651085, 18.646663251462094], [-91.84400246831275, 18.647069739666804], [-91.8452538532363, 18.64614077492472], [-91.84628419535514, 18.644330122926796], [-91.84751507153646, 18.64503639075987], [-91.84703960895837, 18.645743789979022], [-91.84739652872388, 18.645963890826064], [-91.84702703624936, 18.64649841971498], [-91.84801157962953, 18.64724616306164], [-91.84831010590888, 18.64691646678927], [-91.85019823321437, 18.64605348516264], [-91.85404484136441, 18.647280395082788], [-91.85393836031561, 18.647529018735394], [-91.85020070755031, 18.646274864015012], [-91.84828348488962, 18.64718130610257], [-91.84816200351365, 18.647368356047178], [-91.84946887945851, 18.648220394247193], [-91.85041396754127, 18.647875003211972], [-91.85270964228216, 18.651149113847946], [-91.85157947437354, 18.6525712315246], [-91.85286801101978, 18.653510587232418], [-91.85489422889891, 18.651005281155786], [-91.85510220010605, 18.65116291888342], [-91.85228476392739, 18.65469259392278], [-91.85144325692939, 18.65413563290782], [-91.84513765161864, 18.660783081389027], [-91.84134054292689, 18.664257652475346], [-91.83899185699657, 18.664967694034544], [-91.8370573553111, 18.66520683039478], [-91.81888879389098, 18.665368752425703], [-91.79962695729036, 18.666510533037073], [-91.79369764217365, 18.667106157323953], [-91.79292518326753, 18.66736510994508], [-91.79177771680072, 18.668150693147936], [-91.78443756129312, 18.66905730500902], [-91.7787263992668, 18.67043892540825], [-91.7621516008399, 18.67392886444241], [-91.75423481008707, 18.67630844413022], [-91.74356092012705, 18.67906771752227], [-91.74137072617191, 18.680360701029535], [-91.73661166179534, 18.681756382574797], [-91.71964663359265, 18.688305191105524], [-91.70085984844978, 18.698576870370857], [-91.70027691199424, 18.699151432177064], [-91.69930717938179, 18.700898461765114], [-91.69971598798027, 18.70089846151032], [-91.69944978663437, 18.701528828470757], [-91.69954485850063, 18.702213224888105], [-91.69899344207826, 18.703176777081833], [-91.69921220496634, 18.70537690257904], [-91.69692791550824, 18.706785536029013], [-91.69233840904545, 18.708435696591625], [-91.69057952031015, 18.709322040923503], [-91.68901089369153, 18.709525280276566], [-91.68707142691585, 18.710173624685055], [-91.68653902435676, 18.71041675347589], [-91.68592105707232, 18.711272203084807], [-91.68541717535848, 18.711551348861263], [-91.67978891954633, 18.712649917449475], [-91.67316662343414, 18.714409330228307], [-91.67072053300674, 18.714861429599278], [-91.66946893548032, 18.71547532821229], [-91.66695147275321, 18.71602736615879], [-91.66623763441574, 18.71646042602576], [-91.66481747427547, 18.716490349933515], [-91.66247157484771, 18.716994597373905], [-91.6617785254345, 18.717588290158286], [-91.66173476822843, 18.718025598846722], [-91.6604244242496, 18.718143541023323], [-91.65838780678685, 18.71884108110973], [-91.65744790669835, 18.719648908497888], [-91.65711002321099, 18.720248531206835], [-91.65546176493419, 18.721492657001182], [-91.65288921336858, 18.722622629118916], [-91.651247023904, 18.723627361980512], [-91.65075210207043, 18.724222236066968], [-91.65044752495035, 18.72521208342353], [-91.64979079602418, 18.726040141779997], [-91.64937201516811, 18.727348843693445], [-91.64784916023429, 18.727662929873752], [-91.64735423256724, 18.728038889873133], [-91.6458218611088, 18.728557606013126], [-91.64529838015187, 18.729247651829883], [-91.64350426635167, 18.73035171865493], [-91.64234784778736, 18.73075147402752], [-91.64152455188355, 18.731627111252894], [-91.63953531719199, 18.73264076535909], [-91.63930689318788, 18.73293581374812], [-91.6386025761152, 18.733273697810912], [-91.6379363186708, 18.73329749519529], [-91.63490488591584, 18.73473469411609], [-91.63408159548706, 18.734906013606878], [-91.63326781844707, 18.735429490657438], [-91.63112630900054, 18.736176641259664], [-91.62867070211969, 18.73773280923523], [-91.61902436688862, 18.741054536858552], [-91.61569312261956, 18.742605945339953], [-91.61423213588195, 18.742962863600802], [-91.61294722855051, 18.743729052931236], [-91.61149402715334, 18.744095677047284], [-91.6098444116734, 18.745004440800983], [-91.60659406601312, 18.746141825754798], [-91.60545458526255, 18.746805545648673], [-91.5951583770967, 18.750624730085313], [-91.59026619990324, 18.752661548363243], [-91.58034742086551, 18.756055854321996], [-91.5746081626629, 18.758692293938708], [-91.57358975154176, 18.759377578074787], [-91.57019188270144, 18.760519726040087], [-91.57008718141597, 18.76075766453156], [-91.56826927728363, 18.7613097048997], [-91.5578091665048, 18.76554514796153], [-91.55717147051689, 18.76599247999731], [-91.55706677685332, 18.766297057230407], [-91.5560483626739, 18.76648740801507], [-91.54939539412746, 18.769342760061374], [-91.54819613787551, 18.770389725195102], [-91.54745850644963, 18.770625294740302], [-91.54645319018144, 18.7714462044136], [-91.54606652429577, 18.771541382650422], [-91.54459720674849, 18.773159417009715], [-91.54239025881039, 18.774848837900702], [-91.540111927284, 18.77625866531086], [-91.53917203905456, 18.777127174740396], [-91.53435982527893, 18.779765004928944], [-91.53363490199274, 18.77997877962252], [-91.53270795119984, 18.77975375392843], [-91.53084419993431, 18.780264999082316], [-91.53065796280873, 18.78009691795616], [-91.53054506496414, 18.7797818820173], [-91.53076589983614, 18.779209880555538], [-91.5305731717788, 18.778203370354444], [-91.53020197179254, 18.77752165647966], [-91.5295452416239, 18.777086212827662], [-91.52992905533291, 18.77718258224486], [-91.53032729169631, 18.77608885047295], [-91.53034352212475, 18.775289439063872], [-91.52987358444835, 18.77417405960436], [-91.52989737318391, 18.77335612033125], [-91.52847725206009, 18.771174403802405], [-91.52889319085502, 18.770082966631424], [-91.52847130982109, 18.768985897092605], [-91.52713436145606, 18.76787756714072], [-91.52522698185544, 18.76706741362644], [-91.52513785192139, 18.766774856443508], [-91.52465060788145, 18.766465421412235], [-91.52341467344554, 18.766189741802563], [-91.52239859254826, 18.765615877161657], [-91.49826167602973, 18.781637988844196], [-91.49849158530303, 18.781831954532567], [-91.49900595867625, 18.783453012380843], [-91.49975815355549, 18.78375413665797], [-91.50023593507379, 18.784868277979836], [-91.50062425484852, 18.785273735407316], [-91.50071061806082, 18.785857449529548], [-91.49923497770651, 18.789168062536596], [-91.49747139509876, 18.791964960482076], [-91.48970315491711, 18.79760834443536], [-91.48561286221623, 18.80092769688156], [-91.47806045135385, 18.80734510191254], [-91.46838633583002, 18.81628926770519], [-91.4630080816397, 18.820738102627498], [-91.44995412907764, 18.830490398431294], [-91.4486114654973, 18.831966596747172], [-91.44820311383104, 18.832967858013678], [-91.44835183082715, 18.833443751045152], [-91.44785332210593, 18.834357613490866], [-91.44377731653877, 18.837970675293832], [-91.44128210699314, 18.84126537523696], [-91.43757756563686, 18.845062533183864], [-91.43466336595591, 18.848484776790166], [-91.43424220327992, 18.849384262515464], [-91.43211041724504, 18.8514759997966], [-91.426388612683, 18.858075623616024], [-91.42646910005027, 18.858501636628432], [-91.42295491718559, 18.862935833264025], [-91.41912042524268, 18.86711167487596], [-91.41506974602811, 18.8711282187359], [-91.40277200193776, 18.88459807443722], [-91.39649022470834, 18.89007083504396], [-91.38640725904176, 18.89669168572106], [-91.36028077656611, 18.91203920928636], [-91.32944891108184, 18.92876087104738], [-91.31038348011595, 18.93748754435201], [-91.29809356382336, 18.943573015792797], [-91.28901591971507, 18.947558613834083], [-91.27779676230473, 18.95174943804771], [-91.26976538895207, 18.955099227453363], [-91.2487197477811, 18.962852598288013], [-91.22728377891829, 18.972194957240653], [-91.21664417604886, 18.97754711066081], [-91.20500702663581, 18.983021476993663], [-91.20142101067485, 18.98506251042215], [-91.20039604005736, 18.985932009510933], [-91.19129309610351, 18.990317772512036], [-91.18695845803263, 18.9926482095737], [-91.18574556009956, 18.993359451795392], [-91.18484584368241, 18.994376760423748], [-91.18564698911902, 18.995506804404595], [-91.18559235212378, 18.99575796584548], [-91.18422464378668, 18.993978507146085], [-91.18307372025174, 18.9919262490626], [-91.18165595005422, 18.993821709878585], [-91.1788042298575, 18.99554291982322], [-91.17823729044015, 18.99551882937097], [-91.1778757197353, 18.99572644909228], [-91.17657439997097, 18.996796509288654], [-91.17514416965764, 18.997185479834638], [-91.17419070979277, 18.99673097979302], [-91.17220650967178, 18.99677353961032], [-91.17067133959445, 18.996408259378505], [-91.17007798036833, 18.99598141938558], [-91.16947839981584, 18.996200199297245], [-91.16930345970492, 18.99606053936977], [-91.16889558044485, 18.99637461975223], [-91.16823702040445, 18.9963418595532], [-91.16763998033696, 18.996585019874377], [-91.16667726022158, 18.997234709450517], [-91.16518679965631, 18.997804709531113], [-91.16444777968377, 18.998226779705448], [-91.16412208021762, 18.998841219536466], [-91.16374284986532, 18.999014889314648], [-91.16348120019342, 18.998889818995334], [-91.1633847998645, 18.998473339601397], [-91.16318057028637, 18.995644739376633], [-91.16355370971573, 18.994563429071203], [-91.16334723024706, 18.99383087958916], [-91.1626664600575, 18.993047749339798], [-91.16238566047787, 18.99291604903078], [-91.16190955048289, 18.99309394912956], [-91.15904516981963, 18.99215268968946], [-91.15774408972887, 18.992154849085132], [-91.15692186022575, 18.991933979715025], [-91.15455356959392, 18.99264631974682], [-91.15345244973201, 18.993485309520093], [-91.15248742968227, 18.99474396960837], [-91.15201609010619, 18.994842879232376], [-91.15049601958853, 18.995943819599166], [-91.14917867996138, 18.997687549392943], [-91.14677528974823, 18.998416909288437], [-91.14606871007622, 18.99821616978389], [-91.14469283046711, 18.99837777930963], [-91.14416158016606, 18.998255149776572], [-91.14292519965537, 18.998745579414773], [-91.14018612021569, 19.00194770953861], [-91.13974117029764, 19.002198659493583], [-91.13897094025299, 19.003857349874927], [-91.13884983013192, 19.005705889302227], [-91.13901985984262, 19.00646802954721], [-91.13927917970227, 19.00659597920403], [-91.13922085967828, 19.007419599205903], [-91.13966157994273, 19.00854324918924], [-91.14054203001703, 19.009113399057117], [-91.14062140022492, 19.009512879511338], [-91.14131022008041, 19.009497909621384], [-91.14108892013039, 19.01033525962424], [-91.13990147965798, 19.01090682957025], [-91.1392243698185, 19.010826419837368], [-91.13846904986468, 19.011118969777613], [-91.13782873960261, 19.01100153928856], [-91.13697671011292, 19.01163248923121], [-91.13552139979116, 19.01166428962192], [-91.13471628998428, 19.012341079516045], [-91.13421876957855, 19.01214588945309], [-91.13310883010895, 19.012809149108666], [-91.13257557962044, 19.01270039929634], [-91.13151735013476, 19.01310790898122], [-91.13048212000601, 19.01301101974878], [-91.12957771987408, 19.013302229575878], [-91.12933525015737, 19.013601569784818], [-91.12881665960444, 19.013573349386554], [-91.12809039962475, 19.013928169129812], [-91.12606656989915, 19.01402962942453], [-91.1235963397989, 19.014716819726313], [-91.12235706030019, 19.015631289265283], [-91.12121882020321, 19.016142279878117], [-91.12114945953637, 19.01651841964997], [-91.1203525802436, 19.017096649642088], [-91.119931419672, 19.01787701972155], [-91.11995448044003, 19.018238619016362], [-91.1195080496119, 19.01878257970754], [-91.11934058035447, 19.019594139567065], [-91.11884273977239, 19.019955579317042], [-91.11885355018767, 19.020440949474263], [-91.11812511033938, 19.0214120295961], [-91.11792056965291, 19.02271081953541], [-91.11749642042656, 19.02366565952692], [-91.11678003013029, 19.024159089817108], [-91.11653155044466, 19.0249274192719], [-91.11489613972275, 19.0271650197894], [-91.11486959981134, 19.02759319916719], [-91.11444779993325, 19.02746499921289], [-91.11443818018881, 19.027836579705045], [-91.11394888048126, 19.027919349366258], [-91.1132133803576, 19.02883507912298], [-91.11210188976237, 19.029481519252265], [-91.1108543496487, 19.029727199208082], [-91.11006266015181, 19.030133799516136], [-91.10910854000568, 19.029898369213402], [-91.10864570988058, 19.030217229502554], [-91.10793079988889, 19.030266539142538], [-91.10768986002482, 19.030514859193367], [-91.10666966015613, 19.030488229632414], [-91.10542184993133, 19.030852309696705], [-91.10460226006785, 19.03147648982392], [-91.10252983009524, 19.031489599322295], [-91.10217508989815, 19.031896479331827], [-91.1014268901689, 19.031849219802382], [-91.09974153159831, 19.03231848962275]]]}}, {"type": "Feature", "properties": {"CVEGEO": "04004", "CVE_ENT": "04", "NOMGEO": "Campeche", "CVE_MUN": "004", "NOMMUN": "Champotón", "cov_": 31, "cov_id": 32}, "geometry": {"type": "Polygon", "coordinates": [[[-90.510963441285, 19.617454528798255], [-90.5112389104073, 19.604241029558125], [-90.51072353997014, 19.58356373978901], [-90.50653302990418, 19.582151149652752], [-90.50626242954607, 19.581429419384765], [-90.50557089028099, 19.580920139453806], [-90.50529549049861, 19.58007822909613], [-90.50374201971613, 19.579412119142937], [-90.50103311026473, 19.577578249305667], [-90.4772973795676, 19.575370889580675], [-90.47702516964887, 19.572837028985724], [-90.45079731013999, 19.57279001983862], [-90.45000928969242, 19.58295942976706], [-90.44094957043669, 19.583019379180847], [-90.44103562986278, 19.58779361930094], [-90.43807411963647, 19.58782770978593], [-90.43952335023522, 19.581394949817202], [-90.42988305017636, 19.57923514897961], [-90.43873692015316, 19.557013489748346], [-90.44505737035131, 19.539915058987095], [-90.44954677007433, 19.53058439966835], [-90.43766828999371, 19.53055690966796], [-90.4249615699829, 19.530889539088935], [-90.41918625955162, 19.53314342957548], [-90.4071726895589, 19.538990539123503], [-90.38821581966658, 19.546188649605103], [-90.39159872010318, 19.529448688999157], [-90.40464711954633, 19.502125549177794], [-90.3995600203964, 19.501986719890073], [-90.39127457025266, 19.50255284901478], [-90.37021782004534, 19.504695489792528], [-90.36687081999804, 19.50042764909688], [-90.36245235007955, 19.498464149543974], [-90.39194736991732, 19.496420459649396], [-90.40771509010435, 19.495714199437053], [-90.40589055031008, 19.48426610942011], [-90.40907195039745, 19.478582219647365], [-90.40292084952216, 19.438174459751878], [-90.37860685960193, 19.43647830914648], [-90.37816378006245, 19.412712889422647], [-90.37107299975334, 19.415654419179535], [-90.36917849032143, 19.416991619166577], [-90.3684631396214, 19.417992109012427], [-90.35982977989849, 19.43509428895063], [-90.34039548952411, 19.425306379677536], [-90.33281954987274, 19.43000254923845], [-90.33188391978614, 19.431538219024084], [-90.32785095009265, 19.436777199699232], [-90.32825751024859, 19.44639236939744], [-90.33331482030349, 19.44599639944672], [-90.3333292502925, 19.458763169061047], [-90.35692042950684, 19.45526534969343], [-90.35854505977069, 19.467811828951476], [-90.35541721983785, 19.46805114976729], [-90.34381175006192, 19.470372249671765], [-90.34740534961696, 19.47736136949569], [-90.33799232033678, 19.480150539365855], [-90.310091720009, 19.454575198994455], [-90.30969646026415, 19.321240258997726], [-90.30985467969238, 19.307755829192473], [-90.29105472007654, 19.30756742968204], [-90.29075619971374, 19.278167579770265], [-90.30232312012936, 19.27807848930062], [-90.30209038026382, 19.26293782949459], [-90.29109074964235, 19.263005768997292], [-90.29106337993696, 19.254795109497564], [-90.24530841991475, 19.255114719243313], [-90.23787294967948, 19.263373619014807], [-90.23302631047713, 19.263391619288058], [-90.2054761395693, 19.257956939549047], [-90.2000061197499, 19.22457894953188], [-90.17964985972951, 19.220935659786722], [-90.18765842957775, 19.25401293897079], [-90.14686760033582, 19.241342419045992], [-90.14109188001515, 19.26905624932219], [-90.13371945965308, 19.302582569250937], [-90.12933942031277, 19.325182029452343], [-90.1213585202236, 19.376173719203788], [-90.03344169040226, 19.37024439988707], [-90.00678900022274, 19.369667089201517], [-89.9597428304439, 19.369477919516285], [-89.94273801965844, 19.36891013943797], [-89.9085848296964, 19.37009388937489], [-89.91277633984069, 19.29584841967813], [-89.92205736982102, 19.216294429443728], [-89.92966137005457, 19.028661219709946], [-90.00695005970708, 19.053413679211094], [-89.99611401990187, 19.023530579294825], [-90.1565267401108, 19.04923616956564], [-90.1567264601116, 19.016773569850947], [-90.16142878029032, 19.016899199705364], [-90.1607198803013, 19.001591319558155], [-90.16322348998145, 18.998031479334088], [-90.16191025980187, 18.98153005912216], [-90.16454835001242, 18.981445889390066], [-90.20608177035227, 18.949256829730487], [-90.21641795025272, 18.892793889649], [-90.24344075022894, 18.892777649372317], [-90.29446536992558, 18.893669659141942], [-90.29799155039677, 18.867635829182642], [-90.30503460008497, 18.793995569586937], [-90.45836604997294, 18.805830289182566], [-90.47204415018753, 18.572564229553908], [-90.53212993960396, 18.57463245957733], [-90.5090440598713, 18.677727509858702], [-90.53859994959292, 18.682720149108142], [-90.59269666036785, 18.696312689385447], [-90.65284271667123, 18.70388263154619], [-90.65680293582295, 18.70568069259196], [-90.68766414548784, 18.721347262668836], [-90.6889899162709, 18.721692742387724], [-90.71174607618067, 18.73125855274005], [-90.7244445054894, 18.736858622835758], [-90.73432130586228, 18.7415956028047], [-90.73702437687753, 18.74259631234314], [-90.73440417002183, 18.745357199022976], [-90.73445781983963, 18.748084339355426], [-90.73698454035643, 18.75788990980556], [-90.73882166049475, 18.766651249010437], [-90.73506588968495, 18.765911399612982], [-90.73370809033987, 18.766141459500986], [-90.73342820039721, 18.766491859815286], [-90.7333884197047, 18.77110131965951], [-90.73206133987439, 18.787325489866063], [-90.73084524968355, 18.79429164923939], [-90.72992214020657, 18.802148219623817], [-90.74267172044652, 18.803528749769626], [-90.7448582898896, 18.80612724952541], [-90.74822753976859, 18.81424788905018], [-90.72897381962804, 18.811151799087536], [-90.72628834018757, 18.830360179581465], [-90.7247714900011, 18.839033859453846], [-90.72424450993691, 18.843298719054392], [-90.72232030995926, 18.851017859535784], [-90.72123329012199, 18.854127429539748], [-90.7296053997334, 18.85622088972495], [-90.73257998036468, 18.8580766591342], [-90.76888552043826, 18.827924399357055], [-90.79624892037623, 18.85912321983782], [-90.79951304979909, 18.863147979364403], [-90.79876034015601, 18.85178005920614], [-90.8245822498977, 18.874140859831456], [-90.8488988602811, 18.863224109797166], [-90.85199145046484, 18.834381909590288], [-90.8680132896443, 18.836197748957346], [-90.8712270000944, 18.83282499987815], [-90.91576363013935, 18.872297549023262], [-90.91054959970103, 18.878465229654328], [-90.91623216962824, 18.89035816953818], [-90.90687594014413, 18.90104074966346], [-90.90337203006834, 18.904761119659046], [-90.90267099959415, 18.905422779657705], [-90.90185553969032, 18.90531385908702], [-90.90116749010946, 18.910226279005467], [-90.91208648967957, 18.917684569354556], [-90.91252251993421, 18.91444639960509], [-90.94427062021306, 18.941988799367483], [-90.96647818023906, 18.91693376964677], [-91.02093051036128, 18.964896969602933], [-91.0261283199888, 18.968115489096405], [-91.00327688973546, 18.984684489613898], [-91.0289573798532, 19.01719213944718], [-91.04044045994164, 19.000000179124537], [-91.04752087984414, 18.98580768953649], [-91.08919085043806, 19.01992610979397], [-91.09196271025371, 19.023169089400767], [-91.09527098000225, 19.03127787941956], [-91.09959625018676, 19.02884454946918], [-91.09928242977263, 19.02937110977075], [-91.09925031994037, 19.03053533919969], [-91.09903202997778, 19.030952119505514], [-91.0994654003012, 19.032162879677816], [-91.09974302047486, 19.03231873912722], [-91.1014268901689, 19.031849219802382], [-91.10217508989815, 19.031896479331827], [-91.10252983009524, 19.031489599322295], [-91.10460226006785, 19.03147648982392], [-91.10542184993133, 19.030852309696705], [-91.10666966015613, 19.030488229632414], [-91.10768986002482, 19.030514859193367], [-91.10793079988889, 19.030266539142538], [-91.10864570988058, 19.030217229502554], [-91.10910854000568, 19.029898369213402], [-91.11006266015181, 19.030133799516136], [-91.1108543496487, 19.029727199208082], [-91.11210188976237, 19.029481519252265], [-91.1132133803576, 19.02883507912298], [-91.11394888048126, 19.027919349366258], [-91.11443818018881, 19.027836579705045], [-91.11444779993325, 19.02746499921289], [-91.11486959981134, 19.02759319916719], [-91.11489613972275, 19.0271650197894], [-91.11653155044466, 19.0249274192719], [-91.11678003013029, 19.024159089817108], [-91.11749642042656, 19.02366565952692], [-91.11792056965291, 19.02271081953541], [-91.11812511033938, 19.0214120295961], [-91.11885355018767, 19.020440949474263], [-91.11884273977239, 19.019955579317042], [-91.11934058035447, 19.019594139567065], [-91.1195080496119, 19.01878257970754], [-91.11995448044003, 19.018238619016362], [-91.119931419672, 19.01787701972155], [-91.1203525802436, 19.017096649642088], [-91.12114945953637, 19.01651841964997], [-91.12121882020321, 19.016142279878117], [-91.12235706030019, 19.015631289265283], [-91.1235963397989, 19.014716819726313], [-91.12606656989915, 19.01402962942453], [-91.12809039962475, 19.013928169129812], [-91.12881665960444, 19.013573349386554], [-91.12933525015737, 19.013601569784818], [-91.12957771987408, 19.013302229575878], [-91.13048212000601, 19.01301101974878], [-91.13151735013476, 19.01310790898122], [-91.13257557962044, 19.01270039929634], [-91.13310883010895, 19.012809149108666], [-91.13421876957855, 19.01214588945309], [-91.13471628998428, 19.012341079516045], [-91.13552139979116, 19.01166428962192], [-91.13697671011292, 19.01163248923121], [-91.13782873960261, 19.01100153928856], [-91.13846904986468, 19.011118969777613], [-91.1392243698185, 19.010826419837368], [-91.13990147965798, 19.01090682957025], [-91.14108892013039, 19.01033525962424], [-91.14131022008041, 19.009497909621384], [-91.14062140022492, 19.009512879511338], [-91.14054203001703, 19.009113399057117], [-91.13966157994273, 19.00854324918924], [-91.13922085967828, 19.007419599205903], [-91.13927917970227, 19.00659597920403], [-91.13901985984262, 19.00646802954721], [-91.13884983013192, 19.005705889302227], [-91.13897094025299, 19.003857349874927], [-91.13974117029764, 19.002198659493583], [-91.14018612021569, 19.00194770953861], [-91.14292519965537, 18.998745579414773], [-91.14416158016606, 18.998255149776572], [-91.14469283046711, 18.99837777930963], [-91.14606871007622, 18.99821616978389], [-91.14677528974823, 18.998416909288437], [-91.14917867996138, 18.997687549392943], [-91.15049601958853, 18.995943819599166], [-91.15201609010619, 18.994842879232376], [-91.15248742968227, 18.99474396960837], [-91.15345244973201, 18.993485309520093], [-91.15455356959392, 18.99264631974682], [-91.15692186022575, 18.991933979715025], [-91.15774408972887, 18.992154849085132], [-91.15904516981963, 18.99215268968946], [-91.16190955048289, 18.99309394912956], [-91.16238566047787, 18.99291604903078], [-91.1626664600575, 18.993047749339798], [-91.16334723024706, 18.99383087958916], [-91.16355370971573, 18.994563429071203], [-91.16318057028637, 18.995644739376633], [-91.1633847998645, 18.998473339601397], [-91.16348120019342, 18.998889818995334], [-91.16374284986532, 18.999014889314648], [-91.16412208021762, 18.998841219536466], [-91.16444777968377, 18.998226779705448], [-91.16518679965631, 18.997804709531113], [-91.16667726022158, 18.997234709450517], [-91.16763998033696, 18.996585019874377], [-91.16823702040445, 18.9963418595532], [-91.16889558044485, 18.99637461975223], [-91.16930345970492, 18.99606053936977], [-91.16947839981584, 18.996200199297245], [-91.17007798036833, 18.99598141938558], [-91.17067133959445, 18.996408259378505], [-91.17220650967178, 18.99677353961032], [-91.17419070979277, 18.99673097979302], [-91.17514416965764, 18.997185479834638], [-91.17657439997097, 18.996796509288654], [-91.1778757197353, 18.99572644909228], [-91.17823729044015, 18.99551882937097], [-91.1788042298575, 18.99554291982322], [-91.18165595005422, 18.993821709878585], [-91.18307372025174, 18.9919262490626], [-91.18483875337324, 18.995477456345906], [-91.1855274134115, 18.99644525128763], [-91.17925342703481, 18.998892663333663], [-91.16786291409852, 19.004617915208858], [-91.16327030820443, 19.006594878073052], [-91.15634792003958, 19.010899501689472], [-91.1481811742164, 19.015094677766477], [-91.14422244801307, 19.017692612754782], [-91.13740302734135, 19.021153303371495], [-91.13307648688895, 19.023107930884773], [-91.11815850845065, 19.031969947813135], [-91.11195404472974, 19.036411259656436], [-91.11089128497326, 19.037535861107365], [-91.1105481867222, 19.03850827077857], [-91.11048075633957, 19.039825025660075], [-91.11127703686742, 19.043037295173004], [-91.11136765216865, 19.04380752347344], [-91.11120152352345, 19.04421529177603], [-91.10947983813851, 19.045347979289208], [-91.10777325479667, 19.04684312766087], [-91.09921587251276, 19.051783485611644], [-91.09229135557788, 19.05678491577342], [-91.08820106256252, 19.060232754801998], [-91.08640218975248, 19.062559867064877], [-91.0832755795088, 19.065165376029054], [-91.08185353098526, 19.06684102578121], [-91.08053443955487, 19.067927931442934], [-91.06900476287825, 19.075475441282226], [-91.06257722825374, 19.079144380755892], [-91.05784572697164, 19.082223549514918], [-91.03970364139042, 19.09219759366766], [-91.03762862408436, 19.093615512021614], [-91.0345733960896, 19.096237678374642], [-91.03200675094153, 19.0974170976252], [-91.03023405265378, 19.098587792384308], [-91.02873975135188, 19.099108894814705], [-91.0257130767738, 19.100648405740568], [-91.0208542170093, 19.103917785538602], [-91.01089141430054, 19.109464308815035], [-91.00849053816563, 19.110618347409595], [-90.99331757648768, 19.119290501381492], [-90.99007351036629, 19.121616215241836], [-90.98716580773547, 19.124164618071234], [-90.97960456533768, 19.12942036608157], [-90.97677436630107, 19.13112236968668], [-90.97492434101952, 19.131907594813363], [-90.96705936252658, 19.13663775345607], [-90.96421114800597, 19.138845893692242], [-90.96325222543875, 19.140028485554794], [-90.96235278872393, 19.140735185111737], [-90.94977971726632, 19.148506504464418], [-90.93745172985781, 19.156549083154175], [-90.91953364742447, 19.169060902725434], [-90.91379690834562, 19.173417373366387], [-90.90801292833949, 19.177188462136588], [-90.89920255987955, 19.18372828461885], [-90.89797698875785, 19.185659596114697], [-90.89787481642938, 19.186541997192887], [-90.8981246636901, 19.18702027197762], [-90.89744781890616, 19.18780313333975], [-90.88933162543971, 19.1942339972139], [-90.88845122614211, 19.195221479406975], [-90.88541138971907, 19.19777769277158], [-90.88355760296065, 19.199057962045874], [-90.88217093462724, 19.200433546976704], [-90.86726429533611, 19.21297258950893], [-90.85823458898462, 19.221117676258206], [-90.85539113731696, 19.223419804863823], [-90.85466135052852, 19.224700192732907], [-90.85565696392985, 19.224997877473683], [-90.85565220458052, 19.22532148477534], [-90.85368210671122, 19.2247258699394], [-90.85365293924187, 19.224976685164588], [-90.85413042891807, 19.225423951359534], [-90.8552809619291, 19.225812351425414], [-90.85531071095778, 19.226072910524618], [-90.85399779967777, 19.22549954215248], [-90.85247435775425, 19.226471196586097], [-90.84439770413097, 19.233414133650697], [-90.84227047111855, 19.23571269536717], [-90.83795174701905, 19.23936397895295], [-90.83407861137565, 19.243114479809233], [-90.83039787315285, 19.245991745619783], [-90.8260196735096, 19.2498583670462], [-90.81882326416505, 19.254916435503738], [-90.81279335700339, 19.259659102235663], [-90.79714042573853, 19.27112650831169], [-90.79033619694373, 19.27685473402455], [-90.77767048767785, 19.28810693744203], [-90.76825404515883, 19.297209587970254], [-90.76829623576901, 19.297743297575227], [-90.76786621028896, 19.297735546126468], [-90.76564753247362, 19.299772963920347], [-90.76257894510574, 19.303001236452243], [-90.76297965735033, 19.303517723372803], [-90.76248050521676, 19.303208514795408], [-90.76224701760377, 19.303351198590175], [-90.76207574083645, 19.303617532262308], [-90.7623923322122, 19.303930123430135], [-90.76193858739171, 19.30371278371711], [-90.75831414171893, 19.307702078646543], [-90.74891818420988, 19.319256616987566], [-90.74776142051003, 19.321035369702454], [-90.74834119347763, 19.321494065571585], [-90.74869550156774, 19.321061162783007], [-90.74839852548718, 19.32159304811982], [-90.74767775718135, 19.321174879441294], [-90.74742444704351, 19.321394298319685], [-90.74358224230069, 19.326273650455068], [-90.74049964685128, 19.32958386547347], [-90.73649298110901, 19.336033976023906], [-90.73441661627815, 19.3399883182226], [-90.73413420080962, 19.340630390200417], [-90.73431968871508, 19.340716377832674], [-90.73411165831516, 19.340656462678734], [-90.73371688725372, 19.34124600588988], [-90.73264257518149, 19.34333256099088], [-90.73225519181813, 19.344505244731153], [-90.73157396728739, 19.345523145857822], [-90.7304236722318, 19.348599032572906], [-90.73023471648243, 19.34862930704519], [-90.72806351238854, 19.353079599318924], [-90.72840339372817, 19.3532085423434], [-90.72860185670453, 19.353330758714737], [-90.72857095794116, 19.353391305311742], [-90.72803736742551, 19.353143509977702], [-90.72731707869576, 19.354346334004834], [-90.72760783122567, 19.354525516875675], [-90.72731905793381, 19.35494056271726], [-90.72757658935201, 19.35453568379393], [-90.72729783449141, 19.354359071654834], [-90.72694634876176, 19.354903456308143], [-90.72731162667473, 19.355017908614915], [-90.72693796117315, 19.354925026062368], [-90.72650314486768, 19.35552053643778], [-90.72613173986903, 19.356311657594283], [-90.7263754020255, 19.35642147703627], [-90.7261197728436, 19.356337268980806], [-90.72589569671203, 19.35675899528273], [-90.72611650944441, 19.356885401554923], [-90.72630799608451, 19.356623213820086], [-90.72641719708825, 19.35654361826252], [-90.72611857033667, 19.356921620758914], [-90.72577227927607, 19.35686152287749], [-90.72524249112705, 19.357637462408626], [-90.72529763314296, 19.358010602042118], [-90.72456129627918, 19.35834657245228], [-90.72325735070038, 19.35823997232978], [-90.72266276600433, 19.358913789909106], [-90.72203583961216, 19.36530330929346], [-90.72235910303873, 19.365735506071385], [-90.72255040593932, 19.369484586349124], [-90.72382405023095, 19.376417599801446], [-90.72444697573377, 19.376604833973527], [-90.72514973118214, 19.378324916372666], [-90.72582894370001, 19.38595442960991], [-90.72515428000865, 19.40117855600101], [-90.72440019702192, 19.40462628546609], [-90.72320017928142, 19.4079353450467], [-90.7153273097459, 19.423068298289767], [-90.71298619687296, 19.42969446236634], [-90.7120329381153, 19.433466783570736], [-90.7117949916377, 19.436207918091185], [-90.71154276743799, 19.436322131152707], [-90.7104042612069, 19.43950506354874], [-90.71038998417181, 19.440411638547882], [-90.70977720990102, 19.442584872913596], [-90.70963443809539, 19.4445027246026], [-90.71029482161488, 19.44660123411788], [-90.70948215563557, 19.449975478034133], [-90.70873024456766, 19.4518695330706], [-90.70882780977257, 19.452339236557698], [-90.70863579466041, 19.452427037801968], [-90.70821628220409, 19.454996141698825], [-90.70685205696174, 19.458238157452605], [-90.70654353167137, 19.459763159209313], [-90.70687766535515, 19.46005919845621], [-90.70656851845337, 19.460087950713746], [-90.70639043741207, 19.460451058770413], [-90.70663276184276, 19.460484133595408], [-90.70667720023079, 19.46071242476835], [-90.70637578255972, 19.46057693075625], [-90.70643734635685, 19.461062679232093], [-90.70620088847781, 19.461001666955443], [-90.70620892182879, 19.46130253231837], [-90.70595738074275, 19.461388563331266], [-90.70607005057607, 19.461663079552263], [-90.7065395399239, 19.461674501580248], [-90.70713202600557, 19.463133587184824], [-90.70702046897634, 19.464388329768518], [-90.70732089999197, 19.46570085555677], [-90.70717970912872, 19.466238380756625], [-90.7077102345737, 19.46800196449653], [-90.70700839239645, 19.469777969054853], [-90.70691930219931, 19.471348438368462], [-90.70510758137017, 19.475818493332653], [-90.7042632774104, 19.478539691049416], [-90.70323304100334, 19.48381205550747], [-90.70295640830216, 19.48657481417945], [-90.70300815456436, 19.48846250472369], [-90.70394241683842, 19.499620593715132], [-90.69849288810529, 19.498648353097202], [-90.69869389713246, 19.494823950811423], [-90.68548623383462, 19.492221491873455], [-90.68576566325066, 19.491953508600783], [-90.68366849856787, 19.490887910977058], [-90.68081301713029, 19.49173613832641], [-90.66485695423543, 19.490084005264535], [-90.65396849447336, 19.48851438311552], [-90.65317243010983, 19.4890296822493], [-90.63846918961774, 19.486892017316045], [-90.6380075782097, 19.488217688910296], [-90.63802567762345, 19.49103569263018], [-90.63426262565007, 19.49127002683954], [-90.62651207686977, 19.494446841615193], [-90.6180179929905, 19.495232351268896], [-90.60348897490192, 19.49804691047037], [-90.60453560207888, 19.503689884237694], [-90.60615921171654, 19.516499332697116], [-90.60602033334001, 19.5186993095522], [-90.60934845953443, 19.53197056754805], [-90.61446033840978, 19.539640333511354], [-90.5945368004484, 19.539590264001117], [-90.59056409173029, 19.5482503483234], [-90.591077762238, 19.55508055359962], [-90.59116488042136, 19.5661899539958], [-90.58923798035634, 19.566193299925576], [-90.58962726559221, 19.569959942782734], [-90.56593996388656, 19.56964214720982], [-90.56572688043883, 19.58384462851791], [-90.56761675373451, 19.58386943087276], [-90.56756990755044, 19.592395013785957], [-90.56668372847588, 19.592295871002246], [-90.56711387297646, 19.59912911288273], [-90.55095155457909, 19.60894601096057], [-90.510963441285, 19.617454528798255]]]}}, {"type": "Feature", "properties": {"CVEGEO": "04005", "CVE_ENT": "04", "NOMGEO": "Campeche", "CVE_MUN": "005", "NOMMUN": "Hecelchakán", "cov_": 24, "cov_id": 25}, "geometry": {"type": "Polygon", "coordinates": [[[-90.12616115083259, 20.267724502571003], [-90.09236047663266, 20.264918627463505], [-90.09350998627792, 20.26096514479195], [-90.08802967869667, 20.25868613619214], [-90.08962491946112, 20.256516342826156], [-90.08930741846015, 20.256086053672313], [-90.06886408388345, 20.25288021941257], [-90.06803145771573, 20.23177723829853], [-90.06770818399762, 20.231649964368746], [-90.06349484993669, 20.21541063599721], [-90.06142246971991, 20.215468477733488], [-90.06199434293944, 20.211162067949203], [-90.05424592516384, 20.208266049899617], [-90.05274147452481, 20.20616695277254], [-90.04105948200258, 20.20856443429212], [-90.04099269005157, 20.20744961226168], [-90.02988248076629, 20.205579687700524], [-90.03022905372002, 20.176630666968997], [-90.0275068905212, 20.174849899474513], [-90.02530132377234, 20.171352205323316], [-90.0199386131231, 20.170225250414497], [-90.01914035638588, 20.171003669335988], [-89.99736847285781, 20.168450723001634], [-89.99833387831657, 20.178272062701133], [-89.99772509547188, 20.194195918781897], [-89.99670129903124, 20.20276974515746], [-89.99614222013506, 20.213072670787437], [-89.9801284395519, 20.212761839098345], [-89.98095847816155, 20.225106894077527], [-89.96205466714761, 20.21631634237452], [-89.96127796229507, 20.230863183632373], [-89.93532562068589, 20.225991280122134], [-89.93837931184486, 20.210817664705992], [-89.94079655013692, 20.19579214305999], [-89.96500586060382, 20.157430137410802], [-89.88976355870447, 20.1388293484189], [-89.90205310015666, 20.1158086460784], [-89.85553207097009, 20.112753032047173], [-89.85643211989203, 20.10367467923912], [-89.85891254993201, 20.06741953929242], [-89.86115083004918, 20.067519619658803], [-89.86607851042683, 20.062474769012553], [-89.86682538009148, 20.042490109632492], [-89.86803258046092, 20.021076879444443], [-89.90507303032118, 20.024075259717986], [-89.9077268304922, 19.984940549099374], [-89.9104442602638, 19.98058833905576], [-89.90997581974885, 19.97103521929413], [-89.91706895026104, 19.970630509570487], [-89.91795786017704, 19.958896619522825], [-89.92250976990724, 19.958536739758777], [-89.92231097984379, 19.94537479967331], [-89.90267824976178, 19.945239119167738], [-89.9046135403216, 19.920158749648333], [-89.9131027195609, 19.920299049509524], [-89.99999397994621, 19.91687776957085], [-90.00856473968632, 19.9163921992485], [-90.00841255000958, 19.925878019293382], [-89.99663582978037, 19.925732279576827], [-89.99658226048173, 19.92924310910249], [-89.99120142966285, 19.92947231914243], [-89.99181242044786, 19.943950849252204], [-90.00149682041842, 19.944385029571503], [-90.00091347967125, 19.955931619267552], [-90.00180309024041, 19.956231569143405], [-90.00068186009757, 19.96841696897701], [-90.01333357989621, 19.968544029398068], [-90.02108637045976, 19.9682517194155], [-90.02030611010711, 19.98149328941775], [-90.00705008045534, 19.981484659684945], [-90.00143377009555, 19.983019819049275], [-89.99988908991796, 19.995506029559035], [-90.00968494000519, 19.995639079772648], [-90.00978613977964, 19.994700999039893], [-90.042291980057, 19.99884933929057], [-90.04235265028166, 19.993262919253834], [-90.05504248961125, 19.993710798951977], [-90.0713367997463, 19.99132156959491], [-90.07722157041039, 19.99999639935746], [-90.08722278037109, 20.013764229741593], [-90.09785108951182, 20.02145762953879], [-90.10898145994017, 20.031026349483405], [-90.11257822981392, 20.036433579651366], [-90.13139342029946, 20.028043859181825], [-90.15551577979579, 20.023245569464546], [-90.16017051950865, 20.00857925964309], [-90.17712240027546, 20.011284879622867], [-90.1791410504501, 20.04467350939258], [-90.17653403003564, 20.074589919617413], [-90.20162461984211, 20.077400429317322], [-90.20248519951149, 20.073183109782608], [-90.20954814958488, 20.07421177965913], [-90.23573648023137, 20.077282449164397], [-90.24298627995428, 20.07425416927432], [-90.25504908005367, 20.0740379394265], [-90.25827034043438, 20.072080279138774], [-90.26645983006837, 20.072991139677033], [-90.26300952035038, 20.081233509515478], [-90.30071426041624, 20.095369659375095], [-90.30036488039293, 20.100500629510588], [-90.30644451987585, 20.110707829688433], [-90.36481314033718, 20.111524949401286], [-90.36031035016921, 20.11733890983785], [-90.36672342001414, 20.12755214933115], [-90.37672094001277, 20.127651889450416], [-90.3946581103423, 20.1394098891094], [-90.40786031045874, 20.12302784956408], [-90.44010495032178, 20.124739629050357], [-90.438712400168, 20.140694999710323], [-90.48882508061682, 20.14242904833841], [-90.48900867200301, 20.143697486956302], [-90.48879753627627, 20.14449868159632], [-90.48902969768717, 20.144064603233215], [-90.48939240070793, 20.144257761863287], [-90.4898534208218, 20.14407930452814], [-90.49046895612847, 20.14503129286428], [-90.49132434246042, 20.148446117421262], [-90.4921303848135, 20.148945804796405], [-90.49261656752968, 20.150762612424483], [-90.4926195432477, 20.151518091549622], [-90.49311327583482, 20.151830394489213], [-90.49368365848316, 20.15287433471599], [-90.49414169920401, 20.156238886508348], [-90.494490392522, 20.156288912790437], [-90.4949062045959, 20.15689702043965], [-90.49479972505087, 20.158254940214103], [-90.49515069404069, 20.16009902221778], [-90.49478187573641, 20.161725978753854], [-90.49438926608953, 20.162002598419956], [-90.49404050191687, 20.162824951797273], [-90.49387767777542, 20.16281458220078], [-90.4938211628063, 20.163540321778015], [-90.4922595523453, 20.164966749945435], [-90.49021628569014, 20.167320694317244], [-90.489303939983, 20.169065399416578], [-90.48846143546255, 20.169988660964496], [-90.48388989262482, 20.171291412892874], [-90.48291431571953, 20.17189520376122], [-90.48268479408051, 20.172285835008758], [-90.48202747036567, 20.172333423562257], [-90.48122175197358, 20.172966291977673], [-90.47983473570305, 20.173428834917896], [-90.47965605994243, 20.173778454313712], [-90.47969770145535, 20.174593419394654], [-90.48013876948791, 20.176057273185958], [-90.47985066198893, 20.17675103146464], [-90.47945091281363, 20.176751026876886], [-90.47923755345195, 20.17699716285845], [-90.47897707265649, 20.177861641085844], [-90.47967425511509, 20.179141791158543], [-90.47965691707505, 20.180268954175908], [-90.47914235137686, 20.18023920856693], [-90.47863969057651, 20.179697886609922], [-90.4785299119939, 20.179815413204672], [-90.47951874905006, 20.180661768694318], [-90.47957957977434, 20.181509250976745], [-90.4793602082162, 20.181747896712487], [-90.47913640429678, 20.18162821799119], [-90.47882409651461, 20.18181858200924], [-90.47820247130382, 20.182895281150177], [-90.47820424048422, 20.183300798870693], [-90.47744324919046, 20.18425727024937], [-90.47764019243974, 20.184654237912614], [-90.47745293874304, 20.185575150753593], [-90.47805986985583, 20.18645925402384], [-90.47919589550773, 20.18738948823512], [-90.47929999661189, 20.18769881783595], [-90.47896787244272, 20.18860124462388], [-90.47946655750772, 20.18921869782726], [-90.47908584644145, 20.18995931374011], [-90.47836010910322, 20.190417358618493], [-90.47806164694383, 20.190999913214867], [-90.47787843012682, 20.191406098830324], [-90.47794338451853, 20.19223323500477], [-90.47846580592251, 20.192660605656712], [-90.47838252523279, 20.193333992392304], [-90.47913938053173, 20.19432264290615], [-90.47874280040645, 20.19494467132941], [-90.47940706951856, 20.196068576042915], [-90.47914871056416, 20.196443948385912], [-90.4792557867921, 20.19742428598568], [-90.48016474115967, 20.19930168020471], [-90.48067156580133, 20.199689533118487], [-90.48042861214803, 20.199921244875263], [-90.4803746098681, 20.20052829367293], [-90.48062059696437, 20.20130636535286], [-90.48011404159108, 20.201533723680086], [-90.48072867406323, 20.20261650847241], [-90.48071577501453, 20.202983881950487], [-90.4796479892178, 20.2037839733642], [-90.47889744021882, 20.204951235439225], [-90.47843587403796, 20.20515369746067], [-90.47981412759329, 20.206924515870817], [-90.47936203560613, 20.208030965286788], [-90.4803882939329, 20.208421219347425], [-90.47991455259688, 20.20785297242239], [-90.48069631309419, 20.206830057396292], [-90.48052356449656, 20.206571648241194], [-90.47968123483447, 20.20624899309678], [-90.47931979481717, 20.205800667668186], [-90.47927862955919, 20.20527817315622], [-90.47969066516505, 20.204838227572907], [-90.48047216826431, 20.20427737101702], [-90.48166960584649, 20.204212097925424], [-90.48201976858914, 20.203593514103396], [-90.48338478541703, 20.203993514966065], [-90.48476519146395, 20.203809093538503], [-90.48557611095144, 20.204265950646537], [-90.48575235037751, 20.205055352572682], [-90.4865867291874, 20.20571872447939], [-90.48654351725786, 20.20593872533413], [-90.48674734921765, 20.206004533627972], [-90.48653459034317, 20.206480052675566], [-90.48690377011137, 20.206551657056018], [-90.48678392575613, 20.207159850310877], [-90.48737204922364, 20.207929849975812], [-90.48725735784001, 20.208237878181528], [-90.48754336513984, 20.20831436940938], [-90.48744065693474, 20.209070082561276], [-90.48707889541933, 20.20932706034691], [-90.48690936240246, 20.2097696576757], [-90.4872276165455, 20.209971915329202], [-90.48701423852644, 20.210022495310362], [-90.48707591665857, 20.21084339022839], [-90.48657921280575, 20.211212206243363], [-90.48686116785451, 20.21159629173161], [-90.48675469707358, 20.211804101663862], [-90.48604383424262, 20.211804096556214], [-90.4859505081042, 20.211550674138287], [-90.48551737603452, 20.211875487451557], [-90.48501174219574, 20.21192307728021], [-90.48374169870301, 20.21155722573515], [-90.48250216838396, 20.209903365774476], [-90.48128203862873, 20.209762269905386], [-90.48063627424678, 20.208560239777107], [-90.48048464103336, 20.208903327667027], [-90.48099265538713, 20.21007758524284], [-90.48148667124674, 20.21014774110872], [-90.48135342813184, 20.210452312182834], [-90.48183408045426, 20.21044755340792], [-90.48214346412554, 20.210640703157406], [-90.353752200318, 20.252808339427478], [-90.3530420001252, 20.25750087918963], [-90.2856567804169, 20.250095659070883], [-90.28030298017512, 20.249334569684326], [-90.27792687992195, 20.255679379068077], [-90.25422124983174, 20.251317149565878], [-90.25483065986205, 20.2471148593716], [-90.24264688914965, 20.245643110483282], [-90.24127381997076, 20.263824049022574], [-90.21906647974477, 20.261083749083525], [-90.2176925495497, 20.27145091925091], [-90.20534545010659, 20.270751219555578], [-90.21087426018619, 20.227341749672448], [-90.157831919518, 20.221888649551378], [-90.15516651993529, 20.23686604915553], [-90.15652188008588, 20.242589799159806], [-90.16031093996203, 20.246995489205798], [-90.15781901985441, 20.253608349335735], [-90.15034748010976, 20.248774549714405], [-90.13456087959092, 20.254050599345444], [-90.13500583028897, 20.265161428994976], [-90.13188234975811, 20.265124889048128], [-90.1266694496019, 20.2641447393872], [-90.12616115083259, 20.267724502571003]]]}}, {"type": "Feature", "properties": {"CVEGEO": "04006", "CVE_ENT": "04", "NOMGEO": "Campeche", "CVE_MUN": "006", "NOMMUN": "Hopelchén", "cov_": 29, "cov_id": 30}, "geometry": {"type": "Polygon", "coordinates": [[[-89.80250527948444, 20.201605080342585], [-89.80287085995545, 20.16490660153739], [-89.79397478013495, 20.136171940954895], [-89.78784381949556, 20.14444797097733], [-89.77823448029098, 20.150965321490663], [-89.77345317997965, 20.15308414006655], [-89.75278666023475, 20.176548739900294], [-89.74847416971274, 20.179269720180613], [-89.59870388962119, 19.998197378984912], [-89.60467007871873, 19.938284968861044], [-89.59584174941452, 19.937422049063333], [-89.59744588023865, 19.92112234029459], [-89.58681033979782, 19.92046002917878], [-89.5874997497335, 19.874420049403053], [-89.57175751039318, 19.852955289252574], [-89.57742985999417, 19.853508859472463], [-89.54967868005174, 19.816219228978063], [-89.53613008964106, 19.797458029819943], [-89.52567236987791, 19.775554649281194], [-89.51510851994864, 19.77426627921009], [-89.5062558196522, 19.773763229346937], [-89.50455757963333, 19.773446879264213], [-89.47590946031897, 19.77122020070162], [-89.47914943037625, 19.74064554964736], [-89.49166182035256, 19.7422284495783], [-89.47992974959298, 19.716553218957255], [-89.47722008017159, 19.711054949634498], [-89.46829548026335, 19.700161289531064], [-89.4481129899848, 19.69835351019486], [-89.41247851961873, 19.64937628902995], [-89.14666685026805, 19.423861649570725], [-89.14696067972751, 19.26199377980092], [-89.14695143021443, 19.133156659480093], [-89.13581978011698, 19.132372659290528], [-89.14712175032703, 18.99504557929864], [-89.14860154979661, 18.877307059165226], [-89.20692340033295, 18.87555579975703], [-89.22891187974604, 18.872962348949876], [-89.2359591200803, 18.927028819744006], [-89.23349677018314, 18.956479999884223], [-89.30108370975887, 18.95326997927287], [-89.36903255004869, 18.957082539572436], [-89.41428257020848, 18.95522710925754], [-89.47712077009751, 18.952231459826137], [-89.47696355027095, 19.000000169458232], [-89.47968477016782, 19.13446844899273], [-89.48213310954517, 19.1345130292978], [-89.4805494803895, 19.152645579460145], [-89.57571226039266, 19.162022539059826], [-89.58435213969015, 19.098156119289175], [-89.58810990954666, 19.05999719965634], [-89.61428160047797, 19.059902909356385], [-89.69397395043933, 19.06313257913236], [-89.77227447977737, 19.064831249258376], [-89.77754897976996, 19.03183291946747], [-89.92982172049513, 19.024767259178752], [-89.92205736982102, 19.216294429443728], [-89.91277633984069, 19.29584841967813], [-89.86525877021367, 19.29393524972678], [-89.86113866018026, 19.372910579154105], [-89.86440875011323, 19.411208489544833], [-89.92378355006407, 19.405111489323033], [-89.96587005002013, 19.4259078792393], [-89.96396698013645, 19.429500569390576], [-89.97071803022428, 19.4346989192914], [-89.96879430991802, 19.439814879442828], [-89.9794788001632, 19.446769739164292], [-89.98197685028839, 19.461868659677354], [-89.99042478035258, 19.46340748928395], [-89.98884675044678, 19.474358119244197], [-89.98052420036429, 19.471148319780337], [-89.98525678035251, 19.503390489369917], [-89.95709531029082, 19.507225549005796], [-89.94996162954557, 19.536175979450068], [-89.98570384989284, 19.548537079407165], [-89.9857991502254, 19.54709587901742], [-89.99253497028738, 19.547675219213588], [-89.99842329039294, 19.601532679513895], [-90.00192486016826, 19.60204427969658], [-90.01012243017409, 19.632159829660754], [-89.98700330960465, 19.64015002971037], [-89.9834463097127, 19.66941425907118], [-89.99264389024356, 19.67038844958353], [-89.99051708031294, 19.675219519151565], [-90.00363932031732, 19.67679516951685], [-90.00402718021347, 19.684120779358857], [-90.01208772015782, 19.68680796910328], [-90.00588636988503, 19.693860879331737], [-90.0089703796892, 19.6939459091977], [-90.03479894987852, 19.665847539778525], [-90.07060594033301, 19.676683229514868], [-90.07124383032044, 19.675752599225294], [-90.08566957046897, 19.67772365931859], [-90.06118432017685, 19.726781689114663], [-90.05765666021586, 19.724399169812088], [-90.04205028971806, 19.753209249089586], [-90.03129385032086, 19.774357259180487], [-90.0363833197392, 19.77838524966713], [-90.051806059713, 19.789125919299014], [-90.05867468973663, 19.790686118993285], [-90.06587142965599, 19.791041248947344], [-90.05528423046313, 19.82218442901461], [-90.02409534034629, 19.811385779352275], [-90.02368563001005, 19.803956489834157], [-90.02057568960561, 19.796473599504278], [-90.01922425011747, 19.794153489669384], [-90.01987497975529, 19.78714997918969], [-89.9999999497681, 19.785144229649017], [-89.99857457982657, 19.80839330923236], [-89.99720826006707, 19.84277917903343], [-89.99671229027089, 19.849109999059834], [-90.00444543025667, 19.839774309482678], [-90.03599785995114, 19.844887889841008], [-90.03608871964448, 19.902903309395093], [-90.00771562045422, 19.892252829497803], [-89.99355281981539, 19.890109739727908], [-89.99352611000349, 19.903556109238888], [-89.99981954957492, 19.90358157894047], [-89.99999397994621, 19.91687776957085], [-89.9131027195609, 19.920299049509524], [-89.9046135403216, 19.920158749648333], [-89.90267824976178, 19.945239119167738], [-89.92231097984379, 19.94537479967331], [-89.92250976990724, 19.958536739758777], [-89.91795786017704, 19.958896619522825], [-89.91706895026104, 19.970630509570487], [-89.90997581974885, 19.97103521929413], [-89.9104442602638, 19.98058833905576], [-89.9077268304922, 19.984940549099374], [-89.90507303032118, 20.024075259717986], [-89.86803258046092, 20.021076879444443], [-89.86682538009148, 20.042490109632492], [-89.86607851042683, 20.062474769012553], [-89.86115083004918, 20.067519619658803], [-89.85891254993201, 20.06741953929242], [-89.85583168977317, 20.110177089362523], [-89.84345315455377, 20.20927505855945], [-89.80250527948444, 20.201605080342585]]]}}, {"type": "Feature", "properties": {"CVEGEO": "04007", "CVE_ENT": "04", "NOMGEO": "Campeche", "CVE_MUN": "007", "NOMMUN": "Palizada", "cov_": 35, "cov_id": 36}, "geometry": {"type": "Polygon", "coordinates": [[[-92.07618209024795, 18.589100799275517], [-92.0762283198133, 18.587976109238376], [-92.0749232295846, 18.5859147395811], [-92.07417295015487, 18.585583259558973], [-92.07301280009925, 18.58460567930078], [-92.07225031996188, 18.583307509122815], [-92.07113846040995, 18.582519059040497], [-92.07055691981387, 18.581667379013734], [-92.06998164986193, 18.580431349872686], [-92.07022468951071, 18.579530579789918], [-92.07008588005648, 18.57860617904363], [-92.07110644960892, 18.57778962915941], [-92.07103103028783, 18.576447229206533], [-92.07148592047078, 18.575662749427384], [-92.07161521985238, 18.574853619025774], [-92.0724991500612, 18.574758479615898], [-92.0731947498098, 18.57444065928103], [-92.07354543036176, 18.57329545990924], [-92.07399216992644, 18.57281354962624], [-92.0746332195677, 18.57273816901886], [-92.07491662015362, 18.573432289276216], [-92.07578120020906, 18.57392810977872], [-92.07948191046478, 18.572699419401058], [-92.07969564991365, 18.57181933937014], [-92.07820647998058, 18.57114002910271], [-92.0775823198898, 18.570474689153492], [-92.0772723099698, 18.568055599090076], [-92.07646384959594, 18.566555169785165], [-92.07686999952767, 18.565893229715286], [-92.07679840029643, 18.56424297934325], [-92.07747733980143, 18.564082449144514], [-92.07770655035135, 18.564439939324494], [-92.07899617957409, 18.564860349776673], [-92.08002924956806, 18.563605489615536], [-92.08040368972564, 18.561981829207188], [-92.08041861973999, 18.56119062933106], [-92.07983588982779, 18.558278599791983], [-92.07940738012806, 18.5578119195474], [-92.07849792036053, 18.555857169636987], [-92.07827651044394, 18.55395165972679], [-92.07805593970967, 18.553831569837268], [-92.07817855008564, 18.553631149135022], [-92.0773029200627, 18.551252919701035], [-92.07802802034529, 18.551269979717706], [-92.0772922199309, 18.55061339939953], [-92.0773306203633, 18.55045954934574], [-92.07929242962463, 18.549843849181393], [-92.08258545970725, 18.54079033970539], [-92.03546177017842, 18.530512479179226], [-92.03575664980298, 18.531437999575676], [-92.03549357042321, 18.53184111937347], [-92.03467154029556, 18.531219309517816], [-92.03342521980782, 18.53122591977627], [-92.0317948300313, 18.5298223796339], [-92.0306590299727, 18.528525689488006], [-92.02985095005431, 18.528385719176278], [-92.02890352004245, 18.525692339009783], [-92.0282395698711, 18.525819679181904], [-92.02787626039208, 18.525508289111198], [-92.02768264980317, 18.526250719115648], [-92.02735178001065, 18.526191179298873], [-92.02656563047015, 18.526741249452577], [-92.02616408041554, 18.52672264981493], [-92.02532081989065, 18.52717827921155], [-92.02259941976865, 18.530862369628817], [-92.02158794010568, 18.531100229418442], [-92.02108191038988, 18.530227909568364], [-92.02009723003397, 18.5302976291187], [-92.01928605970879, 18.531272999750065], [-92.0187130001112, 18.531209349699367], [-92.01778897020131, 18.531699539408077], [-92.0171920801078, 18.531211379708402], [-92.01632600014125, 18.531117829593924], [-92.01568782039469, 18.530752649647845], [-92.0145370797605, 18.530842709052582], [-92.01425108983723, 18.531337079129106], [-92.01447245033246, 18.532592709637292], [-92.01379552042911, 18.534055449162405], [-92.01381697983953, 18.536709749124284], [-92.0135587703955, 18.537046949159958], [-92.01350765025023, 18.53773493921296], [-92.01321282976414, 18.53786791930822], [-92.01055268957683, 18.536706769748413], [-92.01162140026476, 18.52978594972928], [-92.01024901989187, 18.524753968980164], [-92.00888431032773, 18.523222049526858], [-92.00608890970071, 18.521515079652936], [-92.0003373103189, 18.519796799416763], [-91.9992263396101, 18.518493149088993], [-91.99708226039301, 18.517681619131164], [-91.99513934997132, 18.51573017984264], [-91.99422868026845, 18.51519959983235], [-91.99294290968813, 18.51495170909615], [-91.98946453972157, 18.5152873097518], [-91.98755214981666, 18.515146319796532], [-91.98331075016499, 18.51430007961567], [-91.98115608963386, 18.514557349121688], [-91.98035300041596, 18.514454229480563], [-91.97974620031489, 18.513995709517648], [-91.97933128034518, 18.5129548594113], [-91.97942870958154, 18.511992579295427], [-91.97968686025156, 18.51155716983528], [-91.97901557045283, 18.51112954972499], [-91.97821319998197, 18.51183374972155], [-91.97602006041436, 18.512351059501054], [-91.97593665003244, 18.512028819302195], [-91.97630078013337, 18.51163636906881], [-91.9766910198583, 18.51050977905143], [-91.9755862299867, 18.50963137941392], [-91.97575303047849, 18.51080328911422], [-91.97551506008999, 18.51151882906061], [-91.97458237987078, 18.512378429280716], [-91.97420727992113, 18.51420004915767], [-91.97292836954045, 18.51522868943777], [-91.97041913986754, 18.5144071994127], [-91.9689575199007, 18.514745749707505], [-91.96677681987096, 18.513815059140885], [-91.96378287988288, 18.51355331933991], [-91.96296505953866, 18.51360122931476], [-91.9618892297392, 18.514092849646175], [-91.96047768953483, 18.515657079652684], [-91.96000068960886, 18.51804085949031], [-91.96050620022127, 18.51878136961263], [-91.96050298030731, 18.519312289651648], [-91.95964538025785, 18.52154534986236], [-91.95843440040788, 18.521635229325423], [-91.9581040195638, 18.52197991915606], [-91.95703464967721, 18.522393149828833], [-91.9550004603321, 18.52240428971732], [-91.95400867987694, 18.521951979582767], [-91.95083984972828, 18.52317254972452], [-91.94966244964725, 18.523987539149402], [-91.94929470973628, 18.52468965931187], [-91.94821456983216, 18.52572094930223], [-91.94727205982973, 18.528329089617678], [-91.94719868005686, 18.528814919337677], [-91.94743304983395, 18.529059459668005], [-91.94655501991049, 18.530140859583483], [-91.94474031959973, 18.530923089126052], [-91.94397256981706, 18.531506689082573], [-91.94320755008074, 18.531642979506984], [-91.94162077007432, 18.531273229082586], [-91.93908542019823, 18.53138228953092], [-91.93855694038514, 18.531798459475258], [-91.93851988953374, 18.53284236973491], [-91.93802563023706, 18.533299819838334], [-91.93717448033702, 18.53291697972932], [-91.93696851023782, 18.531370769552726], [-91.93607378043382, 18.531061649861805], [-91.93573665964946, 18.53120768897594], [-91.93500520029336, 18.53237879969716], [-91.93496719973226, 18.53294564950723], [-91.93528026017749, 18.533723149194504], [-91.93489497047541, 18.53468253909737], [-91.93347388013538, 18.535581739795326], [-91.93010831975906, 18.536906199011554], [-91.92800956970724, 18.538613089540785], [-91.92702390973567, 18.539059509104803], [-91.92609129023853, 18.53929576979292], [-91.92420931027603, 18.538798829148153], [-91.92125509039171, 18.538689939075855], [-91.9201256904421, 18.538107049520598], [-91.91937907979674, 18.537105679594593], [-91.91850677006684, 18.536913049243932], [-91.91595177991297, 18.538173709617087], [-91.91247697040117, 18.539049379793806], [-91.91107245041076, 18.53963251957324], [-91.90968978022067, 18.54065867952705], [-91.90876111010249, 18.541043369627108], [-91.90356973962493, 18.541659769823315], [-91.90165830998481, 18.542206549283407], [-91.90065197038841, 18.54273625964999], [-91.89933917999726, 18.544332599447426], [-91.8979509702116, 18.544999548995378], [-91.89796800011182, 18.544786179414373], [-91.89655875017112, 18.54468054949043], [-91.89537734982639, 18.54404082950727], [-91.89382074979113, 18.54217196959282], [-91.89321925013782, 18.541677379637253], [-91.892979910473, 18.541692969017443], [-91.8923168900509, 18.54083654935121], [-91.89135430994963, 18.54013816958748], [-91.8902112903639, 18.539942539605285], [-91.88958736972951, 18.539463619283858], [-91.88893131953301, 18.539481849417335], [-91.88780105977715, 18.538659509305443], [-91.88740559957328, 18.538842349769464], [-91.88695119965124, 18.53833904929363], [-91.88601846009922, 18.53840244928105], [-91.88566854954817, 18.537991459333455], [-91.88533763039028, 18.538098309589408], [-91.88469286007107, 18.537527479837966], [-91.8843852298356, 18.53770491909493], [-91.88415079968745, 18.537323059783162], [-91.88328441966236, 18.53748668919539], [-91.88307462986124, 18.537303339491803], [-91.88315839990098, 18.537069909415358], [-91.8825892295465, 18.536595139361534], [-91.8821210899729, 18.53672151950624], [-91.88201605964413, 18.536438769188006], [-91.88115713983444, 18.535887649783877], [-91.8802352802858, 18.535655579769596], [-91.87970739997932, 18.53577448973067], [-91.87902425005484, 18.53527091944633], [-91.87878792041916, 18.5354588591183], [-91.87859552006718, 18.53488888969053], [-91.87741775019224, 18.53396948953126], [-91.87665945030825, 18.533740089202517], [-91.87652671955928, 18.533931139715776], [-91.87618978045819, 18.533738849292785], [-91.87583138038987, 18.533836419367876], [-91.87529002976986, 18.533576119662193], [-91.87499195022225, 18.53375145959288], [-91.87466464963491, 18.533065889132452], [-91.8743980599241, 18.533245459448842], [-91.87403242996422, 18.53248917959336], [-91.87348890958782, 18.5321342496755], [-91.87313449044996, 18.531945709361494], [-91.8725499498805, 18.531988579649383], [-91.87176825010005, 18.531507799617977], [-91.87125250998598, 18.53163213928103], [-91.86919553957647, 18.530976059553954], [-91.86541544999173, 18.528240479035002], [-91.86375123014248, 18.52740188972575], [-91.86176003044358, 18.526711749557606], [-91.86055182975694, 18.52659984965933], [-91.86040782986788, 18.526911969037243], [-91.85992434025763, 18.527106289423518], [-91.85965473968714, 18.52768396959521], [-91.8590160602566, 18.527638149188032], [-91.85881032014035, 18.52706130967], [-91.85847502038645, 18.526778939649176], [-91.85799978041527, 18.526594819049087], [-91.8571786903904, 18.526655489170903], [-91.85723030974967, 18.525973599128143], [-91.8574420303408, 18.525910249234226], [-91.85759677988464, 18.52539601948088], [-91.85751758021976, 18.52455431955009], [-91.85651385989533, 18.52224831977243], [-91.85584193965245, 18.52189211982661], [-91.85555952039157, 18.521499749326825], [-91.85480748026369, 18.52150816960008], [-91.85400565988945, 18.520936569757993], [-91.85283590981449, 18.52094277967909], [-91.85243025979075, 18.5215359395693], [-91.8520535197242, 18.521181629069954], [-91.8516126899077, 18.52123287911722], [-91.85206910961449, 18.520494449651537], [-91.8518891498653, 18.519856218978006], [-91.85153354016906, 18.519476139883903], [-91.85173901968987, 18.51934753921441], [-91.85177438005397, 18.51887136903405], [-91.85124634986767, 18.517847229028483], [-91.85182885970362, 18.517501369479056], [-91.8520787195655, 18.516690259752703], [-91.85185268965711, 18.515880919321003], [-91.851407080422, 18.51526894909932], [-91.85135522044479, 18.514702199787216], [-91.8516239099858, 18.513871349461915], [-91.85202333969853, 18.513517139035777], [-91.85237794029518, 18.51215636957156], [-91.8515214302759, 18.50992834909587], [-91.85041341988038, 18.508736599493126], [-91.85057605001091, 18.507719579637318], [-91.85038763009845, 18.507555719367264], [-91.85099181959086, 18.506205509378777], [-91.85199768992747, 18.505376659609443], [-91.85308704994642, 18.504995289254193], [-91.85854948984063, 18.50504639902099], [-91.85951499996114, 18.504898799674134], [-91.86025173958186, 18.504738049538417], [-91.8596831799229, 18.504211229147405], [-91.86102834018993, 18.503509859078967], [-91.86174994957817, 18.504127569336664], [-91.86077151960765, 18.504230279416287], [-91.86102446010422, 18.504622509414993], [-91.86180069000055, 18.504681178992087], [-91.86179724961815, 18.505081109287588], [-91.86139056986066, 18.504987249574608], [-91.86070491992916, 18.505122249034127], [-91.86040802962579, 18.50548002906523], [-91.85926957957125, 18.50554802903907], [-91.86000850976633, 18.50595554961588], [-91.86005451973999, 18.506204579761693], [-91.8606173701026, 18.506194309479394], [-91.86140387961392, 18.5066085693363], [-91.8619103796161, 18.50655054969514], [-91.86266637021528, 18.50823345958016], [-91.8632449200691, 18.50888491935122], [-91.86359804954547, 18.510399179515687], [-91.86306628037191, 18.510859509835136], [-91.86224997996894, 18.510619109017142], [-91.86219281962514, 18.511134659824503], [-91.86261989007403, 18.511903629490583], [-91.86285097981714, 18.511557579170642], [-91.86323073954392, 18.51149925961721], [-91.8638657198451, 18.511898059676067], [-91.86449865968561, 18.51399950948087], [-91.86517744976948, 18.51503119919995], [-91.86590355031848, 18.51567036940659], [-91.86869829018653, 18.517254059857578], [-91.86958705978489, 18.51738282908885], [-91.87024308017311, 18.5177400596271], [-91.87167828982099, 18.51782041915215], [-91.87202917976722, 18.517438259448145], [-91.87275998027368, 18.51730724981804], [-91.8752413201107, 18.515480689544557], [-91.87607894968801, 18.51527590981716], [-91.87675016961354, 18.51543682942454], [-91.8776458203733, 18.515106019067368], [-91.87804485003544, 18.51415417929201], [-91.87944710953752, 18.512494229571807], [-91.87998568974527, 18.51070862918501], [-91.88063914986172, 18.509482539050868], [-91.88061485959882, 18.5087599690613], [-91.87996536975908, 18.50512574929099], [-91.87927104967547, 18.504838769704808], [-91.87842342967849, 18.504067679637018], [-91.87721266021939, 18.503967059691043], [-91.87628648040645, 18.50333927953504], [-91.87554222008072, 18.503317509673437], [-91.87292067959416, 18.50221862985434], [-91.87146985975637, 18.50200411969192], [-91.87083726041679, 18.502141089625347], [-91.86952465994759, 18.501576169786333], [-91.86879822040743, 18.50177804901394], [-91.86822503003904, 18.5014092794484], [-91.8666664301135, 18.501002599289794], [-91.86617397962826, 18.501115029209686], [-91.86524731971899, 18.50091671973497], [-91.86461499966367, 18.501123139380688], [-91.863471179682, 18.49975773901757], [-91.86349981983521, 18.498727349310524], [-91.86321174034306, 18.49865016964689], [-91.86277508991235, 18.498647549278576], [-91.8622891800032, 18.50098450977873], [-91.86091979989175, 18.50271601933914], [-91.86048921976426, 18.503657459588936], [-91.85983624974075, 18.504067399655913], [-91.85889828031146, 18.504491919718227], [-91.85518980036721, 18.504470179321938], [-91.8530861699497, 18.504712879179873], [-91.85140690964596, 18.505519539294202], [-91.84884791952506, 18.50442844946784], [-91.84666250963924, 18.503779569441697], [-91.841685579693, 18.50302668958143], [-91.8407929097348, 18.50301481927299], [-91.84031545029129, 18.503823119456598], [-91.83909429004997, 18.504339489334043], [-91.83810122998636, 18.505110979342636], [-91.83805773955879, 18.504889449205074], [-91.83664749001703, 18.504068109811424], [-91.8365074301166, 18.503587579348], [-91.83478521963491, 18.50193459913632], [-91.83144991991632, 18.50016173934335], [-91.82767159961016, 18.499354179255487], [-91.82670280002881, 18.499373319748017], [-91.82583462962023, 18.49973682982136], [-91.82412407972228, 18.49853488918788], [-91.8237707499284, 18.498570279431004], [-91.82142996957018, 18.49775970903856], [-91.81760653982496, 18.497554029824624], [-91.81589422975358, 18.49842424979769], [-91.81496914016107, 18.49809248909363], [-91.81349665970494, 18.498761079512963], [-91.81285186038563, 18.498663119253994], [-91.81231615005319, 18.498916109579934], [-91.8118781096033, 18.498860059477842], [-91.81157583019872, 18.499359059231626], [-91.81107425995256, 18.49949490964346], [-91.81095198039327, 18.499240569827396], [-91.81057302957244, 18.499240939715676], [-91.81007816970556, 18.499552939539903], [-91.80984534977772, 18.500022289783516], [-91.80939815000866, 18.499917979764863], [-91.8093843404766, 18.500380549397935], [-91.80835207969726, 18.501493149405785], [-91.80815479954697, 18.500829139832444], [-91.80789256992307, 18.50103436897793], [-91.8075869402092, 18.500864939872475], [-91.8077145403273, 18.499937919725426], [-91.80568209009844, 18.498656889129578], [-91.8044279497318, 18.49906114923713], [-91.80444157999302, 18.49835570930754], [-91.80393235008792, 18.49812897984986], [-91.80380211035119, 18.49778553933651], [-91.80347473974014, 18.497819109413648], [-91.8033998804532, 18.496795719476122], [-91.80274422994779, 18.495987019028778], [-91.80166974018115, 18.49501776951027], [-91.79913641953378, 18.49377464948397], [-91.79792405980668, 18.493471938994865], [-91.79638569024878, 18.493391199354246], [-91.79571687956204, 18.49355450940311], [-91.79531715026226, 18.494248719339442], [-91.79478320015058, 18.494024509355185], [-91.79398208007213, 18.4944345098909], [-91.79358452013754, 18.494399919199818], [-91.79327329019624, 18.494269109695196], [-91.79299134026697, 18.493264549598024], [-91.79213217976925, 18.492184819644624], [-91.7915528296326, 18.49206381939079], [-91.79053041957646, 18.492662309120085], [-91.78881956988918, 18.492396319200495], [-91.78333954981751, 18.489555049118238], [-91.78151958005174, 18.48896894903984], [-91.77969199978266, 18.488054799718306], [-91.77939363003276, 18.488208749538558], [-91.77907689026675, 18.487934719458753], [-91.77841771040826, 18.488112369627746], [-91.77771220015146, 18.487938079527847], [-91.77736974035722, 18.488219489751987], [-91.77662333962843, 18.487930999292963], [-91.77658787980882, 18.487710849487417], [-91.77636959997659, 18.487854369629435], [-91.77581499976785, 18.487545349367437], [-91.77479467983552, 18.488498229180365], [-91.77415331998635, 18.488508289406585], [-91.77396657017611, 18.488197379384264], [-91.77358191959614, 18.48861110948821], [-91.77328911967808, 18.48841517982081], [-91.77398573989795, 18.48717544928035], [-91.7746222501841, 18.48649470960682], [-91.77520298002271, 18.48657931920938], [-91.7762930296942, 18.48591550918714], [-91.77661434018255, 18.485917569268754], [-91.77709348042968, 18.486317259249095], [-91.77787749003427, 18.48636739963557], [-91.77895785963631, 18.48594171924348], [-91.7797701504314, 18.484667029029378], [-91.77987533996715, 18.482796379081037], [-91.78162133999105, 18.481041059294263], [-91.78164726027913, 18.480788059307447], [-91.78119662982785, 18.480361679765387], [-91.78130667985882, 18.479814619055272], [-91.78357354045046, 18.47781387942805], [-91.78591058025589, 18.47699530966316], [-91.78611125957157, 18.476064379826934], [-91.78556404960678, 18.474873279535167], [-91.78610274042653, 18.474423379557656], [-91.78568138022372, 18.474369599186968], [-91.78529799988543, 18.474628939300363], [-91.78491925992962, 18.47423062926586], [-91.78444568975375, 18.473045249579105], [-91.7844633400317, 18.47256836973842], [-91.78537022035492, 18.47128094906492], [-91.7862571395224, 18.470920949783466], [-91.78787700009153, 18.469503909290058], [-91.78784785991589, 18.469055719627043], [-91.78836250951983, 18.469170259827344], [-91.78827854994249, 18.46880365967548], [-91.79017491963798, 18.468255889467283], [-91.78960771964124, 18.46977521948433], [-91.7892632896455, 18.469773019313973], [-91.7888204902231, 18.469354659445298], [-91.78835022999634, 18.469960449208518], [-91.78981767989069, 18.4701727396332], [-91.79010631962576, 18.470290539745548], [-91.79026860032617, 18.47079154984101], [-91.79091665011761, 18.470885059698674], [-91.7908486801194, 18.472355939705448], [-91.79160334962594, 18.472663259685113], [-91.792492679968, 18.473753379546743], [-91.7931321099358, 18.475195829181388], [-91.79283279996237, 18.475737059774588], [-91.79377114035991, 18.47555053921616], [-91.79450334959394, 18.475981459390237], [-91.79508151011754, 18.47679642899147], [-91.79711708040477, 18.475632029436763], [-91.79822715037666, 18.473006889455434], [-91.79947864981763, 18.47076251950119], [-91.79960779972393, 18.46985707975865], [-91.80080834980137, 18.468100179579764], [-91.80189989026212, 18.46591068916185], [-91.80225454987554, 18.464742909827013], [-91.8047186501353, 18.460609109759137], [-91.8063949395513, 18.457125579286323], [-91.81189961991437, 18.44711104969969], [-91.81272148995654, 18.44535097938209], [-91.81345114972397, 18.443078309162807], [-91.81387358004199, 18.4428117398373], [-91.81457677960124, 18.4427501096254], [-91.81675025033583, 18.44376934985492], [-91.81989472024048, 18.44429696984832], [-91.82176444998271, 18.445237019513332], [-91.82427777019036, 18.447304829461864], [-91.82540717957865, 18.446985049603068], [-91.82718305969296, 18.44544250941088], [-91.82892209041296, 18.44344005974111], [-91.82825856986078, 18.442825229788024], [-91.82538906002544, 18.43585216918364], [-91.82838517967208, 18.436516429203664], [-91.835685979711, 18.42036477954636], [-91.83489462999867, 18.419704479665825], [-91.83878434961821, 18.415703479027904], [-91.84893994007737, 18.408112679411715], [-91.8500054200631, 18.405010689689995], [-91.84994911994306, 18.403996799086467], [-91.84912512037008, 18.401743549408295], [-91.84837493986866, 18.400975939644734], [-91.84719414029479, 18.400381479733635], [-91.84560499952103, 18.400312539744668], [-91.84419721972887, 18.400779419666797], [-91.84271948041334, 18.401920249449237], [-91.83983016983544, 18.401752249636022], [-91.83767282020197, 18.40119441913826], [-91.8582534001714, 18.394382979251002], [-91.85724853966128, 18.393191259796396], [-91.8573864198048, 18.392060369727385], [-91.85790175004064, 18.391036309832067], [-91.85789957038556, 18.38952093939386], [-91.85740811019367, 18.38871656910722], [-91.85588056987633, 18.38711445982856], [-91.85540199979938, 18.386152149139644], [-91.85491734027599, 18.38432065935093], [-91.8534637404036, 18.38436125971863], [-91.8516123999008, 18.383937879629517], [-91.85082995006772, 18.382194079665712], [-91.85327040034781, 18.380861369593635], [-91.85223653968136, 18.37904853962954], [-91.8573046500051, 18.37992551968643], [-91.85792789028919, 18.37620810982342], [-91.85748586016193, 18.375566909850097], [-91.85753179983304, 18.374315619552515], [-91.85643490992135, 18.373066479273593], [-91.85547773967845, 18.367437119125583], [-91.86333345015834, 18.359515029761837], [-91.8636960002273, 18.35842330946385], [-91.8641903499497, 18.358039259251264], [-91.86132135040499, 18.350052709693152], [-91.86421121954528, 18.346835429712932], [-91.88511141988943, 18.33249914980632], [-91.89092465002383, 18.33308497940884], [-91.89203676969468, 18.331903799302353], [-91.89271879984076, 18.3315107696421], [-91.89433004997443, 18.331334749214328], [-91.89478197025922, 18.331608249082947], [-91.89613047982589, 18.331507509157845], [-91.89706484979045, 18.33171962931373], [-91.89874342008292, 18.332914569852655], [-91.89942995017697, 18.333917539378678], [-91.90644142031479, 18.333572569711784], [-91.91484604950833, 18.32877956982346], [-91.92843964971095, 18.318469969819677], [-91.92754105040513, 18.314297149233248], [-91.92500133974525, 18.30979845958885], [-91.92488399958923, 18.308967879560317], [-91.92430508040357, 18.30866133990575], [-91.90631119965245, 18.289496549309007], [-91.89665942963744, 18.303017629550762], [-91.84632039974171, 18.328151149575003], [-91.84189975012931, 18.325637479819665], [-91.84113414011946, 18.324508939128645], [-91.83969390971592, 18.323522659674044], [-91.83645092041141, 18.32225193915063], [-91.83575239989072, 18.321752579286642], [-91.83449389004195, 18.321869169281797], [-91.83401690965867, 18.32161347937695], [-91.83346625971281, 18.321780779531657], [-91.8328990503011, 18.32124681940421], [-91.8318944598186, 18.321411179043068], [-91.83093350969048, 18.320963829301704], [-91.82941105968041, 18.321179969205776], [-91.8309295103212, 18.323105199522292], [-91.83048155012654, 18.323957849194777], [-91.82926486009266, 18.324355979151616], [-91.82891704957203, 18.325000999392113], [-91.82677084960247, 18.32307507957598], [-91.82647315025253, 18.32251767944074], [-91.82572729006706, 18.319323779868554], [-91.82590482991445, 18.317572999694047], [-91.8264290298777, 18.316661289204973], [-91.82752099960786, 18.31607457924868], [-91.83153968043047, 18.31555522921623], [-91.8324491103611, 18.315140429675274], [-91.83315328971692, 18.314427659789462], [-91.83349517979167, 18.31366319951465], [-91.8333526595654, 18.31095307940454], [-91.83208088021907, 18.307458799876386], [-91.83107754962595, 18.306438879449868], [-91.82911542999419, 18.30546248961589], [-91.82852339984721, 18.304914859158796], [-91.82853471953413, 18.303519289820933], [-91.83016166016279, 18.30178177900159], [-91.83170187959944, 18.300917429540547], [-91.83307682035854, 18.300617509665955], [-91.83380659977195, 18.300185089153434], [-91.83434930989972, 18.299018489677415], [-91.83465870978932, 18.295217249135696], [-91.83460977032347, 18.294674659160638], [-91.8334613796285, 18.29297297906823], [-91.83432839957636, 18.290981149186045], [-91.8343179400191, 18.28939434946406], [-91.83152426013271, 18.286769739901253], [-91.83101362951106, 18.286063629855434], [-91.83086029033416, 18.285399889148717], [-91.83149281963294, 18.282102419308227], [-91.83070471968907, 18.275629889015214], [-91.83155204981867, 18.273159449529384], [-91.83179731994542, 18.27146961988296], [-91.83148751982213, 18.26948988966544], [-91.830276430417, 18.267892059713], [-91.82913273959704, 18.265376819287162], [-91.82917054980204, 18.264868219295515], [-91.83009294044871, 18.26380914964532], [-91.83011729041971, 18.26305661926602], [-91.8287702500775, 18.261689569058344], [-91.82796777036238, 18.260388649847584], [-91.82579254979191, 18.25944413920387], [-91.8252992004195, 18.258047769183364], [-91.82341368007953, 18.256453279069813], [-91.82235250988884, 18.254719939625396], [-91.8221468798875, 18.253446849432244], [-91.82326270953999, 18.2517115196483], [-91.82294645983364, 18.249260879625094], [-91.8213229998841, 18.24873702935484], [-91.82113016977715, 18.24826908973068], [-91.82116081980902, 18.246712549764037], [-91.81885277963977, 18.244297819251923], [-91.81887297974747, 18.244063139455484], [-91.81969402025648, 18.243576249325802], [-91.82020831985542, 18.242939979047424], [-91.82007037992507, 18.241879709192844], [-91.81851095035148, 18.24132411937315], [-91.81782535024188, 18.24061541955826], [-91.81734485990089, 18.239544199188984], [-91.81667178043294, 18.23868150924702], [-91.81596545016596, 18.238160779644033], [-91.81470827972326, 18.237805109291937], [-91.81426227959626, 18.23739959975706], [-91.81449485022574, 18.236291679080903], [-91.81409497959905, 18.23517567913225], [-91.81428411960123, 18.234919999531897], [-91.81550581988863, 18.234999779735787], [-91.81606794953416, 18.23368044974983], [-91.8169544195123, 18.233650119711452], [-91.81764383044144, 18.23325834960983], [-91.8184415200159, 18.2321914491306], [-91.81848354023927, 18.23139350968495], [-91.81788970972525, 18.23073211938288], [-91.81747155034833, 18.230598779841237], [-91.81649356990015, 18.230758739282496], [-91.81602023031236, 18.230433859872832], [-91.81587717964032, 18.229669919661365], [-91.81608865032409, 18.228757859395248], [-91.81545865966267, 18.228046979218753], [-91.81525305041811, 18.227086289909476], [-91.81491185045111, 18.226609629467887], [-91.81409329006604, 18.226295219695658], [-91.81245142026899, 18.226546399852722], [-91.81165242993724, 18.22638681980828], [-91.81171271025934, 18.22570922936927], [-91.81224010995882, 18.225427629698782], [-91.81245498003136, 18.225026909285944], [-91.81147178049186, 18.224315719137206], [-91.81123124997572, 18.223790459269], [-91.81175228985627, 18.22232264973856], [-91.81165968995535, 18.221922819014374], [-91.81094215025286, 18.22230444945688], [-91.81041615007162, 18.221646309448932], [-91.8092528198341, 18.220981319451038], [-91.80797313958449, 18.221127939110772], [-91.8077828001292, 18.219879059774986], [-91.80661702014088, 18.219600419314638], [-91.80610308980907, 18.218365769236495], [-91.8055973095638, 18.218239119285958], [-91.80507802011003, 18.218812519698602], [-91.80455508028577, 18.21796528955407], [-91.80367648021304, 18.21811893923894], [-91.80377708962149, 18.217149399668717], [-91.80324753975731, 18.21674244921081], [-91.80295115043477, 18.215656749431258], [-91.80164040045456, 18.214725539087837], [-91.8016545397021, 18.213746399784903], [-91.80268832041361, 18.213241969344217], [-91.80274282972945, 18.213052739447168], [-91.80199708038766, 18.211934569500627], [-91.80287310959164, 18.210741649539937], [-91.80362472017433, 18.207489259280454], [-91.80422964980832, 18.207052229128905], [-91.80447019973238, 18.206229169300833], [-91.80413202019255, 18.204810539276455], [-91.80498460018393, 18.204347779246405], [-91.80525437034224, 18.203921119191268], [-91.80491527965958, 18.203481429559577], [-91.80418622004822, 18.20315056922828], [-91.80421617002435, 18.202782249828807], [-91.80465701959248, 18.202183769610045], [-91.80439370975262, 18.20185796981903], [-91.80436145999188, 18.201325999471774], [-91.80345765022129, 18.200654139223918], [-91.80357052043504, 18.200315489322474], [-91.8040442903658, 18.200145769430346], [-91.80412397030574, 18.19988622913807], [-91.80411709006155, 18.198474109027334], [-91.8029708198309, 18.196733479336988], [-91.80297807997475, 18.196554479465792], [-91.80367657021472, 18.19649568990911], [-91.80398453955479, 18.196197459428507], [-91.80329105018455, 18.1952936894396], [-91.80433497042995, 18.19496879937348], [-91.8043717401209, 18.194756319314028], [-91.80390439999034, 18.194374969034307], [-91.80423445039506, 18.193635339764604], [-91.80373760016498, 18.1932810295235], [-91.80236004969039, 18.19297716973959], [-91.80130189014798, 18.192047079519206], [-91.79922438010193, 18.190958059400785], [-91.79670664985133, 18.190625539571492], [-91.79633301984244, 18.189860519035438], [-91.79422957968052, 18.188539969676697], [-91.7933669403839, 18.1868180598736], [-91.79278201953633, 18.18634264978246], [-91.79192251029069, 18.185997919611783], [-91.7911743402116, 18.18525059935202], [-91.79041188001962, 18.184859879122747], [-91.7892463703488, 18.184643949294276], [-91.78637387961507, 18.182874849320637], [-91.7833998902217, 18.17854254915981], [-91.78033299959371, 18.17711230900319], [-91.77887457990154, 18.174577179561823], [-91.77791897958706, 18.17455791935061], [-91.77755509011135, 18.168305199473515], [-91.77771575038426, 18.165938089384174], [-91.77638517975278, 18.146581449766472], [-91.7764972899404, 18.145176379255197], [-91.77600339982284, 18.14234708937903], [-91.77297617042986, 18.11116225941885], [-91.76352523044356, 18.112032549588008], [-91.76685911005586, 18.1480570195196], [-91.77086205005139, 18.169113379176657], [-91.77139562999555, 18.17015796930806], [-91.75228342995216, 18.18505276933827], [-91.74027750966577, 18.165438179036084], [-91.73643451977841, 18.16809537905687], [-91.73428307981327, 18.164763089416418], [-91.73469559976763, 18.162139259646853], [-91.73391781976443, 18.154862049169758], [-91.75403242034228, 18.150290889175388], [-91.74533514033351, 18.126304399906616], [-91.73251899976353, 18.10163490984876], [-91.73238688029745, 18.096189749793105], [-91.73220183044886, 18.08672168935194], [-91.73246305037746, 18.07518424983608], [-91.73242361957438, 18.063365289371678], [-91.76069596985631, 18.056074259132735], [-91.75158154004653, 18.033226719410788], [-91.7268945698113, 18.018448719203022], [-91.69992872007757, 18.017474979188712], [-91.68995765984592, 18.019176599545034], [-91.65728383016766, 18.023332049110063], [-91.65806288039906, 18.017340339838725], [-91.75346630981613, 18.009953519876312], [-91.75289852036687, 18.003564259914647], [-91.7514891699126, 18.003631939430704], [-91.75077553954145, 17.99454973981341], [-91.72320085981544, 17.96605436945931], [-91.717743249757, 17.960797779672582], [-91.739537050278, 17.935213949914065], [-91.74511457986941, 17.94080510947451], [-91.76048730989127, 17.957625679201026], [-91.76138936979453, 17.94600136941018], [-91.7571006900636, 17.939733649188994], [-91.76226654015505, 17.939014279769218], [-91.7680060297397, 17.94854757938425], [-91.77118527980855, 17.944366919012683], [-91.80464421970152, 17.972550509674672], [-91.85555615007722, 17.98106073943855], [-91.86720785976617, 17.983266349631624], [-91.88811014005198, 18.0063375794758], [-91.90035476999157, 18.012146999439622], [-91.90972267977827, 18.013786309054307], [-91.91349326015725, 18.013091599065145], [-91.93535562986742, 18.01020244978927], [-91.94012158003731, 18.01256396915725], [-91.96674770993761, 18.015988449881302], [-91.96841952002492, 18.020797489814953], [-91.96961307989967, 18.025229149328826], [-91.97295932025251, 18.030185509847982], [-91.97459408962315, 18.033356229602745], [-91.97540173997469, 18.036941109661708], [-91.9787785800062, 18.042829719231143], [-91.97967972045834, 18.043445939325114], [-91.98064537974899, 18.04368965918179], [-91.98168274026465, 18.043600979267918], [-91.98280124979881, 18.043104459540288], [-91.985462769865, 18.04036773908116], [-91.98736247969549, 18.038880849546626], [-91.98879897969964, 18.038668859776738], [-91.99079872032482, 18.038739049030873], [-91.99215460025658, 18.039256909771858], [-91.9937900901895, 18.040666709041002], [-91.99960770970849, 18.04425936978], [-92.00734437997629, 18.049981799156786], [-92.01181754969497, 18.050944999592627], [-92.01302045956615, 18.051483248995076], [-92.01442874000827, 18.052613319676002], [-92.01693370996111, 18.058089479488164], [-92.01874434993559, 18.060675429883712], [-92.02286517003084, 18.06470554969051], [-92.02446683047147, 18.067762679114423], [-92.02580617984749, 18.073718619596953], [-92.02663093960088, 18.075863799858936], [-92.02824216970706, 18.077172049297737], [-92.02998716999655, 18.0779802791272], [-92.0321520500792, 18.078236719590965], [-92.0348417098488, 18.078148749253565], [-92.03797632044258, 18.07736384930236], [-92.04002806025555, 18.077563509713954], [-92.04209542958185, 18.07831881972717], [-92.04258435020034, 18.07892904977429], [-92.04272260017268, 18.079910059471096], [-92.04246913993822, 18.08126164898885], [-92.03729853973479, 18.08520068963825], [-92.03598625012174, 18.087363339078617], [-92.03590122020208, 18.09114074955919], [-92.03701739978011, 18.0949548498418], [-92.03875385015567, 18.097081749510732], [-92.03993882015128, 18.097950339069737], [-92.0416611198853, 18.09807654935889], [-92.04398539997305, 18.096892089026902], [-92.04578565034234, 18.095278519136684], [-92.04915433953471, 18.094323459546622], [-92.05260144981506, 18.094085219298066], [-92.05388324983907, 18.094248569630096], [-92.05503514001173, 18.094738659168545], [-92.05814805973473, 18.098023569296377], [-92.05922834019697, 18.09849457909785], [-92.06027481969711, 18.098534179677852], [-92.06217168034361, 18.098163939572643], [-92.06802258034874, 18.092113289879553], [-92.0694135500322, 18.09208942918833], [-92.07296485954785, 18.09400819967961], [-92.07481722970148, 18.09444256979536], [-92.0767963496326, 18.094286599400576], [-92.07776966014646, 18.092589319250422], [-92.07883251978717, 18.0879377998746], [-92.08044151022189, 18.086056319043657], [-92.08155829039328, 18.085689689825923], [-92.08414163025263, 18.085861479680368], [-92.08552305958744, 18.08673654973778], [-92.09062676963694, 18.091134319069962], [-92.09223100027974, 18.092049969760414], [-92.09509713981836, 18.09251254905789], [-92.10016472045594, 18.092867169073486], [-92.10375774976282, 18.093488819231975], [-92.10828145973252, 18.09380681968931], [-92.11010835011014, 18.094406199727107], [-92.11200626041192, 18.095644089049486], [-92.11478375015417, 18.099265249328194], [-92.11638145023845, 18.100959059621182], [-92.1182556800039, 18.102007719279975], [-92.11988712046323, 18.10215697904742], [-92.1216619772465, 18.101754629989244], [-92.12742457015814, 18.108657859582095], [-92.12833568998383, 18.120149859385307], [-92.1313038598936, 18.12228354909829], [-92.14904346021021, 18.136730369610678], [-92.1487820504821, 18.149296379347803], [-92.16090300023569, 18.155424169780204], [-92.16056212045247, 18.188668569708994], [-92.1617243197443, 18.193748659428323], [-92.16442397014711, 18.197865619199497], [-92.14893752025249, 18.210406079792808], [-92.17126689001779, 18.252953219579194], [-92.17925708018483, 18.268665799010886], [-92.1801052896261, 18.26997334929595], [-92.18181704968593, 18.27101357899344], [-92.18119492030952, 18.2711616590309], [-92.18324385034552, 18.27406322968219], [-92.17295137020842, 18.275337689848637], [-92.17495654001334, 18.287043109259617], [-92.17530683007638, 18.287531709517154], [-92.17528812012193, 18.288067139200688], [-92.17425197038783, 18.29010153960605], [-92.17442584959817, 18.293303309529268], [-92.17519754972915, 18.294043429569847], [-92.17722786020803, 18.28874485983134], [-92.17919019958624, 18.28848807934541], [-92.17955415021034, 18.289633429338053], [-92.18042882018818, 18.2898235697254], [-92.17135754957783, 18.338954309309774], [-92.18194871969177, 18.375902429768384], [-92.1773602195644, 18.37588268951695], [-92.17647377973402, 18.41578934942945], [-92.17614774018136, 18.45823321938738], [-92.20485221986173, 18.500000139485046], [-92.22038428030784, 18.511930179146777], [-92.20763751953751, 18.547895459300946], [-92.20687573961683, 18.548307629793996], [-92.20596346003107, 18.54821827948521], [-92.20405637963258, 18.547453819564158], [-92.19891977025875, 18.54640739989231], [-92.19570334997636, 18.546125569604023], [-92.19499854046417, 18.545849369171155], [-92.19401648988999, 18.545937139861685], [-92.1926387702415, 18.54554627941594], [-92.19121475005103, 18.54545319915127], [-92.1902809800271, 18.545098859804835], [-92.18894157024295, 18.5451798493069], [-92.18132115041418, 18.54460291937276], [-92.17569901977541, 18.54475533969016], [-92.17197343003146, 18.54511579947036], [-92.16403421971013, 18.546773969857895], [-92.16332482007444, 18.547236649117202], [-92.1596505098132, 18.548352909813335], [-92.15606105028937, 18.550285689562077], [-92.15477442981586, 18.551745719493532], [-92.15284131958727, 18.553475949355448], [-92.14852841996827, 18.55676908901367], [-92.14773124956089, 18.556997419054987], [-92.14753897021755, 18.557674199745183], [-92.1470118599943, 18.558054659717776], [-92.14650655009667, 18.558925019152387], [-92.14481305000277, 18.560021029848144], [-92.1432357104195, 18.562454739774513], [-92.14192418000881, 18.563707179633667], [-92.14218445986215, 18.565371199123497], [-92.14182777996278, 18.56848505914906], [-92.14208738012313, 18.569314719148927], [-92.14179000027579, 18.570030059864497], [-92.14189757034676, 18.571410599880195], [-92.14161880002437, 18.572467619405543], [-92.14239648003921, 18.57301805920404], [-92.14222434006915, 18.573762719766524], [-92.14233436966938, 18.574444539767402], [-92.1429599499187, 18.574686199122652], [-92.14290367983195, 18.574876449151176], [-92.14136443002815, 18.574831689688803], [-92.13950714996069, 18.57652390908119], [-92.13881792042537, 18.57671162950096], [-92.13793532002708, 18.576617619161713], [-92.13788549045357, 18.57712934974476], [-92.13729540005788, 18.57764401961421], [-92.13681242005609, 18.577699679283214], [-92.13671571985068, 18.578121089122874], [-92.13542916993251, 18.579142089126407], [-92.13373742024085, 18.579565179423334], [-92.13208251960425, 18.579400679598546], [-92.13017664964316, 18.5796187193108], [-92.12872212019498, 18.57926145917015], [-92.12763320004264, 18.579495319786652], [-92.12613311005205, 18.579411339748383], [-92.12440550975829, 18.578998969795094], [-92.12405440004943, 18.579229798991165], [-92.12196322015791, 18.578553429017447], [-92.11875311954067, 18.577907259316113], [-92.11379712003937, 18.57620877927573], [-92.10922614044487, 18.574957249646808], [-92.10520837034231, 18.57434601953757], [-92.10309042974016, 18.57478145897446], [-92.10180028013056, 18.57480265921669], [-92.09982606031362, 18.57539136985097], [-92.09852571047898, 18.57621548919972], [-92.09726554996152, 18.576468969357308], [-92.09574176977242, 18.57714314908487], [-92.09447086025861, 18.578111739617437], [-92.09181534041079, 18.57920085905645], [-92.08992471011167, 18.581559749749662], [-92.08936341991992, 18.581726649267775], [-92.08919074041756, 18.58203527953019], [-92.08828586016915, 18.582559709645178], [-92.08800056974121, 18.582519749553082], [-92.0855068301046, 18.585215679169124], [-92.08373847995237, 18.585392148985328], [-92.0829254599497, 18.58599224953555], [-92.082135569689, 18.586134169331306], [-92.0815519098241, 18.586493979705708], [-92.08091945046564, 18.587300719146057], [-92.07878052037033, 18.587929739277932], [-92.07690254954828, 18.589161889232177], [-92.07618209024795, 18.589100799275517]]]}}, {"type": "Feature", "properties": {"CVEGEO": "04008", "CVE_ENT": "04", "NOMGEO": "Campeche", "CVE_MUN": "008", "NOMMUN": "Tenabo", "cov_": 23, "cov_id": 24}, "geometry": {"type": "Polygon", "coordinates": [[[-90.37672094001277, 20.127651889450416], [-90.36672342001414, 20.12755214933115], [-90.36031035016921, 20.11733890983785], [-90.36481314033718, 20.111524949401286], [-90.30644451987585, 20.110707829688433], [-90.30036488039293, 20.100500629510588], [-90.30071426041624, 20.095369659375095], [-90.26300952035038, 20.081233509515478], [-90.26645983006837, 20.072991139677033], [-90.25827034043438, 20.072080279138774], [-90.25504908005367, 20.0740379394265], [-90.24298627995428, 20.07425416927432], [-90.23573648023137, 20.077282449164397], [-90.20954814958488, 20.07421177965913], [-90.20248519951149, 20.073183109782608], [-90.20162461984211, 20.077400429317322], [-90.17653403003564, 20.074589919617413], [-90.1791410504501, 20.04467350939258], [-90.17712240027546, 20.011284879622867], [-90.16017051950865, 20.00857925964309], [-90.15551577979579, 20.023245569464546], [-90.13139342029946, 20.028043859181825], [-90.11257822981392, 20.036433579651366], [-90.10898145994017, 20.031026349483405], [-90.09785108951182, 20.02145762953879], [-90.08722278037109, 20.013764229741593], [-90.07722157041039, 19.99999639935746], [-90.0713367997463, 19.99132156959491], [-90.05504248961125, 19.993710798951977], [-90.04235265028166, 19.993262919253834], [-90.042291980057, 19.99884933929057], [-90.00978613977964, 19.994700999039893], [-90.00968494000519, 19.995639079772648], [-89.99988908991796, 19.995506029559035], [-90.00143377009555, 19.983019819049275], [-90.00705008045534, 19.981484659684945], [-90.02030611010711, 19.98149328941775], [-90.02108637045976, 19.9682517194155], [-90.01333357989621, 19.968544029398068], [-90.00068186009757, 19.96841696897701], [-90.00180309024041, 19.956231569143405], [-90.00091347967125, 19.955931619267552], [-90.00149682041842, 19.944385029571503], [-89.99181242044786, 19.943950849252204], [-89.99120142966285, 19.92947231914243], [-89.99658226048173, 19.92924310910249], [-89.99663582978037, 19.925732279576827], [-90.00841255000958, 19.925878019293382], [-90.00856473968632, 19.9163921992485], [-89.99999397994621, 19.91687776957085], [-89.99981954957492, 19.90358157894047], [-89.99352611000349, 19.903556109238888], [-89.99355281981539, 19.890109739727908], [-90.00771562045422, 19.892252829497803], [-90.03608871964448, 19.902903309395093], [-90.03599785995114, 19.844887889841008], [-90.00444543025667, 19.839774309482678], [-89.99671229027089, 19.849109999059834], [-89.99720826006707, 19.84277917903343], [-89.99857457982657, 19.80839330923236], [-89.9999999497681, 19.785144229649017], [-90.01987497975529, 19.78714997918969], [-90.01922425011747, 19.794153489669384], [-90.02057568960561, 19.796473599504278], [-90.02368563001005, 19.803956489834157], [-90.02409534034629, 19.811385779352275], [-90.05528423046313, 19.82218442901461], [-90.06587142965599, 19.791041248947344], [-90.0809722500036, 19.795450179133464], [-90.09743093966257, 19.80314219894945], [-90.0974321701027, 19.801474519493397], [-90.10905091970857, 19.806006289690007], [-90.14767277999009, 19.80686071914739], [-90.14696412046256, 19.81118610950271], [-90.1793660203008, 19.798367859593018], [-90.18414668028873, 19.795956549793576], [-90.20552393988291, 19.797107829014823], [-90.20728948000772, 19.79829768953425], [-90.20731980019633, 19.7985006297008], [-90.20906434985595, 19.798972678956183], [-90.20181954991874, 19.804244749376654], [-90.1823578799558, 19.823188139626588], [-90.1880061400202, 19.8294326296371], [-90.20186165955931, 19.841422519166397], [-90.21035983010059, 19.847479369152513], [-90.21446704999023, 19.84581148930231], [-90.21832313979294, 19.84493288962816], [-90.2202254297109, 19.8450462591625], [-90.22084247988639, 19.84475670907306], [-90.22248472039026, 19.844917399536065], [-90.22637819967677, 19.844263349042144], [-90.22660615012796, 19.84392374941703], [-90.23062225974839, 19.84392573970164], [-90.23204681994393, 19.84302848928698], [-90.23503182020431, 19.8424548893475], [-90.24023411969384, 19.844527769503816], [-90.24598293975055, 19.8480891392426], [-90.24654362008766, 19.849059428954423], [-90.24931342001689, 19.85132074969893], [-90.25055568026792, 19.851780569769453], [-90.25396415008093, 19.85403928966708], [-90.23587108010446, 19.88100430947442], [-90.2367094197838, 19.887049649479696], [-90.23820391975117, 19.910072489510203], [-90.25893086017724, 19.89441105956854], [-90.2735920297652, 19.890531599787014], [-90.29748860007223, 19.894513509226098], [-90.30181265966944, 19.9096528595798], [-90.30174359966023, 19.909998649180498], [-90.30965588037624, 19.938608519446], [-90.32293283045657, 19.94341554954226], [-90.34585067964794, 19.947927889132618], [-90.35044227975165, 19.95991536957746], [-90.37968357012251, 19.964956149017592], [-90.37998945044022, 19.962034139584652], [-90.3880635996834, 19.962781399740106], [-90.38909190986267, 19.952690429735764], [-90.42876070994075, 19.955985289807572], [-90.42866585957198, 19.95555671976155], [-90.43075605006631, 19.95585750975459], [-90.44730497029114, 19.959472819342462], [-90.44763862965783, 19.960276309269542], [-90.44743413988897, 19.960961599374233], [-90.44882367985149, 19.96156205945546], [-90.4497725097335, 19.96113068894282], [-90.4507408603461, 19.959906169325865], [-90.45109522988605, 19.959682549429942], [-90.45177802445369, 19.959652330498905], [-90.45219899040111, 19.96033721712395], [-90.45375140221697, 19.96190464191907], [-90.4536126902816, 19.963205485525435], [-90.45376259760422, 19.963540993099606], [-90.4541020719196, 19.963691697613367], [-90.45457614275291, 19.965001959217542], [-90.45377346137795, 19.96813714226745], [-90.45305269104948, 19.969080119029126], [-90.4522615202235, 19.969026584081224], [-90.45251307781254, 19.970002587747473], [-90.45200671141868, 19.97039465610967], [-90.45291313080861, 19.971064848733732], [-90.45304078483649, 19.971382249221463], [-90.45294338218197, 19.972153263251734], [-90.45215195598645, 19.972974968272737], [-90.45209221671425, 19.974148631602407], [-90.45364123813476, 19.974541235709417], [-90.45421945561657, 19.974291398150104], [-90.45511175443103, 19.974427022606545], [-90.4592234598223, 19.97419146230671], [-90.4604062075871, 19.97453491820676], [-90.46043892612084, 19.974186922201802], [-90.45994221317412, 19.97383000248811], [-90.4601980051818, 19.973250009199763], [-90.46092968974003, 19.972851449605216], [-90.46160768207199, 19.973613254331184], [-90.46204312289238, 19.97369176832465], [-90.46258564049432, 19.974648312730345], [-90.46257032592841, 19.975122297193845], [-90.4633186476303, 19.975626134737986], [-90.4635337544783, 19.97673549682737], [-90.46462720977622, 19.97896703283632], [-90.46692577456665, 19.98072307931383], [-90.4669634623441, 19.981317419105], [-90.4667071966561, 19.98165244849124], [-90.46597171331831, 19.98161344560517], [-90.46588256259446, 19.981763885735283], [-90.46611825829667, 19.98222827297482], [-90.46682583283211, 19.98217930503593], [-90.46793241505253, 19.982718460864728], [-90.46861390628308, 19.98380249583652], [-90.4689031033841, 19.984620635843203], [-90.46873892492306, 19.985263087770278], [-90.4689949574351, 19.985411944217347], [-90.46947640651166, 19.98464453266662], [-90.46983823170605, 19.98432082844206], [-90.47006666523684, 19.98439221340454], [-90.47010949369411, 19.985156012895036], [-90.4706734192083, 19.98593410346275], [-90.4700523873517, 19.987126206094736], [-90.47013804533282, 19.98905356873712], [-90.4698168148023, 19.98999583850176], [-90.47022370830688, 19.991295021074674], [-90.47001669389827, 19.991644805711857], [-90.47113613331189, 19.991738000958133], [-90.47240805299249, 19.993308045060292], [-90.47313711298833, 19.99480201766897], [-90.47279165837136, 19.99513632859323], [-90.47195588122806, 19.995052750384843], [-90.47069664175038, 19.99541492127123], [-90.46563372771945, 19.998169290503768], [-90.4630459576379, 20.000637181533495], [-90.46184762131864, 20.0025197510095], [-90.46128320317834, 20.0026470022554], [-90.46125075942504, 20.002809232937036], [-90.46212877554397, 20.002866339154274], [-90.46244287159224, 20.003109047351682], [-90.46240103094743, 20.003584146613907], [-90.46270535883014, 20.00393365117564], [-90.46255469713176, 20.00440635696957], [-90.46285560664546, 20.0046465787981], [-90.46247855480216, 20.005586064125666], [-90.46253942553145, 20.006388811586433], [-90.46284975750534, 20.006678240066833], [-90.46278550479062, 20.007049432034673], [-90.46328519145054, 20.007556265120936], [-90.46307104749837, 20.008177297603734], [-90.46324950667916, 20.009440797988468], [-90.46272126734486, 20.009433660287854], [-90.46243573206608, 20.009683501104853], [-90.46247856211504, 20.009861960305617], [-90.46302107873254, 20.009861963041338], [-90.46336372084318, 20.010561516043587], [-90.46315735015996, 20.0113801737021], [-90.46323523027593, 20.013124198984222], [-90.4630424946733, 20.01364529790444], [-90.46256421488202, 20.014030773209207], [-90.46313529340713, 20.01458043225583], [-90.46544098344823, 20.015130086050366], [-90.46776809437196, 20.018470846091155], [-90.4679908081868, 20.01946680656572], [-90.46856777246927, 20.019794608991983], [-90.46885033260719, 20.020270501110943], [-90.46879084606365, 20.021082492421804], [-90.46807851952484, 20.021433675913393], [-90.46864213010366, 20.021436437543734], [-90.47024383361105, 20.022730481919613], [-90.47084474600167, 20.024281491718124], [-90.4720165313746, 20.025752393438108], [-90.47373578826016, 20.02640872828801], [-90.47450270294391, 20.027661160454468], [-90.47416482435678, 20.02822747118232], [-90.47447653583721, 20.028129913729213], [-90.4751588788117, 20.028774100717698], [-90.47574482063858, 20.02889902219246], [-90.47638132723786, 20.029684244748914], [-90.47618799642594, 20.030517055771867], [-90.47773327625679, 20.03018493144659], [-90.47857151101643, 20.030972441110617], [-90.47873979469482, 20.03303314803058], [-90.479382249717, 20.033475727945877], [-90.47902403558312, 20.03406861413661], [-90.47936796591337, 20.03650953981855], [-90.4791324068911, 20.03810139990873], [-90.47933228153785, 20.038287000556007], [-90.47924662072964, 20.038958012307464], [-90.47951073435561, 20.03964329063657], [-90.47970293604361, 20.041554308345763], [-90.48011220480966, 20.04101179305538], [-90.48027097628076, 20.041063280032343], [-90.48065288219887, 20.04177053437296], [-90.48119539722698, 20.04210603676128], [-90.48151662667257, 20.043026883439683], [-90.48259452192279, 20.044190446417357], [-90.48277913903225, 20.044839056564285], [-90.48332262920529, 20.04521122750968], [-90.48345826547595, 20.04603214273014], [-90.48533565191826, 20.04853058068864], [-90.48537866423816, 20.04896977529393], [-90.48462772861305, 20.04891559894088], [-90.48455757721032, 20.049108787988555], [-90.48535722020151, 20.050536618272606], [-90.48531244234228, 20.051107941705343], [-90.48548185873275, 20.051130783740458], [-90.4857531113686, 20.05053472699959], [-90.48627078906507, 20.050793445298794], [-90.48804109982812, 20.055083619157337], [-90.48868356177154, 20.055826005158735], [-90.48864073164741, 20.056275724143653], [-90.48901192606742, 20.056654056252924], [-90.49035393533015, 20.05928098240752], [-90.49020651414328, 20.05986759380681], [-90.48978963604716, 20.060096022467818], [-90.49056629046227, 20.060370135458484], [-90.49120017509294, 20.060992601520557], [-90.49110880794683, 20.06244883285315], [-90.49014342183129, 20.063102733271837], [-90.48953117165632, 20.06447974931589], [-90.48929395480982, 20.06461607113839], [-90.48887279039995, 20.065950951760062], [-90.48770209554912, 20.06660768650324], [-90.48774843197772, 20.0669404664508], [-90.4871738571396, 20.0670573972468], [-90.48668844507186, 20.068492220304467], [-90.48612801548595, 20.069139094746866], [-90.48593636487453, 20.070051051794202], [-90.4863421632435, 20.07023839892496], [-90.48607009078306, 20.0713225174489], [-90.4862587263043, 20.07175789386], [-90.48603582889393, 20.072076332775477], [-90.4862831149766, 20.072650236611597], [-90.48632576288458, 20.074025633563714], [-90.48614592491874, 20.074181504017105], [-90.48630114820982, 20.074848019030107], [-90.48608168346617, 20.075616318138596], [-90.48619225651822, 20.075863909376906], [-90.4855106129291, 20.077529407716405], [-90.4853250154883, 20.07892139029059], [-90.48560828605545, 20.07971820577038], [-90.48606339333875, 20.08018563948583], [-90.48653494366806, 20.08247362975537], [-90.48615198892868, 20.08301093923086], [-90.48574234623266, 20.083073297648642], [-90.48572250508195, 20.083794220747016], [-90.48601517569188, 20.08368714501121], [-90.48644357252135, 20.08392985367476], [-90.4863013673172, 20.084266792018195], [-90.48605866784739, 20.08428962668994], [-90.48661317158071, 20.085557403529638], [-90.48633295049103, 20.08671543425673], [-90.48662204955714, 20.087347179495165], [-90.4863472300931, 20.08770410744358], [-90.48635107910256, 20.088500165388382], [-90.48538711192573, 20.09004192086584], [-90.48535487030927, 20.091205407670707], [-90.48492669207468, 20.091669479682007], [-90.48463062918852, 20.09270903053057], [-90.48345975326389, 20.09331129930694], [-90.4830600028324, 20.093918064084264], [-90.48214272106603, 20.094021569984665], [-90.48163589675983, 20.094324949808534], [-90.48014742764057, 20.096336355742046], [-90.47994766233461, 20.097394454047333], [-90.48006314219057, 20.09857369058194], [-90.48105054963749, 20.09977510829713], [-90.47997978553425, 20.10109570940196], [-90.48027602978804, 20.101520445753625], [-90.47995480660312, 20.101834535900462], [-90.47995028363718, 20.102333348077117], [-90.4792266843348, 20.10303735297861], [-90.47865918529243, 20.104661327826147], [-90.47892838163281, 20.10572938129584], [-90.48054003113532, 20.107465093088823], [-90.4793690890405, 20.10883731987431], [-90.47932590987884, 20.110339049498666], [-90.47872718543277, 20.11047503939041], [-90.47871940981587, 20.110715929457466], [-90.47949091658012, 20.111165381466023], [-90.47877447013524, 20.113206740232158], [-90.47934553999129, 20.114448818965347], [-90.4803003852334, 20.114756550897123], [-90.4802004396718, 20.11568930321094], [-90.48097207763267, 20.117149756138197], [-90.48106726400094, 20.117652415641047], [-90.48091556584988, 20.117694052311467], [-90.48120110796887, 20.117902256743786], [-90.4809691121004, 20.118503068823603], [-90.48119217849221, 20.118752913478964], [-90.48098398210203, 20.118967065324185], [-90.48120110876124, 20.119398342426127], [-90.4810553651848, 20.120335257651536], [-90.48126654385898, 20.120326339386114], [-90.48138849060054, 20.120596995062783], [-90.48132305600126, 20.122354821242855], [-90.48190205607703, 20.123588959788346], [-90.48184951027353, 20.12406209171458], [-90.48155504376183, 20.12388065738136], [-90.48145986918755, 20.123999631487518], [-90.48195906679274, 20.124477056197648], [-90.48171863190521, 20.12488300605183], [-90.48198265633212, 20.125649723185408], [-90.48173351147392, 20.12604894282094], [-90.48230160507104, 20.126652730998543], [-90.48223914614528, 20.12742307853729], [-90.48297919031384, 20.128341297432765], [-90.48284293506302, 20.128639572506955], [-90.48319009175705, 20.129623912101454], [-90.4836386825481, 20.12978519469589], [-90.48400887103848, 20.130427142741446], [-90.48455624392686, 20.13061458923305], [-90.48504393417844, 20.132833379561998], [-90.48544844482556, 20.133148657206625], [-90.48556146749114, 20.133535314480792], [-90.48592433634867, 20.133669164316554], [-90.48603140617008, 20.134391924307128], [-90.4863913034127, 20.134915402409987], [-90.48744719052642, 20.1356530352052], [-90.48795580072536, 20.137607167537666], [-90.48781234155311, 20.13796700327893], [-90.48754534241505, 20.13796706029075], [-90.48811640671701, 20.13827937049319], [-90.48819969083964, 20.139011053290563], [-90.48856851152789, 20.13957320370175], [-90.48863682372532, 20.14023225223209], [-90.488245401052, 20.14073194452564], [-90.48827999452573, 20.141372663778363], [-90.48871127508875, 20.14186937918702], [-90.48882508061682, 20.14242904833841], [-90.438712400168, 20.140694999710323], [-90.44010495032178, 20.124739629050357], [-90.40786031045874, 20.12302784956408], [-90.3946581103423, 20.1394098891094], [-90.37672094001277, 20.127651889450416]]]}}, {"type": "Feature", "properties": {"CVEGEO": "04009", "CVE_ENT": "04", "NOMGEO": "Campeche", "CVE_MUN": "009", "NOMMUN": "Escárcega", "cov_": 34, "cov_id": 35}, "geometry": {"type": "Polygon", "coordinates": [[[-90.0630027096162, 18.963955619500847], [-90.03762720044737, 18.960895059111373], [-90.04325172032182, 18.915659169412795], [-90.06776278046082, 18.710441289038343], [-90.12208591973823, 18.716102569751737], [-90.1209291695689, 18.72629685955091], [-90.16064037013342, 18.729964479669025], [-90.16382958031403, 18.69258664968511], [-90.13892417019213, 18.690454089423238], [-90.1416357396015, 18.66667148981572], [-90.17468054034788, 18.669778949104117], [-90.17797314976666, 18.637949339003097], [-90.19205557978044, 18.64008836930686], [-90.19801961967313, 18.64075831985287], [-90.20775405031245, 18.590683079523], [-90.19667114001709, 18.588639199034066], [-90.20141087976144, 18.559602349180906], [-90.17225834029301, 18.558905399698414], [-90.17294366045024, 18.5109435090493], [-90.16227511008526, 18.51200887930551], [-90.16583964961306, 18.480024169188912], [-90.16685491031708, 18.476708119465737], [-90.14601607959425, 18.47797156955517], [-90.1482946001282, 18.465769179389717], [-90.11472082030402, 18.467906119080602], [-90.0879412503251, 18.469189149390512], [-90.09563391993424, 18.39234562960406], [-90.07403522960007, 18.391733769407256], [-90.07695611972099, 18.282398889243613], [-90.07761451999806, 18.23011359936197], [-90.08008865028305, 18.23014888906764], [-90.08209045022882, 18.198803229193178], [-90.24852313997111, 18.19344582966837], [-90.24881214288177, 18.166926368513096], [-90.28303462384723, 18.166453739751134], [-90.28363604808331, 18.198721849732532], [-90.42726073317515, 18.19724356889602], [-90.43771077627109, 18.46912521954106], [-90.43384855017045, 18.50769027929745], [-90.48628131971398, 18.507275939862872], [-90.48525294038895, 18.50021411934967], [-90.48566031961711, 18.47723188968973], [-90.49041017958356, 18.477262539413903], [-90.48913742993261, 18.465691859850793], [-90.5713847197258, 18.46426630951532], [-90.56733142026356, 18.497665999271987], [-90.59026603037908, 18.498584679630913], [-90.59118445968886, 18.475263889682637], [-90.70223418022219, 18.473919719659975], [-90.70223546015005, 18.338300969341336], [-90.77862094039628, 18.338769059518604], [-90.78115494018809, 18.318293829185325], [-90.78384302027791, 18.29924084970027], [-90.78738656997004, 18.25853159962562], [-90.80506234030639, 18.26037411989054], [-90.82272419959412, 18.26257991954165], [-90.82158753960657, 18.270024979429518], [-90.82054408966383, 18.280980919513485], [-90.81935504995508, 18.30206325980835], [-90.84779971956779, 18.301882709326204], [-90.86186175016888, 18.301510719489784], [-90.8834126501694, 18.301878459867073], [-90.89301906011211, 18.30302350966548], [-90.89502829009187, 18.29036604919175], [-90.89672655007783, 18.27770813912272], [-90.91424504995952, 18.27753421949724], [-90.92961341954562, 18.27710621948671], [-90.93910835017662, 18.27761284900132], [-90.94152367997515, 18.277564849192423], [-90.94540754796272, 18.278025878962], [-90.93763407955109, 18.305053199704496], [-90.92904376984391, 18.30128854903428], [-90.92415312034547, 18.318121249067655], [-90.91862443034739, 18.327158059757696], [-90.94149091040188, 18.337240139689698], [-90.95240060020967, 18.319983799686142], [-90.95398842043862, 18.32097850903444], [-90.95503385993226, 18.319842319817255], [-90.98193285984902, 18.322390509648034], [-90.97975127998251, 18.34528637961422], [-91.00609976979759, 18.347525889192553], [-91.00729768026943, 18.36002345918795], [-90.99731489019763, 18.358237679861194], [-90.99386558003059, 18.390968509060144], [-91.00406714039921, 18.391429489661185], [-91.02576868017786, 18.412917619616554], [-91.02663801966597, 18.411454019837773], [-91.02995539965309, 18.414775448998352], [-91.02375528036902, 18.43157790938953], [-91.00674395027023, 18.484080509487377], [-91.00515450958501, 18.500000149738607], [-91.00337673994031, 18.513934419461847], [-91.00256526009196, 18.5227180496585], [-91.00123387960339, 18.53355716972677], [-90.99500072047366, 18.538870679247673], [-91.01309008973475, 18.558685139006425], [-90.9940177500223, 18.572992249187738], [-90.98523721983713, 18.56311451947911], [-90.99524179989425, 18.55518925935854], [-90.98659641996278, 18.544960949779593], [-90.97133465988196, 18.556891249673633], [-90.99699737984449, 18.587085749619018], [-90.98325589019802, 18.585757539125137], [-90.98331589038884, 18.58636461971948], [-90.9816606300072, 18.587514879790902], [-90.97529712001297, 18.586938289466396], [-90.972264350044, 18.60926584937863], [-90.96826591984173, 18.63568299898883], [-90.98193354004154, 18.637754109425465], [-90.97880690960395, 18.657007509016264], [-90.9417947400471, 18.65420628930044], [-90.94085314032041, 18.65830045967588], [-90.915873970013, 18.653952919097414], [-90.9199335203453, 18.623428779652823], [-90.90402302957096, 18.621925779780682], [-90.89997935002502, 18.65118542915668], [-90.89838000044979, 18.65094428964827], [-90.89255023022726, 18.67098502936494], [-90.89023619988536, 18.6704796597537], [-90.88987637012175, 18.671798429300676], [-90.89211791997695, 18.672287649840126], [-90.8905958603236, 18.67644437976811], [-90.87090323019811, 18.67081757989329], [-90.87033373984528, 18.67661024933542], [-90.86934708035659, 18.68124450973582], [-90.84808373998226, 18.680000219026365], [-90.84709596977517, 18.685978879567656], [-90.84701152013744, 18.688213259823282], [-90.8361463695373, 18.6866437097028], [-90.82751693974805, 18.685991339173377], [-90.82300799995436, 18.714636948982665], [-90.80404359975404, 18.7123284791257], [-90.7954281497226, 18.74216556939872], [-90.8121485702527, 18.744702909666668], [-90.81083141964503, 18.758287489695256], [-90.84408551012451, 18.761328979454134], [-90.84002102981765, 18.799416819526577], [-90.83214772033622, 18.798893079832204], [-90.82621063044341, 18.819446579297214], [-90.82374423048849, 18.830974289013305], [-90.85199145046484, 18.834381909590288], [-90.8488988602811, 18.863224109797166], [-90.8245822498977, 18.874140859831456], [-90.79876034015601, 18.85178005920614], [-90.79951304979909, 18.863147979364403], [-90.79624892037623, 18.85912321983782], [-90.76888552043826, 18.827924399357055], [-90.73257998036468, 18.8580766591342], [-90.7296053997334, 18.85622088972495], [-90.72123329012199, 18.854127429539748], [-90.72232030995926, 18.851017859535784], [-90.72424450993691, 18.843298719054392], [-90.7247714900011, 18.839033859453846], [-90.72628834018757, 18.830360179581465], [-90.72897381962804, 18.811151799087536], [-90.74822753976859, 18.81424788905018], [-90.7448582898896, 18.80612724952541], [-90.74267172044652, 18.803528749769626], [-90.72992214020657, 18.802148219623817], [-90.73084524968355, 18.79429164923939], [-90.73206133987439, 18.787325489866063], [-90.7333884197047, 18.77110131965951], [-90.73342820039721, 18.766491859815286], [-90.73370809033987, 18.766141459500986], [-90.73506588968495, 18.765911399612982], [-90.73882166049475, 18.766651249010437], [-90.73698454035643, 18.75788990980556], [-90.73445781983963, 18.748084339355426], [-90.73440417002183, 18.745357199022976], [-90.73702437687753, 18.74259631234314], [-90.73432130586228, 18.7415956028047], [-90.7244445054894, 18.736858622835758], [-90.71174607618067, 18.73125855274005], [-90.6889899162709, 18.721692742387724], [-90.68766414548784, 18.721347262668836], [-90.65680293582295, 18.70568069259196], [-90.65284271667123, 18.70388263154619], [-90.59269666036785, 18.696312689385447], [-90.53859994959292, 18.682720149108142], [-90.5090440598713, 18.677727509858702], [-90.53212993960396, 18.57463245957733], [-90.47204415018753, 18.572564229553908], [-90.45836604997294, 18.805830289182566], [-90.30503460008497, 18.793995569586937], [-90.29799155039677, 18.867635829182642], [-90.29446536992558, 18.893669659141942], [-90.24344075022894, 18.892777649372317], [-90.21641795025272, 18.892793889649], [-90.20608177035227, 18.949256829730487], [-90.16454835001242, 18.981445889390066], [-90.16191025980187, 18.98153005912216], [-90.16322348998145, 18.998031479334088], [-90.06315185026347, 18.99604057914834], [-90.0630027096162, 18.963955619500847]]]}}, {"type": "Feature", "properties": {"CVEGEO": "04010", "CVE_ENT": "04", "NOMGEO": "Campeche", "CVE_MUN": "010", "NOMMUN": "Calakmul", "cov_": 28, "cov_id": 29}, "geometry": {"type": "Polygon", "coordinates": [[[-89.4805494803895, 19.152645579460145], [-89.48213310954517, 19.1345130292978], [-89.47968477016782, 19.13446844899273], [-89.47696355027095, 19.000000169458232], [-89.47712077009751, 18.952231459826137], [-89.41428257020848, 18.95522710925754], [-89.36903255004869, 18.957082539572436], [-89.30108370975887, 18.95326997927287], [-89.23349677018314, 18.956479999884223], [-89.2359591200803, 18.927028819744006], [-89.22891187974604, 18.872962348949876], [-89.20692340033295, 18.87555579975703], [-89.14860154979661, 18.877307059165226], [-89.14557306023907, 18.80879461916057], [-89.14493838033906, 18.79962694984298], [-89.14438185048908, 18.755918739285363], [-89.15574224956376, 18.753114749394314], [-89.15300210983229, 18.740976829435365], [-89.15211512030832, 18.735730739817374], [-89.15131362976423, 18.724021259051675], [-89.1513326300681, 18.701270849718966], [-89.14962073981842, 18.549610889104013], [-89.15023781966205, 18.45105939977529], [-89.12549018033778, 18.450625419040005], [-89.12488704986843, 18.44449362937816], [-89.1240650297882, 18.42897014937739], [-89.12122919989231, 18.385849629218484], [-89.13821405998306, 18.38554388947925], [-89.13235953973391, 18.293402649285362], [-89.15167366045726, 18.293562629460844], [-89.15805868000079, 18.22132697916961], [-89.14287262988026, 18.224163829140338], [-89.14316994039937, 18.17585721974707], [-89.14306597041674, 18.145819599720326], [-89.20023665021102, 18.144629339910015], [-89.20245777995697, 18.08327621925978], [-89.14438285996995, 18.082442939389782], [-89.14475354011763, 18.057699079418704], [-89.1633606904834, 18.057885119160694], [-89.16300383010122, 18.018517309759414], [-89.20673894035205, 18.021079949156437], [-89.20731085975963, 18.00744536971423], [-89.20741428036683, 17.992648599758162], [-89.20713694960426, 17.973362259765853], [-89.20587205023516, 17.9540997191403], [-89.19057384953476, 17.953758379799087], [-89.15217009033537, 17.95360997941655], [-89.15195662963036, 17.940256909679825], [-89.1517138495735, 17.815614249695486], [-89.29168208020779, 17.815445509857476], [-89.32925391953997, 17.815570649393685], [-89.49283985973975, 17.814635819313878], [-89.68061422987975, 17.815807859310148], [-89.77387100033182, 17.816039999658102], [-89.84814594967031, 17.815293199590123], [-89.92967930989306, 17.815046689536988], [-90.12669819977825, 17.816617889554283], [-90.24549985829432, 17.815786320073315], [-90.23554453582328, 18.105040258934263], [-90.23670322783587, 18.167055509127028], [-90.24881214288177, 18.166926368513096], [-90.24852313997111, 18.19344582966837], [-90.08209045022882, 18.198803229193178], [-90.08008865028305, 18.23014888906764], [-90.07761451999806, 18.23011359936197], [-90.07695611972099, 18.282398889243613], [-90.07403522960007, 18.391733769407256], [-90.09563391993424, 18.39234562960406], [-90.0879412503251, 18.469189149390512], [-90.11472082030402, 18.467906119080602], [-90.1482946001282, 18.465769179389717], [-90.14601607959425, 18.47797156955517], [-90.16685491031708, 18.476708119465737], [-90.16583964961306, 18.480024169188912], [-90.16227511008526, 18.51200887930551], [-90.17294366045024, 18.5109435090493], [-90.17225834029301, 18.558905399698414], [-90.20141087976144, 18.559602349180906], [-90.19667114001709, 18.588639199034066], [-90.20775405031245, 18.590683079523], [-90.19801961967313, 18.64075831985287], [-90.19205557978044, 18.64008836930686], [-90.17797314976666, 18.637949339003097], [-90.17468054034788, 18.669778949104117], [-90.1416357396015, 18.66667148981572], [-90.13892417019213, 18.690454089423238], [-90.16382958031403, 18.69258664968511], [-90.16064037013342, 18.729964479669025], [-90.1209291695689, 18.72629685955091], [-90.12208591973823, 18.716102569751737], [-90.06776278046082, 18.710441289038343], [-90.04325172032182, 18.915659169412795], [-90.03762720044737, 18.960895059111373], [-90.0630027096162, 18.963955619500847], [-90.06315185026347, 18.99604057914834], [-90.16322348998145, 18.998031479334088], [-90.1607198803013, 19.001591319558155], [-90.16142878029032, 19.016899199705364], [-90.1567264601116, 19.016773569850947], [-90.1565267401108, 19.04923616956564], [-89.99611401990187, 19.023530579294825], [-90.00695005970708, 19.053413679211094], [-89.92966137005457, 19.028661219709946], [-89.92982172049513, 19.024767259178752], [-89.77754897976996, 19.03183291946747], [-89.77227447977737, 19.064831249258376], [-89.69397395043933, 19.06313257913236], [-89.61428160047797, 19.059902909356385], [-89.58810990954666, 19.05999719965634], [-89.58435213969015, 19.098156119289175], [-89.57571226039266, 19.162022539059826], [-89.4805494803895, 19.152645579460145]]]}}, {"type": "Feature", "properties": {"CVEGEO": "04011", "CVE_ENT": "04", "NOMGEO": "Campeche", "CVE_MUN": "011", "NOMMUN": "Candelaria", "cov_": 30, "cov_id": 31}, "geometry": {"type": "Polygon", "coordinates": [[[-90.43771077627109, 18.46912521954106], [-90.42726073317515, 18.19724356889602], [-90.28363604808331, 18.198721849732532], [-90.28303462384723, 18.166453739751134], [-90.23670322783587, 18.167055509127028], [-90.23554453582328, 18.105040258934263], [-90.24549985829432, 17.815786320073315], [-90.2807397096245, 17.815521540319885], [-90.3605957800782, 17.81287116909373], [-90.43952257036196, 17.81491246033458], [-90.58632279876385, 17.816130139278442], [-90.64270870651937, 17.81580625972297], [-90.81372386621412, 17.8155902286123], [-90.87522098718652, 17.815206889226054], [-90.88278311975913, 17.81539992053167], [-90.98763950388899, 17.815473449785276], [-90.98766254671828, 17.87535654964826], [-90.99563736418867, 17.875489459189527], [-90.99550641475855, 17.902156649058792], [-90.98766599754217, 17.901350678950468], [-90.98761868601589, 17.950824340355855], [-90.98795171717735, 17.962545049556436], [-91.05775246030623, 17.96312562985163], [-91.1202003042014, 17.963375258944115], [-91.118435916569, 17.96739654960984], [-91.1135806472669, 17.975850480475952], [-91.1306691447985, 17.98225019815928], [-91.1331822568637, 17.958009720042806], [-91.151122964645, 17.962673449410023], [-91.14966373490476, 17.96690327993014], [-91.14472673663826, 17.975159860408763], [-91.1708460132258, 17.97803728904493], [-91.17200327584762, 17.97763785092998], [-91.17260485607157, 17.97804919863681], [-91.17351647489272, 17.977768000455697], [-91.17400947585338, 17.97696122962796], [-91.17504254501634, 17.976652229937876], [-91.17550673571851, 17.975700230413825], [-91.17645428588766, 17.974868780501], [-91.17748230623225, 17.975052287839368], [-91.17845333412767, 17.974887571268283], [-91.17935191589315, 17.975881259490873], [-91.18094922518934, 17.97667871822208], [-91.1812229749681, 17.976565401043615], [-91.18156050571947, 17.974766938682134], [-91.18211216634334, 17.974134539936873], [-91.1850023165474, 17.972915509959826], [-91.18560784483756, 17.97295016936146], [-91.18636297529521, 17.973160079883545], [-91.18776994649821, 17.97479605913844], [-91.1885533445288, 17.975209109229183], [-91.1886359169328, 17.976021288886336], [-91.18964916665136, 17.97571862059858], [-91.19046430566331, 17.97598706009835], [-91.19151261496083, 17.97715597887435], [-91.19171961741517, 17.97765059963915], [-91.19271357624481, 17.97821044831925], [-91.19350342518577, 17.97798596947621], [-91.19371810746878, 17.977727171068235], [-91.1944715163408, 17.978110918168063], [-91.19498673396677, 17.978086718735373], [-91.19512614642964, 17.976291290658136], [-91.19702348579828, 17.977381198767944], [-91.19756722640611, 17.977531148937445], [-91.19838648493739, 17.97739385898647], [-91.19892504645871, 17.976671619975154], [-91.19893121555923, 17.976063109469244], [-91.19939642633436, 17.974995218741324], [-91.2001283463862, 17.974509319859735], [-91.20064148546142, 17.974687978992613], [-91.20162696713952, 17.976088119016715], [-91.20262390402067, 17.976358197708063], [-91.20278116729405, 17.97578007970224], [-91.20353841525085, 17.975787089096666], [-91.20481794599428, 17.974553091098848], [-91.20622864583054, 17.97617088861278], [-91.20778488486259, 17.97577810903488], [-91.20821359647832, 17.975470660266943], [-91.20926190492422, 17.97579174849959], [-91.20951510686776, 17.975506678808067], [-91.21008567509033, 17.975400999596985], [-91.21110893525707, 17.976055309503494], [-91.21169148536598, 17.975845739652954], [-91.21170213560558, 17.97478894019734], [-91.21234321625955, 17.974347029731117], [-91.21314684618095, 17.974497740085713], [-91.2136847374093, 17.975004259639302], [-91.2152894758144, 17.97555642888547], [-91.21596399542196, 17.97550888936514], [-91.21647288633088, 17.975173230769922], [-91.21703299523818, 17.975339579505622], [-91.21745954608137, 17.97498685114016], [-91.2184210851455, 17.976195828399938], [-91.21869236700117, 17.97714770966205], [-91.22037290655864, 17.97761096995376], [-91.22106101590356, 17.978083047951326], [-91.2209165168659, 17.979425180297326], [-91.22151654492251, 17.979341119218528], [-91.2219501755897, 17.979040580552194], [-91.22237382653937, 17.979743079772543], [-91.22344048570352, 17.980601349081642], [-91.22375484662729, 17.981325798673474], [-91.22623222473183, 17.981579150344007], [-91.22725893506842, 17.982377567954597], [-91.22752130599065, 17.982207910563446], [-91.2277943155148, 17.982347087824856], [-91.22846573545512, 17.98176980101491], [-91.22955628501768, 17.982166138858194], [-91.2308487655597, 17.982124201205675], [-91.23118399416394, 17.982306418872916], [-91.23157057593382, 17.98297270898372], [-91.23177653480265, 17.98297458031946], [-91.23189242714415, 17.98261738047525], [-91.23271056661851, 17.983198048167974], [-91.23316208639879, 17.98298722144476], [-91.23348047533696, 17.983118459599428], [-91.23394454561641, 17.983388430425965], [-91.23374510504509, 17.983910078811483], [-91.23404902627306, 17.984177569590443], [-91.23740164530034, 17.985271289158252], [-91.2400130854882, 17.987003689405547], [-91.2411816852506, 17.988124939550957], [-91.2415071674858, 17.98871716948108], [-91.24206445456433, 17.988890849917762], [-91.24254107640199, 17.989680579563654], [-91.24346281534774, 17.990308489395098], [-91.24378104657548, 17.991126510314572], [-91.243266345035, 17.991462180764138], [-91.24374701618333, 17.99292713966883], [-91.24352481540431, 17.99493903066876], [-91.24395768605764, 17.99536919895835], [-91.24480536496542, 17.9955509101075], [-91.24487461582468, 17.996417000102067], [-91.24566577676184, 17.997070397948765], [-91.24555836562554, 17.997485829655403], [-91.24586710642475, 17.9978652905014], [-91.24564924609746, 17.99816223009952], [-91.24603321596678, 17.998822478705613], [-91.24636724505623, 17.998879980184732], [-91.24705802657593, 17.99988254904156], [-91.24832137503823, 18.000694939110108], [-91.24865047613787, 18.001702570437953], [-91.2480127950454, 18.00261390808122], [-91.24837128483165, 18.004534659585794], [-91.24898288421895, 18.00497957947065], [-91.24934134647769, 18.0057763189098], [-91.25008902564369, 18.006432307808833], [-91.250140877528, 18.006793017959755], [-91.25087384641469, 18.006604281361085], [-91.25129124551059, 18.006886289464205], [-91.25186901604059, 18.007926569107408], [-91.25282199485116, 18.008522539910224], [-91.25322396645302, 18.00927841857111], [-91.25404310478453, 18.009244599741606], [-91.25425751694732, 18.009650148032357], [-91.25479397695966, 18.00988171878053], [-91.25514905556163, 18.00992611837838], [-91.25558713624606, 18.00963237971141], [-91.25602244600577, 18.009929678748605], [-91.25780619665223, 18.010134349835806], [-91.25973227563072, 18.010992749656705], [-91.26034848619855, 18.01183659944038], [-91.26139817533655, 18.01204511029146], [-91.26200991583319, 18.012862878452438], [-91.26241653497466, 18.012730308723143], [-91.26274750611796, 18.01361347891897], [-91.26385988520221, 18.014136920392236], [-91.26447750596353, 18.014834028920887], [-91.26553774603802, 18.0155173091185], [-91.26647699555411, 18.01581914013397], [-91.26691088622799, 18.01626311962384], [-91.27588530517428, 18.02081545881232], [-91.27614281655386, 18.021373108864523], [-91.27666461599719, 18.021796939066736], [-91.27786671521154, 18.02211150836444], [-91.27841982397213, 18.022057490201064], [-91.27855648744483, 18.022656000551855], [-91.27908261527439, 18.022629250501648], [-91.28141925546738, 18.02400625988766], [-91.28338113514734, 18.026203258358397], [-91.28360394595049, 18.027215260126894], [-91.28409302518095, 18.027628318786736], [-91.28408456617312, 18.028552171186824], [-91.28371204563416, 18.028864598062256], [-91.28382605582642, 18.029313350984754], [-91.28447616594964, 18.029842459026042], [-91.28543799385135, 18.029804579593705], [-91.28575253728567, 18.03086785956786], [-91.28679016551857, 18.03151597043543], [-91.28854507590755, 18.033548118893968], [-91.28994870561215, 18.033891970462196], [-91.29098514583121, 18.034659889031197], [-91.29175641516808, 18.034786509752628], [-91.29248265574458, 18.03525210848632], [-91.29286870634454, 18.036353660874383], [-91.29370245603533, 18.03753797919423], [-91.29543350543408, 18.038852138813468], [-91.2956182567304, 18.039173198628248], [-91.29554593756548, 18.039929659215634], [-91.29606942391496, 18.03995454962795], [-91.29614771739017, 18.04080166003062], [-91.29705288525972, 18.04117121783978], [-91.29714342678935, 18.041441450185236], [-91.29674319590353, 18.041940318767175], [-91.2978980256035, 18.042261539816725], [-91.29857361669511, 18.04297554895409], [-91.30060107571595, 18.04342337997746], [-91.30149404604916, 18.043930378634396], [-91.3019738449967, 18.043974569910944], [-91.30481848668823, 18.045616798925977], [-91.30653942613685, 18.04593842066523], [-91.30776182681653, 18.046927478429783], [-91.3085553452748, 18.04691445963288], [-91.30934608524157, 18.04720089001476], [-91.31020274590809, 18.04804351912586], [-91.31230305534363, 18.048025419576664], [-91.31616865575012, 18.04912147952809], [-91.31788027636341, 18.049176310109562], [-91.31840034490061, 18.04938045970454], [-91.31970345621095, 18.05066967955118], [-91.32073857498143, 18.051272938379043], [-91.32069313674363, 18.052203519822886], [-91.32183496489725, 18.05268482827737], [-91.322523765325, 18.052710829801534], [-91.32415007505955, 18.054080779005144], [-91.32441564621672, 18.054737489588124], [-91.32414484518598, 18.055367108745752], [-91.32357047626459, 18.055339088539007], [-91.32375044652606, 18.05662855035924], [-91.3232742762007, 18.058401480278395], [-91.32341379692426, 18.059101478334536], [-91.32462607437189, 18.058972231101244], [-91.32511988641875, 18.059586349603677], [-91.32594654540956, 18.059718380136097], [-91.32580525591052, 18.06025636963485], [-91.32612344488044, 18.060439829654232], [-91.32669173607088, 18.061636857925684], [-91.32667644628313, 18.06242131964405], [-91.3276752264172, 18.06289936950616], [-91.32829105726012, 18.062804180747], [-91.31269062077932, 18.085325705191284], [-91.30569567140736, 18.0793830795431], [-91.30512633373581, 18.079109229050967], [-91.30406735033209, 18.077978079624984], [-91.30080463038617, 18.088519749637936], [-91.29915454046822, 18.10290373909704], [-91.28784269012667, 18.10243104913759], [-91.28761567964929, 18.099745459152114], [-91.28301523014284, 18.099166059721192], [-91.28256846042622, 18.10329982930453], [-91.23942904957822, 18.09883848922542], [-91.2385976142516, 18.10594554933336], [-91.25005343018391, 18.143934019324504], [-91.25140357978218, 18.145754179498848], [-91.25129010966849, 18.14628993932215], [-91.25158931034099, 18.146859949173546], [-91.25244093990155, 18.147560479295702], [-91.25272445038951, 18.14975084933997], [-91.25250588962808, 18.150623979187603], [-91.2527849800109, 18.151337539136076], [-91.2526823398234, 18.154140139097933], [-91.25317023012187, 18.154964979050224], [-91.25394649003677, 18.155573679175305], [-91.25407461993434, 18.156121799148845], [-91.25326242972554, 18.157208309647842], [-91.2518027802805, 18.15816130922894], [-91.25154461974114, 18.159179939778056], [-91.2519560004398, 18.16002231910652], [-91.25405735002965, 18.16170048926842], [-91.25443935037163, 18.16358179978011], [-91.25373071026861, 18.164296689151005], [-91.25221705022388, 18.16492102951609], [-91.25069337956447, 18.16654801906211], [-91.24947352030763, 18.170237889241537], [-91.25045057978826, 18.17045379900569], [-91.25075378012316, 18.170930429630282], [-91.25075794030988, 18.172079539279142], [-91.25046482967163, 18.173136249692934], [-91.25115810992006, 18.174421979750132], [-91.25079685003645, 18.174729059798217], [-91.24907906006618, 18.175156539520437], [-91.24952797974153, 18.176649998988385], [-91.25027123021171, 18.17705065943217], [-91.25182771984652, 18.178591139486766], [-91.25193631033682, 18.179330659144956], [-91.25142044965777, 18.18075984943943], [-91.2521991996271, 18.182773289829036], [-91.25112597037493, 18.18315739930902], [-91.25096290996301, 18.18396211901548], [-91.25005003034856, 18.183769169506558], [-91.24912809014961, 18.184486999613576], [-91.24902856962137, 18.184871289787058], [-91.24945482972159, 18.187422289711584], [-91.24774605015334, 18.189426679541363], [-91.24484874980558, 18.194218919203138], [-91.24631013992344, 18.203112249599826], [-91.26772450951685, 18.199911779595265], [-91.26398373973637, 18.20926202913887], [-91.18738809049745, 18.22767091907737], [-91.19046982015524, 18.23549567943334], [-91.18580685023525, 18.276914919709697], [-91.1749791398178, 18.275723949367357], [-91.16230593963408, 18.287022539830737], [-91.15648184656739, 18.28262974008637], [-91.1516951345667, 18.288349797726504], [-91.13374899681482, 18.287466601361476], [-91.11979537463132, 18.304130288479534], [-91.10854505751605, 18.30260035028653], [-91.10514632030744, 18.306757429341115], [-91.11648658015669, 18.308531139128768], [-91.11530289012505, 18.319312819411586], [-91.12421154967106, 18.320344149444978], [-91.12715802011364, 18.328268309350328], [-91.11105834982763, 18.330931919625474], [-91.10961122014712, 18.32824111964659], [-91.10509052039723, 18.327545509801944], [-91.10287135037098, 18.33989085908473], [-91.0843954598634, 18.338016979253247], [-91.08353794987477, 18.342982199499037], [-91.09786557028448, 18.345162139158248], [-91.09638726042961, 18.36406414944697], [-91.07942664491236, 18.369177378738417], [-91.06603614850465, 18.37003117961697], [-91.06628101613383, 18.35818244920837], [-91.06723956627488, 18.349413199235165], [-91.06872116403896, 18.340591178798178], [-91.05376768193914, 18.33826305939988], [-91.04226268209513, 18.33818402901239], [-91.01861116991934, 18.335106940202696], [-91.01599249013766, 18.36160281909277], [-91.00729768026943, 18.36002345918795], [-91.00609976979759, 18.347525889192553], [-90.97975127998251, 18.34528637961422], [-90.98193285984902, 18.322390509648034], [-90.95503385993226, 18.319842319817255], [-90.95398842043862, 18.32097850903444], [-90.95240060020967, 18.319983799686142], [-90.94149091040188, 18.337240139689698], [-90.91862443034739, 18.327158059757696], [-90.92415312034547, 18.318121249067655], [-90.92904376984391, 18.30128854903428], [-90.93763407955109, 18.305053199704496], [-90.94540754796272, 18.278025878962], [-90.94152367997515, 18.277564849192423], [-90.93910835017662, 18.27761284900132], [-90.92961341954562, 18.27710621948671], [-90.91424504995952, 18.27753421949724], [-90.89672655007783, 18.27770813912272], [-90.89502829009187, 18.29036604919175], [-90.89301906011211, 18.30302350966548], [-90.8834126501694, 18.301878459867073], [-90.86186175016888, 18.301510719489784], [-90.84779971956779, 18.301882709326204], [-90.81935504995508, 18.30206325980835], [-90.82054408966383, 18.280980919513485], [-90.82158753960657, 18.270024979429518], [-90.82272419959412, 18.26257991954165], [-90.80506234030639, 18.26037411989054], [-90.78738656997004, 18.25853159962562], [-90.78384302027791, 18.29924084970027], [-90.78115494018809, 18.318293829185325], [-90.77862094039628, 18.338769059518604], [-90.70223546015005, 18.338300969341336], [-90.70223418022219, 18.473919719659975], [-90.59118445968886, 18.475263889682637], [-90.59026603037908, 18.498584679630913], [-90.56733142026356, 18.497665999271987], [-90.5713847197258, 18.46426630951532], [-90.48913742993261, 18.465691859850793], [-90.49041017958356, 18.477262539413903], [-90.48566031961711, 18.47723188968973], [-90.48525294038895, 18.50021411934967], [-90.48628131971398, 18.507275939862872], [-90.43384855017045, 18.50769027929745], [-90.43771077627109, 18.46912521954106]]]}}, {"type": "Feature", "properties": {"CVEGEO": "04012", "CVE_ENT": "04", "NOMGEO": "Campeche", "CVE_MUN": "012", "NOMMUN": "Seybaplaya", "cov_": 26, "cov_id": 27}, "geometry": {"type": "Polygon", "coordinates": [[[-90.61466042971452, 19.716717574658535], [-90.61771257147721, 19.69568332212547], [-90.61786716452839, 19.68972293377186], [-90.62111084445198, 19.685603838541894], [-90.62154858550872, 19.680379500848755], [-90.57856798048724, 19.674959589397165], [-90.57966385948833, 19.66044925000279], [-90.57854671960473, 19.657371600601625], [-90.56123224899385, 19.65945414940755], [-90.56603550970907, 19.65073308050654], [-90.55713884180409, 19.648855876923356], [-90.56012476045719, 19.640280747643683], [-90.56197497205619, 19.63601960737316], [-90.55570231716675, 19.629146741806352], [-90.55611385187383, 19.622233552386994], [-90.55095155457909, 19.60894601096057], [-90.56711387297646, 19.59912911288273], [-90.56668372847588, 19.592295871002246], [-90.56756990755044, 19.592395013785957], [-90.56761675373451, 19.58386943087276], [-90.56572688043883, 19.58384462851791], [-90.56593996388656, 19.56964214720982], [-90.58962726559221, 19.569959942782734], [-90.58923798035634, 19.566193299925576], [-90.59116488042136, 19.5661899539958], [-90.591077762238, 19.55508055359962], [-90.59056409173029, 19.5482503483234], [-90.5945368004484, 19.539590264001117], [-90.61446033840978, 19.539640333511354], [-90.60934845953443, 19.53197056754805], [-90.60602033334001, 19.5186993095522], [-90.60615921171654, 19.516499332697116], [-90.60453560207888, 19.503689884237694], [-90.60348897490192, 19.49804691047037], [-90.6180179929905, 19.495232351268896], [-90.62651207686977, 19.494446841615193], [-90.63426262565007, 19.49127002683954], [-90.63802567762345, 19.49103569263018], [-90.6380075782097, 19.488217688910296], [-90.63846918961774, 19.486892017316045], [-90.65317243010983, 19.4890296822493], [-90.65396849447336, 19.48851438311552], [-90.66485695423543, 19.490084005264535], [-90.68081301713029, 19.49173613832641], [-90.68366849856787, 19.490887910977058], [-90.68576566325066, 19.491953508600783], [-90.68548623383462, 19.492221491873455], [-90.69869389713246, 19.494823950811423], [-90.69849288810529, 19.498648353097202], [-90.70394241683842, 19.499620593715132], [-90.70407940395445, 19.500536432841457], [-90.70572169516679, 19.50378957202184], [-90.70815624110377, 19.505566672644907], [-90.70855902205535, 19.50724673872448], [-90.7089622861719, 19.508065103409145], [-90.70966125062307, 19.508704586648555], [-90.70958995487433, 19.511931053492297], [-90.71072495789527, 19.51406543009873], [-90.71052762466391, 19.515579691049165], [-90.71014453114415, 19.516220243541007], [-90.70896050959348, 19.519981687728375], [-90.70853126959047, 19.522913917769905], [-90.70867558290605, 19.523516455567815], [-90.70941559501648, 19.523542629781232], [-90.7094202146886, 19.52374446666661], [-90.70861447984556, 19.52373550669337], [-90.70858693684777, 19.52394254554363], [-90.70880774106644, 19.524878132216266], [-90.7091789693656, 19.525042621830845], [-90.70895277762422, 19.525093014832237], [-90.70900962229939, 19.525277834273023], [-90.70952360463687, 19.525583050583617], [-90.70987121191881, 19.524541394674042], [-90.70990092130386, 19.52352213341855], [-90.71007323952028, 19.523547334677314], [-90.70977911044358, 19.525717457213123], [-90.7105693959982, 19.52636428793315], [-90.71110147957695, 19.527526210777225], [-90.71090690257228, 19.52837369746727], [-90.70953491091552, 19.53069931521815], [-90.70930938842133, 19.531764912665317], [-90.70847852459393, 19.532977815306655], [-90.70803072904333, 19.534554346709808], [-90.70734753313373, 19.53554220547935], [-90.70715330417937, 19.5373412884771], [-90.70790283588924, 19.539090188205087], [-90.70725978210801, 19.540231651629117], [-90.70738237967659, 19.54051128198189], [-90.70721125029023, 19.54048261103146], [-90.7069352039658, 19.541089669196797], [-90.70689180920262, 19.541624062854094], [-90.70644116814007, 19.54207741627525], [-90.70662370661282, 19.5423211159693], [-90.70631567362737, 19.542442965487567], [-90.70576805933432, 19.54358619577535], [-90.7053516446933, 19.544783174465156], [-90.70559502829714, 19.544892478431546], [-90.7055360838083, 19.545026869189698], [-90.70520143026867, 19.544998199552275], [-90.70515199317124, 19.54517738690631], [-90.70546002621053, 19.54531715265264], [-90.70517100813805, 19.54525981333357], [-90.70524136089496, 19.545670151407727], [-90.7050569211703, 19.54562893805741], [-90.70468997252355, 19.54706546246659], [-90.70403086220645, 19.552616746426704], [-90.70436725485682, 19.555255537493995], [-90.70531762698252, 19.559034052866995], [-90.70634912076048, 19.560843260677412], [-90.70728477028888, 19.560589836181624], [-90.70973598573077, 19.5606465483622], [-90.71065478989667, 19.56172027862191], [-90.71145596193365, 19.56185571089686], [-90.7119162229576, 19.56228618349644], [-90.70882833151943, 19.565864825084592], [-90.7088854383232, 19.56640020378766], [-90.70864097412444, 19.566434574901294], [-90.7078610730367, 19.56742099644187], [-90.70783858277696, 19.567955433178884], [-90.7082188703047, 19.5679061632088], [-90.70714367105403, 19.568527442943186], [-90.70477296895112, 19.573340514205352], [-90.70309880517216, 19.575980549601308], [-90.70279281979637, 19.576932893209545], [-90.70069778701738, 19.580608402782158], [-90.69443576780371, 19.59392185178418], [-90.69035827339961, 19.60426669705109], [-90.68694046508224, 19.616075822391227], [-90.68592696180795, 19.62188999875974], [-90.68555610797046, 19.625363711043978], [-90.68559888970917, 19.62793263073445], [-90.68622636454447, 19.631905137052968], [-90.68756687843597, 19.635639137133698], [-90.6884036781613, 19.63711524317176], [-90.68890196032949, 19.63693404983256], [-90.68840367824846, 19.637215180993152], [-90.6896647140417, 19.639612190442037], [-90.69066483538963, 19.63954933471936], [-90.69087399420265, 19.64013806654483], [-90.69495257751188, 19.638322616328423], [-90.69519976493662, 19.637682391057464], [-90.69464834750424, 19.637480920406336], [-90.69470063785218, 19.637286166090455], [-90.69528295282795, 19.637454058335695], [-90.695547395827, 19.636822102426198], [-90.69511419968063, 19.635992273341955], [-90.69533048897374, 19.63592063832925], [-90.69574167471316, 19.636733240493864], [-90.69506904115161, 19.638436782261298], [-90.69063393756807, 19.64040445031502], [-90.69042002514439, 19.64071336532092], [-90.6915244431626, 19.642743682997054], [-90.6938708555992, 19.64556070034428], [-90.69588558826521, 19.646352190764368], [-90.69682470174882, 19.647125456288002], [-90.6972731661891, 19.64714873583568], [-90.69786752169033, 19.64774381950503], [-90.69908049020866, 19.648200679072723], [-90.69940448343296, 19.64870339054984], [-90.70743565504462, 19.649155595718945], [-90.70741664101656, 19.649442110123303], [-90.70711716438362, 19.649240654595083], [-90.70634809724055, 19.649265983506833], [-90.70627252967323, 19.654393205036456], [-90.70735634941131, 19.654330532277807], [-90.70862080520466, 19.651872834903685], [-90.70844492230157, 19.6518056837481], [-90.70853999458082, 19.651572894463964], [-90.70868561156593, 19.651612221148106], [-90.7096761599161, 19.64967079139537], [-90.71062206851495, 19.650149290995234], [-90.71055551815252, 19.6544021583862], [-90.73767477537186, 19.65475581259707], [-90.73778886161732, 19.652517480200952], [-90.73797425195063, 19.6522130643889], [-90.74008484743341, 19.652284691895325], [-90.74028449837552, 19.652580154201384], [-90.74038432415419, 19.654796101917302], [-90.74366430458494, 19.65482743863147], [-90.7436808281277, 19.655088860667018], [-90.70636037938817, 19.6546673389797], [-90.70572982157029, 19.65550015158659], [-90.70407609682255, 19.660508916034065], [-90.7036174564336, 19.663322034669065], [-90.70368030187876, 19.66526112536135], [-90.70399222060074, 19.665762172601802], [-90.70409227028689, 19.666743067579198], [-90.70449752790626, 19.667417879426033], [-90.7045986911416, 19.66805755678435], [-90.70568274480794, 19.667766489754165], [-90.70603398050137, 19.668113562278347], [-90.70601119494947, 19.668926228760583], [-90.70688461424554, 19.668986989828515], [-90.70719021588425, 19.6713336803461], [-90.70797250672472, 19.6713578748447], [-90.7081312934317, 19.67032597800919], [-90.7083885843075, 19.670436477234748], [-90.70837280882287, 19.671366993190535], [-90.70949137326393, 19.671408421697866], [-90.70956261754864, 19.670498908757367], [-90.71050643549836, 19.67058639075776], [-90.71053811835951, 19.67138364950212], [-90.71215187837375, 19.67138965085865], [-90.71230146385456, 19.67182744479962], [-90.71100774986995, 19.671937844370998], [-90.71100370691306, 19.671789375542087], [-90.70744195091399, 19.671686588966562], [-90.7071144757845, 19.67201856073698], [-90.70674530037887, 19.673719666805383], [-90.7070943407028, 19.67506109454839], [-90.70697765630845, 19.67569483523683], [-90.70567631995144, 19.676895510465368], [-90.70405091225341, 19.677967214949472], [-90.70034817220785, 19.681604034458154], [-90.69767991235143, 19.68354704845442], [-90.69685122799567, 19.68458681691656], [-90.69479931479249, 19.68643914846031], [-90.69240200081053, 19.690316968748675], [-90.69150010617437, 19.69098430417773], [-90.69105270313398, 19.691062382688543], [-90.68971997454756, 19.69227451490419], [-90.68824237697537, 19.694797672729113], [-90.68738833072732, 19.69550602151346], [-90.68714751723853, 19.696643245642584], [-90.68507906898596, 19.699829216744185], [-90.6850848342885, 19.70053374429062], [-90.6839964199503, 19.703080452796748], [-90.68366183231248, 19.703060852753673], [-90.6831107505697, 19.703410129410496], [-90.68048895506872, 19.70531025743361], [-90.67891342091363, 19.706903325437533], [-90.67675929049304, 19.709534741104843], [-90.676543402142, 19.710372457976423], [-90.67511572467055, 19.711568137185807], [-90.67407003843049, 19.712923345192635], [-90.67342826427972, 19.71414107644633], [-90.67097831709306, 19.717431659705525], [-90.66967752682, 19.71997220225151], [-90.6484701145233, 19.711553916064286], [-90.63159632120588, 19.704245972295006], [-90.62165639698794, 19.712019968462492], [-90.61466042971452, 19.716717574658535]]]}}, {"type": "Feature", "properties": {"CVEGEO": "04013", "CVE_ENT": "04", "NOMGEO": "Campeche", "CVE_MUN": "013", "NOMMUN": "Dzitbalché", "cov_": 32, "cov_id": 33}, "geometry": {"type": "Polygon", "coordinates": [[[-90.08031774622044, 20.346930286992695], [-89.99302577583587, 20.337975622844827], [-89.9890673999023, 20.33578324798312], [-89.98969137012975, 20.307700059685693], [-89.9767344256341, 20.307476027851635], [-89.976730354959, 20.314470432974023], [-89.96655764448968, 20.3084660878362], [-89.93701884499544, 20.289399118696025], [-89.92958401298681, 20.28232355376079], [-89.92164276425939, 20.278826844699566], [-89.91509379830784, 20.276960961651245], [-89.91082031618782, 20.2751064074741], [-89.90986390945444, 20.27428681328509], [-89.8797555227762, 20.265267341783378], [-89.8747918883798, 20.262253730849526], [-89.87566068998602, 20.253101950187528], [-89.84067816876023, 20.25102750951281], [-89.84609565879447, 20.21377120020891], [-89.84616490851917, 20.2096869802525], [-89.84345315455377, 20.20927505855945], [-89.85553207097009, 20.112753032047173], [-89.90205310015666, 20.1158086460784], [-89.88976355870447, 20.1388293484189], [-89.96500586060382, 20.157430137410802], [-89.94079655013692, 20.19579214305999], [-89.93837931184486, 20.210817664705992], [-89.93532562068589, 20.225991280122134], [-89.96127796229507, 20.230863183632373], [-89.96205466714761, 20.21631634237452], [-89.98095847816155, 20.225106894077527], [-89.9801284395519, 20.212761839098345], [-89.99614222013506, 20.213072670787437], [-89.99670129903124, 20.20276974515746], [-89.99772509547188, 20.194195918781897], [-89.99833387831657, 20.178272062701133], [-89.99736847285781, 20.168450723001634], [-90.01914035638588, 20.171003669335988], [-90.0199386131231, 20.170225250414497], [-90.02530132377234, 20.171352205323316], [-90.0275068905212, 20.174849899474513], [-90.03022905372002, 20.176630666968997], [-90.02988248076629, 20.205579687700524], [-90.04099269005157, 20.20744961226168], [-90.04105948200258, 20.20856443429212], [-90.05274147452481, 20.20616695277254], [-90.05424592516384, 20.208266049899617], [-90.06199434293944, 20.211162067949203], [-90.06142246971991, 20.215468477733488], [-90.06349484993669, 20.21541063599721], [-90.06770818399762, 20.231649964368746], [-90.06803145771573, 20.23177723829853], [-90.06886408388345, 20.25288021941257], [-90.08930741846015, 20.256086053672313], [-90.08962491946112, 20.256516342826156], [-90.08802967869667, 20.25868613619214], [-90.09350998627792, 20.26096514479195], [-90.09236047663266, 20.264918627463505], [-90.12245508616739, 20.267422873643564], [-90.12141292366269, 20.27858662630194], [-90.10956541789771, 20.276871873000484], [-90.09964910312017, 20.309061300334015], [-90.09102882383085, 20.316260485965785], [-90.08706235183242, 20.3159576336293], [-90.08199800562087, 20.330747707056325], [-90.08031774622044, 20.346930286992695]]]}}]}