{"type": "FeatureCollection", "name": "municipalities_simple", "crs": {"type": "name", "properties": {"name": "urn:ogc:def:crs:OGC:1.3:CRS84"}}, "features": [{"type": "Feature", "properties": {"CVEGEO": "06001", "CVE_ENT": "06", "NOMGEO": "Colima", "CVE_MUN": "001", "NOMMUN": "Armería", "cov_": 82, "cov_id": 83}, "geometry": {"type": "Polygon", "coordinates": [[[-104.05059283027303, 19.153927509454093], [-104.05009268047263, 19.153868819383188], [-104.04954775033877, 19.154184179545986], [-104.04938388970768, 19.1540465397171], [-104.04934490977767, 19.15344959976871], [-104.04966268044512, 19.152696689119033], [-104.04824741991413, 19.151682889293593], [-104.04541979999169, 19.151364109082134], [-104.04506802976589, 19.151656019281084], [-104.04525040044011, 19.152581649787056], [-104.04474942000338, 19.153682859365137], [-104.04443834036947, 19.153641818978844], [-104.04421154041663, 19.153122419126763], [-104.04249012008817, 19.15249531903602], [-104.04180420024248, 19.15132607947454], [-104.0405938000834, 19.15062431907256], [-104.0385982196078, 19.15073999933901], [-104.036780520334, 19.151967449864376], [-104.03614456990377, 19.15141121928313], [-104.03555368023781, 19.150116999166194], [-104.03412891004987, 19.149513149560956], [-104.03349308982092, 19.14752950956724], [-104.02833358004396, 19.143744349133634], [-104.02554563011185, 19.144336949617237], [-104.02552139984891, 19.143698979735973], [-104.02442490977076, 19.14168684934541], [-104.02258206018399, 19.141106689120782], [-104.01849526032946, 19.141218679797998], [-104.01660007996287, 19.13943497960573], [-104.01340670971281, 19.13805805911521], [-104.01284409046315, 19.137026119341453], [-104.01149801958198, 19.136702939854494], [-104.01047160021041, 19.137172919018532], [-104.00936903028735, 19.137109229566146], [-104.00870161971825, 19.137412168970823], [-104.00664313992611, 19.136942999561946], [-104.00506393953724, 19.13687890913298], [-104.00606951999075, 19.13484057958474], [-104.0059133395989, 19.13355514951722], [-104.00536579983088, 19.133262859576995], [-104.00268208008895, 19.132983829071094], [-104.0017371402444, 19.13194856916872], [-104.00070965019898, 19.131366109516897], [-103.9987080599573, 19.13246167969185], [-103.99740334010036, 19.131785029579515], [-103.99512942005015, 19.132172479123675], [-103.99191034002519, 19.131305339700262], [-103.99063149047056, 19.13180682920928], [-103.98894740046791, 19.132977139618216], [-103.9865162203078, 19.132927739015926], [-103.98512605963418, 19.132648109829805], [-103.98311137014838, 19.132958369857338], [-103.9811601702339, 19.130893029133574], [-103.9805973099182, 19.130743089349604], [-103.97957880016105, 19.129775169209335], [-103.9739414204154, 19.126112649773994], [-103.97245267995118, 19.126834169369918], [-103.97113161963374, 19.125137539216375], [-103.97096474980587, 19.12443444958894], [-103.96825653956972, 19.12272037984971], [-103.96709311975451, 19.122268649865607], [-103.96310208986748, 19.122359819581856], [-103.96254222015233, 19.121031569724067], [-103.96182982990491, 19.120199019520722], [-103.96071145023942, 19.11734097921738], [-103.96039948978843, 19.1171236494595], [-103.95823702015511, 19.117445199165378], [-103.95519214964767, 19.116639449625364], [-103.95362849002254, 19.11643836912142], [-103.95268093983441, 19.116604819786335], [-103.9515005696506, 19.117465019387303], [-103.94972906015964, 19.11798833974312], [-103.94451074978049, 19.118407349650465], [-103.94204194022352, 19.118138119170414], [-103.9407667503783, 19.118220689221197], [-103.93814975028843, 19.118850969639904], [-103.93705616999081, 19.11892876951127], [-103.93547980000804, 19.11756274934927], [-103.93345778041852, 19.11626471974049], [-103.93218236983749, 19.11620794973031], [-103.9309877499861, 19.116587889775758], [-103.9258310895347, 19.11483997899711], [-103.92411028991437, 19.11385625978757], [-103.92265975017881, 19.111779019067292], [-103.9219921799216, 19.111660949763138], [-103.92125891011017, 19.111175519679186], [-103.91968334965986, 19.109343029348757], [-103.91901544984788, 19.110271399049342], [-103.91209305984125, 19.10484273978793], [-103.90588714975189, 19.1006560593166], [-103.89865924955228, 19.09735313932666], [-103.89563723673511, 19.097785874821497], [-103.8950100505288, 19.096990137269508], [-103.89491300670942, 19.09380255309761], [-103.89555520100018, 19.091013891618747], [-103.89709646537594, 19.08916782281554], [-103.89741355495487, 19.086855375499574], [-103.8981203293581, 19.086457939492632], [-103.89837097399094, 19.085063179121523], [-103.89914617944625, 19.083442030823885], [-103.89937530362765, 19.082257534467292], [-103.89920836724394, 19.080691892565333], [-103.9000381905775, 19.077817931649502], [-103.90140999458407, 19.076305849450627], [-103.90352052335002, 19.07517319984157], [-103.90527118991939, 19.072462470843192], [-103.90633191777457, 19.07038154310861], [-103.90659477965787, 19.06871906049079], [-103.9059967916727, 19.065581092397935], [-103.90637066957231, 19.063782988851585], [-103.90684383739662, 19.06271707686559], [-103.90695616135046, 19.061692061325505], [-103.90986181971368, 19.05800101917184], [-103.90977026419787, 19.055449745244466], [-103.91054197114697, 19.049950196805963], [-103.91231000164117, 19.04599688224286], [-103.91276853242101, 19.04555933838819], [-103.91327902720309, 19.04544790633924], [-103.91303606473959, 19.044320050898417], [-103.91224546726842, 19.04295259701177], [-103.91217710109265, 19.041869128538405], [-103.91240759016071, 19.04027848816167], [-103.91365985174485, 19.036548597729986], [-103.91271840697152, 19.03544818276198], [-103.91136878391333, 19.031650549366883], [-103.91191972883661, 19.02973870424017], [-103.91220052105929, 19.026613777309485], [-103.91247842344136, 19.026170023129474], [-103.91092490726322, 19.02384411339699], [-103.91092076935107, 19.021812260781516], [-103.91057647659024, 19.020836726539212], [-103.90871178056443, 19.01913098508235], [-103.90860161539558, 19.016062447856136], [-103.90820348914482, 19.014668606472508], [-103.90901719145535, 19.013378858058545], [-103.90941655393075, 19.013212548934312], [-103.91082677983444, 19.013206516718338], [-103.91240044619101, 19.011971322452897], [-103.9123773381412, 19.011139830423758], [-103.91324411575903, 19.01047361949224], [-103.91372751667888, 19.009192556149586], [-103.91444918339289, 19.00837911182567], [-103.91460688967376, 19.006852263084625], [-103.91349895161116, 19.00444291919389], [-103.91430135266701, 19.002805093921808], [-103.91406628539197, 18.999984860467436], [-103.91431234188292, 18.999635236308066], [-103.91428252946083, 18.99919713764833], [-103.91382073845756, 18.998072660958748], [-103.91356696766282, 18.995512952255783], [-103.91298392307084, 18.99527549217822], [-103.91327580327538, 18.994213403343554], [-103.91394813812886, 18.99307627672591], [-103.91476046699403, 18.992608591478767], [-103.91516239257828, 18.992115710936133], [-103.9163033793985, 18.988944904526146], [-103.91829393885855, 18.9879600151328], [-103.9191919721618, 18.98555477506831], [-103.91934808467191, 18.984730828956483], [-103.91912956891801, 18.983591261305914], [-103.91989743036399, 18.98235775365512], [-103.91926214906078, 18.98051996508207], [-103.91872252747821, 18.979785200854298], [-103.9187048531134, 18.975746878557484], [-103.91852762641932, 18.97464075029216], [-103.91785190100563, 18.97333187584043], [-103.91696025074643, 18.97014199315163], [-103.91686336198974, 18.96901803064032], [-103.91714005950652, 18.9668149181333], [-103.91701329274422, 18.9656415837882], [-103.9161237148166, 18.965661345593052], [-103.91522160123252, 18.965032042720747], [-103.91500462872534, 18.96361058044153], [-103.91449112571446, 18.962811404989814], [-103.91451367703114, 18.96149730693816], [-103.91494095833288, 18.960633544082484], [-103.91542587720274, 18.96025622975647], [-103.91574824008744, 18.959368702711423], [-103.91521723390345, 18.958712880860496], [-103.91455119993645, 18.958632968533177], [-103.91420605187396, 18.957702783154414], [-103.91448054040423, 18.957223820967297], [-103.91501111877652, 18.956995334522574], [-103.91631402857014, 18.955807184813775], [-103.91816384611666, 18.955129876507034], [-103.91866428784927, 18.954673670060735], [-103.91877508631259, 18.953626711180707], [-103.91843133525433, 18.95315848111524], [-103.91809244304223, 18.953106294534003], [-103.91761968595574, 18.95206627571801], [-103.91776094237326, 18.951440293526456], [-103.91868760840265, 18.950355449960906], [-103.91969127085842, 18.95018915567954], [-103.92039223033414, 18.949766183727956], [-103.92149381109661, 18.94981271577271], [-103.9238568006445, 18.9506796075273], [-103.92669707388387, 18.950718970706305], [-103.93096270944751, 18.950161244971827], [-103.93145288970466, 18.950585837256693], [-103.93117176684717, 18.951424849532916], [-103.93137498433545, 18.952088922667084], [-103.93251310154098, 18.95268780499494], [-103.93343186546385, 18.954867115463163], [-103.93451933885379, 18.95611467138978], [-103.93634103123604, 18.957458154595475], [-103.93911762332965, 18.958514114902773], [-103.93992287567673, 18.958733904193796], [-103.94171479424338, 18.95865547808998], [-103.94187968871383, 18.958293204598295], [-103.94483109244274, 18.95769317554137], [-103.9454945296759, 18.957337843935974], [-103.94586912547472, 18.956859870346044], [-103.94603979978189, 18.95492901472486], [-103.94512013626273, 18.954225980846395], [-103.94270779077213, 18.951297333489883], [-103.94199867557433, 18.949464239177516], [-103.9417709792545, 18.94803556345525], [-103.94195230808668, 18.947544216619324], [-103.94257398704828, 18.947151047397043], [-103.94268246136488, 18.94664149182713], [-103.94315768808745, 18.946171384818843], [-103.94376683074238, 18.944858445823833], [-103.94425126709854, 18.94440594398589], [-103.94572786947965, 18.94365462759638], [-103.94597952197799, 18.942880804959923], [-103.94502228237114, 18.941907040186283], [-103.94490157284571, 18.94142610292591], [-103.9442379933883, 18.940762109737538], [-103.9440695970461, 18.940309491579306], [-103.94397319088253, 18.938759403446014], [-103.9436268002369, 18.938432676176227], [-103.94275638097298, 18.935438658899656], [-103.94285626648147, 18.934241701304625], [-103.94222656510708, 18.930995702316626], [-103.94231166331755, 18.928156098007218], [-103.94345967365997, 18.925723572932633], [-103.94359975694452, 18.925021438978654], [-103.94362430755987, 18.920702984488287], [-103.94148998716884, 18.91965136476614], [-103.93975120007327, 18.9180992992805], [-103.93935765846057, 18.915966740653325], [-103.93946738994502, 18.915537001258215], [-103.94027712339965, 18.914774137712616], [-103.94188089939395, 18.91262427942354], [-103.9424953135377, 18.911996574284522], [-103.94323590347668, 18.911678015540573], [-103.94804013981884, 18.906591467798894], [-103.94838752321716, 18.90607272257506], [-103.9496241136796, 18.902231825022287], [-103.95062546675688, 18.902144236739616], [-103.95089096766348, 18.90186599634275], [-103.95081843718735, 18.90116982629415], [-103.95113511609138, 18.900418469847896], [-103.95106961404186, 18.898352333846372], [-103.9501622832034, 18.89641772751722], [-103.94997782391275, 18.895061026388408], [-103.95078361446444, 18.89393944675684], [-103.95199709497494, 18.89317880289995], [-103.95463425182201, 18.892024484629076], [-103.9557340569186, 18.89087584312148], [-103.95616715342085, 18.889085071523372], [-103.95610918460524, 18.88882024540647], [-103.9550313689783, 18.888100291520026], [-103.95339163163919, 18.88462232391352], [-103.9529266834597, 18.881982417730633], [-103.95234652463218, 18.880614008525527], [-103.95232633681184, 18.879982686858323], [-103.95272327944987, 18.87916004855661], [-103.9552008872425, 18.876964753287172], [-103.95726779900825, 18.872938049096785], [-103.95732989711412, 18.872156558868028], [-103.95897269351167, 18.869683956872944], [-103.9606892004418, 18.86795772547191], [-103.96214198923559, 18.866961635144513], [-103.96260663763019, 18.867159007200076], [-103.96481889659327, 18.866617902195287], [-103.96606285951373, 18.866495706873], [-103.96759128219917, 18.866676340385872], [-103.9691296871684, 18.866415434313296], [-103.970021392051, 18.865534975112446], [-103.97100804007854, 18.865597815875287], [-103.97254682105924, 18.86471167529747], [-103.97535500372823, 18.866196892063], [-103.97665418944952, 18.866530017344342], [-103.97802257974321, 18.868386459225185], [-103.98320841476374, 18.8722514315617], [-103.9846658352046, 18.872776102759055], [-103.98793045479866, 18.87329244578553], [-103.99057879546451, 18.87417522576934], [-103.99248474023568, 18.875280939208455], [-103.9955797501273, 18.87788921919767], [-103.9973655195969, 18.8791785498808], [-103.9981630800261, 18.879425769411636], [-103.99803080038129, 18.87964848932862], [-103.99934145041894, 18.880551829796858], [-104.0001600196107, 18.880909229479453], [-104.0001320297885, 18.880320349374724], [-104.003031290345, 18.88189433939635], [-104.00588847988219, 18.88376707930459], [-104.01245442027705, 18.886609539303212], [-104.02157951008029, 18.88996341978492], [-104.03848817041532, 18.89829134933548], [-104.04876316041974, 18.903665075647652], [-104.06320410896484, 18.911809970448953], [-104.07138909648154, 18.917004116418536], [-104.09023274033306, 18.928194599859342], [-104.09530046004873, 18.93071508947858], [-104.10876942959851, 18.93860202937655], [-104.11994611042903, 18.944198459424165], [-104.11955110974559, 18.9449936493381], [-104.11660846032642, 18.943806719262568], [-104.1156988602659, 18.94632871979206], [-104.11879995011807, 18.947719719076836], [-104.11856371014008, 18.948517169453044], [-104.11735032016365, 18.95158885910501], [-104.11692918006422, 18.952049829439158], [-104.11574213989634, 18.955289859178258], [-104.10932333965978, 18.9685897492438], [-104.10410141975042, 18.980746029778736], [-104.10368922959111, 18.981103518977537], [-104.10370240045133, 18.98175097961322], [-104.10256288983982, 18.982631979771867], [-104.10279016964999, 18.983279679254178], [-104.10236107977329, 18.984555489648002], [-104.10147384965434, 18.984837199076285], [-104.10053813985841, 18.98581331915625], [-104.10044291015043, 18.98642384925751], [-104.09986656990115, 18.987097089743475], [-104.0974425197241, 18.98673582922288], [-104.094902200415, 18.98711751927038], [-104.09428634970939, 18.986690509628286], [-104.09329982046113, 18.986977459425567], [-104.09248348972316, 18.988192629557243], [-104.0924071499975, 18.98964139902604], [-104.09218594955342, 18.990018139768097], [-104.0892540299449, 18.988851719835036], [-104.0779697496192, 18.987408619430944], [-104.07714264968747, 18.988733819631573], [-104.0752142201682, 18.993066289345332], [-104.06881718024164, 19.004694029028027], [-104.06686292040129, 19.009131059135964], [-104.06046087954232, 19.013637029586306], [-104.05836888007447, 19.011574599588062], [-104.05741590954811, 19.01278574972821], [-104.0562290798938, 19.01325673957535], [-104.05599190956582, 19.01365764953698], [-104.0535279702392, 19.01060710938683], [-104.05424591979012, 19.010037679509384], [-104.05420850966307, 19.0098574294884], [-104.05287258023097, 19.009837979691365], [-104.05075694968582, 19.008742879152113], [-104.04949344967943, 19.008726859346677], [-104.0408869099754, 19.012483169282163], [-104.03633962985703, 19.010733399062342], [-104.0301408299676, 19.012597509463582], [-104.03681422039662, 19.021772479074514], [-104.03569425028257, 19.0220502293717], [-104.03187569007913, 19.024306599082717], [-104.03439097964278, 19.02472742966551], [-104.0344884903506, 19.028271349466717], [-104.03235361974662, 19.031463369417352], [-104.03128983016576, 19.031408169167207], [-104.03087747973952, 19.03277248972179], [-104.02974781964205, 19.032808149648545], [-104.02800856990962, 19.033554249665478], [-104.02663762966692, 19.034467109372727], [-104.02621671954056, 19.035614339870683], [-104.02444464997072, 19.03715899944141], [-104.0230763402472, 19.038804379252078], [-104.02368854996152, 19.03978077946187], [-104.02598611977706, 19.042334739070665], [-104.02792754001673, 19.04579565915556], [-104.02725547981757, 19.04726967912582], [-104.02716922001679, 19.051098339447147], [-104.02683483018012, 19.051969079355384], [-104.02913920035407, 19.05761968965709], [-104.02687912015664, 19.059928909614797], [-104.0300695099002, 19.06224944923431], [-104.03077784985044, 19.063838859333522], [-104.02997974996505, 19.06556127985383], [-104.02959847955397, 19.067132579259727], [-104.03128717998237, 19.06998039923491], [-104.03387924966606, 19.071640139032528], [-104.03985307956167, 19.076286519304997], [-104.04154771980372, 19.07947656977424], [-104.04175387956089, 19.081402119383853], [-104.04217136993523, 19.082000339482637], [-104.0433542003552, 19.082822249520703], [-104.04623085043686, 19.083810879127714], [-104.05683433980144, 19.092693379487873], [-104.0638424002511, 19.100859119810313], [-104.06787401984204, 19.10193654922644], [-104.06358034027602, 19.116743309273552], [-104.06253125986994, 19.11869954971078], [-104.06903691028879, 19.128567909573498], [-104.06940430979422, 19.132309719026928], [-104.06796753960482, 19.13450668901636], [-104.06620137963822, 19.142650448988974], [-104.06524849006044, 19.142785309265076], [-104.06476602998663, 19.14533605972566], [-104.06147708456774, 19.145669728658465], [-104.06008830261169, 19.14853741110356], [-104.05996202135003, 19.149512265356982], [-104.05929384475155, 19.15021656247227], [-104.06077363321444, 19.150723256619802], [-104.06085101962123, 19.15166162944768], [-104.0546664598201, 19.152137629162684], [-104.0531601201203, 19.15280374920801], [-104.05195969021717, 19.152290379179167], [-104.05177527955874, 19.152501339399155], [-104.05189962953241, 19.153179488978925], [-104.0515176502981, 19.15347557940285], [-104.05178151029226, 19.153759659129094], [-104.05173084993022, 19.154089719467187], [-104.05105903024248, 19.15429839933033], [-104.05059283027303, 19.153927509454093]]]}}, {"type": "Feature", "properties": {"CVEGEO": "06002", "CVE_ENT": "06", "NOMGEO": "Colima", "CVE_MUN": "002", "NOMMUN": "Colima", "cov_": 78, "cov_id": 79}, "geometry": {"type": "Polygon", "coordinates": [[[-103.67917146014861, 19.32576024936604], [-103.66842065034393, 19.322334681189947], [-103.66326187959163, 19.320512291626127], [-103.66254765001007, 19.32050913915872], [-103.66081476979137, 19.3185944490491], [-103.6614895398349, 19.31530464956047], [-103.66039595026382, 19.313729829047425], [-103.6606750202883, 19.312963709196595], [-103.66122950955305, 19.31242191916939], [-103.66573837022163, 19.31188305940466], [-103.66510661967527, 19.31109904976337], [-103.66383175007786, 19.310082569748783], [-103.66368143032169, 19.309259819409863], [-103.66574195021639, 19.306092399383793], [-103.66694882954548, 19.305298799717388], [-103.6670878596899, 19.30480805954916], [-103.66822138028792, 19.303763489008713], [-103.67134442986344, 19.298200229329918], [-103.67149690990341, 19.297703319226965], [-103.67129788987393, 19.2970104594667], [-103.67122489042676, 19.291577799145685], [-103.67262381971885, 19.288060429159152], [-103.67367921980137, 19.286379109166635], [-103.67431977997474, 19.284372259196306], [-103.67638599999763, 19.281232599410597], [-103.67825105022492, 19.28024151955437], [-103.67897773985008, 19.27950550961251], [-103.68063861953216, 19.27540614916572], [-103.6811911697303, 19.27467844950009], [-103.68390082030359, 19.272844709063786], [-103.68512836981542, 19.271216849672275], [-103.6863848502255, 19.270445939247683], [-103.68657688032023, 19.269691569601612], [-103.68812354960386, 19.268673399600914], [-103.68647854001097, 19.266991059115824], [-103.68429732006267, 19.265314999380408], [-103.68226202956937, 19.263925739668352], [-103.68178948039858, 19.263851829434287], [-103.67897801962964, 19.266393459303977], [-103.67274271961887, 19.270028799112602], [-103.66909915027097, 19.268132139795238], [-103.66741234942127, 19.270443769392337], [-103.66521490973166, 19.269856489301763], [-103.66287644978446, 19.269523029001608], [-103.66053531007199, 19.262153849582845], [-103.66009613982386, 19.261339919455697], [-103.6601134596177, 19.260648449287093], [-103.66056995036665, 19.259752849303055], [-103.66152342037678, 19.259094019392357], [-103.66175148017534, 19.25863239984141], [-103.6622874798948, 19.25647613965785], [-103.65869368987117, 19.255459079357543], [-103.66692396966387, 19.247733999738667], [-103.67490740043583, 19.24107197935762], [-103.67555448672108, 19.240935223921518], [-103.67566196898774, 19.23993732151333], [-103.67499158307146, 19.23971225249893], [-103.67440737916576, 19.23493503384375], [-103.6750022894199, 19.234283802749353], [-103.66375758002405, 19.230353279589867], [-103.66512340045239, 19.22960908914637], [-103.65313051023081, 19.23237907903529], [-103.65086114987542, 19.23268330906023], [-103.6505662000723, 19.230822419833014], [-103.65065690982728, 19.2302019992979], [-103.65114425965764, 19.2297329491691], [-103.65101605029122, 19.227809419032017], [-103.65041312012578, 19.226846179375563], [-103.64935109000244, 19.226163719572423], [-103.64884198043396, 19.22546607898719], [-103.64914654964299, 19.22502285965715], [-103.64925765006157, 19.223565489736963], [-103.65100007960335, 19.222714779762835], [-103.65133099968799, 19.22153690950415], [-103.65136991040904, 19.220576289354103], [-103.65087388030388, 19.22001219970259], [-103.65091768003005, 19.219299459430186], [-103.65028548018117, 19.218108978992586], [-103.65036294007038, 19.217667769496003], [-103.65076304991133, 19.217199449739763], [-103.65177607999297, 19.21810841934207], [-103.65264215012549, 19.218376679204088], [-103.65287906036713, 19.218260938963287], [-103.65258217036022, 19.21697507927971], [-103.65332966013474, 19.216471479114187], [-103.65346134011328, 19.215722979569186], [-103.65269129019305, 19.21494133904342], [-103.65269338036661, 19.214430169701984], [-103.65443655031464, 19.214206859557784], [-103.65489191977977, 19.21362211932232], [-103.65500277022815, 19.21306290915606], [-103.64769198009013, 19.209667999836164], [-103.63937221986045, 19.20626699930467], [-103.65000025024477, 19.194220689220018], [-103.64975282034814, 19.19280297976799], [-103.6490025500963, 19.1906175390117], [-103.6486418299459, 19.19067428933453], [-103.64736992003225, 19.19200828931415], [-103.64694135019194, 19.19181933917436], [-103.64731509038745, 19.190539139797103], [-103.64768049037414, 19.190103909534717], [-103.64760369013773, 19.189884739589075], [-103.64538862976025, 19.190005139039652], [-103.64447912039122, 19.188491199483053], [-103.64417989045882, 19.18826562971544], [-103.643819180016, 19.188322349272983], [-103.6431830796531, 19.18878685920927], [-103.64315014968619, 19.189997919474752], [-103.64217804991968, 19.189968309238715], [-103.64259958027262, 19.19118904959318], [-103.64164566013167, 19.192000309436505], [-103.64239912039923, 19.192706519389752], [-103.6426079501026, 19.19342645937563], [-103.64145378030985, 19.193836859741555], [-103.64029328040539, 19.193832799727623], [-103.64004550985199, 19.194055259278564], [-103.63913579999385, 19.19392430909502], [-103.63872994028472, 19.194185079128918], [-103.63874968001477, 19.195056149175258], [-103.63848330999751, 19.195252659107872], [-103.63654863044324, 19.194968429562028], [-103.63680400014051, 19.196586139425552], [-103.63550065958106, 19.19785250982063], [-103.63534255026293, 19.19897459896554], [-103.63479886002268, 19.199542769147335], [-103.63265374025325, 19.199092489627397], [-103.63223982968199, 19.19922519981299], [-103.63215779966198, 19.200461939230642], [-103.63169302989787, 19.201552079213993], [-103.63134193967036, 19.201652579044133], [-103.63018246023931, 19.201008919153587], [-103.62956105026201, 19.201427249083157], [-103.62915750978202, 19.202365149019414], [-103.62833935022832, 19.202358659086514], [-103.62818875003104, 19.2025222591959], [-103.62807056979442, 19.203673179297997], [-103.62757739981353, 19.20442256959362], [-103.62683252035197, 19.204837649164585], [-103.6261860897953, 19.20504673947125], [-103.62574101959147, 19.20490261926218], [-103.62554889046079, 19.204383829449284], [-103.62446225991194, 19.204034519051245], [-103.62411406035761, 19.204474629283457], [-103.6240598001203, 19.206192919629625], [-103.62313367959177, 19.207075579112548], [-103.62148144963207, 19.207831799181847], [-103.62042021980865, 19.208078149352428], [-103.61946610993967, 19.207955119754104], [-103.61851889042894, 19.208552658988875], [-103.61791280012399, 19.208505339419975], [-103.61686517029761, 19.207710089215595], [-103.61633250967496, 19.207537309837882], [-103.61605122968521, 19.208054719418207], [-103.61661321955498, 19.208836029443443], [-103.61636660008354, 19.20962533965488], [-103.6160653704656, 19.20987805975243], [-103.61446565968825, 19.20961051944743], [-103.61398297960523, 19.21064385923101], [-103.6120612597901, 19.209864518996735], [-103.61151668994525, 19.21020430924413], [-103.61222262976194, 19.211612799323383], [-103.611981749738, 19.212353999527025], [-103.61154952029969, 19.21264084972282], [-103.61125009004058, 19.21261897949254], [-103.61095806019613, 19.21227711951234], [-103.6111390802245, 19.210932219350763], [-103.6106540004567, 19.21078439982291], [-103.60953314989861, 19.211374339305493], [-103.60719313994953, 19.21217405906116], [-103.60698688027114, 19.21257701899975], [-103.60699123032163, 19.21404313917901], [-103.60655620040063, 19.215132349357877], [-103.60589830989817, 19.215192969340993], [-103.6047879202072, 19.214428479385774], [-103.60402391954987, 19.214438059053705], [-103.60371916970283, 19.214734049565045], [-103.6038610804096, 19.216006749614422], [-103.6036842201466, 19.216387479343815], [-103.60217462979388, 19.216496619071492], [-103.60174374035479, 19.216862819619074], [-103.6017356001717, 19.219256369071683], [-103.60096205006211, 19.21978114921954], [-103.5997977802906, 19.219466339858393], [-103.5993098300175, 19.219609259697105], [-103.59913420012273, 19.22009327960125], [-103.5992859200751, 19.22065990930809], [-103.59893057036044, 19.221283569003923], [-103.59789684982108, 19.221277289662428], [-103.59577846010063, 19.22066404928456], [-103.59438214015178, 19.220911739189916], [-103.58906777958852, 19.223502219523876], [-103.58769908002593, 19.22342216931975], [-103.58685363044232, 19.22370336943712], [-103.5860728599134, 19.224624749817796], [-103.58553105993363, 19.22477537926767], [-103.5835110801674, 19.224347089833397], [-103.58303091041614, 19.224467079326377], [-103.58149269021384, 19.2262716298114], [-103.58088351046135, 19.22637030956428], [-103.57947485992975, 19.225946259050467], [-103.5775531499662, 19.22659256896674], [-103.57602175037059, 19.22775727962597], [-103.57560068961266, 19.22845581971842], [-103.57426673955567, 19.229795819324284], [-103.57132042034947, 19.226970659839164], [-103.57005497045888, 19.22867137969295], [-103.56641491983552, 19.216686349284963], [-103.56616036999574, 19.216478659816985], [-103.56534678044618, 19.216494089116516], [-103.56244171028335, 19.215642939023066], [-103.56151451041714, 19.216308509360424], [-103.55550889004782, 19.217070799741634], [-103.55368317007793, 19.217051489492658], [-103.54735015017465, 19.216587049819328], [-103.54301643012484, 19.21563094965062], [-103.5420088800096, 19.216108578969305], [-103.53954007999478, 19.21668357947726], [-103.53307366044938, 19.21620042936129], [-103.53232832031462, 19.216450169039817], [-103.53004357018457, 19.215902199449967], [-103.52282294045463, 19.21507487920761], [-103.5203353397901, 19.215322449606788], [-103.51880505999526, 19.216169859326257], [-103.51648514969702, 19.216980679806337], [-103.51413378008094, 19.21719307979634], [-103.5139612296628, 19.21667265928542], [-103.5132352899965, 19.21648213921999], [-103.51166639966713, 19.216945769799608], [-103.51127631003908, 19.216791509129028], [-103.51035559984794, 19.215884109510046], [-103.50975003007694, 19.21458802968385], [-103.50973274024304, 19.214060019628096], [-103.51003233999612, 19.213389509128437], [-103.51111337962149, 19.21242022932751], [-103.51358848017244, 19.212225049139988], [-103.51507365962547, 19.211597339730975], [-103.51523851959692, 19.211351799413354], [-103.51520192024742, 19.21107645932959], [-103.514080600252, 19.210695319752976], [-103.51251782024808, 19.208965719032037], [-103.51192274045138, 19.208143689181036], [-103.51138285004288, 19.206797419740727], [-103.5110456202981, 19.205662969011303], [-103.51102125977272, 19.203233349079454], [-103.51123420009223, 19.20154290923492], [-103.51086505964741, 19.199657939045768], [-103.50788999985103, 19.1986703396304], [-103.50660394043844, 19.197827749624896], [-103.50353263031003, 19.19486067974881], [-103.50240585978612, 19.193122719870615], [-103.50193226017936, 19.19109031967108], [-103.5014256498509, 19.19010522956885], [-103.499178420051, 19.188012509351534], [-103.49824440013157, 19.186043149677218], [-103.49833207970515, 19.182571429577184], [-103.49884413968205, 19.180590539137363], [-103.498395750061, 19.17839281983165], [-103.49755434009067, 19.17729545946379], [-103.49763088032671, 19.17464214911191], [-103.49802620038606, 19.17382613920164], [-103.49938957019206, 19.17211316985518], [-103.50070171990147, 19.171871719179478], [-103.50228595022111, 19.17116210920629], [-103.50312680019825, 19.17017211966771], [-103.50244694013168, 19.169461049584164], [-103.50197874036627, 19.16796330905704], [-103.50212055008726, 19.16248590927004], [-103.50272491981413, 19.16220796960421], [-103.50418902963918, 19.160407429151824], [-103.50843400000201, 19.156933119323917], [-103.50916565020067, 19.155961309537258], [-103.5097486595869, 19.148946679606894], [-103.51044389024041, 19.147281119754908], [-103.51088417037789, 19.14721428905821], [-103.5119786502011, 19.14647301908456], [-103.5119360602986, 19.145728019618016], [-103.51278205036456, 19.142433799827106], [-103.51312834044369, 19.139550479630994], [-103.51345651005478, 19.138784138966884], [-103.51395454980508, 19.138340539346483], [-103.51401622962422, 19.137113749479003], [-103.51291414040283, 19.13587484923335], [-103.51137292022752, 19.133490739386467], [-103.5109837998012, 19.132710049401446], [-103.51100905031143, 19.132049109679006], [-103.51266405953056, 19.131489849450947], [-103.51393987999748, 19.130636919626305], [-103.51537628978258, 19.12833842970356], [-103.51955693989333, 19.12445453952544], [-103.52177279986022, 19.120137599202575], [-103.52210911976873, 19.118349619805883], [-103.52361679953096, 19.115640659337583], [-103.52332377986038, 19.11412070916902], [-103.52210394027834, 19.113098259563575], [-103.52083914018661, 19.112466229063596], [-103.5206538798302, 19.111660369540957], [-103.52067917044107, 19.108972939712377], [-103.5215731399406, 19.103702259712055], [-103.5211270902323, 19.101980279015265], [-103.51760362965621, 19.09929674965614], [-103.51738777995348, 19.09879059958047], [-103.5174880897264, 19.09817639963179], [-103.51787261993056, 19.0976157797316], [-103.5223331099395, 19.092781279244754], [-103.52360555021104, 19.087560148981435], [-103.52455248985729, 19.08496207968388], [-103.52499517963504, 19.08280828919834], [-103.52505185042213, 19.081060289016058], [-103.52519128006132, 19.080595399689397], [-103.52642621971613, 19.079217999278217], [-103.52648063006768, 19.07872804932829], [-103.52558228036924, 19.07780974936963], [-103.52355836974758, 19.077041629578826], [-103.52269688957898, 19.07714136964168], [-103.5222260000266, 19.0766652297524], [-103.52182456968646, 19.07523631928682], [-103.52191053957301, 19.073892449165555], [-103.52216528985882, 19.072898089494824], [-103.52298502973407, 19.071290969194074], [-103.52327617043989, 19.069749629685422], [-103.52324974979446, 19.06836004942766], [-103.52257414007379, 19.066214849601035], [-103.52017857026796, 19.06492284935411], [-103.51861098004808, 19.063586819528698], [-103.5178313195814, 19.062707119141628], [-103.51695387993605, 19.060983289604888], [-103.51589058016363, 19.060543829205887], [-103.51470733969505, 19.060553579537466], [-103.51386185978282, 19.06032433929991], [-103.51055527960241, 19.05846573940494], [-103.50936405955267, 19.05755644961181], [-103.50905977042068, 19.0570681190648], [-103.50846962992951, 19.054843279228763], [-103.50725291026903, 19.052599819207742], [-103.50658840034679, 19.04942113939042], [-103.50181187983057, 19.04913367938632], [-103.50134069003666, 19.04872294948886], [-103.50092954973097, 19.04727908936656], [-103.50012435015849, 19.046804849048673], [-103.49852237044115, 19.045148139229862], [-103.49763885043188, 19.043611689218185], [-103.49690172033235, 19.04170239900918], [-103.49629448990622, 19.038391769003844], [-103.49646005030623, 19.036665259757537], [-103.49695105012658, 19.03517677962628], [-103.4964527097372, 19.034820109113802], [-103.49529948959649, 19.034541739011697], [-103.49408975004026, 19.033765979125775], [-103.49197614003128, 19.03281093908182], [-103.49090520001486, 19.032669829337344], [-103.49079091955186, 19.03214093986889], [-103.49121294027051, 19.0306283992396], [-103.49095745992864, 19.029761539251222], [-103.48967042988374, 19.02911641935285], [-103.48905548011602, 19.02853982927327], [-103.48850554009472, 19.02758674954969], [-103.48904096985187, 19.02605734897699], [-103.4903273197873, 19.024978259661836], [-103.49308334955168, 19.02347881977633], [-103.49396034998901, 19.021829229381957], [-103.49446506020658, 19.014706079567226], [-103.49515027975896, 19.01415579980855], [-103.49664477974741, 19.01398293926504], [-103.49842311019904, 19.012618289714812], [-103.49878221976415, 19.011673649014735], [-103.4983490301102, 19.01125656912793], [-103.49750646035712, 19.011607619314642], [-103.4968294196905, 19.011252629161326], [-103.49543634979085, 19.009442649265722], [-103.49394911033954, 19.006892349142994], [-103.49327038047055, 19.005131619420663], [-103.49270822038623, 19.00051111952343], [-103.49152327979841, 18.997060659612284], [-103.49083122033072, 18.995820819365413], [-103.49078320033982, 18.99415253948989], [-103.49133147990946, 18.99259153965378], [-103.49219461997585, 18.987066579756974], [-103.49099765035363, 18.98232921952631], [-103.49067672044616, 18.98170753924754], [-103.48998884976001, 18.981217979684594], [-103.4898507104623, 18.98077164916346], [-103.49127045043632, 18.979156999869616], [-103.4920228904605, 18.977022019558053], [-103.49555799982022, 18.973271889697845], [-103.49567588996271, 18.97204367982726], [-103.4950202000272, 18.970666399315565], [-103.4944002196357, 18.97011444981283], [-103.49190767972536, 18.969181229528928], [-103.49038092032309, 18.969274619856552], [-103.48954205032405, 18.96869148918473], [-103.48881488039028, 18.96746737972738], [-103.48850693962204, 18.96645165929576], [-103.48871414024202, 18.965598319143123], [-103.48845302026545, 18.96390517944528], [-103.48876408045787, 18.9621441695865], [-103.49048091009736, 18.95899117909827], [-103.49120206004213, 18.958355779604915], [-103.49187954964285, 18.958080859525705], [-103.49306178042438, 18.957955949272012], [-103.49417953980732, 18.958121779238805], [-103.49491106039221, 18.958706799051036], [-103.49663272026942, 18.959482079049025], [-103.49713128026953, 18.96024791968695], [-103.4977181997173, 18.96065357957352], [-103.49973665964228, 18.961150769462122], [-103.5011234602514, 18.961763509437187], [-103.50343956970346, 18.96206307920481], [-103.50537416974875, 18.962720029373784], [-103.50705254010113, 18.963615059551746], [-103.50785387977464, 18.963781909308388], [-103.50860145025028, 18.963671319153242], [-103.50890340048095, 18.96332387982], [-103.50904888998542, 18.962107719167843], [-103.50773689025097, 18.96001517919803], [-103.50662676999808, 18.959362679095538], [-103.50413813955318, 18.95938245956477], [-103.50330207985114, 18.958654419836364], [-103.50291538009063, 18.957789549603167], [-103.50292834011621, 18.957074599009015], [-103.50384504994446, 18.956105049827407], [-103.5041903495578, 18.955226019301925], [-103.50535444956449, 18.949922319709803], [-103.50575513968518, 18.948975689295636], [-103.50637000032769, 18.948225519209156], [-103.50839814970537, 18.94672114940364], [-103.51015728012737, 18.946262109666996], [-103.51068016972307, 18.946370349531577], [-103.51133554979228, 18.94702571976872], [-103.51169225981899, 18.94848164958946], [-103.51240744985549, 18.949407629784005], [-103.51558353994784, 18.949745369457744], [-103.51616913988835, 18.950030979582493], [-103.51780999969597, 18.950242859327886], [-103.51946785016777, 18.95022614908673], [-103.52140483025374, 18.94947111978912], [-103.52231825994811, 18.94851570946991], [-103.52253563032862, 18.947916689627295], [-103.52234653961865, 18.94703762910102], [-103.52010658022199, 18.943067309133447], [-103.51882656999827, 18.94212821975011], [-103.51822131012464, 18.94218991940725], [-103.51604618018374, 18.940248459402525], [-103.51458419957784, 18.938593629165673], [-103.5140195798009, 18.937449829750367], [-103.51385291043842, 18.936407339348843], [-103.51411398037204, 18.934931749363614], [-103.5144216199099, 18.934388739611418], [-103.51599640035965, 18.93363402921246], [-103.51762301988968, 18.933518219137476], [-103.51922857036688, 18.93290999947962], [-103.52108726015142, 18.930800579119193], [-103.52130612007336, 18.929708629854375], [-103.52249353971817, 18.927928109052456], [-103.5235483201222, 18.927198939507246], [-103.52418449008181, 18.927057799665292], [-103.52619545027034, 18.92792544920405], [-103.52724409039794, 18.928100459270276], [-103.53138870972491, 18.927797779231124], [-103.53305739966753, 18.927439778987214], [-103.53362032041933, 18.927036199774047], [-103.53405871041873, 18.92629319919984], [-103.5342181997961, 18.923129079757757], [-103.53395867957187, 18.921659619025387], [-103.53306796953805, 18.91924599957162], [-103.529685580436, 18.91418467918084], [-103.52886018017912, 18.913732429801815], [-103.52841403003272, 18.912316719155584], [-103.52914917037945, 18.911975219270442], [-103.52952132030205, 18.911516859210536], [-103.5308375102929, 18.907286119468154], [-103.53134791960167, 18.90625911953012], [-103.53204479956445, 18.905434599655504], [-103.53262510957937, 18.905165939633083], [-103.53323971994908, 18.90521807936903], [-103.5347290802285, 18.906199509280572], [-103.53577851959112, 18.906457659152426], [-103.5364758797287, 18.90687948960275], [-103.53773401978995, 18.908180799103988], [-103.53952025975212, 18.90940307926824], [-103.5414890599931, 18.90966522906188], [-103.54766016967343, 18.908209889002343], [-103.55032464982419, 18.907845719481603], [-103.55239182953707, 18.906153149205057], [-103.55332837993417, 18.905990799040676], [-103.5567149396781, 18.9068134489843], [-103.55738687970313, 18.90684297985514], [-103.5580746803682, 18.90658042898835], [-103.55903419985856, 18.903862849038994], [-103.5587785199066, 18.9004100494751], [-103.55927723015266, 18.896520629076715], [-103.55962499974326, 18.895955689284587], [-103.56051017953811, 18.894891259230278], [-103.56182446039445, 18.894181629400975], [-103.56681064970007, 18.893586489013384], [-103.56885328976198, 18.892518799174866], [-103.56865096961022, 18.890476259356827], [-103.56915311979229, 18.8882310590749], [-103.5687033399466, 18.8844367491994], [-103.56896288988736, 18.883656459791627], [-103.57002663038497, 18.882152019740364], [-103.57223008023279, 18.88021873941611], [-103.57234300040756, 18.87259437920835], [-103.57254542008671, 18.871821219626735], [-103.57324413954979, 18.87132788978696], [-103.57465297028536, 18.871621819152388], [-103.5767834797434, 18.8732627490663], [-103.57708838010248, 18.873556649450684], [-103.57751564962481, 18.874725919769986], [-103.57812406035389, 18.8752724195079], [-103.58015344973694, 18.876074428992464], [-103.58116700030247, 18.875929058991623], [-103.57967617038716, 18.876898379054637], [-103.57826185009738, 18.878798289851222], [-103.57846437011028, 18.880236379780825], [-103.58036152017593, 18.884096149468206], [-103.58055127963213, 18.88620227927065], [-103.58313797973629, 18.889523569262796], [-103.58485226016579, 18.891299079753846], [-103.58643570966458, 18.891674749051504], [-103.58768349035586, 18.897515769740355], [-103.59071194988346, 18.903462279541927], [-103.59620886046683, 18.904239139265307], [-103.58955503017941, 18.906945279556776], [-103.5886987799798, 18.908991049225403], [-103.58785822989682, 18.909933199019715], [-103.58634256995038, 18.9125479490847], [-103.58661754016157, 18.91614894957776], [-103.58515657003933, 18.91733750937434], [-103.57995606013569, 18.917110248994494], [-103.58137601984835, 18.921001539069795], [-103.58082110964348, 18.927474999069847], [-103.5797132302541, 18.928354739407002], [-103.58477818010357, 18.92899997916948], [-103.58800008029185, 18.926867519743528], [-103.58947126045926, 18.934066769843994], [-103.58740616963384, 18.940190089723213], [-103.58799001975464, 18.944403199648995], [-103.58995231984944, 18.94701590916361], [-103.58798220005998, 18.950029509360192], [-103.58926562045157, 18.95154545947423], [-103.58542043044127, 18.977156579476436], [-103.59232342997488, 18.98095636963347], [-103.58982936998191, 18.98196228972676], [-103.58887111983199, 18.985342258997477], [-103.58902878028127, 18.988009259844702], [-103.58950860047523, 18.9893999991719], [-103.59047331972099, 18.99457659935457], [-103.59101817039787, 18.994929109832686], [-103.5915165797965, 18.996849319163346], [-103.59194233989801, 18.997274449359885], [-103.59342644992608, 19.001666249241147], [-103.5922287997822, 19.004532769277873], [-103.60307113976809, 19.01022554972092], [-103.60583710962085, 19.0153402297533], [-103.60844568993612, 19.018841969044068], [-103.60873101998085, 19.02214710936238], [-103.60825636963888, 19.023006709492467], [-103.61178653952861, 19.028477549558172], [-103.61612068031783, 19.030166889848655], [-103.62046163046864, 19.028487779847488], [-103.62246005982414, 19.028472779180937], [-103.62699759974349, 19.02941624910827], [-103.6282745999945, 19.029209889852318], [-103.6283018001778, 19.029443519702564], [-103.62875697042452, 19.029705919478136], [-103.62951245999015, 19.029701279513247], [-103.63194255026237, 19.028997259483095], [-103.63259846004051, 19.029265109524367], [-103.6327487796984, 19.028659799219948], [-103.63600592029579, 19.02830019903835], [-103.64690319981692, 19.021891399766126], [-103.646817020009, 19.020510079546106], [-103.64728235011982, 19.017364199601868], [-103.6475602495727, 19.017281679300954], [-103.64787543001059, 19.01658604932776], [-103.64838862046952, 19.016657339269813], [-103.64892411996554, 19.018574278999015], [-103.64992605023622, 19.018922229167284], [-103.64967038041362, 19.020078709297167], [-103.65024371013305, 19.02066210917843], [-103.65030231030394, 19.021046019157573], [-103.65006645965673, 19.02161261968403], [-103.64910170980713, 19.022110289186557], [-103.64924054978937, 19.024672519237843], [-103.64907472001805, 19.026571489307255], [-103.64881285021326, 19.02721530909839], [-103.64843878044515, 19.027501419654918], [-103.64837394972176, 19.028049419662352], [-103.64861671036228, 19.028391519580502], [-103.64870113993675, 19.030806939209477], [-103.64838474044866, 19.031810579681522], [-103.6485132199007, 19.0324346191705], [-103.6481584599206, 19.03302381957712], [-103.64818978023062, 19.0336449192014], [-103.64719962970595, 19.034610109067856], [-103.64747877004615, 19.035881219358068], [-103.64717787954667, 19.03635651943873], [-103.64721385964556, 19.037759889819757], [-103.64677782045106, 19.03871502947625], [-103.64676178010919, 19.041174049339293], [-103.64598652042761, 19.041247629382397], [-103.64529666004822, 19.041690969220035], [-103.64535874959962, 19.04304876975099], [-103.64462857015833, 19.043307509314694], [-103.6446653201971, 19.04461857921283], [-103.64329954028025, 19.04785027958072], [-103.64413691999911, 19.049134519450277], [-103.64384425987528, 19.050139019320625], [-103.64291662974736, 19.05140410916803], [-103.64409675006063, 19.051570109321773], [-103.64457661977683, 19.052661819204378], [-103.64503851005043, 19.05621270942008], [-103.64690225956957, 19.056118739432865], [-103.647979619746, 19.056603999026756], [-103.65731562024891, 19.058180539794584], [-103.6583085799338, 19.058813369337116], [-103.65839737011329, 19.06255656923555], [-103.67912055003677, 19.07051210923932], [-103.68340781987094, 19.072776419627548], [-103.68238272044019, 19.07480788950204], [-103.71820471973383, 19.08850621937531], [-103.71932632022582, 19.088594059858277], [-103.7193627203175, 19.087136049818625], [-103.71906936983918, 19.085477549108685], [-103.71992230983007, 19.084275649360745], [-103.72034219965342, 19.083199799396525], [-103.7201183695399, 19.08111467973235], [-103.72026686016075, 19.080124309448323], [-103.72071030967514, 19.07975085933421], [-103.72141490967931, 19.07964867963548], [-103.72249370972413, 19.078777149835915], [-103.72251109032666, 19.077211579820883], [-103.7227707396054, 19.07605207931403], [-103.72485842008179, 19.07368434950522], [-103.72546168976196, 19.073262419763694], [-103.7263502801045, 19.073208049807313], [-103.72765454972934, 19.071527419600287], [-103.72735557964624, 19.06959954938604], [-103.72512042019831, 19.064678169149104], [-103.7333683198086, 19.06722647949956], [-103.74056886000757, 19.069870369849475], [-103.74209168038693, 19.06565819957371], [-103.75030521965651, 19.064292619549764], [-103.75012601974828, 19.06334119961021], [-103.75021298008733, 19.062068969310594], [-103.75103553972568, 19.06203639936313], [-103.75087437970359, 19.061217179759335], [-103.75109409021864, 19.06117662930744], [-103.75229549003589, 19.061353739789343], [-103.75354268034843, 19.06245081912826], [-103.75261982031486, 19.063501029230938], [-103.75195405988835, 19.065281999114568], [-103.75247694022359, 19.071124719681137], [-103.75288342966125, 19.071825199718067], [-103.766907710442, 19.070681199287954], [-103.76748915047199, 19.069201149356573], [-103.76864982031243, 19.068074398973174], [-103.77608366012113, 19.072013949702697], [-103.77601173971985, 19.072929679320186], [-103.7752743799346, 19.073120399434654], [-103.77480871012827, 19.07362499975643], [-103.7749560899028, 19.074215629619964], [-103.77471942016325, 19.075012259115976], [-103.77375041979793, 19.07558270960564], [-103.77359272012164, 19.077107718978798], [-103.7730161696393, 19.07869927987451], [-103.78452902974699, 19.078230349523757], [-103.78261116981426, 19.088773139603234], [-103.7976041504519, 19.106199859508944], [-103.81704004972381, 19.12184256977256], [-103.82584016967101, 19.135985709806526], [-103.8249632004294, 19.137283419681033], [-103.80807874953216, 19.14581722916095], [-103.80794091003148, 19.146137689191463], [-103.80684840042119, 19.146438969535684], [-103.80018151040649, 19.151539199023315], [-103.79877199961092, 19.15005753903118], [-103.79675161995735, 19.148547199310926], [-103.79345447967326, 19.154904679005785], [-103.78340261436782, 19.14769259399036], [-103.78259194600705, 19.14760151758317], [-103.78096291187107, 19.146829891401666], [-103.77937641032268, 19.147892375301666], [-103.77893429072712, 19.14877661387165], [-103.77898955629374, 19.149550322500435], [-103.78031591346533, 19.151705653410417], [-103.78015011911748, 19.15286621649294], [-103.78064750311572, 19.154026779667245], [-103.78042644336682, 19.15662422965897], [-103.78058183310786, 19.159205907491877], [-103.78136594558518, 19.16215071904467], [-103.78135981488278, 19.163785966131254], [-103.78164227058357, 19.165190289313163], [-103.78153174134651, 19.16867197733174], [-103.78202912539884, 19.17259578536681], [-103.78269230419671, 19.174972176622543], [-103.7826370392326, 19.176243268963898], [-103.78180806625053, 19.17779068682617], [-103.77610755213642, 19.236998095126776], [-103.73877154913237, 19.2529105977053], [-103.73811326938639, 19.25364863407082], [-103.73790423369958, 19.254788671538382], [-103.7373454279808, 19.256036760374407], [-103.73740812657742, 19.25643757733922], [-103.73589478681184, 19.255748270602307], [-103.73272504889144, 19.2548334830931], [-103.73219903044125, 19.256552379402862], [-103.73014914637288, 19.257167477674916], [-103.72053407340405, 19.2696924607619], [-103.7199915712555, 19.270842200883273], [-103.71914964932178, 19.27179317665674], [-103.71889673557708, 19.272519332588868], [-103.7172589104354, 19.274063497526935], [-103.71619349922987, 19.27433779464316], [-103.71590984300242, 19.27504024759698], [-103.71542284025846, 19.275343132221447], [-103.71551347829919, 19.276023298316368], [-103.71527035730537, 19.27618634754706], [-103.7150727325162, 19.276953977580632], [-103.71556726429874, 19.277749955554327], [-103.71525296571279, 19.278416968925725], [-103.71537417301671, 19.278728951267784], [-103.71489834584062, 19.279497560556074], [-103.71518293440326, 19.280262710511664], [-103.71482755298288, 19.281440157409566], [-103.71421927874779, 19.28205522794868], [-103.71351590013231, 19.282146457506215], [-103.71332221427916, 19.283418444082304], [-103.71276012621765, 19.283355780193826], [-103.71228469622768, 19.284142195477745], [-103.71208606283761, 19.28417288147469], [-103.71199427322374, 19.28462759577473], [-103.71149909042288, 19.284920148883263], [-103.71172714396045, 19.286588941751294], [-103.71112802561325, 19.28730677070216], [-103.71120258014771, 19.288198727940767], [-103.71044543288848, 19.289209820368836], [-103.7107232342327, 19.29005124362449], [-103.71013646332355, 19.290769155208032], [-103.71013491988326, 19.2917553649246], [-103.70908655436266, 19.29415941426299], [-103.7087028148568, 19.294554276029718], [-103.7080205271638, 19.294904540607668], [-103.70746380118, 19.29494169219094], [-103.70718924684095, 19.295262618573823], [-103.70609115681428, 19.29574207889627], [-103.70541534500187, 19.29677046996275], [-103.70476453812786, 19.296977186652658], [-103.7039922226793, 19.297696693349724], [-103.70264340676444, 19.29782213178669], [-103.70201026114216, 19.298140499845765], [-103.70166724999444, 19.298925422575433], [-103.69961538524679, 19.301718230448678], [-103.69946820345749, 19.301392186698944], [-103.69867174747863, 19.302813001391897], [-103.69854167589892, 19.30369068974652], [-103.69794063830896, 19.304568886692458], [-103.69814931433767, 19.304764096878092], [-103.69810854909157, 19.305227561432137], [-103.69733316617649, 19.30632565106188], [-103.69638590590044, 19.307078393513716], [-103.69521501027364, 19.307555028028883], [-103.6941797671163, 19.30944960726401], [-103.6933147203719, 19.310153723380598], [-103.69246242695148, 19.311585846327198], [-103.69078626125109, 19.312199584556033], [-103.68878949963518, 19.3123754605322], [-103.6879792181559, 19.313185608584284], [-103.68672149021968, 19.31387303518421], [-103.68591496424088, 19.3146142591507], [-103.68563464615454, 19.315778290655867], [-103.68473265026836, 19.317454649676325], [-103.68370319988674, 19.321408219472858], [-103.68394742965256, 19.322096829810118], [-103.68268751021107, 19.322076889155237], [-103.6806586802684, 19.323161169778135], [-103.6802263795883, 19.324632459031935], [-103.67983958045069, 19.324840059298072], [-103.67917146014861, 19.32576024936604]]]}}, {"type": "Feature", "properties": {"CVEGEO": "06003", "CVE_ENT": "06", "NOMGEO": "Colima", "CVE_MUN": "003", "NOMMUN": "Comala", "cov_": 81, "cov_id": 82}, "geometry": {"type": "Polygon", "coordinates": [[[-103.60619930963458, 19.5005578596272], [-103.60632905974909, 19.500217859708417], [-103.60873308971463, 19.4981052889721], [-103.61072792026138, 19.495496519809233], [-103.61138838034647, 19.495189908978954], [-103.61407625045553, 19.495028139167747], [-103.61454524993164, 19.49469411959145], [-103.61482422046915, 19.4940466189789], [-103.61448885038563, 19.49276013946264], [-103.61373273980003, 19.492411369263948], [-103.61351285988894, 19.49199916928403], [-103.61318120007263, 19.490621489553924], [-103.6124415397916, 19.48948248962716], [-103.61244559962545, 19.488858949304156], [-103.62603067990752, 19.4860761197106], [-103.62673722954561, 19.48375297946631], [-103.62812398045443, 19.48396008904422], [-103.63008318026, 19.475046999482938], [-103.63188603020555, 19.473999659210822], [-103.63485345974713, 19.471539779175345], [-103.63528411017349, 19.468820149006174], [-103.63629931039753, 19.46784027949437], [-103.63737411000058, 19.470781369749247], [-103.63668339968628, 19.47610262954247], [-103.6372937399118, 19.47902557970407], [-103.63856577041268, 19.480089549246568], [-103.6459895198831, 19.476157919291598], [-103.64308492046446, 19.471393379217403], [-103.64716377023316, 19.47016879965197], [-103.65449795024782, 19.466400229561472], [-103.66051472043716, 19.46664914964435], [-103.6605388601172, 19.46455694957263], [-103.66881008989289, 19.462237969306315], [-103.66987851991034, 19.456123599840556], [-103.66829842040595, 19.45385377958668], [-103.66986031978912, 19.450127179164937], [-103.67085927971323, 19.445368799296524], [-103.67482537977233, 19.445154479548385], [-103.67480707992527, 19.442892279210344], [-103.67217306003968, 19.441672769835108], [-103.67203300022493, 19.440379169376378], [-103.6723059096503, 19.43460896950777], [-103.67347225965322, 19.43143902978961], [-103.67228345023157, 19.430683119272633], [-103.66544354989793, 19.429927309854467], [-103.66273333995164, 19.429322349413184], [-103.66137527232505, 19.429287416564904], [-103.66097555383446, 19.430292522495705], [-103.66079590047373, 19.431876898804024], [-103.66045636872012, 19.432050584781162], [-103.6580988154527, 19.432674675996633], [-103.65725301479506, 19.432451584328717], [-103.65640006200567, 19.43193929167737], [-103.65479298459168, 19.432794768171497], [-103.65376296922373, 19.432967844983374], [-103.65306309597366, 19.432651272319397], [-103.675489814647, 19.41151507652375], [-103.67670884610025, 19.409147661786967], [-103.67712943053711, 19.408951937182746], [-103.67811732258807, 19.40336621418553], [-103.67899624606521, 19.400652953615545], [-103.67965450757134, 19.399320491070842], [-103.68009395443363, 19.39914298463429], [-103.68062341529871, 19.397249384347987], [-103.68115029241883, 19.39685564501367], [-103.68108141469064, 19.395951613991322], [-103.68166004582193, 19.395043229979866], [-103.68213844608299, 19.39475756824927], [-103.68247073937435, 19.393693799273098], [-103.68217987705526, 19.39315859983273], [-103.68218598459586, 19.392399661127044], [-103.68281816922833, 19.390750768425615], [-103.6826404621342, 19.39035192218266], [-103.68315641465803, 19.388946122030404], [-103.6837315999661, 19.388462384083237], [-103.6843239686637, 19.3846537074167], [-103.68479273847643, 19.384376999358714], [-103.68518844600665, 19.383711245581306], [-103.68514752346739, 19.382879691409958], [-103.68612113844584, 19.381386830660816], [-103.6866162772237, 19.381381384235503], [-103.68733366070025, 19.380970922657973], [-103.68827633763468, 19.380959645068266], [-103.68894750792317, 19.37918450772577], [-103.68898415447623, 19.378172799829873], [-103.69033736867704, 19.376827230700965], [-103.69068890758125, 19.375727430382565], [-103.69164129184202, 19.374496430215004], [-103.69201309191479, 19.373243168781038], [-103.69245476861583, 19.37277649155362], [-103.69321773772832, 19.372610307401786], [-103.69361303143553, 19.37198969171377], [-103.69503099977854, 19.370870430098336], [-103.69471869229976, 19.369440584723673], [-103.69522483080674, 19.36924543021317], [-103.69620635376434, 19.367933291066894], [-103.69667910835138, 19.36594886116336], [-103.697863785162, 19.365424245038625], [-103.69824436908512, 19.364252353086787], [-103.69895233872407, 19.36381467622496], [-103.69929083089241, 19.36314847656168], [-103.6989744770905, 19.362224584609248], [-103.69825593759425, 19.3615959993057], [-103.69787095431377, 19.360924630243495], [-103.6983361719685, 19.3602907811156], [-103.6994040922913, 19.35967061570031], [-103.6995742312707, 19.3586237077144], [-103.69914229225239, 19.357870676627464], [-103.69949078365451, 19.35724490542557], [-103.69929769218822, 19.356281537840065], [-103.69952993842742, 19.355804322698752], [-103.70064059983243, 19.354999045107164], [-103.70093369166962, 19.35405241407844], [-103.70299035418098, 19.352793061742787], [-103.70330510801745, 19.35151226107582], [-103.70327324632194, 19.35072593762766], [-103.70287952327317, 19.349955122716963], [-103.70325581486925, 19.349316276609777], [-103.70327247738793, 19.348412845518883], [-103.70382792263972, 19.347992122468206], [-103.70401441474111, 19.34727964563044], [-103.70335086145145, 19.345720814007155], [-103.70241160025373, 19.345325599604873], [-103.70221406202255, 19.345026015564482], [-103.70249589244429, 19.344296153056842], [-103.7032647850464, 19.34336192279382], [-103.7034799691471, 19.342631584363836], [-103.70424344605973, 19.34238401431029], [-103.70435121468965, 19.34199626160992], [-103.70504073821878, 19.341468061670316], [-103.70514886080558, 19.341035122629183], [-103.70585998527095, 19.340181799464954], [-103.70644258478089, 19.339932937815714], [-103.70668303091902, 19.339618399200944], [-103.706601292328, 19.339120861147286], [-103.70737646095174, 19.338593276368684], [-103.70743967653807, 19.337816661860064], [-103.70808578477207, 19.33796581444239], [-103.708324860791, 19.337822937590307], [-103.7083700457301, 19.336919707703064], [-103.70915955378295, 19.335777784653086], [-103.71034163097622, 19.335551230293348], [-103.71070366228237, 19.334297845091953], [-103.71206961503054, 19.333684045051733], [-103.7124449232067, 19.333162630306553], [-103.71339107730032, 19.332672353322636], [-103.71417992264894, 19.330391922046285], [-103.71420595446594, 19.329497584196442], [-103.71480973828159, 19.328968753445558], [-103.71521767671824, 19.32792349125557], [-103.71591513939208, 19.32758506128897], [-103.71631989197199, 19.32694638443375], [-103.71675890832046, 19.32679586164752], [-103.71716632280997, 19.32703366158601], [-103.71794429204532, 19.326135568146537], [-103.71868016883916, 19.325752214329682], [-103.72035524600196, 19.32576396815719], [-103.74222899340701, 19.311197162805303], [-103.74375996579434, 19.30646721957878], [-103.74408839334367, 19.305974565184464], [-103.74788658105024, 19.290679387707545], [-103.85724749002942, 19.345048595407167], [-103.86461971625543, 19.34536962436321], [-103.87786557003373, 19.33893828932751], [-103.87792024984546, 19.339807489140377], [-103.87815445977448, 19.34002076941177], [-103.87929917975967, 19.34343399928869], [-103.87994385041817, 19.34740159945838], [-103.88243790988928, 19.350227889471604], [-103.88922570992597, 19.34632210897839], [-103.8907287499951, 19.346645859733886], [-103.89196871011475, 19.34644405931093], [-103.8932193099113, 19.34474377901891], [-103.89300105003107, 19.34428554972803], [-103.89312034030455, 19.344147619814095], [-103.89399017031633, 19.34437453925347], [-103.89367215026635, 19.34347025951005], [-103.89443002957253, 19.34292341940161], [-103.89616149031313, 19.3433376595152], [-103.89647646041583, 19.34368024959427], [-103.89725053981502, 19.343953649258463], [-103.89895029041183, 19.342983259118675], [-103.88629999913309, 19.35409304978922], [-103.88179436975895, 19.357312819936258], [-103.88543737955375, 19.367983740421074], [-103.88399347862654, 19.37468961982567], [-103.88313557998288, 19.38658456932391], [-103.88111743033502, 19.393480820006967], [-103.88265214888214, 19.394844150605007], [-103.88691721871766, 19.405642709335275], [-103.8836479699584, 19.412581399950835], [-103.88375328935717, 19.414035000276815], [-103.88409279882053, 19.414967920640894], [-103.88397214988386, 19.415358489458434], [-103.88433913877331, 19.41634435068114], [-103.88431588978162, 19.417285859571315], [-103.88502348884955, 19.418867200066334], [-103.88495534012227, 19.420703400243696], [-103.88539682869441, 19.42292857043326], [-103.88672934878323, 19.4236362603003], [-103.88965739994146, 19.42404139898707], [-103.89311168014073, 19.428427198989933], [-103.89754113881739, 19.43088205980302], [-103.8995306793064, 19.43280408045234], [-103.89952159986308, 19.434547249763664], [-103.89859619990484, 19.4349655190943], [-103.89762888039176, 19.436282449253103], [-103.89753154959574, 19.43752210940836], [-103.89796207956586, 19.43859948943963], [-103.9087654604394, 19.45362830940784], [-103.90595900000925, 19.455678629800587], [-103.90464366033959, 19.45691057944508], [-103.89947871028562, 19.459524549442946], [-103.89896285037858, 19.460002749510377], [-103.8981152599512, 19.460191259002553], [-103.89731770989692, 19.461431879358553], [-103.8936036603785, 19.462405488979964], [-103.89313119962969, 19.46298397970158], [-103.89207609044449, 19.46336470929793], [-103.89038182014859, 19.463603369769768], [-103.88933089010179, 19.463597309448385], [-103.88866016994285, 19.463316258975816], [-103.88686011020188, 19.46164484920482], [-103.88326228047562, 19.45604405938715], [-103.88106138001842, 19.450036769007912], [-103.87941816976797, 19.444488659514143], [-103.87556485027099, 19.44321697946376], [-103.87410854003866, 19.444563179135596], [-103.87266411016276, 19.445562819637544], [-103.87037017968754, 19.444756779406276], [-103.86929041984484, 19.444921599570996], [-103.86814695029372, 19.445823029696886], [-103.86739556970731, 19.446097878982226], [-103.86705596982449, 19.445910279016406], [-103.86653202031214, 19.446002339040557], [-103.86579374978109, 19.446484689597455], [-103.86470805035373, 19.446722019484312], [-103.86375499958699, 19.447384739366353], [-103.86232313999513, 19.442802479297082], [-103.85821297041443, 19.43713224963378], [-103.85932626021547, 19.4349376894659], [-103.85916049046388, 19.433430549772805], [-103.85826871000025, 19.432123169620564], [-103.85645277028638, 19.43133053930768], [-103.85478084989397, 19.43094159925616], [-103.85273174026396, 19.431260119355084], [-103.85167923030518, 19.431821199433696], [-103.85104891954505, 19.43252714918982], [-103.84979645982314, 19.433134779600056], [-103.84664301973635, 19.433703169842236], [-103.84577494041686, 19.434688969415976], [-103.84504871999661, 19.434856199799786], [-103.8437899703778, 19.435797488977926], [-103.84281993975166, 19.43708205948502], [-103.84152202992408, 19.437657459502468], [-103.84099994998776, 19.438232799605853], [-103.8397648499058, 19.438323119069278], [-103.83829945971348, 19.438966449064928], [-103.8367970298895, 19.438523858958384], [-103.836198630093, 19.439355509085033], [-103.83524817978824, 19.43970401952455], [-103.83452126019446, 19.439841419605337], [-103.83367886014148, 19.43942805923339], [-103.83330115008677, 19.43960497967626], [-103.83293332029645, 19.440133199856714], [-103.83177888008868, 19.440112519042376], [-103.82935451954528, 19.438747709301254], [-103.82660292041882, 19.43850982921545], [-103.82413488960314, 19.4377882496923], [-103.82386189024687, 19.437249179794044], [-103.82408136995686, 19.436374399430107], [-103.82445474976093, 19.435887119535543], [-103.82757635019875, 19.43372281945053], [-103.8278918903288, 19.433393909277015], [-103.82796805995953, 19.432665309163635], [-103.82755532038159, 19.43180153939527], [-103.82491737997286, 19.42916788899466], [-103.8235282599981, 19.427210489119], [-103.82357938037747, 19.424825819190307], [-103.82323444968017, 19.42402864971706], [-103.82229945034972, 19.42302845915032], [-103.82205834031451, 19.422496779575628], [-103.8226673999789, 19.42122982917494], [-103.822851150056, 19.419856578959635], [-103.82340626027317, 19.41814111949068], [-103.8233968495729, 19.41691088927043], [-103.82141669026565, 19.41415962964428], [-103.82090734954906, 19.412135629500366], [-103.8208474298798, 19.41051224927699], [-103.81984372011073, 19.409008399249707], [-103.81925285967361, 19.408739709615453], [-103.81861949015158, 19.409364629001495], [-103.81853825963208, 19.41078865918869], [-103.81765706040864, 19.412442769640773], [-103.81694163018943, 19.412490289470746], [-103.81605048020366, 19.412102029102286], [-103.81577397043073, 19.41315502920954], [-103.81528640007042, 19.41385994985224], [-103.8135516496034, 19.41423444948317], [-103.81232178006834, 19.41420273957023], [-103.8107076298924, 19.41461097922213], [-103.80920782985464, 19.415387029065226], [-103.80792747989953, 19.416792319367882], [-103.80599726000928, 19.417641089781878], [-103.80494378046271, 19.418495139612588], [-103.80331945984607, 19.420737199623822], [-103.80133591018233, 19.421973419067807], [-103.80016833976079, 19.4213455793041], [-103.79892543016058, 19.42148008980326], [-103.79813862955541, 19.4218290293824], [-103.79739739969331, 19.422685569550968], [-103.79699540031055, 19.42379877952869], [-103.79649486023936, 19.42449094971409], [-103.79438919975199, 19.42573571907586], [-103.79273366013493, 19.427513689695807], [-103.78902020043857, 19.42851531938793], [-103.78759729037972, 19.42925193924955], [-103.78658043010809, 19.42912804901241], [-103.7830307999147, 19.429738519016816], [-103.78201180012435, 19.430107259375145], [-103.78010401966155, 19.43014170985992], [-103.77888132035034, 19.43100264905229], [-103.7772218500098, 19.43103801974906], [-103.77560906036123, 19.430195859317934], [-103.77437412016309, 19.430549379625234], [-103.7739505199817, 19.430804619796366], [-103.7714350800366, 19.43382933983829], [-103.76875426016724, 19.43428087896509], [-103.76780843003813, 19.434627199791038], [-103.76697107959485, 19.435663599089775], [-103.76446445956826, 19.43763485920491], [-103.76307248027531, 19.43804805958345], [-103.76029848970377, 19.439574879473483], [-103.75586034033908, 19.44278647957806], [-103.7520014502539, 19.445156449623976], [-103.75065832034629, 19.445663569443365], [-103.74941965040148, 19.44567907951088], [-103.74696814036575, 19.445192049599672], [-103.74510777994976, 19.445367018962504], [-103.73868144981674, 19.443281769195952], [-103.73699555039258, 19.443129519620673], [-103.73530868012904, 19.44342299946755], [-103.73436357997271, 19.44383930908937], [-103.7331870803053, 19.445357999588335], [-103.73052031999732, 19.446717149041444], [-103.72848565044507, 19.44805987965295], [-103.7275862898869, 19.449223779754007], [-103.72591931954128, 19.450566818983212], [-103.72543576990057, 19.451228169461665], [-103.72322732040261, 19.45220982956796], [-103.72220553992894, 19.452384019458982], [-103.72130792030472, 19.45301201969594], [-103.71985576993293, 19.452995199497035], [-103.71908730995725, 19.453412769817135], [-103.71825731966288, 19.453497509643785], [-103.71720054028032, 19.45430577955684], [-103.7167169397465, 19.454967029640976], [-103.71615645994886, 19.456958048979875], [-103.71654559993844, 19.460313879091608], [-103.71620231971299, 19.463392819176264], [-103.7163724298214, 19.4657445096909], [-103.71578940032079, 19.46700951965288], [-103.71460388954267, 19.467695749113204], [-103.71236877040339, 19.468102739291425], [-103.71144317013255, 19.468036199416392], [-103.70827330976594, 19.469856539038904], [-103.70714286028144, 19.471509919856913], [-103.70664831025157, 19.473591139707896], [-103.7055439403552, 19.474660859573486], [-103.70424842003595, 19.477098779389106], [-103.7019627203926, 19.479740949348706], [-103.70000837022563, 19.48084521925896], [-103.69885086042895, 19.482105859773853], [-103.6983729198209, 19.48352859918812], [-103.69882747953204, 19.484761149603603], [-103.69765316999724, 19.48582761934543], [-103.69683774008145, 19.486279629524184], [-103.69571470965984, 19.486515379811586], [-103.69408876991109, 19.486382909048245], [-103.69338428995269, 19.48658905936175], [-103.69112360039779, 19.49034924899137], [-103.69043434976444, 19.4920319098073], [-103.69004528956407, 19.49244776963995], [-103.68908236980985, 19.49271787948356], [-103.6874334000687, 19.49362547924027], [-103.68428759980817, 19.494248339407484], [-103.68371738023887, 19.49388144953161], [-103.6833085995996, 19.493123119643815], [-103.68283082004548, 19.493120019065216], [-103.68196608009384, 19.493506229342017], [-103.68160822031248, 19.494470709662288], [-103.68044824995452, 19.495942479081982], [-103.67847492040548, 19.496509089373824], [-103.67711401956396, 19.496250539836424], [-103.67572170991234, 19.496753819594254], [-103.67449869041384, 19.49792322952392], [-103.6734759102393, 19.498127109495247], [-103.6716012804754, 19.499538219729114], [-103.67108457998694, 19.50025976930017], [-103.6689738201031, 19.50112008931209], [-103.66696401980151, 19.501256149077435], [-103.66487861974394, 19.502630909142862], [-103.66280337983929, 19.50288770949129], [-103.66019796974221, 19.501750219811846], [-103.65931744956322, 19.501860919688152], [-103.65835782014018, 19.50171174906293], [-103.65771820036663, 19.50197902938685], [-103.65650600000366, 19.502090819074095], [-103.65516917979244, 19.5017786895369], [-103.65456148972477, 19.501031059269266], [-103.65378499953731, 19.501178569526303], [-103.65318925980995, 19.50073430943432], [-103.65236794987588, 19.50103285913128], [-103.65154094956969, 19.500996029207503], [-103.64838167960876, 19.501927048995988], [-103.6182765098945, 19.51251876985072], [-103.60619930963458, 19.5005578596272]]]}}, {"type": "Feature", "properties": {"CVEGEO": "06004", "CVE_ENT": "06", "NOMGEO": "Colima", "CVE_MUN": "004", "NOMMUN": "Coquimatlán", "cov_": 83, "cov_id": 84}, "geometry": {"type": "Polygon", "coordinates": [[[-104.04851462971371, 19.30254921943597], [-104.04689591991217, 19.30226992064547], [-104.04682645028825, 19.30132919923381], [-104.04641547923603, 19.300777600017245], [-104.04508708918853, 19.300958120517254], [-104.04409656919273, 19.30063459974151], [-104.04317676881402, 19.30070139913216], [-104.04235852041606, 19.299713109262726], [-104.0423352595264, 19.299116659349327], [-104.04168724913342, 19.297898919127356], [-104.0417355495634, 19.29730205933157], [-104.04263185019491, 19.296179579096332], [-104.04292494912092, 19.295492170624865], [-104.0414756293352, 19.295557619466873], [-104.0398333203202, 19.294842619601955], [-104.03969155029552, 19.293213170408535], [-104.03838808031792, 19.29314134965055], [-104.03787900000806, 19.29355309017943], [-104.0362340898159, 19.29361831019685], [-104.03531869008793, 19.29269859942353], [-104.03495909038455, 19.291940179997464], [-104.03481394941537, 19.2921238594463], [-104.03365341977312, 19.29216667972283], [-104.03249197967892, 19.292852719878287], [-104.03137835028197, 19.29303368046572], [-104.0301482894299, 19.29289328944936], [-104.02955884877439, 19.29226704898218], [-104.02554678014499, 19.29066645979677], [-104.02209937028461, 19.28737702941396], [-104.01156190953806, 19.287926599149348], [-104.00998535003427, 19.29003353905863], [-104.00503203022252, 19.29071025923279], [-104.00213496995237, 19.289677749319072], [-103.99038161967732, 19.286664679398573], [-103.98797697989993, 19.282156739034303], [-103.9863642501903, 19.28207005950175], [-103.98257231973409, 19.282657149136494], [-103.95708671013797, 19.290689549386276], [-103.95656603009748, 19.2895351796787], [-103.94421868009464, 19.282135769587633], [-103.941373250471, 19.279960349320397], [-103.93885044990779, 19.27934973898001], [-103.93586917014066, 19.277157819397363], [-103.93490422995845, 19.276794258993906], [-103.93434534967477, 19.276321029300153], [-103.93160930962645, 19.272950459652016], [-103.9343226804103, 19.267862939028124], [-103.93187305957075, 19.26598796959092], [-103.93107200008122, 19.265669179857166], [-103.92700950981303, 19.265960059747503], [-103.91873590987855, 19.2682622791563], [-103.91383634021271, 19.267435259466907], [-103.91285137997569, 19.262492509643295], [-103.90557471953856, 19.25962674901535], [-103.89643523022104, 19.254604779564488], [-103.89235075020112, 19.255285079091983], [-103.89015393967236, 19.25507197962289], [-103.88874715007807, 19.255427049199472], [-103.88696749028851, 19.25420474940952], [-103.88530885005434, 19.254073739327023], [-103.88147514024917, 19.254474309307863], [-103.8784750296636, 19.25445557903664], [-103.87745944988856, 19.25378371939877], [-103.87685809008643, 19.252757049404625], [-103.8703146500188, 19.252657249529403], [-103.86377816996703, 19.252053109331555], [-103.86057301959201, 19.25241422966151], [-103.84250806007918, 19.250597169216398], [-103.84139965039707, 19.250603429400368], [-103.84097465032072, 19.25095604906692], [-103.84213935027113, 19.246802919711786], [-103.845606150161, 19.240823769822367], [-103.84590291021293, 19.23761447944755], [-103.8432141103216, 19.23399099960103], [-103.84310635000783, 19.22984645916154], [-103.84215674956964, 19.22696001956572], [-103.84186490957752, 19.226760479453233], [-103.8409171703903, 19.22337727910593], [-103.84016845000671, 19.223069829133102], [-103.84015092018647, 19.221583289706285], [-103.83645591988608, 19.220167449470285], [-103.83711485024331, 19.222037879676414], [-103.83858265039417, 19.224948769671546], [-103.8410083703218, 19.226476219724354], [-103.8420559100141, 19.227918449813682], [-103.84233067954133, 19.22954854974192], [-103.8408997702876, 19.233047919855828], [-103.84088216964126, 19.23442679927968], [-103.84173405961802, 19.23550228954773], [-103.84208345981358, 19.23736187905329], [-103.84330560023359, 19.23992934919528], [-103.8418365999786, 19.240970309434196], [-103.84066674971764, 19.24389364929277], [-103.84050662040902, 19.24559467897734], [-103.83981582976999, 19.247413169516836], [-103.83694466034416, 19.25291128950421], [-103.83679141996109, 19.25492510950352], [-103.83615177026265, 19.25607448964505], [-103.83511199969274, 19.258975629654362], [-103.83438519956417, 19.258961249306694], [-103.83451366015926, 19.25754594917677], [-103.83286688010107, 19.257385119215186], [-103.8329838798736, 19.257190029787356], [-103.83124785007215, 19.2569402896557], [-103.82974279980495, 19.2555824295286], [-103.82811405038326, 19.255060829838737], [-103.82448121992635, 19.254250219809208], [-103.82186828964167, 19.254482619223285], [-103.81345130972596, 19.25386084949961], [-103.81175134030063, 19.252968279453196], [-103.81051439964867, 19.254388539291437], [-103.8101103104277, 19.25577968897362], [-103.80908591008064, 19.257265029728316], [-103.809152489664, 19.25792977931893], [-103.80731908992682, 19.260757819422526], [-103.80666709017189, 19.260765399434987], [-103.80662540026086, 19.261029798964103], [-103.80469985973936, 19.262255489005355], [-103.80206120034227, 19.26460579936494], [-103.80135663039628, 19.264319719453145], [-103.80121281979915, 19.26452190945074], [-103.79884032017118, 19.26130853964712], [-103.7938124798928, 19.25782997939613], [-103.79425171029426, 19.25631941944488], [-103.79356021957172, 19.25533704954703], [-103.79156642027803, 19.254377019397694], [-103.79033050955836, 19.253003979463095], [-103.7884779396132, 19.251827779751512], [-103.78265923026882, 19.25270088931249], [-103.78126435031383, 19.252744019805274], [-103.78191088026381, 19.250746169444884], [-103.78225603022737, 19.250764649074306], [-103.78241188007497, 19.250511309581928], [-103.78477264952814, 19.24945390920974], [-103.79003434970416, 19.247886998999427], [-103.79130805960865, 19.246649019770768], [-103.7813958076782, 19.24151403362641], [-103.77610755213642, 19.236998095126776], [-103.78180806625053, 19.17779068682617], [-103.7826370392326, 19.176243268963898], [-103.78269230419671, 19.174972176622543], [-103.78202912539884, 19.17259578536681], [-103.78153174134651, 19.16867197733174], [-103.78164227058357, 19.165190289313163], [-103.78135981488278, 19.163785966131254], [-103.78136594558518, 19.16215071904467], [-103.78058183310786, 19.159205907491877], [-103.78042644336682, 19.15662422965897], [-103.78064750311572, 19.154026779667245], [-103.78015011911748, 19.15286621649294], [-103.78031591346533, 19.151705653410417], [-103.77898955629374, 19.149550322500435], [-103.77893429072712, 19.14877661387165], [-103.77937641032268, 19.147892375301666], [-103.78096291187107, 19.146829891401666], [-103.78259194600705, 19.14760151758317], [-103.78340261436782, 19.14769259399036], [-103.79345447967326, 19.154904679005785], [-103.79675161995735, 19.148547199310926], [-103.79877199961092, 19.15005753903118], [-103.80018151040649, 19.151539199023315], [-103.80684840042119, 19.146438969535684], [-103.80794091003148, 19.146137689191463], [-103.80807874953216, 19.14581722916095], [-103.8249632004294, 19.137283419681033], [-103.82584016967101, 19.135985709806526], [-103.81704004972381, 19.12184256977256], [-103.7976041504519, 19.106199859508944], [-103.78261116981426, 19.088773139603234], [-103.78409797983765, 19.081079079409307], [-103.78500905977675, 19.075057949662238], [-103.79071774980903, 19.074198029132532], [-103.78884052007938, 19.06839007943352], [-103.7872858302172, 19.065736849740027], [-103.78534537962224, 19.064106619160828], [-103.78267005973635, 19.063072429197558], [-103.78354128026119, 19.059277999073455], [-103.78894547966945, 19.059360399549114], [-103.84002780025135, 19.048948029724404], [-103.84624918020337, 19.047021649713493], [-103.8532592598202, 19.047151169491496], [-103.85483973965322, 19.04557287974967], [-103.85733935020346, 19.04560659951869], [-103.85603817977871, 19.080594829712904], [-103.8611736199179, 19.086766769705505], [-103.85600278041379, 19.08511342958815], [-103.85240854961212, 19.084212319126706], [-103.85073272015102, 19.08792476912457], [-103.8499225695712, 19.09272242929905], [-103.84840986026224, 19.107868859414307], [-103.85505514972745, 19.10603754976005], [-103.85642382038591, 19.10631941930804], [-103.85793560034534, 19.105142799710677], [-103.8678467204075, 19.101090289346725], [-103.86908883032473, 19.10180950932669], [-103.86914690974363, 19.102966489271104], [-103.87195788000514, 19.10380151918633], [-103.87662233985945, 19.110905399120902], [-103.88384223007999, 19.112318289204072], [-103.88236829014652, 19.11385350902216], [-103.88229430988024, 19.11509554981774], [-103.88233502955387, 19.115845489172806], [-103.88393502041055, 19.119520029727735], [-103.88428117971306, 19.12140310928788], [-103.88503281989664, 19.119823819662614], [-103.88518709016961, 19.1178014494953], [-103.88630085954777, 19.117065949405514], [-103.88695384975631, 19.115960969275605], [-103.88747417023477, 19.116243109309103], [-103.8883545197947, 19.116203199708483], [-103.88833852013065, 19.115048879793072], [-103.88785377990598, 19.11294793932915], [-103.89040807973743, 19.110953259445363], [-103.89224973983318, 19.11004893914966], [-103.89281364952811, 19.10912014928656], [-103.89359828027415, 19.106819949615694], [-103.89533220043091, 19.105778049032928], [-103.89617016986908, 19.104028479378254], [-103.89689068021792, 19.103221289520086], [-103.89784411001, 19.100529399661184], [-103.89754512033032, 19.09876244922055], [-103.89625151019439, 19.097697919267134], [-103.89865924955228, 19.09735313932666], [-103.90588714975189, 19.1006560593166], [-103.91209305984125, 19.10484273978793], [-103.91901544984788, 19.110271399049342], [-103.91968334965986, 19.109343029348757], [-103.92125891011017, 19.111175519679186], [-103.9219921799216, 19.111660949763138], [-103.92265975017881, 19.111779019067292], [-103.92411028991437, 19.11385625978757], [-103.9258310895347, 19.11483997899711], [-103.9309877499861, 19.116587889775758], [-103.93218236983749, 19.11620794973031], [-103.93345778041852, 19.11626471974049], [-103.93547980000804, 19.11756274934927], [-103.93705616999081, 19.11892876951127], [-103.93814975028843, 19.118850969639904], [-103.9407667503783, 19.118220689221197], [-103.94204194022352, 19.118138119170414], [-103.94451074978049, 19.118407349650465], [-103.94972906015964, 19.11798833974312], [-103.9515005696506, 19.117465019387303], [-103.95268093983441, 19.116604819786335], [-103.95362849002254, 19.11643836912142], [-103.95519214964767, 19.116639449625364], [-103.95823702015511, 19.117445199165378], [-103.96039948978843, 19.1171236494595], [-103.96071145023942, 19.11734097921738], [-103.96182982990491, 19.120199019520722], [-103.96254222015233, 19.121031569724067], [-103.96310208986748, 19.122359819581856], [-103.96709311975451, 19.122268649865607], [-103.96825653956972, 19.12272037984971], [-103.97096474980587, 19.12443444958894], [-103.97113161963374, 19.125137539216375], [-103.97245267995118, 19.126834169369918], [-103.9739414204154, 19.126112649773994], [-103.97957880016105, 19.129775169209335], [-103.9805973099182, 19.130743089349604], [-103.9811601702339, 19.130893029133574], [-103.98311137014838, 19.132958369857338], [-103.98512605963418, 19.132648109829805], [-103.9865162203078, 19.132927739015926], [-103.98894740046791, 19.132977139618216], [-103.99063149047056, 19.13180682920928], [-103.99191034002519, 19.131305339700262], [-103.99512942005015, 19.132172479123675], [-103.99740334010036, 19.131785029579515], [-103.9987080599573, 19.13246167969185], [-104.00070965019898, 19.131366109516897], [-104.0017371402444, 19.13194856916872], [-104.00268208008895, 19.132983829071094], [-104.00536579983088, 19.133262859576995], [-104.0059133395989, 19.13355514951722], [-104.00606951999075, 19.13484057958474], [-104.00506393953724, 19.13687890913298], [-104.00664313992611, 19.136942999561946], [-104.00870161971825, 19.137412168970823], [-104.00936903028735, 19.137109229566146], [-104.01047160021041, 19.137172919018532], [-104.01149801958198, 19.136702939854494], [-104.01284409046315, 19.137026119341453], [-104.01340670971281, 19.13805805911521], [-104.01660007996287, 19.13943497960573], [-104.01849526032946, 19.141218679797998], [-104.02258206018399, 19.141106689120782], [-104.02442490977076, 19.14168684934541], [-104.02552139984891, 19.143698979735973], [-104.02554563011185, 19.144336949617237], [-104.02833358004396, 19.143744349133634], [-104.03349308982092, 19.14752950956724], [-104.03412891004987, 19.149513149560956], [-104.03555368023781, 19.150116999166194], [-104.03614456990377, 19.15141121928313], [-104.036780520334, 19.151967449864376], [-104.0385982196078, 19.15073999933901], [-104.0405938000834, 19.15062431907256], [-104.04180420024248, 19.15132607947454], [-104.04249012008817, 19.15249531903602], [-104.04421154041663, 19.153122419126763], [-104.04443834036947, 19.153641818978844], [-104.04474942000338, 19.153682859365137], [-104.04525040044011, 19.152581649787056], [-104.04506802976589, 19.151656019281084], [-104.04541979999169, 19.151364109082134], [-104.04824741991413, 19.151682889293593], [-104.04966268044512, 19.152696689119033], [-104.04934490977767, 19.15344959976871], [-104.04938388970768, 19.1540465397171], [-104.04954775033877, 19.154184179545986], [-104.05009268047263, 19.153868819383188], [-104.05059283027303, 19.153927509454093], [-104.05105903024248, 19.15429839933033], [-104.05173084993022, 19.154089719467187], [-104.05178151029226, 19.153759659129094], [-104.0515176502981, 19.15347557940285], [-104.05189962953241, 19.153179488978925], [-104.05177527955874, 19.152501339399155], [-104.05195969021717, 19.152290379179167], [-104.0531601201203, 19.15280374920801], [-104.0546664598201, 19.152137629162684], [-104.0609567530442, 19.15156399040963], [-104.06306755128317, 19.15201469639478], [-104.06360783791007, 19.15257214722879], [-104.06357777504319, 19.154368268984303], [-104.06375471402167, 19.15507859473498], [-104.06242006853101, 19.156181181372343], [-104.06215549754921, 19.156696271909198], [-104.06054218756809, 19.15724272556521], [-104.0601545709843, 19.158158859822496], [-104.0590050371329, 19.15855465115216], [-104.05771015273076, 19.159733915281617], [-104.05464173319845, 19.161305724354065], [-104.05225796671134, 19.161408204919912], [-104.0513662256273, 19.162474735497927], [-104.04833905250415, 19.163855374087387], [-104.04848672147564, 19.16548196691223], [-104.04688011095809, 19.168342741456627], [-104.04578756042604, 19.169312562024512], [-104.04421224189063, 19.170222482029853], [-104.0438232879454, 19.171348969723052], [-104.04319653577014, 19.171823888824758], [-104.04119880306418, 19.172674196251798], [-104.03998962745705, 19.17291653236185], [-104.03951956771142, 19.17413822228199], [-104.03741806010453, 19.176212092270895], [-104.03723122893555, 19.17718660525784], [-104.03646041545777, 19.17819630711393], [-104.03496339182414, 19.178443915885584], [-104.03306715306714, 19.18014857255814], [-104.03205272952694, 19.181501261575846], [-104.03274129161674, 19.182174347017515], [-104.0330402281868, 19.18269235858845], [-104.03309656593599, 19.183612575473617], [-104.03425322273323, 19.18526180164761], [-104.03381988485987, 19.18707661155948], [-104.03494017889426, 19.188287526172537], [-104.03514619648156, 19.194390208568095], [-104.03483887089685, 19.195306700583668], [-104.03485231202876, 19.19645440666754], [-104.0338790658519, 19.197635171706875], [-104.03295266199011, 19.197687670219388], [-104.03245048202513, 19.197493749474404], [-104.03148101738672, 19.1980241947445], [-104.03044383736163, 19.198953431567084], [-104.03173866446019, 19.20032263440325], [-104.03392760779504, 19.20127141506181], [-104.0353716753655, 19.202216253411475], [-104.03566374250471, 19.20392011448177], [-104.03501246924695, 19.205121703932523], [-104.03543035206668, 19.205965501663616], [-104.03556392415908, 19.20722860232108], [-104.03483422270057, 19.208066360632035], [-104.03429780737126, 19.21028229363905], [-104.03452645797175, 19.212502256769692], [-104.03821093310829, 19.212521630091462], [-104.0386703414642, 19.21315523990943], [-104.03953365219152, 19.213580565694492], [-104.0403228698479, 19.21289611902011], [-104.04120709508935, 19.21318765666166], [-104.0426163540563, 19.21321415134641], [-104.04228025540074, 19.21562242955359], [-104.04328043425068, 19.216756161932764], [-104.04462722261091, 19.21714573443097], [-104.04601583153685, 19.217267733527066], [-104.04687477453922, 19.21845809399851], [-104.04816833965266, 19.217604091850593], [-104.05102611346237, 19.217848442708735], [-104.05197465846274, 19.21676309766831], [-104.05324257551602, 19.21686529018287], [-104.05428015481958, 19.218515596309576], [-104.05555038116404, 19.21821611111842], [-104.05623146253456, 19.218831694968422], [-104.05671021928428, 19.219618379972747], [-104.05648611770282, 19.22007628148603], [-104.05682415290455, 19.22082398631272], [-104.05740251052227, 19.221094746086273], [-104.05792056814178, 19.222053775597978], [-104.05894408000528, 19.222651983556943], [-104.05898173614348, 19.22311123207252], [-104.05998262089636, 19.22414924595353], [-104.05997794348396, 19.224971696674586], [-104.06066167711737, 19.225128222915288], [-104.06008798684437, 19.226865864641407], [-104.060441198695, 19.2320320490258], [-104.06089726143443, 19.232569953138178], [-104.06160782691347, 19.235098399114985], [-104.06349633461446, 19.235873161415068], [-104.06371512815127, 19.236352462929254], [-104.06484387286294, 19.23616695857732], [-104.06578705711124, 19.236745594094206], [-104.06620082135528, 19.237646688581194], [-104.06700079002256, 19.23862626056672], [-104.06762471591338, 19.238686820836673], [-104.06850492399631, 19.239724177544172], [-104.06974923093009, 19.24047647118919], [-104.07002802985681, 19.241032580083928], [-104.06930049568949, 19.24148793771495], [-104.06889170681593, 19.2425569878153], [-104.06850299257533, 19.24423519668015], [-104.06876674011673, 19.24583105916897], [-104.0530682198872, 19.250582290450954], [-104.05288354980681, 19.250974319070398], [-104.04874591006626, 19.248641549059474], [-104.0447121488669, 19.250165719465613], [-104.04411773946424, 19.253950079307412], [-104.0418582198894, 19.2579519193846], [-104.0412231693305, 19.258384519754323], [-104.04080434984377, 19.258378280468623], [-104.03972718018633, 19.25983400061572], [-104.0388063798995, 19.262285480253666], [-104.03647073969626, 19.263166950403356], [-104.03406324857468, 19.265895349004932], [-104.03307891955389, 19.26863125035915], [-104.0321943393448, 19.270232890386204], [-104.03203431929744, 19.277003689860663], [-104.0350398193052, 19.27512411027757], [-104.04092233948634, 19.273768719735084], [-104.05044755019215, 19.274754719327213], [-104.0519908899945, 19.27431065052259], [-104.05201375004305, 19.276900829900512], [-104.05338048930594, 19.277328739392267], [-104.05518575048431, 19.280505520503382], [-104.05601851978021, 19.284795170092814], [-104.06153167987588, 19.28123501972746], [-104.06235661887894, 19.28121405955821], [-104.06361577926127, 19.28057291918754], [-104.06449090987165, 19.280527000225554], [-104.06579604892165, 19.28071579994522], [-104.06616292027822, 19.281050629285723], [-104.06815024912946, 19.28572688032085], [-104.06891159884418, 19.28597146030602], [-104.06902033874455, 19.286215520218292], [-104.06637528038134, 19.28745157987249], [-104.0659865200194, 19.28855473994802], [-104.06236996991329, 19.290915540156888], [-104.05958384940482, 19.290909350075534], [-104.05781381939397, 19.291847950595862], [-104.05962225026745, 19.294709949424337], [-104.06032311909156, 19.295313019870637], [-104.06221533880534, 19.29614050964179], [-104.06166562897097, 19.29733028954554], [-104.06164378016571, 19.29884917016672], [-104.06196782858801, 19.29977001929838], [-104.06292551003938, 19.300945479488743], [-104.0629963486847, 19.301842509985757], [-104.06222126032203, 19.301887059127893], [-104.05929216996111, 19.30316874928848], [-104.05774102033956, 19.30515132028486], [-104.05634048906408, 19.30529560062811], [-104.05566304911332, 19.304856349283266], [-104.05469857999512, 19.30462033898221], [-104.05178996925817, 19.306319429282258], [-104.04851462971371, 19.30254921943597]]]}}, {"type": "Feature", "properties": {"CVEGEO": "06005", "CVE_ENT": "06", "NOMGEO": "Colima", "CVE_MUN": "005", "NOMMUN": "Cuauhtémoc", "cov_": 75, "cov_id": 76}, "geometry": {"type": "Polygon", "coordinates": [[[-103.61244559962545, 19.488858949304156], [-103.61281630991037, 19.487486749537926], [-103.6124121198406, 19.485631249064102], [-103.61267572011506, 19.48465553928332], [-103.6133553504081, 19.483795889536474], [-103.6136395401722, 19.482139829064764], [-103.61445677001265, 19.481202879783183], [-103.61441468029994, 19.48063582934209], [-103.61379407960175, 19.480267599020742], [-103.61372221980538, 19.479848739280943], [-103.61414301960363, 19.479480629484197], [-103.61410397024297, 19.478202879649906], [-103.61457912011473, 19.477184049372287], [-103.61502528027064, 19.4767812295977], [-103.61540213978618, 19.475530119808827], [-103.61535757008926, 19.474995449614337], [-103.61435957012695, 19.47422113916882], [-103.61326759972847, 19.4727728798], [-103.61311062018626, 19.471377969314652], [-103.61187114047485, 19.46997484938391], [-103.61112785011306, 19.469567678964943], [-103.60947071011209, 19.46976084952651], [-103.6086877102896, 19.469630999147633], [-103.60830293954614, 19.46876133957388], [-103.60767826040035, 19.465619259554725], [-103.6074613498381, 19.465452229143946], [-103.60597951957568, 19.465358689002063], [-103.60467674021885, 19.46489454946361], [-103.60285507988986, 19.46393076943844], [-103.60242599980897, 19.463349709786257], [-103.60147240017992, 19.462681949742496], [-103.6009156503427, 19.46148047928425], [-103.60030891043017, 19.461062748985654], [-103.60045104963163, 19.459908249574614], [-103.59988914986072, 19.45924304985028], [-103.59970784963996, 19.45787739940172], [-103.5988240501472, 19.45704861927355], [-103.59854465978769, 19.456034479283062], [-103.59812538027903, 19.455715519069727], [-103.59818995024796, 19.455425549249018], [-103.59769217003777, 19.45520382938988], [-103.59714411011558, 19.4554593091789], [-103.5969029102861, 19.4545419997646], [-103.59578769020864, 19.45428793924884], [-103.5955951195473, 19.454046829232677], [-103.59568045981014, 19.453707598961895], [-103.59440855019966, 19.452958718963178], [-103.59359364999983, 19.45187570933345], [-103.59304914010562, 19.450649169238496], [-103.59168394974313, 19.449733629447913], [-103.59153468987247, 19.448569169063642], [-103.58952298025392, 19.446681939286027], [-103.58894579982905, 19.44551408981141], [-103.58666282982341, 19.444029449409708], [-103.5859903197187, 19.441646719344337], [-103.5864299500787, 19.44003156896585], [-103.5863285203502, 19.439524599069784], [-103.58468225044093, 19.438652279329403], [-103.58426074955335, 19.437889889757564], [-103.5831960202048, 19.436923659420867], [-103.57959094017026, 19.436236139501027], [-103.57891669039368, 19.435485749651374], [-103.5787718195214, 19.435012059038], [-103.57904777021577, 19.434553858976468], [-103.57875158027406, 19.43423870911394], [-103.57850578040762, 19.431629259228668], [-103.57808347976962, 19.431028709332992], [-103.57832852015227, 19.42734925922944], [-103.578692149575, 19.425929739219175], [-103.57799271028672, 19.425156749568835], [-103.57810566014874, 19.424356519483446], [-103.57790005044568, 19.423754419490837], [-103.57715381961337, 19.423337889347124], [-103.57656218000942, 19.421670199052087], [-103.57548963032656, 19.419986879376246], [-103.57692830956688, 19.41794433963679], [-103.5772097803809, 19.41693450899906], [-103.57709568017891, 19.41615259971397], [-103.57636942997595, 19.415452829127037], [-103.57546808038971, 19.41545222913734], [-103.5744831495437, 19.414952169674354], [-103.574182659735, 19.41422136901842], [-103.5745349502578, 19.41231608911746], [-103.57426842002076, 19.41156231953225], [-103.57302716952493, 19.410337949292067], [-103.57150857955038, 19.4094873098382], [-103.57096131036225, 19.408042909172586], [-103.57068828016811, 19.4079234494439], [-103.57037761957983, 19.408074709806932], [-103.56973749029554, 19.407806879036823], [-103.56907280047112, 19.40641070917709], [-103.56816074035049, 19.406115889134618], [-103.56651097975141, 19.406137259513514], [-103.56588242956828, 19.406599449778444], [-103.56463308025965, 19.40648137937177], [-103.56437577977219, 19.40786021982412], [-103.56409230956528, 19.408233509694952], [-103.56362564965518, 19.40815479936313], [-103.56298428009706, 19.407286259240752], [-103.562488980026, 19.407184919821347], [-103.56132737983037, 19.407662419704756], [-103.55951727992442, 19.408862378977208], [-103.55891123003151, 19.409004619259605], [-103.55854047993111, 19.408780289136963], [-103.5584854504099, 19.40830444927457], [-103.55907491002185, 19.407584139842324], [-103.55740343005016, 19.407007689449106], [-103.55668147981892, 19.407121339615422], [-103.55621119965907, 19.4069717391663], [-103.55556977047044, 19.404948199489642], [-103.55463691003804, 19.404362089371432], [-103.55465363009928, 19.402482979805452], [-103.55365714985496, 19.401347109068023], [-103.55212733981958, 19.40122305981648], [-103.55193885964157, 19.40089744955868], [-103.55219088002355, 19.39981087934641], [-103.55169557968514, 19.399176909863993], [-103.54952658024125, 19.398757489785595], [-103.54892063013905, 19.398203689307362], [-103.54813208043149, 19.39787879967576], [-103.54815214981254, 19.397071459634045], [-103.54789649044562, 19.396701279021034], [-103.54688376962768, 19.39667242929503], [-103.54649148976728, 19.39635081972554], [-103.5454449698177, 19.394826599032648], [-103.54434204997492, 19.394570349369125], [-103.5439583395997, 19.393828659330524], [-103.54364568014911, 19.393784149125985], [-103.54321702989446, 19.39412710938759], [-103.5429747696225, 19.393980719590836], [-103.54282375037124, 19.393546199595562], [-103.54304627967123, 19.392709289848202], [-103.54277842045256, 19.391167769049297], [-103.54249388975353, 19.39078016949415], [-103.54026092045562, 19.390108319787867], [-103.5403494002687, 19.389298599577153], [-103.53988635017794, 19.38864353968114], [-103.53922725035397, 19.38893534964466], [-103.53860043045101, 19.38875711944513], [-103.53813133970527, 19.388249749857657], [-103.53806191961701, 19.38718745962611], [-103.5373588199065, 19.3861776491409], [-103.5372705695952, 19.385507689176197], [-103.53663111957098, 19.38508430948868], [-103.53700296954369, 19.384005319508496], [-103.53699118022328, 19.38341047913375], [-103.53632765992404, 19.38104525941052], [-103.5355476601099, 19.381073919161015], [-103.53513931042392, 19.38057501969179], [-103.53465349033716, 19.380839878984634], [-103.53460074959187, 19.38039647913775], [-103.53529911994728, 19.379931849567253], [-103.53515110965327, 19.379749109130152], [-103.53325760018376, 19.380237319361633], [-103.53316389028534, 19.37937702955964], [-103.53290795022849, 19.37903068978529], [-103.53179202000872, 19.378530768959347], [-103.53197346026056, 19.3781116294305], [-103.53119493963092, 19.377901539073267], [-103.53133126012443, 19.37748150965066], [-103.5308239096938, 19.377337319345386], [-103.53079272041913, 19.376880259359286], [-103.52961877955435, 19.3767153197044], [-103.52923699971178, 19.37499924935722], [-103.52837107985711, 19.374424969700307], [-103.5283506504757, 19.373710619801297], [-103.52767973969756, 19.37347557926824], [-103.52763650998001, 19.372925779201704], [-103.52662689039389, 19.37261581968365], [-103.52684730957442, 19.371901339029115], [-103.52636680011439, 19.371605479386965], [-103.52640131020355, 19.370485229386336], [-103.52607201992186, 19.36989165937131], [-103.52613403000764, 19.369069149692436], [-103.52478531021615, 19.369051829650836], [-103.52454462955984, 19.368871339161124], [-103.52484534028699, 19.367851849239944], [-103.5247906598992, 19.367173979272874], [-103.52456532006545, 19.366627169611874], [-103.5237343700437, 19.36616153949564], [-103.52341568954935, 19.365237829351393], [-103.52328068001573, 19.364006489664444], [-103.52381431976868, 19.362218569501866], [-103.52337477953066, 19.3615825694661], [-103.52339542961448, 19.35933377974905], [-103.52317709041797, 19.35901553985418], [-103.52251153985185, 19.358824019511786], [-103.52244365963689, 19.358131619114623], [-103.52187804977372, 19.357613199269725], [-103.52156711994851, 19.357692659814642], [-103.52118413974596, 19.358245829025797], [-103.51998850983023, 19.358052919092923], [-103.5200833802014, 19.356365519841052], [-103.51975686025354, 19.356017199581633], [-103.5190408197399, 19.355945549419925], [-103.51769194963059, 19.357080689340677], [-103.51714611006217, 19.357079819054864], [-103.51695056966848, 19.356468429722895], [-103.51785711027024, 19.35604117945329], [-103.518711230112, 19.35486687982228], [-103.51860351956347, 19.354623969832595], [-103.51785941988328, 19.354295139119543], [-103.5163036796238, 19.354674249792872], [-103.51557623006718, 19.354322509724483], [-103.51512371959961, 19.352000939169734], [-103.51147888022133, 19.351521579406842], [-103.51123903008511, 19.351154259154168], [-103.51087640026216, 19.351418889614887], [-103.51041684975932, 19.35129330974281], [-103.51021753970873, 19.350707489666473], [-103.50908953957888, 19.350382459765562], [-103.50873959968791, 19.349381419489895], [-103.50824779991112, 19.349791199060828], [-103.507058049958, 19.349673309648484], [-103.50602790963646, 19.348605048964686], [-103.50474484960701, 19.348497149527493], [-103.5039987096291, 19.347881718976694], [-103.50245258002435, 19.34550597966238], [-103.50186657976984, 19.344990249466893], [-103.500280910174, 19.344441479750188], [-103.49933115046132, 19.344433969681383], [-103.49850522981026, 19.345011199381076], [-103.49806148973668, 19.345713199596872], [-103.49800293990883, 19.346637319839274], [-103.49753578026245, 19.34711985910933], [-103.49681857038179, 19.346822289471124], [-103.49543210958431, 19.347029709731412], [-103.4937029400815, 19.34615577981773], [-103.49255365846489, 19.3465057368119], [-103.49195493999085, 19.345503169850634], [-103.49261515007136, 19.344889539718704], [-103.49270199973125, 19.3442748595288], [-103.49246545994738, 19.34411817973598], [-103.49176302042953, 19.344292059710405], [-103.49113891986536, 19.343325569311563], [-103.4902550897202, 19.343104649430735], [-103.4899696500614, 19.342845919090962], [-103.48971112002158, 19.342580569428588], [-103.4897331697452, 19.341166479532816], [-103.4889942500812, 19.34134031901155], [-103.48856266035865, 19.34061625922001], [-103.4875708499644, 19.34021454954806], [-103.4870404895854, 19.339345369596654], [-103.48702565953391, 19.338513879673695], [-103.48642998025052, 19.337890649495108], [-103.48665429036294, 19.335532399596946], [-103.48731893967903, 19.333646539601155], [-103.48742453955948, 19.33182941960772], [-103.48664647962649, 19.328824919781], [-103.48660232031669, 19.327932049524694], [-103.4868185398834, 19.327413419022022], [-103.48724590980468, 19.327244199756635], [-103.48735670996327, 19.326909259806175], [-103.4888197396249, 19.325556119474374], [-103.48961317968241, 19.32508039982742], [-103.48983814971237, 19.324175798995398], [-103.49012855031819, 19.32388327981336], [-103.49080554985217, 19.323323679163998], [-103.49406304965946, 19.32228402909405], [-103.49431130959526, 19.321498659012256], [-103.49542262956682, 19.32075527902269], [-103.49560314976853, 19.320131649110923], [-103.49550284995728, 19.319222019485085], [-103.49572382018953, 19.318642519839006], [-103.49248622958777, 19.317047859296785], [-103.49100285039373, 19.315784599045113], [-103.49001763019024, 19.31452482963624], [-103.48963743032988, 19.3116436293789], [-103.49011419997115, 19.310270509315348], [-103.49137603044241, 19.308830059619797], [-103.49239725972886, 19.308322999404886], [-103.4932991701068, 19.30863864955749], [-103.49444975047763, 19.31028739960344], [-103.49505468964225, 19.31030636930324], [-103.49543571023318, 19.309953939311896], [-103.49805753968805, 19.309174349643918], [-103.49922662013165, 19.308506509101232], [-103.50011620032875, 19.307592109118204], [-103.5000989097589, 19.30655541980041], [-103.49944644965835, 19.30497088983192], [-103.50020537002005, 19.30404451976751], [-103.50050079998005, 19.303345489145517], [-103.50096687963286, 19.299750599788833], [-103.50176702975317, 19.29938951963066], [-103.50386599990738, 19.299505878996023], [-103.50509384958474, 19.299336799503887], [-103.50597477024196, 19.296179519166706], [-103.50864029028243, 19.295810399182013], [-103.5089488899618, 19.29567594918633], [-103.50918158043821, 19.295149909057255], [-103.50890122013709, 19.293785319467958], [-103.50725285015571, 19.293106709461966], [-103.50670942007848, 19.29228357897609], [-103.50621620037765, 19.289713939519793], [-103.50621897983812, 19.289361779081087], [-103.50701576981042, 19.28949807942753], [-103.50681360041682, 19.2878342491162], [-103.50707864988074, 19.28690225933834], [-103.50662267954847, 19.284946279759883], [-103.50693532021423, 19.284530379425135], [-103.50680577017172, 19.283931799398122], [-103.50735375036108, 19.2825866794287], [-103.50742639970429, 19.281393599036154], [-103.50697951019247, 19.28066654977416], [-103.50684266012009, 19.279765369762472], [-103.50711035004556, 19.27826568928974], [-103.50780224955463, 19.276824109402792], [-103.50798137028298, 19.27533890959331], [-103.50719971959214, 19.27384705908545], [-103.50707454040358, 19.272701029826205], [-103.507583229534, 19.27125784944558], [-103.5083566898925, 19.270207799677618], [-103.50887566009068, 19.267111259034042], [-103.5081520196095, 19.26682539897952], [-103.50721875024718, 19.266971219298267], [-103.50673768043443, 19.266389139134535], [-103.50674257025445, 19.263562819247078], [-103.50792571956298, 19.258251599623637], [-103.5074245698924, 19.257227519170367], [-103.50596752023525, 19.255581229475037], [-103.50544048028522, 19.2543250497781], [-103.50532864994554, 19.253268019688583], [-103.50546008966711, 19.252388549086497], [-103.50587091020873, 19.25162902912134], [-103.50666597013908, 19.250629799023923], [-103.50751028984688, 19.249974829329787], [-103.50776551039138, 19.2494443189772], [-103.50806085035522, 19.247798089164956], [-103.50767873983916, 19.246373449418375], [-103.50856576978485, 19.244128119694814], [-103.5095794797066, 19.244117598965776], [-103.50990621956282, 19.24330150909887], [-103.5093850298385, 19.240771199281454], [-103.50879311042858, 19.23968328963014], [-103.50593050968294, 19.237136429654775], [-103.50569078003805, 19.236156509771526], [-103.50665506039809, 19.23497499916423], [-103.50680518045482, 19.233147949436667], [-103.50733840025295, 19.232071689592892], [-103.50768314042632, 19.230448859829814], [-103.50761626006627, 19.230148059053175], [-103.50677790990268, 19.229941199064093], [-103.50630994979583, 19.229448739464363], [-103.50659637035272, 19.22749496909995], [-103.50722168045853, 19.226521739821187], [-103.50817869021706, 19.22570822981285], [-103.50957057963753, 19.225267819462584], [-103.51068875015594, 19.224603459833215], [-103.51087858019446, 19.223919919335515], [-103.51056442016305, 19.2231902796173], [-103.51099442983738, 19.221671689379964], [-103.51144148041304, 19.221107889697613], [-103.51241428984244, 19.220483249750593], [-103.51395369041504, 19.218814139337262], [-103.51413378008094, 19.21719307979634], [-103.51648514969702, 19.216980679806337], [-103.51880505999526, 19.216169859326257], [-103.5203353397901, 19.215322449606788], [-103.52282294045463, 19.21507487920761], [-103.53004357018457, 19.215902199449967], [-103.53232832031462, 19.216450169039817], [-103.53307366044938, 19.21620042936129], [-103.53954007999478, 19.21668357947726], [-103.5420088800096, 19.216108578969305], [-103.54301643012484, 19.21563094965062], [-103.54735015017465, 19.216587049819328], [-103.55368317007793, 19.217051489492658], [-103.55550889004782, 19.217070799741634], [-103.56151451041714, 19.216308509360424], [-103.56244171028335, 19.215642939023066], [-103.56534678044618, 19.216494089116516], [-103.56616036999574, 19.216478659816985], [-103.56641491983552, 19.216686349284963], [-103.57005497045888, 19.22867137969295], [-103.57132042034947, 19.226970659839164], [-103.57426673955567, 19.229795819324284], [-103.57560068961266, 19.22845581971842], [-103.57602175037059, 19.22775727962597], [-103.5775531499662, 19.22659256896674], [-103.57947485992975, 19.225946259050467], [-103.58088351046135, 19.22637030956428], [-103.58149269021384, 19.2262716298114], [-103.58303091041614, 19.224467079326377], [-103.5835110801674, 19.224347089833397], [-103.58553105993363, 19.22477537926767], [-103.5860728599134, 19.224624749817796], [-103.58685363044232, 19.22370336943712], [-103.58769908002593, 19.22342216931975], [-103.58906777958852, 19.223502219523876], [-103.59438214015178, 19.220911739189916], [-103.59577846010063, 19.22066404928456], [-103.59789684982108, 19.221277289662428], [-103.59893057036044, 19.221283569003923], [-103.5992859200751, 19.22065990930809], [-103.59913420012273, 19.22009327960125], [-103.5993098300175, 19.219609259697105], [-103.5997977802906, 19.219466339858393], [-103.60096205006211, 19.21978114921954], [-103.6017356001717, 19.219256369071683], [-103.60174374035479, 19.216862819619074], [-103.60217462979388, 19.216496619071492], [-103.6036842201466, 19.216387479343815], [-103.6038610804096, 19.216006749614422], [-103.60371916970283, 19.214734049565045], [-103.60402391954987, 19.214438059053705], [-103.6047879202072, 19.214428479385774], [-103.60589830989817, 19.215192969340993], [-103.60655620040063, 19.215132349357877], [-103.60699123032163, 19.21404313917901], [-103.60698688027114, 19.21257701899975], [-103.60719313994953, 19.21217405906116], [-103.60953314989861, 19.211374339305493], [-103.6106540004567, 19.21078439982291], [-103.6111390802245, 19.210932219350763], [-103.61095806019613, 19.21227711951234], [-103.61125009004058, 19.21261897949254], [-103.61154952029969, 19.21264084972282], [-103.611981749738, 19.212353999527025], [-103.61222262976194, 19.211612799323383], [-103.61151668994525, 19.21020430924413], [-103.6120612597901, 19.209864518996735], [-103.61398297960523, 19.21064385923101], [-103.61446565968825, 19.20961051944743], [-103.6160653704656, 19.20987805975243], [-103.61636660008354, 19.20962533965488], [-103.61661321955498, 19.208836029443443], [-103.61605122968521, 19.208054719418207], [-103.61633250967496, 19.207537309837882], [-103.61686517029761, 19.207710089215595], [-103.61791280012399, 19.208505339419975], [-103.61851889042894, 19.208552658988875], [-103.61946610993967, 19.207955119754104], [-103.62042021980865, 19.208078149352428], [-103.62148144963207, 19.207831799181847], [-103.62313367959177, 19.207075579112548], [-103.6240598001203, 19.206192919629625], [-103.62411406035761, 19.204474629283457], [-103.62446225991194, 19.204034519051245], [-103.62554889046079, 19.204383829449284], [-103.62574101959147, 19.20490261926218], [-103.6261860897953, 19.20504673947125], [-103.62683252035197, 19.204837649164585], [-103.62757739981353, 19.20442256959362], [-103.62807056979442, 19.203673179297997], [-103.62818875003104, 19.2025222591959], [-103.62833935022832, 19.202358659086514], [-103.62915750978202, 19.202365149019414], [-103.62956105026201, 19.201427249083157], [-103.63018246023931, 19.201008919153587], [-103.63134193967036, 19.201652579044133], [-103.63169302989787, 19.201552079213993], [-103.63215779966198, 19.200461939230642], [-103.63223982968199, 19.19922519981299], [-103.63265374025325, 19.199092489627397], [-103.63479886002268, 19.199542769147335], [-103.63534255026293, 19.19897459896554], [-103.63550065958106, 19.19785250982063], [-103.63680400014051, 19.196586139425552], [-103.63654863044324, 19.194968429562028], [-103.63848330999751, 19.195252659107872], [-103.63874968001477, 19.195056149175258], [-103.63872994028472, 19.194185079128918], [-103.63913579999385, 19.19392430909502], [-103.64004550985199, 19.194055259278564], [-103.64029328040539, 19.193832799727623], [-103.64145378030985, 19.193836859741555], [-103.6426079501026, 19.19342645937563], [-103.64239912039923, 19.192706519389752], [-103.64164566013167, 19.192000309436505], [-103.64259958027262, 19.19118904959318], [-103.64217804991968, 19.189968309238715], [-103.64315014968619, 19.189997919474752], [-103.6431830796531, 19.18878685920927], [-103.64417989045882, 19.18826562971544], [-103.64538862976025, 19.190005139039652], [-103.64760369013773, 19.189884739589075], [-103.64768049037414, 19.190103909534717], [-103.64731509038745, 19.190539139797103], [-103.64694135019194, 19.19181933917436], [-103.64736992003225, 19.19200828931415], [-103.6486418299459, 19.19067428933453], [-103.6490025500963, 19.1906175390117], [-103.64975282034814, 19.19280297976799], [-103.65000025024477, 19.194220689220018], [-103.63937221986045, 19.20626699930467], [-103.64769198009013, 19.209667999836164], [-103.65500277022815, 19.21306290915606], [-103.65489191977977, 19.21362211932232], [-103.65443655031464, 19.214206859557784], [-103.65269338036661, 19.214430169701984], [-103.65269129019305, 19.21494133904342], [-103.65346134011328, 19.215722979569186], [-103.65332966013474, 19.216471479114187], [-103.65258217036022, 19.21697507927971], [-103.65287906036713, 19.218260938963287], [-103.65264215012549, 19.218376679204088], [-103.65177607999297, 19.21810841934207], [-103.65076304991133, 19.217199449739763], [-103.65036294007038, 19.217667769496003], [-103.65028548018117, 19.218108978992586], [-103.65091768003005, 19.219299459430186], [-103.65087388030388, 19.22001219970259], [-103.65136991040904, 19.220576289354103], [-103.65133099968799, 19.22153690950415], [-103.65100007960335, 19.222714779762835], [-103.64925765006157, 19.223565489736963], [-103.64914654964299, 19.22502285965715], [-103.64884198043396, 19.22546607898719], [-103.64935109000244, 19.226163719572423], [-103.65041312012578, 19.226846179375563], [-103.65101605029122, 19.227809419032017], [-103.65114425965764, 19.2297329491691], [-103.65065690982728, 19.2302019992979], [-103.6505662000723, 19.230822419833014], [-103.65086114987542, 19.23268330906023], [-103.65313051023081, 19.23237907903529], [-103.66512340045239, 19.22960908914637], [-103.66375758002405, 19.230353279589867], [-103.6750022894199, 19.234283802749353], [-103.67440737916576, 19.23493503384375], [-103.67499158307146, 19.23971225249893], [-103.67566196898774, 19.23993732151333], [-103.67555448672108, 19.240935223921518], [-103.67490740043583, 19.24107197935762], [-103.66692396966387, 19.247733999738667], [-103.65869368987117, 19.255459079357543], [-103.6622874798948, 19.25647613965785], [-103.66175148017534, 19.25863239984141], [-103.66152342037678, 19.259094019392357], [-103.66056995036665, 19.259752849303055], [-103.6601134596177, 19.260648449287093], [-103.66009613982386, 19.261339919455697], [-103.66053531007199, 19.262153849582845], [-103.66287644978446, 19.269523029001608], [-103.66521490973166, 19.269856489301763], [-103.66741234942127, 19.270443769392337], [-103.66909915027097, 19.268132139795238], [-103.67274271961887, 19.270028799112602], [-103.67897801962964, 19.266393459303977], [-103.68178948039858, 19.263851829434287], [-103.68226202956937, 19.263925739668352], [-103.68429732006267, 19.265314999380408], [-103.68647854001097, 19.266991059115824], [-103.68812354960386, 19.268673399600914], [-103.68657688032023, 19.269691569601612], [-103.6863848502255, 19.270445939247683], [-103.68512836981542, 19.271216849672275], [-103.68390082030359, 19.272844709063786], [-103.6811911697303, 19.27467844950009], [-103.68063861953216, 19.27540614916572], [-103.67897773985008, 19.27950550961251], [-103.67825105022492, 19.28024151955437], [-103.67638599999763, 19.281232599410597], [-103.67431977997474, 19.284372259196306], [-103.67367921980137, 19.286379109166635], [-103.67262381971885, 19.288060429159152], [-103.67122489042676, 19.291577799145685], [-103.67129788987393, 19.2970104594667], [-103.67149690990341, 19.297703319226965], [-103.67134442986344, 19.298200229329918], [-103.66822138028792, 19.303763489008713], [-103.6670878596899, 19.30480805954916], [-103.66694882954548, 19.305298799717388], [-103.66574195021639, 19.306092399383793], [-103.66368143032169, 19.309259819409863], [-103.66383175007786, 19.310082569748783], [-103.66510661967527, 19.31109904976337], [-103.66573837022163, 19.31188305940466], [-103.66294615040958, 19.312342519100604], [-103.66168622989206, 19.312314979421345], [-103.66122950955305, 19.31242191916939], [-103.6606750202883, 19.312963709196595], [-103.66039595026382, 19.313729829047425], [-103.6614895398349, 19.31530464956047], [-103.66081476979137, 19.3185944490491], [-103.66254765001007, 19.32050913915872], [-103.66326187959163, 19.320512291626127], [-103.67917146014861, 19.32576024936604], [-103.67808086023757, 19.327326089329556], [-103.67712089025079, 19.329580179458738], [-103.67523929003752, 19.330620279609636], [-103.67568260046731, 19.331745549153226], [-103.67452038013877, 19.332460569684415], [-103.67498096984328, 19.33289539898613], [-103.67479189031782, 19.33420490918975], [-103.67410217002546, 19.337101509694175], [-103.67358054996787, 19.338284918966593], [-103.67656974036923, 19.338462509779404], [-103.67761127978982, 19.338779539221804], [-103.6778358597123, 19.338372309685695], [-103.67841840029399, 19.338060288965337], [-103.67828394023735, 19.337840219185818], [-103.67861919993665, 19.336690619823717], [-103.67905299975062, 19.33608385958604], [-103.67880631040845, 19.335616749794497], [-103.68281174959753, 19.33539951936175], [-103.68470368986085, 19.33545611926846], [-103.69051979990503, 19.337802049339988], [-103.6875282798892, 19.34514101900566], [-103.68750935014123, 19.347463979166577], [-103.68635937987081, 19.347325079680235], [-103.68512271991058, 19.346273169099213], [-103.67806706027753, 19.342852339653437], [-103.67819265954624, 19.34351801905751], [-103.67781109045585, 19.345471739802033], [-103.6766540195387, 19.34630287947203], [-103.67514036991861, 19.34933994928812], [-103.67550451008233, 19.349843798966916], [-103.67543609022437, 19.35025742979676], [-103.67427848991835, 19.351593539314315], [-103.67322307954493, 19.3541006894251], [-103.67194588961972, 19.355575109417497], [-103.67129851034358, 19.356725539337152], [-103.67189264990616, 19.3576911992987], [-103.67291498039705, 19.35839193942926], [-103.67397341981133, 19.359584509648442], [-103.67437267969078, 19.361146049375403], [-103.67373524975204, 19.361624369571143], [-103.67248763021709, 19.364163139790143], [-103.67337254006124, 19.36781187971403], [-103.67484823011725, 19.36787588902853], [-103.676209489549, 19.369501848998848], [-103.67631504976336, 19.37163767922812], [-103.67482492024399, 19.374283889581793], [-103.67870342039055, 19.37564861965013], [-103.67943028953437, 19.376529519581357], [-103.67962622004342, 19.377165549305786], [-103.67948204963483, 19.378402139091914], [-103.67833527991937, 19.37947265957696], [-103.67671405978304, 19.381555289686695], [-103.67473816972446, 19.385698419685735], [-103.67311021960394, 19.3880200290161], [-103.67300814046487, 19.388647489094932], [-103.67348381973184, 19.390216979849047], [-103.67033866047801, 19.39298897929789], [-103.67050052033188, 19.39330210968504], [-103.67023671013337, 19.39320942908169], [-103.66981702990712, 19.394017569284163], [-103.66980522033224, 19.395318919134546], [-103.66574537990661, 19.391100089090084], [-103.66375951012921, 19.39156444964851], [-103.66118185952512, 19.39360434919575], [-103.66101517973856, 19.39302451917934], [-103.66020156955499, 19.39246547929457], [-103.65975313972325, 19.392335679805104], [-103.65925182981857, 19.392490029742657], [-103.65905661991532, 19.392141089819233], [-103.65839086024602, 19.39196211977202], [-103.65839406016319, 19.391441119666037], [-103.65743472004989, 19.39067588933993], [-103.65762523027259, 19.3898554793256], [-103.65676065989233, 19.389422739630298], [-103.6569655196921, 19.38883953956646], [-103.65685356960824, 19.38842788908847], [-103.6561299996669, 19.388046879544156], [-103.65559276959942, 19.387052139347286], [-103.65475505037594, 19.38646894941975], [-103.65438891005758, 19.388944779502342], [-103.65468296971788, 19.389729169053698], [-103.65417998007648, 19.390214879671227], [-103.65416868981774, 19.39062216933346], [-103.65371695046521, 19.391161659655065], [-103.65359070964483, 19.392164749160322], [-103.65271914956048, 19.39233682978951], [-103.6525910895765, 19.393585199361397], [-103.65171817971519, 19.393645659805372], [-103.65168945970302, 19.394426339196755], [-103.65110354993584, 19.395714139787394], [-103.651192450326, 19.39619399939339], [-103.65305513991446, 19.39916690985195], [-103.65364957987944, 19.400939049173427], [-103.65338331993364, 19.402837309334263], [-103.65073951012174, 19.404114819496293], [-103.64872617988816, 19.405418849720533], [-103.64803291015545, 19.40707257981855], [-103.6483570198266, 19.40805039976795], [-103.64681070996839, 19.4087854594755], [-103.64852555005359, 19.413321949060993], [-103.64884908039016, 19.413847429758864], [-103.65012863000922, 19.41377533957517], [-103.64999137014699, 19.414341289005797], [-103.65031828998725, 19.415324769707954], [-103.65007179954456, 19.41784270931059], [-103.6498300198009, 19.417894859853444], [-103.64972865013432, 19.42003293930091], [-103.64939193956283, 19.42086882976391], [-103.64946299975523, 19.422143829835584], [-103.64919377000291, 19.423170539291707], [-103.64848605019857, 19.4239330494591], [-103.64824409011884, 19.42565093898606], [-103.64852092047435, 19.426861219365012], [-103.64791799999955, 19.427078739573407], [-103.64767105047846, 19.428191519782565], [-103.65220510963834, 19.428117659508548], [-103.65587099984884, 19.42914570898232], [-103.65675252744138, 19.42916841768066], [-103.65306309597366, 19.432651272319397], [-103.65376296922373, 19.432967844983374], [-103.65479298459168, 19.432794768171497], [-103.65640006200567, 19.43193929167737], [-103.65725301479506, 19.432451584328717], [-103.6580988154527, 19.432674675996633], [-103.66045636872012, 19.432050584781162], [-103.66079590047373, 19.431876898804024], [-103.66097555383446, 19.430292522495705], [-103.66137527232505, 19.429287416564904], [-103.66273333995164, 19.429322349413184], [-103.66544354989793, 19.429927309854467], [-103.67228345023157, 19.430683119272633], [-103.67347225965322, 19.43143902978961], [-103.6723059096503, 19.43460896950777], [-103.67203300022493, 19.440379169376378], [-103.67217306003968, 19.441672769835108], [-103.67480707992527, 19.442892279210344], [-103.67482537977233, 19.445154479548385], [-103.67085927971323, 19.445368799296524], [-103.66986031978912, 19.450127179164937], [-103.66829842040595, 19.45385377958668], [-103.66987851991034, 19.456123599840556], [-103.66881008989289, 19.462237969306315], [-103.6605388601172, 19.46455694957263], [-103.66051472043716, 19.46664914964435], [-103.65449795024782, 19.466400229561472], [-103.64716377023316, 19.47016879965197], [-103.64308492046446, 19.471393379217403], [-103.6459895198831, 19.476157919291598], [-103.63856577041268, 19.480089549246568], [-103.6372937399118, 19.47902557970407], [-103.63668339968628, 19.47610262954247], [-103.63737411000058, 19.470781369749247], [-103.63629931039753, 19.46784027949437], [-103.63528411017349, 19.468820149006174], [-103.63485345974713, 19.471539779175345], [-103.63188603020555, 19.473999659210822], [-103.63008318026, 19.475046999482938], [-103.62812398045443, 19.48396008904422], [-103.62673722954561, 19.48375297946631], [-103.62603067990752, 19.4860761197106], [-103.61244559962545, 19.488858949304156]]]}}, {"type": "Feature", "properties": {"CVEGEO": "06006", "CVE_ENT": "06", "NOMGEO": "Colima", "CVE_MUN": "006", "NOMMUN": "Ixtlahuacán", "cov_": 80, "cov_id": 81}, "geometry": {"type": "Polygon", "coordinates": [[[-103.71919997991925, 19.088591849773096], [-103.71820471973388, 19.088506219375358], [-103.68238272044015, 19.074807889501987], [-103.68340781987088, 19.072776419627502], [-103.67912055003679, 19.070512109239306], [-103.6583973701133, 19.06255656923555], [-103.65830857993376, 19.058813369337084], [-103.65731562024897, 19.058180539794627], [-103.64797961974604, 19.056603999026763], [-103.64690225956963, 19.056118739432865], [-103.64503851005044, 19.05621270942012], [-103.64457661977686, 19.052661819204406], [-103.64409675006061, 19.051570109321794], [-103.64291662974742, 19.05140410916803], [-103.64384425987531, 19.05013901932057], [-103.64413691999917, 19.049134519450334], [-103.64329954028031, 19.047850279580693], [-103.64466532019713, 19.04461857921275], [-103.64462857015836, 19.043307509314626], [-103.64535874959968, 19.043048769751024], [-103.64529666004816, 19.04169096922006], [-103.64598652042767, 19.041247629382433], [-103.64676178010922, 19.041174049339265], [-103.64677782045102, 19.03871502947629], [-103.64721385964552, 19.037759889819768], [-103.6471778795467, 19.036356519438748], [-103.64747877004608, 19.03588121935804], [-103.64719962970601, 19.034610109067806], [-103.64818978023058, 19.0336449192014], [-103.64815845992054, 19.033023819577185], [-103.64851321990074, 19.032434619170424], [-103.6483847404486, 19.031810579681522], [-103.6487011399368, 19.030806939209423], [-103.6486167103623, 19.02839151958048], [-103.64837394972172, 19.028049419662377], [-103.64843878044519, 19.027501419654854], [-103.64881285021322, 19.02721530909839], [-103.64907472001799, 19.026571489307283], [-103.6492405497894, 19.024672519237843], [-103.64910170980717, 19.022110289186582], [-103.65006645965677, 19.021612619684085], [-103.65030231030397, 19.021046019157623], [-103.65024371013298, 19.02066210917843], [-103.64967038041355, 19.02007870929719], [-103.64992605023626, 19.018922229167238], [-103.6489241199656, 19.018574278999044], [-103.64838862046958, 19.016657339269745], [-103.64787543001063, 19.01658604932774], [-103.64756024957272, 19.017281679300908], [-103.64728235011987, 19.017364199601822], [-103.64681702000902, 19.02051007954613], [-103.64690319981686, 19.021891399766165], [-103.6360059202958, 19.028300199038384], [-103.63274877969836, 19.028659799219884], [-103.63259846004047, 19.02926510952439], [-103.63194255026234, 19.02899725948304], [-103.62951245999015, 19.029701279513258], [-103.62875697042446, 19.029705919478097], [-103.62830180017784, 19.0294435197026], [-103.62827459999454, 19.029209889852318], [-103.62699759974348, 19.029416249108213], [-103.6224600598241, 19.028472779180937], [-103.62046163046858, 19.028487779847488], [-103.61612068031783, 19.03016688984871], [-103.61178653952864, 19.0284775495582], [-103.60825636963882, 19.02300670949248], [-103.60873101998081, 19.022147109362297], [-103.6084456899361, 19.018841969044125], [-103.60583710962082, 19.015340229753235], [-103.60307113976812, 19.01022554972094], [-103.59222879978225, 19.004532769277823], [-103.59342644992603, 19.001666249241172], [-103.59194233989795, 18.997274449359914], [-103.59151657979649, 18.996849319163374], [-103.59101817039789, 18.994929109832725], [-103.590473319721, 18.994576599354534], [-103.58950860047523, 18.989399999171912], [-103.58902878028123, 18.98800925984474], [-103.58887111983204, 18.985342258997477], [-103.58982936998184, 18.981962289726816], [-103.59232342997491, 18.980956369633436], [-103.58542043044132, 18.97715657947642], [-103.58926562045161, 18.951545459474307], [-103.58798220005993, 18.9500295093602], [-103.58995231984942, 18.947015909163618], [-103.58799001975468, 18.944403199648935], [-103.58740616963385, 18.940190089723252], [-103.58947126045922, 18.934066769843962], [-103.58800008029179, 18.92686751974356], [-103.58477818010351, 18.928999979169447], [-103.57971323025414, 18.928354739407002], [-103.58082110964352, 18.92747499906984], [-103.58137601984839, 18.921001539069753], [-103.57995606013574, 18.91711024899455], [-103.58515657003935, 18.917337509374367], [-103.58661754016153, 18.916148949577725], [-103.5863425699504, 18.91254794908471], [-103.58785822989678, 18.909933199019715], [-103.58869877997982, 18.908991049225325], [-103.58955503017944, 18.906945279556776], [-103.59620886046677, 18.90423913926524], [-103.5907119498834, 18.90346227954195], [-103.5876834903558, 18.897515769740362], [-103.58643570966463, 18.891674749051454], [-103.58485226016582, 18.891299079753786], [-103.58313797973632, 18.889523569262757], [-103.58055127963216, 18.8862022792706], [-103.58036152017596, 18.88409614946816], [-103.57846437011024, 18.88023637978089], [-103.5782618500974, 18.878798289851236], [-103.5796761703872, 18.876898379054687], [-103.58116700030251, 18.87592905899166], [-103.58234402971463, 18.875624859043725], [-103.58302161981865, 18.875011539826165], [-103.58372327979187, 18.87390747963878], [-103.58340350953561, 18.872438349124934], [-103.58341188027927, 18.871355709524604], [-103.58399845041247, 18.869444109006174], [-103.58437688017257, 18.866156249139603], [-103.58490517014515, 18.86561873973639], [-103.5864398903742, 18.865505249060543], [-103.58757568960179, 18.865846949835163], [-103.58792248004194, 18.866224659603066], [-103.58844155032993, 18.86710317981797], [-103.5891658900167, 18.869274878978064], [-103.58968920008805, 18.869861778983644], [-103.58985396955185, 18.870779719052475], [-103.58920812034435, 18.872962859824142], [-103.58848731031999, 18.873913429857065], [-103.58798986029642, 18.87528144926615], [-103.58820782047363, 18.87575065960114], [-103.58916404986486, 18.877041448986354], [-103.59168634972774, 18.879059979010844], [-103.5951199698823, 18.882459919376316], [-103.59629009010972, 18.883945369775375], [-103.5967536301099, 18.88422256958171], [-103.5973365799559, 18.88435094943326], [-103.5984858601955, 18.882985089019282], [-103.60095357958826, 18.881462599416423], [-103.6016099196048, 18.881300519789555], [-103.60252660006836, 18.881599259345492], [-103.6032683204574, 18.882146519357267], [-103.60562505979851, 18.88316379985027], [-103.60700627988247, 18.885589939588648], [-103.60751911976847, 18.887135089680026], [-103.60803928997711, 18.887847139176163], [-103.60984474968888, 18.88929581917075], [-103.61468263002114, 18.892164219725593], [-103.6163429699054, 18.892592909820433], [-103.61879337988587, 18.892902799789344], [-103.61896569028198, 18.893153939089657], [-103.61957747965714, 18.893241799575947], [-103.62089725023056, 18.892627179797902], [-103.6224510901295, 18.89009774957119], [-103.62315668991221, 18.88943648954951], [-103.62447457000353, 18.888726259139585], [-103.62566349031061, 18.88841344928873], [-103.62675392037622, 18.888754819509668], [-103.63028009006354, 18.885324848999243], [-103.6314532203506, 18.883183509690326], [-103.63196098004967, 18.88006317946964], [-103.63231330954322, 18.879304379512533], [-103.63275730982245, 18.8786859192482], [-103.63342982023191, 18.878310459727402], [-103.6377170002722, 18.87223239925359], [-103.63928380023646, 18.870826549661572], [-103.64034311008676, 18.869537249585676], [-103.6405723697796, 18.867244489868558], [-103.63979477038035, 18.866091169863314], [-103.63786715007508, 18.86453094919447], [-103.6363671700324, 18.86182584931931], [-103.63428924963196, 18.85921979926755], [-103.63148128966799, 18.85783322907371], [-103.62873786036107, 18.85603307946996], [-103.62443925978825, 18.85265804936211], [-103.62038989033398, 18.84788450965804], [-103.61965682977997, 18.846614019351062], [-103.61833531999196, 18.84544037926171], [-103.6178132195398, 18.844474919736378], [-103.61718725954744, 18.84285133960726], [-103.61693951036743, 18.84126087925467], [-103.61695730999534, 18.840602369384438], [-103.61740759991578, 18.839695399746212], [-103.61862388953332, 18.838585139453603], [-103.61994694988942, 18.83783947927467], [-103.62133198002704, 18.836722908979993], [-103.62308483029415, 18.834112619264793], [-103.62619965040699, 18.830974369247123], [-103.62617759979294, 18.829124289711807], [-103.62580557991049, 18.828106219220714], [-103.62462422983059, 18.826109429288643], [-103.65028742969508, 18.840827518984078], [-103.65146591020633, 18.844702229450544], [-103.65325643010152, 18.84548462956211], [-103.65222337008835, 18.848889539713316], [-103.66863782045978, 18.858544889670892], [-103.67104204954198, 18.854466169639228], [-103.67565500029558, 18.85689099942031], [-103.68694731967373, 18.861180999347553], [-103.69417171038288, 18.865463629840935], [-103.68894399961277, 18.876799379508824], [-103.68856640016168, 18.876890399460436], [-103.68671408999074, 18.8816077492308], [-103.68903169017962, 18.882854369021135], [-103.6915577099198, 18.883253819172435], [-103.6935081801873, 18.883205739299022], [-103.69385032000011, 18.88244081934199], [-103.69529921971959, 18.882787319398325], [-103.69557067985237, 18.88220967905997], [-103.6974206799686, 18.883616569704138], [-103.69659708009203, 18.88433867954715], [-103.69834065005645, 18.885789149830078], [-103.70506969012162, 18.89007002977632], [-103.70272411042667, 18.891662549359527], [-103.71085262028025, 18.894212179474422], [-103.71098045974962, 18.900886259193715], [-103.71473768961931, 18.900736169549393], [-103.71614287978834, 18.901729999688875], [-103.71747428029242, 18.901902509038752], [-103.71969589010223, 18.90190345945377], [-103.72076782032084, 18.901490429583117], [-103.72884317980497, 18.912868649474248], [-103.73075111029473, 18.912171179252105], [-103.73052017041162, 18.91091187925073], [-103.72988993960305, 18.909863909484343], [-103.72957525970793, 18.908753109435693], [-103.72807722021092, 18.906727089423807], [-103.72838691001702, 18.905230419871266], [-103.72796263012539, 18.903912049819564], [-103.72820212034239, 18.903728119451138], [-103.73002912022426, 18.90784574932117], [-103.73198974958055, 18.907690089448042], [-103.73418308970582, 18.905267579619792], [-103.73563149042005, 18.902506509406738], [-103.73765932004582, 18.903983319549464], [-103.73890197000647, 18.902153349788858], [-103.74028508992566, 18.901114059865606], [-103.74110310960432, 18.900806619650172], [-103.74150679970451, 18.901792199622903], [-103.73834521977261, 18.904176019653374], [-103.73952810966409, 18.905385199351763], [-103.73977805991927, 18.910006429568753], [-103.74050981956124, 18.91330973982886], [-103.7407831698436, 18.91756822974642], [-103.74249846026774, 18.917653309509035], [-103.74517563045075, 18.91741511973913], [-103.74797173987626, 18.909040539722184], [-103.76922064995054, 18.911010319432958], [-103.76858108993662, 18.913565679755703], [-103.76804486037379, 18.91462408917433], [-103.76693869002365, 18.91605084907743], [-103.763910119873, 18.921203079209437], [-103.76695962006534, 18.922664279678273], [-103.76926231041357, 18.919362689297518], [-103.77217287960049, 18.91833124901743], [-103.77229427996055, 18.915956259547386], [-103.77360397967033, 18.915334149549768], [-103.77534992006122, 18.91606454908853], [-103.7761810795802, 18.917786019426195], [-103.77141974044187, 18.92210481969879], [-103.7706916299396, 18.923747849589834], [-103.76377005985265, 18.930529749615722], [-103.75420937042517, 18.9419228798272], [-103.75146718017552, 18.94492668913738], [-103.76221914971359, 18.948680579619978], [-103.76511769036836, 18.940634149740177], [-103.77634470997673, 18.94295454943291], [-103.76986472010188, 18.948332518979438], [-103.78397897035084, 18.956112769233872], [-103.7775708903736, 18.977907379308366], [-103.77815905019938, 18.978319879114263], [-103.77793964962149, 18.983761419273034], [-103.78071616997384, 18.999909399162668], [-103.76994497043158, 19.000104259508728], [-103.77105080028967, 19.021112679738625], [-103.77188473991986, 19.021837539325016], [-103.76787146008925, 19.02700324932134], [-103.76922282993165, 19.029362459645146], [-103.769823649899, 19.03163310945173], [-103.77069171015165, 19.033947019684927], [-103.7714750000238, 19.035378979319233], [-103.77203097968334, 19.037859019464086], [-103.77129839962495, 19.04157910969649], [-103.77066722952827, 19.043211649363368], [-103.77074005962733, 19.045520779049497], [-103.77164028997798, 19.049203619790113], [-103.772287000122, 19.050452089174808], [-103.77232594019671, 19.051396339861412], [-103.77370593956528, 19.054612829146585], [-103.77357688973927, 19.056628399478022], [-103.77413872024599, 19.05991393915556], [-103.77235885032697, 19.064228909814748], [-103.76748915047203, 19.06920114935658], [-103.76690771044196, 19.070681199288003], [-103.75288342966121, 19.07182519971811], [-103.75247694022354, 19.071124719681162], [-103.75195405988829, 19.065281999114553], [-103.75261982031489, 19.063501029230874], [-103.7535426803484, 19.062450819128305], [-103.75229549003583, 19.06135373978938], [-103.75157133964818, 19.061233219237675], [-103.75087437970356, 19.061217179759335], [-103.75103553972572, 19.062036399363162], [-103.75021298008735, 19.06206896931056], [-103.75012601974822, 19.063341199610225], [-103.75030521965647, 19.064292619549818], [-103.74209168038689, 19.065658199573654], [-103.74056886000756, 19.069870369849493], [-103.73336831980856, 19.067226479499574], [-103.72512042019825, 19.064678169149122], [-103.72735557964629, 19.06959954938599], [-103.72765454972928, 19.071527419600315], [-103.72635028010444, 19.073208049807263], [-103.72546168976203, 19.073262419763676], [-103.72485842008173, 19.07368434950515], [-103.72277073960545, 19.07605207931407], [-103.7225110903267, 19.077211579820897], [-103.72249370972419, 19.07877714983586], [-103.72141490967932, 19.07964867963544], [-103.72071030967511, 19.07975085933416], [-103.72026686016079, 19.080124309448358], [-103.72011836953992, 19.081114679732373], [-103.72034219965339, 19.08319979939654], [-103.71992230983004, 19.084275649360777], [-103.71906936983913, 19.085477549108724], [-103.71936272031753, 19.087136049818668], [-103.71919997991925, 19.088591849773096]]]}}, {"type": "Feature", "properties": {"CVEGEO": "06007", "CVE_ENT": "06", "NOMGEO": "Colima", "CVE_MUN": "007", "NOMMUN": "Manzanillo", "cov_": 79, "cov_id": 80}, "geometry": {"type": "MultiPolygon", "coordinates": [[[[-104.48606904319236, 19.104844645603634], [-104.48600082105033, 19.104421572231267], [-104.4856747774249, 19.104376615932775], [-104.48543330762276, 19.10399234643836], [-104.48466662797344, 19.10383961069308], [-104.48496523202633, 19.10320918069887], [-104.48488254724381, 19.102822294345717], [-104.48549524975145, 19.10282658017032], [-104.48564603541642, 19.102385519632765], [-104.4853628727153, 19.102203250369374], [-104.48583125879529, 19.10217396401362], [-104.4863132361864, 19.102475181280866], [-104.48657183932647, 19.102140188874415], [-104.48635148012059, 19.101669295948753], [-104.48657988161153, 19.101751808377205], [-104.48653683254031, 19.101464927695233], [-104.4873413921583, 19.10120721129461], [-104.48867863781669, 19.102371468860824], [-104.48794574914442, 19.102412316794368], [-104.48847973991913, 19.10266234156327], [-104.48773212117581, 19.102725000281318], [-104.48786905310558, 19.103182888248945], [-104.48882152796571, 19.103569805465778], [-104.48833942363109, 19.104505242332984], [-104.48606904319236, 19.104844645603634]]], [[[-104.24366931034903, 19.310091719095606], [-104.24339643012546, 19.30950527928052], [-104.24192317011632, 19.309027219265094], [-104.23630182042088, 19.308043139029788], [-104.23529242992764, 19.30764048927445], [-104.23418711043041, 19.307622339530003], [-104.23252751024607, 19.30633264980917], [-104.23199036991024, 19.30530599979602], [-104.22975200022047, 19.30448233982432], [-104.22884863013672, 19.304776288982634], [-104.2261785404433, 19.302252419124738], [-104.22561378012743, 19.302000569343566], [-104.223268920258, 19.30168559930073], [-104.22397767961165, 19.300833800547142], [-104.2274250889611, 19.299734379470472], [-104.2273343794813, 19.297957969285225], [-104.22652364907702, 19.297746879442656], [-104.22515714033311, 19.297823230008795], [-104.22588806010582, 19.298310490283175], [-104.2192739197582, 19.296912940204873], [-104.20185647857869, 19.290538739389397], [-104.2001958593402, 19.292813320444044], [-104.19942433860251, 19.2923844507811], [-104.18862857981097, 19.2884392292896], [-104.17659964992363, 19.285491949573927], [-104.1732253697592, 19.28370271939813], [-104.1713054289244, 19.28233618073248], [-104.17103821983487, 19.281693689721706], [-104.17268850858382, 19.27723610936037], [-104.16643807865213, 19.27526978028859], [-104.1561745791314, 19.272714030170246], [-104.1447687788753, 19.26864999906024], [-104.14026645009687, 19.267895350019224], [-104.1362936604046, 19.269031939826323], [-104.13491433897109, 19.26864788914214], [-104.11839637988447, 19.266807249198425], [-104.12015770991454, 19.263502689942328], [-104.12255648937938, 19.25812469054802], [-104.11773248966283, 19.256102969690684], [-104.09296685925338, 19.24938167961969], [-104.07586717885353, 19.251175830622284], [-104.0750879393196, 19.250000169898573], [-104.07273831991459, 19.248098950589675], [-104.06876674011673, 19.245831059168932], [-104.06850299257538, 19.2442351966802], [-104.0693004956895, 19.2414879377149], [-104.07002802985686, 19.241032580083893], [-104.06974923093013, 19.240476471189165], [-104.06850492399634, 19.239724177544122], [-104.06762471591342, 19.23868682083667], [-104.06700079002256, 19.238626260566697], [-104.06620082135528, 19.237646688581155], [-104.06578705711125, 19.23674559409425], [-104.06484387286295, 19.236166958577368], [-104.06371512815132, 19.236352462929254], [-104.06349633461447, 19.235873161415117], [-104.06160782691349, 19.235098399114946], [-104.06089726143445, 19.232569953138228], [-104.06044119869505, 19.23203204902576], [-104.0600879868444, 19.226865864641336], [-104.06066167711738, 19.22512822291525], [-104.05997794348397, 19.224971696674537], [-104.0599826208964, 19.22414924595349], [-104.05898173614352, 19.223111232072544], [-104.05894408000528, 19.22265198355689], [-104.0579205681418, 19.22205377559801], [-104.05740251052231, 19.221094746086237], [-104.05682415290457, 19.22082398631268], [-104.05648611770283, 19.22007628148608], [-104.05671021928431, 19.219618379972708], [-104.0562314625346, 19.218831694968475], [-104.05555038116407, 19.21821611111844], [-104.0542801548196, 19.21851559630955], [-104.05324257551602, 19.2168652901828], [-104.05197465846275, 19.21676309766831], [-104.05102611346241, 19.217848442708707], [-104.04816833965269, 19.217604091850543], [-104.04687477453923, 19.218458093998482], [-104.04601583153688, 19.217267733527027], [-104.04462722261091, 19.21714573443101], [-104.04328043425069, 19.21675616193282], [-104.04228025540078, 19.21562242955355], [-104.04261635405632, 19.213214151346385], [-104.04120709508936, 19.21318765666162], [-104.04032286984791, 19.21289611902007], [-104.03953365219155, 19.213580565694542], [-104.0386703414642, 19.21315523990939], [-104.03821093310829, 19.212521630091494], [-104.03452645797175, 19.212502256769735], [-104.03429780737127, 19.21028229363913], [-104.03483422270061, 19.20806636063209], [-104.03556392415909, 19.207228602321052], [-104.03543035206671, 19.205965501663577], [-104.03501246924698, 19.205121703932488], [-104.03566374250472, 19.203920114481736], [-104.03537167536554, 19.20221625341151], [-104.03392760779508, 19.201271415061836], [-104.03173866446019, 19.200322634403225], [-104.03044383736167, 19.19895343156705], [-104.03148101738677, 19.19802419474444], [-104.03245048202513, 19.197493749474432], [-104.03295266199017, 19.197687670219416], [-104.03387906585198, 19.19763517170685], [-104.03485231202876, 19.196454406667478], [-104.03483887089686, 19.195306700583643], [-104.03514619648156, 19.194390208568084], [-104.03494017889427, 19.18828752617251], [-104.03381988485991, 19.18707661155953], [-104.03425322273323, 19.18526180164766], [-104.03309656593599, 19.183612575473656], [-104.03304022818683, 19.182692358588483], [-104.03274129161677, 19.182174347017575], [-104.03205272952695, 19.181501261575796], [-104.03306715306714, 19.180148572558174], [-104.03496339182415, 19.178443915885616], [-104.03646041545778, 19.17819630711394], [-104.03723122893557, 19.17718660525778], [-104.03741806010454, 19.17621209227084], [-104.03951956771142, 19.174138222282053], [-104.03998962745708, 19.172916532361892], [-104.0411988030642, 19.17267419625179], [-104.04319653577014, 19.17182388882474], [-104.04382328794541, 19.17134896972308], [-104.04421224189063, 19.170222482029864], [-104.04578756042608, 19.169312562024498], [-104.0468801109581, 19.168342741456588], [-104.04848672147567, 19.16548196691223], [-104.04833905250415, 19.163855374087422], [-104.05136622562732, 19.162474735497867], [-104.05225796671138, 19.161408204919933], [-104.05464173319845, 19.161305724354094], [-104.05771015273076, 19.159733915281592], [-104.05900503713293, 19.158554651152222], [-104.06015457098434, 19.158158859822546], [-104.06054218756809, 19.15724272556519], [-104.06215549754921, 19.15669627190916], [-104.06242006853101, 19.156181181372425], [-104.06375471402167, 19.155078594734956], [-104.0635777750432, 19.154368268984268], [-104.06360783791008, 19.152572147228803], [-104.06306755128323, 19.15201469639479], [-104.06095675304425, 19.151563990409603], [-104.06077363321448, 19.15072325661981], [-104.05929384475156, 19.15021656247222], [-104.05996202135005, 19.149512265356957], [-104.06008830261172, 19.1485374111036], [-104.06147708456776, 19.14566972865854], [-104.06476602998669, 19.145336059725654], [-104.06524849006048, 19.14278530926504], [-104.06620137963826, 19.142650448989027], [-104.06796753960487, 19.13450668901632], [-104.06940430979424, 19.132309719026903], [-104.06903691028886, 19.128567909573455], [-104.06253125986996, 19.11869954971082], [-104.06358034027603, 19.11674330927359], [-104.06787401984205, 19.101936549226412], [-104.06384240025115, 19.100859119810337], [-104.05683433980145, 19.09269337948782], [-104.04623085043693, 19.08381087912778], [-104.0433542003552, 19.08282224952078], [-104.04217136993525, 19.082000339482626], [-104.04175387956091, 19.081402119383775], [-104.04154771980372, 19.07947656977422], [-104.03985307956167, 19.076286519304965], [-104.03387924966607, 19.07164013903254], [-104.0312871799824, 19.06998039923495], [-104.02959847955398, 19.067132579259763], [-104.02997974996507, 19.065561279853807], [-104.03077784985045, 19.063838859333572], [-104.03006950990024, 19.062249449234262], [-104.02687912015666, 19.059928909614808], [-104.02913920035408, 19.057619689657052], [-104.02683483018016, 19.051969079355434], [-104.02716922001683, 19.051098339447087], [-104.0272554798176, 19.047269679125804], [-104.02792754001678, 19.045795659155623], [-104.02598611977709, 19.042334739070693], [-104.02368854996153, 19.039780779461843], [-104.02307634024721, 19.038804379252117], [-104.02444464997073, 19.03715899944136], [-104.02621671954056, 19.03561433987067], [-104.02663762966694, 19.03446710937274], [-104.02800856990966, 19.033554249665425], [-104.0297478196421, 19.032808149648595], [-104.03087747973953, 19.032772489721832], [-104.03128983016578, 19.03140816916722], [-104.03235361974662, 19.031463369417317], [-104.0344884903506, 19.02827134946676], [-104.03439097964281, 19.02472742966555], [-104.03187569007915, 19.024306599082717], [-104.03569425028257, 19.02205022937165], [-104.03681422039666, 19.021772479074535], [-104.03014082996764, 19.01259750946361], [-104.03633962985703, 19.010733399062303], [-104.0408869099754, 19.012483169282113], [-104.04949344967946, 19.008726859346638], [-104.05075694968586, 19.00874287915216], [-104.05287258023101, 19.009837979691415], [-104.05420850966308, 19.009857429488427], [-104.05424591979013, 19.01003767950932], [-104.05352797023924, 19.010607109386815], [-104.05599190956585, 19.013657649537045], [-104.05622907989381, 19.013256739575336], [-104.05741590954813, 19.012785749728263], [-104.05836888007448, 19.011574599588126], [-104.06046087954233, 19.01363702958635], [-104.06686292040135, 19.00913105913591], [-104.06881718024165, 19.004694029028034], [-104.0752142201682, 18.993066289345386], [-104.07714264968749, 18.988733819631634], [-104.0779697496192, 18.987408619430898], [-104.08925402994494, 18.988851719835086], [-104.09218594955342, 18.990018139768136], [-104.09240714999751, 18.989641399026087], [-104.09248348972318, 18.988192629557297], [-104.09329982046114, 18.986977459425535], [-104.09428634970944, 18.986690509628307], [-104.094902200415, 18.987117519270438], [-104.09744251972414, 18.9867358292229], [-104.09986656990115, 18.9870970897435], [-104.10044291015043, 18.986423849257537], [-104.10053813985843, 18.98581331915627], [-104.10147384965434, 18.98483719907623], [-104.10236107977329, 18.984555489647978], [-104.10279016965002, 18.983279679254128], [-104.10256288983982, 18.982631979771902], [-104.10370240045134, 18.98175097961331], [-104.10368922959114, 18.98110351897749], [-104.10410141975044, 18.98074602977879], [-104.10932333965978, 18.968589749243748], [-104.11574213989634, 18.955289859178308], [-104.11692918006426, 18.952049829439208], [-104.11735032016365, 18.951588859105048], [-104.1185637101401, 18.948517169452995], [-104.1187999501181, 18.94771971907682], [-104.11569886026594, 18.94632871979211], [-104.11660846032645, 18.943806719262543], [-104.11955110974563, 18.944993649338038], [-104.11994611042904, 18.944198459424136], [-104.1365017237983, 18.952024780543763], [-104.15096348963536, 18.95792799980795], [-104.16081369021967, 18.962683909601576], [-104.17172754985607, 18.966695709473655], [-104.17694920014964, 18.96929379948276], [-104.18392844281762, 18.97163913909995], [-104.18535254990493, 18.97236368335913], [-104.19995601996874, 18.978063719662195], [-104.22279043557705, 18.986528497345727], [-104.25017874916837, 18.996027618519115], [-104.25570931367875, 18.997102814663915], [-104.25646036042384, 18.9970819229624], [-104.25725359504003, 18.99521136674438], [-104.25767833000705, 18.99489489841857], [-104.25775328378472, 18.995552818041784], [-104.25704539244359, 18.99684367610026], [-104.256529707314, 18.998393335496846], [-104.25759080028917, 18.99866237942988], [-104.25825929043455, 18.998612149148958], [-104.25895568967435, 18.997718169179265], [-104.2603275395654, 18.998055339127305], [-104.26036565006505, 18.998458879145776], [-104.26120897221732, 18.99899781093447], [-104.2621195936715, 18.996849506196924], [-104.2626442664164, 18.996699600518685], [-104.2627941716875, 18.99692445825856], [-104.26195250062317, 18.99865071615003], [-104.2620107967721, 18.999042138055394], [-104.26322670170191, 19.000124792377676], [-104.26509303024265, 19.001310739757685], [-104.26654826019737, 19.00190853901227], [-104.26700221974194, 19.001908689031936], [-104.27037781999654, 19.003515939417042], [-104.27394369036533, 19.004902519668292], [-104.27457918019492, 19.004959919317127], [-104.28357270964159, 19.008702119515796], [-104.28514724995287, 19.009046719378585], [-104.28699394968773, 19.00985611956927], [-104.29257140044997, 19.01168925918517], [-104.30425112925063, 19.01526994346938], [-104.31420322622859, 19.01794326839286], [-104.31649345597108, 19.018376329840123], [-104.31726616182034, 19.01851757972122], [-104.318699979576, 19.01834071917137], [-104.31958036995293, 19.01893561946578], [-104.32876928041226, 19.020005229077665], [-104.32935206420909, 19.019067563482643], [-104.32923547015658, 19.018667813743303], [-104.32982000032445, 19.017937379808345], [-104.33040140719228, 19.018159799501404], [-104.33080115459535, 19.01748522231601], [-104.33120534723588, 19.017740761194], [-104.33143409391296, 19.017485221714228], [-104.33206412013033, 19.017621879007002], [-104.33198510973382, 19.018761949598638], [-104.33259758002437, 19.01886791919441], [-104.33288318580149, 19.019842077548777], [-104.33389921359795, 19.020483342764695], [-104.33424066692024, 19.020475013978256], [-104.33419070017027, 19.019942014112058], [-104.33499852707085, 19.020266811998113], [-104.33511511869895, 19.020475014069152], [-104.33459878000087, 19.0206915582892], [-104.33498508011863, 19.021171089868645], [-104.33625460012564, 19.021998459663305], [-104.3364649802249, 19.02241988955455], [-104.33557316586622, 19.022415464594147], [-104.33559520002555, 19.02317584958127], [-104.33523497002109, 19.023734769428405], [-104.33531374020713, 19.024014599743026], [-104.33512797966146, 19.02396477978068], [-104.33493961956084, 19.02430144939594], [-104.3351059796894, 19.024298879503114], [-104.33507231957037, 19.024492629695015], [-104.33493247977202, 19.024424519692413], [-104.33489725020318, 19.025670629203443], [-104.3344675998059, 19.026693349431806], [-104.33472522013223, 19.026563059549698], [-104.33464351414659, 19.027022891558957], [-104.33482265524505, 19.027829198138352], [-104.33500116971612, 19.027847849102976], [-104.33491643447242, 19.028716753288563], [-104.33574091597266, 19.02885833155907], [-104.33629057328535, 19.029441299619787], [-104.33566369010573, 19.029609849143085], [-104.33527799955702, 19.029458109715204], [-104.33508396991301, 19.0296855496891], [-104.33435442029322, 19.02958765982311], [-104.33444426005501, 19.029986619205456], [-104.3345760202979, 19.02985111984719], [-104.3348937796469, 19.030137348980084], [-104.33478135039965, 19.0302846793988], [-104.33444622996697, 19.030101819150364], [-104.33424265035653, 19.029771349725507], [-104.33433057022468, 19.030070779865973], [-104.3339665204276, 19.030064279709013], [-104.33384894994626, 19.030284479225966], [-104.33402380012451, 19.03042733979986], [-104.33365481957365, 19.03050584909134], [-104.33403651994077, 19.03079714982007], [-104.33284515045672, 19.03094902927531], [-104.33411693442633, 19.03138174993171], [-104.33403329031765, 19.03166345903382], [-104.33319137038488, 19.03173522956089], [-104.3329759504746, 19.03260681981081], [-104.33319319985975, 19.033148139434182], [-104.33370885693577, 19.03327223228368], [-104.33399522966, 19.03361274919682], [-104.33351416965694, 19.033643659350655], [-104.33389788026275, 19.03369637979181], [-104.3338654503575, 19.033966709215182], [-104.33362908004528, 19.03386477945417], [-104.33349963011226, 19.034448289625963], [-104.33320084411778, 19.034646370727007], [-104.33319251467202, 19.03483791683652], [-104.33352563879423, 19.034887885180755], [-104.33345922005846, 19.035113019023015], [-104.33273500009041, 19.035157019826002], [-104.33199758037959, 19.035438979066075], [-104.33198313981046, 19.035603179591988], [-104.33149701993695, 19.035438539851555], [-104.33100238001434, 19.036290659489378], [-104.3308868157018, 19.03914831073968], [-104.331160115995, 19.039837541578745], [-104.33148877043114, 19.039933689227777], [-104.3310394901767, 19.040065739839665], [-104.33097785981141, 19.040861999728886], [-104.33165895295046, 19.04175025054471], [-104.33125940155763, 19.042029165290273], [-104.33118425007021, 19.04256929194211], [-104.33139595031398, 19.04273759948457], [-104.33124254709206, 19.043382561047416], [-104.33132299958152, 19.043971889872847], [-104.33180247954691, 19.04395553899529], [-104.3320657802355, 19.04431053940028], [-104.33154833984115, 19.044770919425787], [-104.33180725996553, 19.045243489768424], [-104.33154757000801, 19.04549833977978], [-104.3316173105708, 19.04632238584888], [-104.33099270332468, 19.04638901141997], [-104.33052632926757, 19.046114182480757], [-104.32984342181432, 19.047213493344678], [-104.32947888028085, 19.048791089657332], [-104.32966020471405, 19.04907899159587], [-104.33005995305273, 19.0490623347581], [-104.33008108984012, 19.049367689138464], [-104.32970718037393, 19.04976928979169], [-104.32973852021989, 19.0503420291118], [-104.32948636952858, 19.050721259358344], [-104.32955429011943, 19.05091127972843], [-104.3295874003958, 19.050746999037155], [-104.32989970968154, 19.050860419237058], [-104.33007425042256, 19.051159859220494], [-104.32990942021866, 19.051114969481446], [-104.32982879984326, 19.051407579041626], [-104.32954396956569, 19.051018969333114], [-104.32950075003028, 19.051412659364814], [-104.32894878043533, 19.051671889727878], [-104.32904459959967, 19.05185336985153], [-104.3290110297469, 19.051975849494664], [-104.3289585496085, 19.0518275795579], [-104.32886861953202, 19.05199159926653], [-104.3286315702142, 19.051893619326066], [-104.32881308024925, 19.052080539520574], [-104.32849846009758, 19.052037949396826], [-104.328580119587, 19.051806339332952], [-104.32845408973179, 19.05194377977462], [-104.3280599795629, 19.051841458987212], [-104.32753654960752, 19.052520349521863], [-104.32731269027062, 19.052361199551857], [-104.32689130959602, 19.052747149705787], [-104.32655608970782, 19.052752319718355], [-104.32646076963049, 19.053018049075188], [-104.3254843495685, 19.05324805979471], [-104.32483961993296, 19.054051369665206], [-104.32347906013791, 19.054665489376653], [-104.32315759887182, 19.055178420425563], [-104.32300923020178, 19.055103619417967], [-104.32304667873163, 19.055902169718355], [-104.32274885962302, 19.055967279436224], [-104.32258616899374, 19.05562071929075], [-104.32222399927791, 19.05564488920873], [-104.32209827809902, 19.055466654054623], [-104.3212185989845, 19.056456259307073], [-104.32095143014973, 19.05716789033816], [-104.32033765029603, 19.05744242008452], [-104.32037426858788, 19.057280859660285], [-104.31994064945223, 19.05741428917672], [-104.31980844966188, 19.057061079392042], [-104.31949742036409, 19.057115290735442], [-104.31827565862196, 19.058730280257702], [-104.31818625870804, 19.05862651903916], [-104.31781119961944, 19.059083489733077], [-104.3176254497447, 19.05900750947544], [-104.31466433886582, 19.061171080270196], [-104.31440310113494, 19.061113115481156], [-104.31444474213511, 19.060771663688964], [-104.3171359787735, 19.059040429000692], [-104.31681733904017, 19.058826659072793], [-104.31653868983528, 19.05906878068773], [-104.31644348934556, 19.05882288422735], [-104.3173096118951, 19.058181619414537], [-104.31742153942936, 19.058409279378342], [-104.31707760842163, 19.058710165245344], [-104.31720967483618, 19.058897836038796], [-104.31818406303806, 19.058015056219197], [-104.3184422358243, 19.05699902737364], [-104.3179239496366, 19.05645434927041], [-104.31787527984851, 19.056130649213447], [-104.3173158487045, 19.05675033911252], [-104.31664645006715, 19.057069369764523], [-104.31662987913607, 19.057341460723936], [-104.31633298044082, 19.057335949320628], [-104.31601004898907, 19.05766644962032], [-104.31589880019727, 19.057564109617974], [-104.31629930874202, 19.05728747921614], [-104.31620198020046, 19.05716238028864], [-104.31676877887254, 19.05690653902426], [-104.31642627874609, 19.056917850300977], [-104.31656308009156, 19.05675300050313], [-104.31685299886618, 19.056634019419395], [-104.31676975018074, 19.05678374354582], [-104.31772543157354, 19.05602376851057], [-104.31774842035051, 19.055553369845942], [-104.31702557887807, 19.055588580216096], [-104.31765328479875, 19.05549196175095], [-104.31768658198801, 19.054676196435626], [-104.31486916953568, 19.054257859679137], [-104.31452625976544, 19.05615839974986], [-104.31169289381056, 19.05851593424943], [-104.31420560596713, 19.056317311360964], [-104.31424122829091, 19.056112483324064], [-104.31392958764731, 19.0560412945444], [-104.31416872303585, 19.054041357581564], [-104.3133256590197, 19.053877416443243], [-104.31281827974257, 19.054234710411198], [-104.31276136939293, 19.05472618023456], [-104.3127781995858, 19.05418735061598], [-104.31265181859273, 19.0540173585223], [-104.31249865975165, 19.054246049593157], [-104.31249639985359, 19.0538305992291], [-104.31140110907184, 19.05358257981956], [-104.31109818019604, 19.053690371665787], [-104.31068921207341, 19.05398314435025], [-104.31087084677806, 19.054333637480237], [-104.3106198186957, 19.054025823798053], [-104.30947328996987, 19.05459482000719], [-104.30932048078361, 19.054384481232873], [-104.30798331538509, 19.056063006867216], [-104.3072762498123, 19.05635605937046], [-104.30741365889432, 19.056595110584354], [-104.30719944956596, 19.056394019502665], [-104.30654095034548, 19.0563836805391], [-104.30635826025073, 19.056774719865352], [-104.30587944037666, 19.056997577523404], [-104.30592234019689, 19.057191949225803], [-104.30580456358904, 19.057014195784863], [-104.30535163084542, 19.057295568176237], [-104.30435225897388, 19.058303269514795], [-104.30406910169386, 19.05901948619565], [-104.30415238301462, 19.05932762746882], [-104.30438557111655, 19.059219362292755], [-104.30463898372786, 19.059370458679265], [-104.30455646010883, 19.059555178979252], [-104.30543651014841, 19.061638029043994], [-104.30531262997394, 19.06182907950453], [-104.30341333210768, 19.062142911134945], [-104.30324937746545, 19.06254941739952], [-104.30308757268354, 19.06692762535698], [-104.30395369770392, 19.071855488723187], [-104.30480078603495, 19.0745680744834], [-104.3062474985652, 19.078118231663122], [-104.30817010267323, 19.08174452827608], [-104.31068281419913, 19.085437452104937], [-104.31446139872426, 19.089825179569942], [-104.31923935387204, 19.094079655419357], [-104.32457886603734, 19.097639329369112], [-104.32978512641012, 19.100389986523943], [-104.33397297704845, 19.10216030453624], [-104.33822745413761, 19.103635570738657], [-104.34023452944743, 19.104055544713887], [-104.34072588737445, 19.103938952179966], [-104.34062102024251, 19.103545969491663], [-104.34087579527805, 19.103156109462294], [-104.34138380809819, 19.10313112448223], [-104.34150040345953, 19.103514218064877], [-104.34175124364755, 19.10356190338009], [-104.34246365021774, 19.102839149727345], [-104.34318268129077, 19.103947280651695], [-104.34538963236947, 19.10317276458064], [-104.34584053955689, 19.102529449509642], [-104.34648502980004, 19.10219548952857], [-104.3469553171745, 19.10131559550273], [-104.34695531560162, 19.100899190014413], [-104.34667216031474, 19.10020795771705], [-104.34547311961111, 19.100124509311645], [-104.34498650957697, 19.09954833955207], [-104.34521174002651, 19.09951505983108], [-104.34550202007227, 19.09998110985872], [-104.34632562999181, 19.100093379227854], [-104.34687077987647, 19.099697719248432], [-104.34586886046169, 19.098586139707805], [-104.34550276955811, 19.098858029526486], [-104.3446365998727, 19.0987083394603], [-104.34445736989531, 19.099591349537437], [-104.3443112202274, 19.0995077493783], [-104.34442371033168, 19.098645318963822], [-104.34412178015086, 19.098677369124395], [-104.34401677017576, 19.09843279963537], [-104.34477920011987, 19.098379918964934], [-104.34461988977122, 19.098327689797166], [-104.34530491021461, 19.09796142952046], [-104.34776128298205, 19.097760699176842], [-104.34876898362839, 19.096761326438905], [-104.3491790798617, 19.095239879238825], [-104.34854412505122, 19.09461267358445], [-104.34867737351499, 19.094337845210806], [-104.34937405987453, 19.09401953973775], [-104.34911988034422, 19.0934763996714], [-104.34930564993734, 19.09339144904951], [-104.34915174956797, 19.092819399716124], [-104.34950748007053, 19.092567659860972], [-104.34927805018313, 19.092625949012877], [-104.34923178019204, 19.092448849458854], [-104.35020974822605, 19.091806098421397], [-104.35013066045842, 19.0911218290757], [-104.35037848999772, 19.091295769524628], [-104.35026719989591, 19.090821749674188], [-104.35082602721869, 19.09081505344799], [-104.35173379131129, 19.091306412261808], [-104.3526415556559, 19.09110653619869], [-104.35365758560044, 19.091406349216463], [-104.35388244535672, 19.091206474907295], [-104.35344168036347, 19.091059769802307], [-104.35355877988141, 19.0908952193756], [-104.35415533979987, 19.091037798989564], [-104.35414278007936, 19.091303829581577], [-104.35448770958254, 19.091413719017307], [-104.35396430984443, 19.092024919234483], [-104.35507071978239, 19.09258327934022], [-104.35478171001135, 19.093396399718102], [-104.35387682009733, 19.09448614956036], [-104.3541228200875, 19.09452342923699], [-104.35441939991485, 19.09498477985656], [-104.35539126010964, 19.09527111977792], [-104.35551024973923, 19.095474849237263], [-104.35498175584979, 19.095761950971365], [-104.35503172637219, 19.096061765236826], [-104.35595614586045, 19.09633659203411], [-104.35617267763409, 19.096944544198816], [-104.35578818028961, 19.097361829212513], [-104.35469860135672, 19.09768574637554], [-104.3539657272416, 19.098868339393782], [-104.35352433561276, 19.09915982220262], [-104.35268408374814, 19.09931669793558], [-104.35249997862607, 19.100234149488525], [-104.35075107496219, 19.10072550748499], [-104.35101757395864, 19.10175819319369], [-104.34995157620936, 19.102907474402677], [-104.34982665403936, 19.10350709782752], [-104.35051788727928, 19.104939533810583], [-104.35134237084533, 19.105314298119115], [-104.35173157844996, 19.10532262782406], [-104.35205097041128, 19.104991799321297], [-104.35263322841168, 19.104814611774042], [-104.35313607990442, 19.10405513948126], [-104.35387317999749, 19.104034289658884], [-104.35377754958462, 19.104189849424763], [-104.354590709714, 19.105402779125473], [-104.35252983674097, 19.106051991691736], [-104.35249164858067, 19.10634698425105], [-104.35273316730323, 19.106546860531466], [-104.35169215225461, 19.107254749718035], [-104.35114249705265, 19.108095888757916], [-104.35152558943562, 19.108703840042935], [-104.35225846192682, 19.108737153513164], [-104.351696949811, 19.10930379908026], [-104.35161602013008, 19.10891704916026], [-104.35132687708493, 19.10880159050512], [-104.35096760500383, 19.109203527089516], [-104.35085934079453, 19.110369463201103], [-104.35166716708437, 19.11181855521385], [-104.35169215189327, 19.11234322695363], [-104.3527081801051, 19.11360077128097], [-104.35383632360723, 19.11452675045542], [-104.35695352027045, 19.116129349434686], [-104.36158962042367, 19.117855749461874], [-104.36727405223243, 19.119122311543432], [-104.37312528983897, 19.119709198893517], [-104.3770050595448, 19.119615089462258], [-104.38203451985574, 19.119030179037043], [-104.38664103035167, 19.11804904902298], [-104.39064647974828, 19.116569949497897], [-104.3928298803221, 19.11539484963672], [-104.39492440040183, 19.1138621091505], [-104.39669902004573, 19.111976249810734], [-104.39817188099387, 19.10969347798882], [-104.39888443165464, 19.107073708451406], [-104.39856971028036, 19.105641459117148], [-104.39820699807052, 19.10481191728841], [-104.39763002593133, 19.10474798753219], [-104.3977133066307, 19.10452312762924], [-104.39813024007346, 19.104683442857237], [-104.39722194821336, 19.103823567494235], [-104.39685677659534, 19.10312892361555], [-104.39384776981481, 19.10204553932189], [-104.39356109033379, 19.102123019460883], [-104.39204169022375, 19.100996849333303], [-104.39151218004572, 19.099819969361906], [-104.39126984980034, 19.09968704930917], [-104.39148825966203, 19.09921299983198], [-104.39040744970295, 19.097949178995325], [-104.38977947954815, 19.096752889098465], [-104.38980028963798, 19.096016019000796], [-104.39154058033766, 19.095262549024838], [-104.39178965007608, 19.09463587911758], [-104.39225567991215, 19.09431064985298], [-104.39201588987873, 19.09403939942404], [-104.39230102981358, 19.09385088976586], [-104.39213135000311, 19.093460479669893], [-104.39247874002628, 19.093347119496766], [-104.39198228044, 19.09315341931536], [-104.39196690928286, 19.092788815403562], [-104.39238331364163, 19.09268887892325], [-104.39255219959871, 19.09214450922897], [-104.39197523729277, 19.091931020587484], [-104.3918170014857, 19.09133972354448], [-104.39229055236, 19.091782733876595], [-104.39277473624527, 19.091789443466872], [-104.39462357808388, 19.090873349594524], [-104.39533979412434, 19.090132147062064], [-104.3953827698185, 19.08984853902258], [-104.39489073974018, 19.089091219001098], [-104.39526931975742, 19.088708179303712], [-104.39431188022708, 19.088259279480145], [-104.3958521500143, 19.087769182227493], [-104.39532313753787, 19.08727560466051], [-104.39536140001361, 19.087011618968777], [-104.39458193464218, 19.086834214338182], [-104.39485676510546, 19.086542731221463], [-104.39521262041234, 19.086696569821118], [-104.39498000033647, 19.08588187908401], [-104.39522502692017, 19.085935945883612], [-104.39543140535895, 19.085027014230953], [-104.39592276096124, 19.085043671532777], [-104.39672408045774, 19.087795579490344], [-104.39698938012556, 19.087857419091527], [-104.39750510329104, 19.087283933088386], [-104.39837955657909, 19.087533775987286], [-104.39747179170027, 19.088225009967505], [-104.39767999475286, 19.089315993264055], [-104.39793816716136, 19.089599148058337], [-104.39851280723228, 19.089757382615744], [-104.39879596285066, 19.089649116381207], [-104.3987793036017, 19.089257695963433], [-104.39917905509463, 19.08951586764928], [-104.39852113494226, 19.09178111315893], [-104.39879596087006, 19.09225581706531], [-104.39856277445381, 19.09270553491219], [-104.39869602396952, 19.09314692440778], [-104.39910410232383, 19.093505033797967], [-104.39957880265328, 19.093496706151775], [-104.40014511580485, 19.093796517930773], [-104.40070310017272, 19.094745923722172], [-104.4015359095949, 19.095353874793425], [-104.40155256809523, 19.096344921262464], [-104.40204392600018, 19.097086123201112], [-104.40296001888527, 19.097477544634355], [-104.4039273404644, 19.096680399135842], [-104.40422477001285, 19.096979139478755], [-104.40416004295824, 19.097696402317126], [-104.40446740560783, 19.098277043445105], [-104.40430084419766, 19.100450681419467], [-104.40460898414266, 19.100867085575356], [-104.40497830969933, 19.100617999860475], [-104.40523121415532, 19.10105554046266], [-104.40550573579691, 19.101007498851246], [-104.40581418244673, 19.100589164595764], [-104.40625557201234, 19.100464243818855], [-104.40625676172962, 19.1010281765923], [-104.40664818269629, 19.101194738598494], [-104.40741436883823, 19.100803316477307], [-104.4073893863739, 19.10141959600899], [-104.4070812446359, 19.101802690321332], [-104.40669818002944, 19.102082179789406], [-104.4063099799228, 19.101920909557126], [-104.40617582048118, 19.102090509756717], [-104.40651002967702, 19.102153398991074], [-104.40631505825405, 19.10275209492115], [-104.4067564483483, 19.10324345316313], [-104.4074143686739, 19.103043578267044], [-104.40816662009559, 19.103272079578915], [-104.4083304623016, 19.103701499470162], [-104.4089717273512, 19.104234499404335], [-104.40932983394212, 19.104276140689944], [-104.40975948451499, 19.10403051715687], [-104.40981654020352, 19.10338044948263], [-104.4101389099581, 19.10342077921917], [-104.40993059997427, 19.103638599099575], [-104.41000591035792, 19.103866170531365], [-104.41059570800503, 19.10393468671273], [-104.41064842997122, 19.10454868963216], [-104.41037084936752, 19.105025669169176], [-104.4107955843731, 19.10502567024119], [-104.41044580248446, 19.105600310718252], [-104.41050096376551, 19.105880212317377], [-104.41132025534654, 19.106449777588306], [-104.41321788027257, 19.1054854591403], [-104.41444295038504, 19.105589849310867], [-104.41470622741333, 19.105907261638656], [-104.41540578932461, 19.106023853628017], [-104.41737955174366, 19.10544921379241], [-104.41799583255083, 19.104857917874785], [-104.41808744158898, 19.103958481908563], [-104.4184372208135, 19.10340049811922], [-104.41976139377182, 19.101759859973157], [-104.41957817380488, 19.101418406980596], [-104.41996959635833, 19.10086875132753], [-104.42046928194758, 19.100968688269138], [-104.42096064106322, 19.100743829216057], [-104.42240973289361, 19.10088540738708], [-104.42318424802842, 19.100543955108268], [-104.42303433980778, 19.100069253792885], [-104.42358399561628, 19.09751252175223], [-104.42405869936633, 19.09794558415175], [-104.42482488475878, 19.097629116556842], [-104.42525794724253, 19.09777069444376], [-104.42581593104383, 19.09749586557825], [-104.42624899437233, 19.09642986673749], [-104.42674035087308, 19.095838571322762], [-104.42733164792678, 19.095605383718425], [-104.4273483028882, 19.09493080758215], [-104.42798123997437, 19.09443112046457], [-104.42803953721094, 19.09417294917055], [-104.42762689004562, 19.09327019909005], [-104.4276538803728, 19.09306746862553], [-104.42725669403711, 19.092640575832426], [-104.42782300602391, 19.091799435037302], [-104.42854901969456, 19.092133829254763], [-104.42802793958944, 19.09234613928513], [-104.42816778024908, 19.09283099952096], [-104.42781762028585, 19.09292727977481], [-104.42775837046628, 19.093285079136287], [-104.42810865034286, 19.0929384294058], [-104.4283676303178, 19.092956599745865], [-104.42846962038145, 19.092529889757508], [-104.42868245953078, 19.092861459503673], [-104.42881953963698, 19.092635919632183], [-104.42955525408544, 19.09243237258388], [-104.42952194130925, 19.092040951114907], [-104.4297801131622, 19.091916030638195], [-104.4300484001742, 19.09244639964579], [-104.429971660359, 19.092940387519764], [-104.43032976867654, 19.09292373267617], [-104.43035475289282, 19.0926155912939], [-104.43072951734601, 19.09239906039282], [-104.43082112567612, 19.093440074135383], [-104.43106264397157, 19.093598309573668], [-104.43161229711238, 19.09313193484242], [-104.43177885978352, 19.093581653023865], [-104.43246359968441, 19.094161169868517], [-104.43235592013117, 19.09439674111363], [-104.43253672032841, 19.094672636384555], [-104.43284485899788, 19.09478090079956], [-104.43346113878096, 19.09456436936985], [-104.43331956051547, 19.093848152379888], [-104.43366934184841, 19.093623292343175], [-104.43397748104562, 19.094206260126597], [-104.4337526238522, 19.09480588398932], [-104.43400246783534, 19.095122353320473], [-104.43417735770801, 19.094805883958767], [-104.43441330977004, 19.094878119498752], [-104.43474366946678, 19.095721977009447], [-104.43462707482416, 19.096579774448234], [-104.43486026194194, 19.09708778848178], [-104.43719213321268, 19.09867012942099], [-104.43847466456846, 19.098395302487255], [-104.43880778925218, 19.09793725553499], [-104.43918517021709, 19.09662457905499], [-104.43949069262635, 19.09636324331507], [-104.4395989589509, 19.094805885637737], [-104.43842469368516, 19.093206887151414], [-104.43855794637946, 19.092682214975813], [-104.43784954034355, 19.09191341961244], [-104.43769087999715, 19.09183771975603], [-104.43756014006904, 19.09206748946056], [-104.43699362022072, 19.0913865492508], [-104.43712688997509, 19.091299029136696], [-104.43686431954944, 19.09127881962809], [-104.43696762962574, 19.090772029356415], [-104.43666159965106, 19.090833889550307], [-104.43652588602978, 19.090608515717122], [-104.43668411932208, 19.08995059479692], [-104.43714216388686, 19.089634127302816], [-104.43780008491456, 19.089350971070676], [-104.43848163946991, 19.089327308319987], [-104.43770847578675, 19.088434877935818], [-104.43705888441846, 19.08803512851022], [-104.43795832213847, 19.08713569327215], [-104.43745863345053, 19.08661935056074], [-104.43815819542021, 19.085561678455722], [-104.43785996396797, 19.085495966212427], [-104.4374756004649, 19.0857508197747], [-104.43706873985944, 19.085510479200366], [-104.4373701496519, 19.08595165985053], [-104.43700821953277, 19.086347799270648], [-104.43641575019926, 19.086046719716446], [-104.43695894677049, 19.08532849257862], [-104.43752525843634, 19.08533681995866], [-104.43794999116886, 19.08489542947], [-104.43835095031018, 19.084987939344515], [-104.43774017013065, 19.08459954982956], [-104.438015979813, 19.084077369298647], [-104.43743005953313, 19.083672649241667], [-104.43752796975767, 19.08351971907085], [-104.43788749038538, 19.083458149543816], [-104.43876629009138, 19.083826279428656], [-104.43876174974255, 19.084041419199966], [-104.43791990979426, 19.083863859335736], [-104.43839138162355, 19.084387415471294], [-104.43946570879577, 19.084695555435566], [-104.4409231292907, 19.08407927508466], [-104.44119993969134, 19.083694489035935], [-104.44090462990827, 19.083690509323784], [-104.44092681982823, 19.08338347965942], [-104.4412982599954, 19.08351765908711], [-104.4417179796655, 19.083256749449674], [-104.44215586037419, 19.08349501940346], [-104.4420416201556, 19.083812309327435], [-104.44149212001433, 19.084040249249686], [-104.44199262957008, 19.08450936941092], [-104.44183074976715, 19.086173049679335], [-104.44218398021692, 19.086497259418298], [-104.44261184962807, 19.086308309628844], [-104.44266627971274, 19.086671489840562], [-104.44241416975771, 19.08664144897876], [-104.44241782958954, 19.086846169121756], [-104.44267993955877, 19.08743353922126], [-104.44384980026176, 19.087606489739002], [-104.44425168039426, 19.08789024953018], [-104.44415376975432, 19.08816870929382], [-104.44393790537697, 19.088176707692707], [-104.44431267143614, 19.089267689174992], [-104.44455418641817, 19.08969242402401], [-104.44497059309202, 19.089725735948353], [-104.4447290764759, 19.089992235648932], [-104.44502407959502, 19.09071253951131], [-104.44482728001346, 19.091113979841637], [-104.44504525043205, 19.091261139725127], [-104.44534438002603, 19.091111749140975], [-104.44592356953213, 19.091411309537566], [-104.44649077002157, 19.091061579654934], [-104.4467371397991, 19.09019970977025], [-104.44716925994305, 19.090205119134964], [-104.44733077027209, 19.090451169692216], [-104.44703596319975, 19.0906668125055], [-104.4472108554146, 19.09086668697149], [-104.4479853689932, 19.090700124415175], [-104.448251350008, 19.091048259398782], [-104.44729413550145, 19.09175779594027], [-104.44565349788921, 19.09181609243233], [-104.44608655914539, 19.093365122133676], [-104.44796871425046, 19.094655979437988], [-104.44897641461613, 19.093881465542655], [-104.44952607143162, 19.094206260652687], [-104.44928518019091, 19.09486422902715], [-104.44865194003616, 19.095085829071312], [-104.44831780009973, 19.097319819576978], [-104.44790578004961, 19.097470599712416], [-104.44785245025635, 19.09777788940536], [-104.44777748046776, 19.098643309357115], [-104.44797291992691, 19.099049429521525], [-104.44896808591925, 19.10031076864929], [-104.44990083441893, 19.100902063139916], [-104.45110841062761, 19.100352408700385], [-104.4516414100469, 19.100369064248216], [-104.45244923864901, 19.100868752532055], [-104.4522743469005, 19.10130181419038], [-104.45177085985353, 19.101317379333267], [-104.45095857958022, 19.100978118980414], [-104.45079682971368, 19.101290309366462], [-104.45051871041565, 19.101352909586332], [-104.450575379833, 19.102039259843274], [-104.45084548953628, 19.101953049697286], [-104.45127925034019, 19.10223805949576], [-104.45086662980837, 19.102062049006133], [-104.45002395036657, 19.102679309771656], [-104.45006717974313, 19.1032161491051], [-104.44998015033835, 19.103445349817417], [-104.44976865022586, 19.103421449496384], [-104.45004898008884, 19.103923709731554], [-104.45097219994575, 19.103505449538773], [-104.45119503020241, 19.10387514953786], [-104.45152238010749, 19.103940109020872], [-104.45145711010586, 19.104120769817403], [-104.45118392004578, 19.10409687934409], [-104.45084823017758, 19.103662909741974], [-104.45040061989587, 19.10377308931455], [-104.45058549001598, 19.10418168943063], [-104.45098667992778, 19.104229579251847], [-104.45072166000602, 19.104240909283604], [-104.45074491965983, 19.104445259262594], [-104.45131534036955, 19.10462024921901], [-104.45083412021937, 19.104561689437336], [-104.45067025034433, 19.10477321900736], [-104.45102365957638, 19.10496290925174], [-104.45074651013927, 19.10495594909096], [-104.45078925960598, 19.1052971391925], [-104.45053258190485, 19.10537664126027], [-104.45174848712543, 19.10600957698049], [-104.45169814000549, 19.106433199716037], [-104.45065074996961, 19.106375919870505], [-104.45081842034203, 19.107463579467137], [-104.45147240043332, 19.10848371978487], [-104.45269066783911, 19.109292285263034], [-104.45429688918462, 19.109923790960284], [-104.45465497035647, 19.109868279128253], [-104.45515011042754, 19.110245419670928], [-104.45570434217558, 19.109449087795767], [-104.45641257967202, 19.109197579013443], [-104.45647837035919, 19.1096757790942], [-104.45629327217073, 19.109700457001576], [-104.45627898009066, 19.11001540061829], [-104.4570868079524, 19.10974890007558], [-104.45774472928626, 19.109932118878607], [-104.45786132177149, 19.1100736966441], [-104.45725336984188, 19.110356853692387], [-104.4572200568096, 19.110640008560388], [-104.45806119827922, 19.11123130452731], [-104.45871911896653, 19.11122297647635], [-104.45902725825891, 19.11088152426082], [-104.45955973514633, 19.11073994639276], [-104.45970126001924, 19.1106400196773], [-104.45934328995408, 19.110355479731705], [-104.45952979970679, 19.11026308984949], [-104.45990631043453, 19.110597579150998], [-104.46009923002087, 19.110483999642636], [-104.46104266273409, 19.111556100183204], [-104.4618588167824, 19.111631054605944], [-104.46240649026947, 19.111297059443004], [-104.46188502000597, 19.11109102948585], [-104.46183383160866, 19.110864867666564], [-104.46204203483872, 19.110781587153493], [-104.4628781502114, 19.11086661965547], [-104.46323685954671, 19.111243629313595], [-104.46296645638121, 19.11160606965205], [-104.46334122146247, 19.11193086667794], [-104.463840908429, 19.111830928834298], [-104.46408242337884, 19.111514461733535], [-104.46525668642973, 19.111647710062076], [-104.46576470292285, 19.110939820427127], [-104.46559813949125, 19.11066499351843], [-104.46635599867676, 19.110373509367932], [-104.46673671071963, 19.109921410367154], [-104.4671935685238, 19.109892857919306], [-104.46829763787069, 19.110854160169584], [-104.46814535440596, 19.11171076577453], [-104.46871642371106, 19.11155848039423], [-104.46898292193752, 19.111758354726813], [-104.47006795829073, 19.111796427261105], [-104.47004892071432, 19.11200581883753], [-104.46967772364928, 19.11213906923271], [-104.46989663724351, 19.112548335526817], [-104.47140045534931, 19.113119406380832], [-104.47139191968596, 19.113959829518073], [-104.47095302955738, 19.114094619739486], [-104.47122127962608, 19.114881829335012], [-104.47323674987925, 19.11646631980932], [-104.47974222964774, 19.120011859701847], [-104.48112794000552, 19.120550289414563], [-104.4854481339413, 19.123047799043846], [-104.48938205005727, 19.12455314914966], [-104.49190757006451, 19.125093289084276], [-104.49855298966038, 19.12708953378705], [-104.49928654825695, 19.12694645428326], [-104.49955952615461, 19.127344046249977], [-104.50384226012696, 19.12840297959886], [-104.51590111043902, 19.13199271971856], [-104.55300463023428, 19.141179619188783], [-104.5629495696972, 19.14399727985193], [-104.57173901985344, 19.145816649502727], [-104.58146932038498, 19.14737742984373], [-104.59398757980966, 19.148528889204634], [-104.60400929026483, 19.150866119415006], [-104.61254877983865, 19.153431318998], [-104.61778804988697, 19.155392279780212], [-104.61983813989309, 19.155950749609005], [-104.62169288991326, 19.15684724953177], [-104.63234834997078, 19.160741458985107], [-104.63454231967661, 19.16135997906731], [-104.63666185959939, 19.162257659691807], [-104.64942455039886, 19.166661448235377], [-104.66986211237239, 19.173109664417506], [-104.6839440300312, 19.176789109225602], [-104.68592075007211, 19.17711722981967], [-104.68868463040414, 19.17714794913526], [-104.6899558902236, 19.1770085397619], [-104.69043977039624, 19.17678119900731], [-104.69022728048341, 19.176544539823187], [-104.69047774041135, 19.17667541942292], [-104.69058568994504, 19.17697587947686], [-104.68989511032551, 19.177449419455204], [-104.68981543011151, 19.17822582932267], [-104.6900882302631, 19.178832879454145], [-104.6889766598205, 19.18409262978825], [-104.68859988970961, 19.184209459808056], [-104.68799892002569, 19.184878679012876], [-104.68769991014018, 19.184767169731852], [-104.687191320041, 19.185129489006595], [-104.68655489033766, 19.18453934917959], [-104.68572955042822, 19.184884889077125], [-104.6851999401652, 19.18481562966374], [-104.6847932803981, 19.184205599290497], [-104.68498512040752, 19.182407979692925], [-104.68266161960335, 19.182467449721315], [-104.68093592015204, 19.183773749833378], [-104.68111460022078, 19.18453954983932], [-104.680347739886, 19.185132649819987], [-104.68032869036642, 19.18550659973345], [-104.68139156969602, 19.186851449285385], [-104.68271022982822, 19.18756167916251], [-104.68251014038196, 19.187953089266408], [-104.68164422029847, 19.188308829221587], [-104.68157242038218, 19.188572969177287], [-104.68319566025895, 19.18914565911679], [-104.68361230997053, 19.189957919403586], [-104.68295871965248, 19.19029019938136], [-104.68325524961138, 19.19071067933574], [-104.67997933978987, 19.19317151911452], [-104.68028108014754, 19.192678289113353], [-104.6799279501885, 19.192121999434505], [-104.67959242040679, 19.19201908983607], [-104.679755000447, 19.191343599439655], [-104.6794031696953, 19.190870349836704], [-104.67849936979061, 19.19037382932737], [-104.67845831989698, 19.189547719775554], [-104.67737382982237, 19.188099219138245], [-104.6769465802899, 19.18663979901379], [-104.6765364201201, 19.1862887693497], [-104.67563502991396, 19.186021089497775], [-104.67514565019803, 19.185495739740933], [-104.67202219959636, 19.185475369689975], [-104.67151991993691, 19.185105059617324], [-104.67129531038142, 19.185477229000647], [-104.67035579961482, 19.185693029436262], [-104.66775411988078, 19.184715799526003], [-104.6670688196377, 19.18394825948918], [-104.66633294962858, 19.18390254961645], [-104.66610199983947, 19.183654419740883], [-104.66442085030036, 19.183154829509018], [-104.66143205035976, 19.18285167960937], [-104.66053701978801, 19.182527919676463], [-104.66015324993653, 19.182683179241398], [-104.65912551037336, 19.18246796914021], [-104.65835068000604, 19.182578029514723], [-104.65746682987363, 19.182966649656798], [-104.65653398023947, 19.18273785924849], [-104.65516899983761, 19.182844429313807], [-104.65367076964256, 19.182615889861044], [-104.65263979958058, 19.182165289166672], [-104.65177582969461, 19.181369779574275], [-104.64011681975796, 19.17699651930177], [-104.63534694027727, 19.17524551950318], [-104.63295888032314, 19.174642339085377], [-104.63206016976945, 19.17461644949144], [-104.63144845021796, 19.173738119824144], [-104.63073792032814, 19.173340909392248], [-104.62947835032877, 19.173752049287412], [-104.62934159994417, 19.17290634970188], [-104.62856569043443, 19.17320154975523], [-104.62785118019819, 19.174405979615457], [-104.62823205981113, 19.17523551909531], [-104.6265197103821, 19.175510279274103], [-104.62628451028684, 19.175853829446957], [-104.62626673991807, 19.177787349269543], [-104.62602743008578, 19.178203479289817], [-104.6241450902763, 19.178856919770762], [-104.62321075003128, 19.17991384919971], [-104.62098973956641, 19.179996489075524], [-104.61931323009641, 19.18080033946705], [-104.61882156969175, 19.18085144955711], [-104.61859963041108, 19.180259829723273], [-104.6180866801136, 19.179793349528634], [-104.61839161953853, 19.179094629543304], [-104.61827510992681, 19.178849999050893], [-104.61608704958506, 19.177958169398362], [-104.61615482045204, 19.17731273928058], [-104.61530150958299, 19.17410416962386], [-104.61590701993758, 19.17056616918843], [-104.61814439972646, 19.169522279642603], [-104.61892571025675, 19.16846094956697], [-104.61895729001523, 19.167666659855975], [-104.61678165966416, 19.166243519217954], [-104.61657081993586, 19.16538236933317], [-104.61672428985237, 19.164169429190984], [-104.61659581959523, 19.163203569545953], [-104.61574770995689, 19.161680889127084], [-104.61419143017116, 19.161352859389048], [-104.61195284979823, 19.161407429667776], [-104.6114735801964, 19.16100094927477], [-104.61126894972344, 19.160524249775463], [-104.61133707992066, 19.15987908931322], [-104.6126202501974, 19.157882339740603], [-104.61312729007636, 19.156534509673506], [-104.61312598023912, 19.155845539283387], [-104.6128338901947, 19.15548281943364], [-104.61011522006919, 19.15457202904614], [-104.60874370972431, 19.15502777957169], [-104.60817150996249, 19.154930509035857], [-104.60331922022044, 19.15205945937736], [-104.60124308011927, 19.151688519035563], [-104.59741067990433, 19.152052139070584], [-104.59677403042339, 19.151841509406804], [-104.59592933964547, 19.15096833905742], [-104.59510187956903, 19.15053248963371], [-104.5909902500404, 19.14991716945907], [-104.58984008025098, 19.15009521971193], [-104.58886691957169, 19.15081107975029], [-104.58703859978681, 19.153520939322576], [-104.58648689031659, 19.156460509505994], [-104.58648960038298, 19.159589599485884], [-104.5857801702144, 19.161814319633272], [-104.5860272195278, 19.162339549393227], [-104.58656962030001, 19.16270471928088], [-104.58845258021864, 19.163371149351722], [-104.58995429047768, 19.163345399367643], [-104.59154194962797, 19.162399169170982], [-104.59273974998642, 19.162387019269804], [-104.59324990956746, 19.162614089743123], [-104.59435957044212, 19.163664969235608], [-104.59561884954547, 19.16378771901502], [-104.59614262969731, 19.16405222955948], [-104.5966542801162, 19.16549664907152], [-104.59585190962302, 19.16859062971053], [-104.59584234043668, 19.170641709287956], [-104.59607313954989, 19.171606679562814], [-104.59688111974546, 19.173261449401068], [-104.60034304983421, 19.17794299924779], [-104.60046318040841, 19.178461479744236], [-104.60028748013892, 19.17905336930754], [-104.596266350163, 19.183620279094306], [-104.59549685967504, 19.184256199403194], [-104.59262528028124, 19.185987309041487], [-104.59002879991695, 19.186531679591454], [-104.58815144988837, 19.186348999018826], [-104.5873013504628, 19.185994349298273], [-104.58666779988997, 19.18538505896469], [-104.58517533957301, 19.181703919823093], [-104.5848608202524, 19.17924427967554], [-104.58450708970803, 19.17841553955715], [-104.58398962017029, 19.17798931985854], [-104.58196297015095, 19.177492219534095], [-104.58097709006863, 19.17761544948682], [-104.57921102984925, 19.17841179942125], [-104.57693762045128, 19.180204599437868], [-104.57598086009847, 19.18165847917484], [-104.57436013986369, 19.18575693938283], [-104.5743132799345, 19.187107539236443], [-104.57383727982312, 19.189616419294474], [-104.5739629800153, 19.190506969152864], [-104.57490148006056, 19.19201190968302], [-104.57476911035594, 19.193030379587583], [-104.57341945954813, 19.1947712798638], [-104.56970019991684, 19.197023509050517], [-104.56797909004369, 19.199251829180564], [-104.56724856993895, 19.20126611973633], [-104.56752613959091, 19.20400334944802], [-104.56855142025852, 19.205204549400364], [-104.5696012897238, 19.205883419421273], [-104.56922935013732, 19.20897190973123], [-104.56931872041505, 19.20994037913733], [-104.57014027986682, 19.211890819837876], [-104.57054415022611, 19.213681059282113], [-104.5704374201112, 19.214805749125034], [-104.56932674954366, 19.216754179260594], [-104.56911273955706, 19.21869522971792], [-104.56836998004059, 19.2194124795831], [-104.56729532037116, 19.219758029645046], [-104.56635578039742, 19.219524969130674], [-104.56427632026528, 19.21830493986038], [-104.56241861983577, 19.218229119424365], [-104.55990415014077, 19.22007693971656], [-104.55936794960071, 19.221078119116363], [-104.55927305967406, 19.22213376920849], [-104.55985062955001, 19.22272790955828], [-104.56032562986263, 19.22397548985436], [-104.5606127996229, 19.22601128910958], [-104.56028650974027, 19.228178599501454], [-104.5592516602758, 19.229868879244453], [-104.55723321974114, 19.231386799369613], [-104.5566305404573, 19.233278618953932], [-104.55524248026393, 19.23532767981976], [-104.55451594970587, 19.237097779681545], [-104.55163095027245, 19.23965848903224], [-104.55004321986523, 19.241839349367204], [-104.54865534967578, 19.24283677924794], [-104.54847134037911, 19.243346829489315], [-104.54470532042126, 19.244706319151575], [-104.54430812022353, 19.245069109736562], [-104.54391752027824, 19.245920119828153], [-104.5423897398179, 19.24680447960028], [-104.5370516502459, 19.251034859817388], [-104.5355573098038, 19.25303831954372], [-104.53456994966542, 19.25517807907172], [-104.53378370980498, 19.25804073965964], [-104.5329575202339, 19.258644859226738], [-104.53028786045357, 19.259788829159778], [-104.52529932015193, 19.26111842903157], [-104.52331937996807, 19.260372379140147], [-104.51556566017915, 19.250465909167712], [-104.51407514012546, 19.248144939721854], [-104.51243545978788, 19.247416078980763], [-104.50996003005183, 19.245370229567335], [-104.50962042021577, 19.244817649349244], [-104.5083847398224, 19.244225049323195], [-104.50765328042625, 19.24417970963714], [-104.50608994006171, 19.245083079515325], [-104.50570961968117, 19.245624049492474], [-104.50526751967205, 19.247119509384383], [-104.50359211036152, 19.248902079360622], [-104.50326226041794, 19.250651709554994], [-104.50262654047043, 19.251589279286865], [-104.50142518020887, 19.252592139417853], [-104.49921522032668, 19.25393410942762], [-104.49737974956071, 19.254497049434836], [-104.49600043019423, 19.254439259208407], [-104.49453542989801, 19.25394704976689], [-104.49322862978735, 19.25289677972048], [-104.48918927987265, 19.248506019390998], [-104.48844802956947, 19.24723268961049], [-104.48970285953865, 19.241520549645653], [-104.4894244200252, 19.24020545983962], [-104.4901419100887, 19.23273397942008], [-104.48895489006465, 19.22994336928098], [-104.48817514994812, 19.229549999823913], [-104.48738125020371, 19.22943264912193], [-104.4859174502195, 19.229661459848995], [-104.48384951025278, 19.23054045977165], [-104.48079393987541, 19.23347304939732], [-104.47932134001552, 19.236805749800872], [-104.47851273969626, 19.238052169020943], [-104.4776646301352, 19.238718949420782], [-104.47520628019045, 19.237910889814373], [-104.47460238004261, 19.23746185949807], [-104.47400915003224, 19.236548139812985], [-104.47346547971684, 19.2342692196322], [-104.47326510954278, 19.23183139957774], [-104.47339014031674, 19.230229779485217], [-104.47303208018326, 19.22935633941401], [-104.47252978033312, 19.228943249738975], [-104.4716729103116, 19.22883584943266], [-104.4703425101793, 19.229243969603473], [-104.46945349024564, 19.230040569058215], [-104.46689631989682, 19.231010218963412], [-104.46642526025734, 19.230978219074228], [-104.46560073992194, 19.230297819344905], [-104.46478459991461, 19.230037779558273], [-104.4638120202093, 19.231917679514343], [-104.46301625987216, 19.232959659844177], [-104.4628221699126, 19.236095799149016], [-104.46324162990177, 19.237485139662375], [-104.46442238022736, 19.239153949033756], [-104.46459834045298, 19.239861579135862], [-104.46538659957204, 19.240282849823675], [-104.4659716901071, 19.240921859604697], [-104.46721829002132, 19.244524349841022], [-104.4670081800762, 19.24510688934606], [-104.46611209021377, 19.245963539713813], [-104.46302342958599, 19.247368278969816], [-104.46061097983643, 19.246045889639923], [-104.46005636958499, 19.245981539614746], [-104.45773762998515, 19.247704859162944], [-104.45569874014893, 19.248040259831544], [-104.45567796955902, 19.248453649089786], [-104.45685351994648, 19.250361139693677], [-104.45736679985549, 19.25101087955665], [-104.45796297986278, 19.251338429206815], [-104.45980497026397, 19.25444841911313], [-104.45975222973748, 19.255347229674737], [-104.45893803001299, 19.257788939844048], [-104.45752701954166, 19.259419459549765], [-104.4569528895978, 19.25980976929595], [-104.45613236976777, 19.260013139319835], [-104.4545385202319, 19.25985254972571], [-104.4523657103604, 19.259525889358102], [-104.45016438010448, 19.258921379005432], [-104.44892916954025, 19.25899701936417], [-104.4479714802736, 19.25942594977657], [-104.44752785029735, 19.260256019253884], [-104.44444263006066, 19.260725829447214], [-104.44189708965654, 19.261426449568486], [-104.440174879716, 19.26287673901511], [-104.43855297971183, 19.26266894977124], [-104.43811275004855, 19.264918339424206], [-104.43752925989466, 19.265403179367773], [-104.4372113503899, 19.26616297957487], [-104.43700804990392, 19.26697485981977], [-104.4370397796078, 19.26822611951123], [-104.43576459980841, 19.269637249197118], [-104.43574989020972, 19.27015561936794], [-104.43657887996062, 19.27258836952814], [-104.43721317977744, 19.273840249165172], [-104.43868913972483, 19.275188659572258], [-104.43876514029931, 19.275613249445463], [-104.43979574979679, 19.27723377957046], [-104.43925912025529, 19.27798785956563], [-104.43741490992493, 19.27916702915915], [-104.43664108036246, 19.279387429661643], [-104.43573140007916, 19.27912613936518], [-104.42923307973528, 19.279291349197283], [-104.42490323029541, 19.28097565927656], [-104.42436519998404, 19.28176884906506], [-104.4238152000583, 19.282081119382887], [-104.42300485028508, 19.28201099976256], [-104.42228855039927, 19.281070889033145], [-104.42025259976963, 19.279573059312654], [-104.41968440041332, 19.279728969443756], [-104.41965861955023, 19.28001968972302], [-104.41744762989259, 19.280269089295707], [-104.41321673970891, 19.282945349381205], [-104.4129617699943, 19.283667599773857], [-104.4129721700558, 19.284664319831137], [-104.41236517993187, 19.285329249311307], [-104.40997107966172, 19.286051649418976], [-104.40781641982511, 19.286038689845817], [-104.40524564982394, 19.286657349151415], [-104.400945599878, 19.28906979925835], [-104.39992537045042, 19.288956819801825], [-104.39923190962155, 19.288710349398897], [-104.39921525956824, 19.288319349290695], [-104.39746222980393, 19.28675137933459], [-104.39743168044357, 19.285819199118954], [-104.39824929009984, 19.28411074962936], [-104.39931432044612, 19.28311610900066], [-104.40094680031642, 19.28105428909591], [-104.40104036977219, 19.2805042594234], [-104.40195838043533, 19.278765679074326], [-104.40245262987719, 19.27840065980503], [-104.40232057954805, 19.277036139166537], [-104.40126169046047, 19.27646691932744], [-104.40130177022336, 19.27602373926045], [-104.40162941969727, 19.275199089181008], [-104.40300862998586, 19.273290349425224], [-104.40319062999802, 19.271781419170814], [-104.40261623008179, 19.270533799746413], [-104.40175466021293, 19.269825819059214], [-104.40219688981546, 19.268282449831094], [-104.4013010598077, 19.267178339118193], [-104.40132251028967, 19.266813029716356], [-104.40046789004627, 19.26673141952344], [-104.3999614302933, 19.26707027921022], [-104.39848320040448, 19.26898270928125], [-104.3984891499985, 19.26932057970106], [-104.39556060014483, 19.271288249851303], [-104.38904514019282, 19.271678399683875], [-104.38687663013461, 19.27140619923393], [-104.385500400163, 19.271978419511104], [-104.38433093988384, 19.27204157914604], [-104.38332401960132, 19.27271327907615], [-104.38157206000851, 19.275484649726092], [-104.38032735047999, 19.276562709754398], [-104.3792214502327, 19.277895979314334], [-104.37661590975563, 19.28026734905313], [-104.37546419969556, 19.281114719441906], [-104.37480381996579, 19.281248689783776], [-104.37427346034966, 19.281883979301288], [-104.3721998595832, 19.281282719073044], [-104.3707273496513, 19.280166459535778], [-104.36559531018246, 19.277444459008766], [-104.36372374977611, 19.275504319092338], [-104.36331612017702, 19.27533621973244], [-104.36293258040118, 19.274282019119696], [-104.36296311997447, 19.273762649246454], [-104.36434521975454, 19.26979148945534], [-104.36393371004782, 19.269175399248276], [-104.36187368992397, 19.269078419002735], [-104.36007816965373, 19.269469419352184], [-104.35794297026897, 19.270569289239926], [-104.35699039956255, 19.271964029868553], [-104.35499772046973, 19.274071089655827], [-104.35491760039535, 19.274698579053787], [-104.35405405977532, 19.275783909562392], [-104.35357697030967, 19.27697091951045], [-104.3518462304668, 19.279612749590083], [-104.34932620025153, 19.282059199316404], [-104.34500095043971, 19.287336709827578], [-104.3438802902867, 19.289545979232813], [-104.34280203022155, 19.28998807948752], [-104.34107713965109, 19.28987545986888], [-104.34032420010152, 19.28922793938281], [-104.33783557016552, 19.289039399566317], [-104.33676046008803, 19.288614859837182], [-104.33601285031703, 19.28817522921012], [-104.33494354043974, 19.286947909738668], [-104.33413072026232, 19.286501369848825], [-104.33220139998143, 19.287037859717298], [-104.33184813954654, 19.287512309438796], [-104.33143122019882, 19.287599909181434], [-104.33020498017011, 19.287274369349188], [-104.32902417003008, 19.286106318998375], [-104.32653313955193, 19.284971079241124], [-104.32461835011787, 19.28360174903347], [-104.32370779980938, 19.282436919433557], [-104.32371380013628, 19.281847109823865], [-104.32312229031574, 19.28088264977722], [-104.32252569043663, 19.28054757919302], [-104.32184429022035, 19.28048867926047], [-104.32051444963075, 19.28093274937084], [-104.31888829015602, 19.280036539123138], [-104.31670820014239, 19.280117859649017], [-104.31556558019652, 19.27945101979552], [-104.31480390956276, 19.279355889816724], [-104.31280266003013, 19.280095969246204], [-104.31232573975761, 19.281947828977202], [-104.31124463000128, 19.283200379651714], [-104.3107864304315, 19.28598870976111], [-104.31091891023881, 19.2880435197806], [-104.31063373973882, 19.289507479076384], [-104.30979342955752, 19.29036544949782], [-104.30902506044583, 19.290457849045254], [-104.30587800040753, 19.2934167392385], [-104.30282808980182, 19.29423593983894], [-104.30010076974396, 19.296024379122187], [-104.29919133954857, 19.297458919741917], [-104.29904624990421, 19.29919441962798], [-104.2983332603706, 19.302133369769543], [-104.29759100036499, 19.302670769599516], [-104.29600742012035, 19.303295079321256], [-104.29402023008628, 19.303470799611176], [-104.2914169498006, 19.30269667984873], [-104.2889009198191, 19.301154569461335], [-104.28854154953885, 19.300581449001978], [-104.28716149027802, 19.299922689238205], [-104.28689219995576, 19.29958773957471], [-104.28718994048134, 19.29717559960233], [-104.2868863398024, 19.296938349360012], [-104.2859795395726, 19.296826569647557], [-104.2843421397543, 19.296882509086696], [-104.28275937981246, 19.297307629267877], [-104.2824644596738, 19.297738849102434], [-104.28232002009482, 19.299375109340275], [-104.28282566041887, 19.300826739791933], [-104.28256723027302, 19.301739259760524], [-104.2821979395296, 19.301806599630126], [-104.28145402027025, 19.30280884968755], [-104.28099865045931, 19.30306873977009], [-104.27964083013065, 19.303383079200092], [-104.27926655039018, 19.30319354897376], [-104.27856925033637, 19.302470879434683], [-104.27839852024864, 19.302005709376278], [-104.27780973960131, 19.301702339443317], [-104.27766210979878, 19.301378119625312], [-104.27640694038881, 19.300788379715673], [-104.27415337963365, 19.300994119086678], [-104.27244858039602, 19.30081054981122], [-104.27052085022447, 19.301918509617483], [-104.26980060044555, 19.301927089030073], [-104.2692642801328, 19.30220990973603], [-104.26844502981803, 19.303713518963402], [-104.26750133954992, 19.304921169279513], [-104.26223331998769, 19.307370779386353], [-104.2617417703029, 19.308225879471397], [-104.26150547992044, 19.30962627952673], [-104.26159630957252, 19.311073429467815], [-104.26143638038168, 19.311671519470412], [-104.26117905013423, 19.311806199816], [-104.25997347965854, 19.31178799927779], [-104.25717775022355, 19.310933829272617], [-104.25585762030711, 19.309899179781404], [-104.25350687977807, 19.310132479818385], [-104.2513346797429, 19.310597599357582], [-104.24951569045686, 19.31159031896805], [-104.24769098046599, 19.312178909755566], [-104.2462681796032, 19.311955419201677], [-104.2456834197633, 19.31126407924096], [-104.24440427968112, 19.310735149019813], [-104.24366931034903, 19.310091719095606]]], [[[-112.06431265994242, 18.991570179212136], [-112.0644686197549, 18.991304489480324], [-112.0650325400028, 18.99135528964431], [-112.06553299995905, 18.991954999093817], [-112.06613128977274, 18.992148179643518], [-112.06642277033177, 18.992928629764137], [-112.06624491016939, 18.993362629295465], [-112.06565227967315, 18.99324621904258], [-112.06547335000539, 18.992736219210716], [-112.06471751980807, 18.992309629773388], [-112.06431265994242, 18.991570179212136]]], [[[-110.8017241999674, 19.334983423465], [-110.8001161376735, 19.334566913761115], [-110.79925146718453, 19.334887496075254], [-110.79774566263696, 19.334585069078308], [-110.7945102395833, 19.333452898585225], [-110.79455252506327, 19.332639962048706], [-110.79499467086262, 19.33165363209797], [-110.7948736385549, 19.330760163778272], [-110.7952624442408, 19.329927030743704], [-110.79500573289923, 19.328891385927356], [-110.79452795810639, 19.32834890351657], [-110.79473935465774, 19.327706218896832], [-110.7943367489093, 19.326859182533294], [-110.79318722797062, 19.326686038204077], [-110.79205897904153, 19.326841835750045], [-110.79167186026997, 19.326234030665297], [-110.79247405324307, 19.325436856769063], [-110.7914041496759, 19.324538648759354], [-110.79158598764525, 19.323927710376303], [-110.79197809612778, 19.32363470861437], [-110.79417016037951, 19.322816568770676], [-110.79386843421739, 19.321573434707613], [-110.794605652893, 19.320750022107056], [-110.79551583626554, 19.320156659184025], [-110.79535336465503, 19.317644699928966], [-110.7959123317273, 19.316021215927687], [-110.79685700611999, 19.31449531157913], [-110.79727477001832, 19.314110750474732], [-110.8000496348628, 19.313018405147343], [-110.80056488446431, 19.311697626642633], [-110.80063355392976, 19.308361758310156], [-110.80031137924264, 19.30778021659933], [-110.79945322247006, 19.307710203860722], [-110.79747194134211, 19.30689523252679], [-110.79628748373877, 19.30471305177336], [-110.79599241268272, 19.304550156191443], [-110.79649993185018, 19.30310978959098], [-110.79628387936124, 19.30270215579843], [-110.7966463541559, 19.302440889234994], [-110.79702921563899, 19.30245639296532], [-110.79677730117677, 19.30153276076508], [-110.79770669094147, 19.301238434364578], [-110.79850676673907, 19.30041134782375], [-110.79934552919013, 19.300182329391497], [-110.79975797581335, 19.299227763848684], [-110.80047021364322, 19.299486381786167], [-110.8007638776974, 19.299139070098423], [-110.80098187402595, 19.299576599293292], [-110.80145729685603, 19.298618354173634], [-110.80198003629704, 19.299368283234358], [-110.80237592255514, 19.299135069838247], [-110.80230765477552, 19.29856874085138], [-110.80262453782484, 19.298580267804578], [-110.80272043080608, 19.299084951929192], [-110.80362075458704, 19.298342037658834], [-110.80394679357346, 19.29898337288029], [-110.804618384627, 19.29861399787272], [-110.8051033209578, 19.29975633688534], [-110.80586307213261, 19.299772025077306], [-110.80649194481063, 19.300695845463913], [-110.80731418206199, 19.30118814331257], [-110.80851874911737, 19.30123788317819], [-110.81035372262595, 19.300770534615715], [-110.80981493234937, 19.3002617002022], [-110.80978587624907, 19.299813148428797], [-110.81234763720354, 19.298853083023115], [-110.81265532509835, 19.29823477850832], [-110.81420969762982, 19.298804335168505], [-110.81507071481121, 19.29989465736077], [-110.81757724689561, 19.301008876402555], [-110.81794695967126, 19.301347467731006], [-110.81860547701048, 19.302239495107564], [-110.8181892764237, 19.30313430847528], [-110.8181292181293, 19.304158389275447], [-110.81855370545097, 19.30485398147441], [-110.81838218070045, 19.305134159107862], [-110.81885127164357, 19.306517532140337], [-110.81811474923296, 19.30686075205369], [-110.8176612169361, 19.30766769890755], [-110.81746598510013, 19.31002043229222], [-110.81705410722216, 19.310494758569945], [-110.81706138617781, 19.31109467300133], [-110.81675950553466, 19.311802706995305], [-110.8158591634876, 19.31254571120154], [-110.81594252323907, 19.31383157490939], [-110.81569393438953, 19.31438640864847], [-110.81457356645451, 19.314661987638644], [-110.81448633932867, 19.315267425693726], [-110.81323511190712, 19.316451154464175], [-110.81251113274756, 19.316013167866764], [-110.81204059056194, 19.316070667890305], [-110.80872151836749, 19.318035493254058], [-110.80718244322064, 19.317705100187], [-110.80684033850768, 19.317304829331874], [-110.80507780994046, 19.3179179892244], [-110.80319543593207, 19.320099011611816], [-110.80316534679687, 19.32061105936557], [-110.80408852254918, 19.320707279327795], [-110.80448148971624, 19.321404762399712], [-110.80475233277717, 19.322169406342482], [-110.80422844639088, 19.322380079317373], [-110.80409224267568, 19.322718216926294], [-110.80439071422262, 19.3234212159586], [-110.80525232640765, 19.324031317284195], [-110.80567629343211, 19.325207269849734], [-110.80480640700863, 19.32495785985007], [-110.80451657012226, 19.32536499854005], [-110.8039001043117, 19.325611090846362], [-110.80330828053415, 19.326726246436934], [-110.8030567961285, 19.326260640278093], [-110.80331566308408, 19.325375034189342], [-110.80236729077127, 19.324890050730893], [-110.8010553355679, 19.325626962849952], [-110.80052702471374, 19.326258123711668], [-110.80079591974071, 19.326992874518446], [-110.80122672862053, 19.327297937671272], [-110.80117287118425, 19.327931443913847], [-110.80183440300061, 19.327892856139048], [-110.80193805669843, 19.328517175980313], [-110.80164520745151, 19.3298550266176], [-110.80093087201854, 19.329566500625038], [-110.80066477380956, 19.32985217829585], [-110.80096551505072, 19.332055933388094], [-110.80184846118556, 19.332995011787585], [-110.80223705097578, 19.334113014317825], [-110.8017241999674, 19.334983423465]]]]}}, {"type": "Feature", "properties": {"CVEGEO": "06008", "CVE_ENT": "06", "NOMGEO": "Colima", "CVE_MUN": "008", "NOMMUN": "Minatitlán", "cov_": 77, "cov_id": 78}, "geometry": {"type": "Polygon", "coordinates": [[[-104.06172494132448, 19.497702938320206], [-104.05176359899107, 19.497600539640818], [-104.03913570971528, 19.484661460160616], [-104.03154329044462, 19.481386599669733], [-104.02959364939818, 19.481352709969602], [-104.02790243016067, 19.480707660286438], [-104.01903995005671, 19.47647738032305], [-104.01257256972497, 19.47459499986112], [-104.00873933878903, 19.47316153911844], [-104.00564988871123, 19.472275479136734], [-104.00004555001762, 19.46882883063152], [-103.99767242961865, 19.471626180046954], [-103.98816434037661, 19.471160249089746], [-103.98709711951817, 19.474295919138047], [-103.97400709027234, 19.474552910192415], [-103.97403074005246, 19.470915550200527], [-103.97292404858143, 19.46627927901755], [-103.97129008968295, 19.462632490110124], [-103.96930442923049, 19.459231490642576], [-103.96479865986942, 19.454162650076213], [-103.94740613900876, 19.449547310507306], [-103.93085651862393, 19.44548222004172], [-103.91466467883181, 19.440094600146743], [-103.91039879922711, 19.43899448049387], [-103.8995215998631, 19.43454724976368], [-103.89953067930644, 19.43280408045229], [-103.89754113881743, 19.43088205980303], [-103.89311168014078, 19.428427198989954], [-103.8896573999415, 19.424041398987033], [-103.88612484978508, 19.4234314192178], [-103.88549485911793, 19.42311191051526], [-103.88520391991173, 19.42244730989911], [-103.8849553401223, 19.420703400243738], [-103.8850234888496, 19.418867200066284], [-103.88431588978158, 19.417285859571315], [-103.88433913877329, 19.416344350681076], [-103.88397214988383, 19.41535848945847], [-103.88409279882057, 19.414967920640926], [-103.88375328935712, 19.41403500027683], [-103.88364796995836, 19.41258139995083], [-103.88691721871771, 19.40564270933531], [-103.88265214888219, 19.394844150605046], [-103.88111743033507, 19.393480820006957], [-103.8831355799829, 19.386584569323926], [-103.88399347862658, 19.37468961982562], [-103.88543737955379, 19.3679837404211], [-103.881794369759, 19.357312819936293], [-103.88629999913306, 19.35409304978917], [-103.89993375033586, 19.34211988975933], [-103.90280363010032, 19.341764419500844], [-103.90362551038068, 19.341156110186613], [-103.90486421952924, 19.341347689812423], [-103.90560848020957, 19.3411271200865], [-103.90606545914778, 19.33954491941275], [-103.90698622920016, 19.340207090477705], [-103.90851299928666, 19.34052193916166], [-103.90895380039903, 19.34166754045193], [-103.90994515044034, 19.34191602921982], [-103.91596644987187, 19.35857250933015], [-103.91119767971735, 19.363874199721614], [-103.91218368990553, 19.364498349815523], [-103.91242353958746, 19.36410745041433], [-103.91442463024778, 19.362629029983573], [-103.9361264804145, 19.348448650749585], [-103.93578362018829, 19.345682940375756], [-103.93697656921033, 19.345805820296444], [-103.93860098041704, 19.347270179901823], [-103.93950328952968, 19.348966429348827], [-103.94989761975401, 19.353271549655553], [-103.95117872026628, 19.35294587974172], [-103.95340831896408, 19.353994599637172], [-103.95645821864164, 19.35446648927469], [-103.95999144865841, 19.360629380365253], [-103.96117389046071, 19.36209243027671], [-103.96220394973444, 19.36217013992467], [-103.96598756983745, 19.361201308990612], [-103.9688400186692, 19.361946539297858], [-103.96964579862082, 19.36271774984564], [-103.96960040031736, 19.36304293936866], [-103.97004864958043, 19.363458620267853], [-103.97318553980834, 19.36475453990963], [-103.97438161869559, 19.36451558063289], [-103.9748463389722, 19.364631449816674], [-103.97516957930178, 19.364523479397135], [-103.9754550892336, 19.363816628975968], [-103.97635748033188, 19.363944820700727], [-103.97688812007057, 19.363690178974878], [-103.97682881949244, 19.36307250897803], [-103.97707086017314, 19.362688230025373], [-103.97862910957502, 19.363494630424896], [-103.98000130904704, 19.363219949664867], [-103.98135065974786, 19.36328244904253], [-103.98056243014724, 19.361990710457416], [-103.98249190973563, 19.360759750419806], [-103.98365382877907, 19.34858801930906], [-103.99080303035265, 19.349427179911117], [-103.99905862998592, 19.35157674037384], [-103.99845935046987, 19.35003665904301], [-103.9988218202444, 19.34734707975039], [-103.99861131010498, 19.346278799059515], [-103.99735247872736, 19.343995249839875], [-103.99713634950837, 19.340101970766234], [-103.99885292038286, 19.338591249119055], [-104.00346291011529, 19.33658979990508], [-104.00523185858746, 19.333950449512535], [-104.00549548996749, 19.33263983027216], [-104.00606915007747, 19.332827490506155], [-104.00776205896754, 19.3285735798023], [-104.00828886037755, 19.32805282028407], [-104.01086425866015, 19.32735571078059], [-104.01223456866772, 19.326500660460038], [-104.01512522970825, 19.325280119955828], [-104.01819022925082, 19.320136580002448], [-104.02153605000312, 19.318761118984913], [-104.02347554934227, 19.31862317019154], [-104.02311744974811, 19.317371260085554], [-104.02328784941297, 19.31695791946367], [-104.0237233992768, 19.316406780401998], [-104.02474074897984, 19.31615478035622], [-104.02607293924449, 19.314294339872013], [-104.02551907985927, 19.31362736988962], [-104.02520477927236, 19.312385859560013], [-104.02300291977983, 19.310178229750523], [-104.02268984930065, 19.30946553961443], [-104.02150403014828, 19.30884388063813], [-104.02133564893583, 19.307465059279195], [-104.02172256865809, 19.306660910699318], [-104.02204002903403, 19.305098380650076], [-104.02269365909486, 19.30445546023614], [-104.02356537041152, 19.30307694926157], [-104.02431691903395, 19.302732749228678], [-104.02434335026061, 19.29873375009739], [-104.02504656960673, 19.29809124983001], [-104.02509554924274, 19.296252659419025], [-104.02529011885787, 19.295862120407936], [-104.02666953997398, 19.29558714021762], [-104.02925726018162, 19.292198079447857], [-104.02955884877434, 19.292267048982193], [-104.03014828942986, 19.292893289449403], [-104.03137835028201, 19.293033680465733], [-104.03249197967888, 19.2928527198783], [-104.03365341977316, 19.29216667972278], [-104.03481394941532, 19.292123859446342], [-104.0349590903845, 19.291940179997503], [-104.03531869008786, 19.29269859942357], [-104.03623408981588, 19.2936183101968], [-104.037879000008, 19.293553090179458], [-104.03838808031796, 19.293141349650575], [-104.03969155029554, 19.29321317040856], [-104.03983332032014, 19.29484261960197], [-104.04147562933517, 19.295557619466887], [-104.0429249491209, 19.295492170624875], [-104.04263185019497, 19.296179579096357], [-104.04173554956336, 19.29730205933158], [-104.04168724913337, 19.297898919127302], [-104.04233525952644, 19.299116659349252], [-104.042358520416, 19.29971310926278], [-104.04317676881406, 19.30070139913208], [-104.04409656919277, 19.300634599741542], [-104.04508708918848, 19.30095812051732], [-104.04627199946154, 19.30075408985496], [-104.04656190920188, 19.300869658994717], [-104.04689772000313, 19.301627849515434], [-104.0468959199122, 19.302269920645507], [-104.04851462971376, 19.302549219435907], [-104.05178996925818, 19.30631942928228], [-104.05469857999516, 19.304620338982176], [-104.05566304911335, 19.304856349283227], [-104.05634048906403, 19.305295600628096], [-104.0577410203395, 19.305151320284878], [-104.0592921699611, 19.303168749288442], [-104.062221260322, 19.301887059127914], [-104.06299634868468, 19.30184250998577], [-104.0629255100394, 19.300945479488675], [-104.06196782858795, 19.29977001929838], [-104.06164378016572, 19.298849170166747], [-104.06166562897101, 19.297330289545584], [-104.06221533880539, 19.296140509641805], [-104.0603231190916, 19.295313019870658], [-104.05962225026738, 19.294709949424263], [-104.05829585902632, 19.29249311971126], [-104.05779048910817, 19.292009079688484], [-104.05798347995373, 19.291710290574922], [-104.05958384940489, 19.290909350075495], [-104.06236996991322, 19.29091554015681], [-104.06598652001932, 19.28855473994797], [-104.0663752803813, 19.28745157987255], [-104.06902033874454, 19.286215520218317], [-104.0689115988442, 19.285971460306044], [-104.0681502491294, 19.285726880320787], [-104.06616292027817, 19.281050629285673], [-104.06579604892163, 19.28071579994518], [-104.06398014945623, 19.28050453996671], [-104.06235661887898, 19.281214059558238], [-104.06153167987583, 19.28123501972742], [-104.05601851978024, 19.284795170092856], [-104.05518575048428, 19.280505520503322], [-104.05338048930591, 19.27732873939223], [-104.05201375004302, 19.276900829900512], [-104.05199088999453, 19.274310650522633], [-104.0504475501922, 19.274754719327248], [-104.04092233948639, 19.273768719735095], [-104.03503981930513, 19.27512411027761], [-104.0320343192974, 19.277003689860663], [-104.03219433934483, 19.270232890386218], [-104.03307891955383, 19.26863125035908], [-104.03406324857464, 19.26589534900496], [-104.03647073969628, 19.26316695040338], [-104.03880637989954, 19.262285480253603], [-104.03972718018628, 19.25983400061572], [-104.04080434984381, 19.25837828046856], [-104.04122316933045, 19.25838451975434], [-104.04185821988935, 19.257951919384624], [-104.0441177394642, 19.253950079307423], [-104.04471214886692, 19.250165719465635], [-104.0487459100663, 19.248641549059506], [-104.05288354980672, 19.250974319070348], [-104.05306821988715, 19.25058229045099], [-104.06876674011676, 19.245831059168996], [-104.0727383199145, 19.248098950589675], [-104.07508793931956, 19.250000169898534], [-104.07586717885344, 19.25117583062219], [-104.09296685925338, 19.24938167961972], [-104.09913499896878, 19.25117213957314], [-104.1153402300943, 19.2553770604599], [-104.11773248966283, 19.256102969690563], [-104.12255648937942, 19.25812469054802], [-104.12015770991454, 19.263502689942307], [-104.11839637988449, 19.26680724919849], [-104.13491433897099, 19.26864788914219], [-104.13629366040462, 19.269031939826235], [-104.14026645009687, 19.267895350019224], [-104.14476877887522, 19.26864999906024], [-104.1561745791314, 19.272714030170317], [-104.16643807865209, 19.275269780288678], [-104.17268850858372, 19.277236109360267], [-104.1710382198349, 19.281693689721592], [-104.1713054289244, 19.28233618073256], [-104.17322536975914, 19.28370271939818], [-104.17659964992367, 19.285491949573927], [-104.18862857981098, 19.288439229289573], [-104.19942433860241, 19.292384450781157], [-104.2001958593401, 19.29281332044399], [-104.20185647857873, 19.29053873938945], [-104.21927391975821, 19.296912940204848], [-104.22588806010573, 19.29831049028312], [-104.22515714033305, 19.297823230008795], [-104.22652364907702, 19.29774687944259], [-104.2273343794812, 19.297957969285225], [-104.22742508896113, 19.299734379470337], [-104.22397767961166, 19.300833800547142], [-104.22326892025792, 19.30168559930072], [-104.22159737866451, 19.301540089516237], [-104.22066014965307, 19.301784749121666], [-104.21964068866575, 19.30135156927236], [-104.21951053895671, 19.300799369850704], [-104.21970734935836, 19.299445370122168], [-104.21842417038289, 19.299015620460523], [-104.2175532195644, 19.29916977039833], [-104.21629311046611, 19.29980561964118], [-104.21567654037362, 19.300737919209965], [-104.21518831045957, 19.3009920494512], [-104.21461128016503, 19.3016875995388], [-104.21444782895524, 19.302334489214918], [-104.21417319976284, 19.302373339530725], [-104.21059599933331, 19.3016712006476], [-104.2090555191075, 19.300866660114572], [-104.2083002201276, 19.299868979788133], [-104.20759771914311, 19.299822199512292], [-104.20664239912395, 19.30027995046094], [-104.20527079957562, 19.303099310743924], [-104.20475519957411, 19.303704399523493], [-104.2043462896424, 19.303602220368518], [-104.19957556945563, 19.298830579587396], [-104.19807982973907, 19.298297520585127], [-104.19699514937372, 19.297453679711214], [-104.19672648972153, 19.296594510492977], [-104.19351218020668, 19.29542248977667], [-104.19233237976279, 19.295319079550076], [-104.19210028931576, 19.29228845020846], [-104.19035759915619, 19.292306020077483], [-104.18991408912608, 19.292582780529994], [-104.18975269034962, 19.292950450041182], [-104.18932391988042, 19.297894970520478], [-104.18933830968577, 19.29924236918728], [-104.19020374038186, 19.30132210934955], [-104.19001637022764, 19.30203270897632], [-104.18921634863567, 19.30257451054878], [-104.18638996909795, 19.30358826045168], [-104.18471936910467, 19.303578819637078], [-104.1847664293504, 19.30447608032701], [-104.18517053865621, 19.30546220002476], [-104.18569633956548, 19.30585701991939], [-104.18562157946239, 19.3062100497267], [-104.1838103994707, 19.306709540326228], [-104.18343810913034, 19.30700828054202], [-104.18263581978785, 19.3071176207465], [-104.18218899967329, 19.306794219912415], [-104.18087007998528, 19.30845308933649], [-104.17963069005759, 19.308804289655004], [-104.1802002500752, 19.310113289641695], [-104.18062332015809, 19.310604920369617], [-104.18147854907008, 19.31109339905991], [-104.18089997002203, 19.31201713929083], [-104.17980131889964, 19.312562120010192], [-104.17809661942111, 19.313021339892874], [-104.17634385026118, 19.313217020611948], [-104.17509040042917, 19.314018600274046], [-104.17353461915002, 19.314303089127673], [-104.172833310202, 19.313987579533975], [-104.17204534951492, 19.313190919489855], [-104.1711034001742, 19.313253520559925], [-104.1697965787444, 19.312963739160264], [-104.16945707951099, 19.312665829805614], [-104.16950814877747, 19.312013279918837], [-104.16854841901458, 19.310367139149044], [-104.1685430587125, 19.30925625993745], [-104.16893593923646, 19.307970259460173], [-104.16880982970206, 19.307676630232404], [-104.16797345967001, 19.307488749362136], [-104.1661805698871, 19.307500200739078], [-104.16542765012964, 19.30794485996355], [-104.16375548891709, 19.308228719075714], [-104.163512380388, 19.307490109171212], [-104.16348276970369, 19.305539650127162], [-104.16303750909019, 19.304485979393203], [-104.1630630204341, 19.30390316975585], [-104.16260608993584, 19.302995799688542], [-104.16164982956984, 19.302719648990863], [-104.16102608934915, 19.303034980165], [-104.16007004982606, 19.30400379934276], [-104.15958113947791, 19.305314919427577], [-104.15882703024327, 19.30907044905761], [-104.15809879878933, 19.310831489479575], [-104.15400580008503, 19.311962829153053], [-104.15426470927464, 19.312804909979047], [-104.15407524966896, 19.314442999921937], [-104.1529303789856, 19.315152419399045], [-104.15217514935138, 19.314918648989114], [-104.15229582966326, 19.314245059416994], [-104.15211471981956, 19.313892478968697], [-104.14992536889255, 19.31416982015241], [-104.14722191947351, 19.31293708898838], [-104.14578357027891, 19.311927800415074], [-104.14537362883335, 19.31126094059107], [-104.14478908971451, 19.311240969381906], [-104.14435314029694, 19.311569380245842], [-104.14417441993153, 19.312382199736128], [-104.1433690901077, 19.31386409008614], [-104.1425979399724, 19.314707370168893], [-104.14127224858336, 19.31566676930883], [-104.1401588601696, 19.3161670302262], [-104.1397797797183, 19.315963890281814], [-104.13890374939284, 19.313910980659532], [-104.1377206896669, 19.312414769673257], [-104.13744211894335, 19.312353660091883], [-104.13603599877173, 19.312934940113074], [-104.13567303036172, 19.314276919648286], [-104.13604991949403, 19.316311479703156], [-104.1355191095323, 19.3169528798012], [-104.13554184903643, 19.317264029281574], [-104.13469742882916, 19.31891322062139], [-104.13404419889419, 19.319674968995912], [-104.13220774943291, 19.320886260036016], [-104.1317652488001, 19.320994949766543], [-104.13097877892989, 19.320796000346228], [-104.13025876987228, 19.319550949007354], [-104.12997696917344, 19.318030060176454], [-104.12960016902262, 19.31776447925084], [-104.12911182904477, 19.31781994049786], [-104.12650925951523, 19.319520220381207], [-104.12576039911181, 19.32040445027011], [-104.12505624884768, 19.320245090678206], [-104.12494467916089, 19.31980310907123], [-104.12465816930704, 19.3195853500582], [-104.12308770964997, 19.319031169908975], [-104.12273602908687, 19.31928734949651], [-104.1225460791967, 19.320110859487652], [-104.12290585962164, 19.320998369455435], [-104.12373042863068, 19.32203852036385], [-104.12446088047031, 19.32247320049088], [-104.12451505876813, 19.323189339348755], [-104.12549736957052, 19.32425225071396], [-104.12476659928528, 19.326276629275103], [-104.12397568982242, 19.32643889044938], [-104.12341657924564, 19.32718266053756], [-104.1217368599746, 19.327047319948036], [-104.12158862884465, 19.327496549612746], [-104.12260084884359, 19.328183880483145], [-104.12438411009639, 19.328362309419415], [-104.12472650892792, 19.3286897089914], [-104.13334412005253, 19.353745830245604], [-104.1202632196186, 19.360090449741946], [-104.11879858008244, 19.371663550269954], [-104.10959800041945, 19.381197089367607], [-104.10407067981637, 19.384208599694595], [-104.0989064003501, 19.388302770357733], [-104.09022621938979, 19.393024799024325], [-104.08635888041066, 19.405029320739054], [-104.08420536930534, 19.40907234025629], [-104.08383739925233, 19.415598948997527], [-104.0708837488628, 19.435235430679846], [-104.0799429391072, 19.431781749134398], [-104.07975274976303, 19.433085719969164], [-104.08048728891673, 19.435212939979156], [-104.08205799997651, 19.437053369446843], [-104.0827088493244, 19.43838879913818], [-104.08383622990833, 19.439967479301504], [-104.08550490866327, 19.44090150963087], [-104.08663977888985, 19.442030999631882], [-104.07673951913206, 19.48021471960079], [-104.0761621693414, 19.481324259007405], [-104.07451025978719, 19.4826449995327], [-104.07347022938796, 19.483038089803657], [-104.07202257915795, 19.48207513905466], [-104.07225569021179, 19.48304482008003], [-104.07208165047352, 19.483394969543912], [-104.07011297028637, 19.483634059094697], [-104.06898125890126, 19.484296829840435], [-104.06659019908135, 19.488354049799472], [-104.06467213966054, 19.492925739554494], [-104.06172494132448, 19.497702938320206]]]}}, {"type": "Feature", "properties": {"CVEGEO": "06009", "CVE_ENT": "06", "NOMGEO": "Colima", "CVE_MUN": "009", "NOMMUN": "Tecomán", "cov_": 74, "cov_id": 75}, "geometry": {"type": "MultiPolygon", "coordinates": [[[[-114.73734315598739, 18.37205999878025], [-114.73647565780435, 18.37166509228393], [-114.73398657772513, 18.371696426252047], [-114.73216079979167, 18.370337478174935], [-114.73115917983466, 18.368908477788825], [-114.73019679705543, 18.36830530046591], [-114.72980965339104, 18.367797442206964], [-114.7285542747668, 18.367291253137093], [-114.72769762643621, 18.366606979132467], [-114.72679526590845, 18.36664758875833], [-114.7266063709299, 18.367456741402044], [-114.72617271811446, 18.36807038399261], [-114.72574399553469, 18.367926550708845], [-114.72540926389294, 18.366765326187377], [-114.724191369897, 18.366255919527966], [-114.72250317246625, 18.36596669542535], [-114.72155920954599, 18.366371307911635], [-114.71971036649023, 18.366384094975807], [-114.71868481265521, 18.366723516142454], [-114.71871145854175, 18.36700965479996], [-114.71794643371004, 18.366497800396317], [-114.71759099418348, 18.367140825013635], [-114.71769921945057, 18.36749213853294], [-114.71684763066322, 18.367672578505154], [-114.71605847001494, 18.367306963756633], [-114.71553319974554, 18.367748097634436], [-114.71526848152959, 18.367337965337935], [-114.71470991153815, 18.367421423019852], [-114.71425289739176, 18.36778465926072], [-114.71361358276609, 18.36740631499209], [-114.71176805388474, 18.367454771226026], [-114.70958453338339, 18.367928428523083], [-114.70857062916085, 18.367581842043787], [-114.70754589317194, 18.367524567162338], [-114.70593682089178, 18.366867948312397], [-114.70415610689832, 18.36842490561568], [-114.70316130682306, 18.368689509845474], [-114.70002878976791, 18.368702742780496], [-114.69776608003343, 18.36954343346726], [-114.69545702712908, 18.368261085429005], [-114.69458456644657, 18.368623413341496], [-114.69417160493785, 18.369054950552627], [-114.69409489751408, 18.369854542592396], [-114.6933496378611, 18.371179426257992], [-114.69371338567963, 18.371437005293167], [-114.68960770689596, 18.371135919410726], [-114.6889560608068, 18.370217774132364], [-114.68567824790877, 18.368260290868207], [-114.68489340808054, 18.367533659267636], [-114.68475869294343, 18.36689617818212], [-114.68420194920465, 18.366186281961895], [-114.68419622776756, 18.365718125762506], [-114.68369503545988, 18.36601290383548], [-114.68400080574695, 18.364833440768315], [-114.68146056168223, 18.36349838079096], [-114.68050216564166, 18.361308419237155], [-114.68097771205565, 18.36033089471427], [-114.68201420264838, 18.35970242076439], [-114.6826869888864, 18.35881634085736], [-114.68281782101954, 18.35819243432595], [-114.68354705612994, 18.357914402052966], [-114.68426724540647, 18.35713244798348], [-114.6851595905841, 18.356984791579926], [-114.68626762978887, 18.35631418066263], [-114.68670806930754, 18.3557721983144], [-114.68682226959511, 18.354969453979777], [-114.6877420874567, 18.354711308136405], [-114.68850392434193, 18.353565320138355], [-114.68958201434565, 18.352572782277036], [-114.69044019113554, 18.35246403501272], [-114.69179554377159, 18.35079911781052], [-114.69384411115473, 18.34968827283327], [-114.69540661578034, 18.34822206056814], [-114.6952519258213, 18.347370005308925], [-114.6959985873362, 18.346874141391638], [-114.69577142211138, 18.346460812621142], [-114.69836840807147, 18.345159229841848], [-114.69956606703879, 18.34545423020601], [-114.69977906417186, 18.346121094496144], [-114.70033668130677, 18.346434304052032], [-114.70090340521632, 18.347251420513672], [-114.70188633600232, 18.34767275780139], [-114.70205437130943, 18.348667873187235], [-114.70245885732257, 18.34895801285571], [-114.7031230729093, 18.3487935417534], [-114.70422836717842, 18.349312636155066], [-114.70514146072827, 18.348982852622655], [-114.70590054484835, 18.349026614315694], [-114.70644069485562, 18.34955758006702], [-114.70692761393417, 18.349516276788712], [-114.70720558197279, 18.350069479678186], [-114.70793719953438, 18.350223708775438], [-114.70879201933342, 18.35007909087829], [-114.70943123975424, 18.350457446227082], [-114.71127489893507, 18.349580031089868], [-114.7121080913939, 18.348391809250128], [-114.71315682604266, 18.348302807058715], [-114.71629802035433, 18.347171004900286], [-114.71753068483063, 18.34703030770821], [-114.7194658061016, 18.346325267988558], [-114.72148499404469, 18.34611775013688], [-114.72130431153505, 18.344582987575407], [-114.72177788355228, 18.34439857250003], [-114.722655970796, 18.344504238405086], [-114.72280659375497, 18.34409490664014], [-114.72397178710312, 18.34363544441124], [-114.7250012904328, 18.34293515724541], [-114.72540833760613, 18.343657606716047], [-114.72601505377011, 18.343281620507657], [-114.72535515015917, 18.3447075464426], [-114.72360068798965, 18.345325221631995], [-114.72441398147684, 18.347166740630467], [-114.72599798391387, 18.348365998749774], [-114.72875057092024, 18.34914150586395], [-114.73083136229751, 18.34878443091147], [-114.73110511554272, 18.3480762266164], [-114.73158947196136, 18.347602467810383], [-114.73112825869028, 18.34670438518051], [-114.7312039521929, 18.346301410089023], [-114.7330923171438, 18.345095472972783], [-114.73230126829849, 18.3422787812888], [-114.73509509135697, 18.34106794999097], [-114.73579257505044, 18.341260991546005], [-114.73593929800565, 18.342834679745636], [-114.73686227657602, 18.342612002759], [-114.73746048595817, 18.341335463036902], [-114.73829138362832, 18.342959117053702], [-114.74001192873523, 18.344002417404365], [-114.74114552548139, 18.34401414656293], [-114.74224651284788, 18.343271603368237], [-114.74397342201223, 18.342764196267282], [-114.74622391005647, 18.342608757940678], [-114.75041554720332, 18.34019719506068], [-114.75052936110714, 18.339394420415577], [-114.75137666286567, 18.33957463691486], [-114.75210304693871, 18.33886390928678], [-114.75363638792835, 18.33992298953946], [-114.75625491743543, 18.34330496858115], [-114.75843910382788, 18.344056237069392], [-114.75938930770626, 18.345741741868327], [-114.75910831885513, 18.346775073538566], [-114.75950078688668, 18.348147591190656], [-114.75872550529117, 18.349547479769882], [-114.75807856668378, 18.351513236782157], [-114.7585018118008, 18.352811045140907], [-114.75787226642855, 18.354559025218396], [-114.75743433075789, 18.359571280441596], [-114.75651055878134, 18.360190705721752], [-114.75574407293777, 18.361339092106903], [-114.75604106739105, 18.362794282444085], [-114.75666101177026, 18.363395212198128], [-114.75637612453475, 18.365303725650456], [-114.75562574916349, 18.36654047306864], [-114.75361547647732, 18.36657703571449], [-114.752372887592, 18.366855859288442], [-114.75310596371433, 18.367158770037733], [-114.75241702830697, 18.367544277406765], [-114.75160365198576, 18.367459695568932], [-114.75095567225138, 18.36863082481634], [-114.74996910113471, 18.368174028938405], [-114.75028025373012, 18.36746258183022], [-114.74943090638037, 18.366453344457003], [-114.74799003726916, 18.366792265258937], [-114.74672348099611, 18.36859442097774], [-114.74567720760233, 18.36911604870394], [-114.74400820511347, 18.369438288020035], [-114.742534999762, 18.370645124306666], [-114.7426258535337, 18.37121420932483], [-114.7392836764915, 18.3722194603199], [-114.73858269504272, 18.371990658794044], [-114.73734315598739, 18.37205999878025]]], [[[-103.88393502041055, 19.11952002972764], [-103.8823350295539, 19.115845489172855], [-103.88236829014654, 19.11385350902216], [-103.88384223008003, 19.112318289204048], [-103.87662233985948, 19.110905399120877], [-103.87195788000514, 19.103801519186284], [-103.86914690974368, 19.10296648927108], [-103.86908883032474, 19.101809509326657], [-103.86784672040751, 19.101090289346768], [-103.85793560034539, 19.105142799710652], [-103.85642382038596, 19.10631941930806], [-103.85505514972745, 19.10603754976003], [-103.84840986026225, 19.107868859414346], [-103.84992256957123, 19.092722429299013], [-103.85073272015106, 19.087924769124495], [-103.85240854961218, 19.084212319126678], [-103.85600278041383, 19.08511342958807], [-103.86117361991793, 19.086766769705537], [-103.85603817977871, 19.080594829712943], [-103.8573393502035, 19.045606599518603], [-103.85483973965324, 19.045572879749646], [-103.85325925982023, 19.047151169491535], [-103.84624918020337, 19.047021649713404], [-103.84002780025136, 19.048948029724343], [-103.78894547966948, 19.059360399549178], [-103.78354128026119, 19.059277999073426], [-103.78267005973636, 19.063072429197508], [-103.78534537962229, 19.06410661916087], [-103.78728583021721, 19.065736849739995], [-103.78884052007943, 19.068390079433502], [-103.79071774980906, 19.07419802913258], [-103.78500905977677, 19.07505794966231], [-103.784529029747, 19.078230349523757], [-103.77301616963932, 19.07869927987456], [-103.77359272012166, 19.07710771897882], [-103.77375041979795, 19.075582709605623], [-103.7747194201633, 19.075012259116008], [-103.77495608990282, 19.07421562962001], [-103.77480871012831, 19.07362499975645], [-103.77527437993463, 19.073120399434625], [-103.77601173971986, 19.072929679320147], [-103.77608366012115, 19.072013949702757], [-103.76864982031245, 19.06807439897322], [-103.77235885032694, 19.06422890981476], [-103.77413872024604, 19.059913939155575], [-103.77357688973932, 19.056628399478043], [-103.77370593956523, 19.054612829146585], [-103.77232594019668, 19.051396339861412], [-103.77228700012206, 19.050452089174836], [-103.77164028997804, 19.04920361979013], [-103.77074005962731, 19.045520779049497], [-103.77066722952834, 19.043211649363457], [-103.77129839962502, 19.041579109696414], [-103.77203097968332, 19.037859019464122], [-103.77147500002376, 19.03537897931924], [-103.7706917101517, 19.033947019684927], [-103.769823649899, 19.03163310945174], [-103.76922282993165, 19.029362459645196], [-103.76787146008924, 19.027003249321414], [-103.77188473991984, 19.021837539325023], [-103.77105080028963, 19.021112679738625], [-103.76994497043155, 19.000104259508827], [-103.78071616997394, 18.99990939916262], [-103.77793964962147, 18.983761419272945], [-103.77815905019932, 18.978319879114167], [-103.77757089037361, 18.97790737930848], [-103.78397897035083, 18.956112769233822], [-103.76986472010188, 18.948332518979534], [-103.7763447099767, 18.94295454943291], [-103.76511769036841, 18.94063414974009], [-103.76221914971359, 18.948680579619978], [-103.75146718017561, 18.9449266891373], [-103.75420937042523, 18.94192287982712], [-103.76377005985272, 18.93052974961562], [-103.77069162993958, 18.923747849589862], [-103.77141974044196, 18.922104819698724], [-103.77618107958027, 18.917786019426313], [-103.77534992006127, 18.91606454908853], [-103.77360397967033, 18.915334149549793], [-103.77229427996056, 18.915956259547386], [-103.77217287960056, 18.91833124901745], [-103.76926231041362, 18.919362689297532], [-103.76695962006534, 18.922664279678177], [-103.76391011987299, 18.921203079209512], [-103.76693869002372, 18.916050849077454], [-103.76804486037379, 18.91462408917433], [-103.76858108993667, 18.913565679755614], [-103.76922064995061, 18.9110103194329], [-103.74797173987626, 18.909040539722184], [-103.74517563045072, 18.917415119739143], [-103.74249846026773, 18.917653309509035], [-103.74078316984357, 18.91756822974633], [-103.7405098195613, 18.913309739828964], [-103.73977805991935, 18.910006429568828], [-103.73952810966405, 18.905385199351763], [-103.73834521977265, 18.904176019653416], [-103.74150679970458, 18.901792199622857], [-103.74110310960431, 18.90080661965009], [-103.7402850899257, 18.901114059865723], [-103.73890197000645, 18.902153349788808], [-103.73765932004581, 18.903983319549464], [-103.73563149042009, 18.902506509406646], [-103.73418308970581, 18.90526757961971], [-103.73198974958058, 18.907690089448042], [-103.73002912022426, 18.907845749321105], [-103.72820212034237, 18.903728119451166], [-103.72796263012539, 18.903912049819564], [-103.72838691001702, 18.90523041987119], [-103.7280772202109, 18.906727089423924], [-103.72957525970791, 18.90875310943563], [-103.72988993960303, 18.909863909484358], [-103.73052017041158, 18.91091187925065], [-103.73075111029473, 18.91217117925206], [-103.72884317980501, 18.912868649474248], [-103.72076782032083, 18.90149042958306], [-103.71969589010223, 18.901903459453692], [-103.71747428029242, 18.901902509038777], [-103.7161428797884, 18.901729999688826], [-103.71473768961937, 18.900736169549344], [-103.71098045974958, 18.90088625919373], [-103.7108526202803, 18.894212179474472], [-103.70272411042673, 18.89166254935956], [-103.7050696901216, 18.89007002977632], [-103.69834065005641, 18.885789149830078], [-103.69659708009208, 18.88433867954709], [-103.69742067996869, 18.883616569704138], [-103.69557067985245, 18.88220967905988], [-103.69529921971966, 18.882787319398364], [-103.69385032000018, 18.882440819342023], [-103.69350818018735, 18.883205739298923], [-103.69155770991988, 18.883253819172435], [-103.68903169017966, 18.882854369021082], [-103.68671408999074, 18.881607749230817], [-103.68856640016173, 18.876890399460386], [-103.68894399961272, 18.876799379508824], [-103.69417171038292, 18.865463629840974], [-103.68694731967373, 18.861180999347553], [-103.67565500029558, 18.856890999420415], [-103.67104204954198, 18.85446616963916], [-103.66863782045974, 18.858544889670892], [-103.65222337008835, 18.848889539713273], [-103.65325643010162, 18.845484629562126], [-103.65146591020633, 18.844702229450565], [-103.65028742969508, 18.840827518984177], [-103.62462422983067, 18.826109429288568], [-103.62340185011189, 18.82398545977174], [-103.62069141964172, 18.820351819480358], [-103.62036751984094, 18.81650859912204], [-103.62145468025334, 18.81195782918965], [-103.6215979199486, 18.81009594969231], [-103.62069248023631, 18.806485059759986], [-103.61984621994293, 18.804235139059486], [-103.61975745010858, 18.80228065970348], [-103.6200310196587, 18.801383199215074], [-103.62678646029904, 18.79351896919083], [-103.62863341974911, 18.791816289043272], [-103.62961653981405, 18.79117725979932], [-103.63324005030798, 18.789620149501804], [-103.63448317968015, 18.788551749634653], [-103.63646793957098, 18.78577234921398], [-103.6374683500107, 18.783527279620607], [-103.63797822035401, 18.783207539741092], [-103.63988252001167, 18.782907509249966], [-103.64325847975923, 18.78294053975304], [-103.6450856496828, 18.782327089353103], [-103.64639835029378, 18.78164948960129], [-103.65075638018324, 18.777936309239738], [-103.65217651968773, 18.777047979531197], [-103.65371133983433, 18.776542419625923], [-103.65599759983097, 18.77749471964062], [-103.6567299196753, 18.778424429603593], [-103.65850746031605, 18.77919833922567], [-103.66184322973999, 18.77895210925011], [-103.66480200032017, 18.777872169476442], [-103.66784588002196, 18.775242749314863], [-103.66935672022294, 18.774466999373015], [-103.67420517039393, 18.773336348996644], [-103.67766383023933, 18.773409819420984], [-103.67901700037743, 18.773211049873474], [-103.68067045997164, 18.772130969398432], [-103.6830274800339, 18.766903219259323], [-103.68473176976806, 18.76231111964068], [-103.68543837993572, 18.75729276954389], [-103.68954333965358, 18.75453194968818], [-103.69144896953406, 18.754724119624687], [-103.69272703024713, 18.75544871938082], [-103.69757079996855, 18.755922548983495], [-103.69893485010721, 18.755547079154624], [-103.70030265021931, 18.75435574936534], [-103.70244341999974, 18.75124214952499], [-103.70316757954775, 18.748494419314984], [-103.70318719997233, 18.746172109557282], [-103.70285251021062, 18.7428596296086], [-103.70311743003818, 18.740853139186047], [-103.70364579973891, 18.738958739262667], [-103.70858805990227, 18.729881549820572], [-103.70935300009764, 18.729029059376405], [-103.71180739971429, 18.727419049075984], [-103.71271738029998, 18.72635393967628], [-103.71306462978396, 18.724592079423786], [-103.71599257985439, 18.71887748950569], [-103.71633749019027, 18.716280799498737], [-103.71724160031688, 18.713208369706628], [-103.7189303101801, 18.710431489688087], [-103.72142169017789, 18.709522519580375], [-103.72372592013646, 18.709166769047304], [-103.72568890989812, 18.707676679566532], [-103.72658227963846, 18.705734569561443], [-103.7276013103107, 18.701639769418417], [-103.72875005039569, 18.700138979258643], [-103.73014743018156, 18.698791919293242], [-103.73449759980788, 18.697196769768123], [-103.73616572009831, 18.695959599572806], [-103.73798222990733, 18.694074429332993], [-103.73812707966202, 18.69296068920416], [-103.73652102958282, 18.688308919503555], [-103.73691712005404, 18.687003109682955], [-103.73713316997069, 18.68514027910443], [-103.73790523296387, 18.684022941649584], [-103.73976135723002, 18.68481074653216], [-103.73944802196242, 18.685478738030774], [-103.73980299770027, 18.687392462758066], [-103.74107724157247, 18.690099936274954], [-103.74312358037275, 18.692990479653627], [-103.74701721977304, 18.697023999182914], [-103.74903465999564, 18.699462229547137], [-103.75264114030207, 18.703059249057713], [-103.75638127998698, 18.7057276294138], [-103.7753042500075, 18.724405259304593], [-103.78783973956149, 18.735712679718944], [-103.80341893985023, 18.748910229563524], [-103.83374413954282, 18.770647179240523], [-103.8574953100621, 18.78669050983234], [-103.87659560029681, 18.799230909858654], [-103.94750414046396, 18.842092249610083], [-103.95159807975799, 18.84498370978662], [-103.95385181528964, 18.8468673412816], [-103.95875530984604, 18.85150159923341], [-103.959997456423, 18.853246770968937], [-103.96481993961798, 18.85856834068698], [-103.96647723501135, 18.85970096399671], [-103.97056633925061, 18.8634319597605], [-103.97254682105925, 18.864711675297457], [-103.97100804007854, 18.865597815875244], [-103.97002139205104, 18.865534975112485], [-103.96912968716845, 18.866415434313335], [-103.96759128219917, 18.866676340385904], [-103.96606285951377, 18.866495706873035], [-103.96416141460433, 18.86669314563404], [-103.96260663763019, 18.867159007200076], [-103.96214198923562, 18.86696163514447], [-103.96182453013263, 18.867124839658658], [-103.96068920044185, 18.86795772547194], [-103.9589726935117, 18.869683956872894], [-103.95732989711414, 18.872156558867953], [-103.95726779900826, 18.872938049096785], [-103.95520088724254, 18.87696475328712], [-103.95272327944991, 18.879160048556663], [-103.95232633681185, 18.87998268685839], [-103.9523465246322, 18.880614008525473], [-103.95292668345971, 18.881982417730672], [-103.95339163163922, 18.884622323913497], [-103.95503136897831, 18.888100291519976], [-103.95610918460524, 18.888820245406446], [-103.95613412351186, 18.8895511195529], [-103.95573405691863, 18.890875843121545], [-103.95463425182204, 18.892024484629076], [-103.95199709497498, 18.893178802899925], [-103.95043926504428, 18.894296143310267], [-103.9499778239128, 18.895061026388394], [-103.9499624463657, 18.895608246045832], [-103.9510696140419, 18.898352333846407], [-103.9511351160914, 18.900418469847867], [-103.95081843718738, 18.901169826294108], [-103.95089096766353, 18.901865996342806], [-103.9506254667569, 18.90214423673958], [-103.94962411367963, 18.902231825022326], [-103.94838752321718, 18.90607272257502], [-103.94804013981884, 18.90659146779894], [-103.94323590347673, 18.91167801554052], [-103.94249531353772, 18.911996574284473], [-103.94188089939395, 18.912624279423525], [-103.94027712339967, 18.914774137712634], [-103.93946738994504, 18.91553700125818], [-103.93938251228307, 18.91680609604159], [-103.93975120007327, 18.91809929928046], [-103.94148998716886, 18.91965136476611], [-103.94362430755989, 18.920702984488262], [-103.94359975694455, 18.92502143897861], [-103.94345967365999, 18.925723572932593], [-103.94231166331757, 18.928156098007268], [-103.94222656510708, 18.930995702316707], [-103.94285626648147, 18.93424170130466], [-103.94275638097298, 18.935438658899635], [-103.94362680023694, 18.938432676176188], [-103.94397319088257, 18.93875940344604], [-103.9440695970461, 18.940309491579278], [-103.9442379933883, 18.940762109737577], [-103.94490157284577, 18.94142610292596], [-103.94502228237116, 18.94190704018625], [-103.94597952197799, 18.94288080495988], [-103.94572786947968, 18.94365462759641], [-103.94425126709858, 18.944405943985902], [-103.94376683074238, 18.944858445823794], [-103.94315768808747, 18.946171384818893], [-103.94268246136491, 18.946641491827165], [-103.94257398704832, 18.94715104739712], [-103.94195230808673, 18.94754421661927], [-103.94177097925456, 18.948035563455285], [-103.94199867557435, 18.949464239177463], [-103.94270779077215, 18.95129733348992], [-103.94512013626273, 18.954225980846445], [-103.9460397997819, 18.95492901472481], [-103.94586912547476, 18.956859870346044], [-103.94549452967591, 18.957337843935914], [-103.94483109244275, 18.957693175541355], [-103.94187968871383, 18.958293204598217], [-103.94171479424338, 18.95865547808994], [-103.93992287567677, 18.958733904193757], [-103.93911762332971, 18.958514114902766], [-103.93634103123607, 18.957458154595475], [-103.9345193388538, 18.956114671389727], [-103.93343186546385, 18.95486711546314], [-103.93251310154099, 18.952687804994998], [-103.93137498433546, 18.952088922667112], [-103.93117176684719, 18.951424849532966], [-103.93145288970466, 18.950585837256682], [-103.93096270944751, 18.9501612449718], [-103.92669707388389, 18.95071897070627], [-103.9238568006445, 18.950679607527352], [-103.92149381109664, 18.949812715772772], [-103.92039223033414, 18.949766183728016], [-103.91969127085844, 18.95018915567949], [-103.91868760840265, 18.950355449960906], [-103.91776094237328, 18.951440293526506], [-103.91761968595574, 18.95206627571796], [-103.91809244304223, 18.95310629453396], [-103.91843133525433, 18.953158481115214], [-103.9187750863126, 18.953626711180757], [-103.91866428784927, 18.954673670060686], [-103.91816384611666, 18.955129876506987], [-103.91631402857016, 18.955807184813764], [-103.91501111877659, 18.95699533452251], [-103.91448054040423, 18.957223820967336], [-103.91420605187399, 18.95770278315444], [-103.91455119993645, 18.958632968533145], [-103.91521723390345, 18.958712880860496], [-103.91574824008747, 18.959368702711476], [-103.91542587720274, 18.960256229756425], [-103.91494095833288, 18.960633544082523], [-103.91451367703114, 18.961497306938117], [-103.9144911257145, 18.962811404989864], [-103.91500462872536, 18.963610580441564], [-103.91522160123252, 18.96503204272082], [-103.91612371481662, 18.9656613455931], [-103.91701329274424, 18.96564158378825], [-103.91714005950656, 18.96681491813327], [-103.91686336198977, 18.969018030640367], [-103.91696025074644, 18.97014199315158], [-103.91785190100568, 18.973331875840483], [-103.91852762641932, 18.97464075029213], [-103.91870485311343, 18.975746878557402], [-103.91872252747825, 18.97978520085426], [-103.91926214906078, 18.980519965082035], [-103.91989743036399, 18.982357753655073], [-103.91912956891802, 18.98359126130596], [-103.91934808467191, 18.98473082895656], [-103.91919197216184, 18.985554775068277], [-103.91829393885855, 18.987960015132778], [-103.91630337939851, 18.988944904526182], [-103.91516239257828, 18.992115710936172], [-103.91476046699407, 18.992608591478717], [-103.91394813812889, 18.993076276725954], [-103.9132758032754, 18.994213403343476], [-103.91298392307088, 18.99527549217819], [-103.91356696766283, 18.99551295225581], [-103.91382073845762, 18.99807266095871], [-103.91428252946086, 18.99919713764837], [-103.91431234188296, 18.999635236308077], [-103.91406628539197, 18.999984860467475], [-103.91430135266705, 19.00280509392176], [-103.91349895161116, 19.004442919193842], [-103.91460688967376, 19.00685226308458], [-103.91444918339293, 19.008379111825736], [-103.9137275166789, 19.00919255614958], [-103.91324411575907, 19.01047361949221], [-103.91237733814121, 19.011139830423737], [-103.91240044619103, 19.011971322452897], [-103.91082677983448, 19.013206516718338], [-103.90941655393078, 19.01321254893435], [-103.9090171914554, 19.013378858058495], [-103.90820348914487, 19.01466860647256], [-103.9086016153956, 19.016062447856157], [-103.90871178056447, 19.019130985082366], [-103.91057647659025, 19.020836726539255], [-103.91092076935107, 19.02181226078146], [-103.91092490726325, 19.02384411339702], [-103.91247842344139, 19.026170023129467], [-103.91220052105929, 19.02661377730945], [-103.91191972883662, 19.029738704240188], [-103.91136878391333, 19.031650549366855], [-103.91271840697152, 19.035448182761954], [-103.91365985174488, 19.036548597729947], [-103.91240759016071, 19.040278488161608], [-103.9121771010927, 19.041869128538355], [-103.91224546726845, 19.042952597011755], [-103.91303606473963, 19.044320050898367], [-103.91327902720309, 19.045447906339273], [-103.91276853242103, 19.04555933838819], [-103.91231000164117, 19.045996882242886], [-103.91054197114698, 19.04995019680598], [-103.90977026419787, 19.055449745244427], [-103.90986181971373, 19.058001019171883], [-103.90695616135048, 19.061692061325477], [-103.90684383739666, 19.062717076865653], [-103.90637066957235, 19.063782988851635], [-103.9059967916727, 19.065581092397935], [-103.9065947796579, 19.06871906049078], [-103.90610915917895, 19.070989891486253], [-103.90352052335002, 19.07517319984163], [-103.9014099945841, 19.076305849450677], [-103.90003819057752, 19.07781793164948], [-103.89920836724396, 19.080691892565365], [-103.89937530362766, 19.08225753446726], [-103.89914617944629, 19.083442030823818], [-103.89837097399098, 19.085063179121544], [-103.8981203293581, 19.08645793949267], [-103.89741355495488, 19.086855375499628], [-103.89709646537595, 19.08916782281559], [-103.89555520100018, 19.091013891618676], [-103.89491300670942, 19.09380255309766], [-103.89501005052881, 19.096990137269557], [-103.89563723673515, 19.097785874821458], [-103.89625151019443, 19.097697919267112], [-103.89754512033034, 19.098762449220516], [-103.89784411001003, 19.100529399661234], [-103.89746316992398, 19.101909819507586], [-103.89674684964027, 19.103497628985533], [-103.89617016986914, 19.10402847937821], [-103.89533220043094, 19.10577804903297], [-103.89359828027418, 19.106819949615655], [-103.89335851967842, 19.10718861979503], [-103.89281364952812, 19.109120149286532], [-103.89224973983319, 19.110048939149685], [-103.89040807973744, 19.110953259445328], [-103.88785377990598, 19.112947939329185], [-103.88833852013065, 19.11504887979306], [-103.88835451979472, 19.116203199708536], [-103.88747417023478, 19.116243109309078], [-103.88695384975635, 19.115960969275683], [-103.8863008595478, 19.117065949405468], [-103.88518709016962, 19.117801449495335], [-103.88503281989665, 19.119823819662567], [-103.88428117971307, 19.12140310928786], [-103.88393502041055, 19.11952002972764]]], [[[-110.98633627606957, 18.86114035866326], [-110.98635164587495, 18.85984332399576], [-110.98551652579806, 18.859413160570863], [-110.98474442155899, 18.859939314659208], [-110.98308696985795, 18.860038287039693], [-110.98257858251962, 18.860740699477674], [-110.98201664647367, 18.86063023605404], [-110.9822756447994, 18.85919569129356], [-110.98138210881523, 18.8586519427596], [-110.98078418528014, 18.85785734542851], [-110.9797934766629, 18.857498666461336], [-110.97979174351121, 18.85851506037745], [-110.9786654078445, 18.86002685066284], [-110.97862330541417, 18.86116881221751], [-110.9771354011173, 18.86154562429794], [-110.97683075457755, 18.86074773104789], [-110.97670799034879, 18.858882897201653], [-110.97688042289452, 18.857672509561276], [-110.97749901469534, 18.856421739249946], [-110.97774671345942, 18.854759012967246], [-110.97669470707173, 18.85485136307414], [-110.97564904465926, 18.852753585563775], [-110.97483930512735, 18.853473944137026], [-110.97408595104457, 18.853518883910382], [-110.97415865710703, 18.852784892110424], [-110.96980351642898, 18.85441271899623], [-110.96875810416874, 18.85346697025747], [-110.96929010273428, 18.85195549865581], [-110.96804693043012, 18.85185324589246], [-110.96641734737376, 18.849700356206583], [-110.96499559580042, 18.849154912240618], [-110.96487227378779, 18.84804594797985], [-110.96324078578932, 18.847387113286427], [-110.9626310103456, 18.846739400126186], [-110.96313712161357, 18.846385227123932], [-110.96313236132787, 18.84573747153544], [-110.96219525947396, 18.843561169777047], [-110.96119475572392, 18.843296752035673], [-110.96128182897584, 18.84289554319991], [-110.96096872729187, 18.84273418382432], [-110.96044377377726, 18.842801455122427], [-110.96045080668927, 18.842333009863104], [-110.95965277591256, 18.842272536039633], [-110.95936081969644, 18.841281869101167], [-110.958416847868, 18.841302084558343], [-110.95952790686346, 18.84037187082357], [-110.95946193973492, 18.83936774799342], [-110.95896523959507, 18.83928932394863], [-110.95837905092702, 18.838424187903353], [-110.95774345186852, 18.83795801282397], [-110.95641109040776, 18.837821335266653], [-110.95582729460722, 18.83756807841155], [-110.95548595309202, 18.836976371073195], [-110.95401471350512, 18.836451922520578], [-110.953179056185, 18.836393656707916], [-110.95261175394957, 18.836967443222036], [-110.95183258826297, 18.837193819977028], [-110.95098751755279, 18.836416070015222], [-110.95018715623114, 18.837471735278427], [-110.94980107631453, 18.839078777418013], [-110.94876765779664, 18.83946427052005], [-110.94796020257854, 18.840412342689593], [-110.94681614881222, 18.84026437813362], [-110.94544378695747, 18.83951795355788], [-110.94458697801326, 18.83856085584691], [-110.9442621787043, 18.83764412799986], [-110.94474951878256, 18.836427102216106], [-110.94421759194198, 18.835234681419166], [-110.9444600667457, 18.834896251833555], [-110.94388104421053, 18.83413864995082], [-110.94305720148593, 18.833683610852862], [-110.94026304939997, 18.834317716221115], [-110.94038318970784, 18.833266538998714], [-110.93988657360717, 18.83261203035319], [-110.9412213102319, 18.83163267137974], [-110.94037393472217, 18.831395026676265], [-110.93985616959178, 18.830417767085134], [-110.93994564795211, 18.83005243815305], [-110.93955727748877, 18.82989551351708], [-110.93953377192129, 18.829536899571714], [-110.93874522653734, 18.829619761174108], [-110.93861120173968, 18.82815168356713], [-110.93782977354951, 18.827766104849083], [-110.93867488568183, 18.826815864568335], [-110.93808647054472, 18.82649082018207], [-110.93815244977479, 18.825766881763055], [-110.93957420590372, 18.82496237632292], [-110.93966368239282, 18.8245970500931], [-110.93908243398968, 18.823227562238237], [-110.93941437599804, 18.82252382110436], [-110.93884483482852, 18.821909655801253], [-110.93815286082855, 18.821734771516933], [-110.93638044475787, 18.82238009227747], [-110.93597330338973, 18.82193627204222], [-110.93602284523507, 18.82096131169235], [-110.93378927233101, 18.820337976499722], [-110.93356582205486, 18.81923523209319], [-110.93282228062738, 18.817695371522994], [-110.93112764507545, 18.81779600333042], [-110.93030394253697, 18.817340905112953], [-110.93048320816155, 18.814882242577895], [-110.93105285964586, 18.81434441615978], [-110.93009507600114, 18.81357327923846], [-110.93058706123638, 18.813004066808336], [-110.9300435181062, 18.812208335409462], [-110.92924098073362, 18.81207598073467], [-110.92931404356762, 18.811459642911238], [-110.92878694581711, 18.81091493309083], [-110.92734190674736, 18.8107847095309], [-110.92667592668569, 18.810428236504016], [-110.9261890643554, 18.808765135143005], [-110.92430672156111, 18.806572848178693], [-110.92223603856479, 18.804967714155417], [-110.92109496033737, 18.803511419176413], [-110.92060254246739, 18.802532639889108], [-110.91869517849659, 18.80072578825642], [-110.91881453397858, 18.80023871856906], [-110.91833611554785, 18.799859095595153], [-110.91803801014797, 18.799924771676526], [-110.91798633828788, 18.799519843810426], [-110.91758792039637, 18.79920747380701], [-110.9176633240239, 18.798819010675423], [-110.9166104867164, 18.79928942593863], [-110.9157933476475, 18.798353889687487], [-110.91554398999206, 18.798008679511852], [-110.91612300531152, 18.79761436211573], [-110.91681013983163, 18.797717620927997], [-110.91669919019952, 18.79602023876526], [-110.91728464058158, 18.794953552314446], [-110.91753643428812, 18.79186670690554], [-110.91630446080963, 18.787667891340373], [-110.91653066319434, 18.78650252192028], [-110.91634735057124, 18.785625423175297], [-110.91583607879514, 18.785127756346082], [-110.9147489715328, 18.785072207973304], [-110.91391453411762, 18.784641689574805], [-110.91433665090842, 18.784160687229168], [-110.91431634362107, 18.78384990380946], [-110.91481365075327, 18.78374842724058], [-110.9152277429658, 18.783915871224384], [-110.91532522345652, 18.78309412605754], [-110.91505246165029, 18.782390326342853], [-110.91470586151493, 18.782098886710983], [-110.91411284849, 18.782278032891774], [-110.91311221595393, 18.78161737556857], [-110.91256315475185, 18.781697915311447], [-110.91242672598189, 18.781538008131275], [-110.91313586302266, 18.781207991966234], [-110.9128442638285, 18.780601303358285], [-110.91106078057797, 18.78029901643297], [-110.9077450761278, 18.778911534753924], [-110.9077860328074, 18.778381136024656], [-110.9105151965693, 18.779275395755267], [-110.91150822084961, 18.77904856046979], [-110.91263755652153, 18.779365613206], [-110.91268942657418, 18.779002556123235], [-110.91361985996733, 18.778203444518503], [-110.91309602125173, 18.77789851074256], [-110.91317923596363, 18.777629591865896], [-110.91352436758956, 18.77751313934605], [-110.91333462196742, 18.777308397453794], [-110.91374723827211, 18.777067950374633], [-110.91567981646986, 18.776953383222644], [-110.91567689681811, 18.77613759746093], [-110.91620552203221, 18.776130253428303], [-110.91903685413234, 18.769722685812642], [-110.91919552702507, 18.76868133421797], [-110.918877361566, 18.767668268176337], [-110.91908613405215, 18.76700792404039], [-110.9187479394872, 18.76453214125634], [-110.91827149475263, 18.76302450197185], [-110.9180111614616, 18.762895951350725], [-110.91816964346623, 18.76262256985803], [-110.91744196507697, 18.762281753120888], [-110.91767417176789, 18.761980001183442], [-110.91695773012083, 18.760654584981435], [-110.91777191191491, 18.760006341637066], [-110.91806533815401, 18.75948497476385], [-110.91773450999128, 18.75904862921731], [-110.91730789404956, 18.759073930586364], [-110.917827174517, 18.758539170146463], [-110.91780530070781, 18.758204492462824], [-110.91744772264066, 18.7581297064151], [-110.91797637356802, 18.757738379180623], [-110.91747144955676, 18.757336357844572], [-110.9166778893079, 18.757143437681307], [-110.91671109375218, 18.756109547644368], [-110.91593200606772, 18.75459586956139], [-110.91618949979488, 18.753524684606123], [-110.91746656161557, 18.7518650769341], [-110.9167581835415, 18.74989125767991], [-110.91763527837152, 18.748279372485875], [-110.91780487307298, 18.747405388710302], [-110.91710901032815, 18.74562282312645], [-110.91824177765065, 18.74368380637215], [-110.91841926967135, 18.74254538319229], [-110.91825962876054, 18.741258975685074], [-110.91857341813858, 18.740664417423442], [-110.91878868088418, 18.73894781416823], [-110.91917608078965, 18.73870885286158], [-110.91918720285504, 18.738108252200696], [-110.91967027640102, 18.73779162198894], [-110.9199150278788, 18.737297148652683], [-110.91968148689801, 18.736807055503714], [-110.92019442405704, 18.736176682778105], [-110.92004709398876, 18.735849458869602], [-110.92030277876111, 18.735522320226572], [-110.91974931091697, 18.735147200296012], [-110.92004267622931, 18.734625846730637], [-110.91966649978035, 18.73388024631353], [-110.92040046201723, 18.733548728109476], [-110.92037077302233, 18.7330945380652], [-110.91988477291494, 18.73259542988045], [-110.920091834047, 18.732295175614304], [-110.92082578673802, 18.73196365603436], [-110.92133540203373, 18.732053402460288], [-110.92206474488258, 18.7312661993708], [-110.92239576970135, 18.73055062871009], [-110.92279251733069, 18.730455089224392], [-110.9234133482324, 18.731090167150214], [-110.92364548974021, 18.73078841931595], [-110.92407358032114, 18.730787005168388], [-110.9242932139551, 18.730294018643075], [-110.92525920578368, 18.730044692523023], [-110.92555253911915, 18.729523331754454], [-110.92636954904967, 18.729306841442817], [-110.92660018946738, 18.728597221362424], [-110.92866859687207, 18.72787445384781], [-110.92930984009139, 18.728436301778526], [-110.93014723570737, 18.72814658760762], [-110.93076189249986, 18.728302053550177], [-110.9318815225724, 18.728091551015495], [-110.93341963269421, 18.72927202371448], [-110.93399512489795, 18.729213826661073], [-110.93488587137487, 18.728584949775595], [-110.93613080947532, 18.729518847952132], [-110.93643662290194, 18.729188701917032], [-110.93678156979513, 18.72945616703719], [-110.93715321513426, 18.729362081286396], [-110.93799834749362, 18.729959770074874], [-110.94009956753607, 18.73012280045768], [-110.9416426458992, 18.729071125289202], [-110.94117703428908, 18.727730959212835], [-110.94109086620516, 18.726800181897563], [-110.9412932043249, 18.726044225965754], [-110.94111610879813, 18.72487888455329], [-110.94140943073002, 18.723589576654312], [-110.94262468640426, 18.72291735460808], [-110.94226724245861, 18.722074712738298], [-110.9428709465761, 18.721678840601363], [-110.94424133951392, 18.722221241567638], [-110.94445614359488, 18.722424436818056], [-110.94445453387974, 18.72316845161054], [-110.94501115452199, 18.723591282410162], [-110.94744467515258, 18.724598338987526], [-110.94934822149034, 18.72635683636565], [-110.94923690184466, 18.725811519727202], [-110.94954893125774, 18.726344887773465], [-110.94973866752999, 18.72616560906934], [-110.94980298596941, 18.72445795619324], [-110.94953016312948, 18.72327972425096], [-110.94974813180008, 18.722853391335903], [-110.9491883896264, 18.72123089270959], [-110.94976856338, 18.72009247431821], [-110.95147452080366, 18.719222982559653], [-110.95227731700793, 18.719175175700055], [-110.95271164441134, 18.71965325407426], [-110.9533968473342, 18.719732431630586], [-110.95634624378823, 18.72130854886977], [-110.95753794928339, 18.722197442065973], [-110.95765717512808, 18.723630189244158], [-110.9581197451495, 18.723770608355085], [-110.95778741948754, 18.72599818951143], [-110.95754125537141, 18.726468813235556], [-110.95792701666068, 18.72697377481845], [-110.95803995817981, 18.72792695240884], [-110.95740805725264, 18.728660538127187], [-110.95681376420511, 18.728815935868436], [-110.95619909839854, 18.729428501199546], [-110.95518612589153, 18.729728823517586], [-110.95495878606982, 18.731254223169113], [-110.95548881419661, 18.731654610254594], [-110.95584947031978, 18.731393147537098], [-110.9567197748885, 18.731605275105693], [-110.95717610866119, 18.73203404484686], [-110.95931034035843, 18.732698798654592], [-110.96069817499188, 18.73350400538463], [-110.96035167145442, 18.734364585282385], [-110.96056031080833, 18.73562404052656], [-110.96033925345736, 18.736477145528198], [-110.96077994278541, 18.73705082895379], [-110.96156716922785, 18.737147893312613], [-110.96201882800307, 18.737504939136983], [-110.96236067668765, 18.737340571756633], [-110.96312580077321, 18.735567101285014], [-110.96338766233531, 18.735335506598656], [-110.96362289585036, 18.735465469098145], [-110.96353676255009, 18.73683849129894], [-110.96312601781129, 18.738254867735222], [-110.96368750130944, 18.73913331876317], [-110.96429125340795, 18.73912131925238], [-110.96392751885853, 18.74010293156711], [-110.96408284333154, 18.74093360645659], [-110.9661136617369, 18.740788508228164], [-110.96664690107461, 18.741236670356166], [-110.96758487805556, 18.74286060234429], [-110.96777618460972, 18.742705202088853], [-110.96832195949935, 18.74296062629555], [-110.96891315860904, 18.742757370895], [-110.96948245666964, 18.742987388912045], [-110.96964562594994, 18.743553613273676], [-110.96938694985506, 18.74421700089164], [-110.97081733931599, 18.74528358030977], [-110.97127213805975, 18.745304439915625], [-110.97162494255936, 18.744923411571687], [-110.97212223363641, 18.745973664379836], [-110.97329521397107, 18.74542369252803], [-110.97491374100383, 18.74590304588035], [-110.975258740852, 18.74578645759681], [-110.97551601584804, 18.74625106723878], [-110.97637078800331, 18.746608010678926], [-110.97862758121535, 18.74683323181876], [-110.97937570352379, 18.74710053361878], [-110.97990263979241, 18.747069062020604], [-110.9807290291588, 18.746611726220433], [-110.98112089953815, 18.745676375156208], [-110.9826355982237, 18.74457794784955], [-110.9836863020398, 18.74446717199803], [-110.98453951040588, 18.744800163198473], [-110.98695362576761, 18.747031736149385], [-110.9872470567549, 18.747662158464387], [-110.98723623309466, 18.74826277169123], [-110.98757502950595, 18.748434508595047], [-110.98774742666734, 18.747992227185584], [-110.9881992906204, 18.74873317203254], [-110.98830794072286, 18.750382586270423], [-110.98728238690141, 18.750875869725242], [-110.98728091078188, 18.751235939179608], [-110.98820797610541, 18.75192448249805], [-110.98898144585242, 18.752958187175974], [-110.98944257248864, 18.75307461116937], [-110.9896558114234, 18.75286987121911], [-110.99103300353757, 18.753507486782503], [-110.99297452113144, 18.753151383992027], [-110.99408188922077, 18.7535171254206], [-110.99485214114465, 18.754119018119777], [-110.99561427442839, 18.753833432619782], [-110.9966306136805, 18.75396461315611], [-110.9967939085813, 18.7545308163091], [-110.99744173537488, 18.754804037076017], [-110.99784808719177, 18.755235699949637], [-110.99857960581164, 18.75715984072554], [-110.99876629806943, 18.757316661024916], [-110.99983587415029, 18.7571086495159], [-110.99997395755956, 18.7572923766606], [-110.99957416548799, 18.757724290378775], [-111.00021426447626, 18.758261953980526], [-111.00397705040395, 18.754580804074234], [-111.00474232236047, 18.754342981494467], [-111.00596024094764, 18.752566104867846], [-111.00700498487481, 18.75312749583367], [-111.0076872300295, 18.753158621542383], [-111.00798661087003, 18.75273270157882], [-111.00864549926703, 18.753173205027135], [-111.0093997065459, 18.752768027774618], [-111.00966484167536, 18.75296813091991], [-111.0097156753415, 18.754501024624155], [-111.00999044846759, 18.755228530958515], [-111.0103715839244, 18.75527768808004], [-111.01060673160697, 18.755023604823556], [-111.01089114730226, 18.75627851405256], [-111.01305708687552, 18.756268687927378], [-111.01329679613664, 18.75570233741503], [-111.01464797759348, 18.75403738815972], [-111.01507438322807, 18.753627836039236], [-111.01553553435144, 18.75374418021243], [-111.01765411677378, 18.756449032306275], [-111.01763097176209, 18.75724239554176], [-111.01705315061932, 18.759172991778073], [-111.01733884739147, 18.75968384347379], [-111.01806202199953, 18.75995246248722], [-111.01862236686405, 18.7608068295716], [-111.01810049746197, 18.761678109578437], [-111.01766125260394, 18.76151245842723], [-111.01727238049787, 18.76172777514396], [-111.01512443829608, 18.763536532434106], [-111.01513742856864, 18.764495730747544], [-111.01544822404836, 18.765005085039046], [-111.0160331306238, 18.764706019173076], [-111.01706852867252, 18.765123921051448], [-111.01768958673352, 18.764990678189864], [-111.01764395158995, 18.764681421683438], [-111.01810830224571, 18.764845568450056], [-111.01852543766898, 18.76467655223873], [-111.01822411181818, 18.764310633411505], [-111.01907557076161, 18.76385157257211], [-111.01909611337577, 18.764162333601345], [-111.01932986928205, 18.764268309639235], [-111.01902259747364, 18.764574734099952], [-111.01964700107564, 18.764873273495066], [-111.01946577254792, 18.766324116515683], [-111.0199133180356, 18.76737725084883], [-111.02151053032449, 18.76828941457764], [-111.02168342977546, 18.768999031001016], [-111.02261177499025, 18.76855933462685], [-111.02296331366716, 18.76892223489307], [-111.02206816359563, 18.769863935217316], [-111.02192608037879, 18.771144445635038], [-111.02234836771497, 18.77181510083031], [-111.02195631206308, 18.77198262253639], [-111.0217401254509, 18.772523588718713], [-111.02142926825836, 18.775062219042436], [-111.02184504555646, 18.775253273452044], [-111.02246515772052, 18.776248061915442], [-111.02320858337632, 18.776059454834275], [-111.02306076457164, 18.775348327591082], [-111.02354689114446, 18.77507915873437], [-111.02488176886479, 18.77507104848374], [-111.02641625709057, 18.775794941910625], [-111.02679112912334, 18.775748439327458], [-111.02694603495276, 18.77504314178615], [-111.02733176711085, 18.774779986143667], [-111.02828882181886, 18.775154526206176], [-111.0288101740824, 18.776179221195516], [-111.02769410002982, 18.77759022871217], [-111.02752200728419, 18.778416560510575], [-111.03003038482171, 18.77862595335849], [-111.03057958430718, 18.778928973335155], [-111.03156471647193, 18.77896580984617], [-111.03189459754543, 18.779761999991102], [-111.03239496772177, 18.77970794598896], [-111.03331612207955, 18.78030061664945], [-111.03401028095216, 18.781650925494286], [-111.03376744612291, 18.78216951881613], [-111.03418959450254, 18.782456160913302], [-111.03392166007686, 18.782976261972983], [-111.03469406841428, 18.78398586921997], [-111.03452336096063, 18.78445213018647], [-111.03476191309275, 18.78462980049471], [-111.03451115908287, 18.785028870163234], [-111.03461043444439, 18.785766915815458], [-111.03523092052039, 18.787145658183256], [-111.03586203220256, 18.78792375193053], [-111.0360926748534, 18.787981894499794], [-111.03629164698917, 18.787561932164117], [-111.03744255446945, 18.78667675746969], [-111.03782781543187, 18.78564558745067], [-111.03834039062384, 18.78501477260212], [-111.04057049151467, 18.78406470739497], [-111.04167323310311, 18.78397440711594], [-111.04182724408582, 18.7843971534542], [-111.04296484908403, 18.78483275641392], [-111.04318623711536, 18.78513144837742], [-111.04349799869205, 18.78451269077087], [-111.04378568930679, 18.785431405025324], [-111.04360867212847, 18.785802057173797], [-111.04476796293693, 18.785804336128813], [-111.04507997966817, 18.78556956482229], [-111.045089750589, 18.786096987349435], [-111.04623477702258, 18.78588410851059], [-111.0488843512102, 18.78366065958561], [-111.04856070403495, 18.782960122924656], [-111.0486388973457, 18.78261941189397], [-111.04930041233777, 18.781955595378847], [-111.04954925737994, 18.7811486082892], [-111.04899629003707, 18.780029869679012], [-111.04911067807369, 18.779854983815273], [-111.04972728945768, 18.780033879906345], [-111.04989400717879, 18.780647854880076], [-111.05019200604542, 18.780581919535184], [-111.05031142711775, 18.780862736636326], [-111.05130926675827, 18.781090682294913], [-111.05166987085805, 18.78082897290699], [-111.05224292029288, 18.781490489301326], [-111.05295330432527, 18.781183719439085], [-111.0536592117968, 18.78118922155233], [-111.05424222897902, 18.78048210784789], [-111.05449320429327, 18.780466996143733], [-111.05441257709845, 18.779631838756337], [-111.05462417345348, 18.77940309426983], [-111.05522737871132, 18.780518789619816], [-111.05559143869337, 18.780688869386704], [-111.05561841404156, 18.781095251212722], [-111.05497351961795, 18.780870081246725], [-111.05508371955278, 18.781391454719707], [-111.05489245818073, 18.781546973836], [-111.05511920716849, 18.782685341168655], [-111.05473480488251, 18.78258848559879], [-111.0545641675813, 18.78305476842474], [-111.05471980405979, 18.78350140565119], [-111.05343097575286, 18.786483066142242], [-111.05229762262333, 18.78763131852639], [-111.05039066084767, 18.788514115832566], [-111.04968050760952, 18.789204868444642], [-111.04909688339563, 18.789143986479292], [-111.04576898962775, 18.79064023248772], [-111.04650321535604, 18.790692068289783], [-111.04642712760487, 18.79182467482682], [-111.04664113929026, 18.79277182788873], [-111.04703798059428, 18.792675953095685], [-111.04714947845417, 18.79283724964438], [-111.04714340431391, 18.79312562368357], [-111.04751699995771, 18.793439157499712], [-111.04742796655668, 18.793996530463126], [-111.04690271725359, 18.794436141700686], [-111.04572300802371, 18.794507104924314], [-111.04515416778733, 18.79314927815169], [-111.04397498622554, 18.793988218686618], [-111.04404420562713, 18.79427206372832], [-111.04371948831987, 18.794315592508866], [-111.04357098653556, 18.795116545410917], [-111.04303569979494, 18.79464471896158], [-111.04233447713865, 18.79471088395292], [-111.04188026058472, 18.795842225602915], [-111.04193312592652, 18.795119026263535], [-111.04227160042728, 18.794522659052245], [-111.04151092216145, 18.79483240111502], [-111.04129661148849, 18.795781312875718], [-111.04137291743614, 18.797312773147468], [-111.04096888641793, 18.798441097802876], [-111.04096463274813, 18.799137377681177], [-111.04114826303463, 18.799246342661885], [-111.04166670760895, 18.797943131074945], [-111.04214488967811, 18.79983444752958], [-111.04306622207706, 18.80042707418307], [-111.04346201686339, 18.801075300028955], [-111.04434981735089, 18.800781903164516], [-111.04508409711747, 18.800833747478208], [-111.04468590636876, 18.801289711787778], [-111.04500482158157, 18.801918556904496], [-111.04611880205249, 18.801995562423098], [-111.0464527837308, 18.801711462076355], [-111.04673550846309, 18.802174475112544], [-111.04625540766051, 18.802155351784034], [-111.04588601620759, 18.803425621425838], [-111.04540934353258, 18.803838307994937], [-111.04515726315638, 18.804597500581792], [-111.0452801267901, 18.805310142178016], [-111.04572430201428, 18.80554743928597], [-111.04536996242818, 18.805904766255487], [-111.04558848246762, 18.806539652751123], [-111.04510413366314, 18.807216813007095], [-111.04531155745707, 18.807684360155076], [-111.04626413564309, 18.807987084850872], [-111.04649349597942, 18.80840531007703], [-111.04692790376752, 18.808115167493494], [-111.04821316711738, 18.80849387256083], [-111.04796743688087, 18.8093486981229], [-111.04746855000896, 18.809426712350906], [-111.0468140217421, 18.809058063585365], [-111.04577106313434, 18.809672822690633], [-111.04409838129207, 18.81181351884964], [-111.04332647050782, 18.814236060022754], [-111.04342080241302, 18.814518404390146], [-111.04599355249479, 18.813787658659496], [-111.04814272065852, 18.815410483977782], [-111.0488675654246, 18.815318875054608], [-111.05028393870161, 18.814633619960503], [-111.05135920247757, 18.81526495607861], [-111.05205819578188, 18.81630295569636], [-111.05162694587469, 18.81664092838928], [-111.05135686718413, 18.816369163614542], [-111.05139811522024, 18.816990719773198], [-111.05089630687067, 18.817404940894104], [-111.05007262266315, 18.817526508484118], [-111.04886734003587, 18.817215001883156], [-111.04846698539964, 18.816879065371605], [-111.04832374776066, 18.816239643815695], [-111.04801456907899, 18.816138236071726], [-111.04728205878642, 18.81649431815278], [-111.04654927963902, 18.81646639010193], [-111.04601099235396, 18.816330755205104], [-111.04565768497457, 18.81594398051268], [-111.04465668920562, 18.8160521801352], [-111.04328255657182, 18.816614834254754], [-111.04162408750894, 18.816690539376918], [-111.04114685495779, 18.81633520520613], [-111.04186961878291, 18.815451709743506], [-111.04258362748043, 18.815576794448333], [-111.04289996037467, 18.81464572475549], [-111.04255750560444, 18.814042279701873], [-111.04139955980143, 18.814063889324753], [-111.04118288270274, 18.813836901358158], [-111.04084569121736, 18.814073182234576], [-111.0404548726051, 18.81388066168802], [-111.039816433067, 18.814135046998672], [-111.03948898977342, 18.814898766768632], [-111.03973869241443, 18.81524377913523], [-111.04051691832932, 18.81519700432569], [-111.04047646612106, 18.815727464499275], [-111.03980974432936, 18.815935546945585], [-111.03942733562855, 18.816630567706152], [-111.03878388433806, 18.81642922370482], [-111.037914979424, 18.817009467037987], [-111.03778653049689, 18.817353204807947], [-111.03818685930182, 18.81768916997463], [-111.03773972976937, 18.81778804153995], [-111.037435546947, 18.818142337677138], [-111.03750951721707, 18.818497914069727], [-111.03779358909823, 18.81860085215321], [-111.03735437740848, 18.818819253773597], [-111.03694050676725, 18.81942015389479], [-111.03720629019841, 18.820388243730328], [-111.03702311209167, 18.821047288386247], [-111.03664336651484, 18.821022101409007], [-111.03641876681583, 18.820675573022896], [-111.03598746440043, 18.82101350285675], [-111.03538018924806, 18.82097797931225], [-111.03459513049167, 18.82016108490745], [-111.03404123570908, 18.820170352020178], [-111.03368841195271, 18.82055156422295], [-111.03213008532605, 18.820237125334174], [-111.02869593825191, 18.818619202395976], [-111.02816103941463, 18.818915324776523], [-111.0274314147932, 18.818935115621514], [-111.02721201099935, 18.819428310028673], [-111.0281413229548, 18.82014057505126], [-111.02790789178596, 18.820802623013915], [-111.02857551544395, 18.82213062919212], [-111.02851961918721, 18.82319004704106], [-111.02804598992273, 18.823650501516372], [-111.02794578019768, 18.824040539281306], [-111.02703131559842, 18.824695458647792], [-111.02582960097536, 18.82519959962182], [-111.02510509984502, 18.826059123088754], [-111.02449147760107, 18.825927928702647], [-111.02477376935016, 18.82562297385641], [-111.0240158391047, 18.825596442195344], [-111.0241425466271, 18.824844795312266], [-111.02359179554207, 18.824901837355853], [-111.02189526234429, 18.824403569043444], [-111.02130497991001, 18.82386293951592], [-111.02033059443845, 18.823993379894425], [-111.01964780216859, 18.82357829831872], [-111.01949697758964, 18.823203320942234], [-111.0184126878467, 18.823196331496444], [-111.01801536623906, 18.82252411497739], [-111.0174128307948, 18.822560238395347], [-111.01677625183184, 18.823606455179334], [-111.01597918578211, 18.823750239464296], [-111.01450618809979, 18.824726573068013], [-111.01430727022073, 18.825530538970867], [-111.01380689797773, 18.825968547441875], [-111.01293573387767, 18.82537271327356], [-111.01324051243103, 18.82617049692719], [-111.01248258139024, 18.826143907209573], [-111.01268219309634, 18.826875989839564], [-111.01200811633399, 18.826955019371606], [-111.01177476251945, 18.828001059650305], [-111.01239453189856, 18.827843920336104], [-111.0130662641947, 18.828091689452812], [-111.0129644285753, 18.828457813072784], [-111.01338983629418, 18.828792344602622], [-111.01294756360562, 18.829346877182605], [-111.01196963404192, 18.828661424742332], [-111.01127944555212, 18.829278807951077], [-111.01149576619817, 18.829825083233633], [-111.0104643725953, 18.83143976417963], [-111.01056687461944, 18.83260969910878], [-111.01159961141187, 18.832979861646344], [-111.01253334394545, 18.834083197805285], [-111.01202486878954, 18.83401765561358], [-111.01188087630658, 18.834890340487306], [-111.01060270508408, 18.833094785052527], [-111.00974653353789, 18.83463416609005], [-111.00895571267505, 18.83487354281101], [-111.00832532808519, 18.83601536833645], [-111.0081374103309, 18.836986687825902], [-111.00868663639807, 18.836905793816292], [-111.00917713369317, 18.838988567956296], [-111.00723443788446, 18.839344919740448], [-111.00703071798343, 18.84007716899244], [-111.00780609551977, 18.84036676647785], [-111.00901196834303, 18.841830669089163], [-111.0098979247364, 18.84379376432512], [-111.00893112265085, 18.843659650551558], [-111.008724884593, 18.845880176922776], [-111.00828585363884, 18.84686654483119], [-111.0070208674539, 18.84679827635195], [-111.00624667391835, 18.849580853479136], [-111.00521698355216, 18.849258460582483], [-111.00429750530866, 18.849841541811724], [-111.0028384910357, 18.851416986873105], [-111.00190320693055, 18.851760978834278], [-111.00151117446268, 18.852696513850255], [-111.000635568404, 18.85318093922283], [-111.00010466621774, 18.852012598201544], [-110.99967764091143, 18.851654111791998], [-110.99792932026338, 18.851902700743654], [-110.99839130924354, 18.853555211499163], [-110.99780150878155, 18.85455057135618], [-110.99820671112121, 18.855342408049662], [-110.99805050578274, 18.857559948505052], [-110.99883542903312, 18.85799304556821], [-110.99889853917581, 18.858949359364974], [-110.9980289359415, 18.858761348688205], [-110.9955778582054, 18.860588079934182], [-110.99515372914082, 18.859509335369413], [-110.99100414891534, 18.86081347241009], [-110.98933723441819, 18.860769064988798], [-110.9884585859368, 18.86197366754641], [-110.98957302436726, 18.862051096477632], [-110.99118679573702, 18.862818745759554], [-110.99109939300057, 18.864552135244676], [-110.98855396614694, 18.866480401248975], [-110.98761834215965, 18.866056247254217], [-110.98690549991713, 18.865186739389888], [-110.98553359690636, 18.86502865605121], [-110.9847642453303, 18.864066506689767], [-110.98378472299076, 18.863740962739577], [-110.984437311839, 18.86216585245611], [-110.98633627606957, 18.86114035866326]]]]}}, {"type": "Feature", "properties": {"CVEGEO": "06010", "CVE_ENT": "06", "NOMGEO": "Colima", "CVE_MUN": "010", "NOMMUN": "Villa de Álvarez", "cov_": 76, "cov_id": 77}, "geometry": {"type": "Polygon", "coordinates": [[[-103.65587099984884, 19.42914570898232], [-103.65220510963834, 19.428117659508548], [-103.64767105047846, 19.428191519782565], [-103.64791799999955, 19.427078739573407], [-103.64852092047435, 19.426861219365012], [-103.64824409011884, 19.42565093898606], [-103.64848605019857, 19.4239330494591], [-103.64919377000291, 19.423170539291707], [-103.64946299975523, 19.422143829835584], [-103.64939193956283, 19.42086882976391], [-103.64972865013432, 19.42003293930091], [-103.6498300198009, 19.417894859853444], [-103.65007179954456, 19.41784270931059], [-103.65031828998725, 19.415324769707954], [-103.64999137014699, 19.414341289005797], [-103.65012863000922, 19.41377533957517], [-103.64884908039016, 19.413847429758864], [-103.64852555005359, 19.413321949060993], [-103.64681070996839, 19.4087854594755], [-103.6483570198266, 19.40805039976795], [-103.64803291015545, 19.40707257981855], [-103.64872617988816, 19.405418849720533], [-103.65073951012174, 19.404114819496293], [-103.65338331993364, 19.402837309334263], [-103.65364957987944, 19.400939049173427], [-103.65305513991446, 19.39916690985195], [-103.65113526003053, 19.395965849007364], [-103.65112042004547, 19.395529939336836], [-103.65168945970302, 19.394426339196755], [-103.65162253956254, 19.39386813985492], [-103.65200329045558, 19.39353607956143], [-103.6525910895765, 19.393585199361397], [-103.65271914956048, 19.39233682978951], [-103.65359070964483, 19.392164749160322], [-103.65371695046521, 19.391161659655065], [-103.65416868981774, 19.39062216933346], [-103.65417998007648, 19.390214879671227], [-103.65468296971788, 19.389729169053698], [-103.65438891005758, 19.388944779502342], [-103.65475505037594, 19.38646894941975], [-103.65559276959942, 19.387052139347286], [-103.6561299996669, 19.388046879544156], [-103.65685356960824, 19.38842788908847], [-103.6569655196921, 19.38883953956646], [-103.65676065989233, 19.389422739630298], [-103.65762523027259, 19.3898554793256], [-103.65743472004989, 19.39067588933993], [-103.65839406016319, 19.391441119666037], [-103.65839086024602, 19.39196211977202], [-103.65905661991532, 19.392141089819233], [-103.65925182981857, 19.392490029742657], [-103.65975313972325, 19.392335679805104], [-103.66020156955499, 19.39246547929457], [-103.66101517973856, 19.39302451917934], [-103.66118185952512, 19.39360434919575], [-103.66375951012921, 19.39156444964851], [-103.66574537990661, 19.391100089090084], [-103.66980522033224, 19.395318919134546], [-103.66981702990712, 19.394017569284163], [-103.67023671013337, 19.39320942908169], [-103.67050052033188, 19.39330210968504], [-103.67033866047801, 19.39298897929789], [-103.67348381973184, 19.390216979849047], [-103.67300814046487, 19.388647489094932], [-103.67311021960394, 19.3880200290161], [-103.67473816972446, 19.385698419685735], [-103.67671405978304, 19.381555289686695], [-103.67833527991937, 19.37947265957696], [-103.67948204963483, 19.378402139091914], [-103.67962622004342, 19.377165549305786], [-103.67943028953437, 19.376529519581357], [-103.67870342039055, 19.37564861965013], [-103.67482492024399, 19.374283889581793], [-103.67631504976336, 19.37163767922812], [-103.676209489549, 19.369501848998848], [-103.67484823011725, 19.36787588902853], [-103.67337254006124, 19.36781187971403], [-103.67248763021709, 19.364163139790143], [-103.67373524975204, 19.361624369571143], [-103.67437267969078, 19.361146049375403], [-103.67397341981133, 19.359584509648442], [-103.67291498039705, 19.35839193942926], [-103.67189264990616, 19.3576911992987], [-103.67129851034358, 19.356725539337152], [-103.67194588961972, 19.355575109417497], [-103.67322307954493, 19.3541006894251], [-103.67427848991835, 19.351593539314315], [-103.67543609022437, 19.35025742979676], [-103.67550451008233, 19.349843798966916], [-103.67514036991861, 19.34933994928812], [-103.6766540195387, 19.34630287947203], [-103.67781109045585, 19.345471739802033], [-103.67819265954624, 19.34351801905751], [-103.67806706027753, 19.342852339653437], [-103.68512271991058, 19.346273169099213], [-103.68635937987081, 19.347325079680235], [-103.68750935014123, 19.347463979166577], [-103.6875282798892, 19.34514101900566], [-103.69051979990503, 19.337802049339988], [-103.68470368986085, 19.33545611926846], [-103.68281174959753, 19.33539951936175], [-103.67880631040845, 19.335616749794497], [-103.67905299975062, 19.33608385958604], [-103.67861919993665, 19.336690619823717], [-103.67828394023735, 19.337840219185818], [-103.67841840029399, 19.338060288965337], [-103.6778358597123, 19.338372309685695], [-103.67761127978982, 19.338779539221804], [-103.67656974036923, 19.338462509779404], [-103.67358054996787, 19.338284918966593], [-103.67410217002546, 19.337101509694175], [-103.67479189031782, 19.33420490918975], [-103.67498096984328, 19.33289539898613], [-103.67452038013877, 19.332460569684415], [-103.67568260046731, 19.331745549153226], [-103.67523929003752, 19.330620279609636], [-103.67712089025079, 19.329580179458738], [-103.67808086023757, 19.327326089329556], [-103.67983958045069, 19.324840059298072], [-103.6802263795883, 19.324632459031935], [-103.6806586802684, 19.323161169778135], [-103.68268751021107, 19.322076889155237], [-103.68394742965256, 19.322096829810118], [-103.68370319988674, 19.321408219472858], [-103.68473265026836, 19.317454649676325], [-103.68563464615454, 19.315778290655867], [-103.68591496424088, 19.3146142591507], [-103.68672149021968, 19.31387303518421], [-103.6879792181559, 19.313185608584284], [-103.68878949963518, 19.3123754605322], [-103.69078626125109, 19.312199584556033], [-103.69246242695148, 19.311585846327198], [-103.6933147203719, 19.310153723380598], [-103.6941797671163, 19.30944960726401], [-103.69521501027364, 19.307555028028883], [-103.69638590590044, 19.307078393513716], [-103.69733316617649, 19.30632565106188], [-103.69810854909157, 19.305227561432137], [-103.69814931433767, 19.304764096878092], [-103.69794063830896, 19.304568886692458], [-103.69854167589892, 19.30369068974652], [-103.69867174747863, 19.302813001391897], [-103.69946820345749, 19.301392186698944], [-103.69961538524679, 19.301718230448678], [-103.70166724999444, 19.298925422575433], [-103.70201026114216, 19.298140499845765], [-103.70264340676444, 19.29782213178669], [-103.7039922226793, 19.297696693349724], [-103.70476453812786, 19.296977186652658], [-103.70541534500187, 19.29677046996275], [-103.70609115681428, 19.29574207889627], [-103.70718924684095, 19.295262618573823], [-103.70746380118, 19.29494169219094], [-103.7080205271638, 19.294904540607668], [-103.7087028148568, 19.294554276029718], [-103.70908655436266, 19.29415941426299], [-103.71013491988326, 19.2917553649246], [-103.71013646332355, 19.290769155208032], [-103.7107232342327, 19.29005124362449], [-103.71044543288848, 19.289209820368836], [-103.71120258014771, 19.288198727940767], [-103.71112802561325, 19.28730677070216], [-103.71172714396045, 19.286588941751294], [-103.71149909042288, 19.284920148883263], [-103.71199427322374, 19.28462759577473], [-103.71208606283761, 19.28417288147469], [-103.71228469622768, 19.284142195477745], [-103.71276012621765, 19.283355780193826], [-103.71332221427916, 19.283418444082304], [-103.71351590013231, 19.282146457506215], [-103.71421927874779, 19.28205522794868], [-103.71482755298288, 19.281440157409566], [-103.71518293440326, 19.280262710511664], [-103.71489834584062, 19.279497560556074], [-103.71537417301671, 19.278728951267784], [-103.71525296571279, 19.278416968925725], [-103.71556726429874, 19.277749955554327], [-103.7150727325162, 19.276953977580632], [-103.71527035730537, 19.27618634754706], [-103.71551347829919, 19.276023298316368], [-103.71542284025846, 19.275343132221447], [-103.71590984300242, 19.27504024759698], [-103.71619349922987, 19.27433779464316], [-103.7172589104354, 19.274063497526935], [-103.71889673557708, 19.272519332588868], [-103.71914964932178, 19.27179317665674], [-103.7199915712555, 19.270842200883273], [-103.72053407340405, 19.2696924607619], [-103.73014914637288, 19.257167477674916], [-103.73219903044125, 19.256552379402862], [-103.73272504889144, 19.2548334830931], [-103.73589478681184, 19.255748270602307], [-103.73740812657742, 19.25643757733922], [-103.7373454279808, 19.256036760374407], [-103.73790423369958, 19.254788671538382], [-103.73811326938639, 19.25364863407082], [-103.73877154913237, 19.2529105977053], [-103.77610755213642, 19.236998095126776], [-103.7813958076782, 19.24151403362641], [-103.79130805960865, 19.246649019770768], [-103.79003434970416, 19.247886998999427], [-103.78477264952814, 19.24945390920974], [-103.78241188007497, 19.250511309581928], [-103.78225603022737, 19.250764649074306], [-103.78191088026381, 19.250746169444884], [-103.78126435031383, 19.252744019805274], [-103.78265923026882, 19.25270088931249], [-103.7884779396132, 19.251827779751512], [-103.79033050955836, 19.253003979463095], [-103.79156642027803, 19.254377019397694], [-103.79356021957172, 19.25533704954703], [-103.79425171029426, 19.25631941944488], [-103.7938124798928, 19.25782997939613], [-103.79884032017118, 19.26130853964712], [-103.80121281979915, 19.26452190945074], [-103.80135663039628, 19.264319719453145], [-103.80206120034227, 19.26460579936494], [-103.80469985973936, 19.262255489005355], [-103.80662540026086, 19.261029798964103], [-103.80666709017189, 19.260765399434987], [-103.80731908992682, 19.260757819422526], [-103.809152489664, 19.25792977931893], [-103.80908591008064, 19.257265029728316], [-103.8101103104277, 19.25577968897362], [-103.81051439964867, 19.254388539291437], [-103.81175134030063, 19.252968279453196], [-103.81345130972596, 19.25386084949961], [-103.82186828964167, 19.254482619223285], [-103.82448121992635, 19.254250219809208], [-103.82811405038326, 19.255060829838737], [-103.82974279980495, 19.2555824295286], [-103.83124785007215, 19.2569402896557], [-103.8329838798736, 19.257190029787356], [-103.83286688010107, 19.257385119215186], [-103.83451366015926, 19.25754594917677], [-103.83438519956417, 19.258961249306694], [-103.83511199969274, 19.258975629654362], [-103.83615177026265, 19.25607448964505], [-103.83679141996109, 19.25492510950352], [-103.83694466034416, 19.25291128950421], [-103.83981582976999, 19.247413169516836], [-103.84050662040902, 19.24559467897734], [-103.84066674971764, 19.24389364929277], [-103.8418365999786, 19.240970309434196], [-103.84330560023359, 19.23992934919528], [-103.84208345981358, 19.23736187905329], [-103.84173405961802, 19.23550228954773], [-103.84088216964126, 19.23442679927968], [-103.8408997702876, 19.233047919855828], [-103.84233067954133, 19.22954854974192], [-103.8420559100141, 19.227918449813682], [-103.8410083703218, 19.226476219724354], [-103.83858265039417, 19.224948769671546], [-103.83711485024331, 19.222037879676414], [-103.83645591988608, 19.220167449470285], [-103.84015092018647, 19.221583289706285], [-103.84016845000671, 19.223069829133102], [-103.8409171703903, 19.22337727910593], [-103.84186490957752, 19.226760479453233], [-103.84215674956964, 19.22696001956572], [-103.84310635000783, 19.22984645916154], [-103.8432141103216, 19.23399099960103], [-103.84590291021293, 19.23761447944755], [-103.845606150161, 19.240823769822367], [-103.84213935027113, 19.246802919711786], [-103.84097465032072, 19.25095604906692], [-103.84139965039707, 19.250603429400368], [-103.84250806007918, 19.250597169216398], [-103.86057301959201, 19.25241422966151], [-103.86377816996703, 19.252053109331555], [-103.8703146500188, 19.252657249529403], [-103.87685809008643, 19.252757049404625], [-103.87745944988856, 19.25378371939877], [-103.8784750296636, 19.25445557903664], [-103.88147514024917, 19.254474309307863], [-103.88530885005434, 19.254073739327023], [-103.88696749028851, 19.25420474940952], [-103.88874715007807, 19.255427049199472], [-103.89015393967236, 19.25507197962289], [-103.89235075020112, 19.255285079091983], [-103.89643523022104, 19.254604779564488], [-103.90557471953856, 19.25962674901535], [-103.91285137997569, 19.262492509643295], [-103.91383634021271, 19.267435259466907], [-103.91873590987855, 19.2682622791563], [-103.92700950981303, 19.265960059747503], [-103.93107200008122, 19.265669179857166], [-103.93187305957075, 19.26598796959092], [-103.9343226804103, 19.267862939028124], [-103.93160930962645, 19.272950459652016], [-103.93434534967477, 19.276321029300153], [-103.93490422995845, 19.276794258993906], [-103.93586917014066, 19.277157819397363], [-103.93885044990779, 19.27934973898001], [-103.941373250471, 19.279960349320397], [-103.94421868009464, 19.282135769587633], [-103.95656603009748, 19.2895351796787], [-103.95708671013797, 19.290689549386276], [-103.98257231973409, 19.282657149136494], [-103.9863642501903, 19.28207005950175], [-103.98797697989993, 19.282156739034303], [-103.99038161967732, 19.286664679398573], [-104.00213496995237, 19.289677749319072], [-104.00503203022252, 19.29071025923279], [-104.00998535003427, 19.29003353905863], [-104.01156190953806, 19.287926599149348], [-104.02209937028461, 19.28737702941396], [-104.02554678014499, 19.29066645979677], [-104.02925726018168, 19.292198079447857], [-104.02666953997402, 19.295587140217606], [-104.02529011885791, 19.29586212040798], [-104.02509554924279, 19.296252659419075], [-104.02504656960667, 19.298091249829984], [-104.02434335026066, 19.29873375009736], [-104.024316919034, 19.302732749228614], [-104.02356537041156, 19.303076949261555], [-104.0226936590949, 19.30445546023619], [-104.02204002903409, 19.30509838065005], [-104.02172256865806, 19.306660910699392], [-104.02133564893585, 19.307465059279163], [-104.02150403014834, 19.30884388063813], [-104.02268984930068, 19.309465539614408], [-104.02300291977978, 19.310178229750523], [-104.02520477927237, 19.312385859560074], [-104.02551907985927, 19.31362736988962], [-104.02607293924454, 19.314294339872053], [-104.02474074897987, 19.316154780356296], [-104.02372339927686, 19.316406780402083], [-104.02328784941302, 19.31695791946367], [-104.02311744974817, 19.31737126008563], [-104.02347554934224, 19.318623170191493], [-104.02153605000308, 19.318761118984963], [-104.01819022925076, 19.320136580002494], [-104.01512522970822, 19.32528011995581], [-104.01223456866767, 19.326500660459974], [-104.0108642586601, 19.327355710780573], [-104.00828886037756, 19.3280528202841], [-104.0077620589675, 19.328573579802363], [-104.00606915007747, 19.332827490506205], [-104.00549548996753, 19.3326398302722], [-104.00523185858744, 19.333950449512518], [-104.00346291011523, 19.336589799905106], [-103.9988529203829, 19.338591249119105], [-103.99713634950831, 19.34010197076627], [-103.99735247872731, 19.343995249839836], [-103.99861131010498, 19.34627879905955], [-103.99882182024436, 19.34734707975038], [-103.99845935046991, 19.35003665904297], [-103.99905862998597, 19.35157674037384], [-103.99080303035261, 19.349427179911068], [-103.9836538287791, 19.34858801930912], [-103.98249190973559, 19.360759750419785], [-103.98056243014729, 19.361990710457384], [-103.98135065974792, 19.36328244904259], [-103.9800013090471, 19.363219949664856], [-103.97862910957498, 19.36349463042496], [-103.97707086017309, 19.362688230025352], [-103.9768288194924, 19.36307250897799], [-103.97688812007061, 19.363690178974835], [-103.97635748033186, 19.363944820700684], [-103.97545508923366, 19.36381662897593], [-103.97516957930173, 19.36452347939719], [-103.9748463389722, 19.364631449816756], [-103.9743816186956, 19.36451558063289], [-103.9731855398083, 19.364754539909708], [-103.97004864958036, 19.363458620267902], [-103.9696004003174, 19.36304293936865], [-103.9696457986208, 19.36271774984574], [-103.96884001866923, 19.3619465392978], [-103.96598756983742, 19.36120130899072], [-103.9622039497345, 19.36217013992464], [-103.96117389046067, 19.362092430276657], [-103.95999144865839, 19.360629380365253], [-103.95645821864169, 19.35446648927466], [-103.95340831896402, 19.353994599637243], [-103.95117872026624, 19.35294587974171], [-103.94989761975398, 19.353271549655606], [-103.93950328952972, 19.34896642934879], [-103.938600980417, 19.3472701799018], [-103.93697656921039, 19.345805820296444], [-103.93578362018825, 19.34568294037572], [-103.93612648041456, 19.348448650749607], [-103.91442463024784, 19.36262902998353], [-103.91242353958751, 19.36410745041432], [-103.91218368990559, 19.364498349815545], [-103.91119767971729, 19.363874199721554], [-103.9159664498719, 19.358572509330198], [-103.90994515044028, 19.341916029219885], [-103.90895380039908, 19.341667540451994], [-103.90851299928671, 19.34052193916166], [-103.90698622920019, 19.34020709047768], [-103.90606545914783, 19.339544919412806], [-103.90560848020962, 19.341127120086476], [-103.90486421952926, 19.341347689812388], [-103.90362551038075, 19.341156110186677], [-103.9028036301003, 19.34176441950088], [-103.89993375033588, 19.342119889759296], [-103.89895029041183, 19.342983259118675], [-103.89725053981502, 19.343953649258463], [-103.89647646041583, 19.34368024959427], [-103.89616149031313, 19.3433376595152], [-103.89443002957253, 19.34292341940161], [-103.89367215026635, 19.34347025951005], [-103.89399017031633, 19.34437453925347], [-103.89312034030455, 19.344147619814095], [-103.89300105003107, 19.34428554972803], [-103.8932193099113, 19.34474377901891], [-103.89196871011475, 19.34644405931093], [-103.8907287499951, 19.346645859733886], [-103.88922570992597, 19.34632210897839], [-103.88243790988928, 19.350227889471604], [-103.87994385041817, 19.34740159945838], [-103.87929917975967, 19.34343399928869], [-103.87815445977448, 19.34002076941177], [-103.87792024984546, 19.339807489140377], [-103.87786557003373, 19.33893828932751], [-103.86461971625543, 19.34536962436321], [-103.85724749002942, 19.345048595407167], [-103.74788658105024, 19.290679387707545], [-103.74408839334367, 19.305974565184464], [-103.74375996579434, 19.30646721957878], [-103.74222899340701, 19.311197162805303], [-103.72035524600196, 19.32576396815719], [-103.71868016883916, 19.325752214329682], [-103.71794429204532, 19.326135568146537], [-103.71716632280997, 19.32703366158601], [-103.71675890832046, 19.32679586164752], [-103.71631989197199, 19.32694638443375], [-103.71591513939208, 19.32758506128897], [-103.71521767671824, 19.32792349125557], [-103.71480973828159, 19.328968753445558], [-103.71420595446594, 19.329497584196442], [-103.71417992264894, 19.330391922046285], [-103.71339107730032, 19.332672353322636], [-103.7124449232067, 19.333162630306553], [-103.71206961503054, 19.333684045051733], [-103.71070366228237, 19.334297845091953], [-103.71034163097622, 19.335551230293348], [-103.70915955378295, 19.335777784653086], [-103.7083700457301, 19.336919707703064], [-103.708324860791, 19.337822937590307], [-103.70808578477207, 19.33796581444239], [-103.70743967653807, 19.337816661860064], [-103.70737646095174, 19.338593276368684], [-103.706601292328, 19.339120861147286], [-103.70668303091902, 19.339618399200944], [-103.70644258478089, 19.339932937815714], [-103.70585998527095, 19.340181799464954], [-103.70514886080558, 19.341035122629183], [-103.70504073821878, 19.341468061670316], [-103.70435121468965, 19.34199626160992], [-103.70424344605973, 19.34238401431029], [-103.7034799691471, 19.342631584363836], [-103.7032647850464, 19.34336192279382], [-103.70249589244429, 19.344296153056842], [-103.70221406202255, 19.345026015564482], [-103.70241160025373, 19.345325599604873], [-103.70335086145145, 19.345720814007155], [-103.70401441474111, 19.34727964563044], [-103.70382792263972, 19.347992122468206], [-103.70327247738793, 19.348412845518883], [-103.70325581486925, 19.349316276609777], [-103.70287952327317, 19.349955122716963], [-103.70327324632194, 19.35072593762766], [-103.70330510801745, 19.35151226107582], [-103.70299035418098, 19.352793061742787], [-103.70093369166962, 19.35405241407844], [-103.70064059983243, 19.354999045107164], [-103.69952993842742, 19.355804322698752], [-103.69929769218822, 19.356281537840065], [-103.69949078365451, 19.35724490542557], [-103.69914229225239, 19.357870676627464], [-103.6995742312707, 19.3586237077144], [-103.6994040922913, 19.35967061570031], [-103.6983361719685, 19.3602907811156], [-103.69787095431377, 19.360924630243495], [-103.69825593759425, 19.3615959993057], [-103.6989744770905, 19.362224584609248], [-103.69929083089241, 19.36314847656168], [-103.69895233872407, 19.36381467622496], [-103.69824436908512, 19.364252353086787], [-103.697863785162, 19.365424245038625], [-103.69667910835138, 19.36594886116336], [-103.69620635376434, 19.367933291066894], [-103.69522483080674, 19.36924543021317], [-103.69471869229976, 19.369440584723673], [-103.69503099977854, 19.370870430098336], [-103.69361303143553, 19.37198969171377], [-103.69321773772832, 19.372610307401786], [-103.69245476861583, 19.37277649155362], [-103.69201309191479, 19.373243168781038], [-103.69164129184202, 19.374496430215004], [-103.69068890758125, 19.375727430382565], [-103.69033736867704, 19.376827230700965], [-103.68898415447623, 19.378172799829873], [-103.68894750792317, 19.37918450772577], [-103.68827633763468, 19.380959645068266], [-103.68733366070025, 19.380970922657973], [-103.6866162772237, 19.381381384235503], [-103.68612113844584, 19.381386830660816], [-103.68514752346739, 19.382879691409958], [-103.68518844600665, 19.383711245581306], [-103.68479273847643, 19.384376999358714], [-103.6843239686637, 19.3846537074167], [-103.6837315999661, 19.388462384083237], [-103.68315641465803, 19.388946122030404], [-103.6826404621342, 19.39035192218266], [-103.68281816922833, 19.390750768425615], [-103.68218598459586, 19.392399661127044], [-103.68217987705526, 19.39315859983273], [-103.68247073937435, 19.393693799273098], [-103.68213844608299, 19.39475756824927], [-103.68166004582193, 19.395043229979866], [-103.68108141469064, 19.395951613991322], [-103.68115029241883, 19.39685564501367], [-103.68062341529871, 19.397249384347987], [-103.68009395443363, 19.39914298463429], [-103.67965450757134, 19.399320491070842], [-103.67899624606521, 19.400652953615545], [-103.67811732258807, 19.40336621418553], [-103.67712943053711, 19.408951937182746], [-103.67670884610025, 19.409147661786967], [-103.675489814647, 19.41151507652375], [-103.65675252744138, 19.42916841768066], [-103.65587099984884, 19.42914570898232]]]}}]}