{"type": "FeatureCollection", "name": "municipalities_simple", "crs": {"type": "name", "properties": {"name": "urn:ogc:def:crs:OGC:1.3:CRS84"}}, "features": [{"type": "Feature", "properties": {"CVEGEO": "09002", "CVE_ENT": "09", "NOMGEO": "Ciudad de México", "CVE_MUN": "002", "NOMMUN": "Azcapotzalco", "cov_": 287, "cov_id": 288}, "geometry": {"type": "Polygon", "coordinates": [[[-99.20467164968078, 19.51513596915842], [-99.19189794953716, 19.511273110139907], [-99.19149842022308, 19.510579519745736], [-99.18843113992823, 19.50994851985702], [-99.18229079975121, 19.507469799422125], [-99.17705041958054, 19.506194909326094], [-99.17553809026215, 19.50745601984995], [-99.17404045983548, 19.507949999215835], [-99.17304285026052, 19.508586709361648], [-99.17041392023886, 19.50763725955658], [-99.16707814994281, 19.50609241971034], [-99.15694976977899, 19.502717249497376], [-99.14318501969774, 19.466047109215815], [-99.14311812016275, 19.465062689678074], [-99.14803681999601, 19.46350711952922], [-99.15055405038487, 19.462940429797257], [-99.1534722002769, 19.463270999508413], [-99.15731129040785, 19.46405464901515], [-99.1586507098876, 19.463924949062346], [-99.15954890977278, 19.46332445942636], [-99.16105367997858, 19.460968889368484], [-99.16293478037693, 19.459341319241314], [-99.16371277008561, 19.456434769739186], [-99.18538771981459, 19.460014049517415], [-99.18848325024925, 19.460777259416705], [-99.18800023014947, 19.46381461945871], [-99.1907311104426, 19.46467144973237], [-99.19044424553533, 19.47045899496308], [-99.19095585990969, 19.470629479816182], [-99.20101502047615, 19.473359599533513], [-99.204967199843, 19.472192259087098], [-99.2068249696748, 19.47121507983672], [-99.22111506025702, 19.475068479839486], [-99.21966274961511, 19.480314479346067], [-99.21350080044698, 19.49827542939664], [-99.21199249028547, 19.503510719836555], [-99.21137711979993, 19.507212369643106], [-99.2101641702699, 19.51113911984317], [-99.20897048025998, 19.512680629556513], [-99.20467164968078, 19.51513596915842]]]}}, {"type": "Feature", "properties": {"CVEGEO": "09003", "CVE_ENT": "09", "NOMGEO": "Ciudad de México", "CVE_MUN": "003", "NOMMUN": "Coyoacán", "cov_": 280, "cov_id": 281}, "geometry": {"type": "Polygon", "coordinates": [[[-99.17169128998172, 19.35955937919759], [-99.17055735003424, 19.35888842086167], [-99.16919962023997, 19.358597059286335], [-99.14438185986539, 19.357296149003258], [-99.13427050902696, 19.356540689751974], [-99.13348816970124, 19.356588089559672], [-99.13236926018517, 19.35711982981472], [-99.13117791043818, 19.358660859757762], [-99.12197972741941, 19.357661806839705], [-99.12145358008327, 19.35392005911374], [-99.12077736953059, 19.351841479486538], [-99.12024205988581, 19.35056125919856], [-99.11557153981603, 19.343264119603614], [-99.11447548869057, 19.34079048989845], [-99.1139074485917, 19.337336170174442], [-99.1129345786674, 19.335368490388895], [-99.1119305495336, 19.33396333993625], [-99.11016754910729, 19.33269645986339], [-99.10972110976282, 19.331466660292424], [-99.10792921965995, 19.328726340694125], [-99.10572932030813, 19.326300339712418], [-99.10418617985898, 19.324810509451655], [-99.10084271032514, 19.32283933951354], [-99.09920702980791, 19.320917019756962], [-99.09907625969683, 19.320441489052094], [-99.09929451977696, 19.32044953955346], [-99.10092922239828, 19.3000204125655], [-99.10920742045245, 19.29961825910725], [-99.11680778014357, 19.301420249210803], [-99.1229741398196, 19.303286950460947], [-99.13472471869956, 19.308293979556563], [-99.14261622884449, 19.299606349770077], [-99.14524521968738, 19.300621279620753], [-99.14712798041694, 19.30096407952558], [-99.14741007956277, 19.301286419791367], [-99.15162094982134, 19.298006419247432], [-99.15666453989456, 19.296836829855344], [-99.15904611034486, 19.299747319698763], [-99.1607734804798, 19.300828049079637], [-99.16226289033199, 19.301277419101826], [-99.17711555030799, 19.30331348983238], [-99.17928753969225, 19.303440349563708], [-99.18234903005805, 19.303279539594172], [-99.19345113980295, 19.30204841924943], [-99.19505297598081, 19.302052970800542], [-99.19715768986997, 19.30255921981209], [-99.20127118028351, 19.304639089454444], [-99.20575217038251, 19.305681879779975], [-99.20555338429858, 19.306723379293068], [-99.20523873976987, 19.306301399588744], [-99.20024711919035, 19.31116003021044], [-99.20047567974805, 19.311406089889864], [-99.20118420392423, 19.311457860100795], [-99.20118464901583, 19.311953549304388], [-99.1949335702542, 19.322030000135282], [-99.19470417921625, 19.33023348942981], [-99.19626552007414, 19.33268441973812], [-99.19629468988946, 19.333631290583106], [-99.19693398046441, 19.33372076917692], [-99.19992434972797, 19.33322654008124], [-99.19982091878211, 19.333505379368475], [-99.19870965873254, 19.334963049667362], [-99.19805679882639, 19.33548415022041], [-99.194284820474, 19.336391628991933], [-99.1912357855705, 19.33687724015969], [-99.19024879872303, 19.337979649925302], [-99.19032130869739, 19.33867723068572], [-99.19004577897542, 19.338586580347396], [-99.189161079411, 19.339722780638347], [-99.18766099915035, 19.34101530907821], [-99.1868085702807, 19.341278180448093], [-99.18650511869971, 19.341932910507325], [-99.18477521894569, 19.343438109235894], [-99.18403834977835, 19.343647980040863], [-99.1834108002958, 19.344775419723792], [-99.1828748788587, 19.346584309854762], [-99.18249764857055, 19.346644179574362], [-99.18179216980961, 19.347345379331607], [-99.18082265983165, 19.347062119594046], [-99.18055474040007, 19.347235779681807], [-99.17993152012185, 19.34964287899427], [-99.17766194958067, 19.35174428951622], [-99.17722597996013, 19.352444089476705], [-99.17542745047601, 19.353984969369655], [-99.17299350990056, 19.356751399635083], [-99.17169128998172, 19.35955937919759]]]}}, {"type": "Feature", "properties": {"CVEGEO": "09004", "CVE_ENT": "09", "NOMGEO": "Ciudad de México", "CVE_MUN": "004", "NOMMUN": "Cuajimalpa de Morelos", "cov_": 289, "cov_id": 290}, "geometry": {"type": "Polygon", "coordinates": [[[-99.25771364945241, 19.4047413175361], [-99.25826853871594, 19.402684219155752], [-99.2569793501412, 19.40043169056458], [-99.25667284877579, 19.40071994057777], [-99.25601347989219, 19.402535749043302], [-99.25603810866055, 19.403561489658756], [-99.2558079100716, 19.40357241905466], [-99.25556906014666, 19.403095430482065], [-99.25522788863445, 19.401513049034346], [-99.25540497994723, 19.400363079141336], [-99.2552506503809, 19.39867577899718], [-99.25568354907976, 19.3972627101285], [-99.2563542892479, 19.396513860004575], [-99.25962639899814, 19.39431300052571], [-99.25925151960308, 19.39259937019304], [-99.25879443026767, 19.39242599910034], [-99.25837581959188, 19.39270551961748], [-99.25667223035742, 19.392865249148603], [-99.2559604902557, 19.39340181977392], [-99.25483967958577, 19.393707399653263], [-99.25435774990692, 19.39414651905151], [-99.254928230387, 19.394963459249507], [-99.2547542501024, 19.395216749571645], [-99.25392655043318, 19.394681549442193], [-99.25288466035312, 19.393572219499752], [-99.25255668042722, 19.393524879247035], [-99.25147590954317, 19.393460819572322], [-99.25062545965905, 19.393695319328057], [-99.2492516198348, 19.393426379315112], [-99.24799077023825, 19.394272309242815], [-99.24703580032549, 19.3941819091424], [-99.24673614018796, 19.393543429360015], [-99.24695413941872, 19.39266070956477], [-99.24781261967671, 19.391862179601706], [-99.2485270899952, 19.390409368989907], [-99.24833069044153, 19.387685109569272], [-99.24765262041069, 19.38595701931662], [-99.25032501919542, 19.383833939554556], [-99.25690916989765, 19.379613059084956], [-99.2613534898612, 19.375840659386512], [-99.26325705939193, 19.374956379747566], [-99.26649017015289, 19.374411979704792], [-99.26757710920138, 19.373372319889043], [-99.26869482954578, 19.37356533997113], [-99.26952388032211, 19.373441120708883], [-99.26997725990726, 19.373137970171914], [-99.27016101902993, 19.37262914026795], [-99.26977801968306, 19.37144435016077], [-99.26837995036897, 19.371808830159747], [-99.26827490987182, 19.370420429639363], [-99.26910864916306, 19.369063850490765], [-99.26843377901719, 19.36871316905478], [-99.26791551953534, 19.36878750907803], [-99.26719719873965, 19.369346080517232], [-99.2660735394187, 19.37162531960968], [-99.26549194872199, 19.372037169254504], [-99.2650749492001, 19.371745649986234], [-99.26672310905344, 19.36780871025048], [-99.266452890119, 19.364690079222836], [-99.26683310878988, 19.363545280153446], [-99.26282668041549, 19.362131049598485], [-99.26125985031763, 19.361044399505936], [-99.25924858041276, 19.351774549329274], [-99.25933077954394, 19.350174679374927], [-99.25908713959637, 19.349966279299778], [-99.25835089017282, 19.350067220253823], [-99.2582258800653, 19.349710169864444], [-99.2592275797414, 19.349060939693832], [-99.25979832019642, 19.348332859298164], [-99.26057023020095, 19.348209449399498], [-99.26113190985846, 19.347829939531064], [-99.26032813923257, 19.34806602921402], [-99.25967187954711, 19.347974259053263], [-99.25907095031582, 19.348219149681952], [-99.25899750901506, 19.348059170106506], [-99.26224313953523, 19.346702659752218], [-99.26306092044909, 19.346841289235467], [-99.2634307495243, 19.346151749562882], [-99.26414585993959, 19.345959579481214], [-99.26424192039605, 19.345309569533157], [-99.26484348047241, 19.345207029679994], [-99.2649768596349, 19.344676799474684], [-99.2655625800732, 19.34449717945962], [-99.26587476955858, 19.344079849550415], [-99.26677552031178, 19.34407473944679], [-99.26841696973679, 19.34188973897918], [-99.26948768958219, 19.342014679793067], [-99.27069637047207, 19.341166089417452], [-99.27849816983165, 19.337733819285397], [-99.27964788968184, 19.337629119697507], [-99.28031393974207, 19.33735154922188], [-99.28115625014017, 19.337434079400882], [-99.28105878041552, 19.337006509683402], [-99.28005423023114, 19.33624794957354], [-99.28021064966939, 19.335232018980822], [-99.28183706004222, 19.335553689777484], [-99.2838149796094, 19.33660371926378], [-99.2844777401674, 19.336664710701513], [-99.28495154954628, 19.336472049418475], [-99.2874977088215, 19.331149259858027], [-99.28741253863582, 19.330547659903132], [-99.28669856934009, 19.329770829174084], [-99.28787568004466, 19.330223349280192], [-99.28832270867964, 19.330669769632106], [-99.28837061954687, 19.331322289988133], [-99.28765772030592, 19.333063349862297], [-99.28795991021157, 19.333478119742008], [-99.28945628889697, 19.33209962064704], [-99.29126433927944, 19.329157259030048], [-99.29135951946826, 19.32844734024527], [-99.2907824493823, 19.32664887997981], [-99.29165406001029, 19.325034949588108], [-99.29174124928487, 19.32420794008559], [-99.2914254191968, 19.32274037904006], [-99.29043683028753, 19.32201057980857], [-99.29057247994382, 19.32145481965017], [-99.29238984862309, 19.32097810976367], [-99.29314347968973, 19.32053104980775], [-99.29356377973848, 19.319879999599365], [-99.29375954036972, 19.318831489972066], [-99.29437651000197, 19.317415909912814], [-99.29457576860591, 19.317005690033913], [-99.2948462898486, 19.316918770022667], [-99.29546754912425, 19.317563709496962], [-99.29612481924327, 19.3171983789657], [-99.29646135011446, 19.31722940062629], [-99.29640143017457, 19.318111479788477], [-99.29673968973356, 19.31863406047831], [-99.29815910869009, 19.31918546029187], [-99.29869182933214, 19.319939509472544], [-99.29907845990428, 19.321187420500678], [-99.29961491889391, 19.321507109497105], [-99.30016782006388, 19.32230097927489], [-99.30052944998256, 19.32225407913135], [-99.300668429784, 19.320213019015437], [-99.30105437977362, 19.319660339600787], [-99.30124951984808, 19.31871621955721], [-99.30169046037845, 19.318594799449816], [-99.30180542987844, 19.318304649184224], [-99.30125882018262, 19.317712649311286], [-99.30113799990119, 19.316907349762804], [-99.30003684974761, 19.31397281965157], [-99.30049017966832, 19.312453109811408], [-99.30109009009446, 19.312207249543327], [-99.30129002008455, 19.309509479354862], [-99.3017121102502, 19.309511829555152], [-99.30330177977156, 19.31114404970088], [-99.3042908503336, 19.309421119364934], [-99.30502868014169, 19.309063519300086], [-99.30590771021411, 19.307247149458284], [-99.30637285032509, 19.307239379408475], [-99.3070200904516, 19.30796831960772], [-99.30735901990319, 19.307871169407345], [-99.30739137022461, 19.306888519530208], [-99.3078466198249, 19.305747349356846], [-99.30879197992527, 19.30509614972951], [-99.30941935022673, 19.30545668985032], [-99.3094218598315, 19.30677902928359], [-99.31015382998555, 19.307578519530978], [-99.31041699992456, 19.30745602957766], [-99.31074874964065, 19.306760629748283], [-99.31157185962306, 19.306805139492983], [-99.31222881960166, 19.30555091904505], [-99.3119727203739, 19.30433934966775], [-99.31209509005767, 19.30416881952883], [-99.31309512004769, 19.30408867933157], [-99.31360437010197, 19.30359254902775], [-99.313884650417, 19.303068459629504], [-99.31398887953537, 19.301440579520868], [-99.31514315012735, 19.301286079434476], [-99.31640807982963, 19.300054429138633], [-99.3158933499462, 19.299173509617226], [-99.31716016962886, 19.29581648972655], [-99.31695475007642, 19.294647259441533], [-99.31712268973811, 19.293403939085493], [-99.31655752040089, 19.29087773961743], [-99.31573506024513, 19.289903059364338], [-99.31619814981693, 19.287699249653226], [-99.31658005985172, 19.287182109714], [-99.31667386011652, 19.286136379578277], [-99.31624959967503, 19.28439628961282], [-99.315817349745, 19.28371004912984], [-99.31572929021443, 19.282199319641414], [-99.31627149020068, 19.27976801969872], [-99.31670159978157, 19.27930508978497], [-99.3173835795337, 19.27487070929993], [-99.31878457004662, 19.273224939779237], [-99.32364317020884, 19.265086658979875], [-99.32351965996426, 19.25074287954728], [-99.324228260086, 19.238337879393793], [-99.32432029031501, 19.232609799602905], [-99.32671960042015, 19.232565569593195], [-99.3308214800447, 19.23793528937848], [-99.34234097007992, 19.24112239900528], [-99.34206867955749, 19.24753919907797], [-99.3398572301564, 19.259652909612512], [-99.33762984982772, 19.26403996939373], [-99.33915988957408, 19.267697149193964], [-99.34093897996556, 19.267797799144404], [-99.3430596599735, 19.268547659335947], [-99.34468660009932, 19.269475229416376], [-99.3458457099305, 19.270806749692625], [-99.34629681964691, 19.27202211926514], [-99.34751250959972, 19.273026719271925], [-99.34821370987437, 19.273960949487012], [-99.36192190993866, 19.275741859807308], [-99.36492420018863, 19.277769249635732], [-99.35358134954791, 19.291934309106114], [-99.35453603025269, 19.29328801926838], [-99.3534716004278, 19.293383919832905], [-99.35241382016224, 19.293994139195604], [-99.35149208980702, 19.29415237929827], [-99.35125586037547, 19.294966149095707], [-99.35292381961838, 19.29604739921041], [-99.35349777991381, 19.297401849256588], [-99.34998526044373, 19.296837179280864], [-99.35627425000013, 19.302014519780588], [-99.35660784976525, 19.306675799298134], [-99.33384207972111, 19.33059039911968], [-99.3323069500979, 19.333518109175657], [-99.33164334010954, 19.33663214980626], [-99.3316882302997, 19.33779353945456], [-99.33119036994094, 19.338792219262988], [-99.33115195001001, 19.339775629257822], [-99.33066636958644, 19.340063219824824], [-99.33033048949021, 19.34098722984452], [-99.32972743011433, 19.34162245917636], [-99.328272259571, 19.34520242961672], [-99.32888131980043, 19.345624349446005], [-99.32844728964895, 19.34681922932866], [-99.32869654001742, 19.347896629407835], [-99.32832688005053, 19.34948733972763], [-99.3288515485904, 19.3503562193926], [-99.32864611023207, 19.35138153942041], [-99.32882422989232, 19.35210464906646], [-99.32848442041818, 19.353092379296385], [-99.32770464959982, 19.35363633978111], [-99.32766804971622, 19.354043378996014], [-99.32743134000845, 19.354133680593154], [-99.32639199931089, 19.35367163009648], [-99.32376351014972, 19.35795258018649], [-99.32328581912002, 19.358337659210697], [-99.3222190898909, 19.35866091038801], [-99.3207522793106, 19.358198710312752], [-99.320108279598, 19.357715049200994], [-99.31915221934246, 19.35762814896223], [-99.31813401867926, 19.3581564191956], [-99.32069895008388, 19.36044379900689], [-99.3195427796903, 19.363618049424], [-99.3181182492686, 19.364156460460286], [-99.31804948958491, 19.364820889372453], [-99.31760763023216, 19.36572951960955], [-99.3168615498921, 19.366306519478627], [-99.31538974988366, 19.365888349180633], [-99.31452837971288, 19.36724056898859], [-99.3138084496591, 19.36930110976795], [-99.31308764957416, 19.370448739303328], [-99.31070688999682, 19.370407659312338], [-99.30928074898947, 19.371584830647084], [-99.3077648594835, 19.371561169047897], [-99.30612691970063, 19.373599939691175], [-99.3050052603467, 19.37683342958598], [-99.30348343015704, 19.377830029427592], [-99.30130905005079, 19.377083829304333], [-99.30193844962537, 19.375756919698567], [-99.30155717012723, 19.37492433951539], [-99.30096314025633, 19.37176924940507], [-99.30088665971466, 19.370618079279737], [-99.30123156991016, 19.36970044948939], [-99.29901977958811, 19.36751525917688], [-99.29843844901474, 19.368879770532228], [-99.29791713913978, 19.369324949105582], [-99.29747256915064, 19.36941399973128], [-99.2955872902034, 19.36907728990815], [-99.29477134032533, 19.369864679846096], [-99.29388936984255, 19.370147249093932], [-99.29323322036517, 19.371917369340558], [-99.29205519975044, 19.37328359905246], [-99.29117572012076, 19.373487199358262], [-99.29061394013594, 19.37502253918706], [-99.28864450992926, 19.37511462030548], [-99.28805248021197, 19.37578956911548], [-99.28766791999755, 19.376682169671426], [-99.28569702965365, 19.376439109855884], [-99.28566863030409, 19.37763110981953], [-99.28507189026374, 19.377999180669054], [-99.28504401973377, 19.379050859004902], [-99.28446051931545, 19.379760940409835], [-99.28381128911211, 19.379667969479858], [-99.28283047968394, 19.381404000640252], [-99.28177287895105, 19.381476139286818], [-99.28003511330276, 19.38226821806676], [-99.2791210889813, 19.383228789740865], [-99.27604301890541, 19.38558221897437], [-99.27606936880802, 19.3851921202869], [-99.27368511021535, 19.38703671955878], [-99.27321496924661, 19.387586860250146], [-99.27277575005303, 19.389379939358232], [-99.27243249024116, 19.389678419608785], [-99.26956951944516, 19.390383819703597], [-99.269477449106, 19.39136231009113], [-99.26831204986334, 19.39213485976339], [-99.26815929340493, 19.392449087536342], [-99.26735861638176, 19.39233087724012], [-99.26710368639283, 19.39207100034229], [-99.2659895688234, 19.392738136454458], [-99.26600031424027, 19.393195318087518], [-99.26510968608598, 19.39319481547898], [-99.26510210143688, 19.39372718125549], [-99.26469642473252, 19.393800869340268], [-99.26450459701118, 19.39418269153539], [-99.2617179328716, 19.395988935436943], [-99.26155529789764, 19.397010474398638], [-99.26127152966947, 19.397403705505123], [-99.26145576932186, 19.39850450872941], [-99.26114022006243, 19.39964729020204], [-99.2598705098497, 19.400540059923348], [-99.25907417034207, 19.40146278023601], [-99.2592257787857, 19.401765030386038], [-99.25882539973901, 19.40374890937618], [-99.25813004977802, 19.404763480517847], [-99.25771364945241, 19.4047413175361]]]}}, {"type": "Feature", "properties": {"CVEGEO": "09005", "CVE_ENT": "09", "NOMGEO": "Ciudad de México", "CVE_MUN": "005", "NOMMUN": "Gustavo A. Madero", "cov_": 275, "cov_id": 276}, "geometry": {"type": "Polygon", "coordinates": [[[-99.12370608972205, 19.59275727920722], [-99.11946222020694, 19.591991979448014], [-99.11788785024075, 19.590592308987212], [-99.11859756968965, 19.584461719400355], [-99.11690614038702, 19.581444599307368], [-99.11466171977683, 19.579796309550183], [-99.11296557013969, 19.5737416789767], [-99.11181804958021, 19.568726920466215], [-99.10809722039802, 19.56488848994673], [-99.11571862955276, 19.55666026066296], [-99.11562145993155, 19.554039620491046], [-99.11848011860036, 19.552185220009513], [-99.12103573914912, 19.54913194999313], [-99.12273297034243, 19.545443710241127], [-99.12421391023722, 19.544027279562105], [-99.12598179983246, 19.541640508968094], [-99.128146420328, 19.539391479657787], [-99.13057459966139, 19.53609128915275], [-99.12736766041745, 19.535083909502248], [-99.12737791022636, 19.53171066073242], [-99.12818363006625, 19.52588128985167], [-99.12800457885548, 19.524531119979084], [-99.12738434965753, 19.524067600203292], [-99.12589848961258, 19.521208179432595], [-99.12527637972173, 19.520499939807895], [-99.12101471944688, 19.516291649637772], [-99.11688191964024, 19.51323688924727], [-99.11592876940155, 19.513051769591595], [-99.11440710953639, 19.511060819818642], [-99.11058930895919, 19.51117314020595], [-99.11023187877011, 19.511041549562407], [-99.10989788915734, 19.51045844967446], [-99.10943307954952, 19.510311969534587], [-99.10897408959497, 19.51111034959147], [-99.10864562968955, 19.51049127922743], [-99.10783857992924, 19.510462489614884], [-99.10763552001893, 19.51102654928788], [-99.10730429011703, 19.509684999730446], [-99.10673952005722, 19.51044504942831], [-99.10593158011143, 19.509886369417977], [-99.10551571043054, 19.510328139121913], [-99.10343071976658, 19.51128621907768], [-99.0973995200592, 19.512631249123494], [-99.07721536986986, 19.50388459959375], [-99.0638625397776, 19.49877871034225], [-99.06799134015276, 19.489083219163255], [-99.06485289014132, 19.481835969625337], [-99.06455888048137, 19.481550258982384], [-99.06327782030073, 19.48126764930723], [-99.06361037044944, 19.479969569319632], [-99.06299704982233, 19.479819319242914], [-99.06336101970847, 19.478609279637485], [-99.05086862051455, 19.450181175180578], [-99.05256431921661, 19.44842214979225], [-99.06228516863948, 19.44479051968882], [-99.06738369005501, 19.44664228967579], [-99.06859567965498, 19.446476179797717], [-99.0780981703733, 19.449747089704974], [-99.07932118023075, 19.449795429591543], [-99.08087674933721, 19.450157319849467], [-99.08715633998808, 19.44576685941098], [-99.08793483010567, 19.446856200157484], [-99.09321979985263, 19.451600229267505], [-99.09473770958452, 19.451756749428736], [-99.09969919983592, 19.44994344906182], [-99.10136629046546, 19.44994239933449], [-99.10859302110161, 19.45257422122393], [-99.10871231031004, 19.45281322958925], [-99.1089458900579, 19.45273362896396], [-99.11161523025459, 19.453706169772843], [-99.11726902017442, 19.45806702976247], [-99.12755069018725, 19.461527249603332], [-99.13333668014793, 19.46485416985783], [-99.14080726021649, 19.46535281910285], [-99.14193263040904, 19.465824369049585], [-99.14311812016275, 19.465062689678074], [-99.14318501969774, 19.466047109215815], [-99.15694976977899, 19.502717249497376], [-99.15718110990238, 19.502848888988684], [-99.16297519976203, 19.51796148930245], [-99.16996265959799, 19.522055429838208], [-99.17418229043247, 19.523465619005023], [-99.17463071016597, 19.524065029065074], [-99.17136727982354, 19.527188519342555], [-99.17536094969641, 19.53009461977484], [-99.17615357979413, 19.52887351954821], [-99.17704574038919, 19.529328479160224], [-99.17627856973893, 19.53064256972605], [-99.17601146018413, 19.532036049083995], [-99.17495412002636, 19.531878109036874], [-99.16767249018034, 19.529250769591705], [-99.1591586501154, 19.52690334944524], [-99.15882913961038, 19.52725425979971], [-99.15679812027298, 19.52809076945623], [-99.15859871970605, 19.528857859774], [-99.15584725011213, 19.53244047905862], [-99.15851348024015, 19.5339210289862], [-99.15804496964239, 19.53528899939745], [-99.15410785041284, 19.540080139674135], [-99.15108489024233, 19.54484570930426], [-99.15864577974752, 19.548320320547738], [-99.15852851995206, 19.548821089428266], [-99.15938016899003, 19.548980250037957], [-99.1592082898871, 19.54920230958544], [-99.16089999977181, 19.549260879676094], [-99.15809202002528, 19.553691420205094], [-99.1575689699286, 19.555047399874816], [-99.1580470286593, 19.556492879502386], [-99.15809551927211, 19.557351339455284], [-99.15614379889738, 19.560154450020242], [-99.15423821911436, 19.561376060401614], [-99.15333267914916, 19.561557549339714], [-99.15280870884826, 19.561964659165053], [-99.15161645003732, 19.56137825912685], [-99.15090062877384, 19.56052034937438], [-99.14918591961907, 19.562012849723637], [-99.14680482009076, 19.564635479532342], [-99.14599555033386, 19.565901289560294], [-99.14580738036791, 19.568748049451536], [-99.14476045024159, 19.570827369852275], [-99.14366518004988, 19.57218376923759], [-99.13956813953946, 19.57539504896324], [-99.1391416804151, 19.578467889795377], [-99.13790437986641, 19.58113470900177], [-99.13375974883576, 19.584888109000737], [-99.13376085008271, 19.58624362960642], [-99.12699260035825, 19.588507689370505], [-99.12370608972205, 19.59275727920722]]]}}, {"type": "Feature", "properties": {"CVEGEO": "09006", "CVE_ENT": "09", "NOMGEO": "Ciudad de México", "CVE_MUN": "006", "NOMMUN": "Iztacalco", "cov_": 286, "cov_id": 287}, "geometry": {"type": "Polygon", "coordinates": [[[-99.05590978842092, 19.422185564298246], [-99.0581328795452, 19.400719579033307], [-99.05826756865355, 19.400735849586283], [-99.05897694003474, 19.394254619819574], [-99.06084840035884, 19.382588319381036], [-99.06636556971354, 19.38353710959643], [-99.08401798024916, 19.39257214975847], [-99.08458373884088, 19.38947528041656], [-99.0865265387365, 19.390152089060894], [-99.08880136906292, 19.390382309440913], [-99.09564765009758, 19.379598879667405], [-99.11614185961604, 19.382052249742266], [-99.12247650961119, 19.382440689825753], [-99.12253391944427, 19.375699509685585], [-99.12969985969174, 19.37702913920305], [-99.13415139912755, 19.377480459467144], [-99.13548772037906, 19.37718697917414], [-99.13147713889349, 19.39555257973911], [-99.13103405867825, 19.396729229458067], [-99.13094249037505, 19.398954319312377], [-99.1371823188521, 19.399200319678688], [-99.13658764964164, 19.402811819182666], [-99.13603939957423, 19.402910829570466], [-99.1354212190091, 19.403362569610902], [-99.13052938020263, 19.40313628966166], [-99.1270641502381, 19.404067769534002], [-99.11880973960095, 19.405516919646715], [-99.11457147870361, 19.405615480408496], [-99.0980816288959, 19.40892462998691], [-99.09804342877946, 19.409137829183063], [-99.09612330886424, 19.40911607969974], [-99.08022695018116, 19.406884999678727], [-99.07824041998677, 19.407050279415756], [-99.07755167873884, 19.407688180221076], [-99.07709170881157, 19.408425096746228], [-99.07731240675746, 19.408540054016143], [-99.06992064942774, 19.41987431898759], [-99.06949545927186, 19.420252799919428], [-99.06795254876096, 19.420803179400384], [-99.05792215034613, 19.420886719474776], [-99.05682564822595, 19.42135985943396], [-99.05590978842092, 19.422185564298246]]]}}, {"type": "Feature", "properties": {"CVEGEO": "09007", "CVE_ENT": "09", "NOMGEO": "Ciudad de México", "CVE_MUN": "007", "NOMMUN": "Iztapalapa", "cov_": 276, "cov_id": 277}, "geometry": {"type": "Polygon", "coordinates": [[[-99.05826756865355, 19.400735849586283], [-99.01957205014338, 19.383256349220208], [-99.01016470986733, 19.378325197149593], [-98.99193917768865, 19.367598709405172], [-98.99175537916055, 19.36700376923894], [-98.99346759934028, 19.36038371961174], [-98.99444777911565, 19.358846110579577], [-98.99455665948258, 19.358141320262757], [-98.99146742001385, 19.35546419911], [-98.97879331979915, 19.34328927945212], [-98.97780842909906, 19.342124029369053], [-98.97547967946232, 19.338329769520424], [-98.97432514948586, 19.33702656940497], [-98.96044838638284, 19.325372156575135], [-98.96827531046027, 19.325722519113288], [-98.96896024154202, 19.32474252029066], [-98.970392650233, 19.324927599554986], [-98.97118338031036, 19.325431629161297], [-98.97532367967804, 19.325643489732485], [-98.97595639941468, 19.32494675019367], [-98.97629244884395, 19.32493839989622], [-98.97622817948485, 19.324296199370934], [-98.97651650989542, 19.324255689088098], [-98.97659050857347, 19.324947569968295], [-98.97739737970498, 19.32522537975442], [-98.97749386002715, 19.324768580410385], [-98.97804561893761, 19.324992350527246], [-98.97792659910768, 19.325285180718417], [-98.97820309021395, 19.325331079817747], [-98.97856030961228, 19.32390248950703], [-98.98019445033523, 19.32414679897553], [-98.98060733959305, 19.32465664972488], [-98.97956743033096, 19.325787029822312], [-98.97986823001693, 19.326139579139987], [-99.00135430898229, 19.32713362955963], [-99.02596114034016, 19.319338169122364], [-99.03873288995285, 19.315725829177588], [-99.03958522988607, 19.31468728971692], [-99.04044248953838, 19.315414739452162], [-99.04177960041284, 19.314416400405534], [-99.04361251941249, 19.312207740268953], [-99.0446764502856, 19.312971080179477], [-99.04493451875967, 19.31286132001763], [-99.04661773860454, 19.314876489698374], [-99.04886765908849, 19.311884019503914], [-99.0504295689721, 19.31295716915828], [-99.0522633198089, 19.310760519645143], [-99.05378259992659, 19.31185984921624], [-99.05987129002577, 19.304440649534406], [-99.06339962996077, 19.305684979353522], [-99.0647774300353, 19.301643079685114], [-99.06360301984392, 19.298673059261073], [-99.06264217038212, 19.29730399909882], [-99.06212738034104, 19.294822149783382], [-99.06156205021355, 19.294092248984025], [-99.06163166002652, 19.292663109169325], [-99.06896675040727, 19.28495584953525], [-99.0691529195752, 19.28508573936654], [-99.07218519974285, 19.287818259066743], [-99.07494110935177, 19.289698140000862], [-99.07731528010036, 19.292962909604384], [-99.07802295011827, 19.293474019636495], [-99.08037112044798, 19.29623717908887], [-99.08587527959514, 19.303190849375078], [-99.08765888025268, 19.304681859704075], [-99.08793554000226, 19.305324859495236], [-99.08977171002509, 19.3076278197621], [-99.09408894940616, 19.312868249672462], [-99.0942653997701, 19.312771519584178], [-99.09771010999405, 19.317172969277497], [-99.09868547974494, 19.318674419124402], [-99.0984887400519, 19.319038079457325], [-99.09880066018438, 19.32044814985679], [-99.09907625969683, 19.320441489052094], [-99.09929842035034, 19.321100259161263], [-99.09995388047211, 19.321919629521773], [-99.10116957000336, 19.323077449199882], [-99.10418617985898, 19.324810509451655], [-99.10572932030813, 19.326300339712418], [-99.10792921965995, 19.328726340694125], [-99.10972110976282, 19.331466660292424], [-99.11016754910729, 19.33269645986339], [-99.11215848872975, 19.334218259401435], [-99.11376391907697, 19.33692401950497], [-99.11447548869057, 19.34079048989845], [-99.11557153981603, 19.343264119603614], [-99.12024205988581, 19.35056125919856], [-99.12145358008327, 19.35392005911374], [-99.12197972741941, 19.357661806839705], [-99.13117791043818, 19.358660859757762], [-99.13212703015466, 19.35730108969985], [-99.13367423034163, 19.356551939011393], [-99.13983600039529, 19.35691759905183], [-99.13989382967418, 19.357369599302306], [-99.13542468868033, 19.377306249413927], [-99.13415139912755, 19.377480459467144], [-99.12969985969174, 19.37702913920305], [-99.12253391944427, 19.375699509685585], [-99.12247650961119, 19.382440689825753], [-99.11614185961604, 19.382052249742266], [-99.09564765009758, 19.379598879667405], [-99.08880136906292, 19.390382309440913], [-99.0865265387365, 19.390152089060894], [-99.08458373884088, 19.38947528041656], [-99.08401798024916, 19.39257214975847], [-99.06636556971354, 19.38353710959643], [-99.06084840035884, 19.382588319381036], [-99.05897694003474, 19.394254619819574], [-99.05826756865355, 19.400735849586283]]]}}, {"type": "Feature", "properties": {"CVEGEO": "09008", "CVE_ENT": "09", "NOMGEO": "Ciudad de México", "CVE_MUN": "008", "NOMMUN": "La Magdalena Contreras", "cov_": 281, "cov_id": 282}, "geometry": {"type": "Polygon", "coordinates": [[[-99.20838777921918, 19.33785130925715], [-99.2075151203473, 19.337811120652756], [-99.20867401890918, 19.335976489221636], [-99.20710601920496, 19.33654401938754], [-99.20665877968598, 19.33621838009387], [-99.20820506040779, 19.334851459428037], [-99.20936936962592, 19.333278279157394], [-99.21268765966985, 19.326922940522532], [-99.21434951904173, 19.32532139981171], [-99.22046997057966, 19.32108114031721], [-99.2212322798982, 19.320095599967434], [-99.22146710946566, 19.319300649679708], [-99.22142439887395, 19.31831973914474], [-99.22051735032667, 19.313716540638872], [-99.21992542977758, 19.312263629776805], [-99.22047179929528, 19.311322679532374], [-99.22097139906852, 19.311078619021472], [-99.22392893864455, 19.310896570172503], [-99.22493341907618, 19.31059778068734], [-99.22517073985374, 19.309957249592255], [-99.22761342960266, 19.308061479350965], [-99.22774702998751, 19.306963219497778], [-99.22866705013091, 19.306548778999165], [-99.22936221988667, 19.30647888911758], [-99.23016499990604, 19.305864050266088], [-99.23190459927538, 19.305042320496067], [-99.23233737027681, 19.302982740263705], [-99.23254747981431, 19.303000449125218], [-99.23297390970444, 19.301810119384303], [-99.23222881897173, 19.301468510111324], [-99.2329380186156, 19.300923169989808], [-99.23339710970812, 19.30081623000583], [-99.23337105923791, 19.3000778300602], [-99.23271008934658, 19.299889479510842], [-99.23284786035777, 19.299583520020132], [-99.23248291017536, 19.297876540528172], [-99.23330119945145, 19.2965951789991], [-99.23547386042749, 19.294995769924316], [-99.23609707884948, 19.295108110668235], [-99.23596852023513, 19.294456369090014], [-99.23721692000284, 19.294258720284486], [-99.2386936490247, 19.294699049624633], [-99.24037377029882, 19.29405054897619], [-99.24068085928589, 19.294200119771684], [-99.2413846196943, 19.294018490112837], [-99.2419214897131, 19.29314414901289], [-99.2415495804252, 19.292863339492314], [-99.24225214866526, 19.292904218949015], [-99.24266464941495, 19.292272799689], [-99.2429967089271, 19.29143731900084], [-99.24276159965274, 19.289360059015674], [-99.24179148918923, 19.28881987905361], [-99.24107577928756, 19.288072549251087], [-99.24080638034323, 19.286992420461647], [-99.24151481992077, 19.286449289735362], [-99.24193510893967, 19.28546497948611], [-99.24296761985613, 19.284139449133075], [-99.24285390958472, 19.283766949761922], [-99.24201571985249, 19.28326967898355], [-99.24195697005483, 19.28300856919955], [-99.24354618157065, 19.282190869318853], [-99.24364365176973, 19.28195097968192], [-99.24331748009827, 19.281438909693822], [-99.24336131829438, 19.281076910043485], [-99.24417521900327, 19.280331490287985], [-99.24491292031843, 19.280137309755876], [-99.24479819932509, 19.27912684901722], [-99.2453677803503, 19.276963949147877], [-99.2448874201502, 19.27620941981858], [-99.2444563802361, 19.276214199520453], [-99.24345877006256, 19.275649199578833], [-99.24461321952668, 19.27290231956638], [-99.24382654018686, 19.271788680325205], [-99.24346782955294, 19.269789879056027], [-99.24374328986544, 19.269351169448957], [-99.24487398030658, 19.268656569788483], [-99.2459948200642, 19.26752879951809], [-99.24597452025192, 19.266373319080362], [-99.2463761398008, 19.265824539450417], [-99.24699686021728, 19.26559547906668], [-99.24709045986482, 19.264749059111054], [-99.24563284998585, 19.26337397937106], [-99.24552835027315, 19.26293313977479], [-99.24565410987837, 19.261719689311928], [-99.24594006042813, 19.26120013900161], [-99.2462981795197, 19.26074910984288], [-99.24723653984542, 19.260277319057803], [-99.2468170295864, 19.259721309674127], [-99.24573632032812, 19.25894139987199], [-99.245094060134, 19.258946089055698], [-99.24405767955751, 19.259461319576847], [-99.24388825019682, 19.259200679076002], [-99.24389486030056, 19.25886216953558], [-99.24445263005164, 19.258164459526242], [-99.2453858302914, 19.257342109569997], [-99.2452353804259, 19.256807629794316], [-99.24481557970343, 19.25635753944914], [-99.24524666041157, 19.255252519785287], [-99.24480220026233, 19.254390999262036], [-99.24458508030101, 19.252732629335455], [-99.24521697023138, 19.251296079311416], [-99.2452858897085, 19.250272379056778], [-99.24594010977181, 19.249658739072363], [-99.2473860598985, 19.248852939784168], [-99.24760766020597, 19.24746759902121], [-99.24800768964616, 19.24673374937987], [-99.24890071017457, 19.246739079524204], [-99.24959622961366, 19.24633147971489], [-99.24982597029476, 19.245741629629535], [-99.25035096998117, 19.24569327938821], [-99.25047767967513, 19.245209049016776], [-99.25014643005588, 19.244688549091624], [-99.25100959968591, 19.243774379527903], [-99.2517685400429, 19.24243316921265], [-99.25180127969982, 19.242025079032658], [-99.25118273979372, 19.241267339009873], [-99.25099360018848, 19.240455909313475], [-99.25147235004147, 19.240072139254906], [-99.252018280101, 19.238632029187123], [-99.2528688296253, 19.237590148972895], [-99.25267565010269, 19.2360942798497], [-99.25343251997137, 19.234811619472698], [-99.25513649008383, 19.233705309792022], [-99.25609705031991, 19.232539939249296], [-99.25727102978212, 19.23247062966814], [-99.2576385702902, 19.231793829270295], [-99.25889682000096, 19.230511629415453], [-99.26093103005975, 19.229413029532708], [-99.26244935011862, 19.229126109249513], [-99.26377252029934, 19.228493849862947], [-99.26525836956985, 19.227116689835082], [-99.26650391981246, 19.226794109287418], [-99.26948692029204, 19.224488709435576], [-99.27067822971571, 19.224203019338926], [-99.27092361973628, 19.223703339495017], [-99.27174780028845, 19.223147049235717], [-99.27255418004391, 19.222138509453266], [-99.27415659997267, 19.221038889674464], [-99.2739834902123, 19.219527889853403], [-99.27420672029814, 19.218152399142443], [-99.27461599988426, 19.217518279274714], [-99.27624171954494, 19.216423079566407], [-99.27641202959343, 19.215706949421055], [-99.27734057966988, 19.214715999648696], [-99.27881490963098, 19.21407551959721], [-99.28032080026243, 19.2136495496448], [-99.28104609022866, 19.213724689581817], [-99.28239358035552, 19.21308145903397], [-99.28310022970874, 19.213055629407904], [-99.28370905997788, 19.21353950966188], [-99.28463709036137, 19.213689689563335], [-99.28539376980692, 19.213286029145983], [-99.28782356986147, 19.213122259069053], [-99.28873482976564, 19.21371656920524], [-99.28942953998451, 19.21373094947224], [-99.29143794029567, 19.214598279140496], [-99.29239357972612, 19.213825819443038], [-99.29315135016954, 19.213906659344037], [-99.29430812019037, 19.2150255693144], [-99.29494498045845, 19.215337089760535], [-99.29670582033356, 19.217763349707877], [-99.29779922982208, 19.21812185905997], [-99.29922481976695, 19.2177095790917], [-99.30026690990422, 19.21774239928509], [-99.30097454988541, 19.21819859923858], [-99.30142788029507, 19.218220779459966], [-99.30245612035888, 19.21896873914923], [-99.3057044300151, 19.22223617960666], [-99.30649162039545, 19.2224096797028], [-99.30862545020432, 19.22360964952228], [-99.30962469013144, 19.224748819734998], [-99.3104966003941, 19.225213349805276], [-99.31083356990192, 19.225169709131773], [-99.31171748032706, 19.225871219820508], [-99.31227605020588, 19.226020109737124], [-99.31297365993179, 19.225804539245424], [-99.3150565501118, 19.22689781931062], [-99.31555553976231, 19.227395349761586], [-99.3153433499937, 19.229196489725094], [-99.3212965096072, 19.23266547938665], [-99.3222548497616, 19.232647829012382], [-99.32263244982585, 19.234081089024276], [-99.32273661959499, 19.23565345939321], [-99.32299538001085, 19.235908459712807], [-99.32272982954521, 19.237511429150526], [-99.32287129042773, 19.238019109422517], [-99.32330149009522, 19.238453279478826], [-99.32316434039218, 19.23923121945769], [-99.3226691496256, 19.240306539819585], [-99.32005876996674, 19.243143379047243], [-99.3192601796399, 19.24344356960807], [-99.31872207980739, 19.243209848972906], [-99.31763653986748, 19.24449204928548], [-99.31750659963195, 19.245298399304914], [-99.3177945797547, 19.245670059129925], [-99.31756411985714, 19.24608311916718], [-99.31784797962864, 19.2471233994406], [-99.31713554964048, 19.248554259465838], [-99.31707406042474, 19.250307878970304], [-99.31644257954005, 19.25103234976062], [-99.31591682019199, 19.250915749048186], [-99.31608199968284, 19.252014949387082], [-99.31585594043167, 19.252449649865238], [-99.31593505991366, 19.252803999816305], [-99.31550611982287, 19.253306599210358], [-99.31519214988738, 19.254359019822708], [-99.3147695696551, 19.254978659464435], [-99.31547043008108, 19.25599250912708], [-99.31536288002341, 19.256358919220002], [-99.31439264976106, 19.256813479012887], [-99.31280034986665, 19.25670239968809], [-99.31226662955288, 19.257084619245067], [-99.3102031704754, 19.25727464940706], [-99.30877404986907, 19.258097629100405], [-99.30623568997576, 19.257744919691216], [-99.30529997024239, 19.25794271912934], [-99.3023703497849, 19.258928199608597], [-99.30147754963832, 19.260502889405327], [-99.30087649042335, 19.261044459552636], [-99.29977494027625, 19.260886049471946], [-99.29798354037446, 19.261453749117987], [-99.29680873999634, 19.263112149264533], [-99.29510428031759, 19.263802019452704], [-99.29423671981779, 19.264595449154317], [-99.2939870602832, 19.26527877901689], [-99.29401545042735, 19.266022709446585], [-99.2935198295909, 19.266881779119164], [-99.29274277047797, 19.267638229113047], [-99.2925787999741, 19.268308399289328], [-99.29092108039809, 19.269202029622313], [-99.28963082993465, 19.27028611984886], [-99.2875284004181, 19.270171479612003], [-99.28618959963813, 19.270680679723007], [-99.28543791982894, 19.271825979195544], [-99.28524695042479, 19.273107719592133], [-99.28494245980089, 19.273274939465583], [-99.2840493402352, 19.274591949258472], [-99.28333111969118, 19.275097019497554], [-99.2831784501109, 19.275736259072268], [-99.28374942958929, 19.27622634911167], [-99.28396543028728, 19.27696133911027], [-99.28304252036871, 19.277768689395337], [-99.28230149007715, 19.27903299924835], [-99.28150905956146, 19.2794906793577], [-99.2811398197741, 19.28061979932316], [-99.28021674035388, 19.280821079046934], [-99.27920016965506, 19.281670379055004], [-99.27822399958158, 19.2814140296674], [-99.27792942953575, 19.281702709389037], [-99.27788814978828, 19.282593259574107], [-99.2733202904303, 19.28518922906318], [-99.27616895030611, 19.289097909093083], [-99.27473440030856, 19.291328649297988], [-99.27246124964825, 19.294211079591232], [-99.27232677007233, 19.295334579444088], [-99.27185404994368, 19.296112679819785], [-99.27147259962538, 19.29917499897222], [-99.27055342966734, 19.299679799633733], [-99.26973664988601, 19.301176280368132], [-99.27038034022159, 19.301411489141763], [-99.271504079724, 19.30230911919116], [-99.2722170002789, 19.30245817974359], [-99.27042173967367, 19.304125580487156], [-99.26843025026604, 19.30511561959362], [-99.27000769010372, 19.305768829362393], [-99.27044594860931, 19.306514250038322], [-99.27110060023999, 19.307022350725177], [-99.27134165915136, 19.308256919939858], [-99.27083905005027, 19.308862910714343], [-99.27114547882923, 19.30904945907212], [-99.27005530879414, 19.3115238497485], [-99.27033959972577, 19.31180075007626], [-99.27051028954062, 19.311544650025706], [-99.2705446596924, 19.311936679243956], [-99.26953391951805, 19.313558249685986], [-99.26764724776531, 19.31420241808543], [-99.26752308951644, 19.31380128060233], [-99.26590065661895, 19.313437453394293], [-99.26451454963518, 19.31531053988486], [-99.26176884877827, 19.31768944976049], [-99.261038489091, 19.319557449639767], [-99.26037450885255, 19.32056611940054], [-99.25904251031665, 19.321815230441512], [-99.2576200200321, 19.32276254938922], [-99.25653174018936, 19.32434304913829], [-99.25591524998012, 19.325725509719977], [-99.2551757199118, 19.32655930970127], [-99.25468964955249, 19.326760259455988], [-99.25225225866004, 19.327087859737297], [-99.24995862909589, 19.327029230654247], [-99.24835027861741, 19.327795579298684], [-99.24552310917849, 19.32810999957759], [-99.24502810863605, 19.32843418013146], [-99.2442294492823, 19.328559689159864], [-99.24353612009499, 19.32846455063452], [-99.2427720790443, 19.327999229808153], [-99.2410755700831, 19.325170489525963], [-99.24032374039255, 19.324421999112296], [-99.23931728914918, 19.32467578045723], [-99.23883174993465, 19.324466580069014], [-99.23731292029623, 19.324700279045135], [-99.2364536193205, 19.325171880344335], [-99.23601367917246, 19.325898850231884], [-99.23348853932193, 19.327227510308784], [-99.23213174014741, 19.32849484943516], [-99.23120145859897, 19.329835179825352], [-99.2292898588603, 19.33051501906866], [-99.22715707899768, 19.331603799025014], [-99.2262709800897, 19.331562879132772], [-99.22420485965178, 19.33235808017616], [-99.22421569040095, 19.3327489797071], [-99.22240281983638, 19.333537030098785], [-99.22132707942384, 19.333822180465866], [-99.21913877916852, 19.333978909501138], [-99.21856290917748, 19.334391140552423], [-99.21713841958702, 19.334691749082435], [-99.21658601862711, 19.335227540019037], [-99.21556008011756, 19.335521570452926], [-99.21531131935104, 19.33610979998903], [-99.21486357915613, 19.33638775014871], [-99.21356757001736, 19.336555050666657], [-99.21234039872344, 19.33619048039138], [-99.21148241981868, 19.336197680041717], [-99.20838777921918, 19.33785130925715]]]}}, {"type": "Feature", "properties": {"CVEGEO": "09009", "CVE_ENT": "09", "NOMGEO": "Ciudad de México", "CVE_MUN": "009", "NOMMUN": "Milpa Alta", "cov_": 282, "cov_id": 283}, "geometry": {"type": "Polygon", "coordinates": [[[-98.99879556998151, 19.227688250362608], [-98.99717701954619, 19.227472569442572], [-98.99744704877962, 19.22718445957984], [-98.99746360003549, 19.226488459470378], [-98.99642859981785, 19.226190400682878], [-98.99618060012463, 19.22588876953268], [-98.99637625945799, 19.22521142992184], [-98.99579087907983, 19.225038489537855], [-98.99526390864499, 19.227514919570346], [-98.99372542019029, 19.22747045905157], [-98.99326278040459, 19.224944849400362], [-98.99123726000192, 19.224789769575665], [-98.99107357894177, 19.22559467980165], [-98.99055867894383, 19.225778349550044], [-98.97815003037213, 19.215068309556592], [-98.97495758004217, 19.214585351831502], [-98.97362139967993, 19.21408291993316], [-98.97222426035883, 19.212510909219517], [-98.97101601903601, 19.21171608044197], [-98.9683765496015, 19.210488849106454], [-98.96683775011424, 19.209006549149205], [-98.96705179964064, 19.20762859931927], [-98.9674239698435, 19.207327199212358], [-98.96718134964047, 19.207042249799738], [-98.96722874027606, 19.206251089136753], [-98.9696785696989, 19.204252909252904], [-98.96770189036631, 19.203128849506765], [-98.96702583018414, 19.19990985965713], [-98.96697869037713, 19.197921649343144], [-98.96769389035985, 19.189743079179998], [-98.9664103402488, 19.187031659416622], [-98.95984906040908, 19.179167878979953], [-98.95652174023672, 19.176635219868945], [-98.95617468008403, 19.176763059579645], [-98.95238565025457, 19.16863761922343], [-98.96736639994512, 19.164438689527], [-98.95462630989428, 19.14952434914259], [-98.9626041997954, 19.14586694897373], [-98.96645593953438, 19.143870509136217], [-98.96511271994278, 19.140414819794177], [-98.96460554998646, 19.13979701972758], [-98.9610918903921, 19.13302910933601], [-98.95750748029747, 19.12238321941526], [-98.95765602989492, 19.119631019783114], [-98.95870200006914, 19.113638509734727], [-98.95840974975283, 19.111309399837893], [-98.95895665977557, 19.10904271941272], [-98.95906350953605, 19.104277949649465], [-98.96123978044122, 19.09558317945201], [-98.96326577023056, 19.09206277939242], [-98.96572147982599, 19.085861169461744], [-98.96828358018539, 19.083140879058178], [-98.97369661984179, 19.07955316908946], [-98.97899540234243, 19.074455950161557], [-98.98359448558911, 19.07876325046649], [-99.02899368180127, 19.085368791773618], [-99.04320886424506, 19.07575546048097], [-99.05980023203549, 19.048236662319912], [-99.1069167478523, 19.07283012333456], [-99.13537901811988, 19.089296070315342], [-99.13648149240629, 19.08937799233963], [-99.14681086012261, 19.10058308952038], [-99.16329285023758, 19.11749056978537], [-99.15500931987077, 19.135309709180103], [-99.15249958000774, 19.14211807969875], [-99.1519569103233, 19.150767429084663], [-99.14960841993069, 19.16031287960655], [-99.14680388981685, 19.159944688969965], [-99.14449414970082, 19.15866544900884], [-99.14344581994455, 19.157538849764194], [-99.14228364964242, 19.15513637983022], [-99.140404319556, 19.15221325918196], [-99.13240604953032, 19.14861128949111], [-99.10573639975752, 19.197340709350133], [-99.10518183030344, 19.198273079714514], [-99.10469782911461, 19.19820551927505], [-99.10479968912794, 19.19896422066422], [-99.10224693953212, 19.20066197072141], [-99.10174594019226, 19.20480889018847], [-99.1008861188851, 19.20582465051334], [-99.10012395005963, 19.206245850514048], [-99.09992053874392, 19.207385629782532], [-99.0992125096838, 19.208147279242393], [-99.09687311003854, 19.208653859129697], [-99.09568703017119, 19.20862793905369], [-99.0950989197868, 19.209590019588276], [-99.09499599988273, 19.211074279504594], [-99.09465451019926, 19.211493019812384], [-99.0942950800474, 19.211524429165543], [-99.09318092011759, 19.21092993953302], [-99.09096536961805, 19.211019379061465], [-99.03019302996643, 19.223632849627425], [-99.00010375021354, 19.22631757986996], [-99.00312899966238, 19.227060019648686], [-99.00299060317984, 19.22757390639223], [-98.9998469098474, 19.226783920574025], [-98.99957247990304, 19.22755950992314], [-98.9990222897874, 19.22735705004184], [-98.99879556998151, 19.227688250362608]]]}}, {"type": "Feature", "properties": {"CVEGEO": "09010", "CVE_ENT": "09", "NOMGEO": "Ciudad de México", "CVE_MUN": "010", "NOMMUN": "Álvaro Obregón", "cov_": 283, "cov_id": 284}, "geometry": {"type": "Polygon", "coordinates": [[[-99.19220056144245, 19.403716060139136], [-99.19222474026532, 19.401131689009805], [-99.19061402990961, 19.399322230287556], [-99.18836419916784, 19.393633450022328], [-99.19033884982223, 19.38618877002571], [-99.19173374986795, 19.382680829835717], [-99.19162552037137, 19.377668999388167], [-99.19214060038206, 19.37340350936569], [-99.19165545968754, 19.371869629266698], [-99.19176270961417, 19.36925185929372], [-99.19076589024132, 19.36688682968295], [-99.19109309024833, 19.363489749859838], [-99.18913354032685, 19.363014199034993], [-99.18800443036336, 19.362945079183927], [-99.1870047698556, 19.362263399334093], [-99.18568492016259, 19.361724600181887], [-99.18371204979965, 19.361718059161817], [-99.18154283041495, 19.362821690462646], [-99.17979742999604, 19.363035979973475], [-99.17774192016364, 19.365141459608786], [-99.17327637985494, 19.360605060153656], [-99.17170611030825, 19.359568259251144], [-99.17299350990056, 19.356751399635083], [-99.17542745047601, 19.353984969369655], [-99.17722597996013, 19.352444089476705], [-99.17766194958067, 19.35174428951622], [-99.17993152012185, 19.34964287899427], [-99.18055474040007, 19.347235779681807], [-99.18082265983165, 19.347062119594046], [-99.18179216980961, 19.347345379331607], [-99.18249764857055, 19.346644179574362], [-99.1828748788587, 19.346584309854762], [-99.1834108002958, 19.344775419723792], [-99.18403834977835, 19.343647980040863], [-99.18477521894569, 19.343438109235894], [-99.18650511869971, 19.341932910507325], [-99.1868085702807, 19.341278180448093], [-99.18766099915035, 19.34101530907821], [-99.189161079411, 19.339722780638347], [-99.19004577897542, 19.338586580347396], [-99.19032130869739, 19.33867723068572], [-99.19024879872303, 19.337979649925302], [-99.1912357855705, 19.33687724015969], [-99.194284820474, 19.336391628991933], [-99.19805679882639, 19.33548415022041], [-99.19870965873254, 19.334963049667362], [-99.19982091878211, 19.333505379368475], [-99.19992434972797, 19.33322654008124], [-99.19693398046441, 19.33372076917692], [-99.19629468988946, 19.333631290583106], [-99.19626552007414, 19.33268441973812], [-99.19470417921625, 19.33023348942981], [-99.19498777922824, 19.321842509836333], [-99.20118464901583, 19.311953549304388], [-99.20118420392423, 19.311457860100795], [-99.20047567974805, 19.311406089889864], [-99.20024711919035, 19.31116003021044], [-99.20523873976987, 19.306301399588744], [-99.20555338429858, 19.306723379293068], [-99.20575217038251, 19.305681879779975], [-99.21330447953603, 19.307019309468966], [-99.21592284964873, 19.307881148967457], [-99.21719791034441, 19.30877253975705], [-99.21823174982885, 19.30988771939499], [-99.21966345045476, 19.311805949806683], [-99.22051735032667, 19.313716540638872], [-99.22147794916891, 19.318692380340305], [-99.2211464585545, 19.32026931026818], [-99.22046997057966, 19.32108114031721], [-99.21434951904173, 19.32532139981171], [-99.21278331993567, 19.326797029077696], [-99.20936936962592, 19.333278279157394], [-99.20820506040779, 19.334851459428037], [-99.20665877968598, 19.33621838009387], [-99.20710601920496, 19.33654401938754], [-99.20867401890918, 19.335976489221636], [-99.2075151203473, 19.337811120652756], [-99.20838777921918, 19.33785130925715], [-99.21148241981868, 19.336197680041717], [-99.21234039872344, 19.33619048039138], [-99.21356757001736, 19.336555050666657], [-99.21486357915613, 19.33638775014871], [-99.21531131935104, 19.33610979998903], [-99.21556008011756, 19.335521570452926], [-99.21658601862711, 19.335227540019037], [-99.21713841958702, 19.334691749082435], [-99.21856290917748, 19.334391140552423], [-99.21913877916852, 19.333978909501138], [-99.22132707942384, 19.333822180465866], [-99.22240281983638, 19.333537030098785], [-99.22421569040095, 19.3327489797071], [-99.22420485965178, 19.33235808017616], [-99.2262709800897, 19.331562879132772], [-99.22715707899768, 19.331603799025014], [-99.2292898588603, 19.33051501906866], [-99.23120145859897, 19.329835179825352], [-99.23213174014741, 19.32849484943516], [-99.23348853932193, 19.327227510308784], [-99.23601367917246, 19.325898850231884], [-99.2364536193205, 19.325171880344335], [-99.23731292029623, 19.324700279045135], [-99.23883174993465, 19.324466580069014], [-99.23931728914918, 19.32467578045723], [-99.24032374039255, 19.324421999112296], [-99.2410755700831, 19.325170489525963], [-99.2427720790443, 19.327999229808153], [-99.24353612009499, 19.32846455063452], [-99.2442294492823, 19.328559689159864], [-99.24502810863605, 19.32843418013146], [-99.24552310917849, 19.32810999957759], [-99.24835027861741, 19.327795579298684], [-99.24995862909589, 19.327029230654247], [-99.25398953954513, 19.326951689398154], [-99.2551757199118, 19.32655930970127], [-99.25625861966093, 19.325220849799987], [-99.25653174018936, 19.32434304913829], [-99.25752942042465, 19.322861629765008], [-99.25904251031665, 19.321815230441512], [-99.26037450885255, 19.32056611940054], [-99.261038489091, 19.319557449639767], [-99.26176884877827, 19.31768944976049], [-99.26451454963518, 19.31531053988486], [-99.26590065661895, 19.313437453394293], [-99.26752308951644, 19.31380128060233], [-99.26764724776531, 19.31420241808543], [-99.26843817034742, 19.31401000011538], [-99.26953391951805, 19.313558249685986], [-99.2705446596924, 19.311936679243956], [-99.27051028954062, 19.311544650025706], [-99.27033959972577, 19.31180075007626], [-99.27005530879414, 19.3115238497485], [-99.27114547882923, 19.30904945907212], [-99.27083905005027, 19.308862910714343], [-99.27134165915136, 19.308256919939858], [-99.27120364880734, 19.30721887989017], [-99.27044594860931, 19.306514250038322], [-99.27000769010372, 19.305768829362393], [-99.26843025026604, 19.30511561959362], [-99.27042173967367, 19.304125580487156], [-99.2722170002789, 19.30245817974359], [-99.271504079724, 19.30230911919116], [-99.27038034022159, 19.301411489141763], [-99.26973664988601, 19.301176280368132], [-99.27055342966734, 19.299679799633733], [-99.27147259962538, 19.29917499897222], [-99.27185404994368, 19.296112679819785], [-99.27232677007233, 19.295334579444088], [-99.27246124964825, 19.294211079591232], [-99.27473440030856, 19.291328649297988], [-99.27616895030611, 19.289097909093083], [-99.2733202904303, 19.28518922906318], [-99.27788814978828, 19.282593259574107], [-99.27792942953575, 19.281702709389037], [-99.27822399958158, 19.2814140296674], [-99.27920016965506, 19.281670379055004], [-99.28021674035388, 19.280821079046934], [-99.2811398197741, 19.28061979932316], [-99.28150905956146, 19.2794906793577], [-99.28230149007715, 19.27903299924835], [-99.28304252036871, 19.277768689395337], [-99.28396543028728, 19.27696133911027], [-99.28374942958929, 19.27622634911167], [-99.2831784501109, 19.275736259072268], [-99.28333111969118, 19.275097019497554], [-99.2840493402352, 19.274591949258472], [-99.28494245980089, 19.273274939465583], [-99.28524695042479, 19.273107719592133], [-99.28543791982894, 19.271825979195544], [-99.28618959963813, 19.270680679723007], [-99.2875284004181, 19.270171479612003], [-99.28963082993465, 19.27028611984886], [-99.29092108039809, 19.269202029622313], [-99.2925787999741, 19.268308399289328], [-99.29274277047797, 19.267638229113047], [-99.2935198295909, 19.266881779119164], [-99.29401545042735, 19.266022709446585], [-99.2939870602832, 19.26527877901689], [-99.29423671981779, 19.264595449154317], [-99.29510428031759, 19.263802019452704], [-99.29680873999634, 19.263112149264533], [-99.29798354037446, 19.261453749117987], [-99.29977494027625, 19.260886049471946], [-99.30087649042335, 19.261044459552636], [-99.30147754963832, 19.260502889405327], [-99.3023703497849, 19.258928199608597], [-99.30529997024239, 19.25794271912934], [-99.30623568997576, 19.257744919691216], [-99.30877404986907, 19.258097629100405], [-99.3102031704754, 19.25727464940706], [-99.31226662955288, 19.257084619245067], [-99.31280034986665, 19.25670239968809], [-99.31439264976106, 19.256813479012887], [-99.31536288002341, 19.256358919220002], [-99.31547043008108, 19.25599250912708], [-99.3147695696551, 19.254978659464435], [-99.31519214988738, 19.254359019822708], [-99.31550611982287, 19.253306599210358], [-99.31593505991366, 19.252803999816305], [-99.31585594043167, 19.252449649865238], [-99.31608199968284, 19.252014949387082], [-99.31591682019199, 19.250915749048186], [-99.31644257954005, 19.25103234976062], [-99.31707406042474, 19.250307878970304], [-99.31713554964048, 19.248554259465838], [-99.31784797962864, 19.2471233994406], [-99.31756411985714, 19.24608311916718], [-99.3177945797547, 19.245670059129925], [-99.31750659963195, 19.245298399304914], [-99.31763653986748, 19.24449204928548], [-99.31872207980739, 19.243209848972906], [-99.3192601796399, 19.24344356960807], [-99.32005876996674, 19.243143379047243], [-99.3226691496256, 19.240306539819585], [-99.32331448966296, 19.23855491928261], [-99.32272982954521, 19.237511429150526], [-99.32299538001085, 19.235908459712807], [-99.32273661959499, 19.23565345939321], [-99.32263244982585, 19.234081089024276], [-99.3222548497616, 19.232647829012382], [-99.32432029031501, 19.232609799602905], [-99.324228260086, 19.238337879393793], [-99.32351965996426, 19.25074287954728], [-99.32364317020884, 19.265086658979875], [-99.31878457004662, 19.273224939779237], [-99.3173835795337, 19.27487070929993], [-99.31670159978157, 19.27930508978497], [-99.31627149020068, 19.27976801969872], [-99.31572929021443, 19.282199319641414], [-99.315817349745, 19.28371004912984], [-99.31624959967503, 19.28439628961282], [-99.31667386011652, 19.286136379578277], [-99.31658005985172, 19.287182109714], [-99.31619814981693, 19.287699249653226], [-99.31573506024513, 19.289903059364338], [-99.31655752040089, 19.29087773961743], [-99.31712268973811, 19.293403939085493], [-99.31695475007642, 19.294647259441533], [-99.31716016962886, 19.29581648972655], [-99.3158933499462, 19.299173509617226], [-99.31640807982963, 19.300054429138633], [-99.31514315012735, 19.301286079434476], [-99.31398887953537, 19.301440579520868], [-99.313884650417, 19.303068459629504], [-99.31360437010197, 19.30359254902775], [-99.31309512004769, 19.30408867933157], [-99.31209509005767, 19.30416881952883], [-99.3119727203739, 19.30433934966775], [-99.31222881960166, 19.30555091904505], [-99.31157185962306, 19.306805139492983], [-99.31074874964065, 19.306760629748283], [-99.31041699992456, 19.30745602957766], [-99.31015382998555, 19.307578519530978], [-99.3094218598315, 19.30677902928359], [-99.30941935022673, 19.30545668985032], [-99.30879197992527, 19.30509614972951], [-99.3078466198249, 19.305747349356846], [-99.30739137022461, 19.306888519530208], [-99.30735901990319, 19.307871169407345], [-99.3070200904516, 19.30796831960772], [-99.30637285032509, 19.307239379408475], [-99.30590771021411, 19.307247149458284], [-99.30502868014169, 19.309063519300086], [-99.3042908503336, 19.309421119364934], [-99.30330177977156, 19.31114404970088], [-99.3017121102502, 19.309511829555152], [-99.30129002008455, 19.309509479354862], [-99.30109009009446, 19.312207249543327], [-99.30049017966832, 19.312453109811408], [-99.30003684974761, 19.31397281965157], [-99.30113799990119, 19.316907349762804], [-99.30125882018262, 19.317712649311286], [-99.30180542987844, 19.318304649184224], [-99.30169046037845, 19.318594799449816], [-99.30124951984808, 19.31871621955721], [-99.30105437977362, 19.319660339600787], [-99.300668429784, 19.320213019015437], [-99.30052944998256, 19.32225407913135], [-99.30016782006388, 19.32230097927489], [-99.29961491889391, 19.321507109497105], [-99.29907845990428, 19.321187420500678], [-99.29869182933214, 19.319939509472544], [-99.29815910869009, 19.31918546029187], [-99.29673968973356, 19.31863406047831], [-99.29640143017457, 19.318111479788477], [-99.29646135011446, 19.31722940062629], [-99.29612481924327, 19.3171983789657], [-99.29546754912425, 19.317563709496962], [-99.2948462898486, 19.316918770022667], [-99.29457576860591, 19.317005690033913], [-99.29437651000197, 19.317415909912814], [-99.29375954036972, 19.318831489972066], [-99.29356377973848, 19.319879999599365], [-99.29314347968973, 19.32053104980775], [-99.29238984862309, 19.32097810976367], [-99.29057247994382, 19.32145481965017], [-99.29043683028753, 19.32201057980857], [-99.2914254191968, 19.32274037904006], [-99.29174124928487, 19.32420794008559], [-99.29165406001029, 19.325034949588108], [-99.2907824493823, 19.32664887997981], [-99.29135951946826, 19.32844734024527], [-99.29126433927944, 19.329157259030048], [-99.28945628889697, 19.33209962064704], [-99.28795991021157, 19.333478119742008], [-99.28765772030592, 19.333063349862297], [-99.28837061954687, 19.331322289988133], [-99.28832270867964, 19.330669769632106], [-99.28787568004466, 19.330223349280192], [-99.28669856934009, 19.329770829174084], [-99.28741253863582, 19.330547659903132], [-99.2874977088215, 19.331149259858027], [-99.28495154954628, 19.336472049418475], [-99.2844777401674, 19.336664710701513], [-99.2838149796094, 19.33660371926378], [-99.28183706004222, 19.335553689777484], [-99.28021064966939, 19.335232018980822], [-99.28005423023114, 19.33624794957354], [-99.28105878041552, 19.337006509683402], [-99.28115625014017, 19.337434079400882], [-99.28031393974207, 19.33735154922188], [-99.27964788968184, 19.337629119697507], [-99.27849816983165, 19.337733819285397], [-99.27069637047207, 19.341166089417452], [-99.26948768958219, 19.342014679793067], [-99.26841696973679, 19.34188973897918], [-99.26677552031178, 19.34407473944679], [-99.26587476955858, 19.344079849550415], [-99.2655625800732, 19.34449717945962], [-99.2649768596349, 19.344676799474684], [-99.26484348047241, 19.345207029679994], [-99.26424192039605, 19.345309569533157], [-99.26414585993959, 19.345959579481214], [-99.2634307495243, 19.346151749562882], [-99.26306092044909, 19.346841289235467], [-99.26224313953523, 19.346702659752218], [-99.25899750901506, 19.348059170106506], [-99.25907095031582, 19.348219149681952], [-99.25967187954711, 19.347974259053263], [-99.26032813923257, 19.34806602921402], [-99.26113190985846, 19.347829939531064], [-99.26057023020095, 19.348209449399498], [-99.25979832019642, 19.348332859298164], [-99.2592275797414, 19.349060939693832], [-99.25820657958953, 19.349759939119803], [-99.25835089017282, 19.350067220253823], [-99.25908713959637, 19.349966279299778], [-99.25933077954394, 19.350174679374927], [-99.25924858041276, 19.351774549329274], [-99.26125985031763, 19.361044399505936], [-99.26282668041549, 19.362131049598485], [-99.26683310878988, 19.363545280153446], [-99.266452890119, 19.364690079222836], [-99.26672310905344, 19.36780871025048], [-99.2650749492001, 19.371745649986234], [-99.26549194872199, 19.372037169254504], [-99.2660735394187, 19.37162531960968], [-99.26719719873965, 19.369346080517232], [-99.26791551953534, 19.36878750907803], [-99.26843377901719, 19.36871316905478], [-99.26910864916306, 19.369063850490765], [-99.26827490987182, 19.370420429639363], [-99.26837995036897, 19.371808830159747], [-99.26977801968306, 19.37144435016077], [-99.27015665007079, 19.372503379822152], [-99.26997725990726, 19.373137970171914], [-99.26890956877975, 19.373556169719595], [-99.26757710920138, 19.373372319889043], [-99.26649017015289, 19.374411979704792], [-99.26325705939193, 19.374956379747566], [-99.2613534898612, 19.375840659386512], [-99.25690916989765, 19.379613059084956], [-99.25003401916732, 19.384035799371322], [-99.24599852021674, 19.387230279254243], [-99.2449975697682, 19.387385819290866], [-99.24319811978602, 19.386918459263555], [-99.24210905047045, 19.387354619854886], [-99.23967265013701, 19.389136710055578], [-99.23902176933686, 19.390727940496696], [-99.23900662940457, 19.39247337926365], [-99.23880750947342, 19.3928242493818], [-99.23784260046, 19.393491259639777], [-99.23603951962221, 19.39356246058734], [-99.23257682022461, 19.39490351017804], [-99.23106687951146, 19.39489863055361], [-99.22734514027827, 19.395795849414426], [-99.22499053867865, 19.395632739656325], [-99.22357876891802, 19.395852720172705], [-99.21485610876732, 19.398705709473788], [-99.2126740894109, 19.39976488044637], [-99.21051002016627, 19.400424710534107], [-99.20190161934353, 19.401556179502002], [-99.19806871924938, 19.403003659877648], [-99.19220056144245, 19.403716060139136]]]}}, {"type": "Feature", "properties": {"CVEGEO": "09011", "CVE_ENT": "09", "NOMGEO": "Ciudad de México", "CVE_MUN": "011", "NOMMUN": "Tláhuac", "cov_": 285, "cov_id": 286}, "geometry": {"type": "Polygon", "coordinates": [[[-99.0013537254317, 19.327133602571728], [-98.97986823001693, 19.326139579139987], [-98.97956743033096, 19.325787029822312], [-98.98060733959305, 19.32465664972488], [-98.98019445033523, 19.32414679897553], [-98.97856030961228, 19.32390248950703], [-98.97820309021395, 19.325331079817747], [-98.97792659910768, 19.325285180718417], [-98.97804561893761, 19.324992350527246], [-98.97749386002715, 19.324768580410385], [-98.97739737970498, 19.32522537975442], [-98.97659050857347, 19.324947569968295], [-98.97651650989542, 19.324255689088098], [-98.97622817948485, 19.324296199370934], [-98.97629244884395, 19.32493839989622], [-98.97595639941468, 19.32494675019367], [-98.97532367967804, 19.325643489732485], [-98.97118338031036, 19.325431629161297], [-98.970392650233, 19.324927599554986], [-98.96896024154202, 19.32474252029066], [-98.96827531046027, 19.325722519113288], [-98.96044838638284, 19.325372156575135], [-98.95790262944975, 19.323227620018393], [-98.96296582912794, 19.316727380354887], [-98.96439331030777, 19.30793468965772], [-98.96477606035722, 19.30688077005836], [-98.965386770168, 19.306335919990985], [-98.9662764302929, 19.305962489709326], [-98.96722392389736, 19.30596933503016], [-98.971430879782, 19.278366689620054], [-98.97491757015472, 19.259490519098485], [-98.97653062971331, 19.253125379294342], [-98.96598687958004, 19.249940999515818], [-98.96858650973675, 19.232217949482518], [-98.94030282041498, 19.22323964982504], [-98.9425532204117, 19.215614859194236], [-98.9510855403347, 19.218183709479405], [-98.95239244964363, 19.216246418962655], [-98.95327515040418, 19.215495968986453], [-98.95289467957015, 19.21526993976774], [-98.9536717491499, 19.2154416203885], [-98.95394833996578, 19.214645849489653], [-98.95746127882921, 19.21513553907072], [-98.9600301688809, 19.21441316951422], [-98.95974488998705, 19.213870859287535], [-98.9626940500735, 19.214142629130983], [-98.96353534963148, 19.21304425929122], [-98.96431157023332, 19.213239249248428], [-98.96715678031028, 19.211645419320057], [-98.96782928041864, 19.210705829661222], [-98.96852791961626, 19.2105710800407], [-98.97149777927567, 19.211971550644463], [-98.97242856877045, 19.212695419107806], [-98.97362139967993, 19.21408291993316], [-98.9743495386686, 19.21444314042545], [-98.97815003037213, 19.215068309556592], [-98.99055867894383, 19.225778349550044], [-98.99107357894175, 19.22559467980165], [-98.99123726000192, 19.224789769575665], [-98.99326278040456, 19.224944849400362], [-98.99372542019029, 19.22747045905157], [-98.99526390864499, 19.227514919570346], [-98.9957908790798, 19.225038489537855], [-98.99637625945797, 19.225211429921853], [-98.99618060012463, 19.22588876953268], [-98.9964285998178, 19.226190400682878], [-98.99746360003546, 19.226488459470378], [-98.9974470487796, 19.22718445957984], [-98.99717701954616, 19.227472569442572], [-98.99886393861821, 19.227704739661906], [-98.99902228978736, 19.227357050041867], [-98.99957247990304, 19.22755950992314], [-98.99984690984736, 19.226783920574025], [-99.00299060317984, 19.22757390639223], [-99.00312899966238, 19.227060019648686], [-99.0001037502135, 19.22631757986996], [-99.0301930299664, 19.223632849627425], [-99.01820401934587, 19.237676336511566], [-99.01773491971576, 19.238540859047532], [-99.0154898301697, 19.24085697988234], [-99.01430314980742, 19.24363665899526], [-99.01391691871352, 19.245111149596728], [-99.01256527891533, 19.244734030597474], [-99.01247531929216, 19.245014290206733], [-99.01270941945633, 19.245142520467073], [-99.01229602936696, 19.246513879228523], [-99.01119137923735, 19.24605278035253], [-99.01107241925465, 19.24672204965297], [-99.01051079954846, 19.247072459068555], [-99.00980424925417, 19.24826454938924], [-99.00888290915664, 19.250675090597188], [-99.00826497910815, 19.250727999491343], [-99.00794691979735, 19.250546030747376], [-99.00768954035382, 19.251023919591532], [-99.00750554990618, 19.250779139744484], [-99.00704477013704, 19.251605879906407], [-99.01069338029043, 19.25534167915849], [-99.01169831946426, 19.256011118974225], [-99.01177172022061, 19.256660110717455], [-99.01283404929917, 19.25794708025027], [-99.01651511880274, 19.259955449635633], [-99.0197425800943, 19.261150740736277], [-99.02075239904211, 19.260957119677762], [-99.02584222903086, 19.262205180273824], [-99.02603977027005, 19.261943650107508], [-99.02685950958109, 19.261760769660302], [-99.02789588888362, 19.26222227967465], [-99.0298203196344, 19.262595549230227], [-99.03043045028681, 19.263144000079933], [-99.03053587998882, 19.264168460618166], [-99.03106591960255, 19.264932539181185], [-99.03464394974782, 19.26874516911497], [-99.03594369039432, 19.270636598992965], [-99.03731944909914, 19.271705739718573], [-99.03858946024226, 19.272132249036748], [-99.04145143004666, 19.273780509275536], [-99.04828697030038, 19.275978229827693], [-99.0505672596911, 19.27750347967091], [-99.05449832040061, 19.279367149441605], [-99.05760034014476, 19.279628879171504], [-99.06437017986241, 19.281992769442436], [-99.06896675040727, 19.28495584953525], [-99.06163166002652, 19.292663109169325], [-99.06156205021355, 19.294092248984025], [-99.06212738034104, 19.294822149783382], [-99.06264217038212, 19.29730399909882], [-99.06360301984392, 19.298673059261073], [-99.0647774300353, 19.301643079685114], [-99.06339962996077, 19.305684979353522], [-99.05987129002577, 19.304440649534406], [-99.05378259992659, 19.31185984921624], [-99.0522633198089, 19.310760519645143], [-99.0504295689721, 19.31295716915828], [-99.04886765908849, 19.311884019503914], [-99.04661773860454, 19.314876489698374], [-99.04493451875967, 19.31286132001763], [-99.0446764502856, 19.312971080179477], [-99.04361251941249, 19.312207740268953], [-99.04177960041284, 19.314416400405534], [-99.04044248953838, 19.315414739452162], [-99.03958522988607, 19.31468728971692], [-99.03873288995285, 19.315725829177588], [-99.02596114034016, 19.319338169122364], [-99.0013537254317, 19.327133602571728]]]}}, {"type": "Feature", "properties": {"CVEGEO": "09012", "CVE_ENT": "09", "NOMGEO": "Ciudad de México", "CVE_MUN": "012", "NOMMUN": "Tlalpan", "cov_": 288, "cov_id": 289}, "geometry": {"type": "Polygon", "coordinates": [[[-99.21992542977758, 19.312263629776805], [-99.21779546013524, 19.309352909171686], [-99.21655919958563, 19.308277048957315], [-99.21539465031012, 19.307621089611285], [-99.21330447953603, 19.307019309468966], [-99.20222934966893, 19.30496068909339], [-99.19628608036338, 19.302278169826113], [-99.19345113980295, 19.30204841924943], [-99.18234903005805, 19.303279539594172], [-99.17928753969225, 19.303440349563708], [-99.17713259157999, 19.303315632218336], [-99.16555995043225, 19.30174602022841], [-99.16199940021119, 19.301222819288775], [-99.16024424954396, 19.300566019398808], [-99.15841827986337, 19.29913290981136], [-99.15666453989458, 19.296836829855344], [-99.15162094982134, 19.298006419247432], [-99.14741007956277, 19.301286419791367], [-99.14712798041694, 19.300964079525556], [-99.14524521968738, 19.300621279620753], [-99.14261622884449, 19.299606349770038], [-99.13472471869957, 19.308293979556563], [-99.1229741398196, 19.303286950460947], [-99.11680778014362, 19.301420249210803], [-99.10920742045238, 19.29961825910725], [-99.10092922239828, 19.3000204125655], [-99.10136373979898, 19.29520005981383], [-99.1050220499463, 19.29351713976017], [-99.1249252199192, 19.285241179342744], [-99.13510704996504, 19.28246144926163], [-99.13788542968663, 19.282206459257512], [-99.14105595018515, 19.282528600018], [-99.14208791886912, 19.273944630275498], [-99.14113867861322, 19.273730089218837], [-99.14118813928489, 19.273534550280495], [-99.14213927873298, 19.27069294982817], [-99.14279607881332, 19.27050366007609], [-99.14336773972207, 19.269470510271706], [-99.14394619945405, 19.269540539280765], [-99.14492142981521, 19.26744682979314], [-99.14322336891331, 19.26723222020315], [-99.14333103043265, 19.266521979791285], [-99.14240313989022, 19.266624889855187], [-99.14249891963289, 19.264376949837427], [-99.14211018008683, 19.261846969413764], [-99.14243433966682, 19.26095633937116], [-99.14236667958667, 19.260234459692562], [-99.14178885041568, 19.259295459703377], [-99.14094429016622, 19.258771949769628], [-99.14017288971448, 19.2578624195136], [-99.14025029007108, 19.257475569109424], [-99.14080080013119, 19.256999689079723], [-99.14053637975518, 19.25652567950078], [-99.14000901969021, 19.25623197976357], [-99.1393946603006, 19.25469327913615], [-99.13969238017005, 19.25335941965691], [-99.14018968017733, 19.25259344964688], [-99.14015616967063, 19.25190102982605], [-99.14048395034133, 19.251285049772793], [-99.14125464953848, 19.250647659696355], [-99.1416910897113, 19.24975108948874], [-99.14172563001917, 19.24899519986299], [-99.14156318033291, 19.248690909554522], [-99.14036375034347, 19.247981339446863], [-99.13939587964627, 19.246361319263258], [-99.1389215088373, 19.245966338985642], [-99.140384090428, 19.243594720119706], [-99.14200542910591, 19.243644339094757], [-99.1423314590837, 19.24415903034277], [-99.14425539877256, 19.244740260224216], [-99.14401148900494, 19.23968448895261], [-99.14612032019055, 19.239328979336214], [-99.14668319922903, 19.240336779913598], [-99.147519830309, 19.240259219607147], [-99.14445253907371, 19.234524859468372], [-99.14633094977387, 19.234201259554585], [-99.14787674045125, 19.234557249338817], [-99.14840247911513, 19.234977649098294], [-99.14795571008048, 19.23606744952654], [-99.14823411964142, 19.23630845963946], [-99.14838985944468, 19.235775340035207], [-99.1487070903284, 19.23566497965604], [-99.14954156990706, 19.234681149124214], [-99.14930665925247, 19.23426845953346], [-99.1494650599939, 19.234031879584393], [-99.15038693979504, 19.234233549058636], [-99.15049213954522, 19.234671119523263], [-99.15068317000944, 19.234688859235675], [-99.15047679963783, 19.23341382904342], [-99.15060363031279, 19.232560659341814], [-99.15174007924995, 19.2308097503796], [-99.15186031031159, 19.230068319035613], [-99.15237527982576, 19.22927666005367], [-99.15298425893691, 19.22664990996127], [-99.15337848959075, 19.22598182918439], [-99.15273733994063, 19.224837709410995], [-99.15119047954992, 19.224405519317823], [-99.15115021958125, 19.223407969726114], [-99.15131472043487, 19.2232079389959], [-99.15161989041681, 19.223352619820677], [-99.15206379983753, 19.22129585941799], [-99.15248051995724, 19.22053382958426], [-99.15293442004068, 19.22058087899961], [-99.15351936885934, 19.221806250074778], [-99.1543948600235, 19.22063927925089], [-99.13831586033619, 19.215728249102458], [-99.13282147998582, 19.209979340540457], [-99.13277014966755, 19.208334819810993], [-99.13232025004577, 19.207700090386883], [-99.13252239884393, 19.20700916915453], [-99.13243119898456, 19.206479050727495], [-99.13148511867323, 19.205428199235456], [-99.13092417026861, 19.20420460015834], [-99.1300833397552, 19.203846319419164], [-99.13030239863708, 19.20317554977061], [-99.12931314986956, 19.203003120392403], [-99.12954002959592, 19.20038211015143], [-99.12909287994597, 19.199441180040495], [-99.12950983002743, 19.198407659891487], [-99.12926961954152, 19.198126879131646], [-99.12954108963561, 19.19765528957514], [-99.12950591952395, 19.197270999720704], [-99.1304506596729, 19.19620547966476], [-99.12994356999438, 19.195357079813736], [-99.1300782604697, 19.194513739143684], [-99.13049114995098, 19.194012539483975], [-99.13077500035648, 19.192940309227335], [-99.13059827975552, 19.192291719767184], [-99.1306727198832, 19.19131490940904], [-99.13000300040217, 19.190733429361572], [-99.12993514036062, 19.19029750958223], [-99.12756965955433, 19.18829127921972], [-99.12707612019852, 19.18726617927237], [-99.1274859103903, 19.186407349260463], [-99.12837366046084, 19.18560937981214], [-99.1289704598971, 19.184651539765994], [-99.12942954032758, 19.184547139295592], [-99.13010123034785, 19.18393374961285], [-99.13033464980377, 19.182552649752875], [-99.13104845019289, 19.18180744929637], [-99.13239455016026, 19.17853221918681], [-99.13229565967863, 19.1774676498561], [-99.13250219995227, 19.17666933916766], [-99.13206374009022, 19.175120089017106], [-99.12995054984117, 19.172246019480173], [-99.13046184991178, 19.17185528936714], [-99.13054317974117, 19.171393649032513], [-99.13017421975071, 19.16822047955141], [-99.13031476974982, 19.16590605974568], [-99.1306414295344, 19.164900419205924], [-99.13165034045288, 19.16318554901793], [-99.13269488972725, 19.160134429164053], [-99.13289483022483, 19.157727519342817], [-99.13279534979782, 19.15488077949386], [-99.13246784989387, 19.153989649752823], [-99.13250884983397, 19.15302634963653], [-99.13165814989976, 19.152634509305607], [-99.13024432024741, 19.15254416938493], [-99.13240604953032, 19.14861128949111], [-99.140404319556, 19.15221325918196], [-99.14228364964242, 19.15513637983022], [-99.14344581994455, 19.157538849764194], [-99.14449414970082, 19.15866544900884], [-99.14680388981685, 19.159944688969965], [-99.14960841993069, 19.16031287960655], [-99.1519569103233, 19.150767429084663], [-99.15249958000774, 19.14211807969875], [-99.15500931987077, 19.135309709180103], [-99.16329285023758, 19.11749056978537], [-99.14681086012261, 19.10058308952038], [-99.13648149240629, 19.08937799233963], [-99.22677778040723, 19.09606000292295], [-99.27869521923604, 19.13170172197144], [-99.28760525047426, 19.146600568992096], [-99.29311505994997, 19.165299079453845], [-99.29559684983519, 19.172882799510734], [-99.3001831198775, 19.184578509842435], [-99.30133143000333, 19.188417419440036], [-99.30276265033868, 19.19085508941561], [-99.30468651038267, 19.20264534952467], [-99.30613062980703, 19.206143739765814], [-99.30713553981356, 19.213728459085925], [-99.3081331399152, 19.2143689093792], [-99.31624974976091, 19.221501679235466], [-99.31555553976233, 19.227395349761586], [-99.31505655011182, 19.22689781931062], [-99.31297365993179, 19.225804539245424], [-99.31227605020588, 19.226020109737124], [-99.31143953980012, 19.22573679941181], [-99.31083356990192, 19.225169709131773], [-99.3104966003941, 19.225213349805276], [-99.30962469013136, 19.224748819735048], [-99.30862545020432, 19.22360964952228], [-99.30649162039546, 19.2224096797028], [-99.30570443001513, 19.22223617960666], [-99.30245612035888, 19.21896873914923], [-99.3014278802951, 19.218220779459966], [-99.30097454988542, 19.21819859923858], [-99.30026690990422, 19.21774239928509], [-99.29922481976698, 19.21770957909174], [-99.29779922982208, 19.21812185905997], [-99.2967058203336, 19.217763349707877], [-99.29494498045845, 19.215337089760535], [-99.29430812019037, 19.2150255693144], [-99.29315135016955, 19.213906659344037], [-99.29239357972612, 19.213825819443038], [-99.29143794029567, 19.214598279140496], [-99.28942953998451, 19.21373094947224], [-99.28873482976564, 19.21371656920524], [-99.28782356986147, 19.213122259069053], [-99.28539376980692, 19.213286029145973], [-99.28463709036137, 19.213689689563335], [-99.28370905997788, 19.21353950966188], [-99.28310022970874, 19.213055629407904], [-99.28239358035552, 19.21308145903397], [-99.28134008962, 19.21364682898791], [-99.28032080026243, 19.2136495496448], [-99.27820972043017, 19.214278649446694], [-99.27718880038064, 19.21483839951403], [-99.2763589395766, 19.215794919355847], [-99.27624171954494, 19.216423079566407], [-99.27461599988419, 19.217518279274714], [-99.27420672029815, 19.218152399142443], [-99.2739834902123, 19.219527889853403], [-99.27415659997268, 19.22103888967449], [-99.27255418004391, 19.222138509453266], [-99.27174780028847, 19.223147049235696], [-99.27092361973632, 19.223703339495017], [-99.27067822971573, 19.22420301933898], [-99.26948692029204, 19.224488709435544], [-99.26650391981246, 19.226794109287418], [-99.26525836956985, 19.227116689835064], [-99.26377252029934, 19.228493849862947], [-99.26244935011864, 19.229126109249478], [-99.26093103005975, 19.229413029532683], [-99.25889682000097, 19.230511629415453], [-99.25763857029011, 19.231793829270295], [-99.25727102978212, 19.23247062966814], [-99.25609705031994, 19.232539939249282], [-99.25513649008383, 19.233705309792022], [-99.25343251997137, 19.234811619472698], [-99.25267565010269, 19.2360942798497], [-99.25286882962533, 19.237590148972895], [-99.252018280101, 19.238632029187123], [-99.2514723500415, 19.240072139254906], [-99.25099360018848, 19.240455909313475], [-99.25118273979372, 19.241267339009873], [-99.25180127969986, 19.242025079032658], [-99.25176854004295, 19.24243316921265], [-99.25100959968593, 19.243774379527903], [-99.2501464300558, 19.244688549091624], [-99.25047767967513, 19.245209049016776], [-99.25035096998118, 19.24569327938818], [-99.24982597029478, 19.245741629629535], [-99.24959622961366, 19.24633147971489], [-99.24890071017461, 19.246739079524204], [-99.24800768964616, 19.24673374937987], [-99.24760766020597, 19.24746759902121], [-99.2473860598985, 19.248852939784168], [-99.24594010977172, 19.249658739072302], [-99.24528588970853, 19.250272379056778], [-99.24521697023141, 19.251296079311416], [-99.24458508030101, 19.252732629335455], [-99.24480220026234, 19.254390999262025], [-99.24524666041157, 19.255252519785287], [-99.24481557970343, 19.25635753944914], [-99.24523538042591, 19.256807629794316], [-99.2453858302914, 19.257342109569997], [-99.24445263005165, 19.258164459526242], [-99.24389486030056, 19.25886216953558], [-99.24388825019682, 19.259200679076002], [-99.24405767955751, 19.259461319576847], [-99.245094060134, 19.258946089055698], [-99.24573632032812, 19.25894139987199], [-99.2468170295864, 19.259721309674127], [-99.24723653984542, 19.260277319057803], [-99.24629817951971, 19.26074910984288], [-99.24594006042813, 19.26120013900161], [-99.24565410987837, 19.261719689311928], [-99.24552835027315, 19.26293313977479], [-99.24563284998585, 19.26337397937106], [-99.24709045986484, 19.264749059111054], [-99.24699686021728, 19.26559547906668], [-99.2463761398008, 19.265824539450417], [-99.24597452025192, 19.266373319080362], [-99.24599482006421, 19.26752879951809], [-99.2448739803066, 19.268656569788483], [-99.24374328986544, 19.269351169448957], [-99.24346782955296, 19.269789879056027], [-99.24382654018686, 19.271788680325205], [-99.24461321952668, 19.27290231956637], [-99.24345877006256, 19.275649199578833], [-99.2444563802361, 19.276214199520453], [-99.2448874201502, 19.27620941981858], [-99.2453677803503, 19.276963949147877], [-99.24479819932513, 19.27912684901723], [-99.24491292031843, 19.280137309755876], [-99.24417521900328, 19.280331490287985], [-99.24336131829438, 19.281076910043485], [-99.24331748009828, 19.281438909693822], [-99.24364365176973, 19.28195097968192], [-99.24354618157068, 19.282190869318853], [-99.24195697005483, 19.2830085691996], [-99.24201571985249, 19.28326967898355], [-99.24285390958474, 19.2837669497619], [-99.24296761985613, 19.284139449133075], [-99.24193510893967, 19.28546497948611], [-99.24151481992077, 19.286449289735362], [-99.24080638034317, 19.286992420461647], [-99.24107577928756, 19.288072549251087], [-99.24179148918923, 19.28881987905361], [-99.24276159965274, 19.289360059015674], [-99.2429967089271, 19.291437319000927], [-99.24266464941495, 19.292272799689], [-99.24225214866526, 19.292904218949015], [-99.2415495804252, 19.292863339492314], [-99.24192148971312, 19.29314414901289], [-99.2413846196943, 19.294018490112837], [-99.24068085928589, 19.294200119771684], [-99.24037377029885, 19.29405054897619], [-99.23869364902471, 19.294699049624633], [-99.23721692000288, 19.294258720284486], [-99.23596852023515, 19.294456369090025], [-99.23609707884948, 19.295108110668235], [-99.2354738604275, 19.2949957699243], [-99.23330119945145, 19.2965951789991], [-99.23248291017538, 19.297876540528172], [-99.23284786035777, 19.299583520020132], [-99.23271008934661, 19.299889479510842], [-99.23337105923791, 19.3000778300602], [-99.23339710970812, 19.30081623000583], [-99.2329380186156, 19.300923169989808], [-99.23222881897175, 19.301468510111324], [-99.23297390970444, 19.301810119384303], [-99.23254747981431, 19.303000449125218], [-99.23233737027682, 19.302982740263705], [-99.2319045992754, 19.305042320496014], [-99.23016499990608, 19.305864050266088], [-99.22936221988667, 19.30647888911758], [-99.22866705013092, 19.306548778999165], [-99.22774702998751, 19.306963219497845], [-99.22761342960266, 19.308061479350965], [-99.22517073985374, 19.309957249592255], [-99.2249334190762, 19.310597780687353], [-99.22392893864455, 19.310896570172503], [-99.22070782926632, 19.31112981982101], [-99.21992542977758, 19.312263629776805]]]}}, {"type": "Feature", "properties": {"CVEGEO": "09013", "CVE_ENT": "09", "NOMGEO": "Ciudad de México", "CVE_MUN": "013", "NOMMUN": "Xochimilco", "cov_": 279, "cov_id": 280}, "geometry": {"type": "Polygon", "coordinates": [[[-99.09880066018438, 19.32044814985679], [-99.0984887400519, 19.319038079457325], [-99.09870974024716, 19.318794919678826], [-99.09844261976976, 19.318272658986597], [-99.0942653997701, 19.312771519584178], [-99.09408894940616, 19.312868249672462], [-99.08977171002509, 19.3076278197621], [-99.08793554000226, 19.305324859495236], [-99.08765888025268, 19.304681859704075], [-99.08615791974593, 19.303504429491245], [-99.08458517972949, 19.30166290919249], [-99.08037112044798, 19.29623717908887], [-99.07802295011827, 19.293474019636495], [-99.07731528010036, 19.292962909604384], [-99.07494110935177, 19.289698140000862], [-99.07218519974285, 19.287818259066743], [-99.06831062009019, 19.28443925917151], [-99.06437017986241, 19.281992769442436], [-99.05760034014476, 19.279628879171504], [-99.05449832040061, 19.279367149441605], [-99.0505672596911, 19.27750347967091], [-99.04828697030038, 19.275978229827693], [-99.04145143004666, 19.273780509275536], [-99.03858946024226, 19.272132249036748], [-99.03731944909914, 19.271705739718573], [-99.03594369039432, 19.270636598992965], [-99.03464394974782, 19.26874516911497], [-99.03106591960255, 19.264932539181185], [-99.03053587998882, 19.264168460618166], [-99.03043045028681, 19.263144000079933], [-99.0298203196344, 19.262595549230227], [-99.02789588888362, 19.26222227967465], [-99.02685950958109, 19.261760769660302], [-99.02603977027005, 19.261943650107508], [-99.02584222903086, 19.262205180273824], [-99.02075239904211, 19.260957119677762], [-99.0197425800943, 19.261150740736277], [-99.01651511880274, 19.259955449635633], [-99.01283404929917, 19.25794708025027], [-99.01177172022061, 19.256660110717455], [-99.01169831946426, 19.256011118974225], [-99.01069338029043, 19.25534167915849], [-99.00704477013704, 19.251605879906407], [-99.00750554990618, 19.250779139744484], [-99.00768954035382, 19.251023919591532], [-99.00794691979735, 19.250546030747376], [-99.00826497910815, 19.250727999491343], [-99.00888290915664, 19.250675090597188], [-99.00980424925417, 19.24826454938924], [-99.01051079954846, 19.247072459068555], [-99.01107241925465, 19.24672204965297], [-99.01119137923735, 19.24605278035253], [-99.01229602936696, 19.246513879228523], [-99.01270941945633, 19.245142520467073], [-99.01247531929216, 19.245014290206733], [-99.01256527891533, 19.244734030597474], [-99.01391691871352, 19.245111149596728], [-99.01430314980742, 19.24363665899526], [-99.0154898301697, 19.24085697988234], [-99.01773491971576, 19.238540859047532], [-99.01820401934587, 19.237676336511566], [-99.0301930299664, 19.223632849627425], [-99.09096536961802, 19.211019379061504], [-99.09318092011759, 19.21092993953302], [-99.09456087980554, 19.211538709285513], [-99.09497578008623, 19.21115116919173], [-99.0950989197868, 19.209590019588276], [-99.09568703017119, 19.20862793905369], [-99.0968731100386, 19.208653859129743], [-99.09926941965034, 19.20810514947632], [-99.099976020176, 19.207267049165743], [-99.10012395005963, 19.206245850514048], [-99.10088611888507, 19.20582465051334], [-99.10174594019226, 19.20480889018847], [-99.10224693953208, 19.20066197072141], [-99.10479968912793, 19.19896422066422], [-99.10469782911461, 19.198205519275078], [-99.10518183030344, 19.198273079714514], [-99.1057363997575, 19.197340709350158], [-99.13024432024741, 19.15254416938493], [-99.13165814989975, 19.152634509305607], [-99.13260025976648, 19.153219659547165], [-99.13246784989387, 19.153989649752823], [-99.13279534979782, 19.15488077949386], [-99.13289483022483, 19.157727519342817], [-99.13269488972725, 19.160134429164053], [-99.13165034045288, 19.163185549017914], [-99.13064142953436, 19.164900419205924], [-99.13031476974982, 19.16590605974568], [-99.13017421975071, 19.16822047955141], [-99.13054317974117, 19.171393649032513], [-99.13046184991177, 19.17185528936714], [-99.12994939976198, 19.172360279251972], [-99.13206374009022, 19.175120089017106], [-99.13250219995227, 19.17666933916766], [-99.13229565967863, 19.1774676498561], [-99.13239455016026, 19.17853221918681], [-99.13104845019288, 19.18180744929637], [-99.13033464980377, 19.182552649752875], [-99.13010123034785, 19.18393374961285], [-99.12942954032758, 19.184547139295592], [-99.1289704598971, 19.184651539765994], [-99.1283736604608, 19.18560937981214], [-99.12748591039028, 19.186407349260463], [-99.12707612019852, 19.18726617927237], [-99.12756965955433, 19.18829127921972], [-99.12993514036059, 19.19029750958223], [-99.13000300040217, 19.190733429361575], [-99.1306727198832, 19.19131490940904], [-99.13059827975562, 19.192291719767184], [-99.13077500035648, 19.192940309227335], [-99.13049114995098, 19.194012539483975], [-99.1300782604697, 19.194513739143684], [-99.12994356999432, 19.195357079813736], [-99.1304506596729, 19.19620547966476], [-99.12950591952395, 19.197270999720704], [-99.12954108963561, 19.197655289575177], [-99.12926961954152, 19.198126879131646], [-99.12950983002739, 19.198407659891487], [-99.12909287994596, 19.199441180040406], [-99.1295400295959, 19.20038211015144], [-99.12931314986956, 19.203003120392403], [-99.13030239863706, 19.20317554977061], [-99.1300833397552, 19.203846319419192], [-99.1309241702686, 19.20420460015834], [-99.13148511867323, 19.205428199235456], [-99.13243119898456, 19.206479050727495], [-99.13252239884393, 19.20700916915453], [-99.13232025004572, 19.207700090386883], [-99.13277014966755, 19.208334819810993], [-99.13282147998581, 19.209979340540457], [-99.13831586033618, 19.215728249102416], [-99.1543948600236, 19.220639279250925], [-99.15351936885934, 19.221806250074778], [-99.15293442004064, 19.22058087899961], [-99.15248051995724, 19.22053382958426], [-99.15206379983753, 19.22129585941799], [-99.15161989041681, 19.223352619820677], [-99.15131472043484, 19.2232079389959], [-99.15115021958125, 19.223407969726114], [-99.15119047954992, 19.224405519317823], [-99.15273733994063, 19.224837709410995], [-99.15337848959075, 19.22598182918439], [-99.1529842589369, 19.22664990996127], [-99.15237527982585, 19.22927666005368], [-99.15186031031159, 19.230068319035613], [-99.15174007924995, 19.2308097503796], [-99.15060363031277, 19.232560659341814], [-99.15047679963794, 19.233413829043435], [-99.15068317000944, 19.234688859235646], [-99.15049213954522, 19.234671119523263], [-99.15038693979503, 19.234233549058676], [-99.14946505999389, 19.23403187958437], [-99.14930665925247, 19.23426845953346], [-99.14954156990706, 19.234681149124214], [-99.14870709032836, 19.23566497965604], [-99.14838985944466, 19.235775340035207], [-99.14823411964142, 19.23630845963946], [-99.14795571008048, 19.23606744952654], [-99.14840247911512, 19.234977649098294], [-99.14787674045125, 19.234557249338817], [-99.14633094977387, 19.234201259554585], [-99.14445253907371, 19.234524859468372], [-99.14751983030898, 19.24025921960714], [-99.14668319922903, 19.240336779913598], [-99.14612032019055, 19.239328979336214], [-99.14401148900494, 19.23968448895261], [-99.14425539877266, 19.244740260224216], [-99.1423314590837, 19.24415903034277], [-99.14200542910591, 19.243644339094757], [-99.14038409042796, 19.243594720119706], [-99.1389215088373, 19.245966338985642], [-99.13939587964627, 19.246361319263258], [-99.14036375034345, 19.247981339446863], [-99.14156318033291, 19.248690909554522], [-99.14172563001917, 19.24899519986299], [-99.1416910897113, 19.24975108948874], [-99.14125464953848, 19.250647659696355], [-99.14048395034132, 19.251285049772772], [-99.14015616967063, 19.25190102982605], [-99.14018968017731, 19.25259344964688], [-99.13969238017005, 19.25335941965691], [-99.1393946603006, 19.25469327913615], [-99.14000901969017, 19.25623197976356], [-99.14053637975518, 19.25652567950078], [-99.14080080013117, 19.256999689079723], [-99.14025029007108, 19.257475569109424], [-99.14017288971448, 19.2578624195136], [-99.14094429016622, 19.258771949769628], [-99.14178885041568, 19.259295459703377], [-99.14236667958666, 19.260234459692562], [-99.1424343396668, 19.26095633937116], [-99.14211018008683, 19.261846969413764], [-99.14249891963289, 19.264376949837427], [-99.1424031398902, 19.266624889855215], [-99.14333103043275, 19.266521979791285], [-99.14322336891331, 19.26723222020319], [-99.14492142981521, 19.26744682979314], [-99.14394619945405, 19.269540539280765], [-99.14336773972205, 19.269470510271706], [-99.14279607881332, 19.27050366007609], [-99.14213927873298, 19.27069294982817], [-99.14118813928489, 19.273534550280495], [-99.1411386786132, 19.273730089218837], [-99.14208791886912, 19.273944630275512], [-99.14105595018515, 19.282528600018], [-99.13788542968663, 19.282206459257512], [-99.135107049965, 19.28246144926163], [-99.1249252199192, 19.285241179342744], [-99.10136373979898, 19.29520005981383], [-99.09929451977696, 19.32044953955346], [-99.09880066018438, 19.32044814985679]]]}}, {"type": "Feature", "properties": {"CVEGEO": "09014", "CVE_ENT": "09", "NOMGEO": "Ciudad de México", "CVE_MUN": "014", "NOMMUN": "Benito Juárez", "cov_": 284, "cov_id": 285}, "geometry": {"type": "Polygon", "coordinates": [[[-99.14680862976628, 19.40398113970252], [-99.1374061504047, 19.403463539576858], [-99.1370348004846, 19.40295819919167], [-99.13658764964164, 19.402811819182666], [-99.1371823188521, 19.399200319678688], [-99.13094249037505, 19.398954319312377], [-99.13103405867825, 19.396729229458067], [-99.13143171839947, 19.39574565899378], [-99.13267409035235, 19.39018650944702], [-99.13989382967418, 19.357369599302306], [-99.13983600039529, 19.35691759905183], [-99.16978176154879, 19.358659895358876], [-99.17055735003424, 19.35888842086167], [-99.17308222011329, 19.36042750917382], [-99.17774192016364, 19.365141459608786], [-99.17979742999604, 19.363035979973475], [-99.18154283041495, 19.362821690462646], [-99.18371204979965, 19.361718059161817], [-99.18568492016259, 19.361724600181887], [-99.1870047698556, 19.362263399334093], [-99.18800443036336, 19.362945079183927], [-99.18913354032685, 19.363014199034993], [-99.19109309024833, 19.363489749859838], [-99.19076589024132, 19.36688682968295], [-99.19176270961417, 19.36925185929372], [-99.19165545968754, 19.371869629266698], [-99.19214060038206, 19.37340350936569], [-99.19162552037137, 19.377668999388167], [-99.19173374986795, 19.382680829835717], [-99.19033884982223, 19.38618877002571], [-99.1884132502045, 19.393230149659658], [-99.18841437041384, 19.394018279015697], [-99.1890551697167, 19.39559033905102], [-99.1863760202035, 19.395648599910327], [-99.18409705979646, 19.39615741944149], [-99.18210124992052, 19.396961399342576], [-99.17890317027755, 19.39736902914749], [-99.17553236971487, 19.398094109487623], [-99.17043551970119, 19.399789799119198], [-99.16754282994098, 19.400483479094383], [-99.1632472801938, 19.402101179801114], [-99.15695685016836, 19.40398295014044], [-99.14680862976628, 19.40398113970252]]]}}, {"type": "Feature", "properties": {"CVEGEO": "09015", "CVE_ENT": "09", "NOMGEO": "Ciudad de México", "CVE_MUN": "015", "NOMMUN": "Cuauhtémoc", "cov_": 277, "cov_id": 278}, "geometry": {"type": "Polygon", "coordinates": [[[-99.141740420268, 19.465815939648294], [-99.14080726021649, 19.46535281910285], [-99.13333668014793, 19.46485416985783], [-99.12755069018725, 19.461527249603332], [-99.12224155572692, 19.459782036143075], [-99.12333157992698, 19.458154338971745], [-99.12442274028946, 19.453335689097848], [-99.12548128980166, 19.450204309579803], [-99.12588903005005, 19.448186949387424], [-99.12586658034176, 19.44740491935241], [-99.12307885520032, 19.442495246966132], [-99.12600614935154, 19.422872659020914], [-99.12713928963743, 19.42037805968925], [-99.12819967527672, 19.413759972596893], [-99.12716797041182, 19.409011089586723], [-99.12674047907309, 19.40882267909055], [-99.12654319966538, 19.40826134982536], [-99.1256984598711, 19.404330679645604], [-99.13031099790078, 19.40316487910719], [-99.1354212190091, 19.403362569610902], [-99.13644191964487, 19.40281064921166], [-99.1370348004846, 19.40295819919167], [-99.137344060205, 19.403438199800046], [-99.13764101971634, 19.403479569774156], [-99.14762371992566, 19.404014509270908], [-99.15632922973177, 19.404063279508488], [-99.1617711501446, 19.402574818962453], [-99.16754282994098, 19.400483479094383], [-99.17043551970119, 19.399789799119198], [-99.17037430972525, 19.40033177976657], [-99.17107853966796, 19.40349716934687], [-99.18430391009578, 19.407826979066694], [-99.18293893999542, 19.4103770597616], [-99.180501920197, 19.41414485975808], [-99.17776610955673, 19.419285819124212], [-99.17654908992543, 19.420453859820135], [-99.17566136955452, 19.422596149713982], [-99.17529054994932, 19.422694429006064], [-99.1750550197714, 19.423042799752967], [-99.17567814002517, 19.423338459241382], [-99.17763621962501, 19.42359568953431], [-99.16848654985812, 19.43815201950191], [-99.16578098019434, 19.443648680363374], [-99.16433062041612, 19.44998468061782], [-99.16382291956837, 19.455816849938998], [-99.16308165036556, 19.459062919539857], [-99.16257091036414, 19.45977181983188], [-99.16086584982979, 19.461188679321747], [-99.15954890977278, 19.46332445942636], [-99.1586507098876, 19.463924949062346], [-99.15731129040785, 19.46405464901515], [-99.1534722002769, 19.463270999508413], [-99.1503139999175, 19.462960119495527], [-99.14524475024668, 19.46431568911617], [-99.14311812016275, 19.465062689678074], [-99.14237039963112, 19.465648819256682], [-99.141740420268, 19.465815939648294]]]}}, {"type": "Feature", "properties": {"CVEGEO": "09016", "CVE_ENT": "09", "NOMGEO": "Ciudad de México", "CVE_MUN": "016", "NOMMUN": "Miguel Hidalgo", "cov_": 290, "cov_id": 291}, "geometry": {"type": "Polygon", "coordinates": [[[-99.20084345551888, 19.473352359873754], [-99.19044424553533, 19.47045899496308], [-99.1907311104426, 19.46467144973237], [-99.18800023014947, 19.46381461945871], [-99.18848325024925, 19.460777259416705], [-99.18538771981459, 19.460014049517415], [-99.16371277008561, 19.456434769739186], [-99.16433062041612, 19.44998468061782], [-99.16578098019434, 19.443648680363374], [-99.16848654985812, 19.43815201950191], [-99.17763621962501, 19.42359568953431], [-99.17567814002517, 19.423338459241382], [-99.1750550197714, 19.423042799752967], [-99.17529054994932, 19.422694429006064], [-99.17566136955452, 19.422596149713982], [-99.17654908992543, 19.420453859820135], [-99.17776610955673, 19.419285819124212], [-99.180501920197, 19.41414485975808], [-99.18293893999542, 19.4103770597616], [-99.18430391009578, 19.407826979066694], [-99.17107853966796, 19.40349716934687], [-99.17037430972525, 19.40033177976657], [-99.17043551970119, 19.399789799119198], [-99.17553236971487, 19.398094109487623], [-99.17890317027755, 19.39736902914749], [-99.18210124992052, 19.396961399342576], [-99.18409705979646, 19.39615741944149], [-99.1863760202035, 19.395648599910327], [-99.1890551697167, 19.39559033905102], [-99.19061402990961, 19.399322230287556], [-99.19222474026532, 19.401131689009805], [-99.1922013992003, 19.40374303017852], [-99.19761364892784, 19.403091200185376], [-99.20190161934353, 19.401556179502002], [-99.21051002016627, 19.400424710534107], [-99.2126740894109, 19.39976488044637], [-99.21485610876732, 19.398705709473788], [-99.22357876891802, 19.395852720172705], [-99.22499053867865, 19.395632739656325], [-99.22734514027827, 19.395795849414426], [-99.23106687951146, 19.39489863055361], [-99.23257682022461, 19.39490351017804], [-99.23603951962221, 19.39356246058734], [-99.23784260046, 19.393491259639777], [-99.23892126046631, 19.392674419189614], [-99.23902176933686, 19.390727940496696], [-99.2395158298426, 19.38937973943676], [-99.23992905039331, 19.388864059276216], [-99.24267897024573, 19.38703517898552], [-99.24319811978602, 19.386918459263555], [-99.2454773703064, 19.387394379131287], [-99.2462384587427, 19.387085149250876], [-99.24765262041069, 19.38595701931662], [-99.24833069044153, 19.387685109569272], [-99.2485270899952, 19.390409368989907], [-99.24781261967671, 19.391862179601706], [-99.24695413941872, 19.39266070956477], [-99.24673614018796, 19.393543429360015], [-99.24703580032549, 19.3941819091424], [-99.24799077023825, 19.394272309242815], [-99.2492516198348, 19.393426379315112], [-99.25062545965905, 19.393695319328057], [-99.25147590954317, 19.393460819572322], [-99.25255668042722, 19.393524879247035], [-99.25288466035312, 19.393572219499752], [-99.25392655043318, 19.394681549442193], [-99.2547542501024, 19.395216749571645], [-99.254928230387, 19.394963459249507], [-99.25435774990692, 19.39414651905151], [-99.25483967958577, 19.393707399653263], [-99.2559604902557, 19.39340181977392], [-99.25667223035742, 19.392865249148603], [-99.25837581959188, 19.39270551961748], [-99.25879443026767, 19.39242599910034], [-99.2592758801399, 19.392648449701333], [-99.25966028927533, 19.394131289503488], [-99.25956577010926, 19.39439223012937], [-99.2563542892479, 19.396513860004575], [-99.25568354907976, 19.3972627101285], [-99.2552506503809, 19.39867577899718], [-99.25540497994723, 19.400363079141336], [-99.25522788863445, 19.401513049034346], [-99.25537631872001, 19.402575909177713], [-99.2558079100716, 19.40357241905466], [-99.2543467495961, 19.404863109279013], [-99.25333660033837, 19.405094519636396], [-99.25283890988962, 19.40573911985092], [-99.25094168037951, 19.406416429717584], [-99.25007140044185, 19.407232549553488], [-99.24941361994202, 19.407519749146868], [-99.24831196962201, 19.4086485796684], [-99.24422597027154, 19.409941579661705], [-99.24370019956451, 19.410526679791676], [-99.24083026018978, 19.411918319647143], [-99.23991184987531, 19.41219367928588], [-99.23840035038432, 19.41200729016062], [-99.23730470980841, 19.412359619618044], [-99.2369148901816, 19.412706600204654], [-99.23544720004256, 19.415435799286545], [-99.23462717021823, 19.415970919489954], [-99.23425257947952, 19.416688449678027], [-99.23389268900847, 19.416767849457017], [-99.23361252039405, 19.416584880089182], [-99.23306016916032, 19.41838766022001], [-99.23297404959624, 19.419395029573945], [-99.2324664199293, 19.4194205196269], [-99.23235681919992, 19.419792750201296], [-99.23181711914548, 19.41999048033081], [-99.2315591185719, 19.420736880168633], [-99.23106065979583, 19.42097949000137], [-99.2308434585982, 19.42170688975321], [-99.23009822894548, 19.42182570925691], [-99.22938353906693, 19.422204539171034], [-99.22845679893283, 19.42341910938347], [-99.2278752296186, 19.423603800200173], [-99.22772897967891, 19.42418297919476], [-99.22701716948936, 19.424319579905383], [-99.22546287960019, 19.426587320363108], [-99.22446754883504, 19.427080049408907], [-99.2228036487657, 19.426367520240454], [-99.22232828963669, 19.426945620306995], [-99.22337833982134, 19.429505059483077], [-99.22681802869756, 19.43133824898733], [-99.22617134932354, 19.433965340458577], [-99.22743032040066, 19.434944719374247], [-99.22728396983777, 19.43586741948988], [-99.22804968648624, 19.436197935563285], [-99.22816037141321, 19.436045957586572], [-99.22869512892424, 19.436711516596098], [-99.22854176868218, 19.436809983635204], [-99.22962747903804, 19.4373746633632], [-99.22058282039812, 19.44367531896377], [-99.21813294974514, 19.444111830285024], [-99.21953616953601, 19.445017199739294], [-99.22014872020462, 19.446116349741427], [-99.21997277961785, 19.45288013905843], [-99.21852259962125, 19.45305408928859], [-99.21736482027038, 19.453671109031767], [-99.21528512000688, 19.456223858991628], [-99.21424792000559, 19.458558819778734], [-99.21393934994812, 19.460405849660933], [-99.21263148959275, 19.46245134978878], [-99.21354442967548, 19.462918999006725], [-99.2121483995332, 19.467113909582377], [-99.21172882041918, 19.467137859010833], [-99.21153665985474, 19.467993349760306], [-99.21096068003153, 19.46826750910521], [-99.20991204964442, 19.46938161937936], [-99.20886265022716, 19.470082319516763], [-99.20717364967523, 19.469568119358755], [-99.2068249696748, 19.47121507983672], [-99.204967199843, 19.472192259087098], [-99.20084345551888, 19.473352359873754]]]}}, {"type": "Feature", "properties": {"CVEGEO": "09017", "CVE_ENT": "09", "NOMGEO": "Ciudad de México", "CVE_MUN": "017", "NOMMUN": "Venustiano Carranza", "cov_": 278, "cov_id": 279}, "geometry": {"type": "Polygon", "coordinates": [[[-99.12217715028366, 19.459751918964937], [-99.11714884952505, 19.457999819469745], [-99.11177513972318, 19.45378127902239], [-99.1089458900579, 19.45273362896396], [-99.1088912896507, 19.452878549724137], [-99.10854257825287, 19.452750818350047], [-99.10859302110161, 19.45257422122393], [-99.10136629046546, 19.44994239933449], [-99.09969919983592, 19.44994344906182], [-99.09473770958452, 19.451756749428736], [-99.09321979985263, 19.451600229267505], [-99.08793483010567, 19.446856200157484], [-99.08715633998808, 19.44576685941098], [-99.08087674933721, 19.450157319849467], [-99.07932118023075, 19.449795429591543], [-99.0780981703733, 19.449747089704974], [-99.06859567965498, 19.446476179797717], [-99.06738369005501, 19.44664228967579], [-99.06228516863948, 19.44479051968882], [-99.05256431921661, 19.44842214979225], [-99.05086862051455, 19.450181175180578], [-99.04714077947357, 19.44313091961359], [-99.04645906621587, 19.44236456138675], [-99.04820907978308, 19.43963710914919], [-99.05056204979616, 19.43472325942853], [-99.05519643023385, 19.424273369240133], [-99.05578649038655, 19.42214108997296], [-99.0560453200711, 19.42223445071946], [-99.05682564822595, 19.42135985943396], [-99.05792215034613, 19.420886719474776], [-99.06795254876096, 19.420803179400384], [-99.06949545927186, 19.420252799919428], [-99.06992064942774, 19.41987431898759], [-99.07731240675746, 19.408540054016143], [-99.07709170881157, 19.408425096746228], [-99.07797853979908, 19.407147579448935], [-99.08022695018116, 19.406884999678727], [-99.09612330886424, 19.40911607969974], [-99.09796674738723, 19.409142919288996], [-99.0980816288959, 19.40892462998691], [-99.11457147870361, 19.405615480408496], [-99.11880973960095, 19.405516919646715], [-99.1256984598711, 19.404330679645604], [-99.12654319966538, 19.40826134982536], [-99.12674047907309, 19.40882267909055], [-99.12716797041182, 19.409011089586723], [-99.12819967527672, 19.413759972596893], [-99.12713928963743, 19.42037805968925], [-99.12600614935154, 19.422872659020914], [-99.12307885520032, 19.442495246966132], [-99.12586658034176, 19.44740491935241], [-99.12588903005005, 19.448186949387424], [-99.12548128980166, 19.450204309579803], [-99.12442274028946, 19.453335689097848], [-99.12333157992698, 19.458154338971745], [-99.12217715028366, 19.459751918964937]]]}}]}