{"type": "FeatureCollection", "name": "municipalities_simple", "crs": {"type": "name", "properties": {"name": "urn:ogc:def:crs:OGC:1.3:CRS84"}}, "features": [{"type": "Feature", "properties": {"CVEGEO": "25001", "CVE_ENT": "25", "NOMGEO": "Sinaloa", "CVE_MUN": "001", "NOMMUN": "Ahome", "cov_": 1900, "cov_id": 1901}, "geometry": {"type": "Polygon", "coordinates": [[[-109.004054090019, 26.400085490520457], [-108.94983599863849, 26.39220235013495], [-108.94307538011404, 26.388460169964812], [-108.93261343003623, 26.376677860318406], [-108.93151811867486, 26.377000140401343], [-108.93159253904315, 26.316669220421375], [-108.93272365054604, 26.317700450568513], [-108.93269130973242, 26.311371830558112], [-108.93302438019317, 26.31118172001459], [-108.93277054831003, 26.31079716991134], [-108.932857969513, 26.306679679810465], [-108.93283386018285, 26.30642699995973], [-108.93098128967745, 26.306893979741456], [-108.92952093915471, 26.30695661980447], [-108.9294660892526, 26.30590841989356], [-108.92770328903535, 26.302151081424125], [-108.93289936946009, 26.29890160050699], [-108.93298330979485, 26.29721385013929], [-108.9499615388018, 26.289608970162543], [-108.95157067885172, 26.29010829133663], [-108.94711487927056, 26.305773630017878], [-108.94789445947879, 26.305694509764034], [-108.94935382913404, 26.303994261552113], [-108.95243405982798, 26.30206371124259], [-108.9521271701608, 26.30551366058089], [-108.9563192602236, 26.30496128993258], [-108.95815645050114, 26.304143549494697], [-108.96323619976909, 26.28621058140039], [-108.9931370195255, 26.293197881514185], [-108.99487639995675, 26.291978720185522], [-109.02665911968725, 26.27508931058572], [-109.02367033906617, 26.27376791121702], [-109.02420787928293, 26.271754020119882], [-109.0266947492311, 26.27229739899997], [-109.02833426219772, 26.266885511022068], [-109.03210027960786, 26.267932260622317], [-109.03601014051179, 26.254906799896194], [-109.03584118002034, 26.25436654885663], [-109.03671584882508, 26.251166380047234], [-109.03692841923015, 26.251065651382582], [-109.03803662962456, 26.248120460966394], [-109.03792687875733, 26.24745037044447], [-109.03820585996631, 26.24654695124109], [-109.0425831801917, 26.24742802125749], [-109.03194417968248, 26.23784941912373], [-109.01554367962217, 26.234330800430072], [-109.0133985490322, 26.232011691349598], [-109.0128378503451, 26.231708680495274], [-109.00992999877603, 26.231077889454163], [-109.0088970202659, 26.230526750545284], [-109.00834354932431, 26.226304890749574], [-109.00790565960907, 26.225788830228936], [-109.00394720033269, 26.223908649304292], [-108.99228981855795, 26.221170059806266], [-109.00447819926454, 26.17920405062163], [-109.01135803028247, 26.15435192010935], [-109.01164511992326, 26.15415163116529], [-109.016379769102, 26.136100179986094], [-109.0024537191001, 26.13291694104208], [-109.00176842922978, 26.132439720571057], [-108.99972366004005, 26.127619550491133], [-108.99794670950187, 26.12703581905928], [-108.99032965051647, 26.125279000520596], [-108.98912162042414, 26.12411548917154], [-108.98702217983259, 26.123549970263795], [-108.98524948857579, 26.120505490594013], [-108.98541128964361, 26.118645910252155], [-108.98523894048594, 26.11830767981652], [-108.98262004947229, 26.115341599890222], [-108.97844594943275, 26.114340260353192], [-108.97230730856407, 26.10906494010272], [-108.97128617905237, 26.109107540550173], [-108.96628224895306, 26.112449909831888], [-108.9658206201273, 26.11255861897256], [-108.96480856857514, 26.112191860414267], [-108.96924764935082, 26.105165951153225], [-108.9695982302385, 26.104776089959056], [-108.97323031979278, 26.102654260523412], [-108.9581109403462, 26.093827579529666], [-108.9806281396776, 26.0717303112881], [-109.00919036986956, 26.042871450818346], [-109.017857319294, 26.034670180015134], [-109.00000000035318, 26.016350350083474], [-108.98781914963051, 26.004609089693478], [-108.99649307925027, 25.99646738010571], [-108.9955329098663, 25.994301250599285], [-108.9881544300263, 25.973284721044635], [-108.99602059975959, 25.971352110040648], [-108.99577594932433, 25.97069960020129], [-108.99461172021886, 25.970569941371505], [-108.99589122045569, 25.964218949751675], [-108.99626768032225, 25.963895919951234], [-108.9973603388812, 25.9637262502292], [-108.99842106009055, 25.964113820315475], [-109.00499301992127, 25.952914079850366], [-109.00557582036386, 25.952605020442718], [-109.00631227890894, 25.94807195020111], [-109.00696662977431, 25.948112030226312], [-109.0094160586794, 25.947026020431313], [-109.00951774961838, 25.945772822220224], [-109.00919690932943, 25.94453003272008], [-109.00850256915687, 25.944016081696386], [-109.0080661802335, 25.943269979503185], [-109.0058530188827, 25.941737820299014], [-109.00466396978531, 25.941704089568585], [-109.003528519667, 25.940758911111224], [-109.00114988888065, 25.93961515054558], [-109.0001692598937, 25.93867466194826], [-108.99974147955872, 25.93695253883228], [-108.99245502931272, 25.931233520533333], [-108.99004714888257, 25.93071091888145], [-108.98904821887876, 25.930296219725438], [-108.9877260494094, 25.930753540818564], [-108.98655874941096, 25.93055711894272], [-108.98499889035237, 25.929988648908857], [-108.98360778050974, 25.929903571309936], [-108.98241124909795, 25.930230479352527], [-108.98106114873428, 25.930174750637242], [-108.97931317941206, 25.929226581347393], [-108.97715344926341, 25.928658969779036], [-108.97611584941626, 25.928073648939048], [-108.97585517033377, 25.926819681166318], [-108.97388714950264, 25.926361459995235], [-108.97389636902786, 25.925128402361263], [-108.97581249057014, 25.92296988181887], [-108.97630568889832, 25.92204494017269], [-108.98220254944738, 25.920275889645907], [-108.98171448914222, 25.919196751887256], [-108.98395091933348, 25.918385079539508], [-108.97957562901202, 25.892452834261277], [-108.97957247967955, 25.890786281780176], [-108.97882888973243, 25.88758962260713], [-108.97685771057614, 25.875775001567632], [-108.97630791056999, 25.873547481795104], [-108.98031679860381, 25.867552738632032], [-108.97410624963722, 25.863633890489528], [-108.96443931916883, 25.858228918961046], [-108.96626470890598, 25.85547177034197], [-108.96146499862355, 25.850013120421846], [-108.95105167959466, 25.87752464916581], [-108.94301254885141, 25.87302958017902], [-108.94030338023035, 25.87682163038988], [-108.91458973994636, 25.862402079623823], [-108.91389747879506, 25.861707890504785], [-108.91291602022608, 25.85997051053174], [-108.91198591863481, 25.859416549254004], [-108.9111742797047, 25.85857351980737], [-108.90643810951526, 25.866589370771095], [-108.92243294919658, 25.872619880517345], [-108.92321825038519, 25.87416152038399], [-108.92305480047987, 25.875199969468017], [-108.92070842042745, 25.879259510156576], [-108.91960907939774, 25.8818869104458], [-108.91853822914253, 25.883700230522933], [-108.91721216963525, 25.88508846057608], [-108.91873628902934, 25.88688703058042], [-108.91899045911501, 25.88792934050538], [-108.91888530954627, 25.88852085025633], [-108.91674451035605, 25.891074150224604], [-108.91511507891407, 25.894145971259167], [-108.90084294980491, 25.886253000346848], [-108.89550598039033, 25.88295409035283], [-108.89851573946562, 25.87784644961753], [-108.8854810592504, 25.866875600413415], [-108.8546220794125, 25.84013243037684], [-108.85519346032467, 25.839773369459564], [-108.86457883046631, 25.8239187197216], [-108.87075622873957, 25.813022987231093], [-108.87122371806554, 25.812785405048423], [-108.8739081565861, 25.81297910763442], [-108.87514775913081, 25.812720895419353], [-108.87648671339691, 25.811559536373966], [-108.87738687784608, 25.80933654635471], [-108.8774742276065, 25.808473929076037], [-108.87720290056171, 25.807234974164217], [-108.87658227436552, 25.806409099165478], [-108.87522567117342, 25.805400377281305], [-108.87841267751419, 25.799797796556646], [-108.87105314776237, 25.793485744489544], [-108.86600381095454, 25.7952523902055], [-108.87168186521092, 25.781959619823194], [-108.8953747474919, 25.788321137878505], [-108.894862120417, 25.78990354997099], [-108.88557077934156, 25.806117704369154], [-108.8997734086806, 25.8182146519265], [-108.9003903790557, 25.818479106159586], [-108.90917379919446, 25.803169407317622], [-108.9024341358354, 25.79723447292019], [-108.90238383581168, 25.79681939105551], [-108.90683558466816, 25.791610496259622], [-108.90545220716022, 25.79124915084293], [-108.90608090364594, 25.790139743374063], [-108.93605045817122, 25.746440540761405], [-108.92754809563208, 25.741575715980744], [-108.93238099551664, 25.734555062846336], [-108.9320963437012, 25.73440196026925], [-108.93241835835474, 25.73387067434752], [-108.91442962120342, 25.72390406438083], [-108.91363390104821, 25.721967761351962], [-108.91214589333065, 25.720978663782784], [-108.91122162357587, 25.721212550518555], [-108.9098283325951, 25.721217830062834], [-108.90940549731, 25.721044278995922], [-108.90864133842169, 25.720204536136414], [-108.90840709990496, 25.717115468854452], [-108.90815216896956, 25.716647955978882], [-108.9074157712999, 25.71611298215567], [-108.90042685188801, 25.714628146772558], [-108.89904673344618, 25.71503496313288], [-108.89831381131812, 25.716236467410468], [-108.89508713166127, 25.726967790500876], [-108.8969629837682, 25.733856040606483], [-108.89765275403637, 25.73567870797911], [-108.9003049552126, 25.73860651556364], [-108.90575751439015, 25.74192539003974], [-108.90597604843849, 25.742635068118226], [-108.90563765170825, 25.743415987748005], [-108.90470262594562, 25.744140575201506], [-108.90404812189318, 25.744214422996137], [-108.89855010978589, 25.742223292680286], [-108.89830065413307, 25.741352391691134], [-108.89743900246596, 25.739979620662698], [-108.89663299645636, 25.738106435329925], [-108.89583319912845, 25.736858513743996], [-108.89522418773282, 25.73652703359902], [-108.89413471791866, 25.73661398661636], [-108.89304113697126, 25.736284091058156], [-108.89218779536299, 25.73574497027754], [-108.88946371148378, 25.73592060460717], [-108.88770263008917, 25.735467781416567], [-108.88648547792428, 25.734888121435752], [-108.88525283294221, 25.732724420625456], [-108.88530116468166, 25.731473682010368], [-108.88492470020141, 25.73014094148565], [-108.88437346597222, 25.72951741503463], [-108.88405962471555, 25.72839290166126], [-108.88088489050492, 25.725818507626233], [-108.8799751654376, 25.72569633883525], [-108.87900730595031, 25.72582447275602], [-108.87834806614899, 25.72711639809232], [-108.88081873605246, 25.719023850419624], [-108.88460575849498, 25.716093730228764], [-108.88711511914495, 25.712584034527993], [-108.88931053140274, 25.707949813979848], [-108.89175618832552, 25.70414847197484], [-108.9024896503636, 25.699527893537837], [-108.90321133045141, 25.69902526898595], [-108.91345732308444, 25.694197158634424], [-108.91544420018423, 25.693064938476567], [-108.91515103294859, 25.6940246917397], [-108.91697166832857, 25.69443535497924], [-108.92007220639823, 25.695675308057808], [-108.92257191435043, 25.697375794354443], [-108.92318831884963, 25.698457479695428], [-108.92459274094621, 25.69961979468586], [-108.92501113863774, 25.69907644538215], [-108.92493882771988, 25.69790951983329], [-108.92559059655957, 25.696489988478017], [-108.92863945873978, 25.69260272388212], [-108.93109659302444, 25.690093079501732], [-108.93247986188616, 25.689171169232992], [-108.93462989846394, 25.686245714719504], [-108.9351561882394, 25.68440975507624], [-108.93572660944207, 25.67698936979807], [-108.93633744552459, 25.675870670980594], [-108.93610402145674, 25.675657488978143], [-108.93732848084882, 25.673825574976522], [-108.93732268835379, 25.673329505660043], [-108.93649867194782, 25.672209007571542], [-108.9356882630858, 25.67174183294644], [-108.93587672285094, 25.671228587707542], [-108.93576747027987, 25.670468105643256], [-108.93464882124901, 25.66951301338277], [-108.93399891060882, 25.668561956461197], [-108.93283804879556, 25.668163860650587], [-108.93179797200168, 25.66839709657813], [-108.93128987875737, 25.668797296529284], [-108.93111590753017, 25.66863021779948], [-108.93315719014282, 25.667301157241276], [-108.93188070194782, 25.665947116411818], [-108.93118957210496, 25.665903733422923], [-108.93166455578793, 25.665137024833896], [-108.93108545866664, 25.664336732591384], [-108.93033378624412, 25.663731943209093], [-108.93080924002103, 25.66297954423208], [-108.93156181367485, 25.66232941395413], [-108.93002201755873, 25.659126353098927], [-108.92846439648528, 25.653371006460027], [-108.92760701335578, 25.65259012061585], [-108.9277966354901, 25.652031515262806], [-108.92696075224075, 25.651424198281887], [-108.92723556655379, 25.650493524010976], [-108.92732822365062, 25.648181633354596], [-108.92674322842598, 25.64623392786552], [-108.926282712495, 25.645995827966413], [-108.9260171108111, 25.644557216584964], [-108.92637474830701, 25.64406566743349], [-108.92591622574461, 25.642281553268646], [-108.92548813265229, 25.63805123313032], [-108.92281529690547, 25.632456994305436], [-108.92236315673235, 25.632070736401495], [-108.92236134049072, 25.6316532804914], [-108.92214182911718, 25.6315398968311], [-108.92286508478216, 25.631565777216053], [-108.92266063566152, 25.63110844212306], [-108.92337600970313, 25.629245021046177], [-108.92326522737953, 25.628272226505054], [-108.92257474109651, 25.626954780515042], [-108.9212904116137, 25.626147135388674], [-108.92218282551046, 25.62583446819915], [-108.92205314703396, 25.625570753072775], [-108.9217429416131, 25.62517828623427], [-108.92020963705662, 25.624401179476344], [-108.92188429140256, 25.624833318566747], [-108.92348241527938, 25.623086934101334], [-108.92381797316258, 25.62176097843376], [-108.92383643409049, 25.620555676235902], [-108.92360703082456, 25.61981749194604], [-108.92304828727329, 25.619066691921734], [-108.92532650055651, 25.618163259483776], [-108.92671456733342, 25.61804241823073], [-108.92815857155382, 25.6160138445819], [-108.92823352357888, 25.615329504018472], [-108.9288606356255, 25.61583749146733], [-108.93156378575964, 25.615860120788383], [-108.93204726286243, 25.61712346155943], [-108.93322044877435, 25.61799365792526], [-108.93431552286202, 25.61792596074877], [-108.93503506872956, 25.617560635423345], [-108.93573954475659, 25.61681637011095], [-108.93630069061697, 25.615553502163223], [-108.93593733365203, 25.61490484168757], [-108.93536778680111, 25.614548028226153], [-108.93536012483858, 25.614314434373522], [-108.93701892819827, 25.611139628721514], [-108.93859405888755, 25.609346015220737], [-108.93923957085562, 25.609051849445947], [-108.93937293768185, 25.608625979631732], [-108.94077490866039, 25.607089899679643], [-108.94154788374803, 25.606751734990276], [-108.94217102287823, 25.606818404300714], [-108.94247630016774, 25.606500015374657], [-108.94261427309921, 25.606775424677654], [-108.9429818351393, 25.60675117822012], [-108.94302764353067, 25.606463654857034], [-108.9432124996851, 25.60680459376647], [-108.94369172408807, 25.60681549728466], [-108.94415013706153, 25.607153814466177], [-108.94403699949801, 25.608194657893943], [-108.94443761660268, 25.607895158630175], [-108.94564742386262, 25.607879160543998], [-108.94606081056328, 25.60900835682921], [-108.94785074793249, 25.608470892487784], [-108.94884986888592, 25.607809270821313], [-108.94854244556171, 25.608301880648582], [-108.94860524542258, 25.609330806704868], [-108.94971029322225, 25.61012874381747], [-108.9498676703438, 25.610513353086358], [-108.95115244575098, 25.61173465826238], [-108.95222066605396, 25.61225205595206], [-108.95330498513805, 25.61217975203275], [-108.95621172822902, 25.610161417311286], [-108.95724020480526, 25.609673103965918], [-108.9605511880266, 25.60874592387499], [-108.96176817447588, 25.60886796834243], [-108.96285602342141, 25.609620937334842], [-108.96287274982103, 25.611242747385994], [-108.9635086644352, 25.612213145358584], [-108.96348801679693, 25.612563807511485], [-108.96613369906764, 25.613001281707415], [-108.96839311041683, 25.61218121675049], [-108.96863599924323, 25.611251358225964], [-108.96832990634591, 25.609076800994433], [-108.96867458075963, 25.607962866636356], [-108.96918108940835, 25.60784412155334], [-108.96849961623624, 25.607604997517928], [-108.96845912350935, 25.606778266854274], [-108.97015745233341, 25.603635493040198], [-108.9706750977874, 25.601149869079734], [-108.9709877914111, 25.60058132839699], [-108.97128783710235, 25.600485498145954], [-108.97125892944455, 25.597344952831705], [-108.9716915849619, 25.596426637962548], [-108.97214397654183, 25.59435549896723], [-108.97440989536156, 25.592392472016144], [-108.97529943432859, 25.590495525726123], [-108.97582317414057, 25.590025602011423], [-108.97626585081682, 25.58845810422132], [-108.9777123805529, 25.587574187130574], [-108.97836668989207, 25.58691701402205], [-108.97978962540522, 25.58206638387915], [-108.97938759027619, 25.57937917040707], [-108.9785310238739, 25.577978258127725], [-108.97874172631903, 25.577509704898954], [-108.97812233118454, 25.576915848209374], [-108.97784920398145, 25.576054908282565], [-108.97703140079442, 25.57510859449786], [-108.97603483187274, 25.574641884897993], [-108.97530167407587, 25.57378867874567], [-108.9714592508193, 25.572769530181937], [-108.97001378732462, 25.57113406709247], [-108.96988971113394, 25.57032392289705], [-108.97220444128165, 25.566107574777487], [-108.9720270767932, 25.565754540245077], [-108.97217880595223, 25.565013246794916], [-108.97307131414958, 25.56408481861345], [-108.97437173804865, 25.56316437296948], [-108.97437960853519, 25.562527193022547], [-108.97467016584956, 25.562087482849115], [-108.97440913811249, 25.561669931294777], [-108.9745766745849, 25.56077075776287], [-108.97562932670724, 25.55919860018107], [-108.97614507384819, 25.557774641648045], [-108.97672636268616, 25.557219676943248], [-108.97660481541996, 25.556645645072116], [-108.9774021133636, 25.555385802305747], [-108.97734584137322, 25.553922530353518], [-108.97600404216479, 25.551041366834937], [-108.97607833069505, 25.54946957814478], [-108.9792742023697, 25.546547278967676], [-108.98004124982928, 25.546482265484407], [-108.98005686702, 25.545841297273853], [-108.98063471991638, 25.545105090712585], [-108.98113599953318, 25.543803189690504], [-108.98241203117874, 25.542630489374655], [-108.98370072721451, 25.54188088324007], [-108.98428840346294, 25.541839823925482], [-108.98447674063199, 25.54153171665875], [-108.98539943482137, 25.541046148875573], [-108.98609804886387, 25.540861300669626], [-108.98628696062629, 25.54116628719362], [-108.98718680292922, 25.54094374194041], [-108.98722192831472, 25.54001954658318], [-108.98866399633566, 25.539178646775834], [-108.98895687723233, 25.539208824884806], [-108.98928406783, 25.539560131629273], [-108.98979871284003, 25.54191742039843], [-108.99030351949416, 25.54262887870866], [-108.99083795836054, 25.5426476917491], [-108.99119773689473, 25.542950396061133], [-108.9926441528923, 25.54541105272957], [-108.99296508986586, 25.546444812281692], [-108.99451483874175, 25.54781716223612], [-108.99533283315266, 25.548138343026665], [-108.99682750495998, 25.54967200529654], [-108.99721482564284, 25.549773537094868], [-108.99802437906197, 25.551581179872542], [-108.9984885744415, 25.551938252635367], [-108.99811799748397, 25.55400241608568], [-108.99831783236755, 25.555029919357583], [-108.99801466672757, 25.55579922400284], [-108.99626443097505, 25.556233559211307], [-108.99576446602296, 25.55590846669774], [-108.99424789126894, 25.55561831210686], [-108.99189806699717, 25.554310756279857], [-108.99092388881508, 25.554039149690503], [-108.98988635619123, 25.555028891413013], [-108.9891080521088, 25.55669860868929], [-108.98898428047961, 25.558517458245728], [-108.98834714992306, 25.560400413266947], [-108.98838936038553, 25.561355904110307], [-108.9886795784431, 25.56209707369559], [-108.98907227574799, 25.562518150932068], [-108.99111874528597, 25.563477374562385], [-108.99283776899415, 25.56348528459552], [-108.9941379148487, 25.563274414269298], [-108.99587038733625, 25.56487433216251], [-108.99559219572932, 25.56607952456778], [-108.99444424387652, 25.567547052779], [-108.99296147814749, 25.56788339112283], [-108.99244424444994, 25.56767327300181], [-108.99006211741393, 25.567697788735853], [-108.98899714222168, 25.56841869706747], [-108.9884549176379, 25.569199286471807], [-108.98791991124143, 25.570752623434263], [-108.98799196461073, 25.571497365774416], [-108.99054857047882, 25.57490343336716], [-108.99104022043387, 25.574975886019494], [-108.9925460871234, 25.573827806638217], [-108.9955296878032, 25.57258683552756], [-108.99617424693301, 25.572511952408536], [-108.99707481263445, 25.573016923014226], [-108.9982467391087, 25.574325576845403], [-109.00056276073882, 25.575274866059864], [-109.00161628382645, 25.575237664505373], [-109.00163727684469, 25.57480171868672], [-109.0006490558103, 25.573244738010203], [-109.00018249504375, 25.57195019151077], [-108.99916090768733, 25.57073286002729], [-108.9989652680784, 25.570070243827473], [-108.99919460940471, 25.56889978169053], [-108.99988256878136, 25.56862808371472], [-109.00168198867209, 25.569034465272928], [-109.00237312662269, 25.568246178214242], [-109.00286585991873, 25.564165208398624], [-109.00245085984058, 25.56339170780795], [-109.00256113043058, 25.562832847354972], [-109.00343932076072, 25.562825492466587], [-109.0043234558978, 25.563075614492497], [-109.00599439593886, 25.563969753672758], [-109.00690187414173, 25.56326259063979], [-109.00772042876307, 25.562176167783505], [-109.0084343836098, 25.560555843767563], [-109.00927818811404, 25.56006989453424], [-109.01454636800734, 25.559922898262407], [-109.01495323830925, 25.560057247601467], [-109.01514982197241, 25.560352426781186], [-109.01572834438836, 25.56168916445937], [-109.01642408344294, 25.56472360142493], [-109.01724128656568, 25.56572455388643], [-109.01706891633086, 25.569302901662894], [-109.01746938555826, 25.570582496552962], [-109.01799383878344, 25.57132191731119], [-109.0189320489609, 25.571692122010898], [-109.0198072657695, 25.571751536884836], [-109.02285380011446, 25.571223976340793], [-109.02362710512087, 25.570360574464324], [-109.02416745348498, 25.568981143293964], [-109.02464191526782, 25.568383610284755], [-109.02558301879967, 25.568212171356926], [-109.02663236024394, 25.56836693964051], [-109.02729674711497, 25.56896411043181], [-109.0275941145925, 25.57100988532604], [-109.02871134464968, 25.572796887718333], [-109.03074520908618, 25.574308102348528], [-109.03151712509266, 25.575286348525704], [-109.03247790669735, 25.578208378770675], [-109.0325809166322, 25.580102054213715], [-109.03393372769631, 25.582397777086438], [-109.03370854008728, 25.583995158632813], [-109.03400035499308, 25.58461688444451], [-109.03502621512308, 25.58579086396639], [-109.03588903792006, 25.586339556177432], [-109.03637938851968, 25.58621507799364], [-109.037688158826, 25.580739857101978], [-109.03842180947133, 25.57862029169465], [-109.03839873945013, 25.57793389208907], [-109.03942043343454, 25.577185211753054], [-109.0399805213654, 25.577727945153967], [-109.04009350892285, 25.581792162557523], [-109.04044655841678, 25.582278585977622], [-109.0416059690786, 25.5829645609747], [-109.04245760999565, 25.588339460508195], [-109.04240611568939, 25.589779365701414], [-109.04328929869035, 25.590930977913136], [-109.04369916158963, 25.592126716839743], [-109.04470507802431, 25.59243044493415], [-109.04502921984384, 25.592135202875635], [-109.04550475594928, 25.592702904314237], [-109.04679846212073, 25.592569249951932], [-109.04756120244748, 25.59287730792061], [-109.04791405809766, 25.59261466735895], [-109.04923847465872, 25.592338794410065], [-109.05014638361446, 25.59143276454171], [-109.05046128513732, 25.591565961994792], [-109.05164964234577, 25.584957311674906], [-109.05266382441042, 25.58277863768803], [-109.05306846929906, 25.581245442003496], [-109.05394297550752, 25.580424419666745], [-109.0540436984256, 25.57990157423657], [-109.05369456013034, 25.579571328960725], [-109.05106514067637, 25.57870080593133], [-109.04669289122245, 25.578290012320643], [-109.04602109351943, 25.578062912493774], [-109.04572503868548, 25.57766796235727], [-109.0458869090299, 25.576968097462125], [-109.0489758540567, 25.575007487236785], [-109.05011616235946, 25.57489357962182], [-109.05051846217812, 25.57520208449028], [-109.05097179215294, 25.57519071415285], [-109.05211014534079, 25.575720931697155], [-109.05274508113807, 25.5749721555017], [-109.05178631783045, 25.572669293129966], [-109.05058111760485, 25.57148132161935], [-109.05089013971738, 25.5698028908763], [-109.0505384901847, 25.56904568863404], [-109.04807800264408, 25.566623384655575], [-109.0474636283358, 25.566342211028683], [-109.04689276108459, 25.565243982757416], [-109.04637575621223, 25.564886156312998], [-109.04715317261059, 25.56446385801594], [-109.04828381995625, 25.564612648430074], [-109.04957974288773, 25.564241575999617], [-109.05031265914482, 25.564489630251312], [-109.05176770015004, 25.56548461982987], [-109.05387662373364, 25.566449514603743], [-109.05497226295749, 25.567976858948413], [-109.05709157671696, 25.56874102998027], [-109.05869383911242, 25.568874248536734], [-109.05969866438095, 25.56918984756919], [-109.06050421037769, 25.569562268481995], [-109.06182060780792, 25.570575304717284], [-109.06260515733572, 25.570870758181833], [-109.06287366158656, 25.57068318678698], [-109.0629141062444, 25.57036240714473], [-109.06256332113864, 25.56986643117282], [-109.06219887247026, 25.56830452156347], [-109.05946884136127, 25.566356289658486], [-109.05879500041372, 25.565599714026533], [-109.0568075452756, 25.56457188758795], [-109.05457752227, 25.563953897710395], [-109.05141163031135, 25.56162994411152], [-109.05002200173944, 25.559569190617104], [-109.048933487317, 25.556686622220813], [-109.04732219943386, 25.5554597574442], [-109.04485754512842, 25.556069492132806], [-109.04355550056881, 25.555435189301107], [-109.04211133266547, 25.555501368357685], [-109.04123795478043, 25.55564956275764], [-109.03994919408471, 25.556584538778882], [-109.038857211853, 25.556958234346375], [-109.03728571301122, 25.55707083070731], [-109.03512447837552, 25.55669395156117], [-109.03248450623254, 25.55764708503484], [-109.02955699458653, 25.555514009972548], [-109.02856723247076, 25.555250253464695], [-109.02746652846264, 25.55552152790787], [-109.02683315045233, 25.5553767557265], [-109.02601239316239, 25.55466222420515], [-109.02551190962237, 25.55330191846099], [-109.02623479071993, 25.5525854262017], [-109.02623619042109, 25.55207726314213], [-109.02595193974044, 25.551755878012933], [-109.02625570954115, 25.551010372915155], [-109.02672895036432, 25.55108559944952], [-109.02789888044487, 25.55076233252694], [-109.02841194903127, 25.551084558419312], [-109.0300857278924, 25.551279369770924], [-109.03086108030924, 25.551816219460818], [-109.03206289236155, 25.551895195271015], [-109.03301091708377, 25.551542222344203], [-109.03336532578314, 25.551210401155117], [-109.03417969804624, 25.55110681974256], [-109.03414052808559, 25.55048765364569], [-109.03350236069905, 25.550042465088445], [-109.03349644066317, 25.549159970772305], [-109.03313126724463, 25.54862136750197], [-109.03328655782583, 25.548311728714395], [-109.03415059874756, 25.548278351158736], [-109.03829888252103, 25.549492582256363], [-109.03982217667595, 25.549278738218046], [-109.04179267883728, 25.548365479591627], [-109.04244928623254, 25.548576338810783], [-109.0448755626268, 25.54854978777146], [-109.04580921590426, 25.548710021120208], [-109.0463968553421, 25.549137472523203], [-109.04749892049307, 25.5490664111057], [-109.04754956548877, 25.548773975443332], [-109.04844639413366, 25.547761529806756], [-109.04856238360912, 25.546597755418603], [-109.04732120346361, 25.54452569296118], [-109.0469597126256, 25.544254203909897], [-109.04722748147877, 25.544084582225093], [-109.04737729344922, 25.54298786211365], [-109.04818638363581, 25.54343302614694], [-109.04911934359687, 25.544824194972193], [-109.0495334434298, 25.54501788960258], [-109.05017546142103, 25.54487367348535], [-109.05070619419837, 25.54384512194699], [-109.05064404471165, 25.543326799847147], [-109.04903384317127, 25.542204865138036], [-109.04830442295305, 25.541313795169142], [-109.04887896060792, 25.539007778323644], [-109.0496071315928, 25.537751903384684], [-109.04986933826, 25.536714093868184], [-109.04942369419211, 25.534956376716572], [-109.05061522122462, 25.534734917027187], [-109.05098799702631, 25.53502994271288], [-109.05199552039257, 25.535278757263207], [-109.05296140553612, 25.53639942674744], [-109.05290751647215, 25.53878168068322], [-109.05333954473012, 25.539976780891717], [-109.05459085288561, 25.54184096399865], [-109.05513921548366, 25.543288084498222], [-109.05525701229938, 25.54428673564478], [-109.05478453140852, 25.546184391980947], [-109.0535625737475, 25.548081371036684], [-109.05378940317486, 25.548960106519967], [-109.05451508043274, 25.54926918962722], [-109.05652768474408, 25.548516792171096], [-109.05719481905214, 25.548727288992914], [-109.0576342874177, 25.5497504041789], [-109.05758925540505, 25.552547470703733], [-109.05834978507494, 25.55318714885567], [-109.05921897878486, 25.55353992490073], [-109.06207112826945, 25.55405230409638], [-109.06303680655475, 25.554769742969093], [-109.06468575131925, 25.554850331550085], [-109.06693745056499, 25.555880257055218], [-109.06811030923049, 25.556735021711273], [-109.0691644901858, 25.55687982208213], [-109.0701296081684, 25.557268021397253], [-109.07064112715838, 25.55722992004917], [-109.07055184556803, 25.556612186198286], [-109.0701202332564, 25.556213894453002], [-109.06786083263302, 25.55472383335379], [-109.0644968559461, 25.553696226452235], [-109.0629660736582, 25.553609970298766], [-109.06231106480406, 25.552902974105013], [-109.06115933946062, 25.551036114863724], [-109.06088494906281, 25.550230279559166], [-109.06094088896556, 25.54923874055045], [-109.0614025820841, 25.547725430330797], [-109.05994763230179, 25.54684503567537], [-109.0595072468553, 25.546184553906745], [-109.05910999492954, 25.543528573337042], [-109.05915658501665, 25.541635574183193], [-109.05890376678755, 25.540688381047612], [-109.05839678009899, 25.539767337330805], [-109.05771850464845, 25.539146835557116], [-109.0568664255946, 25.537894224025724], [-109.05689570422908, 25.53704655460641], [-109.0574580036513, 25.53539688227472], [-109.05717354654186, 25.53288566716045], [-109.05625871458956, 25.53132943871581], [-109.05532834717079, 25.530482131607396], [-109.05518857262376, 25.529923029102427], [-109.0555265790675, 25.529732352882068], [-109.05720896541241, 25.529918287936336], [-109.05745224437732, 25.529725474585497], [-109.05923960856371, 25.52729275455158], [-109.06036741972476, 25.526276238437855], [-109.06156320696711, 25.5255607859335], [-109.06256912601448, 25.523113954193743], [-109.06205700162288, 25.5225842779439], [-109.0622235090441, 25.52159682766907], [-109.06126866913024, 25.519476374070727], [-109.06124098268093, 25.518499075694287], [-109.06052467792523, 25.517526587560887], [-109.06052427739058, 25.5167346047999], [-109.06023506292527, 25.516265524139254], [-109.06044085870853, 25.51566344403682], [-109.06082356385129, 25.515786406416023], [-109.06214307979602, 25.5170284200098], [-109.06415220887122, 25.517826645845908], [-109.06443790546578, 25.51819084878344], [-109.06518329090085, 25.518465941754343], [-109.06527683558099, 25.519679955079773], [-109.06512531025032, 25.52064313331014], [-109.06526498597577, 25.52209441152603], [-109.06477744639312, 25.523384201309252], [-109.06360898924166, 25.52592143711904], [-109.06171399461813, 25.52796597246482], [-109.06108506349521, 25.5295864965537], [-109.06099669736517, 25.531020256041696], [-109.06156516601348, 25.532829384894818], [-109.06112150015267, 25.53472028958991], [-109.0606412452611, 25.535643700507077], [-109.0607771937769, 25.536205289478932], [-109.06259592687584, 25.53859753515052], [-109.06348701892236, 25.541471167747613], [-109.0635101981073, 25.542391327395137], [-109.06481410754922, 25.543627749726664], [-109.06536955363744, 25.54368506653083], [-109.0655429791032, 25.543370128191373], [-109.06571604308353, 25.542421857489913], [-109.06564643872478, 25.540672827979787], [-109.06630868104713, 25.5401558531503], [-109.06680678067579, 25.540072822185724], [-109.06789037339158, 25.540586575275977], [-109.06872157208521, 25.544212062738847], [-109.06943806901764, 25.545999134200386], [-109.07034322490276, 25.547221549564746], [-109.07221919412805, 25.54849682830218], [-109.0731950088231, 25.549707713844487], [-109.07359367795708, 25.54983257520698], [-109.07416413965913, 25.549672360005516], [-109.07447561828357, 25.549241450805713], [-109.07412770638838, 25.548518804303193], [-109.07283160896648, 25.547362171400838], [-109.0722676181813, 25.546198262050982], [-109.07250369978465, 25.544938108258172], [-109.0726337902566, 25.54478062769129], [-109.07291893337737, 25.544931312682472], [-109.07309836400877, 25.544561337123785], [-109.07349416929388, 25.54464095772213], [-109.07430665538024, 25.54553315460047], [-109.076416984771, 25.546274664342953], [-109.0791807075192, 25.54841010945087], [-109.08020589462748, 25.54952413806331], [-109.0808006577114, 25.55166996803015], [-109.08315016270436, 25.553371989697748], [-109.08360303124856, 25.553427327375008], [-109.08384727293357, 25.553263059572664], [-109.0838676284884, 25.552778245470456], [-109.08293706808215, 25.551200016784794], [-109.08298601906634, 25.550511635080664], [-109.08235340524867, 25.54903361146766], [-109.08260340992815, 25.548109421166195], [-109.08353051655551, 25.54687528562493], [-109.08388307523673, 25.544595668203367], [-109.08362963682949, 25.543829855922166], [-109.082605732199, 25.54283031538291], [-109.08219915587607, 25.54185169781878], [-109.08132315190493, 25.541878531519405], [-109.0811656552816, 25.542584259565004], [-109.08065303100324, 25.54297547022391], [-109.07901717758972, 25.543004416182253], [-109.07787472044377, 25.542540096485887], [-109.0768310173337, 25.54130370755758], [-109.07475665350293, 25.540418063927774], [-109.0747923969701, 25.539803998854183], [-109.07608780990182, 25.538962795309274], [-109.07600544354004, 25.53823871787313], [-109.07386054153787, 25.536199251426364], [-109.0723475925863, 25.535856133464637], [-109.0717716173664, 25.535540588906876], [-109.0702336783313, 25.533913555738142], [-109.06966542836642, 25.53258156093556], [-109.07000163949296, 25.530160469705198], [-109.07025491668186, 25.5299530405451], [-109.07155351865667, 25.530801921712722], [-109.07196537621168, 25.531785203716307], [-109.07239974343332, 25.53195679445271], [-109.0729366168677, 25.532826858145803], [-109.07350169307601, 25.53309261043929], [-109.0744859901228, 25.533004362262766], [-109.07540777492184, 25.533749197174753], [-109.07518258438638, 25.530630489664215], [-109.07546375072408, 25.52961598365655], [-109.07549846575796, 25.528388875850375], [-109.0765025917954, 25.52682941269867], [-109.07772192792133, 25.528054962392627], [-109.0787576907196, 25.529681609352334], [-109.08035836829741, 25.53044325572275], [-109.08083484021138, 25.53092614781403], [-109.08144936806629, 25.533542562445245], [-109.08104442486831, 25.534782377776843], [-109.08002924911108, 25.535860312365035], [-109.0797533766854, 25.536564564073387], [-109.07934491741393, 25.5368478969301], [-109.07820283550195, 25.538449395511627], [-109.07705557633308, 25.539433193473062], [-109.076899711268, 25.540110248568876], [-109.07732942673881, 25.540298648050527], [-109.0781931975989, 25.540260243584527], [-109.07929190817715, 25.539628458441292], [-109.08081342226319, 25.53812848715183], [-109.08252140261808, 25.53724351422841], [-109.084677855733, 25.538495306389194], [-109.08622997898473, 25.53898390173703], [-109.08679966255988, 25.539422410689404], [-109.087839555421, 25.539770247185206], [-109.08863987624045, 25.540728297503115], [-109.08900744909556, 25.541563665258614], [-109.08938731339569, 25.54175461060071], [-109.09039243634997, 25.541272069454813], [-109.09060374694168, 25.540797414021107], [-109.09168290485971, 25.540946132201306], [-109.09178105969613, 25.54081695670343], [-109.09124442875104, 25.540577921500773], [-109.08982931546248, 25.54044694472885], [-109.08950516591952, 25.539612753293806], [-109.0885120281035, 25.53847403791113], [-109.0881093766457, 25.537302100285007], [-109.08791067731983, 25.535709404420892], [-109.0879807597466, 25.534056705363444], [-109.08833277522305, 25.533815473159677], [-109.09105555042132, 25.536684178042247], [-109.09132700659539, 25.537321851206872], [-109.09204749611607, 25.537748970784573], [-109.09262899627088, 25.53896001117148], [-109.09235802573671, 25.539883607838554], [-109.09279592594721, 25.54035082501261], [-109.0927202770283, 25.540639196003212], [-109.09204155679608, 25.54093847666748], [-109.09221074657006, 25.54139055854256], [-109.09201522535234, 25.541633381708706], [-109.09038328128497, 25.541815010433517], [-109.08985567495212, 25.542112452770343], [-109.08917471329838, 25.542075436785996], [-109.08796419713727, 25.541504569434196], [-109.08740317677815, 25.54077956825679], [-109.08669707616917, 25.541047394612626], [-109.08671022024832, 25.54127960206757], [-109.0869235417904, 25.541173454793583], [-109.08701385184389, 25.541316447323993], [-109.08676663959741, 25.54181833960313], [-109.08719053588509, 25.541602533433586], [-109.08739214871125, 25.541771032315626], [-109.08730733159312, 25.54206085743136], [-109.08772563795966, 25.542802966080323], [-109.08762452433237, 25.54327095902724], [-109.08867207840628, 25.543378829387745], [-109.0895561381104, 25.544130572467033], [-109.08966210043366, 25.544617820358795], [-109.08920072031775, 25.54520084520898], [-109.08992514189208, 25.545200858812613], [-109.09150834958675, 25.544048520749463], [-109.09264978999143, 25.54301230728019], [-109.09452006495823, 25.54075459476775], [-109.09496040291319, 25.53974753580887], [-109.0950680903853, 25.537734786980202], [-109.09425961925942, 25.53630587939043], [-109.09195347320751, 25.53382276075203], [-109.09190782370682, 25.53348530163441], [-109.09218542291222, 25.53314356885961], [-109.09200894175686, 25.532515167508322], [-109.09161783539619, 25.53237941165543], [-109.0917945103869, 25.53150496842736], [-109.09091012601348, 25.53120528783021], [-109.09037561494806, 25.530485512790406], [-109.09037704545933, 25.530063248876655], [-109.09076979611665, 25.529473788244314], [-109.09072997374128, 25.529152863369113], [-109.09053918338941, 25.52922499788841], [-109.09027348887041, 25.52887222524777], [-109.09042118393127, 25.52846017991395], [-109.09031821657774, 25.52689939614099], [-109.0905241988653, 25.526461863975047], [-109.08851953691554, 25.52495185152371], [-109.08776866261523, 25.523433023726692], [-109.0876641142817, 25.52209531332083], [-109.08801896415443, 25.521783636421276], [-109.08831755679738, 25.521867129181643], [-109.08869492118804, 25.522741594970505], [-109.08917487251395, 25.522978651681925], [-109.09054506788539, 25.523147884884544], [-109.09209636761466, 25.52543628134022], [-109.09209760263754, 25.52578214044775], [-109.09258546846138, 25.526522293031373], [-109.09350766394628, 25.52735525241623], [-109.09273967098596, 25.528197340445935], [-109.09300176653441, 25.529256296476174], [-109.09418000113533, 25.52934498268193], [-109.09472682849133, 25.52895754554216], [-109.09485636797935, 25.528359946216906], [-109.09548253911987, 25.52783192910775], [-109.09612551823042, 25.528107337026213], [-109.09649025611485, 25.52777747547867], [-109.0967320170664, 25.52808319496977], [-109.09675731419057, 25.529213182203286], [-109.09739136790913, 25.52945782863555], [-109.0982637041191, 25.52890143829889], [-109.09890138911787, 25.529098255172546], [-109.09971594661724, 25.530783403677624], [-109.10069383070211, 25.53108756746079], [-109.10295693831678, 25.533462011439408], [-109.10335752064324, 25.53364399039676], [-109.10348417137965, 25.53342575285673], [-109.10379788349084, 25.533450345522613], [-109.1042774866071, 25.534407752755843], [-109.10422779820858, 25.53495541384882], [-109.1039163031832, 25.53538160495079], [-109.1029663764316, 25.53528182934285], [-109.10247073171374, 25.53578236135453], [-109.10270345263996, 25.53620760011986], [-109.10336447268183, 25.536701918516606], [-109.10428299760812, 25.536960005089618], [-109.1043588544703, 25.537642499641258], [-109.1038382143759, 25.53825823913328], [-109.10255392604572, 25.5390719228955], [-109.10208158133976, 25.53979364567809], [-109.10254406204852, 25.54117376599923], [-109.10321913588204, 25.541231160078073], [-109.10408689803792, 25.541695815107822], [-109.10487135239406, 25.541645170436922], [-109.1044454390243, 25.54272580369287], [-109.1035167199408, 25.543558143776895], [-109.10222809974192, 25.543937805270957], [-109.1013642816097, 25.543434857330386], [-109.09838835721382, 25.54298873002403], [-109.09657902263623, 25.54336623956997], [-109.09587782147231, 25.543932153360064], [-109.09557268249237, 25.54454660242952], [-109.09467393985628, 25.54456223575139], [-109.09339078317682, 25.54510387432886], [-109.09056109205669, 25.545788971873648], [-109.09064680027137, 25.546144396801875], [-109.0909629446695, 25.546316842700904], [-109.09264364288569, 25.546098052373587], [-109.09480838286078, 25.546194884166987], [-109.09780618639579, 25.54589142966971], [-109.10240808476432, 25.544975189632964], [-109.10564495253467, 25.544898639823153], [-109.10749672065799, 25.54553363195608], [-109.11096067134558, 25.54594675406729], [-109.11350704733086, 25.54690086122965], [-109.11714767919659, 25.547404273212486], [-109.1179167711916, 25.547134527767987], [-109.11845452885179, 25.546098435454216], [-109.11907245619064, 25.545561002496463], [-109.1192231195641, 25.54499931057532], [-109.15233217882965, 25.55698883072499], [-109.16174470414144, 25.561768460525748], [-109.16283769940893, 25.563482265186927], [-109.16354765268386, 25.567235261661274], [-109.16423294101483, 25.568957990446965], [-109.16693601895967, 25.573450406371226], [-109.16754107123921, 25.57479838901733], [-109.17007281738208, 25.57831047336839], [-109.17447957876138, 25.585077660014957], [-109.17676386224235, 25.588009156699986], [-109.18299804885783, 25.595080913926164], [-109.18671952570581, 25.598830945367684], [-109.19248734001522, 25.60378022439433], [-109.19911175917775, 25.60861528801269], [-109.20353755698592, 25.612460497620802], [-109.20700205197328, 25.61513501233826], [-109.2131696153918, 25.619322863027367], [-109.21915633935063, 25.622825430253922], [-109.22805552283818, 25.626784853306617], [-109.23360442608812, 25.628831189126014], [-109.24167555778494, 25.63151522168978], [-109.2459490696124, 25.633266504007313], [-109.25148845463042, 25.635160555121566], [-109.26099678081845, 25.637730372896446], [-109.2662875434285, 25.638943031979633], [-109.27376972766092, 25.641166315417298], [-109.2797374162076, 25.6426320635787], [-109.2830781792192, 25.642841456633064], [-109.29082570376711, 25.644345275041605], [-109.29788794539543, 25.645392238697262], [-109.30226615288335, 25.645563558924344], [-109.30654918314985, 25.64598234448706], [-109.32251060664528, 25.64678184338422], [-109.32778349274714, 25.646753289082856], [-109.33715181294593, 25.646175126176907], [-109.34695519241504, 25.644824781893888], [-109.35190447068774, 25.64354582212317], [-109.3541114211058, 25.64323649206656], [-109.36175543980923, 25.64126153885447], [-109.37116620847206, 25.639607814617978], [-109.37785249341655, 25.639072435159818], [-109.38053533568126, 25.63963755753192], [-109.3842889354406, 25.639542379663943], [-109.38586532753044, 25.63925684362943], [-109.38817935377514, 25.638489467233008], [-109.39072166381563, 25.638285782689493], [-109.39240903556116, 25.637646227413615], [-109.39389619154873, 25.637765198146884], [-109.39516324853138, 25.638389804883214], [-109.39588575089108, 25.638528251721475], [-109.39698114300258, 25.638373535376754], [-109.39710487441573, 25.638497266439757], [-109.39693861709956, 25.63956033631867], [-109.39633249812714, 25.640361865211577], [-109.39547419528049, 25.64068479976637], [-109.39214800051494, 25.642822380789898], [-109.39119659908422, 25.65426969069796], [-109.39049999984009, 25.669600001407154], [-109.39248605020951, 25.67707242891994], [-109.39329255889577, 25.676983501427156], [-109.39421857774234, 25.6774392744432], [-109.39461758180984, 25.67722838228708], [-109.3954137075291, 25.677239209233424], [-109.39658499732123, 25.67796021312331], [-109.39691693055236, 25.678768040307023], [-109.39694072383597, 25.679577057535766], [-109.39743252312867, 25.680656530106763], [-109.39874122574015, 25.682571996585427], [-109.39970663035228, 25.68539790883599], [-109.40011015050227, 25.68952502149874], [-109.39991567980707, 25.693260543224174], [-109.4004306435435, 25.700310877868297], [-109.4024888765946, 25.711970237001434], [-109.40378568390959, 25.72302283306722], [-109.40434485714833, 25.725045375415906], [-109.40502300297159, 25.731255767829314], [-109.4056773551403, 25.73392076483733], [-109.40634360355554, 25.738870044730387], [-109.40702175055799, 25.740618947510008], [-109.40928223882858, 25.750565094062082], [-109.4116022131168, 25.758917003376883], [-109.4122446674331, 25.760915750398365], [-109.4132797333202, 25.76270034634293], [-109.41841936917973, 25.77430021798917], [-109.41966858631447, 25.777952691629153], [-109.42127472155873, 25.78384185738331], [-109.42453458365374, 25.79007604449223], [-109.42570051855412, 25.79287191132376], [-109.42635322717183, 25.79380531735493], [-109.42681886574546, 25.795441729410193], [-109.4274665356086, 25.795983362749563], [-109.42982888354864, 25.80144986820397], [-109.42988837064621, 25.802354063597743], [-109.43072118208072, 25.80429332385052], [-109.4318961600891, 25.805029390047622], [-109.43245771317831, 25.80707334787105], [-109.43119005975363, 25.8135118198663], [-109.42838683021172, 25.820311749882922], [-109.42716947513168, 25.828649772498565], [-109.42568944971654, 25.834389032247586], [-109.42511510108355, 25.838637899959533], [-109.42194417889854, 25.852663292140505], [-109.4213064833186, 25.85815033065781], [-109.42115419796184, 25.860663039918965], [-109.4213666871472, 25.86135019229229], [-109.4215614284376, 25.870730356099212], [-109.42199637622701, 25.871462461946173], [-109.42174906334698, 25.872222462524817], [-109.42203935662684, 25.874487709662574], [-109.42252000750713, 25.877114633918037], [-109.4228611445909, 25.87735345385987], [-109.42309654954413, 25.87945178368165], [-109.4233730884838, 25.87964304044188], [-109.42365739065498, 25.88159277892049], [-109.42383347106181, 25.88446240906039], [-109.42371449773569, 25.886684826504816], [-109.42417187277105, 25.886990773600935], [-109.42423812720631, 25.8873794336212], [-109.42404286310038, 25.88786503950904], [-109.42416659476788, 25.892957085466183], [-109.42485663945659, 25.89594568837247], [-109.42612727102356, 25.899219827245524], [-109.42997723889252, 25.905730032566357], [-109.43165713751816, 25.9094229554237], [-109.43225157622174, 25.909822440879697], [-109.4329452797518, 25.909871002632272], [-109.43413976928088, 25.91189354176112], [-109.43693851067042, 25.923445095292386], [-109.43736910867715, 25.924073623991166], [-109.43779027402479, 25.9256797602284], [-109.43877536983916, 25.92787838211745], [-109.43943923988682, 25.93120486896873], [-109.44063188647954, 25.933068305006493], [-109.44141711449308, 25.934888589025515], [-109.44169496879297, 25.936544379261854], [-109.44320014581463, 25.940963010933814], [-109.44369983414462, 25.941855307877503], [-109.44403635902648, 25.945445943353917], [-109.44469309019215, 25.947887269804934], [-109.4446716752346, 25.94910793354398], [-109.44438613967154, 25.949543375113056], [-109.44447893924533, 25.95054274811303], [-109.44418626513274, 25.95154926049493], [-109.44420767993205, 25.95411907787374], [-109.44368657789794, 25.95801663556143], [-109.44385138689867, 25.959405238730525], [-109.44189959150346, 25.963546706375507], [-109.44162357257814, 25.965060043385485], [-109.44168543929601, 25.966206943001495], [-109.44108105610243, 25.968624475463425], [-109.44015782542847, 25.974149584275136], [-109.43819239019936, 25.981716270269548], [-109.43707880305273, 25.987246137311242], [-109.43588907237995, 25.99082008844894], [-109.43411875285378, 25.99793467619361], [-109.43252882149169, 26.002284340581557], [-109.43184353556418, 26.003540695021286], [-109.43192707902911, 26.003776977582326], [-109.431429509827, 26.00474708231077], [-109.43132957305714, 26.005717902024085], [-109.4302302622904, 26.008637500810426], [-109.42395562321909, 26.022386026351572], [-109.42349072044458, 26.023988834990664], [-109.42222813408031, 26.026269307655824], [-109.42102174818942, 26.029645762644336], [-109.41944915838519, 26.03292445361047], [-109.41760246248005, 26.03592040130234], [-109.41755466005353, 26.036746149359765], [-109.4158178658907, 26.04078877795314], [-109.41446157374929, 26.04295170804445], [-109.41186798853188, 26.048806185226344], [-109.40966222875632, 26.052589528526966], [-109.40929817088869, 26.053703116580767], [-109.4072780087907, 26.056879695818928], [-109.40653561697225, 26.05898551904096], [-109.40636429638467, 26.059056903225038], [-109.4059931001471, 26.05872853756456], [-109.40579322457566, 26.058143190067945], [-109.4054434449286, 26.057929038553585], [-109.40521501599758, 26.058136051205118], [-109.40525023242233, 26.060069601182736], [-109.40323958829586, 26.064245556273207], [-109.40312061479337, 26.06486421522791], [-109.40000727972296, 26.069506019033852], [-109.39790959528847, 26.073180432333714], [-109.39742180600027, 26.07351355582962], [-109.39344905840629, 26.08026123240575], [-109.39319295249291, 26.081122152679523], [-109.3915788011699, 26.08312372294966], [-109.39104342228198, 26.084258726442773], [-109.39047040498897, 26.084678727342375], [-109.39012019245968, 26.085524599564405], [-109.38950822674593, 26.086084156871923], [-109.38955950055549, 26.0862905306346], [-109.38882929554602, 26.087429825395414], [-109.38745519470396, 26.08837995353016], [-109.38690791939581, 26.087880266238887], [-109.38626546514634, 26.08770180663541], [-109.3852779880314, 26.088118212567462], [-109.38434999939902, 26.089093791197936], [-109.37999558518399, 26.095577822539802], [-109.37729489748418, 26.098516457264104], [-109.37393985716093, 26.102977946384478], [-109.37333309442485, 26.104143881852174], [-109.37205617327265, 26.104843777518713], [-109.37143309592544, 26.10577860012934], [-109.36904332864476, 26.106958148129003], [-109.36869314545642, 26.107427538080614], [-109.36890729733908, 26.10789153325842], [-109.36881211815326, 26.10847450122295], [-109.36799720949253, 26.109510653810894], [-109.36666470810107, 26.11221134140906], [-109.36369627686278, 26.117179521545683], [-109.35493986057575, 26.130064302511137], [-109.34950279159051, 26.13864225888562], [-109.34518406993001, 26.14498352283654], [-109.31737965961062, 26.189733260315876], [-109.31028754914044, 26.202494689264842], [-109.29895051923337, 26.226394120351475], [-109.29573024883275, 26.23628398118782], [-109.29323022001117, 26.249738206101405], [-109.29295728090825, 26.254168659992747], [-109.29239215919193, 26.256197151528635], [-109.29243974839788, 26.258005541425238], [-109.29206498317951, 26.260688382928745], [-109.29153555324301, 26.262169598057817], [-109.29104776302947, 26.26458475142208], [-109.29097638002013, 26.271390009063673], [-109.28942378055899, 26.275244736092034], [-109.2884363049935, 26.277314867187897], [-109.28679937022738, 26.27942072058417], [-109.28192039997903, 26.282985569800644], [-109.27401677107666, 26.291573787013036], [-109.2607469403078, 26.302989109706395], [-109.2518916304566, 26.312178260699593], [-109.25832414027697, 26.319928430086346], [-109.24759781899962, 26.315984660422195], [-109.24678790940075, 26.31603517934334], [-109.24219991051388, 26.319499550045407], [-109.23399987895692, 26.324399551229753], [-109.21563944934427, 26.334532260778502], [-109.21360589027199, 26.3399938288525], [-109.21306351940196, 26.34056297967597], [-109.21232251047448, 26.34190351986094], [-109.21127607950004, 26.342736050356528], [-109.20988612002732, 26.343189321490808], [-109.20921956891739, 26.3427975097298], [-109.20832028866077, 26.342838260411945], [-109.20757133993168, 26.34241388004232], [-109.20553206010409, 26.342152321103068], [-109.20452137901945, 26.34173069134441], [-109.20390221923311, 26.34182681884998], [-109.20327486037732, 26.34222734144706], [-109.20278268982433, 26.34369723035064], [-109.202557148883, 26.343807280025718], [-109.20253773912194, 26.34445255073596], [-109.20117738036325, 26.34399229025042], [-109.2001267088849, 26.343395459036266], [-109.19856481945553, 26.341669140806264], [-109.19587868999704, 26.34118715003271], [-109.19431390931369, 26.340672549896343], [-109.19346939922076, 26.340701680105447], [-109.19312984948522, 26.340934859618095], [-109.19263739961796, 26.340412570739105], [-109.19205008041956, 26.339000619379803], [-109.19084741993967, 26.337934120188603], [-109.1900357790282, 26.337648621278266], [-109.1899454298369, 26.336749650418156], [-109.18912710927428, 26.33552963056944], [-109.18883879976286, 26.334421780605325], [-109.18882446061613, 26.332988451487108], [-109.1890272589283, 26.333555600202278], [-109.18940354984446, 26.333711030286278], [-109.19014999979679, 26.333368709865304], [-109.19035791943935, 26.333123321262345], [-109.19027196926257, 26.332845860569453], [-109.18817077935019, 26.332373600706404], [-109.18676842985543, 26.330612719952494], [-109.18630939922166, 26.32969409029768], [-109.18573188856044, 26.329270939678402], [-109.18499404963676, 26.328228770584253], [-109.18355547871008, 26.327354400177295], [-109.1824287503348, 26.3272873101689], [-109.1820351386503, 26.327091801536856], [-109.17972743012137, 26.322630780410098], [-109.17800980045844, 26.320357649223915], [-109.1773811101898, 26.319737090041425], [-109.1766005099589, 26.319372980362903], [-109.17457896975546, 26.318969569264166], [-109.17517257920753, 26.317690289939083], [-109.17530837869474, 26.31678109054008], [-109.17505790953882, 26.315626119901204], [-109.17402507883905, 26.313893820177906], [-109.17126041999681, 26.311350169792856], [-109.17019434003656, 26.311012521060363], [-109.16768400012728, 26.310690050420742], [-109.1669474290703, 26.310391981314535], [-109.16622941985038, 26.308704430363086], [-109.16549034873789, 26.30808879989626], [-109.16494313944135, 26.30684734054003], [-109.16341454009934, 26.30643065084698], [-109.15906656961863, 26.306562949830578], [-109.15806285057293, 26.306167950686334], [-109.15694137011025, 26.30537436989985], [-109.15636247931297, 26.306285338865614], [-109.15551312014668, 26.306949820233623], [-109.15427554973778, 26.30715072042046], [-109.15219950899127, 26.307000000515806], [-109.14959948967828, 26.306400019892955], [-109.14379944977551, 26.30459952018496], [-109.142699449424, 26.3039995203113], [-109.13859943004968, 26.302499520499545], [-109.13539942037744, 26.301599520164014], [-109.13479941923032, 26.30119951985121], [-109.13470819881817, 26.29910824978884], [-109.13312373909478, 26.297858780279096], [-109.13093042995416, 26.297435291334292], [-109.12970065935063, 26.29777635009953], [-109.12875206024894, 26.29837705965939], [-109.12744797042309, 26.298648820431143], [-109.12737881858615, 26.29812551063603], [-109.12567788877986, 26.29704455088006], [-109.12523821885908, 26.297014339995208], [-109.12454677995876, 26.297440139906925], [-109.12351537906906, 26.297726880224854], [-109.12237008054286, 26.2985042612802], [-109.12100791980879, 26.29891016971687], [-109.12031762913088, 26.300361489301807], [-109.11965674902123, 26.303077570142744], [-109.10011274049364, 26.3129285802211], [-109.09804774001917, 26.31281739998025], [-109.0980366488559, 26.31228016940281], [-109.0966803494798, 26.312124451375226], [-109.0940758488675, 26.31718719891664], [-109.09376161961403, 26.31985430989009], [-109.09336028896183, 26.32050320061862], [-109.091501939021, 26.32196560035587], [-109.08860943018026, 26.324862660454873], [-109.0876465489128, 26.325577170531552], [-109.08727054928427, 26.325607540908802], [-109.08713304882978, 26.32622174007871], [-109.08754144961974, 26.33081851045635], [-109.08540548983359, 26.336495181000988], [-109.08451713942405, 26.337192739964387], [-109.08281920001384, 26.33708685978921], [-109.08121822863792, 26.33773897892241], [-109.08099214929128, 26.339677600103666], [-109.08038417898844, 26.341356420573646], [-109.07802934015284, 26.34368742955367], [-109.07655182049989, 26.34744311985475], [-109.07648991889317, 26.34937635061174], [-109.075829139712, 26.351137380368485], [-109.07421423016609, 26.35353005047855], [-109.07207863050462, 26.354449600287168], [-109.07088199864894, 26.355261289339165], [-109.07060625905734, 26.356315829101415], [-109.06994021938229, 26.357261050289576], [-109.00644348923326, 26.40236988999542], [-109.00615237975383, 26.402468150004715], [-109.004054090019, 26.400085490520457]]]}}, {"type": "Feature", "properties": {"CVEGEO": "25002", "CVE_ENT": "25", "NOMGEO": "Sinaloa", "CVE_MUN": "002", "NOMMUN": "Angostura", "cov_": 1894, "cov_id": 1895}, "geometry": {"type": "MultiPolygon", "coordinates": [[[[-108.36670836487869, 25.15850042902184], [-108.36680713029078, 25.157998880915684], [-108.3660682511917, 25.156512804451662], [-108.36536601524429, 25.156464803604376], [-108.36470317900407, 25.1571285887495], [-108.36369603067249, 25.157059256353453], [-108.36356877516958, 25.157271739584203], [-108.36304233356091, 25.157376614665587], [-108.36226655791067, 25.15697218173849], [-108.36126795625569, 25.156939470016436], [-108.36126427873391, 25.157199156777892], [-108.36085494513624, 25.15708752843578], [-108.36032574674306, 25.158559734596146], [-108.3597878740049, 25.158883980099805], [-108.35918956122664, 25.15868176651183], [-108.35883404093386, 25.158161706419246], [-108.35844935940699, 25.15837433307954], [-108.3564053447608, 25.161450585490396], [-108.35471465694299, 25.163137759942575], [-108.35412716110923, 25.16184509514638], [-108.35747988065516, 25.15768579188493], [-108.35849236431592, 25.155872685117092], [-108.36043936676529, 25.153145554630928], [-108.36525965598581, 25.15021137685301], [-108.36665674232823, 25.14962623776389], [-108.36767088993332, 25.148768212903768], [-108.36873185628977, 25.148869484560223], [-108.37076362963789, 25.15046939084538], [-108.3720096653404, 25.152197190265447], [-108.37349591985193, 25.15308793813801], [-108.37630656909387, 25.156925359656064], [-108.37778449764559, 25.158204036991698], [-108.37803846001539, 25.159319791751756], [-108.37866126370315, 25.16039417712639], [-108.37885024766095, 25.164127335864976], [-108.37773354027647, 25.165612224616762], [-108.37706072879881, 25.167000396699674], [-108.3763461342313, 25.16743970820371], [-108.37528998490112, 25.16762086742595], [-108.37521058218799, 25.167143310974055], [-108.37547590661889, 25.16700144682602], [-108.37556433704127, 25.166517109596974], [-108.37674210301036, 25.166090127692197], [-108.376717661092, 25.16587554122049], [-108.37542099686156, 25.165862032593857], [-108.37389415918344, 25.166174137238336], [-108.37406536960184, 25.165542093444706], [-108.37304489001826, 25.164611405300395], [-108.3725974613072, 25.16351320228078], [-108.37265284145487, 25.16298418618038], [-108.3717009127099, 25.162831308569384], [-108.37161515631871, 25.162348620902634], [-108.37234263116149, 25.160860046293966], [-108.37317953737231, 25.160791683490338], [-108.3737936586571, 25.160934459315396], [-108.37597894809787, 25.162231840990792], [-108.37626454332162, 25.16296882522725], [-108.37581988583608, 25.16435180806327], [-108.37603983663352, 25.164529500273737], [-108.37649181110204, 25.16458639137386], [-108.37719635499128, 25.16365141479534], [-108.37715289436942, 25.1626122742758], [-108.37524645677345, 25.160838913656033], [-108.37517678807883, 25.160487011980074], [-108.3746279921599, 25.15992085357396], [-108.37426358163783, 25.15864688198503], [-108.37415089989915, 25.15851606483741], [-108.37282076456428, 25.15884059309708], [-108.37215043097123, 25.15875174195874], [-108.37198306700998, 25.158371781061057], [-108.37246760285245, 25.15787195728247], [-108.37214540097261, 25.157544520900395], [-108.37242331988453, 25.157453431170964], [-108.37241246359541, 25.1572664144571], [-108.37169213492538, 25.15713241850653], [-108.37151392296389, 25.157463613069165], [-108.37164003984743, 25.15773623802171], [-108.37103618026602, 25.157831481089666], [-108.36971667050064, 25.160061301602585], [-108.36967271716432, 25.161021952299077], [-108.36894481307539, 25.161745745818394], [-108.36882871907842, 25.162345600316325], [-108.3670612375192, 25.164513869364814], [-108.36620581602166, 25.165212403175417], [-108.36394158050103, 25.16842246129617], [-108.36356625376537, 25.168670483430528], [-108.36303015373052, 25.168616160204362], [-108.36242080400108, 25.167096201280053], [-108.36240850307715, 25.16643864405557], [-108.36293317614223, 25.165547526920435], [-108.36400118203747, 25.16515709743361], [-108.36648636505153, 25.16128506273603], [-108.366459021292, 25.159914783086045], [-108.36590844119077, 25.159034263763818], [-108.36670836487869, 25.15850042902184]]], [[[-108.37888256874027, 25.16946295651454], [-108.37842136240707, 25.168940968262472], [-108.37753071547603, 25.170166506274068], [-108.37705544371575, 25.169356727264805], [-108.37724688596678, 25.1684118177737], [-108.37675847368824, 25.168143236529506], [-108.37688844805342, 25.167561261696548], [-108.37854853337373, 25.1658720253914], [-108.37938026053196, 25.164252371372783], [-108.3796313797771, 25.16290854417225], [-108.38069671436422, 25.161207325731283], [-108.37990618564298, 25.16123935390379], [-108.37956006554202, 25.160640613606198], [-108.3796935387148, 25.160130580597702], [-108.37920867097425, 25.159933954249407], [-108.37854528783431, 25.16013624311267], [-108.37766889795172, 25.15776394639717], [-108.37628738660771, 25.156724126835], [-108.37432649292762, 25.153876673694977], [-108.37299563597965, 25.15257525240432], [-108.37210361692678, 25.15214997757881], [-108.37086378954321, 25.150441152761417], [-108.36886796490035, 25.14882056858945], [-108.37002981885809, 25.148771168413433], [-108.3717565418811, 25.150071014170898], [-108.37533576172594, 25.154431757807608], [-108.37757560332348, 25.156503751920276], [-108.3805357726134, 25.158726754570548], [-108.38285562262844, 25.160002448368257], [-108.38405548797088, 25.16024217041903], [-108.38451413470158, 25.161521189467212], [-108.38349893761, 25.163436672009997], [-108.38323201328807, 25.16445674389304], [-108.38357032181324, 25.16570459681093], [-108.38347911048946, 25.167077992010306], [-108.38272471201908, 25.168658488074744], [-108.38273015228364, 25.170388408880623], [-108.38302718294153, 25.171601886645448], [-108.38379329464668, 25.172688215714203], [-108.38557937500423, 25.17438199336701], [-108.38622693303616, 25.1754731167766], [-108.38590736249117, 25.177035987423572], [-108.38094349002178, 25.18163458338343], [-108.38070169596399, 25.179121274813397], [-108.3810995859956, 25.17834822341861], [-108.38044244189099, 25.17787022441517], [-108.37945579767081, 25.176324236511235], [-108.3795681724502, 25.17538252974312], [-108.37905146521695, 25.172916390593116], [-108.3793816645216, 25.171569369803457], [-108.37931222403813, 25.170959424479438], [-108.37859365862103, 25.17084435072748], [-108.3784592385688, 25.170525394191316], [-108.37884397353636, 25.170293545112486], [-108.37888256874027, 25.16946295651454]]], [[[-108.37492965333008, 25.17348389117735], [-108.37523504421891, 25.171769719084914], [-108.37499371916022, 25.1712291840596], [-108.37544484325078, 25.170570886598668], [-108.37602824775067, 25.170318709593758], [-108.37623197602426, 25.169776381612024], [-108.37569470991129, 25.168322339696367], [-108.37577870960634, 25.16791379041683], [-108.37611744877088, 25.1679220524823], [-108.37670679029002, 25.169093698591592], [-108.37666314861727, 25.16959149020252], [-108.3773563030034, 25.170845349369113], [-108.37714861908377, 25.171988586982394], [-108.37731485257947, 25.173001218505004], [-108.37798572842685, 25.17261170979186], [-108.37873794985032, 25.171201394387484], [-108.37910583386652, 25.171269659470997], [-108.37917145108602, 25.17150765467537], [-108.37862115699426, 25.174734004833077], [-108.37883001230428, 25.175805388387996], [-108.38027126338807, 25.17791762469776], [-108.37995348983262, 25.17856101336074], [-108.38054565026327, 25.179330002930758], [-108.38068631014778, 25.1805858565533], [-108.38064345356369, 25.18270534170643], [-108.37976675263126, 25.183650826223907], [-108.37913151958718, 25.18300752173529], [-108.38020835402658, 25.181339567217265], [-108.38027107673999, 25.180080791065727], [-108.37923581869404, 25.179274925923966], [-108.37757806855102, 25.178585128562368], [-108.37658198036961, 25.177694617015266], [-108.3762112257453, 25.17701759294645], [-108.37620554586582, 25.175162406556463], [-108.37461875734569, 25.174376001365594], [-108.37435756871228, 25.173991296898162], [-108.37492965333008, 25.17348389117735]]], [[[-108.09494357035751, 25.443980770562128], [-108.09705508856582, 25.439973739807886], [-108.09712567902169, 25.439346142574717], [-108.09896253910621, 25.439618309251085], [-108.09896181963212, 25.439303579805344], [-108.09998630870108, 25.439571880620278], [-108.09966811950372, 25.44017842054081], [-108.09960464966224, 25.440902180639483], [-108.10111595034702, 25.441122969718002], [-108.1018225787381, 25.440138830177652], [-108.10117696943594, 25.439755910643083], [-108.10142457029731, 25.439406619512035], [-108.10062709014514, 25.438939429396193], [-108.10095041954729, 25.438402170230937], [-108.1006830002241, 25.438264060246787], [-108.10036563042543, 25.438794079073954], [-108.0970670895682, 25.43805725097498], [-108.09710660012374, 25.43387217892838], [-108.09436437032068, 25.434398619330608], [-108.09182145955907, 25.438043819353673], [-108.09067726003678, 25.43753597998782], [-108.08966001878025, 25.439865999985834], [-108.09074503013186, 25.4402377203523], [-108.09027972008299, 25.44101781982487], [-108.08821656923787, 25.43956772023894], [-108.08784619912994, 25.436447920447172], [-108.08863122014144, 25.435234649137744], [-108.08756963034757, 25.4343850588401], [-108.0862024195916, 25.435782689372996], [-108.08309761891671, 25.430941999874246], [-108.08581465042285, 25.43091362973219], [-108.08850479900589, 25.429323620496657], [-108.08791002932871, 25.427735379946814], [-108.09347094910903, 25.424040579785583], [-108.09560991875067, 25.42331857000389], [-108.09722877010658, 25.422402779593522], [-108.05093955020043, 25.39097225931795], [-108.04268742994654, 25.394511979353936], [-108.04243279979217, 25.39411514028674], [-108.04158911006868, 25.393785339947797], [-108.0371813694383, 25.394184939753742], [-108.03668023041514, 25.394403660236605], [-108.03663348055048, 25.394216250567045], [-108.0336124897837, 25.392546429999832], [-108.03092095033949, 25.38884302880941], [-108.03600839915069, 25.38526651973648], [-108.03311667876562, 25.384629279641825], [-108.03313921948428, 25.384810430268757], [-108.03286014898882, 25.384921349276308], [-108.03054091879068, 25.38487365899847], [-108.02779218007196, 25.382877290001968], [-108.02856693998216, 25.381180980385217], [-108.02922771011016, 25.381219540512042], [-108.03037130893783, 25.38165135053507], [-108.03095901904413, 25.380903890388232], [-108.0324435803207, 25.38083421891531], [-108.03343354018352, 25.379499309898094], [-108.03386351973863, 25.37862151046205], [-108.03329357902578, 25.375140599471905], [-108.03566546020879, 25.372025750354464], [-108.03605079927269, 25.370428540599153], [-108.03752634979988, 25.368268199353704], [-108.02632634870957, 25.369182660061842], [-108.02657414871508, 25.366346799934668], [-108.02831514018794, 25.364679550526137], [-108.02789757994321, 25.36205091061606], [-108.02819997999246, 25.361095570307423], [-108.02915510889933, 25.359454620419978], [-108.04103897983624, 25.36251755045832], [-108.04068911903545, 25.360873139773506], [-108.04049347913781, 25.354927030464903], [-108.0416982296553, 25.352859199839678], [-108.04271894920194, 25.353034540240348], [-108.04297328915683, 25.351129429899412], [-108.04498168992224, 25.344565570363798], [-108.04552786006174, 25.34336801930881], [-108.04538497045269, 25.341286378889293], [-108.04320569034661, 25.341514519743086], [-108.04322979997268, 25.334458539544663], [-108.04235385922236, 25.330071909774784], [-108.03508061871696, 25.324912030024556], [-108.03446100009744, 25.32424504950778], [-108.03312134949567, 25.306968050543436], [-108.03105307998138, 25.303785309921384], [-108.0315124190167, 25.303347420450205], [-108.03225528889341, 25.303250828982254], [-108.03277037862073, 25.30083910894138], [-108.03404152025921, 25.30058024940235], [-108.0043856795979, 25.262914999363748], [-108.00068862916086, 25.253416149542456], [-108.00157074942156, 25.25316865027992], [-108.00686821855246, 25.250617030196114], [-108.019181459321, 25.247468340491327], [-108.01952839842724, 25.24710362925164], [-108.02031991915733, 25.24476044924696], [-108.02587867810637, 25.241139969698022], [-108.0286837396515, 25.241573140320416], [-108.03118744879245, 25.241457260025484], [-108.03391711970063, 25.23957254028189], [-108.03593014922936, 25.23954530985018], [-108.03814242925426, 25.238869279647233], [-108.03809934921605, 25.23599533920401], [-108.03523009004954, 25.23648736958755], [-108.03246636938312, 25.233989349572887], [-108.03322951017971, 25.23257339910587], [-108.01505967879012, 25.22012988952483], [-107.99579271944405, 25.22022347967143], [-107.99541942932098, 25.222057980215858], [-107.99300011023374, 25.223000939192453], [-107.98835651975455, 25.22131888914834], [-107.97706322857458, 25.192335120490963], [-107.96948774881854, 25.1808135689682], [-107.97202112041441, 25.177460549932437], [-107.97199967970217, 25.177063620261404], [-107.96879697872298, 25.164661780164714], [-107.97104437950213, 25.163643399934788], [-107.96781281992381, 25.156116230049975], [-107.96845899959399, 25.15591495005747], [-107.97001410873573, 25.15430875013112], [-107.98563768921542, 25.158280629817362], [-107.9865716501005, 25.157470088981164], [-107.98573253873435, 25.157491720346478], [-107.98596515039087, 25.149945509845697], [-107.98949371015128, 25.149882290118615], [-107.9990630902594, 25.13402753891382], [-107.99549098042687, 25.134103229765397], [-107.99550759936625, 25.13168988957276], [-107.95937982031042, 25.131786880415472], [-107.95935273924147, 25.12727574048647], [-107.95734427980543, 25.127098220219565], [-107.95730379954564, 25.12263609013944], [-107.95544989030417, 25.12255189030181], [-107.95541974054976, 25.118060820360586], [-107.95146210969249, 25.118073510158258], [-107.95149316894975, 25.12260671065233], [-107.94970204941792, 25.12253914936025], [-107.94969549018057, 25.114535748922236], [-107.93974551916028, 25.114552569397496], [-107.93983791014145, 25.113574478863967], [-107.93890934960753, 25.113577409122865], [-107.93926019997626, 25.109749430006552], [-107.93980930881227, 25.109278509507384], [-107.93983087932475, 25.10824390904792], [-107.93928650862064, 25.108161179749796], [-107.93943505030688, 25.106892830507007], [-107.93909301927133, 25.10672782964133], [-107.93908081962512, 25.105277218016344], [-107.93981346024975, 25.105282579738752], [-107.93958097008397, 25.091129310632716], [-107.94356525858495, 25.090981940280304], [-107.94353436892641, 25.08647731040831], [-107.94560274895113, 25.086496048999262], [-107.94552708944516, 25.068477200450378], [-107.93956632034937, 25.06847047972692], [-107.93956834943728, 25.070288910623855], [-107.93717511986686, 25.07027423006202], [-107.93771393997162, 25.073533459823786], [-107.93776051987771, 25.076636830636], [-107.9336928300222, 25.07751888941361], [-107.93139690903237, 25.07024787998924], [-107.92972974050925, 25.07584562991069], [-107.92613537947709, 25.07839800061913], [-107.92644939993912, 25.06863417958449], [-107.92900004932099, 25.06634057933843], [-107.92582317891201, 25.064667349113602], [-107.92461808008804, 25.063017060254566], [-107.92475493983173, 25.062947058923424], [-107.91970871971793, 25.059940800532495], [-107.91969709045944, 25.063121979942974], [-107.91229942029517, 25.063110659215084], [-107.91248175049445, 25.063299459601016], [-107.91166817959021, 25.063951049319886], [-107.91105325955589, 25.063042769954198], [-107.9098669397048, 25.063113289878974], [-107.90984533996235, 25.05472054522555], [-107.90791237199437, 25.055923629300676], [-107.90682514975828, 25.05482337925812], [-107.90727179878706, 25.05454641930908], [-107.90724444879949, 25.05280884970211], [-107.90823085978337, 25.052782979504638], [-107.90817615013002, 25.0511499200859], [-107.90783444943422, 25.050164909075455], [-107.90708391877206, 25.049122649110224], [-107.90613025018153, 25.04957722054808], [-107.89564128007716, 25.034952420315236], [-107.89613739976352, 25.03339448887853], [-107.8958892290655, 25.032361399386463], [-107.89509380032958, 25.031580309541184], [-107.89951609024368, 25.017937090593254], [-107.90947144888587, 24.97891927983859], [-107.91367441945118, 24.980032969026915], [-107.91366878052949, 24.975034659966173], [-107.9149664198877, 24.97359702907052], [-107.91522715004291, 24.969224119193942], [-107.92008480018436, 24.97006231932483], [-107.92428327921861, 24.97826555028742], [-107.92950565886997, 24.978226750499797], [-107.96778144896959, 24.9765150795326], [-107.96370229007017, 24.968413549248115], [-107.96887673922583, 24.970531970284263], [-107.96952808980932, 24.971813650305585], [-107.97281917033132, 24.969748579170805], [-107.97546537906888, 24.969786860106026], [-107.97575019889807, 24.971267750027007], [-107.97412656916886, 24.973859250457124], [-107.97117310906343, 24.974523260548565], [-107.97317521994651, 24.978232060381202], [-107.97509999943856, 24.97759999967094], [-107.98019999962285, 24.975400000011696], [-107.98159999952391, 24.970300000254763], [-107.984033339403, 24.9688515389497], [-107.98460968947994, 24.96953042013713], [-107.98543388977663, 24.96952449016738], [-107.98849995006577, 24.967349649871487], [-107.98885006024828, 24.96500976993895], [-107.9909163097186, 24.96266635022723], [-107.994422648613, 24.9533883206151], [-107.99542265896612, 24.9500501500356], [-108.00951336896583, 24.922641460409036], [-108.02435464866613, 24.913821510596055], [-108.0250308796415, 24.89338413958925], [-108.00804154871612, 24.865399020570614], [-108.004210219319, 24.849944819927945], [-108.00921600021415, 24.8451677392006], [-108.02189395002577, 24.842379850299473], [-108.03462991993354, 24.80789210956932], [-108.06991125942069, 24.785141030066647], [-108.0907895206242, 24.81613603622283], [-108.0922752338096, 24.816015126716902], [-108.09693897416366, 24.816905265375514], [-108.10657468947703, 24.820276620623574], [-108.11125676988053, 24.82258253957871], [-108.11268642905591, 24.823485319530587], [-108.11476930831759, 24.82503416020969], [-108.11675234856878, 24.827472469162007], [-108.11799579745919, 24.828577459147446], [-108.11929260429847, 24.830647590420075], [-108.11998264666654, 24.832241829175448], [-108.12131219906935, 24.8383796012967], [-108.12220744275658, 24.840760299704154], [-108.12372304408855, 24.847560543709303], [-108.12859428497507, 24.855710465202684], [-108.13180685929802, 24.862430710081693], [-108.13618960942497, 24.870306378869863], [-108.13657282788974, 24.871238071399247], [-108.13649031452759, 24.872123374699523], [-108.15206915852431, 24.896936405297577], [-108.15327658953765, 24.89846629261522], [-108.15398508035594, 24.90001162982796], [-108.15845840845036, 24.90712600058681], [-108.1600119671845, 24.910097311625382], [-108.16668897162674, 24.921464625279555], [-108.17106967501262, 24.927705804625102], [-108.17509320884648, 24.934840872202457], [-108.18319302907386, 24.947943120060156], [-108.18602458822555, 24.952166662928956], [-108.1887046758017, 24.957028025305927], [-108.19366265668512, 24.963445309107914], [-108.20557658412342, 24.981794457869363], [-108.21073330745001, 24.99107085112499], [-108.2122323685069, 24.9941403567028], [-108.21241796598969, 24.995396711502448], [-108.21561596117367, 25.00066483842032], [-108.22783687332317, 25.018253812945918], [-108.24005778498518, 25.03311592686482], [-108.24145712723384, 25.035172095097074], [-108.25092738192316, 25.045118242617846], [-108.26453789901966, 25.05766989884606], [-108.26735755967465, 25.059906592744426], [-108.27845774585128, 25.069614793100243], [-108.28811835688956, 25.077133890669103], [-108.29279399785678, 25.080048730023126], [-108.29755291980882, 25.08353464057906], [-108.30502442842128, 25.087817670238845], [-108.30601190383786, 25.08866237920978], [-108.30984283594094, 25.09082768814321], [-108.32128804365388, 25.096942903641477], [-108.3236437101874, 25.097906585432362], [-108.32690357174391, 25.099607898835615], [-108.32988979452344, 25.102606020134523], [-108.33154352068377, 25.106025305083318], [-108.33323769676831, 25.107843214039505], [-108.33525547956549, 25.108923489492682], [-108.34105492017625, 25.110854280663293], [-108.34229223968615, 25.111496735181902], [-108.34286330952152, 25.11216298439162], [-108.34376108602909, 25.11499619108433], [-108.34343438137508, 25.117255031342065], [-108.3424337109014, 25.11920348759511], [-108.34008102692287, 25.121539390862125], [-108.33788882341285, 25.123182970505624], [-108.33612916117443, 25.124205462702495], [-108.33437202457193, 25.124785188890552], [-108.35580972031535, 25.165962508836362], [-108.3572176503403, 25.166597890031102], [-108.35814582975618, 25.16728167885708], [-108.35745288041544, 25.169193830556686], [-108.38366733914197, 25.186664480310515], [-108.3833271788712, 25.188003630158665], [-108.38209696935735, 25.190215080089445], [-108.38089501873421, 25.19110363049827], [-108.38026248953648, 25.19514530979807], [-108.37878759862086, 25.196028980293985], [-108.37550805032828, 25.200437249627186], [-108.37472531951703, 25.20298739987023], [-108.37460241997853, 25.20447403058703], [-108.37361813923134, 25.207930420241333], [-108.37372904899644, 25.21124085946163], [-108.37303717901081, 25.213792620266236], [-108.37221338007465, 25.21824439982236], [-108.37272368986429, 25.21990769029196], [-108.37427785031227, 25.221813679422144], [-108.37497376959944, 25.223314859916098], [-108.37705397002279, 25.223930800016806], [-108.37784802944893, 25.225102849759523], [-108.37955905853357, 25.225960349284083], [-108.38053861956621, 25.22697026062089], [-108.38324527921995, 25.2280934891561], [-108.38430174877635, 25.229766450491773], [-108.38412756949674, 25.233650819754082], [-108.38348527973196, 25.23388757012046], [-108.38212214876542, 25.23378069062374], [-108.38209733861136, 25.234938230211938], [-108.38263619859273, 25.235278630308922], [-108.38313613891701, 25.2374379802575], [-108.38383928052355, 25.238608420474975], [-108.38473155025169, 25.23945134023164], [-108.38416256967355, 25.24051650990799], [-108.38162085858488, 25.240548169913307], [-108.37146936989413, 25.246552320524774], [-108.37202771010888, 25.259776909667867], [-108.37011764912924, 25.26214138012854], [-108.3642372798775, 25.264968199762126], [-108.36029385961248, 25.26770015042006], [-108.35751148866116, 25.270561349418138], [-108.35687881978603, 25.27379094974896], [-108.3576527997996, 25.277469509516262], [-108.35764519955254, 25.280119859315924], [-108.35699305987947, 25.281744649475545], [-108.35678928893695, 25.28355939947494], [-108.35890514960698, 25.288242430536037], [-108.3601732290689, 25.288755749159403], [-108.36118729027689, 25.287914079381597], [-108.36085151894456, 25.286459259651245], [-108.3609065497082, 25.28547373977268], [-108.36197028027237, 25.28482206019385], [-108.36460067923463, 25.28553954987748], [-108.36603048027911, 25.285458369510085], [-108.36703805952143, 25.284666910573588], [-108.36697021971733, 25.28354341911797], [-108.36725128999119, 25.28268741884254], [-108.36802764989362, 25.2821868302323], [-108.36976778034615, 25.28229460015467], [-108.37143337011914, 25.283421770062553], [-108.37264208893255, 25.28617096914145], [-108.37295634971304, 25.29053551976857], [-108.3733799801659, 25.291493910360806], [-108.37670257961379, 25.294356120453486], [-108.37891351914156, 25.29696486064345], [-108.37901627921282, 25.298727649814087], [-108.37856967949256, 25.301441649390874], [-108.37837441923743, 25.304351420543114], [-108.37741138044757, 25.30584746033533], [-108.37744549009439, 25.307910260183593], [-108.37582196931382, 25.309451939863017], [-108.37423217863963, 25.310501709984145], [-108.37159625900222, 25.31072838047716], [-108.37095568975795, 25.311162888887836], [-108.37038266048611, 25.312435939819405], [-108.37077244987861, 25.312828799432683], [-108.3715052196561, 25.312892280127254], [-108.37196762862787, 25.31269497888439], [-108.37242247971446, 25.312878979291792], [-108.3722772189808, 25.314964910084118], [-108.37375644978, 25.316091598965304], [-108.37392617874393, 25.316799369898444], [-108.37294470907086, 25.332815679980506], [-108.37274967968713, 25.33337081908131], [-108.36707241864254, 25.33496691932789], [-108.36499914938705, 25.336269259639554], [-108.36664971969617, 25.337913290421653], [-108.363199399893, 25.345132380488508], [-108.36788488041495, 25.35652588968431], [-108.36245117922267, 25.358401619726425], [-108.3600494296785, 25.356722030138442], [-108.35500718015501, 25.356911580023976], [-108.35204087975836, 25.357529750310373], [-108.3481902199184, 25.360379399681634], [-108.34600265034418, 25.362802970231275], [-108.34422168857225, 25.368922219853047], [-108.34250637012406, 25.36876835029126], [-108.34075348998054, 25.367364030487046], [-108.33990176962944, 25.364577140269017], [-108.33977796981287, 25.363011139684257], [-108.3376716493912, 25.361959199854077], [-108.33675807946757, 25.362322150114263], [-108.33313041883217, 25.364563599234533], [-108.33131508931322, 25.364708540006635], [-108.33096261993805, 25.365146849779507], [-108.32992568865109, 25.36552825007728], [-108.3291296790971, 25.366091940059775], [-108.32825434858296, 25.365809180354507], [-108.3279977990071, 25.36633814995782], [-108.32587205021518, 25.367233378830342], [-108.32519347967546, 25.366909749962225], [-108.32416337963423, 25.366980020410004], [-108.32317254020101, 25.367495549716963], [-108.32255068922392, 25.369040720042253], [-108.32174286030755, 25.37013771921023], [-108.32074990904312, 25.370742200135062], [-108.31971891910287, 25.370856850404223], [-108.31918718037001, 25.370535859207315], [-108.31890616916678, 25.369952619778307], [-108.31903457952889, 25.36935188992982], [-108.32007138030671, 25.368601429736433], [-108.31999737912567, 25.368034829952684], [-108.31925224914704, 25.3682292297403], [-108.31773989020618, 25.369249769296022], [-108.31453279944009, 25.369649509689324], [-108.3145215391362, 25.366574169633168], [-108.3070023801243, 25.366511600126604], [-108.30709132001138, 25.373670290227977], [-108.29881548997822, 25.370984519193218], [-108.29748562878761, 25.376153820647417], [-108.29661737973714, 25.380923320162967], [-108.29354037923487, 25.380545650393348], [-108.29347865860836, 25.380302340498453], [-108.29961647934905, 25.35185265898669], [-108.29377504898136, 25.34899812021106], [-108.29280186044011, 25.34864371987476], [-108.29205607855306, 25.348803889922763], [-108.29353364957757, 25.353026999001273], [-108.2916790904445, 25.352084050233678], [-108.29347867871856, 25.35368525020547], [-108.29352685925701, 25.359215630591116], [-108.29064976891163, 25.359293370481495], [-108.28553502889393, 25.360054480236048], [-108.28200959863649, 25.358672400402966], [-108.27453211893832, 25.359625519830537], [-108.27239464881544, 25.37136345981203], [-108.26366053952502, 25.372537800304563], [-108.26204641984414, 25.370258568878306], [-108.26000205979899, 25.361430970496382], [-108.25952425051084, 25.36139441956837], [-108.25788557913761, 25.361476829543648], [-108.25616328912773, 25.36186828010257], [-108.2366875485937, 25.369616459771628], [-108.23420261932107, 25.36975893894], [-108.23427982979327, 25.36954708049569], [-108.23263599994198, 25.369819280555916], [-108.23266551870496, 25.3708592503338], [-108.2331720793996, 25.371642459666525], [-108.23284002930365, 25.37269485006357], [-108.23256994895873, 25.376381650483612], [-108.23248197933025, 25.376719020128224], [-108.23109227995631, 25.377655510359908], [-108.2335449401611, 25.379600489996115], [-108.22023244932039, 25.38813591894287], [-108.21343679987712, 25.392889689426177], [-108.20070774020786, 25.400275200204657], [-108.18661881983297, 25.408129889665016], [-108.19475701890487, 25.42537449057658], [-108.18953611015613, 25.426426019399326], [-108.1830323096046, 25.42534125888108], [-108.18593735002125, 25.411754690474563], [-108.18466775043524, 25.409166279013398], [-108.1820375787212, 25.41047748986395], [-108.17831681865087, 25.413622569575804], [-108.17764702015968, 25.413114920463517], [-108.16900293964426, 25.41789551027413], [-108.16805731050255, 25.41649131043544], [-108.1665798898916, 25.405752229733558], [-108.17760405010925, 25.40418914062466], [-108.17371325929456, 25.4008754803032], [-108.16984716924054, 25.398153510235584], [-108.1666784794463, 25.396803140376708], [-108.16611139939128, 25.3970111797719], [-108.1636188295459, 25.39602499997199], [-108.16260195052304, 25.39594631026797], [-108.16194141970708, 25.395193939988133], [-108.16168676910236, 25.394451109799693], [-108.16056396876242, 25.39984194007285], [-108.16172833979253, 25.399742520221704], [-108.16199694992437, 25.40110239888484], [-108.16049616926946, 25.401490400318554], [-108.15999013899604, 25.401318820197407], [-108.15551898012521, 25.4017569492784], [-108.1556386887187, 25.40283428939228], [-108.14482694011232, 25.409709799067496], [-108.1444638591334, 25.41091007951098], [-108.14390668970165, 25.410712259774737], [-108.13888004883037, 25.42845619991151], [-108.13683240015628, 25.429860620093443], [-108.12811651045715, 25.431770090381836], [-108.12806434980192, 25.432812889216844], [-108.12126719886673, 25.43341804991714], [-108.12161048038007, 25.43426636963307], [-108.11965769009855, 25.436007290233228], [-108.11824412020395, 25.43649821933569], [-108.11670187923224, 25.43672497917128], [-108.11750341994868, 25.441538229978505], [-108.10284845965748, 25.45053271994589], [-108.10157208039557, 25.449247019608244], [-108.09494357035751, 25.443980770562128]]]]}}, {"type": "Feature", "properties": {"CVEGEO": "25003", "CVE_ENT": "25", "NOMGEO": "Sinaloa", "CVE_MUN": "003", "NOMMUN": "Badiraguato", "cov_": 1909, "cov_id": 1910}, "geometry": {"type": "Polygon", "coordinates": [[[-107.4323474601679, 26.13824576927467], [-107.41611823009953, 26.141220249261536], [-107.3465277998074, 26.109523119369364], [-107.32703514007832, 26.09088984888328], [-107.30488980040246, 26.076402429568077], [-107.30669171995314, 26.048784148920312], [-107.27634626026196, 26.001976539208894], [-107.27671484973463, 26.001871859271716], [-107.27701118002253, 26.001217288838898], [-107.27752245983821, 26.000879118817668], [-107.27777545050301, 26.000376579341705], [-107.27689176975247, 25.99989705908521], [-107.2772539503896, 25.999030889393197], [-107.27808362977115, 25.997985879143705], [-107.27781469039338, 25.99674965910664], [-107.27795722001052, 25.995632109547124], [-107.27869124976499, 25.995898059301528], [-107.27878097017474, 25.99528545949636], [-107.27818587972183, 25.99482837913377], [-107.27834564988525, 25.994195579583565], [-107.27855094980342, 25.994160019249602], [-107.2787806897501, 25.993504679011476], [-107.28008247980894, 25.99288582943756], [-107.28072276954408, 25.992857489201054], [-107.28175425025292, 25.992281479088692], [-107.2820302204316, 25.99198061909235], [-107.28168161965944, 25.990682308906287], [-107.28185356965659, 25.990110569074655], [-107.28237777004749, 25.989924819242194], [-107.28237203035532, 25.989432089131554], [-107.28191418016459, 25.988766319362984], [-107.28106066027861, 25.988431549279888], [-107.28095758018057, 25.988720349228895], [-107.28062871015887, 25.98840051945505], [-107.28081949035052, 25.98756756914571], [-107.28218602009198, 25.987064259029292], [-107.28232262998519, 25.986842259064552], [-107.28217322010528, 25.986341198962364], [-107.28243306019304, 25.98613562942736], [-107.28244491984528, 25.98574139936413], [-107.28212908047807, 25.984984459654523], [-107.28237631004335, 25.983185979146867], [-107.28152538014974, 25.98252267898797], [-107.28048936962213, 25.98070164944206], [-107.28107721978314, 25.97978910943549], [-107.28123742047782, 25.97903081934218], [-107.28204279977899, 25.978478819382833], [-107.28228022001291, 25.977992338855667], [-107.28166800023952, 25.977636709689413], [-107.28159668980149, 25.977372458939186], [-107.28253915005736, 25.976120289021825], [-107.28256859986882, 25.975376119298883], [-107.28162651007626, 25.974802179653707], [-107.28052725953263, 25.972844479435285], [-107.28033104959377, 25.9723278192096], [-107.28047788013178, 25.971075519214633], [-107.28009313960591, 25.970233879348225], [-107.28086436992649, 25.96968834902816], [-107.28096951986726, 25.969118399343387], [-107.28127529014074, 25.968934579536306], [-107.28157345023126, 25.96825657954194], [-107.28143078032137, 25.967936219046848], [-107.28177730959342, 25.96692862949749], [-107.2817278001104, 25.966010849673548], [-107.282229179868, 25.9655344289185], [-107.28205073995228, 25.962421679679462], [-107.28221577045385, 25.962192969236185], [-107.28085919987353, 25.961378619159255], [-107.28050402965982, 25.96091476943211], [-107.2799429396515, 25.959310799398928], [-107.28003709030425, 25.958095879455396], [-107.2802878802306, 25.957395089659904], [-107.28199008993332, 25.957384279007226], [-107.28346988044855, 25.957058508801808], [-107.284401940213, 25.956603999544548], [-107.28513982998382, 25.955841848950488], [-107.28613447998467, 25.955269049381492], [-107.28703478045468, 25.95398482965218], [-107.29612821980622, 25.924793398961665], [-107.24247065952443, 25.892369648978455], [-107.24450043002255, 25.887410719227525], [-107.24371250978616, 25.88674356958888], [-107.24380773983081, 25.88599991909636], [-107.24322197982866, 25.88523219957497], [-107.24419136989053, 25.884205178975563], [-107.2447238595983, 25.884233939067446], [-107.24552097979576, 25.883850259175652], [-107.24574478046408, 25.88349914887032], [-107.24549688955044, 25.88264919945358], [-107.2458388897674, 25.88250197927748], [-107.24623289013601, 25.880708229130978], [-107.24649708001375, 25.880592219052343], [-107.24634982049318, 25.88027527922783], [-107.24679292028158, 25.8802820593779], [-107.24707857963372, 25.879915029319257], [-107.24704882026961, 25.879179419467377], [-107.24625271976902, 25.87891613934987], [-107.24694771986731, 25.87881221918329], [-107.24639854028929, 25.87837637932011], [-107.24638645029403, 25.878077678970087], [-107.24670984983106, 25.878334048945646], [-107.24660128984765, 25.877840889226434], [-107.24626831971918, 25.877753889366144], [-107.24593169028842, 25.87804471950289], [-107.24482509004203, 25.878141219654356], [-107.2453993097938, 25.87761007952203], [-107.24512346030501, 25.877153629348914], [-107.24372898028946, 25.878215079068454], [-107.24217339998283, 25.879903579291803], [-107.24148129033095, 25.881010749157923], [-107.2403156498304, 25.880379379260916], [-107.23938225441513, 25.88038251245388], [-107.23701953986128, 25.878827738949923], [-107.23650722994473, 25.87783848931011], [-107.23346084998161, 25.874482139370738], [-107.2313573103545, 25.871481948853628], [-107.22903295018199, 25.869741749210288], [-107.22706034996281, 25.869298478856237], [-107.22527973996534, 25.86861539898728], [-107.22157640002362, 25.866659399697348], [-107.21427792025577, 25.862296339616837], [-107.21312328022796, 25.8618944188079], [-107.20807505036161, 25.86420417892852], [-107.20694914034033, 25.8639194194818], [-107.20693928979667, 25.8625582591013], [-107.20861416969034, 25.858486399472305], [-107.20886553997622, 25.85631276965269], [-107.20439935035888, 25.856703219483297], [-107.20311428980435, 25.855579179260108], [-107.20125833963492, 25.8552860496141], [-107.19923245986799, 25.85395179886154], [-107.19901780024077, 25.853204149631903], [-107.1965445498645, 25.852977118817208], [-107.19457701989843, 25.852307819012335], [-107.05790477005182, 25.757367969615604], [-107.05932922039983, 25.755710738824398], [-107.06075596976619, 25.755064519346895], [-107.06174212029407, 25.753850279232015], [-107.06238788960627, 25.75172259960466], [-107.06468345048135, 25.748164218849883], [-107.06476842998104, 25.747648918986243], [-107.06428067972405, 25.74578613950893], [-107.06364391006554, 25.74432971928348], [-107.06285262019875, 25.744486308951934], [-107.06209602019926, 25.744371049099133], [-107.06167800034206, 25.744573089332487], [-107.06137391015578, 25.744443349262152], [-107.06170728952166, 25.74416194937935], [-107.06101427953168, 25.743034859474882], [-107.06205735035931, 25.743130399191106], [-107.06249483011248, 25.742665229681798], [-107.0611598001344, 25.741433979710116], [-107.0604982902908, 25.739996199662272], [-107.06115913968367, 25.73901904891981], [-107.06094715049596, 25.73768814939527], [-107.06155695027245, 25.737221379631066], [-107.06170133971945, 25.73642347948229], [-107.06357357003269, 25.734773889166416], [-107.06401464962156, 25.733819459496154], [-107.06398439982134, 25.733378979184682], [-107.06474225028158, 25.732777968888637], [-107.06484920003444, 25.7320391394], [-107.06454859985871, 25.730960579115337], [-107.06461117024148, 25.72992342891297], [-107.06428122033482, 25.72963385930647], [-107.06466394048445, 25.72921650897758], [-107.06455125033388, 25.728335379284296], [-107.06503293995989, 25.728004889323927], [-107.06498265980409, 25.726975769227508], [-107.06550202035277, 25.725832619340817], [-107.06537974030631, 25.72520336948236], [-107.06485168989326, 25.72458027900091], [-107.06489708971182, 25.724394999006414], [-107.06437968020983, 25.724043919618957], [-107.06346685976064, 25.72396417953156], [-107.06298517969823, 25.72457168913869], [-107.06221640024764, 25.724301419516223], [-107.06196077997626, 25.722942149603828], [-107.06242112016676, 25.721636719068464], [-107.06318497952103, 25.72057521920508], [-107.06404065981849, 25.719869369296795], [-107.06422370989958, 25.71907408899433], [-107.06363267957349, 25.71811590887048], [-107.06238939975086, 25.71723364941651], [-107.06037661983314, 25.71529399962801], [-107.0583042299914, 25.71434137888206], [-107.05255234044917, 25.712320338930823], [-107.04909846023288, 25.711518779335393], [-107.04807946040404, 25.710826919042464], [-107.04710879977898, 25.709163378975536], [-107.04711108966423, 25.707397889642795], [-107.04763728035454, 25.704837399157224], [-107.0468995999116, 25.70057919935258], [-107.04312661972942, 25.697698779444885], [-107.04197671010644, 25.697098308933587], [-107.04075511977408, 25.697016199380027], [-107.0338609402092, 25.698189709597692], [-107.0315978304851, 25.69788239894758], [-107.02809008018647, 25.69684222918197], [-107.02682244962503, 25.696801019116915], [-107.02529299989772, 25.696202569484754], [-107.02253667982252, 25.69371157888781], [-107.02001782969343, 25.692223969465374], [-107.01905731978053, 25.69224311964706], [-107.01716988015681, 25.692799519511695], [-107.01640405025616, 25.692448229670966], [-107.01504200006558, 25.69135099915101], [-107.01342201971816, 25.691680049523082], [-107.01068003005398, 25.691459379048183], [-107.0102020802599, 25.692503219655112], [-107.01006450956656, 25.69419157937331], [-107.01038592012978, 25.696104818908236], [-107.01014368955342, 25.697084979577916], [-107.01068807993951, 25.697829459177406], [-107.01061714021478, 25.69836801922055], [-107.01004034038702, 25.698539289587934], [-107.00793694984678, 25.698595689335612], [-107.00633431031184, 25.698431579000044], [-107.0055200895915, 25.698713479460114], [-107.0049586196474, 25.700648058903223], [-107.00428905990641, 25.701239718870816], [-107.00427158019401, 25.701732818873353], [-107.00476675042133, 25.703134018800313], [-107.00275792044431, 25.704180309525203], [-107.00147100032014, 25.706114849108197], [-107.00085877035288, 25.706417489602295], [-107.00056198030288, 25.707035369010267], [-106.9985461798432, 25.70800873929911], [-106.99676264962291, 25.708209739038228], [-106.99619318024062, 25.709129709272553], [-106.99503462990266, 25.709792919658994], [-106.99140739957784, 25.710489879456727], [-106.99080127994326, 25.71273867900887], [-106.99092628971847, 25.71386794889186], [-106.99029875011237, 25.714924059227855], [-106.9653226901777, 25.697878579054933], [-106.9691524198057, 25.68300567889814], [-106.96594617987014, 25.67709501968965], [-106.96650314959214, 25.67592304901514], [-106.96684731027705, 25.67427671882367], [-106.96684522968052, 25.672833659345493], [-106.966479740154, 25.671430888904133], [-106.96693982042903, 25.66833081957823], [-106.99432452007528, 25.662232599390713], [-106.99439586000142, 25.6617948192949], [-106.97329045976352, 25.6295704290754], [-107.03415932028119, 25.59632319890903], [-107.10998841993575, 25.560556459214297], [-107.11308093960132, 25.561060288904677], [-107.11318450964036, 25.55990428911603], [-107.11361856977848, 25.560192709712048], [-107.1144762296634, 25.560220179079273], [-107.11475937989435, 25.559420939667675], [-107.115056970398, 25.559175949479428], [-107.11541058013206, 25.558986569304864], [-107.11667278048134, 25.558893219398193], [-107.11908737046025, 25.55789547903234], [-107.11954178002101, 25.557490349017407], [-107.11989954995519, 25.556588488958813], [-107.1211272195002, 25.556411309055324], [-107.12105498006548, 25.556053689316716], [-107.11949965004462, 25.554931948913065], [-107.11937257964917, 25.554569278884763], [-107.11953428972375, 25.55422170961533], [-107.12209013984001, 25.55351950940781], [-107.12225327963071, 25.552799799085015], [-107.12272401970999, 25.552075629576688], [-107.1236677399578, 25.55200214913506], [-107.12376037956638, 25.551024429573822], [-107.12456486027406, 25.550414379259934], [-107.12599654972546, 25.550712999041505], [-107.12794074982374, 25.550047108841277], [-107.12916974010302, 25.54994953948787], [-107.12999742955748, 25.550215149449794], [-107.13058003033963, 25.55083424902703], [-107.13088528972133, 25.5507969789481], [-107.13117441982739, 25.55021925950206], [-107.13146707983111, 25.55061351945037], [-107.13181836960948, 25.552092829412064], [-107.13255249039973, 25.55269468965293], [-107.13318712045634, 25.552605318912253], [-107.13359125039571, 25.552216088990367], [-107.13443544977069, 25.552194169314816], [-107.13582531022742, 25.552492709479377], [-107.1372690899978, 25.552112948986593], [-107.13826404966474, 25.552198428996288], [-107.13877484977412, 25.55312582938737], [-107.1393542001893, 25.553198369351637], [-107.13865388954808, 25.55395097959006], [-107.13926838004475, 25.55429402924845], [-107.13907314017051, 25.554696919283234], [-107.13932615024542, 25.555330859177456], [-107.1384798802722, 25.55594099904487], [-107.13839657967151, 25.55620125951657], [-107.13846139983025, 25.55737593952861], [-107.13877996956067, 25.557988979142255], [-107.13862731984877, 25.558366019493477], [-107.13930163007326, 25.55900524970605], [-107.13922717041439, 25.55965624901215], [-107.1387493500713, 25.560095089211693], [-107.17006991041217, 25.559546819665787], [-107.16906143029414, 25.55842550966725], [-107.16919480035524, 25.557723879126893], [-107.1702500304679, 25.55725441921205], [-107.17188718048988, 25.55754242966542], [-107.17263660045151, 25.557437709540395], [-107.17387949038722, 25.55655256922278], [-107.17327735033423, 25.553385909021493], [-107.17261468959632, 25.55170204940306], [-107.1728577198948, 25.551301349556443], [-107.17422448999555, 25.55091797898647], [-107.1746833201009, 25.550482339326837], [-107.17512548041536, 25.54981121906228], [-107.17516502991059, 25.549198318894256], [-107.17476444967598, 25.548593418912837], [-107.17372451048519, 25.54801804883371], [-107.17339234985634, 25.547389569574317], [-107.17158640036597, 25.546108079609063], [-107.17152251018267, 25.545469678857312], [-107.17186749020624, 25.54513794922417], [-107.17182888996814, 25.54279893965354], [-107.17221735020733, 25.542651349581863], [-107.17293556997582, 25.542877059395938], [-107.17470942044548, 25.544535289265657], [-107.17562072025443, 25.54458270953636], [-107.1761675201295, 25.544403849331587], [-107.17657510981758, 25.54357931948129], [-107.17612928991242, 25.543039109104974], [-107.17596925001774, 25.542230259662034], [-107.17669646004454, 25.541550749167843], [-107.17688045959378, 25.54081962901343], [-107.1766610297859, 25.540125109502263], [-107.17481762954618, 25.539813349460616], [-107.1737376602615, 25.538862429053935], [-107.17334235045806, 25.538032019483513], [-107.17345519974357, 25.53622881925729], [-107.17390728023007, 25.534431519514527], [-107.17344909042401, 25.533714079071363], [-107.17313230975613, 25.533491859499033], [-107.17156571986295, 25.533344919569142], [-107.16976438046784, 25.5328988889064], [-107.16950640004664, 25.5324677988625], [-107.17054519999662, 25.531707649069986], [-107.17035254021127, 25.531387749176652], [-107.17070959968464, 25.530512799273154], [-107.17126667971213, 25.530183089010407], [-107.17295488978142, 25.53013914889684], [-107.17425438028701, 25.529101289129102], [-107.17439124983954, 25.528039709182668], [-107.17463937012866, 25.527710029430853], [-107.17393654015783, 25.526758739704487], [-107.17211547967355, 25.526369748967667], [-107.17201083034885, 25.52384337913873], [-107.1726529397355, 25.52360694936263], [-107.17349286013369, 25.52393484960808], [-107.17400617000234, 25.523492319557754], [-107.17597280007452, 25.522706749444733], [-107.176250980113, 25.52194625890746], [-107.17588536966281, 25.52132767944938], [-107.17527334992883, 25.520920769361673], [-107.17513519977541, 25.52023699915511], [-107.1757327104026, 25.519664979139073], [-107.17602898013254, 25.518245229133132], [-107.17805558000916, 25.515734169580096], [-107.17811732004111, 25.515176369557356], [-107.17612071046099, 25.512699949398193], [-107.17562893991389, 25.51180230898605], [-107.17267905991068, 25.50840748964832], [-107.17210582033312, 25.507389968877007], [-107.16629028952342, 25.502995319034987], [-107.16458904986708, 25.502742339074423], [-107.14768423036091, 25.505027219702896], [-107.13982230976362, 25.496620889232656], [-107.13901848037736, 25.49166450965634], [-107.13929496986356, 25.489564858996697], [-107.14037607963292, 25.488875448987066], [-107.1406465995953, 25.488495149418533], [-107.14040256968137, 25.486793779441758], [-107.14062368983589, 25.486171749610456], [-107.14097491949904, 25.486106848937126], [-107.14151062023262, 25.486337509658867], [-107.14192277008044, 25.486218569123142], [-107.14380188025551, 25.4851638591027], [-107.14619194996125, 25.483469309279368], [-107.146853799811, 25.48245267932148], [-107.14724184994704, 25.479270429018445], [-107.1478312197298, 25.478863679418513], [-107.14946677955267, 25.4787941997125], [-107.15111743042286, 25.476697889277382], [-107.15113471008414, 25.475814179156416], [-107.15061951982172, 25.47453342943422], [-107.15064517031676, 25.473949428902593], [-107.15099492021189, 25.472851019502134], [-107.1519132899063, 25.4714106189908], [-107.15263236982818, 25.469696339684035], [-107.1525087497338, 25.469074319221154], [-107.15122416987357, 25.467217149664357], [-107.15274433972917, 25.466413779728942], [-107.15302219996988, 25.466066149671466], [-107.15305090957507, 25.465550399425492], [-107.15208465964272, 25.46447519901941], [-107.15185500009271, 25.463493799237543], [-107.15214069041684, 25.462616878853982], [-107.15313074988424, 25.4610917689469], [-107.1531063095442, 25.460474509306827], [-107.1527437403294, 25.459932799245358], [-107.15052815021357, 25.458286119637908], [-107.15054284952056, 25.458044449509437], [-107.15189448038905, 25.457093278948676], [-107.15299469028427, 25.456933088902126], [-107.15478400007481, 25.457079309388835], [-107.1557139701348, 25.45692282947218], [-107.15656180014658, 25.456423659619926], [-107.15678794026643, 25.45545291944092], [-107.15640206041374, 25.454128219203344], [-107.15621950964176, 25.452250949216175], [-107.15564862957018, 25.450826079316364], [-107.15551651010676, 25.449810429687034], [-107.15571874964972, 25.44942801902205], [-107.15675796997337, 25.44908505898779], [-107.15679042951626, 25.44877413951154], [-107.1557224900804, 25.44747347929693], [-107.15579568017037, 25.44687157965179], [-107.15628994955726, 25.446447519318088], [-107.15716607973584, 25.44620257905666], [-107.16036665960134, 25.44571601934512], [-107.16095726042302, 25.444800519379005], [-107.16090627959764, 25.44420265961638], [-107.16056771041856, 25.443878969021664], [-107.15959132026687, 25.443479399083177], [-107.15883979989175, 25.442819619586245], [-107.1585796300036, 25.44216624883328], [-107.1586905500949, 25.44199213933938], [-107.16038454048517, 25.441070379385952], [-107.16356631964274, 25.44045436938355], [-107.16472874986508, 25.439640168972204], [-107.18487440046496, 25.436815799339005], [-107.21013223031815, 25.41710050950415], [-107.17155079995914, 25.326357878950432], [-107.20781657035857, 25.33156422893229], [-107.15839086044194, 25.262980288961316], [-107.15783030981112, 25.262690979121768], [-107.15720275025066, 25.26176497903342], [-107.15608806005262, 25.261504149258112], [-107.15458617018437, 25.26174113952698], [-107.14834025026965, 25.259158859071643], [-107.14814321941934, 25.258868819573596], [-107.16917667920583, 25.258275909345233], [-107.20413861975833, 25.275977169316725], [-107.2758279091145, 25.27598057920755], [-107.2556522895155, 25.23012368940056], [-107.23403307969352, 25.153055949666243], [-107.31805304987836, 25.16672647953927], [-107.32493007927813, 25.163953059493323], [-107.31157481927652, 25.174950289232893], [-107.32418151020956, 25.194807749339617], [-107.33120677898232, 25.214400709730793], [-107.34608912047086, 25.213918768834027], [-107.3697742191914, 25.212079889281732], [-107.3865466597637, 25.197123569199622], [-107.374746819585, 25.186406119226504], [-107.37715450897893, 25.182653379015978], [-107.36388588926232, 25.1727642191284], [-107.35305267950021, 25.173472979106016], [-107.35904885040593, 25.165899289096522], [-107.3460613985468, 25.165011369170152], [-107.33809118012869, 25.173948308823697], [-107.34254028964027, 25.163013649472468], [-107.34803726040253, 25.15961670889512], [-107.34926380046845, 25.144223629193526], [-107.34329804944132, 25.126013429703033], [-107.32786638044772, 25.114573479412527], [-107.32636634022974, 25.113804109974133], [-107.32816928887276, 25.11196223042304], [-107.32691450922032, 25.112046120662452], [-107.32605350892541, 25.110661579965342], [-107.32663699882325, 25.110195279791753], [-107.3275748295234, 25.11086202929938], [-107.32816564861457, 25.11050612050067], [-107.32870066047724, 25.107494249283796], [-107.33032991946405, 25.10454276973776], [-107.33005705911627, 25.102307889128166], [-107.32891664920471, 25.101347940507292], [-107.32945857949818, 25.100449308899286], [-107.32982001944738, 25.10133131021119], [-107.33038970857743, 25.101568549207038], [-107.33231265906684, 25.10153848001347], [-107.33317037943101, 25.10104664959083], [-107.33346789017882, 25.098864370091185], [-107.33238761915538, 25.09811599987985], [-107.3320814189277, 25.097004939164297], [-107.3322293099987, 25.095930578955258], [-107.3332733193492, 25.095621619725645], [-107.33311253957982, 25.097498879769866], [-107.33457580027, 25.09792202896526], [-107.33543334910368, 25.09878117913322], [-107.33948150902175, 25.098239169439235], [-107.33786708917995, 25.09674306014131], [-107.34071261922381, 25.097065199219394], [-107.34073968894593, 25.094543179039867], [-107.34342553911313, 25.092027149965897], [-107.34512779885986, 25.09686079976573], [-107.34509642997598, 25.09784739958801], [-107.34558634939107, 25.098101399279113], [-107.34673651906321, 25.09579733977897], [-107.34735599889946, 25.09759727921438], [-107.34673602850042, 25.098514199055977], [-107.34665061979176, 25.10018988904372], [-107.34816749035338, 25.100041769918477], [-107.3499750594416, 25.099300060509332], [-107.34962611954131, 25.10015177994286], [-107.34827550952478, 25.1014142793032], [-107.34978385972083, 25.103136920246197], [-107.35076151886743, 25.10064376886864], [-107.35149351880563, 25.10320232050416], [-107.35244156896528, 25.101332430267025], [-107.3516589403934, 25.10095221946867], [-107.35224099859511, 25.100288579772304], [-107.3529237996706, 25.100729048883085], [-107.35385254879813, 25.10226905050988], [-107.35595677048876, 25.10152254918262], [-107.35512157005242, 25.100339890502404], [-107.35551338014952, 25.099740198846412], [-107.35525253931962, 25.09871987994568], [-107.35566704888008, 25.09843125065717], [-107.35443970893685, 25.096099448886243], [-107.35562522005706, 25.096021949539814], [-107.35660295013649, 25.09688644949659], [-107.35696669012256, 25.096535420013947], [-107.35755370995035, 25.066965378927772], [-107.38250968924703, 25.076946199631713], [-107.40684937965588, 25.08405565888319], [-107.41095186024633, 25.088606569301497], [-107.4314911787223, 25.097726279254527], [-107.43886522933654, 25.102242108980143], [-107.4424662201472, 25.10511517960364], [-107.44899862020425, 25.108868248916576], [-107.45006633989847, 25.109662579161476], [-107.45352136925597, 25.116034169383585], [-107.46701950902091, 25.122314799053516], [-107.47218807993819, 25.121287649681232], [-107.49196194881425, 25.121755999496422], [-107.52494337050143, 25.12038396964151], [-107.52204651029686, 25.123657419151414], [-107.51332236990916, 25.135769319090553], [-107.51200632029392, 25.138995289538784], [-107.52288513964967, 25.16169950925742], [-107.53840856984492, 25.181195568830326], [-107.53863625953917, 25.192988909729923], [-107.5487829695983, 25.20910188962146], [-107.5560596602532, 25.215806338918327], [-107.565184060103, 25.215897319496253], [-107.58041374995145, 25.21321457899289], [-107.587476909549, 25.218114829217395], [-107.60366483020229, 25.228422768887054], [-107.60841089019601, 25.227563879666825], [-107.6122527097264, 25.22302987928212], [-107.62937644965058, 25.221259319420703], [-107.62884465980702, 25.218914569374466], [-107.62882413993403, 25.216764078921216], [-107.62921037984886, 25.215485739647285], [-107.62991127962724, 25.215097179160978], [-107.63324031962809, 25.215073689714053], [-107.63523301989127, 25.215424169613247], [-107.63646568998472, 25.215788279345116], [-107.63652025964664, 25.216207939641453], [-107.6371317802332, 25.216208599392743], [-107.63794906008297, 25.215149198841914], [-107.6457852598078, 25.21393837901687], [-107.64620376958824, 25.214236688855433], [-107.64875577005323, 25.214004279439404], [-107.64914291952311, 25.214963139267347], [-107.65322597021634, 25.212226419379956], [-107.6540997699167, 25.210906149684], [-107.6537491697229, 25.208927119524496], [-107.65417405957045, 25.208785029257516], [-107.65479365975301, 25.20881779913695], [-107.6562616498721, 25.20958804909544], [-107.65777757978546, 25.209967519442515], [-107.65842257979963, 25.210327879501197], [-107.65885462954519, 25.211157229508384], [-107.65951548042175, 25.211161289040774], [-107.66186777004702, 25.212072479520963], [-107.66189258035199, 25.212329549542314], [-107.66340613957215, 25.213430149439], [-107.66505235011773, 25.215426349318], [-107.66760347993768, 25.21607231952583], [-107.66872445013284, 25.216619029544788], [-107.66998777957257, 25.21673054912214], [-107.67092251003335, 25.217157399248226], [-107.67152431957228, 25.217810828856614], [-107.67254488994448, 25.218205889227313], [-107.67264972023933, 25.217894819316733], [-107.67429285955485, 25.21763057962821], [-107.67449042015205, 25.216754848829144], [-107.67442929031881, 25.215173109544338], [-107.67545988048052, 25.21393974957808], [-107.67633471976474, 25.213416449442395], [-107.67885936949972, 25.213309018901963], [-107.67952702979143, 25.216044549578626], [-107.68100711991272, 25.21654604949423], [-107.68314160006967, 25.2190191095562], [-107.68484283014743, 25.21951333945072], [-107.69225370968135, 25.22924567973865], [-107.69002792000032, 25.238901949507426], [-107.69238401985292, 25.24068122970662], [-107.69341746032838, 25.24200924930148], [-107.69655257028309, 25.241285968953097], [-107.69691513996965, 25.242353949060472], [-107.69850147969213, 25.24270545963121], [-107.69583601956755, 25.245262539313206], [-107.69645353967934, 25.245757969205467], [-107.69776112009903, 25.24628297925743], [-107.6986308200565, 25.24816548889953], [-107.69923827956022, 25.248627489258414], [-107.69920991995717, 25.24924279951881], [-107.69975929025446, 25.249413059606255], [-107.70041414949857, 25.252140478885952], [-107.70115220030168, 25.25303348919437], [-107.70204716958857, 25.253525178927354], [-107.70372985955139, 25.2530723689673], [-107.70607568007341, 25.2561724190135], [-107.70479380034305, 25.256519429295068], [-107.70531106050576, 25.25810374952195], [-107.7073043697561, 25.258784289280552], [-107.70807082954175, 25.26044682942873], [-107.70892924989438, 25.26163254904279], [-107.71232654964305, 25.267707648866416], [-107.71245914015738, 25.27196828892789], [-107.74258345031035, 25.270127659027082], [-107.74589755038758, 25.272028379604123], [-107.7466392195279, 25.28674276920127], [-107.74647051967193, 25.30771408896407], [-107.75784523030225, 25.295745549527435], [-107.75796641969004, 25.296911889496236], [-107.75832317954766, 25.29757073962262], [-107.75901222953044, 25.297936859551974], [-107.75838859998306, 25.299938319022793], [-107.75854971029317, 25.30044291914314], [-107.75824628971661, 25.302133829311096], [-107.75863780025887, 25.30306499889687], [-107.75770498034393, 25.303729939003414], [-107.75763287983071, 25.304750999369585], [-107.75612339958246, 25.30638553898135], [-107.75441705981197, 25.30758153884529], [-107.75437985041509, 25.309206569159322], [-107.75452763005363, 25.30930757913617], [-107.7542610501775, 25.309851749658893], [-107.75566674023301, 25.311009878905928], [-107.75638190968223, 25.31094459907171], [-107.75676943020916, 25.309809339639447], [-107.75712728047989, 25.30947327951255], [-107.75760017997946, 25.309861479163597], [-107.75857262033568, 25.309662779405354], [-107.75923590999435, 25.310135419465023], [-107.76116736995442, 25.309975148963222], [-107.7608644501334, 25.308758078977114], [-107.76011719976854, 25.30793508892462], [-107.7606127497479, 25.307646058837307], [-107.76051138018263, 25.307916428890216], [-107.7612420198414, 25.309224749127647], [-107.76225763042642, 25.308878598865718], [-107.76248991025246, 25.308621569632912], [-107.76219595007528, 25.30808788941332], [-107.76150053981006, 25.30751888888936], [-107.76187110950961, 25.30746454899358], [-107.76205122039552, 25.306849819286224], [-107.76140950995944, 25.30607673920649], [-107.76242278010058, 25.305581719696658], [-107.7624385499066, 25.30537388929606], [-107.7620284802799, 25.305054448891834], [-107.76219516988182, 25.304101549128116], [-107.76370995017501, 25.303328658844244], [-107.76405867986217, 25.3027017195643], [-107.76444474988716, 25.302592949498194], [-107.76475984999145, 25.302889348965515], [-107.76514760024173, 25.302909148879046], [-107.76569791026162, 25.302567199049292], [-107.76762944979394, 25.302661768867623], [-107.76798379977019, 25.302508479597098], [-107.76792967979716, 25.302085368964857], [-107.76981794016764, 25.30216041921829], [-107.77115202027007, 25.3015600794651], [-107.7713563702637, 25.301719628819612], [-107.77162782974452, 25.30143976895438], [-107.77333530957566, 25.301245649626345], [-107.77760540007525, 25.298085778889735], [-107.78039174016813, 25.297348138934698], [-107.78132941984985, 25.297196999638576], [-107.78394970989518, 25.29760947953521], [-107.78751987957338, 25.296942779705443], [-107.79013260032539, 25.297015109401222], [-107.79296265012668, 25.29775982958028], [-107.7722328802935, 25.321859429359044], [-107.76792632033201, 25.327596219533923], [-107.7660231795918, 25.329396169646163], [-107.75615737999831, 25.341314659414287], [-107.75055994018973, 25.336735879214693], [-107.75154426025078, 25.341816519501304], [-107.75086868971921, 25.342441979180474], [-107.74849281978506, 25.342286739436137], [-107.7469596201852, 25.342653599307848], [-107.74545414020797, 25.34349125958505], [-107.74486430986542, 25.344910478934402], [-107.74506169007034, 25.345466229712006], [-107.74617917045238, 25.34675070880224], [-107.7464210199949, 25.34745481888619], [-107.74587936993177, 25.348024339426534], [-107.74465730998267, 25.34847602905341], [-107.74402929024846, 25.34904150961275], [-107.74412066015609, 25.349450049694152], [-107.74485476970483, 25.350126319587215], [-107.74613665986811, 25.35232145955283], [-107.74627390987047, 25.352949649632176], [-107.74601091999006, 25.35336671915739], [-107.74461924983264, 25.353520079321093], [-107.74420475001543, 25.353078169295685], [-107.74397882955806, 25.35221310937495], [-107.7432873796495, 25.352300939055585], [-107.7428202503085, 25.352838828987853], [-107.74041079997625, 25.353240818986432], [-107.739157510129, 25.35387253881269], [-107.73939971010266, 25.356312579343165], [-107.73901438006499, 25.35750136909465], [-107.73841662032888, 25.35792605920499], [-107.73547674034079, 25.358393479599957], [-107.73432071982384, 25.35834251957944], [-107.73209279990387, 25.35741342970395], [-107.73117815014889, 25.357253179689767], [-107.73087682033575, 25.357357229258696], [-107.72907140006063, 25.35948551964501], [-107.72804734020883, 25.360331709445582], [-107.72688248035614, 25.360719819018225], [-107.72512785969913, 25.361706999207946], [-107.72421451005872, 25.36190287915279], [-107.72304797018992, 25.361567049685238], [-107.72265762019889, 25.361667419023505], [-107.72261908968288, 25.362756619004408], [-107.72338944974273, 25.36421937964554], [-107.72371861990223, 25.367008538848353], [-107.722908019675, 25.368540749705833], [-107.72159593996288, 25.369514919031342], [-107.72131355036097, 25.36993124933851], [-107.72118093988352, 25.371357089715517], [-107.7209239404475, 25.371839969280916], [-107.72042480039319, 25.372089569597485], [-107.71865254002566, 25.3717189690327], [-107.71820795045056, 25.372308879599796], [-107.71796919964927, 25.372345369655335], [-107.71685112045584, 25.37146064882779], [-107.71638264951697, 25.371538349016056], [-107.71449860037674, 25.37284054935107], [-107.7111865498307, 25.37275219957865], [-107.70876234968134, 25.37446713903448], [-107.70755632021836, 25.37466877948926], [-107.7060079501528, 25.374500939284214], [-107.70528591031356, 25.376079749069966], [-107.70447242968342, 25.37702790968819], [-107.70407748034116, 25.37696364896225], [-107.70315515000719, 25.375606599522794], [-107.70274060044053, 25.375702999349645], [-107.70239451967588, 25.375880519651172], [-107.7022482896332, 25.378338599619546], [-107.70056651953362, 25.379183279669796], [-107.70073412002736, 25.379529779506576], [-107.7022829802752, 25.38044448940702], [-107.70217862952613, 25.380885909131983], [-107.70143239980324, 25.381496399634965], [-107.70111013970038, 25.381479999393108], [-107.69921915049481, 25.380016169416233], [-107.69877973994846, 25.381382028836786], [-107.69818554954406, 25.382027649515965], [-107.6973740802268, 25.380703139561344], [-107.69661561970469, 25.380550849705525], [-107.69551477953694, 25.380803679156315], [-107.69602571011099, 25.380974549152256], [-107.69552685986883, 25.382487429727913], [-107.69661112046761, 25.38301267930647], [-107.69729551984729, 25.383676279228236], [-107.69827578020896, 25.382823798833652], [-107.69884912011722, 25.38297274921109], [-107.69896861999246, 25.383484579445028], [-107.69864968001701, 25.38421311900121], [-107.69859981955669, 25.385771538909516], [-107.69843984958305, 25.38607962887], [-107.69814643033305, 25.386126079315723], [-107.6955080496207, 25.385919949643334], [-107.69547487951957, 25.385777458867782], [-107.69504709050486, 25.385983459607523], [-107.695484800146, 25.387990479281033], [-107.69524159964871, 25.388349519576956], [-107.69400799954236, 25.388726719217694], [-107.6938057999277, 25.389047029350735], [-107.69427708049051, 25.38953227905544], [-107.69355176976674, 25.393110599638085], [-107.69247877010191, 25.393901319418934], [-107.69171131007204, 25.39410942911603], [-107.69175128970205, 25.394292229569796], [-107.69154582010928, 25.394161799112215], [-107.69044912030202, 25.39463851927585], [-107.69054529036863, 25.396924709268006], [-107.6900553796432, 25.398485049011253], [-107.69049232021125, 25.399893049141962], [-107.69032269021193, 25.40087008905871], [-107.68970796949672, 25.401008379106585], [-107.68847098048667, 25.40009877945027], [-107.68807211032767, 25.40005450964274], [-107.6874990803019, 25.400701118895256], [-107.68700305021149, 25.40225756918802], [-107.68450322042199, 25.402447319041606], [-107.68364112042644, 25.403734199001423], [-107.68236012038706, 25.404926719634688], [-107.68057808017939, 25.405459539611563], [-107.67849019999983, 25.40472221961404], [-107.6771761398816, 25.405279149177918], [-107.67588406026529, 25.40683285933346], [-107.67406362953838, 25.40743627926967], [-107.67401283026328, 25.408636749161765], [-107.67592333986616, 25.40899927966298], [-107.67685442953162, 25.408096168833907], [-107.67760429017206, 25.408847749120593], [-107.67980674981777, 25.409160509189253], [-107.68136242982372, 25.412002969190777], [-107.68369537976842, 25.414632379074494], [-107.68688294988915, 25.417523369391887], [-107.6878946303909, 25.420374349127634], [-107.69026893976154, 25.42367157939631], [-107.69061631023405, 25.423998979262567], [-107.69113997977519, 25.424092259383457], [-107.69129702016308, 25.42503579912227], [-107.69219474037016, 25.425122219020466], [-107.69271568016472, 25.42547577961108], [-107.6923673999151, 25.425995418934637], [-107.69339448952103, 25.426771349537123], [-107.69438298011401, 25.427917369273295], [-107.68463107958293, 25.44390742919854], [-107.6861080497041, 25.446176199644192], [-107.6465321402358, 25.452100948834254], [-107.66321727966925, 25.4875276489873], [-107.65603026026734, 25.485009138805346], [-107.65174374978109, 25.484285679374043], [-107.64949587949457, 25.484667568878915], [-107.64900206026499, 25.486259019085406], [-107.64931542007437, 25.48697077950297], [-107.64898187971252, 25.487658249031384], [-107.64570070961297, 25.48850501885089], [-107.64601435047457, 25.490638719701835], [-107.64589080030035, 25.490828258875194], [-107.64493131975682, 25.49119757950394], [-107.64451894992493, 25.490624579686504], [-107.64424795032878, 25.490747089708844], [-107.6432733495454, 25.49146976955083], [-107.64299591023473, 25.492197819035745], [-107.64245727979937, 25.492328139162368], [-107.64222645029557, 25.492083219194736], [-107.64134602038611, 25.49249702905248], [-107.64007872026035, 25.493975879615892], [-107.63970879975214, 25.495076229482578], [-107.6400467195654, 25.499958858911], [-107.63974172012881, 25.502601378815], [-107.64161962992249, 25.510252649240442], [-107.6408481202138, 25.512528379400145], [-107.64096636978482, 25.51359777930698], [-107.64063716975416, 25.51445177947061], [-107.640748689944, 25.51547174910935], [-107.64029789003362, 25.515831658975866], [-107.63807919967901, 25.516088119182527], [-107.63809901993818, 25.517956739213872], [-107.63879631987675, 25.520944548916837], [-107.63882121953083, 25.52211373919971], [-107.63821344972997, 25.52318085957589], [-107.63789337989189, 25.524868049051154], [-107.63734437983504, 25.52593410893335], [-107.63675488043427, 25.526561399639604], [-107.63634901958609, 25.53088293947088], [-107.63551409038793, 25.531308539631326], [-107.63706625966647, 25.532648769612972], [-107.63788584985419, 25.533702658926906], [-107.63883696970716, 25.534001969207175], [-107.63964115002022, 25.5349368794608], [-107.63986322965143, 25.535661429010478], [-107.64095068050862, 25.537099569521807], [-107.6410467101174, 25.538726219573693], [-107.6403681802168, 25.539929419154856], [-107.63896311980461, 25.544837168910977], [-107.63859643023453, 25.545139259012963], [-107.63942371013806, 25.548282799366973], [-107.64001967959547, 25.548555109064612], [-107.63908498033786, 25.548974908973037], [-107.63944757998085, 25.549236569138316], [-107.64016698010738, 25.550759939121118], [-107.63969617994745, 25.552104949179284], [-107.64028170973967, 25.553746859252144], [-107.63507049001328, 25.557552379356114], [-107.62951790974822, 25.561092918866915], [-107.62398543002675, 25.565305779354556], [-107.60955519960555, 25.575452309395224], [-107.6083994605052, 25.580158089326634], [-107.5893318598309, 25.59429888958859], [-107.58871864954487, 25.593807349650707], [-107.58848069047697, 25.593108369551164], [-107.58748471040143, 25.591833829339816], [-107.58658900028067, 25.59129265918108], [-107.58631911041675, 25.591409649219067], [-107.58519616983988, 25.593719319512182], [-107.58532244989419, 25.594281518880244], [-107.58621473953842, 25.595699649118917], [-107.58597248000339, 25.596503598841842], [-107.58393947984017, 25.598021049168626], [-107.5827129802102, 25.598437849396042], [-107.58093765044546, 25.598640318947805], [-107.58011622034218, 25.599068769112623], [-107.58000931970697, 25.599409349271667], [-107.58050369050972, 25.601244719480743], [-107.58177906030411, 25.603970679072052], [-107.58184837986396, 25.604806919188643], [-107.58159285035224, 25.605341819443055], [-107.58039234984429, 25.606139119101215], [-107.57836381964735, 25.606370369278256], [-107.57812749014326, 25.606839769524143], [-107.5783527800798, 25.60729176967763], [-107.57951259984337, 25.608522949027428], [-107.5803665996567, 25.60907550896907], [-107.5821155503606, 25.611460778858522], [-107.58264849033914, 25.611888679462858], [-107.58536314029259, 25.61299453885626], [-107.5860238595174, 25.61344451917465], [-107.58792837043958, 25.616509379614595], [-107.5908592200128, 25.616975629678112], [-107.59150382997127, 25.61733637920408], [-107.59176000002323, 25.61778781962082], [-107.59064753964306, 25.6181145793749], [-107.5884668499298, 25.619390858962554], [-107.58634064999909, 25.619682289309104], [-107.5857577396008, 25.620278859338043], [-107.58579508016729, 25.622020829062023], [-107.58770415040365, 25.624263979511216], [-107.58784757997495, 25.624726659650214], [-107.58446273978139, 25.626270289298713], [-107.58383988966081, 25.62676334937042], [-107.5838207999011, 25.62718167919506], [-107.58484924993985, 25.629642419511356], [-107.5835489096911, 25.631439969277352], [-107.582587369715, 25.63327030905613], [-107.58281928998395, 25.634063279363463], [-107.5832726601253, 25.634525768836493], [-107.58467140010845, 25.635350309599602], [-107.58482884987446, 25.63559997893574], [-107.58472496971847, 25.63607237964567], [-107.58283183047249, 25.637227509352734], [-107.58076960016197, 25.63795254906068], [-107.58039827966344, 25.638360819138114], [-107.5804820499347, 25.639311889101357], [-107.58028105020601, 25.63998108954067], [-107.57673562029177, 25.640507889280485], [-107.57601040019904, 25.640956799430175], [-107.5757570004217, 25.641546579565745], [-107.57624929021277, 25.642639648849425], [-107.57694166049413, 25.643427689102023], [-107.57845144993783, 25.644112569508287], [-107.57942539993412, 25.64520859888975], [-107.57968322021708, 25.64659270925207], [-107.57956683013519, 25.648803719625928], [-107.58032012001424, 25.649065829672978], [-107.58207450996203, 25.649034799607062], [-107.58248323045447, 25.649308738848255], [-107.58383204991456, 25.6519244595848], [-107.58428255007085, 25.653973849137127], [-107.58555269036977, 25.655749999242655], [-107.58554077027672, 25.656369908869884], [-107.58467083045782, 25.658336369419107], [-107.58461483005593, 25.659331949553547], [-107.58563007990637, 25.66289024934022], [-107.58568592019738, 25.663715578870736], [-107.58528072001903, 25.664319548894703], [-107.58524913962393, 25.665203819515597], [-107.58448900043066, 25.665802578884445], [-107.58301379973027, 25.66646304923028], [-107.58237715016385, 25.666325119285432], [-107.58124042993991, 25.665323829406727], [-107.58039738042162, 25.665017378954666], [-107.57956971995627, 25.665422248927083], [-107.57966123049701, 25.666143649205647], [-107.5811437399657, 25.667896289593493], [-107.58130605953824, 25.6684184196992], [-107.58112694972328, 25.66892653930806], [-107.57914777043982, 25.67000593947206], [-107.57862861971141, 25.670026599694822], [-107.57712590963625, 25.67226194942892], [-107.57617593983275, 25.672875539204185], [-107.57523318019366, 25.673236459625972], [-107.5734974804399, 25.673267108933622], [-107.5731010804411, 25.67496739903513], [-107.57192084962666, 25.67733477883683], [-107.57167361996234, 25.67880814956568], [-107.57124314975887, 25.679545538998795], [-107.58893576985164, 25.679516849523313], [-107.6297957500381, 25.682907549549533], [-107.6518176598764, 25.7710860188366], [-107.6465247103196, 25.81229568965035], [-107.6045120595599, 25.84027976900843], [-107.59687585959408, 25.889966859369228], [-107.6041467804664, 25.942954629266474], [-107.53384382955342, 25.98129213896092], [-107.5094062004372, 25.979792348974065], [-107.48994025041952, 25.9997536893887], [-107.49130402965841, 26.005035139310927], [-107.49560070964922, 26.009740979484747], [-107.49556877022937, 26.014850719505812], [-107.49737085007014, 26.017966708833118], [-107.50655922998286, 26.01952517958217], [-107.51017753982202, 26.02537748962227], [-107.51743816985044, 26.03037496953406], [-107.51553282022034, 26.037442889636814], [-107.51559802033428, 26.040041819118258], [-107.51844234020334, 26.041554059404454], [-107.52407397973336, 26.03901856931171], [-107.52822303003519, 26.041993229283808], [-107.53568460036585, 26.04125457947411], [-107.53670631978581, 26.047649119124596], [-107.53874764997852, 26.048937688943216], [-107.54613080011843, 26.046163049575657], [-107.54570627977829, 26.04669033943216], [-107.5458639802133, 26.047567878947355], [-107.54610903022025, 26.048098178826077], [-107.54686500036846, 26.048780449573982], [-107.54678928021973, 26.04928110966736], [-107.5452062201923, 26.050836339654097], [-107.54504120037468, 26.051826218974178], [-107.54391568042861, 26.052066619442765], [-107.54349989007143, 26.05239196918353], [-107.54331117009049, 26.05278964969685], [-107.54370708025812, 26.05400482894298], [-107.54299044981802, 26.05445231903337], [-107.5423270602547, 26.055954539373683], [-107.54257920005334, 26.057218599083498], [-107.53673165959965, 26.059757049022096], [-107.53589094965632, 26.059873288925356], [-107.53544797978581, 26.060185519375352], [-107.53503558016537, 26.06191793895363], [-107.5329847998572, 26.063273199118463], [-107.53231484963054, 26.063487919311385], [-107.53112171030448, 26.06289996950632], [-107.53051119963477, 26.063265879269256], [-107.52996997980232, 26.06423941922972], [-107.52821533999175, 26.066299799437985], [-107.52727635010804, 26.067077348840044], [-107.52465921976764, 26.0679794791136], [-107.522678030027, 26.0673840894098], [-107.52206346043215, 26.067369649143995], [-107.52171861972855, 26.06756467884743], [-107.5214811796603, 26.068211458913506], [-107.52108377036083, 26.06855859891624], [-107.51942462029355, 26.068203109500203], [-107.51378949045768, 26.073683478804888], [-107.51166763033687, 26.077479859634245], [-107.51196878009797, 26.078888109645927], [-107.51276145988955, 26.079336399364536], [-107.5137880198574, 26.0794544192105], [-107.51785577954746, 26.078545649246585], [-107.52403602022977, 26.078734909582288], [-107.52808312045092, 26.08112108895816], [-107.52843241978364, 26.085349749488238], [-107.52534399974381, 26.08655142948255], [-107.52192756994654, 26.091445079690384], [-107.52001998025996, 26.10422716908632], [-107.51694625043362, 26.10840493965312], [-107.5133411705057, 26.110938859480687], [-107.51018642987545, 26.111100579474204], [-107.50888134985591, 26.11361367936953], [-107.50783321957073, 26.11461788887703], [-107.50611522025717, 26.11578747939753], [-107.5044794898694, 26.116024029374692], [-107.50390669028543, 26.115917318920083], [-107.50325631008144, 26.115118219261], [-107.50282411004721, 26.115067289279843], [-107.50295595025845, 26.114764819188217], [-107.50280265027965, 26.114562718902484], [-107.5010777800672, 26.113735288816592], [-107.5005018503749, 26.11307368952378], [-107.49926037031211, 26.11288070922155], [-107.49873891982953, 26.112616689702502], [-107.49830952032224, 26.112717909368314], [-107.49719048953072, 26.111898949269687], [-107.49683934019019, 26.111289429499863], [-107.49511897036577, 26.110761219592035], [-107.4937446603291, 26.110580289140323], [-107.49217115013339, 26.111462659236956], [-107.49031458015392, 26.113067369353825], [-107.49059248016289, 26.11365930955413], [-107.48912440008128, 26.114176378945693], [-107.4886103496202, 26.11470497933671], [-107.48793784975544, 26.114630509553024], [-107.48703344997189, 26.115111829222023], [-107.48526137954649, 26.115421379001095], [-107.48558825020767, 26.115972368877877], [-107.48502454024332, 26.11690011927861], [-107.48500919964268, 26.118939249555552], [-107.48540457991271, 26.119460399570805], [-107.48531129045827, 26.119802689348766], [-107.48444605974734, 26.12017068898923], [-107.48413713999815, 26.120117938837208], [-107.48288156976471, 26.12088614905211], [-107.4821944801703, 26.12072304940742], [-107.4815728302895, 26.121058109532335], [-107.48004802980002, 26.121425949090185], [-107.47918939997099, 26.12103810899254], [-107.4777532297508, 26.12095701932763], [-107.47792122997119, 26.121681479206423], [-107.47774013956966, 26.122070819506877], [-107.47715291012253, 26.122363478968058], [-107.47791629027104, 26.123452219602402], [-107.47287317037912, 26.126192658983634], [-107.47176047982121, 26.127492619252234], [-107.46956117007034, 26.128852119274764], [-107.46687371960911, 26.131911828844913], [-107.46638917972096, 26.133336029629287], [-107.46521465038232, 26.134330369215004], [-107.4631993799764, 26.136548569168855], [-107.46201725969178, 26.137389999493266], [-107.46000315037847, 26.138314949102355], [-107.45797595048892, 26.138558229273105], [-107.45520086050549, 26.13836094951992], [-107.45289588957864, 26.13816236947797], [-107.45096904969837, 26.137616858855157], [-107.449932920021, 26.137803478878762], [-107.44897168007354, 26.13865901903215], [-107.44770874954342, 26.139182709630536], [-107.44286366020971, 26.139616119209663], [-107.43909146025547, 26.141149879025235], [-107.43608328967733, 26.14182290964615], [-107.43352789025555, 26.141971048951714], [-107.43104268959605, 26.14285991964149], [-107.4323474601679, 26.13824576927467]]]}}, {"type": "Feature", "properties": {"CVEGEO": "25004", "CVE_ENT": "25", "NOMGEO": "Sinaloa", "CVE_MUN": "004", "NOMMUN": "Concordia", "cov_": 1907, "cov_id": 1908}, "geometry": {"type": "Polygon", "coordinates": [[[-105.9723948169674, 23.766414282505853], [-105.97198114704152, 23.765946112030534], [-105.97033154743615, 23.765682462391307], [-105.96863285743419, 23.766311281940784], [-105.96749405668409, 23.7659854220437], [-105.96309190704146, 23.762289802368116], [-105.96119508687435, 23.760935021783244], [-105.96063522729457, 23.76023691218864], [-105.96066637728231, 23.75975835186947], [-105.95884273665087, 23.757705602097946], [-105.95670419665402, 23.75716051249771], [-105.95149199698027, 23.757726431788985], [-105.95038782744831, 23.75769132212884], [-105.9477376267219, 23.758375261762186], [-105.94505870672866, 23.759345421791377], [-105.94339111750543, 23.76100609230202], [-105.94287288741407, 23.76126438243091], [-105.93778582734858, 23.759604452409356], [-105.93574868705214, 23.757553201704106], [-105.93316245760256, 23.75588915193567], [-105.93164479708632, 23.755784181872013], [-105.93009494719057, 23.756954922511397], [-105.9298182571888, 23.757485231824845], [-105.92992299704265, 23.758347552110536], [-105.92936213743499, 23.759425971810174], [-105.92856474680906, 23.759958221743467], [-105.92757121705772, 23.76007545174296], [-105.92666768836041, 23.761522350740805], [-105.92331814781484, 23.76129968187695], [-105.92284644709127, 23.760432920761495], [-105.92127013700313, 23.75963331167089], [-105.91974710668086, 23.757807111667137], [-105.9207626269326, 23.75610372178633], [-105.92203305700446, 23.75298709255238], [-105.92294847707232, 23.752240112046692], [-105.92306290841465, 23.74775377236322], [-105.91066007679298, 23.741397052335362], [-105.9060933470293, 23.739398852361617], [-105.90613417734113, 23.737146312514856], [-105.91590582756568, 23.726424751990113], [-105.91655570748065, 23.7153557716416], [-105.9266337485703, 23.68413566218858], [-105.92073428729383, 23.65583638127683], [-105.9090295484573, 23.59018852072391], [-105.90890536685916, 23.588269552366928], [-105.89265537756255, 23.55264527995209], [-105.88431791009953, 23.590393858994513], [-105.85359602005931, 23.597287598864746], [-105.84518582041288, 23.58369482930811], [-105.84551601973236, 23.603255539154002], [-105.82483245012673, 23.60778967969749], [-105.81164388968537, 23.61102854947885], [-105.80734990988661, 23.590633859030437], [-105.80664677988477, 23.58887301961284], [-105.80533382041759, 23.587881778969813], [-105.80209848995592, 23.587713489026903], [-105.80232079989234, 23.586499289162575], [-105.80066953967743, 23.584744289357236], [-105.79885397997931, 23.583428619627387], [-105.79718505953103, 23.58365630959425], [-105.79672803035692, 23.583391709370403], [-105.79607749038958, 23.580580088981595], [-105.79537786043093, 23.57991799958813], [-105.79478065002512, 23.58006388965198], [-105.79448772045154, 23.579873219352322], [-105.7939592498633, 23.578625489629463], [-105.79342405968703, 23.578036449571776], [-105.79180956972347, 23.577809019094353], [-105.79135375024494, 23.577900519045162], [-105.79061396977123, 23.578560909206384], [-105.78983846040543, 23.578524049584697], [-105.78716415045692, 23.575823569325372], [-105.78537977012454, 23.57498999901993], [-105.78433185012253, 23.573242029181497], [-105.78501002014069, 23.57090145891583], [-105.78579200001889, 23.569903089584972], [-105.78590351972697, 23.569471089290374], [-105.78563281984545, 23.569168689665876], [-105.78426168012197, 23.569010028933487], [-105.78337362011638, 23.568076369024123], [-105.7828090298144, 23.56815864935048], [-105.78190162025227, 23.567647449727016], [-105.78106783031171, 23.567603428901354], [-105.77966588974854, 23.566829738889695], [-105.77913785038997, 23.56621579972556], [-105.778295079747, 23.564135049749392], [-105.77681239996892, 23.564166879239483], [-105.77495888020756, 23.561344259009264], [-105.77412100042649, 23.560796828942205], [-105.77383502046831, 23.560679979056715], [-105.77353896992328, 23.560934739527593], [-105.77291203014538, 23.560997688977366], [-105.77236562973395, 23.55937942922202], [-105.77235232025613, 23.5589131491727], [-105.77283331963574, 23.558100739659434], [-105.77265471031939, 23.557856739135207], [-105.77201496985477, 23.557492819736144], [-105.77028374027577, 23.557664429148073], [-105.76883240017797, 23.555651349457357], [-105.76869428011206, 23.555260649675365], [-105.76902891041027, 23.5541672491], [-105.7689054001496, 23.553105049509576], [-105.76770692009178, 23.552384579663936], [-105.76755953975058, 23.551545279750748], [-105.76791058026927, 23.550694259164896], [-105.76880612033847, 23.549792259613746], [-105.76927017990225, 23.54854785923477], [-105.7691825097284, 23.54758173887387], [-105.76855679979299, 23.54681550904498], [-105.76800563013856, 23.545661709352522], [-105.76843085008929, 23.544634939059925], [-105.76931173956976, 23.543889318960932], [-105.76912351033553, 23.54193933938915], [-105.76872422038801, 23.54132528947711], [-105.76734447969585, 23.54016893896167], [-105.76416127996062, 23.53874039940247], [-105.76342774018048, 23.5377225489358], [-105.7603757097678, 23.53510614971953], [-105.75977220045674, 23.5341295794322], [-105.75925165043692, 23.5324090296499], [-105.75893427968083, 23.532008108891425], [-105.75929499967467, 23.530252019235405], [-105.7599608498547, 23.529061479716237], [-105.75965226008795, 23.526876059539784], [-105.75923158019941, 23.526507379114598], [-105.75739440035083, 23.526213348918045], [-105.7569427103723, 23.52530993904692], [-105.75679753971777, 23.524476259378964], [-105.75727414019039, 23.522725478856646], [-105.75764474043685, 23.519479679423835], [-105.75747266043071, 23.516273979712704], [-105.75662503042807, 23.515548569350894], [-105.76007778038411, 23.50913936946709], [-105.760348400362, 23.50744084967185], [-105.7604072895051, 23.503200949090882], [-105.76004777026907, 23.502506919341236], [-105.7596270902256, 23.50234457930083], [-105.75882317955939, 23.50252694961184], [-105.75721781988989, 23.502488749634804], [-105.75606962012095, 23.5013432192839], [-105.75501325019862, 23.50098377896893], [-105.7526802303677, 23.5008181193127], [-105.7510375497241, 23.50027497892783], [-105.75069051030103, 23.49802557941713], [-105.7484283097265, 23.495815719139575], [-105.74816361985353, 23.49509679948118], [-105.74863042989668, 23.493671739483357], [-105.74779319997077, 23.49318336939003], [-105.74471954001412, 23.49214468910703], [-105.74407937954494, 23.491584859199246], [-105.74304809007444, 23.489918289756524], [-105.7418122798058, 23.489883649258445], [-105.74049212032433, 23.48927345904784], [-105.740094219919, 23.488641079095128], [-105.73988520039157, 23.486157059371397], [-105.7393546495677, 23.485340569755802], [-105.73645025983012, 23.484376619419645], [-105.735689150118, 23.48387176931645], [-105.73514650964145, 23.482917718991438], [-105.73415425972559, 23.482382979720157], [-105.7333506797106, 23.48276076894344], [-105.73283508046826, 23.482764818994507], [-105.72980355013894, 23.48232661964335], [-105.72824539985218, 23.48097170886588], [-105.72793225959032, 23.480453979437115], [-105.72774865016355, 23.478809879349143], [-105.72753223028218, 23.478514919713415], [-105.72469325042205, 23.47645114917335], [-105.7235914804475, 23.47523531901709], [-105.72344478019367, 23.474840138932365], [-105.72363196951508, 23.47435439897034], [-105.72651430953472, 23.47141064888071], [-105.72683011986607, 23.470857049355544], [-105.72738680023676, 23.469549229553362], [-105.72806349041062, 23.4668172589827], [-105.72674711964034, 23.463348279018586], [-105.7263127703963, 23.462839249619922], [-105.72562269036781, 23.462655889472305], [-105.72496818000701, 23.46211399895013], [-105.72454878002071, 23.461408658937593], [-105.7246572196433, 23.46080922919704], [-105.7253748595992, 23.459891659625605], [-105.72694519962725, 23.459092978910007], [-105.72872997022894, 23.458583089335452], [-105.72934859961545, 23.457852848918513], [-105.72984783008764, 23.4561260295928], [-105.72931848025826, 23.45476619956221], [-105.72931669021169, 23.453893049212247], [-105.73014888965227, 23.452842819675716], [-105.73083651951565, 23.4526949393056], [-105.73188164961577, 23.452922339717283], [-105.73203185046926, 23.452582079069014], [-105.73388450997767, 23.452178619290283], [-105.73564974043683, 23.44993288894525], [-105.73626388985514, 23.44985499944867], [-105.73657257999119, 23.44946884925857], [-105.73833749041317, 23.44838121942422], [-105.73885648032513, 23.44735876916058], [-105.73886462952227, 23.445205509063086], [-105.73839206046144, 23.44463824944369], [-105.73537345029392, 23.442970309438316], [-105.73464957007661, 23.442798339473775], [-105.73341591976217, 23.44195479888629], [-105.72923170977518, 23.4402313089334], [-105.72840322983028, 23.439588399078467], [-105.7280386899166, 23.438895059599147], [-105.7282882602514, 23.437626619651102], [-105.72945617979761, 23.435736478929954], [-105.73053368981358, 23.434619939005714], [-105.7305621201175, 23.43400907915921], [-105.73052834010281, 23.432810548958468], [-105.72956691001396, 23.430322459462325], [-105.728330910027, 23.42898445935886], [-105.72506639998444, 23.428557769041557], [-105.72403054006232, 23.428071719043484], [-105.72262497975805, 23.426682089708006], [-105.72197631035802, 23.42644819922863], [-105.72092357007213, 23.426347169708627], [-105.71903588975744, 23.426992018966807], [-105.71723485959788, 23.427066679163904], [-105.71212814998165, 23.425514919523927], [-105.71113739997874, 23.42543121971042], [-105.70778579958095, 23.425963599687403], [-105.70710942036735, 23.42585348950229], [-105.70619167972308, 23.425275719669386], [-105.70457707953128, 23.424846658923403], [-105.70421994012727, 23.424318649053266], [-105.70363853979421, 23.42230205945239], [-105.70145867960679, 23.421570349588926], [-105.70044911994174, 23.420563399525644], [-105.70032085014411, 23.41968587919616], [-105.70201157970699, 23.416489479077498], [-105.70257940019061, 23.414302519639797], [-105.70400234954184, 23.4112629996513], [-105.70524108969236, 23.410675879266993], [-105.70810165965946, 23.40993171950329], [-105.70915005960589, 23.409475349288613], [-105.7096867998773, 23.409083798885177], [-105.71025348972664, 23.408133949597246], [-105.71040921991354, 23.407583169190264], [-105.70896989012792, 23.405472679042514], [-105.7085937999698, 23.403879689357534], [-105.70930487977786, 23.402789629665612], [-105.70941491031745, 23.401829649452754], [-105.70996435004923, 23.40025201926277], [-105.71063757004265, 23.39985457948854], [-105.71133059990078, 23.3990845190217], [-105.71180125015138, 23.39778244968125], [-105.71174971959115, 23.393496079510886], [-105.71207954987311, 23.392550479140656], [-105.71260543018154, 23.39227628909074], [-105.71305716980636, 23.392347569682737], [-105.71411358042933, 23.39299561902101], [-105.71509068032726, 23.393256309370102], [-105.71645354023994, 23.393034339492264], [-105.71709428018022, 23.392692879494657], [-105.7180082295643, 23.39192405963106], [-105.7189416799001, 23.390045449109863], [-105.72130617043544, 23.38801453898837], [-105.72241871996006, 23.38603567903846], [-105.72280171022501, 23.384794979322056], [-105.72246460039625, 23.383761539516613], [-105.72026665025577, 23.38113359923946], [-105.71729254983022, 23.380037018919843], [-105.7169726202339, 23.379326289305705], [-105.71733188957282, 23.378594779672902], [-105.71885754008535, 23.377665089227808], [-105.72328580001994, 23.376572228929913], [-105.7263568600597, 23.377089368972698], [-105.72806208999603, 23.378220278877127], [-105.72921726032675, 23.37810737925874], [-105.73021910993693, 23.377477029046545], [-105.73051669005234, 23.376951289413743], [-105.73068966030216, 23.37489728961528], [-105.72994598032342, 23.374010379001817], [-105.72753684959794, 23.373558649411443], [-105.72618044987269, 23.372528769217947], [-105.72420295040753, 23.3723868292211], [-105.72324881956561, 23.372125649326577], [-105.71906389047452, 23.369414148951076], [-105.71803522952676, 23.36852947889516], [-105.73856551990768, 23.338608799364003], [-105.84895408035993, 23.329950829274157], [-105.83875709041891, 23.307749949665524], [-105.91728782961958, 23.33172881938819], [-105.93054573975627, 23.321545149604994], [-105.93986168953417, 23.267653549629443], [-105.93303552010194, 23.25856590951683], [-105.9356868602478, 23.257527479689166], [-105.9364685395098, 23.254889349018757], [-105.93647547959483, 23.250931829224744], [-105.93607168034761, 23.248859799712218], [-105.93511479982597, 23.24809757938868], [-105.93298701954834, 23.246907619598936], [-105.92935148036815, 23.24260253957383], [-105.92821460005018, 23.240675659005525], [-105.92812577046026, 23.23873204937879], [-105.9492326597674, 23.234533909298264], [-105.94342499980759, 23.2007742596811], [-105.93834955042092, 23.199994479485184], [-105.93720129014724, 23.19333571900767], [-105.92269608982932, 23.190049949537528], [-105.92644977969371, 23.178196689623082], [-105.90991868024678, 23.138875919427164], [-105.9090046304652, 23.11932337912213], [-105.93059851998045, 23.117964619285154], [-105.96302261968476, 23.08457941940014], [-105.96306452033514, 23.087049168867125], [-105.96186108989613, 23.088871678989584], [-105.96235602005979, 23.088775539275595], [-105.96565044969793, 23.09017367906401], [-105.96446737012364, 23.09250830962352], [-105.96332258023597, 23.09388650892146], [-105.9639830295857, 23.095482549425835], [-105.96654193973016, 23.09554522936939], [-105.96749248044308, 23.095972799193376], [-105.9680391097521, 23.09645371966937], [-105.97156371978646, 23.10433976967246], [-105.97657753999093, 23.105238779488047], [-105.97661771023618, 23.10576021890983], [-105.97616085995713, 23.1065745391034], [-105.97572946043556, 23.10687071955244], [-105.97417339984169, 23.10725737924441], [-105.97400146040088, 23.107527949094376], [-105.97533407979785, 23.110003169249158], [-105.97641950998376, 23.111523579296435], [-105.97697894991308, 23.114127179477283], [-105.9784652298441, 23.11821162960881], [-105.97929915038584, 23.119567349597165], [-105.98046658010911, 23.120150649618076], [-105.98062665954758, 23.118505679326674], [-105.98180234965955, 23.117596029261833], [-105.98184657013525, 23.116194349374283], [-105.98244105957616, 23.11571104900501], [-105.98028850988148, 23.112699918960022], [-105.9793554198941, 23.112381089702765], [-105.98035897983816, 23.11097017937309], [-105.98076997012132, 23.108295179292295], [-105.9823090299332, 23.108145258974837], [-105.98685885989542, 23.106319089045638], [-105.98816881953296, 23.10615902904062], [-105.989645479558, 23.106376769634664], [-105.99282788026238, 23.106238119227758], [-105.99432148046347, 23.10657231915741], [-105.99705351981669, 23.104968219004014], [-105.9991873701962, 23.104951968925608], [-106.00464211038268, 23.101140739674786], [-106.00521710980935, 23.101864909301536], [-106.00722559962519, 23.10177007895226], [-106.00780068964409, 23.10077661921222], [-106.01034891995678, 23.100454539045828], [-106.01174015011455, 23.097265939167517], [-106.01309648991283, 23.09652784891844], [-106.01797745995285, 23.100968369554543], [-106.01865142041876, 23.101548119264688], [-106.01876413987252, 23.101425739408754], [-106.02080135023726, 23.103289399712068], [-106.02060194029526, 23.103410978967247], [-106.02668099980723, 23.10884681934346], [-106.0296112901557, 23.1108047696339], [-106.0347890903648, 23.11338751973249], [-106.03459502038271, 23.113498939039157], [-106.03846175003332, 23.11553365931815], [-106.03950504958283, 23.113542819615787], [-106.04565567957552, 23.10530579972916], [-106.04870342996517, 23.107232619622472], [-106.05160845026501, 23.10844761930836], [-106.05893588979487, 23.11282311966635], [-106.0591504502645, 23.113298569621442], [-106.06060439955228, 23.114483109552776], [-106.06288737023729, 23.113363818873115], [-106.063558849845, 23.113219629540513], [-106.06487251019757, 23.113926579242406], [-106.06564769011558, 23.114670919105116], [-106.06775871036758, 23.113590199614624], [-106.06805548961117, 23.11423808930303], [-106.06899758016884, 23.114909969581284], [-106.07063889043776, 23.114004229063756], [-106.07015736958257, 23.113610249064983], [-106.06918205023018, 23.1093602291479], [-106.07250062964769, 23.108723519309486], [-106.07547682973559, 23.107014379549888], [-106.0765865204054, 23.10604553901476], [-106.07760108990232, 23.10691290944931], [-106.07908851047776, 23.102638689351313], [-106.0788716898575, 23.101293419285028], [-106.0773119801484, 23.10041136974842], [-106.0768852002322, 23.099278539126328], [-106.07766370965295, 23.098269549192853], [-106.09271251030934, 23.110786979709818], [-106.10233478035019, 23.095494339179844], [-106.09633788040104, 23.08978904940594], [-106.105829049976, 23.07597502898739], [-106.12062646041727, 23.089856339027214], [-106.13075894962313, 23.09888228949214], [-106.11989474956715, 23.11471147975993], [-106.11014055025575, 23.13232968970533], [-106.1089774499164, 23.13550171957801], [-106.10815480044195, 23.13610430901354], [-106.10750160043548, 23.137942619285607], [-106.10755571031034, 23.138666939600668], [-106.10649091978293, 23.14018705940169], [-106.10716474046481, 23.14115356924206], [-106.10678568027441, 23.14298854960684], [-106.10600565018363, 23.143267779759377], [-106.1040798598009, 23.144794879352528], [-106.1039020802359, 23.14599990964571], [-106.10263803026012, 23.147899719299165], [-106.10020182039109, 23.148712339065668], [-106.0994781998215, 23.149142089297676], [-106.0992796303584, 23.149549348934844], [-106.09874874007855, 23.14972814976373], [-106.09914383031334, 23.151142459411698], [-106.09902314984616, 23.15167931937455], [-106.09576105994253, 23.155010179689096], [-106.09561025968593, 23.155309779404785], [-106.0960824304703, 23.15572573885944], [-106.09607663018748, 23.156015879222153], [-106.09683225983028, 23.156187599001687], [-106.09743058003247, 23.156050679309864], [-106.09802378031989, 23.156867568882056], [-106.10102150993661, 23.158828149361256], [-106.10087557955988, 23.159182059593935], [-106.09989798030323, 23.15936537955931], [-106.09980262986139, 23.160168949122834], [-106.10107333986171, 23.16082541904032], [-106.1025140897929, 23.16112916952049], [-106.10318086039891, 23.161531489457825], [-106.10408694000536, 23.15991476886832], [-106.10551375007255, 23.159831339698687], [-106.10540605044646, 23.16044565960366], [-106.1059206200936, 23.161322199131366], [-106.1063942303069, 23.16164617963792], [-106.10670298015756, 23.161244418870766], [-106.10775026032086, 23.161149119334176], [-106.10851492018315, 23.16245501962971], [-106.11062688034889, 23.16200362955585], [-106.11174371022042, 23.16105771968101], [-106.1136279802034, 23.161504749177656], [-106.11435422993661, 23.161912619441118], [-106.11503134017022, 23.16167107920834], [-106.1154471704978, 23.16101524973243], [-106.11632463042186, 23.160654779491267], [-106.11828235044922, 23.161443689637], [-106.12039866026944, 23.161049319499682], [-106.12079577025419, 23.16113461907821], [-106.12126885974332, 23.161694489343837], [-106.12126924952973, 23.162039479451117], [-106.12058094037911, 23.162611709367294], [-106.12107329019665, 23.163693769487008], [-106.12098683006796, 23.164259709160643], [-106.12146615034001, 23.16414913923813], [-106.1223063698169, 23.16291547930446], [-106.12280574027933, 23.162646289155294], [-106.12342677009936, 23.162647138919272], [-106.12441397031265, 23.16324897975657], [-106.12717264985528, 23.165622979040478], [-106.12851153977091, 23.165610949466373], [-106.12985421995667, 23.16627865958274], [-106.13314919968872, 23.16573761966443], [-106.13370180033459, 23.166291289133067], [-106.1342846296244, 23.166401649571252], [-106.13494462999058, 23.167087909768505], [-106.13498141964118, 23.167856178940923], [-106.13625581974246, 23.169061799728624], [-106.13702915024697, 23.170431999157294], [-106.13885516976434, 23.174073689478806], [-106.13916759968474, 23.176138619676024], [-106.13931694995784, 23.177417919333358], [-106.13908045981167, 23.18026184951055], [-106.13981373977882, 23.182993089145835], [-106.1364997203435, 23.1821671797602], [-106.13632737037001, 23.182576859006634], [-106.14266684956446, 23.18738085921811], [-106.14616713972718, 23.189874878935473], [-106.14707394958614, 23.19026914899674], [-106.14912887974779, 23.190532679210722], [-106.1961333404138, 23.189613109328665], [-106.19579406022308, 23.191562119324338], [-106.20073826006306, 23.19068451968697], [-106.19998514039673, 23.19487894939011], [-106.19974085007436, 23.194881089130114], [-106.19941230961352, 23.197734169085837], [-106.19943985953446, 23.19817927890607], [-106.19995129013039, 23.19815222954704], [-106.19999129841918, 23.198798549387888], [-106.20209336050806, 23.199617876134763], [-106.20558076840913, 23.19961397626487], [-106.2011561796758, 23.20311187972782], [-106.19486329037409, 23.206594519558656], [-106.19379805046569, 23.206695949302063], [-106.19183225000356, 23.20651351894948], [-106.18874767957172, 23.20798121917959], [-106.18612670991375, 23.20753191956087], [-106.18511086003487, 23.21312587913184], [-106.16310844991766, 23.213893488907186], [-106.15946225029461, 23.213806629291806], [-106.16092197963702, 23.224218719122778], [-106.1746031995696, 23.303933148115107], [-106.18507767997208, 23.310445889601564], [-106.18566096985863, 23.32719682951508], [-106.18776994995288, 23.326612719087674], [-106.1896071500162, 23.32667157896149], [-106.19109476973519, 23.327479428908465], [-106.19210051010522, 23.3270826790458], [-106.19471694025913, 23.327457879223562], [-106.19548968016495, 23.328246879340206], [-106.1982495495079, 23.329175258915818], [-106.2001010297553, 23.328327979025214], [-106.20151375009037, 23.32921588915571], [-106.20365605998207, 23.32988770969313], [-106.2052638799688, 23.32972228975079], [-106.20671841995366, 23.330249909443925], [-106.20753376970032, 23.330318199619484], [-106.20929362994366, 23.329933999081156], [-106.2113182002087, 23.33069879945662], [-106.2117898499817, 23.33184825953662], [-106.21332852035202, 23.333797749422892], [-106.21410749000935, 23.33410544948511], [-106.21558668039201, 23.333828058985635], [-106.2167349204364, 23.332621599030233], [-106.2174404595323, 23.33268944932264], [-106.21777737969161, 23.332849309748912], [-106.21862094983632, 23.334110909602497], [-106.22037491967365, 23.334504169132405], [-106.22044725958085, 23.335417769753285], [-106.21993261996883, 23.336182199309956], [-106.22122817959226, 23.337641019262676], [-106.22124554039043, 23.337934249256964], [-106.2208629397063, 23.338745479635776], [-106.2200081498919, 23.33963637929959], [-106.22009722024562, 23.340012369175575], [-106.22047786024798, 23.34021442903439], [-106.22071447955287, 23.34070151963628], [-106.22077144997543, 23.341811049171593], [-106.2213946504863, 23.342299979131667], [-106.22178008987511, 23.343058489621466], [-106.22172782022139, 23.344231849036635], [-106.22614188986037, 23.342798249139676], [-106.22670791039778, 23.344245229292458], [-106.22861142050199, 23.344826449558557], [-106.23087584954601, 23.34702996936937], [-106.23192638020839, 23.34718705967038], [-106.2321714302564, 23.35382176921215], [-106.23825086038435, 23.353115649126618], [-106.24290050997507, 23.35207724912423], [-106.24262242019597, 23.352996829388488], [-106.24206790994364, 23.35377851887627], [-106.23971259979733, 23.355792919273625], [-106.2387151195238, 23.35632002938121], [-106.23695970990546, 23.35665841955486], [-106.23316788045963, 23.356691629529813], [-106.22909225024411, 23.35768011892639], [-106.22884365959638, 23.358802489514208], [-106.22911489028192, 23.359460679427116], [-106.23188851005087, 23.362597459558547], [-106.23409256964914, 23.3639161690024], [-106.2352351500292, 23.36412733941076], [-106.2368956603672, 23.365354399347567], [-106.23685420014186, 23.366562979753606], [-106.23608344953199, 23.36748068926494], [-106.23520145030827, 23.368129169743924], [-106.23224221962315, 23.36911511910748], [-106.23105035018493, 23.369853949288686], [-106.22940748962294, 23.370503399271026], [-106.21900146026215, 23.37078285959125], [-106.21741870951642, 23.370167249442623], [-106.21647143008795, 23.370124948991702], [-106.21166581996474, 23.371035289343094], [-106.20968089034929, 23.37081794959302], [-106.20879312043644, 23.37185461968175], [-106.20867553968948, 23.37250081969631], [-106.20897937973167, 23.374244519070807], [-106.21047902041532, 23.376825919730823], [-106.21133842036907, 23.37891116927673], [-106.21137519992321, 23.379684619451286], [-106.21076230959612, 23.380857979615048], [-106.21044502034499, 23.3828822789503], [-106.21058982974078, 23.3851162295724], [-106.21110374971114, 23.38592482942531], [-106.2130226003974, 23.387804169002617], [-106.21510485019294, 23.389087779204015], [-106.21611854043206, 23.390537338893438], [-106.21781041971887, 23.391753198946034], [-106.21849482023644, 23.393202909152503], [-106.22094971046326, 23.3945465691469], [-106.22189665989637, 23.395888569602313], [-106.2224154297067, 23.39706521910525], [-106.22204196974351, 23.398436279184033], [-106.22157770986301, 23.398875309753752], [-106.22025325008094, 23.398635829320213], [-106.21744342995748, 23.398718018998512], [-106.21665477005334, 23.398840709111536], [-106.21527013968607, 23.399434279770716], [-106.21171700002753, 23.40002961942298], [-106.20950731979215, 23.401632279460493], [-106.20804461975935, 23.403632889037333], [-106.20675105003725, 23.4049730197429], [-106.20665195020318, 23.405389949553452], [-106.2074151503363, 23.40605302942907], [-106.20791569030898, 23.407904659286324], [-106.20846234016386, 23.408966939456853], [-106.20823482042344, 23.410685679443727], [-106.20876784964733, 23.411481519225642], [-106.20894968029931, 23.412328569143444], [-106.2102795800124, 23.4134982895371], [-106.21120704989026, 23.415067449064797], [-106.21121226028595, 23.416852029725053], [-106.21162711004895, 23.417500539431522], [-106.21178977997118, 23.418908219464836], [-106.21132561997426, 23.421281878978782], [-106.21155145988364, 23.422170029426397], [-106.21208465964297, 23.42301377912247], [-106.2123617099601, 23.42416019946339], [-106.21348648969156, 23.42630094926763], [-106.2147245795875, 23.429549109351953], [-106.21636409001876, 23.431976599005576], [-106.2171593203205, 23.432784179114822], [-106.21950585970116, 23.433937369184076], [-106.22305528020176, 23.43493656907696], [-106.23137125002137, 23.436775199387274], [-106.23355719985713, 23.43791090907321], [-106.23467072046311, 23.439265139628613], [-106.23494528033387, 23.440617629496856], [-106.23656119965602, 23.444378689439294], [-106.23695480029983, 23.446270448854605], [-106.2336365699205, 23.45097628912242], [-106.23142237031516, 23.45220325947075], [-106.23008112008353, 23.45232762946635], [-106.22829265993093, 23.451372819456477], [-106.22687140011446, 23.450954539380334], [-106.2253714796119, 23.451054719341702], [-106.22206215012464, 23.45195494957095], [-106.21884468018374, 23.451772199155855], [-106.21675162039183, 23.45114148905439], [-106.21556591043745, 23.45135061904687], [-106.21240247953315, 23.45346142966278], [-106.21078285977693, 23.45376987910701], [-106.21051073970257, 23.454133219471288], [-106.21058398049284, 23.45553324966272], [-106.21016962020533, 23.45761442889311], [-106.20981377964685, 23.458481319437123], [-106.20843301963473, 23.46050147952874], [-106.20811885990567, 23.461802878902194], [-106.20823275033213, 23.462403489387643], [-106.21138084993714, 23.464619178998174], [-106.21221877046948, 23.465857689634515], [-106.21232648042009, 23.4672953089012], [-106.21170761985883, 23.46957701925375], [-106.2105347198706, 23.470347779579612], [-106.20865097954288, 23.470204658979917], [-106.20743291025057, 23.470358919238752], [-106.20536564953503, 23.469076829478627], [-106.20334130987676, 23.46849821933122], [-106.20202802021645, 23.469162979032156], [-106.20142574032549, 23.46919061939946], [-106.2006963202863, 23.47006113934604], [-106.20041033966397, 23.47160393911988], [-106.20075722994527, 23.472274429472456], [-106.20107268009556, 23.474749859384833], [-106.20293973991434, 23.476230509129856], [-106.20343312036341, 23.47622762891513], [-106.20462057995526, 23.476834828965814], [-106.20495650966117, 23.47734330914153], [-106.20550406000964, 23.479442109077713], [-106.20567541998923, 23.48201419905441], [-106.20463050986426, 23.482911019037598], [-106.20414782951201, 23.483754629338232], [-106.19808474950258, 23.48360267899014], [-106.19763224974571, 23.483854719409134], [-106.19730817025255, 23.484367738943586], [-106.19726037998447, 23.484965539142873], [-106.19780910999155, 23.48552019896048], [-106.19939894018584, 23.488346659701794], [-106.19955059998371, 23.488942858994598], [-106.19941330979373, 23.492288119669116], [-106.19957814991325, 23.492599949082756], [-106.19922576972714, 23.493666339411703], [-106.19941682995216, 23.494578779385662], [-106.20012960037207, 23.4958246793728], [-106.19975795014436, 23.49726662968405], [-106.19925933984538, 23.497736879086236], [-106.19936367997515, 23.49870874915598], [-106.19976060008302, 23.499579308970677], [-106.19970852021002, 23.500149779084726], [-106.19929585955221, 23.500859339304533], [-106.19770713982732, 23.502158749084618], [-106.19693694979698, 23.504602279548468], [-106.19792975041652, 23.509748519543397], [-106.19792506044983, 23.511944179150504], [-106.19837782007379, 23.513117749404643], [-106.19837957987653, 23.513854169094742], [-106.1977530899427, 23.515194479128176], [-106.1966773100936, 23.515745999413753], [-106.19589768039876, 23.51645368912782], [-106.1952723696432, 23.517929799680395], [-106.19218411012011, 23.518677819608087], [-106.19084297980004, 23.519271889439274], [-106.18972584988497, 23.521729768984038], [-106.18636701986486, 23.52604662956372], [-106.18554422965259, 23.525819719755294], [-106.18497314996567, 23.52536831963459], [-106.18443568962097, 23.525345149314425], [-106.18390197981265, 23.526008549588553], [-106.18496054951967, 23.53046647894707], [-106.18481825030355, 23.53103344974622], [-106.18513988001408, 23.533533688988484], [-106.1849935995415, 23.534155798909058], [-106.18539149021119, 23.53743490958124], [-106.18657272011393, 23.539457479317], [-106.18995250981364, 23.54101614902718], [-106.19124032029842, 23.54216070942637], [-106.19205543011118, 23.545368689569052], [-106.19282854958665, 23.54642024969079], [-106.19311186006166, 23.54786673902735], [-106.19302115040122, 23.548704939269722], [-106.1919747995242, 23.550498818950448], [-106.19123602038178, 23.55236291887654], [-106.19046288969183, 23.552955198870688], [-106.18891708985136, 23.55331456931845], [-106.18665897954328, 23.55304402887507], [-106.18395928988141, 23.553381509307265], [-106.18266082022724, 23.553798828999213], [-106.18075418038664, 23.55489981966359], [-106.18037140002372, 23.55605711906726], [-106.17986211035972, 23.55680796941287], [-106.18034610962768, 23.558728289614226], [-106.18082182998421, 23.559720649486195], [-106.18089757986878, 23.5603764190135], [-106.1806801801826, 23.560829049677533], [-106.1796789697076, 23.5613860195928], [-106.1777407802251, 23.563214079026327], [-106.17667422996286, 23.563772149622096], [-106.17546551959448, 23.565722779365643], [-106.17484558003541, 23.56630117967112], [-106.17428104997236, 23.56637336972672], [-106.1726460599145, 23.56620253940733], [-106.17013288016066, 23.56499402892612], [-106.16771404971152, 23.564463419768543], [-106.16741426029036, 23.56417856935101], [-106.1669493096259, 23.562656848902023], [-106.16576729031593, 23.561098619158113], [-106.16409857043949, 23.55939633929923], [-106.16322815003916, 23.5590159791931], [-106.15648702034157, 23.557863378905413], [-106.15549395035127, 23.557159819005374], [-106.15439668032884, 23.55600761930072], [-106.15283757047413, 23.555154939412464], [-106.15239985035264, 23.55506062937786], [-106.15005234039995, 23.555404169139745], [-106.14720900049161, 23.55906284930041], [-106.14617541952403, 23.561198858987158], [-106.1440616595292, 23.562934719191652], [-106.143824199559, 23.563622659367745], [-106.14444313952684, 23.56448185895861], [-106.14612814043709, 23.56520193917774], [-106.14707912045068, 23.566138949601], [-106.14840893982341, 23.566826879375636], [-106.15128093991093, 23.569800969000966], [-106.1521883504667, 23.570436198919698], [-106.15460953975618, 23.573705678898566], [-106.15265788047094, 23.577552459484114], [-106.15219385979094, 23.581745309652025], [-106.1506290903084, 23.58310670945542], [-106.14860928011217, 23.5837414289173], [-106.14642471988773, 23.583831249765094], [-106.13268975025468, 23.580064859204793], [-106.12276367973782, 23.57617216936483], [-106.1208080002079, 23.574517649067303], [-106.1212299403409, 23.56809697960886], [-106.1192634297512, 23.5672064890327], [-106.11640414991625, 23.567923289321993], [-106.11413785978723, 23.5722078290246], [-106.1099388596222, 23.57590327960411], [-106.10751755014034, 23.577206909423296], [-106.10706668039504, 23.577005319463], [-106.10636894022471, 23.57732570897923], [-106.10483481995976, 23.578139479040054], [-106.10458658003793, 23.578462858974046], [-106.1047326300857, 23.580215148874977], [-106.1052554899461, 23.58131536920842], [-106.10537357039208, 23.582404119578207], [-106.10567193963496, 23.58271739901521], [-106.1099931799632, 23.583404549589744], [-106.11128837016362, 23.58380485947992], [-106.11168134969873, 23.583989458927086], [-106.11254627976386, 23.585488799602608], [-106.11265059952443, 23.58588170931138], [-106.11222770987966, 23.588329429155735], [-106.11157720024367, 23.5891592588922], [-106.11057645024233, 23.59232048923463], [-106.11118819969627, 23.59287524919491], [-106.11210578001452, 23.594369019017517], [-106.11237911023778, 23.595399308946273], [-106.11215007982342, 23.59700970962144], [-106.11150287954027, 23.59914273973253], [-106.11093449046955, 23.60005001959571], [-106.10877554983465, 23.600638919064306], [-106.10856870988154, 23.60195936917957], [-106.10748128961303, 23.60223951925781], [-106.10622989037861, 23.601357419102072], [-106.10386225956859, 23.600366618979773], [-106.10153754033801, 23.59876859912218], [-106.10033014965529, 23.598278768902183], [-106.09685380046402, 23.59813673905653], [-106.09375490980776, 23.598482749704228], [-106.09311294006609, 23.598784229448707], [-106.09131709031784, 23.600570089046197], [-106.09028188045794, 23.601272889636768], [-106.08970301994296, 23.602855969372577], [-106.08868383024347, 23.60385054914507], [-106.08760002019557, 23.603613779666873], [-106.08640959962631, 23.60366204939394], [-106.08513594979286, 23.604326539435075], [-106.08471749047254, 23.605684919578454], [-106.08509882975622, 23.60737407932487], [-106.08617030964895, 23.608588449492544], [-106.08670985970474, 23.609656149690352], [-106.08727975000048, 23.60995004915885], [-106.08841665990958, 23.611172539121508], [-106.09028628043656, 23.612325598855577], [-106.09209726030947, 23.613993829358947], [-106.09405785010887, 23.617069889020218], [-106.09447458029747, 23.618107679063716], [-106.09451080044123, 23.61868559889539], [-106.09383860048165, 23.620916339355677], [-106.09231704957416, 23.622950679236556], [-106.091751230347, 23.622867939060296], [-106.09108500012609, 23.622034258889407], [-106.08994568017293, 23.621533429749967], [-106.08938682020141, 23.619751599700187], [-106.08840256992679, 23.618318249383563], [-106.08785079978111, 23.616325749538653], [-106.08701297005288, 23.61534576940514], [-106.08365162044136, 23.614499648910567], [-106.0820927503135, 23.613832569251855], [-106.08098911036028, 23.613044179752006], [-106.07900856974926, 23.613057968941373], [-106.07786658026167, 23.61415034925763], [-106.07734279976783, 23.61555884973141], [-106.07662597982785, 23.616278569302636], [-106.0750496896742, 23.616634549227545], [-106.0737376300478, 23.616569689571524], [-106.07261070975002, 23.616232429567553], [-106.07225754020082, 23.615594059345227], [-106.07150373981791, 23.61505704948415], [-106.0696329398089, 23.614325289295326], [-106.06825256960921, 23.61243699966071], [-106.06651637008454, 23.611323549356516], [-106.06511105025379, 23.611201629682668], [-106.06348005961588, 23.611409979313986], [-106.06238770999758, 23.61203362889868], [-106.06107808047462, 23.613728659296033], [-106.06055894975964, 23.615209879505823], [-106.06062474030375, 23.615781519010955], [-106.0616427096577, 23.617359518930318], [-106.06477797023983, 23.621123538962518], [-106.06622265006261, 23.62355381960307], [-106.0675177097562, 23.626992369333873], [-106.06728580004913, 23.628103049442707], [-106.06558498021397, 23.63052191959501], [-106.06522902019103, 23.631742399517822], [-106.06441957006598, 23.63215896937844], [-106.06234374994776, 23.632431739454624], [-106.06193082983626, 23.63276364964994], [-106.06165804958175, 23.633549649727723], [-106.0616103096796, 23.635647568883137], [-106.06187802041337, 23.636421319588187], [-106.06328905997978, 23.637758219480936], [-106.06372634963726, 23.63886430938693], [-106.06448366004533, 23.639820319559465], [-106.0653217201459, 23.64028782890194], [-106.06835710952203, 23.641069199393268], [-106.06889568955873, 23.641459829278045], [-106.06916819966656, 23.64204945904836], [-106.0691536301771, 23.643552998958626], [-106.06748470952394, 23.645733399209302], [-106.06455923027171, 23.648805319340447], [-106.06401506040893, 23.649957479311496], [-106.06364803027603, 23.652012019614038], [-106.06295461977439, 23.65307559895523], [-106.06134888041568, 23.653160549303553], [-106.05966600016042, 23.653640349739174], [-106.0570037998865, 23.65332636903467], [-106.0552634498297, 23.652588509761436], [-106.05398349041015, 23.65151901972681], [-106.05213054013177, 23.650606089521997], [-106.05110151979207, 23.649521829529704], [-106.04974231018704, 23.64872768965782], [-106.04849817021869, 23.64970848908006], [-106.0482026597987, 23.650852478952327], [-106.04552301954455, 23.65285008953906], [-106.04524573982978, 23.653738858944003], [-106.04363570985333, 23.65412485960143], [-106.04200362018328, 23.655690769680973], [-106.04158347963836, 23.655693599766124], [-106.04009574010568, 23.65490496956242], [-106.0381274197322, 23.65295653974599], [-106.03672808015905, 23.652185769041036], [-106.03550041972295, 23.652216909173465], [-106.03437265681535, 23.65264677225608], [-106.03333931680507, 23.653741322105517], [-106.0329642473561, 23.655172951985254], [-106.03375627751404, 23.65658198248923], [-106.03477241668737, 23.656807982158337], [-106.03700942755879, 23.656565422467498], [-106.03793739717533, 23.656718661779614], [-106.0389144471465, 23.65788357170793], [-106.03951230685028, 23.659706772157953], [-106.03935059756617, 23.66105654237997], [-106.03859747708448, 23.662092952466743], [-106.03811211678956, 23.66247965208418], [-106.035235947358, 23.663486201933257], [-106.0340908572889, 23.664358832035862], [-106.03398099670727, 23.665372112514007], [-106.03491262758095, 23.66839858202459], [-106.03504733756769, 23.670427652082612], [-106.03618421737417, 23.671949621690402], [-106.03762533684144, 23.672623851827147], [-106.04271745684164, 23.67206755245324], [-106.04405282670686, 23.6745013720063], [-106.04417945700214, 23.675955921809102], [-106.0436832769636, 23.67742731247608], [-106.04203748678935, 23.679261232009853], [-106.03996336725587, 23.680108481847533], [-106.0363297372561, 23.680658462230763], [-106.03461071737934, 23.681182721699415], [-106.03235581667516, 23.681270882531603], [-106.03154127711058, 23.680706151662818], [-106.03095122717889, 23.67982386201679], [-106.02903490745716, 23.678714802409086], [-106.02649428721182, 23.677729771948382], [-106.02394768732366, 23.677428032388725], [-106.0226335368244, 23.67908462253775], [-106.02233879722311, 23.67999295253611], [-106.02130314689964, 23.68113425173275], [-106.02086905666695, 23.68197397248456], [-106.02045851678538, 23.683039661818583], [-106.02027807733808, 23.684546582072844], [-106.02047999725903, 23.68675597253866], [-106.02211217688316, 23.69075086220263], [-106.02113145759672, 23.691736912522273], [-106.02064585702983, 23.69186606196604], [-106.01930005745899, 23.692840522193396], [-106.0164095069166, 23.695862942339918], [-106.01553222677863, 23.697200692229703], [-106.01530587718909, 23.699810911894822], [-106.01433524729667, 23.700931552552785], [-106.01461785734837, 23.701551662036426], [-106.0150117973688, 23.701871381737657], [-106.01602397714944, 23.702206022509213], [-106.01924236685998, 23.70228408174012], [-106.02025647664736, 23.702719422386785], [-106.02199787686477, 23.70409197202952], [-106.02358933745442, 23.706290572041727], [-106.0245973771257, 23.707165182556608], [-106.02503522667793, 23.70782588171191], [-106.02524899732728, 23.70949962207923], [-106.02625627703966, 23.710894082324465], [-106.02632816717318, 23.71191855184536], [-106.02568044684628, 23.71294591206899], [-106.02448651738494, 23.714027692050784], [-106.02223571717485, 23.715357172001056], [-106.01991105724812, 23.716371371981502], [-106.017441816708, 23.716123631751213], [-106.01623401709517, 23.713537342251215], [-106.01411114716129, 23.712730311725256], [-106.01304513676543, 23.712836981736803], [-106.0110063167365, 23.713972721874914], [-106.01012497732954, 23.715478781745997], [-106.00875156761707, 23.71712640200083], [-106.00699231760245, 23.71824363213692], [-106.00590985682496, 23.71846448230252], [-106.00513291695432, 23.718875062314147], [-106.00533248716377, 23.72067802174472], [-106.00553871726667, 23.721172521881144], [-106.00633025706522, 23.721977121810827], [-106.00679991736422, 23.7240304018023], [-106.00745094759975, 23.72495672214053], [-106.00686190704043, 23.727658911843427], [-106.00620325703947, 23.72886543246693], [-106.00594696720849, 23.730623382542763], [-106.00533087730702, 23.73203655222312], [-106.00596911698018, 23.735504252241512], [-106.00705401680987, 23.736477352084155], [-106.00972608694256, 23.738129971745327], [-106.01146453728464, 23.739689172372856], [-106.01231745720939, 23.741284982431775], [-106.01323517694776, 23.745116152538426], [-106.01150356761539, 23.747295822031646], [-106.0098543969286, 23.748360461846982], [-106.00832754694474, 23.748731522285922], [-106.00618404757691, 23.749875652536375], [-106.0047021468393, 23.75034177255649], [-106.00370357717924, 23.750495001772475], [-106.00173485717104, 23.75041026210027], [-106.00014997752402, 23.75102551212211], [-105.99832014666859, 23.750131542052927], [-105.9973608274371, 23.749218232064692], [-105.99606811694888, 23.747419001716978], [-105.99370151671756, 23.746836402331816], [-105.99260484737714, 23.746808371869218], [-105.99201945675894, 23.746312201693677], [-105.99136214731139, 23.746386581812217], [-105.99053961750718, 23.747304002455387], [-105.98915211702999, 23.74755711185405], [-105.9864690266337, 23.751357601967243], [-105.98590902671499, 23.75259954204958], [-105.98583870699144, 23.75553911251435], [-105.98510653761032, 23.75715017211677], [-105.98200077680077, 23.759291372510997], [-105.97787362713309, 23.76030055210464], [-105.97747547705772, 23.760844322463768], [-105.97676754754262, 23.763909431696014], [-105.97677816734267, 23.764884251764006], [-105.97648476694975, 23.76539395238685], [-105.97512790666372, 23.766297881924498], [-105.97301351704105, 23.766519722416344], [-105.9723948169674, 23.766414282505853]]]}}, {"type": "Feature", "properties": {"CVEGEO": "25005", "CVE_ENT": "25", "NOMGEO": "Sinaloa", "CVE_MUN": "005", "NOMMUN": "Cosalá", "cov_": 1905, "cov_id": 1906}, "geometry": {"type": "Polygon", "coordinates": [[[-106.86781574967429, 24.824164279436214], [-106.86585287967233, 24.822955338882362], [-106.86101517967491, 24.818357738890207], [-106.79612871020137, 24.753361139662804], [-106.79301071979492, 24.74391033969344], [-106.78425429039835, 24.741456429417262], [-106.7151253097858, 24.672081879481855], [-106.71149270956992, 24.670304849027122], [-106.70594836979708, 24.665261659343216], [-106.6890504000657, 24.623753719599783], [-106.68360859978661, 24.598530479066024], [-106.66865210955764, 24.571672749625428], [-106.66660885968437, 24.567130628912565], [-106.64546065966671, 24.528979458965896], [-106.6377816197927, 24.530311769318942], [-106.63223782983121, 24.529989509546407], [-106.62603431004382, 24.52714144933079], [-106.62260700030069, 24.524896678945588], [-106.63006707999726, 24.506503138840184], [-106.62477500008663, 24.50023604946498], [-106.60999493952774, 24.49785127974603], [-106.6003617202162, 24.483210819391143], [-106.60015996967277, 24.4837352293107], [-106.59979503050303, 24.483861919478635], [-106.5993363799344, 24.484841969088258], [-106.59971556979822, 24.485337059456022], [-106.59959134982203, 24.485942979458045], [-106.60011491028578, 24.48661428884883], [-106.59945380031185, 24.48680765889062], [-106.59904397025745, 24.48650587966657], [-106.59845637990327, 24.487118169032254], [-106.59888760028305, 24.487700569676033], [-106.59868054039602, 24.488286538836974], [-106.59902897986997, 24.488718169567242], [-106.59870297010555, 24.49000559936187], [-106.59916268015911, 24.49073519916924], [-106.59909231041136, 24.490994569424185], [-106.59736956951363, 24.490924689123723], [-106.59706728023494, 24.49136947941297], [-106.5972284002098, 24.491726219544272], [-106.59698934041361, 24.491915579400363], [-106.59717167982302, 24.49248841914892], [-106.5961750496485, 24.4923965692395], [-106.59587311007377, 24.49382562916712], [-106.5940387796923, 24.494237279407827], [-106.59365273952834, 24.49505873889437], [-106.59329522959645, 24.49461025930248], [-106.59335462990373, 24.493728249473733], [-106.59262134981869, 24.493415419101733], [-106.5921438497941, 24.49283568971676], [-106.59204911002024, 24.49192267935699], [-106.59157391968931, 24.49143108938606], [-106.59122248959407, 24.491342419332952], [-106.59044826013455, 24.49150214883864], [-106.58992331022152, 24.491375979208062], [-106.5884025800814, 24.49220196936371], [-106.58759148008758, 24.492310739405358], [-106.58712449021306, 24.49263976924936], [-106.58660939984263, 24.492534619244203], [-106.58621380047497, 24.492317649364292], [-106.58609680042375, 24.49181144964377], [-106.58484894976623, 24.49093381923049], [-106.58375865988464, 24.490759909085178], [-106.58339623022357, 24.490391379407342], [-106.58335802988987, 24.489891708973765], [-106.58277964994005, 24.489544508870267], [-106.58191265987466, 24.48820721890776], [-106.58150657998155, 24.488415769315143], [-106.58056664957802, 24.48790222922671], [-106.58006485045634, 24.487244168951747], [-106.58015368045855, 24.485940028991898], [-106.5795938797299, 24.484553279640465], [-106.57909876957142, 24.4840669795851], [-106.57915184997584, 24.48319294919902], [-106.5786619702947, 24.482224199162154], [-106.57619577012727, 24.481877969523847], [-106.57618697018762, 24.48136302972772], [-106.57499035021519, 24.480524089481328], [-106.57456347976232, 24.479312079453052], [-106.57331364980865, 24.478010479201775], [-106.573169689627, 24.477626938954845], [-106.57231604963323, 24.47730919910683], [-106.57169902977391, 24.47751119969483], [-106.57040125997729, 24.476719018910416], [-106.56981074963521, 24.476806858918838], [-106.56913216969126, 24.47632245889794], [-106.56869035026381, 24.47531439921285], [-106.56812881998718, 24.47567002898991], [-106.56734211986863, 24.475589819716053], [-106.56711263043877, 24.475878859292642], [-106.5667136198255, 24.47511202955004], [-106.56670356977219, 24.47468187910456], [-106.56696740026817, 24.474766318863622], [-106.56709317971404, 24.474606348952], [-106.56684187992327, 24.474261618885023], [-106.56569518049251, 24.474277979475932], [-106.5648309503312, 24.473397228957896], [-106.56409695006272, 24.473167049273854], [-106.56001580045275, 24.47271061958652], [-106.55945258022999, 24.469645048918863], [-106.5599473504449, 24.467463678894823], [-106.5624284902126, 24.46117876885851], [-106.56283842012414, 24.458784278871054], [-106.5664457398529, 24.455872919159532], [-106.5667510803819, 24.45389933941367], [-106.56832154049287, 24.453099179286248], [-106.56840497952159, 24.451035448973595], [-106.56926650981316, 24.446190829736487], [-106.56763217014316, 24.44217254918322], [-106.56868465975776, 24.442047549019787], [-106.56845843045133, 24.438501739174132], [-106.56927602006951, 24.43702057911165], [-106.60158830983896, 24.414565849586673], [-106.59528836978492, 24.409472199590574], [-106.58346565969566, 24.390269919172837], [-106.58595861999927, 24.37900030928418], [-106.53408891982951, 24.309547779198223], [-106.53324437987588, 24.302672859483703], [-106.52799122045762, 24.295123738954715], [-106.51709355034681, 24.286984258969394], [-106.50909660035416, 24.291139309604098], [-106.46286395004022, 24.2697054296961], [-106.46377457970901, 24.268519969553704], [-106.46312362963413, 24.238044219472226], [-106.48520504959984, 24.23997907942139], [-106.48548652032704, 24.238236249113843], [-106.48618052003613, 24.238087049555276], [-106.48694668979367, 24.238343398983016], [-106.48773305979637, 24.23899887887003], [-106.4881850604638, 24.23908070923431], [-106.48832772019479, 24.23903396952769], [-106.48807386044305, 24.23849827959691], [-106.48753690985312, 24.23823091887218], [-106.48746444978468, 24.237798949515156], [-106.48765042047778, 24.237549909701876], [-106.48933040012395, 24.237710229303097], [-106.49082329017112, 24.238509168945498], [-106.49145089046324, 24.238391618979925], [-106.49261785031537, 24.237959938843105], [-106.49378954038961, 24.237016289658378], [-106.49373375015918, 24.235706479437415], [-106.4944416295243, 24.23509377938083], [-106.49513224990365, 24.23567030965692], [-106.49570438049763, 24.235815339314293], [-106.49605947963884, 24.235664709688155], [-106.49639790981861, 24.23488204933115], [-106.49683302006746, 24.2346072589396], [-106.49850757959616, 24.2349056294971], [-106.49894552041569, 24.234734369056742], [-106.4990363795722, 24.233801109646247], [-106.4992976200796, 24.233475969495984], [-106.50012302005055, 24.23365571902981], [-106.50068565042051, 24.23346145883581], [-106.5011885800129, 24.2330580494489], [-106.50154711044065, 24.23238451884772], [-106.50459745016994, 24.23295550930759], [-106.50508931969708, 24.232840399730865], [-106.50579198040809, 24.23168756944464], [-106.50589593955593, 24.231157119153107], [-106.50551896997592, 24.230595318884834], [-106.50395411030999, 24.230087799258076], [-106.50402551017189, 24.229364939503643], [-106.50530508021141, 24.228907659210776], [-106.50708796998916, 24.22933616923018], [-106.50741977023351, 24.229241059580193], [-106.50764555042994, 24.228818649601468], [-106.50766394048694, 24.228035339272683], [-106.50814950983369, 24.22725391914425], [-106.50901385043967, 24.227075659576304], [-106.50958860002534, 24.226588829044655], [-106.50985317008617, 24.225152369594486], [-106.51044261989537, 24.22394174949484], [-106.51083816984226, 24.22384702956882], [-106.51131154993625, 24.224105999558173], [-106.51179531003092, 24.22465507972547], [-106.51303799996687, 24.225362219702394], [-106.51355517032006, 24.22603391884986], [-106.51358463010135, 24.22800414965194], [-106.51402191045595, 24.22826165908975], [-106.51470610992504, 24.228257199518097], [-106.51635668995226, 24.225138108879566], [-106.5174285203438, 24.224784659463225], [-106.51864070962453, 24.225235339475578], [-106.51994273972194, 24.225238149398994], [-106.52123631005351, 24.226601799743225], [-106.52373864972786, 24.22724064936808], [-106.52438547970077, 24.22717051946929], [-106.52483931024277, 24.226848999125156], [-106.52445742038981, 24.22561019945649], [-106.52461137029039, 24.22516759931375], [-106.52534610953327, 24.22372425975791], [-106.52600932045165, 24.223500169272505], [-106.52654022954194, 24.223796859752035], [-106.52630776963431, 24.224664519472068], [-106.52690213951684, 24.22566125900325], [-106.52817354038386, 24.226882979490007], [-106.52876264978724, 24.22707021914773], [-106.5300629801897, 24.22692411906661], [-106.53108576954595, 24.22788522962417], [-106.5320113503646, 24.228115178912933], [-106.5328189997472, 24.227057618929468], [-106.53387658039698, 24.226847049498424], [-106.53426406005508, 24.226188719589132], [-106.53527845000824, 24.226168629027047], [-106.53567089008156, 24.225862849424455], [-106.53515325019762, 24.22449074884646], [-106.53518109041643, 24.224185309252153], [-106.53575091017301, 24.223842419168843], [-106.5363217203343, 24.223739259094216], [-106.53676348969589, 24.223899619710824], [-106.538237709641, 24.224814219077018], [-106.5391473495114, 24.22475025902075], [-106.54052470995295, 24.22394865915777], [-106.54226471002004, 24.223882259734225], [-106.54277491959462, 24.224125999434463], [-106.54284801971276, 24.22459501892788], [-106.54336637037385, 24.225071859666873], [-106.54441888027985, 24.225522219405022], [-106.54569877047645, 24.2253856188299], [-106.5460990202336, 24.224443679215433], [-106.54633424957505, 24.224390219300517], [-106.54667299974382, 24.225092939019202], [-106.54707426048104, 24.225346918999282], [-106.54804048041231, 24.225393739731025], [-106.54898526019946, 24.22496897893881], [-106.54902080033267, 24.224560679354614], [-106.54841622982704, 24.223536079313373], [-106.54834047952772, 24.222782028946686], [-106.54878694976303, 24.22254808942434], [-106.55006560034535, 24.223425139413933], [-106.55127157009807, 24.223870228859703], [-106.55114478039526, 24.224539059166492], [-106.55141271991874, 24.22661310946984], [-106.5519972300154, 24.226977999348907], [-106.55551955013286, 24.226647059002286], [-106.55640631971495, 24.226353679010042], [-106.55774565959275, 24.225561198884133], [-106.55946848006799, 24.224036228913278], [-106.55998612036761, 24.223979679297457], [-106.56028693997774, 24.224310369194423], [-106.56089025979719, 24.226220248971615], [-106.56118897019495, 24.2263778790366], [-106.56170182983858, 24.226397339455463], [-106.56625470999695, 24.224957979613652], [-106.56742969050389, 24.225069509657807], [-106.56886766024755, 24.225559089650798], [-106.57059437997717, 24.2268293196464], [-106.57197991049382, 24.228706369378745], [-106.57497979958028, 24.22973571947564], [-106.57625665021347, 24.22995462968941], [-106.58050369022585, 24.22976225955808], [-106.58319910981685, 24.231407578883527], [-106.58502601990973, 24.231916858976135], [-106.58626002003747, 24.232582878904477], [-106.5892066004107, 24.232784709040896], [-106.5907178302765, 24.233331109677145], [-106.59175802995578, 24.234015349393147], [-106.593304710431, 24.23570524911353], [-106.59473244982496, 24.235829309468055], [-106.59525273977168, 24.23618530906441], [-106.59576713978704, 24.2360687090225], [-106.59656049009865, 24.23642184909168], [-106.59762448963, 24.23657748920386], [-106.5982717204468, 24.237377029123117], [-106.5994092202697, 24.237547139147946], [-106.60094077984955, 24.236893939625794], [-106.60196284984676, 24.237337019604464], [-106.60287444988514, 24.2374386289343], [-106.6033964895236, 24.237933619535113], [-106.60485530955233, 24.23811285925344], [-106.60586058042757, 24.23770574916609], [-106.60620947958529, 24.23720882908511], [-106.6053556496137, 24.234897769076674], [-106.60571947995717, 24.234433569449152], [-106.60677891995553, 24.234227749497286], [-106.60860021950525, 24.233329449186048], [-106.60965058023923, 24.233142429448844], [-106.60998437981745, 24.232848429310057], [-106.60998994966715, 24.231385579294756], [-106.61039096962429, 24.23068904903369], [-106.61145528036198, 24.230624739375457], [-106.61191415046581, 24.22997499947704], [-106.61169817012404, 24.2284707691522], [-106.61196978046723, 24.228227279170962], [-106.6126857804186, 24.228604419367223], [-106.61310982029653, 24.228544309659], [-106.61342317974541, 24.227858179016238], [-106.61327158047055, 24.227145488833912], [-106.61248789009917, 24.226167739605756], [-106.61119437963166, 24.225333509251982], [-106.61095983018673, 24.224955199725912], [-106.61086534013666, 24.2233104891486], [-106.61152802041173, 24.221602709290053], [-106.61128397999518, 24.22092865937571], [-106.6103682195549, 24.220948679011986], [-106.60915474953897, 24.220307739481793], [-106.6072102004775, 24.22021554906461], [-106.60642508029856, 24.2203816593043], [-106.60489111016057, 24.221465649736473], [-106.60357318004334, 24.221375479315384], [-106.60303931033101, 24.22094770972909], [-106.60290613952787, 24.22035234966563], [-106.60378330988432, 24.218510199139537], [-106.60592271986, 24.21638250958177], [-106.66415411967735, 24.225039919733046], [-106.67443131991025, 24.225789579064752], [-106.70808392007062, 24.23310145959143], [-106.71099750969414, 24.23098719930771], [-106.71500582971696, 24.225705139300096], [-106.71484420034247, 24.22513362917641], [-106.71418886024404, 24.224216829209265], [-106.71439571996085, 24.223991149380524], [-106.71519151050208, 24.224022949417282], [-106.71549098017796, 24.223861938858963], [-106.71568268953234, 24.223337658905006], [-106.71492379959095, 24.220537519374], [-106.71509823030854, 24.21974556889606], [-106.71659682983599, 24.21886636918704], [-106.71675116977765, 24.21849973901031], [-106.71636818004569, 24.217652629514923], [-106.7164331502529, 24.216557219288195], [-106.71712189046642, 24.21585770962752], [-106.71746608009997, 24.215758258842854], [-106.71774973967665, 24.215763939308587], [-106.71876933997633, 24.216579519060204], [-106.72019708004876, 24.215741999372952], [-106.7205146499664, 24.215841779529747], [-106.72062351987256, 24.2154265394119], [-106.72276653953342, 24.21388262964775], [-106.72245311013157, 24.217107369396714], [-106.72265557037554, 24.21834570945828], [-106.72315097044842, 24.219653719443638], [-106.72440865953237, 24.220737599488135], [-106.72521441977057, 24.2211755396797], [-106.72596037957398, 24.22130039900022], [-106.72783857966274, 24.22081688949602], [-106.7301194599105, 24.220669349203693], [-106.73233387975378, 24.221495579441804], [-106.73345025959172, 24.222525178935722], [-106.73414686005883, 24.225102139505278], [-106.73408015001277, 24.225734749311382], [-106.73330711011596, 24.22682444955317], [-106.73314191036208, 24.227557968860207], [-106.73365445959732, 24.228160279254126], [-106.7343222900785, 24.228468919130194], [-106.73556879990511, 24.228381718991933], [-106.73715914958434, 24.227448659693554], [-106.73906476956495, 24.225620798980472], [-106.74014334959453, 24.225483489279416], [-106.74133879977029, 24.224523028931458], [-106.7442814199078, 24.230698598928985], [-106.74527519999337, 24.232185779491633], [-106.7449668798936, 24.235871049111385], [-106.74550259990768, 24.23588741932383], [-106.74523691974123, 24.23662811937604], [-106.74616882975116, 24.2369098593036], [-106.74667234021744, 24.244220479188957], [-106.74702873981634, 24.24540601942068], [-106.75021999989218, 24.24884297928349], [-106.75078216960945, 24.249208259290686], [-106.75453194964031, 24.249256138882995], [-106.75591088957839, 24.249679889533112], [-106.7567241798418, 24.25000019924213], [-106.75737078048634, 24.250730979267246], [-106.75905618004506, 24.251940629408814], [-106.75884210978428, 24.253514178966117], [-106.75850566028426, 24.254342369664737], [-106.75793855048329, 24.254878509154704], [-106.75655552046545, 24.258500649459044], [-106.75750863040315, 24.259000519668547], [-106.75774497022078, 24.260146879372385], [-106.75852288969882, 24.260038348856522], [-106.7588893702249, 24.260585168908936], [-106.76210311032146, 24.257613858833036], [-106.7624636304546, 24.25670533914806], [-106.76586408996023, 24.25696834915097], [-106.76673262977421, 24.257434878906103], [-106.76850407969738, 24.260385599564454], [-106.769985090201, 24.260997909229882], [-106.77055717010613, 24.261715969684825], [-106.77352300025902, 24.262316479074507], [-106.77375021990966, 24.262654849177718], [-106.77342602037078, 24.26410284928328], [-106.7735812600036, 24.26456765944811], [-106.77414551973759, 24.264668909251757], [-106.7762949504646, 24.264453818833907], [-106.77710697960896, 24.26461436953317], [-106.77755037974892, 24.265206479333497], [-106.77754497021364, 24.26671410883961], [-106.77671679955728, 24.268105169707184], [-106.77611922958671, 24.2706321391321], [-106.77572408000407, 24.271091879078533], [-106.77428882981738, 24.271857049408595], [-106.77394697963881, 24.272711369320398], [-106.77410864954089, 24.273257569039856], [-106.77583360030107, 24.27564693893642], [-106.77731302041491, 24.278354939210754], [-106.77756663020024, 24.279501619142042], [-106.77907252029217, 24.281883139674395], [-106.77929767979087, 24.28288622912452], [-106.78067178032322, 24.282502428839813], [-106.79390325012038, 24.2871632890607], [-106.84661569004572, 24.268656199284372], [-106.88646965983955, 24.28105897890259], [-106.88913119963438, 24.284043569519948], [-106.91321284958399, 24.27617253953052], [-106.9488599795366, 24.300510169419404], [-106.93994687966281, 24.325007779210623], [-106.95898491905697, 24.357738090140302], [-106.99263382003376, 24.367681340426348], [-107.01846471859999, 24.396840019527207], [-107.01762737929376, 24.39847980060707], [-107.01774274019074, 24.398863879360512], [-107.0182965788617, 24.399342079068877], [-107.01927011898815, 24.399714690649372], [-107.01936108906087, 24.401426480564748], [-107.01850977028658, 24.4022376905469], [-107.01899930949445, 24.403500430316665], [-107.01807019901631, 24.404859969244225], [-107.01760444878082, 24.406520629816082], [-107.01723494904981, 24.40862232010691], [-107.01734651866025, 24.40961248993909], [-107.01799335031305, 24.4112026001971], [-107.01855281932917, 24.41196780000074], [-107.02103451019609, 24.41335312025736], [-107.02330265040443, 24.413922090640085], [-107.02363254032038, 24.41425289049828], [-107.02431841934927, 24.41551545026241], [-107.02474449045162, 24.41881037019238], [-107.02497966000269, 24.419100850436838], [-107.02593567915744, 24.419246458866933], [-107.02606030952008, 24.41985168987348], [-107.02656310885817, 24.420358830460636], [-107.02729685901674, 24.42587150967499], [-107.02753285945306, 24.426000309696505], [-107.02842208982223, 24.425766460457787], [-107.02885930993206, 24.426157829577285], [-107.02910968949678, 24.42716277974497], [-107.03089966030284, 24.42883342017132], [-107.03051625865663, 24.43033124930519], [-107.0307605794605, 24.430688169413937], [-107.03108631923037, 24.430912999133277], [-107.03224951998627, 24.430966218995533], [-107.03269065987722, 24.431317979676614], [-107.03294671028144, 24.43317207907191], [-107.04623262907269, 24.428164149636515], [-107.04851881953854, 24.44061317984247], [-107.05103067972378, 24.451976339525977], [-107.05085877999251, 24.462334679800247], [-107.05128407896304, 24.471402689230498], [-107.05556101885404, 24.4792279692421], [-107.05525942945256, 24.48049794012132], [-107.05421871956636, 24.481916089621432], [-107.0526109988874, 24.483068059466454], [-107.04506213975284, 24.484122259663074], [-107.04176702890791, 24.485489459874543], [-107.04029679945648, 24.485617629687006], [-107.0388141702217, 24.48644613928521], [-107.03710268950685, 24.48636005021747], [-107.0299387688197, 24.48528098025561], [-107.02750053971792, 24.48450674013228], [-107.0241167693303, 24.48558288059357], [-107.02338939956098, 24.485528400145594], [-107.02251545895585, 24.48517494911728], [-107.02151101927002, 24.486049460572804], [-107.02168945858143, 24.488685830398886], [-107.02249661915427, 24.489911420454618], [-107.02160644893988, 24.49116314067296], [-107.02149248877251, 24.49202079984946], [-107.02178245942251, 24.492650579333954], [-107.01304428884109, 24.49492055059751], [-106.99856690907676, 24.497499399976586], [-106.99159361895134, 24.501593349292097], [-106.98968985007954, 24.503114050204836], [-106.96477801862552, 24.5074325105863], [-106.974302948997, 24.542973819729415], [-107.00776616880668, 24.550331979181244], [-107.01344187990016, 24.552052829726662], [-107.02270639856334, 24.55403225896548], [-107.0228271191278, 24.555653119471078], [-107.02389845038842, 24.558730489168212], [-107.02367457943004, 24.560220019514045], [-107.02381857007052, 24.560886479471684], [-107.02262136977191, 24.562339369028162], [-107.02245621939389, 24.563640379662978], [-107.0220808888226, 24.564057878874483], [-107.02141807977723, 24.564240879696303], [-107.0213049198316, 24.564589459333554], [-107.02171854018171, 24.56543425896213], [-107.02106909007027, 24.566104049509836], [-107.01909828924319, 24.566218289125374], [-107.01741827880541, 24.567340279587267], [-107.01557891020366, 24.568053509291612], [-107.01477094981266, 24.569611349583237], [-107.01476643002701, 24.57133976949093], [-107.01441096988522, 24.573317459630736], [-107.01446600026651, 24.575778318984682], [-107.01486654024798, 24.576858718880825], [-107.01553640009655, 24.57762901886047], [-107.01694050899944, 24.582815628952275], [-107.01861634982204, 24.585683648845517], [-107.01889848958996, 24.586580119097302], [-107.02048071931331, 24.589001509492746], [-107.02078124938488, 24.59053030904622], [-107.02043408983685, 24.591959919534034], [-107.02060862960106, 24.592746059303984], [-107.02185914943671, 24.59460939954403], [-107.0223528892712, 24.596736489624973], [-107.02340445019807, 24.599443109730164], [-107.02374805939553, 24.59998128895893], [-107.02530696957955, 24.600838739002317], [-107.02743990967888, 24.603832219460248], [-107.02938965924622, 24.604642429649303], [-107.02999534049242, 24.605212719704024], [-107.03011879968967, 24.6056019391412], [-107.03201059894964, 24.607931618900405], [-107.03253786004119, 24.609783109558386], [-107.033522490117, 24.610614279162043], [-107.03426825015892, 24.613148889067187], [-107.03437827952139, 24.614211029076298], [-107.0358373698397, 24.618121228992138], [-107.03587636994826, 24.6194049493901], [-107.03679449041243, 24.625096879245003], [-107.03748718023922, 24.627275059057624], [-107.03837504936482, 24.62822413964211], [-107.03868951041247, 24.62982748895731], [-107.03932783033244, 24.631001379571096], [-107.03919500005904, 24.6330298792669], [-107.04004484959736, 24.634545249469664], [-107.04045044907215, 24.636355319609816], [-107.04139168955997, 24.638611119545462], [-107.04162937013334, 24.642409879555256], [-107.04225161954267, 24.64320904953195], [-107.04164182960434, 24.643860119752347], [-107.04108566001841, 24.643686629274047], [-107.04058805892276, 24.64458767964759], [-107.04069888956536, 24.64505328960033], [-107.04104465940387, 24.645252859478763], [-107.04098548946004, 24.64563665933795], [-107.03946613988408, 24.646592998976338], [-107.0358157087692, 24.647310489408937], [-107.03493462890462, 24.647316089244963], [-107.03311385977867, 24.650368029058754], [-107.03242219854961, 24.650643949295695], [-107.03091846027641, 24.650602149387254], [-107.02942072019269, 24.65080747919541], [-107.02900182037075, 24.651054649550602], [-107.02867547893588, 24.651535569090477], [-107.02891659953919, 24.652205769611445], [-107.02887087996726, 24.65323837910531], [-107.02850728016416, 24.653591489262894], [-107.0274961786142, 24.65389231961992], [-107.02605961928461, 24.65499722950674], [-107.02546928993738, 24.655577828854085], [-107.0251162490659, 24.6566329189763], [-107.02566076856846, 24.656977748970572], [-107.0258893392009, 24.656787999602606], [-107.0262015199826, 24.655517539436055], [-107.0276079799074, 24.654854619417236], [-107.02864551980907, 24.655106018981403], [-107.02874417939566, 24.655467079511773], [-107.0285070886187, 24.656158179349976], [-107.027228309555, 24.656754319043532], [-107.0256578901942, 24.65842428891684], [-107.02466057024378, 24.657741319094537], [-107.02423802887607, 24.65692611921905], [-107.02387615045137, 24.656670058957577], [-107.02338070871656, 24.656711049168564], [-107.02233849014561, 24.65604613941136], [-107.0217601404894, 24.656027079441508], [-107.02144551015586, 24.65578365970528], [-107.02044740023402, 24.65392347927349], [-107.02051951988754, 24.652944999384832], [-107.0196991391818, 24.651845749002526], [-107.01935086007654, 24.650851679464726], [-107.01788578038695, 24.648829799395955], [-107.01799873986917, 24.648342819146343], [-107.01869823015734, 24.647638519401763], [-107.01882237000068, 24.64719296965633], [-107.01853491018181, 24.646949778859877], [-107.01617714040898, 24.646480478860312], [-107.01680922944746, 24.65330485892848], [-107.04055188995474, 24.681829119391413], [-107.01653954027681, 24.710270709106155], [-107.01279242983748, 24.714995479088113], [-107.01214928013232, 24.716521969008614], [-107.01240874970202, 24.717456279392373], [-107.01221766000236, 24.717900709714048], [-107.0116495996821, 24.718144858917974], [-107.01092274924166, 24.718123709244892], [-107.0063261094202, 24.7165442194804], [-107.00508387895334, 24.71680961944356], [-107.00436135020098, 24.718354519534902], [-107.00464855034281, 24.71985668888858], [-107.00425627874746, 24.720682599700066], [-107.00177626015656, 24.723587938827656], [-106.99979580046084, 24.72515077894829], [-106.99870416995036, 24.72686222889017], [-106.9962197486495, 24.7271362592874], [-106.99135648883556, 24.726150688965475], [-106.98765850906543, 24.72745834892488], [-106.98675960010574, 24.727455339094664], [-106.98513749024274, 24.726840539219555], [-106.98303957885588, 24.725373938969394], [-106.98229338016594, 24.725079779732308], [-106.9812874897028, 24.725019019122733], [-106.98071014015781, 24.723858979195633], [-106.97930531941496, 24.723123778878268], [-106.9779382204755, 24.7228029389402], [-106.9753049694397, 24.72302667905346], [-106.9748783789017, 24.723478079285414], [-106.9742388199151, 24.72524002912815], [-106.9738151492797, 24.725626249085586], [-106.97119523035788, 24.725171288855663], [-106.96944730902148, 24.725634658976062], [-106.9686189791165, 24.72632090950626], [-106.96873042974832, 24.72782444962368], [-106.97054914935548, 24.72878582972867], [-106.97088325889203, 24.72906770971538], [-106.97104274940364, 24.72966827944102], [-106.97079425032541, 24.730311048858866], [-106.96995442959401, 24.731061489581997], [-106.96955622969281, 24.731773779342767], [-106.96976893999525, 24.733384119216925], [-106.96974697906926, 24.733650378923773], [-106.96939172009921, 24.733892489334295], [-106.96685751972534, 24.734593229200243], [-106.96215879896032, 24.734862168867735], [-106.95938097036768, 24.73668691923323], [-106.9558234494881, 24.737938538915447], [-106.95472772049197, 24.737612999465874], [-106.9537555800756, 24.736848939144455], [-106.95299863004193, 24.736640339527558], [-106.95157731016232, 24.737039139083322], [-106.95076165979512, 24.738182519576302], [-106.94987061942624, 24.73838811956962], [-106.9489086800576, 24.73800450887394], [-106.94839187873238, 24.737091109309116], [-106.94794589025531, 24.737102179358892], [-106.94765030863977, 24.737519399475836], [-106.94765004885676, 24.738064369699735], [-106.94848790896584, 24.738390679217687], [-106.94865802996071, 24.738796079063928], [-106.94736595026723, 24.740530658986625], [-106.94698744972355, 24.74195499909245], [-106.9474005800584, 24.744188509320047], [-106.94687747889098, 24.744334419201834], [-106.94631682971304, 24.74409310920948], [-106.94588833857443, 24.743143889548257], [-106.94549706032014, 24.74279036901815], [-106.94587934980693, 24.752873479290958], [-106.94592367912925, 24.764488349659896], [-106.90670918040783, 24.767879709322276], [-106.87376068949352, 24.797034459469053], [-106.87115661923364, 24.809354739122128], [-106.88599839952013, 24.82635117901073], [-106.86781574967429, 24.824164279436214]]]}}, {"type": "Feature", "properties": {"CVEGEO": "25006", "CVE_ENT": "25", "NOMGEO": "Sinaloa", "CVE_MUN": "006", "NOMMUN": "Culiacán", "cov_": 1904, "cov_id": 1905}, "geometry": {"type": "Polygon", "coordinates": [[[-107.20413861975833, 25.275977169316665], [-107.1691766792058, 25.258275909345233], [-107.14814321941941, 25.258868819573596], [-107.14834025026965, 25.2591588590716], [-107.14772183032052, 25.258943949376217], [-107.14541301992305, 25.257846458933738], [-107.14273031969093, 25.256250909251637], [-107.14236841915985, 25.255672399580455], [-107.14175388998896, 25.255514519494664], [-107.1414054192988, 25.25570025902992], [-107.1409119997525, 25.255471119157086], [-107.13365876962085, 25.250450109036365], [-107.13238310868472, 25.250325819751463], [-107.13159754907583, 25.249932679141306], [-107.13046155025502, 25.2488570194232], [-107.12683430873466, 25.2464973788645], [-107.12397889027797, 25.244106089183834], [-107.12146090972442, 25.243466819386757], [-107.12105711854137, 25.243111219083875], [-107.12124743020456, 25.242622019445534], [-107.12254019880008, 25.24133862893774], [-107.12348999866165, 25.241436169084697], [-107.13167505869667, 25.232202229623066], [-107.13199002979083, 25.231274488988966], [-107.13137732042284, 25.23077376930547], [-107.13095310873267, 25.22991197928246], [-107.13042322015366, 25.229482749449115], [-107.13064182885277, 25.228611419737053], [-107.13177197042613, 25.227773949395715], [-107.1320213702611, 25.226711798976915], [-107.13480318043598, 25.22573113945695], [-107.13538496954617, 25.225342649137787], [-107.14877479905778, 25.224548138918284], [-107.1363466800651, 25.201734909428932], [-107.12925596929978, 25.189445339610838], [-107.1290136899371, 25.1884013694117], [-107.12582101974526, 25.18755622923804], [-107.1249185489213, 25.18663982941517], [-107.12989162964072, 25.053138799487197], [-107.06739900039823, 25.030155199371766], [-107.06357128903095, 25.025255349241665], [-107.06486641888131, 25.02489294891287], [-107.06567077955437, 25.024137819655135], [-107.06642190921455, 25.02291499888208], [-107.06669977878305, 25.022130079220833], [-107.06650429040143, 25.020396879183462], [-107.06610091886445, 25.018905349174617], [-107.06201416962156, 25.0124495690348], [-107.06139751047142, 25.00846633912123], [-107.06056437026396, 25.005656779429152], [-107.0604198001265, 25.002427428952767], [-107.05856697016794, 25.000611479256765], [-107.05727796965418, 24.998697889464985], [-107.01834390954765, 24.933617369372648], [-107.02514667912888, 24.928380509459373], [-107.02105287964247, 24.909908279462844], [-107.00057543016234, 24.928241019598342], [-106.97324941995137, 24.90961468965229], [-106.97310321941107, 24.90928590943505], [-106.9510094502829, 24.887996658923008], [-106.94627807926594, 24.888951739474717], [-106.93450764980572, 24.88053584887422], [-106.93061611955785, 24.873473109426254], [-106.9328628904888, 24.871479289073722], [-106.92708025867178, 24.866624379244662], [-106.95141810856751, 24.859023719004394], [-106.95083182028215, 24.857947689217628], [-106.94639324868804, 24.858507919289814], [-106.94396112045145, 24.851527369658232], [-106.94313668997025, 24.843057459373927], [-106.94648782043815, 24.8397531697167], [-106.93806094036776, 24.83525101969572], [-106.93816674970613, 24.834697289228775], [-106.93066256989371, 24.820916679714117], [-106.91927678016742, 24.81395311910087], [-106.90294887957415, 24.828387849508808], [-106.8859983995201, 24.82635117901072], [-106.8711566192336, 24.80935473912217], [-106.87376068949348, 24.797034459469014], [-106.90670918040783, 24.767879709322337], [-106.94592367912925, 24.764488349659853], [-106.945879349807, 24.75287347929101], [-106.94549706032012, 24.74279036901815], [-106.94588833857445, 24.743143889548328], [-106.94631682971301, 24.744093109209455], [-106.94687747889107, 24.744334419201785], [-106.94740058005848, 24.744188509320047], [-106.94698744972361, 24.74195499909245], [-106.94736595026723, 24.740530658986625], [-106.94865802996068, 24.738796079064013], [-106.94848790896583, 24.738390679217687], [-106.94765004885676, 24.738064369699707], [-106.94765030863977, 24.737519399475786], [-106.94794589025531, 24.73710217935888], [-106.94839187873238, 24.737091109309105], [-106.94890868005758, 24.738004508873917], [-106.94987061942622, 24.738388119569596], [-106.95076165979519, 24.738182519576238], [-106.95157731016232, 24.737039139083368], [-106.95299863004193, 24.73664033952752], [-106.95375558007558, 24.736848939144444], [-106.95472772049207, 24.73761299946584], [-106.95582344948807, 24.737938538915497], [-106.95938097036768, 24.73668691923323], [-106.9621587989603, 24.734862168867792], [-106.96685751972534, 24.734593229200314], [-106.96939172009921, 24.733892489334274], [-106.96974697906926, 24.73365037892375], [-106.96976893999523, 24.733384119216925], [-106.96955622969281, 24.731773779342767], [-106.96995442959398, 24.731061489581986], [-106.97079425032541, 24.730311048858844], [-106.97104274940374, 24.72966827944112], [-106.97088325889212, 24.729067709715366], [-106.97054914935556, 24.728785829728633], [-106.96873042974838, 24.727824449623657], [-106.96861897911658, 24.726320909506278], [-106.96944730902148, 24.725634658976027], [-106.97119523035788, 24.725171288855663], [-106.9738151492797, 24.725626249085618], [-106.97423881991507, 24.725240029128127], [-106.9748783789017, 24.723478079285485], [-106.9753049694397, 24.72302667905343], [-106.97793822047548, 24.722802938940244], [-106.97930531941495, 24.723123778878257], [-106.98071014015781, 24.723858979195633], [-106.9812874897028, 24.72501901912277], [-106.98229338016593, 24.725079779732287], [-106.98303957885598, 24.725373938969394], [-106.98513749024278, 24.726840539219538], [-106.98675960010571, 24.727455339094636], [-106.98765850906538, 24.72745834892493], [-106.99135648883556, 24.726150688965475], [-106.99545605008565, 24.727061939592424], [-106.99757208955113, 24.72705873967942], [-106.99887862048368, 24.72674964963161], [-106.99979580046093, 24.72515077894829], [-107.00177626015652, 24.723587938827734], [-107.00425627874743, 24.720682599700066], [-107.0046485503428, 24.71985668888858], [-107.004361350201, 24.718354519534866], [-107.0050838789534, 24.71680961944356], [-107.00632610942016, 24.716544219480443], [-107.01092274924166, 24.718123709244907], [-107.0116495996821, 24.71814485891795], [-107.01221766000234, 24.717900709714], [-107.012408749702, 24.717456279392373], [-107.01214928013232, 24.716521969008603], [-107.01279242983748, 24.714995479088156], [-107.01653954027681, 24.710270709106123], [-107.04055188995473, 24.681829119391413], [-107.01680922944745, 24.65330485892846], [-107.01617714040897, 24.64648047886028], [-107.0185349101818, 24.646949778859863], [-107.01882237000068, 24.647192969656317], [-107.01869823015734, 24.647638519401763], [-107.01799873986914, 24.648342819146304], [-107.01788578038693, 24.648829799395955], [-107.01935086007654, 24.650851679464704], [-107.01969913918178, 24.651845749002483], [-107.02051951988754, 24.65294499938487], [-107.020447400234, 24.653923479273477], [-107.02144551015586, 24.655783659705264], [-107.02176014048939, 24.656027079441472], [-107.0223384901457, 24.656046139411345], [-107.02338070871662, 24.65671104916855], [-107.02387615045136, 24.656670058957616], [-107.02423802887616, 24.6569261192191], [-107.02466057024378, 24.6577413190946], [-107.02565789019418, 24.65842428891682], [-107.02722830955499, 24.65675431904363], [-107.02850708861865, 24.65615817934995], [-107.02874417939566, 24.655467079511723], [-107.02864551980907, 24.655106018981403], [-107.0276079799075, 24.654854619417236], [-107.02620151998256, 24.655517539436055], [-107.025889339201, 24.656787999602567], [-107.02566076856846, 24.656977748970572], [-107.02511624906596, 24.6566329189763], [-107.02546928993748, 24.655577828854153], [-107.02605961928467, 24.654997229506776], [-107.0274961786142, 24.65389231961996], [-107.02850728016413, 24.653591489262954], [-107.02887087996724, 24.65323837910535], [-107.02891659953919, 24.652205769611385], [-107.02867547893588, 24.651535569090456], [-107.02900182037072, 24.651054649550566], [-107.02942072019269, 24.650807479195393], [-107.03091846027638, 24.650602149387254], [-107.0324221985497, 24.650643949295752], [-107.03311385977865, 24.650368029058754], [-107.03493462890458, 24.64731608924503], [-107.03581570876915, 24.647310489408873], [-107.03946613988417, 24.646592998976313], [-107.04098548946014, 24.64563665933799], [-107.04104465940387, 24.6452528594788], [-107.04069888956532, 24.645053289600302], [-107.04058805892275, 24.64458767964759], [-107.04108566001847, 24.643686629274036], [-107.04164182960433, 24.643860119752404], [-107.04225161954274, 24.643209049531908], [-107.04162937013334, 24.642409879555256], [-107.04139168955997, 24.638611119545462], [-107.04045044907214, 24.636355319609873], [-107.04004484959736, 24.634545249469642], [-107.03919500005904, 24.633029879266854], [-107.03932783033244, 24.63100137957116], [-107.03868951041245, 24.629827488957297], [-107.0383750493648, 24.62822413964211], [-107.03748718023921, 24.62727505905765], [-107.03679449041243, 24.625096879245003], [-107.03587636994826, 24.619404949390063], [-107.0358373698398, 24.618121228992138], [-107.03437827952135, 24.614211029076262], [-107.03426825015892, 24.613148889067237], [-107.03352249011706, 24.610614279162043], [-107.03253786004119, 24.609783109558457], [-107.03201059894961, 24.607931618900405], [-107.03011879968967, 24.60560193914124], [-107.02999534049242, 24.605212719704074], [-107.0293896592462, 24.604642429649388], [-107.02743990967895, 24.603832219460248], [-107.02530696957955, 24.600838739002366], [-107.02374805939552, 24.599981288959007], [-107.02340445019806, 24.599443109730146], [-107.02235288927119, 24.596736489624973], [-107.02185914943668, 24.594609399543977], [-107.02060862960111, 24.592746059303984], [-107.02043408983685, 24.591959919534], [-107.02078124938488, 24.590530309046272], [-107.02048071931331, 24.589001509492746], [-107.01889848958993, 24.586580119097256], [-107.01861634982203, 24.585683648845517], [-107.0169405089994, 24.582815628952275], [-107.01553640009654, 24.57762901886045], [-107.01486654024794, 24.576858718880796], [-107.01446600026651, 24.57577831898472], [-107.0144109698852, 24.573317459630715], [-107.01476643002701, 24.57133976949091], [-107.01477094981274, 24.56961134958322], [-107.01557891020362, 24.56805350929159], [-107.01741827880541, 24.567340279587267], [-107.01909828924319, 24.56621828912532], [-107.02106909007027, 24.566104049509825], [-107.0217185401817, 24.56543425896214], [-107.0213049198316, 24.564589459333515], [-107.02141807977722, 24.564240879696303], [-107.02208088882259, 24.564057878874554], [-107.02245621939389, 24.563640379662917], [-107.02262136977191, 24.562339369028226], [-107.0238185700705, 24.560886479471677], [-107.02367457943002, 24.56022001951403], [-107.02389845038837, 24.558730489168187], [-107.02282711912778, 24.55565311947114], [-107.02270639856334, 24.55403225896547], [-107.01344187990016, 24.55205282972663], [-107.00776616880668, 24.55033197918131], [-106.974302948997, 24.54297381972939], [-106.96477801862557, 24.507432510586263], [-106.98968985007963, 24.503114050204797], [-106.99159361895146, 24.501593349292076], [-106.99856690907676, 24.497499399976576], [-107.01304428884107, 24.49492055059755], [-107.02178245942251, 24.492650579333933], [-107.0214924887725, 24.49202079984945], [-107.02160644893985, 24.491163140672942], [-107.02249661915427, 24.489911420454618], [-107.02168945858142, 24.488685830398886], [-107.02151101927002, 24.486049460572783], [-107.02251545895592, 24.48517494911728], [-107.02338939956098, 24.485528400145576], [-107.02411676933028, 24.485582880593554], [-107.0275005397179, 24.48450674013228], [-107.02993876881966, 24.485280980255666], [-107.03710268950685, 24.486360050217534], [-107.03881417022168, 24.48644613928517], [-107.04029679945647, 24.485617629686992], [-107.0417670289079, 24.485489459874533], [-107.04506213975284, 24.48412225966306], [-107.05261099888749, 24.48306805946643], [-107.05421871956635, 24.48191608962142], [-107.05525942945253, 24.48049794012132], [-107.05556101885402, 24.47922796924217], [-107.0512840789631, 24.471402689230537], [-107.05085877999251, 24.462334679800275], [-107.05103067972374, 24.451976339526052], [-107.04851881953851, 24.44061317984247], [-107.04623262907278, 24.42816414963655], [-107.03294671028154, 24.43317207907191], [-107.03269065987729, 24.43131797967666], [-107.03224951998622, 24.430966218995508], [-107.03108631923037, 24.430912999133326], [-107.0307605794605, 24.430688169413912], [-107.03051625865675, 24.430331249305155], [-107.0308996603028, 24.42883342017141], [-107.02910968949678, 24.427162779744947], [-107.02885930993199, 24.426157829577246], [-107.0284220898222, 24.42576646045777], [-107.02753285945306, 24.426000309696477], [-107.02729685901673, 24.425871509675048], [-107.02656310885817, 24.42035883046061], [-107.02606030952008, 24.41985168987344], [-107.02593567915743, 24.41924645886692], [-107.02497966000267, 24.419100850436838], [-107.0247444904517, 24.418810370192414], [-107.02431841934926, 24.41551545026248], [-107.02363254032034, 24.41425289049828], [-107.02330265040443, 24.41392209064007], [-107.02103451019609, 24.413353120257426], [-107.01855281932917, 24.411967800000703], [-107.01799335031313, 24.411202600197075], [-107.01734651866023, 24.409612489939057], [-107.0172349490498, 24.408622320106883], [-107.01760444878082, 24.406520629816136], [-107.0180701990163, 24.404859969244175], [-107.01899930949445, 24.403500430316623], [-107.01850977028656, 24.402237690546887], [-107.01936108906092, 24.401426480564748], [-107.01927011898813, 24.399714690649372], [-107.0182965788617, 24.399342079068862], [-107.01774274019074, 24.398863879360512], [-107.01762737929376, 24.398479800607056], [-107.01846471859997, 24.396840019527247], [-106.99263382003375, 24.36768134042632], [-106.95898491905697, 24.357738090140277], [-106.93994687966281, 24.32500777921062], [-106.9488599795366, 24.300510169419365], [-106.91321284958399, 24.27617253953052], [-106.91390430929313, 24.265658049040074], [-106.91891999994378, 24.267125889519992], [-106.92076519911227, 24.249819799096247], [-106.92473664907419, 24.244341939345272], [-106.9259039802327, 24.24037705970453], [-106.92510135022997, 24.231974029144677], [-106.92866194927718, 24.225867648952395], [-106.93093756935296, 24.225161478895888], [-106.93412717951762, 24.22337239939928], [-106.93717822029554, 24.227192769417332], [-106.93767013933436, 24.22723091967008], [-106.93817104891474, 24.225709889363035], [-106.93890465009711, 24.224989719693454], [-106.93925697944441, 24.223626018933004], [-106.93882855017006, 24.223275919010323], [-106.93812984852262, 24.22367521917026], [-106.93773655013327, 24.223436148898234], [-106.93677141890016, 24.221857198935048], [-106.93657856896563, 24.220862078956117], [-106.93666935021066, 24.21976734887816], [-106.93334154973388, 24.214253968937452], [-106.93362211951145, 24.21240596953317], [-106.93253228889502, 24.212615579196818], [-106.93045707881905, 24.211714779073596], [-106.92913532000749, 24.210598319225575], [-106.92837644954383, 24.209175598984462], [-106.92811374030164, 24.2069825995166], [-106.92727059993702, 24.205084019344437], [-106.92640273972195, 24.199857479286855], [-106.92673201953315, 24.199052089320233], [-106.9294650898323, 24.196299249620175], [-106.93102439905213, 24.19439782951628], [-106.93147213893084, 24.194134368928214], [-106.93224457970811, 24.194307679238634], [-106.93345090977544, 24.193831689116113], [-106.93575971991383, 24.19247397950248], [-106.93765621922552, 24.19023821889961], [-106.93781634862087, 24.18900747925551], [-106.93916871914696, 24.187079939766264], [-106.94040747986999, 24.182951049271814], [-106.94039790857451, 24.17961045912068], [-106.94013984997085, 24.177502229206308], [-106.93707843029506, 24.17184445890956], [-106.9371505499202, 24.170547219235395], [-106.93766571981273, 24.16818813922107], [-106.93845437041973, 24.167162379003376], [-106.93900737033245, 24.166857379404103], [-106.94132174042943, 24.166380109280066], [-106.942319170104, 24.16470479954321], [-106.94248699921171, 24.162830109028754], [-106.94188068974275, 24.161807709697477], [-106.94188951853985, 24.161383109331567], [-106.94208854941968, 24.1609154896609], [-106.94280770927408, 24.16038462929558], [-106.9429501804955, 24.159621029690634], [-106.9427707796093, 24.156922449407634], [-106.94251805012077, 24.156247019043562], [-106.94719897896631, 24.15451474927576], [-106.94730873996939, 24.154706318943074], [-106.95138555036806, 24.15575470909557], [-106.95264037043735, 24.156555089404534], [-106.95337941901595, 24.157423979383687], [-106.95347194039826, 24.158368288937083], [-106.95314430884822, 24.159240779711933], [-106.95116062891941, 24.160919599332324], [-106.95031786035547, 24.162465968842042], [-106.94979996860461, 24.164107569290355], [-106.98717538036679, 24.158175739152284], [-106.98849837023843, 24.158867689493682], [-107.00008951986274, 24.163289888970436], [-107.00005502912201, 24.16696682969563], [-107.01195263030878, 24.15939221934384], [-107.02709235018028, 24.15888359940098], [-107.02885398001987, 24.161768279101494], [-107.03425899982129, 24.160520879645166], [-107.0336891088425, 24.158621339255614], [-107.04380144981019, 24.158251659629244], [-107.04572728049061, 24.158553949550242], [-107.04677264983516, 24.154499399680823], [-107.04922461953556, 24.146663949340624], [-107.04210036964238, 24.137032949593728], [-107.03538485968765, 24.128404219055696], [-107.05027205043808, 24.11639671955807], [-107.0279056801273, 24.08504721941362], [-107.03262482914836, 24.08497331913886], [-107.03018531916067, 24.0804606895482], [-107.02972596952335, 24.080255679286424], [-107.02942911035557, 24.080343569552184], [-107.02622294873109, 24.07754081926697], [-107.02369121973906, 24.079159459179014], [-107.02043392026403, 24.074578549330322], [-107.02043657960549, 24.07403157963901], [-107.01617841902271, 24.06730616960277], [-107.04282445978683, 24.067166169008384], [-107.04835454026994, 24.06624367903508], [-107.05012219935973, 24.064973179604994], [-107.05329988960386, 24.064039778972106], [-107.05619305954328, 24.062297969300747], [-107.05950687978978, 24.064372619618716], [-107.06336850889248, 24.06574090922333], [-107.06418647922047, 24.065410449112065], [-107.06598337882205, 24.061909779518125], [-107.06277264948537, 24.059782708976076], [-107.06219254891732, 24.05968876950917], [-107.05981760040214, 24.058200599434052], [-107.06045871985829, 24.054086379272846], [-107.05961277967783, 24.054388459137353], [-107.05922179985863, 24.054248769183353], [-107.05929267881815, 24.053549108993057], [-107.06116648992962, 24.051975799724996], [-107.06218717017484, 24.05145859891147], [-107.06211968936125, 24.048769619715873], [-107.06187125927477, 24.047830149365883], [-107.06134484898371, 24.047022979502767], [-107.06087121992688, 24.046600799611983], [-107.05922447919838, 24.04580870953764], [-107.05752295048917, 24.044503029540802], [-107.05741523015092, 24.04360451940207], [-107.05769900039053, 24.040900778877024], [-107.05755281989762, 24.04051704887958], [-107.05684222018422, 24.04011796926809], [-107.05678937884431, 24.03973297971259], [-107.05738151018927, 24.039631579011402], [-107.06205688932079, 24.0420455096905], [-107.06323168042022, 24.041098259286194], [-107.06385987861617, 24.041052059528155], [-107.06508921936553, 24.042021149159098], [-107.0661689193188, 24.042392289556194], [-107.06888989050735, 24.04612685966236], [-107.07165617944317, 24.046860829304592], [-107.07318665969547, 24.047646449352467], [-107.0744627689576, 24.048614829742895], [-107.075182279905, 24.0498050191539], [-107.07579803029375, 24.05035377892648], [-107.07861666043061, 24.05142977967703], [-107.0813036304563, 24.053021769051227], [-107.08324647896595, 24.054795249428434], [-107.08304519968459, 24.05593828905725], [-107.0834635803167, 24.05643482946189], [-107.08328022042384, 24.056939509539728], [-107.08387244974101, 24.058036279402042], [-107.0837200903859, 24.05876656964309], [-107.08578650881785, 24.05966745932776], [-107.08660743028078, 24.05968136971548], [-107.08675028012505, 24.060056108967277], [-107.08648165879634, 24.060361059325988], [-107.08914929047474, 24.062910979070647], [-107.0896134491757, 24.064147749313246], [-107.09163171016867, 24.067133369650588], [-107.0935423387248, 24.068538488932372], [-107.09555590958274, 24.06954041963508], [-107.09662677003796, 24.069776849124523], [-107.09993251032341, 24.069480379615786], [-107.10327494910142, 24.069760879525774], [-107.10593841931168, 24.071211979371157], [-107.10844121913102, 24.072006109542016], [-107.10917936990027, 24.072515179409006], [-107.11207452034148, 24.073336999170895], [-107.11240853926809, 24.07368391947493], [-107.11345213879511, 24.073920619344516], [-107.1146804797688, 24.075410229604802], [-107.1155051988251, 24.07564988934768], [-107.11725328974141, 24.077132289415854], [-107.11853003022884, 24.07907161948056], [-107.11982537029648, 24.079508518909744], [-107.1211366585942, 24.079512549169955], [-107.12269044999358, 24.08082177935892], [-107.12436536952254, 24.081175168872974], [-107.12489380021418, 24.0816951394147], [-107.12541066013392, 24.08316939970587], [-107.12602987946738, 24.084215428944507], [-107.12627564858336, 24.089158569752676], [-107.12723899956484, 24.09281114963499], [-107.12820029020426, 24.094680999395315], [-107.1308928592487, 24.094970199488433], [-107.13173768993461, 24.094443689531698], [-107.13230071880142, 24.09358544889684], [-107.13300237998766, 24.093247459025346], [-107.13433157981657, 24.093497429578623], [-107.1376193401878, 24.093369369412994], [-107.1389711503582, 24.094028399336814], [-107.13961081902028, 24.094647179597022], [-107.140837030263, 24.095093429303034], [-107.14184928020288, 24.095079249415612], [-107.14344418035424, 24.09390187893723], [-107.14447836901236, 24.09356093922122], [-107.14615267966164, 24.093863859601267], [-107.14750151989038, 24.09434707917462], [-107.14994387878913, 24.0963968289555], [-107.15160745044804, 24.09715424969475], [-107.15182290967527, 24.09858241938231], [-107.15299431045071, 24.09826464951792], [-107.15398674863039, 24.098702619205145], [-107.15568341962748, 24.100335889717655], [-107.1568177701144, 24.101073139729806], [-107.15718393911942, 24.101695709265883], [-107.15984621928568, 24.103792349622157], [-107.16155099894023, 24.10427044933989], [-107.16368587982505, 24.104290449571977], [-107.16493936942172, 24.103971369668407], [-107.16528242015275, 24.103213249359126], [-107.16488147959119, 24.098900149605086], [-107.16422358022659, 24.098834149202535], [-107.1633574304496, 24.09939879919045], [-107.1624247093862, 24.099261369420898], [-107.16107104986379, 24.098502149221403], [-107.15948928882712, 24.0971937190094], [-107.15797484871814, 24.09500548970206], [-107.15733641935785, 24.09446208929758], [-107.15620673993789, 24.094000979722757], [-107.15561203050133, 24.094436219628665], [-107.15355065886334, 24.094045979253753], [-107.15049959878311, 24.09144491894295], [-107.14928753977122, 24.090959819433746], [-107.14831905869127, 24.090980659026847], [-107.1476582792738, 24.090738849161035], [-107.14570734018191, 24.08860685894422], [-107.14489822979054, 24.08603194917715], [-107.14447748943043, 24.085410109124837], [-107.14332639993637, 24.085300719242564], [-107.1428542501127, 24.08488045938264], [-107.14273816859439, 24.08448033923351], [-107.14124968876246, 24.08382324922999], [-107.13859485018571, 24.08378508906518], [-107.13771117035122, 24.083295248869607], [-107.13680828909608, 24.081650679511885], [-107.13611484986082, 24.081082849053665], [-107.13519982040225, 24.07705299948992], [-107.13345123026055, 24.07720293893928], [-107.13188827882631, 24.07699877952043], [-107.12846253893835, 24.07584877898513], [-107.12501634044881, 24.07426457903198], [-107.12404445028442, 24.073399279206075], [-107.12362134980546, 24.07262671891401], [-107.12163285886311, 24.071499309383974], [-107.12012891998036, 24.069888029463467], [-107.11924879967822, 24.06794165973784], [-107.11843864895538, 24.06692339930407], [-107.1177499792707, 24.064974369580707], [-107.1173637701792, 24.064778859128552], [-107.11692698008558, 24.06483511895954], [-107.11643214980697, 24.065276319611122], [-107.1161259185669, 24.06495413949108], [-107.11433650994833, 24.0642758197482], [-107.11187705981305, 24.062778079239234], [-107.11123851040404, 24.062209349429036], [-107.11113078014333, 24.061814779680297], [-107.11033024900419, 24.06137385964564], [-107.10998599923374, 24.060399319538526], [-107.11061814952237, 24.0589091396304], [-107.1096590800188, 24.057139549513398], [-107.10932281869803, 24.055150548899995], [-107.10923059929996, 24.05118450936459], [-107.10938813864485, 24.050780538928333], [-107.1101511101836, 24.05059427898601], [-107.11064868850912, 24.05091384897133], [-107.1112067785466, 24.0518248491693], [-107.11102702015528, 24.05106884906113], [-107.11049077891205, 24.050359049064767], [-107.11053934022043, 24.050053798926324], [-107.10695486028995, 24.04707090886737], [-107.10512962877196, 24.045228599664657], [-107.1050758501937, 24.044912019034587], [-107.10485276913869, 24.044815919600367], [-107.10498402034769, 24.044581079114057], [-107.10468634894269, 24.04455045913007], [-107.10420025969546, 24.043933799034466], [-107.10472388011401, 24.042910179523933], [-107.10499805885192, 24.042827079138284], [-107.10525381858274, 24.04235764968291], [-107.1078690787289, 24.040225349248903], [-107.10868016898544, 24.040198749177698], [-107.10916748927333, 24.04066948914747], [-107.11006730904832, 24.041015178927196], [-107.11146671867206, 24.04009319909288], [-107.11209226004944, 24.040069649455813], [-107.11232775011807, 24.039735569601607], [-107.11258287900442, 24.039714018930905], [-107.1126775485409, 24.03949630894667], [-107.1122054500486, 24.03946674942], [-107.11036245924706, 24.039778199212112], [-107.10998093952968, 24.039278509177933], [-107.110172049739, 24.03782462945581], [-107.11175091905255, 24.03468845944177], [-107.11524483040596, 24.03744616892968], [-107.11613896925597, 24.03736004942122], [-107.12175037634233, 24.041865580140495], [-107.12342649578513, 24.04279773515157], [-107.13323429157708, 24.049911476716982], [-107.1356470652401, 24.05175317892186], [-107.13688914426749, 24.053052364594024], [-107.14933198816578, 24.06252741904937], [-107.15631561747259, 24.06740073938148], [-107.15872839297982, 24.069342382139627], [-107.1709507901343, 24.077774014263046], [-107.18086379394516, 24.0838864370015], [-107.18235904095233, 24.08429881235679], [-107.1863724153145, 24.086474274430252], [-107.18972691859832, 24.089324147227888], [-107.19186844192346, 24.090566226962277], [-107.19621335312927, 24.093616699213065], [-107.1982338234798, 24.095682228271826], [-107.19967310076356, 24.096690964973334], [-107.20068675509962, 24.098066293719906], [-107.20129570530548, 24.098399801197267], [-107.20220143092936, 24.099724196312916], [-107.20310552077022, 24.101862081946546], [-107.20268948753106, 24.102935896659513], [-107.2021771531084, 24.103371667856646], [-107.20168329320346, 24.10322684178376], [-107.20102229219337, 24.100808980667836], [-107.20050249599265, 24.09991455306617], [-107.19985522044269, 24.099462424541947], [-107.19923010050792, 24.0995645709857], [-107.19860368601888, 24.099743232536476], [-107.19811827594091, 24.100214365207897], [-107.19560317978586, 24.103410017955476], [-107.19953359774382, 24.10684891908917], [-107.20045376836221, 24.10691353894846], [-107.2016696204788, 24.10742547910734], [-107.20679519997825, 24.110171149963374], [-107.21899562453372, 24.12142786785961], [-107.2208352473745, 24.122097092103644], [-107.22546606883601, 24.124401504028572], [-107.22633460208061, 24.124530201672137], [-107.22891986165064, 24.125917797788016], [-107.2315560672732, 24.126930132506097], [-107.23527966848097, 24.128927778010716], [-107.23729432317886, 24.12971740744152], [-107.2396928200266, 24.1313830307104], [-107.25999438113418, 24.143803816049253], [-107.26186939652578, 24.145202939727465], [-107.2792489797482, 24.155843889577824], [-107.28087653121788, 24.157166869361422], [-107.28438861612705, 24.159308384502115], [-107.2849025791859, 24.159869937077882], [-107.32032354656496, 24.182449766359767], [-107.34358277851126, 24.196381511320716], [-107.34486796370143, 24.197366283003216], [-107.3542586895323, 24.20284895932778], [-107.4030217141006, 24.230645749075883], [-107.40521081871205, 24.23201393964443], [-107.41259242489619, 24.23749883162056], [-107.4197255255806, 24.243818435985204], [-107.42062593732757, 24.24528716805945], [-107.42171776162883, 24.248006340268965], [-107.42148747951724, 24.24935447183266], [-107.42087627051829, 24.24977755549684], [-107.42248117131292, 24.25120041926902], [-107.42168873087553, 24.251033069832953], [-107.41944818956428, 24.249968996917474], [-107.41799251310678, 24.249695474138576], [-107.4158581723123, 24.251591295431016], [-107.41544564839343, 24.251608076932513], [-107.40864415754085, 24.24919933665136], [-107.40548051772488, 24.247101064021543], [-107.40305007040796, 24.244827454786684], [-107.40095775007316, 24.243919312611528], [-107.3998999354679, 24.243057862867897], [-107.39867417408585, 24.24158688763928], [-107.39850754944474, 24.241035428390607], [-107.39723815984644, 24.240014125558858], [-107.39488343353209, 24.238895272576563], [-107.39296172633406, 24.23753072957622], [-107.39259885015232, 24.237068328145423], [-107.38781378536041, 24.235232844362557], [-107.38533521563335, 24.233609444529392], [-107.38495110201285, 24.233682346539087], [-107.38481205588303, 24.234047547518813], [-107.38299991353455, 24.2335218511383], [-107.38097117991128, 24.232273459192097], [-107.38076812293919, 24.2325584632344], [-107.38009794962188, 24.2326549290774], [-107.37860840839448, 24.230987275616133], [-107.37777562588934, 24.230742350919098], [-107.37733462278588, 24.23027635361131], [-107.37648893664058, 24.23073856868437], [-107.37642357153057, 24.231145615686636], [-107.37278090557122, 24.23162281122488], [-107.37067058033021, 24.232711362641865], [-107.36972333161084, 24.232754779239375], [-107.36927262967689, 24.232045291902832], [-107.36784539769886, 24.231766581795288], [-107.36761661823421, 24.231789243515514], [-107.36732844721156, 24.23226185161376], [-107.36579848183221, 24.23262478926274], [-107.36298531596388, 24.23289301570218], [-107.36207547002039, 24.233552006399933], [-107.36166388970493, 24.23354883696931], [-107.36103165682374, 24.2331621881129], [-107.35935215609258, 24.233044940667355], [-107.3581520508936, 24.23237091234402], [-107.35759404373303, 24.23233657397685], [-107.35642458377569, 24.2316286291084], [-107.35486630628021, 24.231304045161558], [-107.35321747408075, 24.23002073170862], [-107.35217052286357, 24.229740755985834], [-107.34939942656747, 24.227476397327056], [-107.34821430504324, 24.22704567183653], [-107.34666786034907, 24.225942213479264], [-107.34414982393547, 24.223549643140935], [-107.34338361179422, 24.22323662488782], [-107.34307000009487, 24.22289275030029], [-107.34163577689903, 24.22250879065128], [-107.34080280970866, 24.2219627256031], [-107.34000243353265, 24.221774408305706], [-107.33868214598722, 24.221923670546197], [-107.33813255932007, 24.222347699966406], [-107.33808106239064, 24.22295036631202], [-107.33859172347783, 24.223816668629617], [-107.33952401534783, 24.224666944607467], [-107.34261259169426, 24.226644779936006], [-107.34428736122071, 24.228214433671514], [-107.34478075749965, 24.229272049855496], [-107.345078549617, 24.231025309156006], [-107.34488477480193, 24.232389678995542], [-107.3444029098471, 24.2330992858273], [-107.34497668007602, 24.235130130074488], [-107.34486145401432, 24.235948729026244], [-107.34424430545947, 24.237520247849826], [-107.34374487091537, 24.238125031762223], [-107.34307387035669, 24.23960184438191], [-107.34310064591483, 24.24049468616115], [-107.3419819756014, 24.240569235556325], [-107.34068635289455, 24.240937881949307], [-107.34040071886416, 24.24184030773533], [-107.33811403648737, 24.24356645517854], [-107.33752476049477, 24.24381913366787], [-107.33532059898194, 24.244077504067022], [-107.33335080128086, 24.243190592795102], [-107.3322228796603, 24.241617216377975], [-107.33094168963852, 24.241636855907366], [-107.32989502413568, 24.24137583431914], [-107.3284588537015, 24.240036442446197], [-107.32710281925291, 24.238232451288507], [-107.32668703452534, 24.237140149007825], [-107.32658389507155, 24.235479397469685], [-107.32617923568492, 24.23442513364713], [-107.32629814526636, 24.234088935184428], [-107.32576156366231, 24.23322776213591], [-107.32504671169686, 24.23287564814205], [-107.32501025875625, 24.232016378539612], [-107.32546437244487, 24.231780150935883], [-107.32551939974574, 24.231368506969247], [-107.32527620101263, 24.231171597668798], [-107.32485090485156, 24.231273630399997], [-107.32068790593185, 24.230362710936365], [-107.32033813708726, 24.230033673403906], [-107.31940975582688, 24.2270957480353], [-107.31820939034071, 24.224668294971632], [-107.31717991040419, 24.224196735518838], [-107.31527433400979, 24.22424484822152], [-107.31157547390255, 24.221329872592452], [-107.31088293325163, 24.221053778570653], [-107.3099557830174, 24.221631524501237], [-107.30733523269151, 24.221891012933664], [-107.30475382292575, 24.222589332333733], [-107.3027484385422, 24.221721630628412], [-107.30096687986813, 24.2205543622942], [-107.29894231202518, 24.220355664984936], [-107.29866471788407, 24.22056048722152], [-107.29763366075385, 24.220576055248447], [-107.29717027143518, 24.220296436288226], [-107.29645097189838, 24.22026906989875], [-107.29614761022523, 24.22077999888535], [-107.29721565184595, 24.222244719878532], [-107.29783827643392, 24.223849902349176], [-107.2969693289628, 24.225353407441624], [-107.29800870237294, 24.226379072380233], [-107.2984062434367, 24.227051387659284], [-107.2982976790426, 24.227387411808117], [-107.29774160043397, 24.227749295494952], [-107.296866543723, 24.227752955116713], [-107.29655854090457, 24.228005995748493], [-107.29619703632399, 24.229922206526503], [-107.29545212672858, 24.23079328441563], [-107.29528896984401, 24.231332212588317], [-107.29528438863629, 24.232477279562307], [-107.29602046449358, 24.234596658106422], [-107.29615068102314, 24.23836842877382], [-107.29652026464993, 24.239222686979033], [-107.2954841398518, 24.23974265522075], [-107.2952538073489, 24.240063418430093], [-107.29430201714963, 24.24044082221149], [-107.29255443740507, 24.240018141229548], [-107.29198205346555, 24.240055428573303], [-107.29092285594724, 24.240835688481525], [-107.28975246221056, 24.240934520079346], [-107.28913371669465, 24.241292543997396], [-107.28871223055711, 24.24335772816151], [-107.28883868794338, 24.243728422247354], [-107.28641928825573, 24.24361194508003], [-107.28602533101825, 24.244888526517748], [-107.28437973817954, 24.244636188889498], [-107.28247845813763, 24.249613606582628], [-107.28194786324052, 24.2496597814202], [-107.2777769526109, 24.257097856360154], [-107.26592008212018, 24.268070896880822], [-107.2648991572634, 24.269855964007437], [-107.26352266045318, 24.27039716519391], [-107.2600264781098, 24.273654514451554], [-107.25636702199708, 24.28331055070835], [-107.2568438829826, 24.284932404338978], [-107.26119700149582, 24.288842074430278], [-107.25987409909725, 24.291833015498273], [-107.25797115806654, 24.293858070444806], [-107.25678845860485, 24.294764160238365], [-107.25595371838828, 24.2932431715341], [-107.25116281644893, 24.292583386101033], [-107.25096988875977, 24.293169038841846], [-107.25059279545675, 24.293064756955246], [-107.25079017062916, 24.292287966605734], [-107.24451510859768, 24.289915922349067], [-107.24511700082527, 24.286801995801735], [-107.24154045687908, 24.285536372759417], [-107.24048564682938, 24.28541818487104], [-107.24005170480686, 24.285042420577224], [-107.23907724749863, 24.28475106658147], [-107.23875314171704, 24.28291192405061], [-107.22882726580876, 24.28869473516257], [-107.22815375182647, 24.28892436193927], [-107.22764821933409, 24.28982029839956], [-107.22642117950427, 24.29954514519206], [-107.22784246772979, 24.308103779060335], [-107.22211615822356, 24.31451245196846], [-107.21865745963747, 24.315260501094855], [-107.21751349219078, 24.318420483968367], [-107.21705009501774, 24.318752097642257], [-107.216047010143, 24.321623392733006], [-107.21330377389219, 24.324558300807958], [-107.21335064458847, 24.32545570080349], [-107.21511322576815, 24.32968150918302], [-107.21486362183606, 24.333315679308093], [-107.23685595820191, 24.36306861562611], [-107.24374285820448, 24.370060540718956], [-107.2689200970171, 24.354237199375923], [-107.2727112228316, 24.352212333469588], [-107.28646118613403, 24.344964503294776], [-107.28962291820912, 24.34566197838034], [-107.29787551780652, 24.338964235633888], [-107.30807373332179, 24.337261683982458], [-107.31096542704879, 24.336300504029406], [-107.31156215889578, 24.33758114313619], [-107.30867269383309, 24.338666495794232], [-107.30891967716103, 24.339204906933514], [-107.30867435115766, 24.339332835215973], [-107.30752756235223, 24.33941596994736], [-107.30663007682118, 24.339950293290137], [-107.30490362853175, 24.339909671718846], [-107.30343468355167, 24.340557754421383], [-107.30254390795086, 24.341464543303488], [-107.30035523612528, 24.34181303042207], [-107.302941456436, 24.343842131209826], [-107.30147351690414, 24.34512549575541], [-107.299125068164, 24.34644608877469], [-107.29771292275947, 24.347069374389264], [-107.29734304684072, 24.34679792109374], [-107.29706885228495, 24.34691671967509], [-107.29633931812317, 24.347806708482825], [-107.29617984202201, 24.348215151429496], [-107.30079371327113, 24.351935600610577], [-107.30134333792101, 24.35162153886237], [-107.30270582018247, 24.353294228326988], [-107.30398895936071, 24.35303110947612], [-107.30578727923262, 24.351561177147513], [-107.30641401124585, 24.35161851509452], [-107.30873175573561, 24.351191534663453], [-107.30927725125204, 24.35136952519843], [-107.3097277170942, 24.351195473047703], [-107.3117247123195, 24.349760659514676], [-107.31005823621018, 24.347861018818378], [-107.31300621429963, 24.344821026110946], [-107.31925183383127, 24.34994184955164], [-107.32067800863646, 24.35037859436375], [-107.32448616622135, 24.350769268275563], [-107.32416874490464, 24.351089400816864], [-107.32377522094863, 24.352666987169627], [-107.32306315106892, 24.35364758367171], [-107.32117098709357, 24.354536386466386], [-107.32066780538908, 24.354964439818417], [-107.31934283515443, 24.357793455785547], [-107.31894306663904, 24.359318583000583], [-107.31834144189305, 24.36035479222741], [-107.31714707388551, 24.360912834067022], [-107.31812463518118, 24.361905779338652], [-107.31804682685443, 24.363072502542938], [-107.31786829502782, 24.3635767891738], [-107.31719997971145, 24.36381629457987], [-107.31705628258412, 24.364229299149887], [-107.31766989529628, 24.364993750957222], [-107.31610918367572, 24.3700618751545], [-107.31582019860555, 24.370515302405085], [-107.31379983762285, 24.37211295345332], [-107.3124105229204, 24.37514830496818], [-107.31437363256597, 24.37584439935398], [-107.32059937595332, 24.37550075805262], [-107.32470442006856, 24.375829510569016], [-107.32532777970256, 24.3756957420909], [-107.32723195508585, 24.377156839956633], [-107.32753938496538, 24.37714256602407], [-107.32790413291585, 24.379687735229208], [-107.32391906632509, 24.38136346608362], [-107.32557415626336, 24.382603894718105], [-107.30182781608777, 24.394874159830334], [-107.30631379532588, 24.401854004853032], [-107.28157433488538, 24.4074128330252], [-107.29764887121404, 24.423401136976896], [-107.33520530751605, 24.458732302899964], [-107.33515022824608, 24.461121496473943], [-107.33536202645851, 24.462135648611667], [-107.33464550053979, 24.478172439824036], [-107.33450839387153, 24.478661778816075], [-107.33392962108698, 24.479258259816618], [-107.33601033280165, 24.48198699097772], [-107.33982815986113, 24.4821189455152], [-107.3434615734233, 24.48441031112077], [-107.34824301658692, 24.48443155690675], [-107.35632564111906, 24.48514630748881], [-107.35805390965976, 24.484899597421848], [-107.36415754051032, 24.49198813777329], [-107.36666044231053, 24.491571566790924], [-107.36843304190154, 24.489508940133923], [-107.37262593520418, 24.483749418858007], [-107.3738395962564, 24.478891672212004], [-107.37439474864917, 24.477325783725362], [-107.37477636726072, 24.47708095728543], [-107.3823361686568, 24.47416759321203], [-107.38363269155043, 24.472623416271194], [-107.38634774507682, 24.471028163708336], [-107.38994713170197, 24.47287708705477], [-107.39081745109569, 24.473087811106087], [-107.39147357294046, 24.473010554314676], [-107.39264167259161, 24.472409309664606], [-107.39413793216444, 24.47205124693001], [-107.39496770179282, 24.47149834199002], [-107.39616909135343, 24.47127867246531], [-107.40845438012947, 24.466903828755967], [-107.41150078393765, 24.46574230024491], [-107.41239239498225, 24.465154884873282], [-107.41239159591576, 24.463196538993213], [-107.41175802163649, 24.46198864420611], [-107.41451486917495, 24.460974989180066], [-107.41206148294937, 24.455731366828193], [-107.40893525192743, 24.45679863811558], [-107.40650281141667, 24.456483930777395], [-107.40839369767596, 24.4557612121651], [-107.41061762757779, 24.453347051065084], [-107.4096959865811, 24.45317547155345], [-107.40818254738075, 24.451518263254417], [-107.41110816699666, 24.45033480423037], [-107.41251715608708, 24.44924716073688], [-107.41256989658807, 24.449002721366952], [-107.4115103440998, 24.447615339372756], [-107.4115687568372, 24.447394685016537], [-107.41976284644673, 24.451877804706367], [-107.42647546333137, 24.45091040966586], [-107.42878571525503, 24.4497556064535], [-107.4298074571355, 24.44970574946562], [-107.4308412940815, 24.450286182803463], [-107.43430916324341, 24.449910342840816], [-107.43477532423495, 24.44905262247587], [-107.43556874470534, 24.44852637467745], [-107.43895222800083, 24.448784664560304], [-107.44117526248509, 24.448256802646636], [-107.441652292872, 24.44850702412625], [-107.44370168770787, 24.447093515798862], [-107.4450946955599, 24.445735976036115], [-107.4458943381999, 24.44567049656446], [-107.44721132502751, 24.44618652388052], [-107.4480137829707, 24.446266671374662], [-107.44860794895426, 24.445963295175876], [-107.44954043036674, 24.444672878651872], [-107.44913903322954, 24.443881728843348], [-107.449531151108, 24.443923132810664], [-107.4495867687793, 24.44302187628347], [-107.44988979541486, 24.442773372940415], [-107.44962390111553, 24.44237884568663], [-107.44963650037445, 24.441951156219293], [-107.44988392799952, 24.441660561138438], [-107.44976345462989, 24.441096511022955], [-107.45071501012475, 24.440524634570696], [-107.4530874446463, 24.44044794657813], [-107.45481110850127, 24.439739321969544], [-107.45539694023222, 24.43793149409251], [-107.45749632521871, 24.43669133783898], [-107.4591270167573, 24.436841556798836], [-107.4595467923105, 24.436696212281987], [-107.46058728923276, 24.43573833055533], [-107.46034920778953, 24.435030520522012], [-107.46506947055016, 24.43577040205557], [-107.46408014482884, 24.42781951319917], [-107.47097665683714, 24.428347017967134], [-107.47261254975787, 24.42823430415342], [-107.47208190996234, 24.426704984784035], [-107.47230672068544, 24.426462494469277], [-107.47302677817234, 24.426469830590637], [-107.47288242946136, 24.425488252420834], [-107.47302900695004, 24.423909653168682], [-107.47494011934494, 24.424002584260094], [-107.4758142006637, 24.42441815135854], [-107.47722223384525, 24.42386014046974], [-107.4776714492151, 24.423356043584267], [-107.47737323591016, 24.42251073305107], [-107.47785373537495, 24.42200612384185], [-107.47775984654012, 24.42147270670102], [-107.47793024861392, 24.421116466993556], [-107.47881376512979, 24.420414195267526], [-107.47936965981494, 24.41949757322495], [-107.47961703037544, 24.41747550640996], [-107.47899241691724, 24.415009200124334], [-107.47811995371879, 24.413872391979503], [-107.47819326094529, 24.413219219023492], [-107.4777228860286, 24.41183699647926], [-107.4776709907374, 24.41078226756987], [-107.47708692251422, 24.40851828271366], [-107.4774349033943, 24.407239682678775], [-107.4774491664938, 24.405966546216735], [-107.47735804494485, 24.405440248458756], [-107.47700040197772, 24.40528848659946], [-107.47730603500078, 24.405047051634014], [-107.47741234949082, 24.404214222880245], [-107.47741628594697, 24.403213512055274], [-107.47709854283141, 24.40283421448671], [-107.47732353209283, 24.40233617509348], [-107.47725918124497, 24.401711522668872], [-107.47702281818282, 24.401225817958476], [-107.4779454983856, 24.40026499306673], [-107.47876736671299, 24.398949974117837], [-107.47892968265437, 24.39844818434357], [-107.47869295053042, 24.398077111981227], [-107.47889099289523, 24.396600357555297], [-107.4787047576737, 24.395609928463546], [-107.47774198998121, 24.39398022838698], [-107.47727894421183, 24.394037955689566], [-107.47682469103204, 24.3936107397306], [-107.47597228958642, 24.393493334274734], [-107.47521997275257, 24.394095519444477], [-107.47506844836984, 24.39394753803241], [-107.47575201064812, 24.39276137158288], [-107.47611831963545, 24.392690896562293], [-107.47597089264728, 24.392351800630923], [-107.47648118074466, 24.391908805030326], [-107.47647117048307, 24.39152924489884], [-107.47732662315501, 24.39086805053685], [-107.4784441698142, 24.389206680820447], [-107.47916015491771, 24.389417067549598], [-107.48273268414364, 24.388221749112663], [-107.48341585440055, 24.38768753101977], [-107.48372391669132, 24.387706361669512], [-107.48417363453459, 24.387101936939224], [-107.48455943932659, 24.387229347398925], [-107.4868921090722, 24.38637429117631], [-107.48814649571968, 24.386914914145994], [-107.48863843650531, 24.386603522976934], [-107.48893352323972, 24.386758689016794], [-107.48975276277051, 24.38664968712733], [-107.49044405621021, 24.38626576309827], [-107.49121999203997, 24.38647509746385], [-107.4917850490095, 24.38577084756519], [-107.4925040545855, 24.38560378262352], [-107.49470610801639, 24.384077301362172], [-107.49546535136797, 24.383835526700995], [-107.49605768771936, 24.383990545589125], [-107.49659541048645, 24.383754809085314], [-107.49671898885659, 24.383143786822252], [-107.4973148802327, 24.382551250991018], [-107.49785691254687, 24.382535144738235], [-107.49860486751027, 24.38198547110226], [-107.50002463381668, 24.381522610660706], [-107.50146053335853, 24.381747271535136], [-107.5031633359628, 24.381093435935224], [-107.50349896056593, 24.381453274068043], [-107.50401134435378, 24.38125613909298], [-107.50465884705254, 24.381696790925826], [-107.50527612116808, 24.381397618307922], [-107.50565842874721, 24.380686787868484], [-107.50592845780189, 24.380761126741177], [-107.50699667107762, 24.380323129197848], [-107.50727133195731, 24.380500088098742], [-107.50781203116638, 24.380417103591718], [-107.50847332521144, 24.379046694710294], [-107.50925585733553, 24.37893104206789], [-107.5094847217857, 24.37784541009769], [-107.51012537455809, 24.377543440041677], [-107.50984529527314, 24.377091948070422], [-107.51045491775103, 24.37614329467965], [-107.51071285154221, 24.375210036119434], [-107.51063555632786, 24.374728908642727], [-107.51125021011522, 24.374035706564243], [-107.51086166908946, 24.37350481552803], [-107.50974390467853, 24.373542438444098], [-107.51018526029672, 24.371863421066102], [-107.51103140883181, 24.37153893616027], [-107.51215781523825, 24.372203272722142], [-107.51221220420227, 24.37178922017894], [-107.51261983363034, 24.371835000008208], [-107.51285067698461, 24.371642507594935], [-107.51250962908526, 24.37100813416966], [-107.51270333138189, 24.370651478345057], [-107.51252571979212, 24.370107542443805], [-107.5119964011298, 24.370104379080114], [-107.51098510406936, 24.369590970139626], [-107.50991492689805, 24.369396157804754], [-107.5084797955537, 24.370260564518198], [-107.50832599269424, 24.3705258069391], [-107.50847579530686, 24.370850505430237], [-107.50747720370349, 24.371905878874728], [-107.50633112109179, 24.372225758083715], [-107.50604650857274, 24.372204192267205], [-107.50551440945881, 24.371663718520356], [-107.5048023818086, 24.371782967399078], [-107.50459711881308, 24.371951142442082], [-107.50465137357226, 24.372322798146048], [-107.50375905433673, 24.37321638680691], [-107.50269350561143, 24.37325787835757], [-107.50145713086891, 24.373962987556126], [-107.50141399195799, 24.37418336841551], [-107.50062938545089, 24.374275491504864], [-107.4997372673201, 24.37509082616511], [-107.49903496306713, 24.376520782571607], [-107.49779264621316, 24.377729928569103], [-107.4962490908024, 24.378355280922474], [-107.49279275117291, 24.3786597512561], [-107.49200837472318, 24.378911654062446], [-107.49146982597044, 24.378866619752465], [-107.49076118863836, 24.37824045864256], [-107.4902184783275, 24.37819139866977], [-107.4897045753082, 24.377810692760587], [-107.48850914955977, 24.378187161798305], [-107.48815257905291, 24.37788302451055], [-107.48815354030393, 24.377434759203123], [-107.48825921906, 24.376614555533912], [-107.48859024519076, 24.376111800473513], [-107.48814207310181, 24.37597866220204], [-107.48750781531875, 24.374548408644568], [-107.48903734959445, 24.373082612563397], [-107.4894754204873, 24.3717061145707], [-107.48954913939669, 24.36987618804854], [-107.48910234306767, 24.36881752682303], [-107.48937287157224, 24.367588733366674], [-107.48912085471291, 24.367276189834804], [-107.48912796130011, 24.366520056746584], [-107.48866681858769, 24.365722549358868], [-107.48905298457137, 24.36088683792657], [-107.48944626412867, 24.35999379690971], [-107.48872927138436, 24.35908685980075], [-107.48924983914594, 24.358817380354406], [-107.48970820558085, 24.357111598065664], [-107.490722578982, 24.357382623128224], [-107.49126252988371, 24.357233246423167], [-107.49174912583662, 24.357488260570758], [-107.4923034993741, 24.357152613511904], [-107.49300751643845, 24.357270343119918], [-107.49301632217002, 24.357719567663295], [-107.4933023550685, 24.3579551836332], [-107.49353220961036, 24.357895069718875], [-107.49373983329396, 24.35830311224692], [-107.49442652416022, 24.358517474413794], [-107.4946472836984, 24.357962575456693], [-107.49439741923184, 24.357759285312476], [-107.49462792168289, 24.35759604322611], [-107.49496563830168, 24.357810144838584], [-107.49526835621097, 24.357729340855748], [-107.49530989525867, 24.356992708241954], [-107.49602026031752, 24.356730127784555], [-107.49620863644131, 24.356457179147096], [-107.49837859201915, 24.35600772640883], [-107.49909869859893, 24.356417348909016], [-107.50006304213419, 24.35631000896136], [-107.50068566900615, 24.35665210038395], [-107.50191936517687, 24.35668637421524], [-107.50274009520959, 24.357012919092664], [-107.50323662207758, 24.357379384167444], [-107.5034673184051, 24.357845013965935], [-107.50393364990656, 24.358004717605343], [-107.50457726654888, 24.35771404692486], [-107.50536162050614, 24.357861656835993], [-107.50551388343804, 24.358114489148385], [-107.5064494415675, 24.358522740457317], [-107.5076327360281, 24.359676705227695], [-107.5077035152117, 24.36012903292091], [-107.50793096695166, 24.360258060827505], [-107.50779052358223, 24.36080369462901], [-107.50712067043678, 24.361207631323154], [-107.50726127428521, 24.36170473846798], [-107.50868913728631, 24.36162229130338], [-107.50902550966859, 24.36212121823369], [-107.50974515739057, 24.36231934740326], [-107.51044099856551, 24.362195409728756], [-107.51093315392255, 24.361817906762482], [-107.51228064411234, 24.36214351042187], [-107.51354963179323, 24.362044841312837], [-107.51333687357106, 24.362958362230383], [-107.51363819493626, 24.363568934572804], [-107.51483116697068, 24.363596381397613], [-107.51583483288984, 24.36339598486139], [-107.51609888372961, 24.363170543564994], [-107.51663278289158, 24.36334078977466], [-107.51704314211467, 24.364069111195402], [-107.51737462623493, 24.363988661192238], [-107.51796901338427, 24.364400419031796], [-107.519249524045, 24.364682806420916], [-107.51955787447345, 24.36557763105175], [-107.51994378478736, 24.365953268278908], [-107.52062234986926, 24.365354547044284], [-107.52134115957499, 24.365645880270357], [-107.52202185351439, 24.366577086969755], [-107.52275352926884, 24.36692628968187], [-107.52317347795879, 24.36755620982258], [-107.52431649622251, 24.368240009100226], [-107.52513426215137, 24.369186930678246], [-107.52559192525378, 24.369382964470745], [-107.52640967141097, 24.37078072008611], [-107.52799372806054, 24.37177402501895], [-107.52839825122582, 24.37225326137038], [-107.52869892833209, 24.372295998688568], [-107.52912923709503, 24.37282614274798], [-107.53007102098586, 24.37272444223616], [-107.53074841274804, 24.373158514746322], [-107.53233746325941, 24.373287186502242], [-107.53356159782248, 24.37361658165613], [-107.53390020896333, 24.373861669261526], [-107.53370036907596, 24.374103821389575], [-107.53387698207683, 24.37459281852297], [-107.5356226040995, 24.375076227777832], [-107.53636272991808, 24.37595185631942], [-107.53630444706859, 24.3764280673605], [-107.5366034608464, 24.37717053687539], [-107.53601316999605, 24.377433157700455], [-107.53592781924195, 24.377740675849072], [-107.53644015998177, 24.37826344596734], [-107.53647283992714, 24.37976981045554], [-107.53715879368258, 24.380172657505454], [-107.53702555912812, 24.381008337698905], [-107.53647957289112, 24.38187004870838], [-107.53675970301559, 24.382187294511507], [-107.53737467580872, 24.382107410709096], [-107.53803131044847, 24.38156104981101], [-107.5383457233193, 24.380985024088613], [-107.53834947869503, 24.380618390160173], [-107.53800104314546, 24.380274365979762], [-107.53811813094418, 24.37960969960741], [-107.5379669003703, 24.379348351119127], [-107.53916691396132, 24.378989122267754], [-107.5394500974561, 24.37921959071819], [-107.54016352548078, 24.37915031993815], [-107.54119718022825, 24.378882230121878], [-107.54153258131387, 24.378248531726967], [-107.54255031923262, 24.3782278661871], [-107.54387921788513, 24.37877272223433], [-107.54412088104515, 24.37914119948717], [-107.54399379215455, 24.380090776970142], [-107.54428095662473, 24.380215556397005], [-107.54438355245318, 24.380584707569167], [-107.54603123231972, 24.38051331216554], [-107.54630389082776, 24.380903034138253], [-107.54715519256625, 24.3810974781427], [-107.5487102302382, 24.38207067232869], [-107.54895499351916, 24.382574025348294], [-107.54893461122008, 24.383767223029693], [-107.548319848168, 24.384446235956286], [-107.5492142118944, 24.384831155616947], [-107.54949466454613, 24.38464975235529], [-107.55006494206769, 24.38480731800005], [-107.5508692517376, 24.385517366946573], [-107.55143644910635, 24.385456462174297], [-107.55177027757587, 24.38623891455943], [-107.55223819618656, 24.38668715139885], [-107.55305742356536, 24.388797869746792], [-107.55436549400531, 24.389195789105187], [-107.55490723898006, 24.389165157105445], [-107.55519202080973, 24.389432760896337], [-107.55640234095215, 24.389020517180874], [-107.55760508453987, 24.388238258555106], [-107.55817827625356, 24.386960640406045], [-107.55716853280917, 24.38653948304309], [-107.55627139381164, 24.385235212779882], [-107.5556783600208, 24.384724620212314], [-107.55539597960748, 24.383843396713477], [-107.5542308757833, 24.38269646864163], [-107.55115771052868, 24.38053570140122], [-107.5478602897853, 24.377718320398767], [-107.54685205106665, 24.37645644967314], [-107.54462834411451, 24.376145162717965], [-107.54410761007027, 24.37572524216875], [-107.53966193316991, 24.37381771499466], [-107.53886297270034, 24.372911678794374], [-107.53748359747308, 24.37045472618216], [-107.53655031084953, 24.37000109597642], [-107.53563811654647, 24.369985687724157], [-107.53478282402287, 24.369682016102963], [-107.53390443673408, 24.368028816162095], [-107.53248388007493, 24.36709232956898], [-107.52987880880046, 24.364573386557463], [-107.5288744557396, 24.363885655331632], [-107.52859816883473, 24.363331438063543], [-107.52682678162881, 24.362876200725886], [-107.52541177226755, 24.36172482749778], [-107.52528212529164, 24.361366379952404], [-107.52412207082507, 24.360974941491214], [-107.5228215853041, 24.359812083206705], [-107.52234978746918, 24.35994650918194], [-107.52115844493902, 24.359027796199957], [-107.51973126853882, 24.358540468955454], [-107.519773495263, 24.35830333809119], [-107.51957623380568, 24.358478564136362], [-107.51852644261926, 24.357860768403807], [-107.51843230635657, 24.357582922077746], [-107.51710220935722, 24.357027079807335], [-107.51699870013934, 24.35667058091941], [-107.5158071538733, 24.356265273099257], [-107.51532151650571, 24.355831525395498], [-107.51422602748723, 24.355405510552487], [-107.5136179742089, 24.354844821873233], [-107.51236298925907, 24.35465785909212], [-107.51100773519873, 24.3541453762287], [-107.50993851797097, 24.352935571347736], [-107.50948021220532, 24.352035656218707], [-107.50780942858253, 24.351251336085337], [-107.50747136226555, 24.351292754361275], [-107.50495976351098, 24.348845810721432], [-107.49997930578911, 24.34538278516575], [-107.4975099017845, 24.34301381212413], [-107.49623428363259, 24.34236613198174], [-107.49485620196363, 24.340346917274946], [-107.49338698405644, 24.33899549080704], [-107.49287056139445, 24.3379806444173], [-107.49243998852646, 24.33795548037899], [-107.49275296992614, 24.337632713082954], [-107.49253697518995, 24.336585459186118], [-107.49231087745781, 24.33595391978063], [-107.49179705079598, 24.335403532462678], [-107.49151748612013, 24.334037304868637], [-107.49110137602962, 24.333418434394176], [-107.48999485286743, 24.333080764310317], [-107.48930739249896, 24.33311354039168], [-107.48780606818151, 24.33257934290482], [-107.48646181805364, 24.33154580356974], [-107.48574095640004, 24.33160299491098], [-107.48538774342148, 24.330999790852406], [-107.48551997086909, 24.330830449109083], [-107.48675579680932, 24.330717060092105], [-107.48720779979055, 24.33037290695494], [-107.48779199836704, 24.330258251080668], [-107.48809691506666, 24.329723067104563], [-107.48638441584659, 24.328248973831478], [-107.48561550106659, 24.32797976713116], [-107.48586108270388, 24.32680791756059], [-107.48560320377824, 24.325747009772417], [-107.48578236365267, 24.325311807142775], [-107.4863225279397, 24.325212204440415], [-107.4867474821976, 24.324818356299776], [-107.48786564219108, 24.324955256835832], [-107.4889333067775, 24.324775343103457], [-107.48895565697052, 24.325118876184987], [-107.4895578647408, 24.325926951979312], [-107.49008017752475, 24.32611421235422], [-107.49034943817092, 24.32595575047828], [-107.49032226870366, 24.3256325976486], [-107.4898603406875, 24.32533448872787], [-107.48983009856053, 24.32492063604798], [-107.48941138060766, 24.324766307599347], [-107.49002877231615, 24.32468452541737], [-107.4902471230694, 24.324788407021746], [-107.49019925128266, 24.32520593396212], [-107.49038971788717, 24.325416548544855], [-107.49102722154637, 24.32549684068532], [-107.49124368773022, 24.325237743877505], [-107.49148509454365, 24.325654103357685], [-107.49238414411228, 24.3263139998326], [-107.49134943086943, 24.326713103911054], [-107.49091779915835, 24.32729813277418], [-107.4911403600384, 24.328283192066042], [-107.4914402107626, 24.328689033173884], [-107.49214362644607, 24.328940176707484], [-107.49368231645269, 24.328855188780995], [-107.49465307734494, 24.329980770543802], [-107.49748376078935, 24.332248341375344], [-107.49962130322969, 24.332528367416742], [-107.50210321642933, 24.33255908354179], [-107.50349555426389, 24.331922345737446], [-107.5042509267118, 24.329247068017416], [-107.50698614086049, 24.327320004436505], [-107.5085110830059, 24.32733301060496], [-107.50975326414235, 24.327677851280335], [-107.51081765768089, 24.327333056651234], [-107.51121682359754, 24.327617804348098], [-107.51196766418981, 24.328818555357202], [-107.51240152412176, 24.32901197557449], [-107.51258796046493, 24.329610704647077], [-107.51317043042928, 24.32980644379495], [-107.5139914246107, 24.330466295509588], [-107.51480943900528, 24.33216265900093], [-107.51545106204485, 24.332713235268848], [-107.51650161199764, 24.334568118634337], [-107.51662967014882, 24.33511288514745], [-107.51644293952246, 24.336083184926498], [-107.51551242761136, 24.338061682778605], [-107.51548093874517, 24.338446698974693], [-107.51589011704071, 24.339103825415147], [-107.51738080594205, 24.340409277929634], [-107.51870445691962, 24.34117539167653], [-107.51987993279305, 24.342882495142177], [-107.523793502711, 24.34398759327286], [-107.52512504430997, 24.34462215779199], [-107.52835745066552, 24.34751763282388], [-107.53046350410446, 24.353538808145746], [-107.53261491671745, 24.357113728747844], [-107.5325755966926, 24.35723379033578], [-107.53199798051902, 24.356765813005097], [-107.53066739766734, 24.35671162305066], [-107.53033393763558, 24.355019225392383], [-107.52953922677773, 24.35425156929784], [-107.52903205655849, 24.354178835063745], [-107.52855290849948, 24.354728941259342], [-107.52815306636367, 24.356646114850733], [-107.52829565906245, 24.35870470195749], [-107.52902655095784, 24.359014897449732], [-107.52980860526293, 24.360062175888274], [-107.5310627435077, 24.360857978765285], [-107.53194431466662, 24.360879075792287], [-107.53223910534088, 24.361151166325556], [-107.53274322268467, 24.361200056500852], [-107.53310839868394, 24.361079321980238], [-107.53335670930714, 24.360719338779266], [-107.53399265146483, 24.36084244413833], [-107.53542649901185, 24.361628037005914], [-107.53605456201794, 24.362532174732692], [-107.53879941455436, 24.36506299769527], [-107.53907278507367, 24.365697238566618], [-107.53936436654338, 24.36587265440931], [-107.53982186704422, 24.367306215183405], [-107.5397744516377, 24.367803736476105], [-107.54021138311772, 24.36788119150225], [-107.54098186009428, 24.3686026134778], [-107.54115346572209, 24.3685794357074], [-107.54149590424574, 24.367777259209344], [-107.54275980928671, 24.368141730599408], [-107.54277746724532, 24.36772112246165], [-107.54214420398168, 24.36708218793261], [-107.54299345514109, 24.366528220466886], [-107.54432746551043, 24.366357761928032], [-107.5448663542868, 24.36566809240606], [-107.5462777687033, 24.366239024776547], [-107.54760025147914, 24.36705501285613], [-107.54937575420884, 24.366929625246012], [-107.55028555750486, 24.367186561712376], [-107.55176134371469, 24.367066181356392], [-107.5520139633632, 24.367312674778105], [-107.55294451319755, 24.367304163502578], [-107.55332632486386, 24.36762251709075], [-107.55403583032692, 24.36764159831137], [-107.55443564865702, 24.36794770411333], [-107.55629818436306, 24.36696462580732], [-107.55697877905442, 24.366259402324097], [-107.55714419949659, 24.365281065383904], [-107.55770148290232, 24.365703908241024], [-107.55809953150519, 24.365338968725087], [-107.55889436137998, 24.365776903997823], [-107.55964084423785, 24.365237715620548], [-107.5601841681065, 24.36529062458056], [-107.5608210486249, 24.365975990631963], [-107.56108693226906, 24.365844926391897], [-107.56085749524503, 24.36519685800574], [-107.56096651377864, 24.364914418715937], [-107.56148344666867, 24.364822092039805], [-107.56198676382712, 24.36444223069847], [-107.56236597114997, 24.3645014901198], [-107.56268252150666, 24.364814948143433], [-107.5632002430727, 24.36482648973893], [-107.5633756710275, 24.365769205627043], [-107.56376972540642, 24.365788811727775], [-107.56407786915075, 24.364909551949975], [-107.5644583846621, 24.364904312494076], [-107.56482712982935, 24.365349416857246], [-107.56537740312523, 24.365423680679857], [-107.5656355885221, 24.366138722519484], [-107.56673629827272, 24.366327248514423], [-107.56694300816451, 24.367139275719396], [-107.56759681030654, 24.367240432698853], [-107.56791351048277, 24.366915063284356], [-107.56831726140017, 24.367543447931094], [-107.56885490194963, 24.36744358761615], [-107.56982496746812, 24.36784265710496], [-107.56991232359256, 24.36868178666223], [-107.57051242078617, 24.3689629494019], [-107.57031830833738, 24.369162067376166], [-107.57070552639806, 24.36987430397742], [-107.57044143656908, 24.37073849360287], [-107.57119329139664, 24.371529329213946], [-107.57137738578922, 24.37263905128128], [-107.57169616816368, 24.37267422839406], [-107.57214315423954, 24.3732469436463], [-107.57185483303508, 24.373686467701187], [-107.57193061494745, 24.374081603386777], [-107.57248286279288, 24.374315814465426], [-107.57194445092294, 24.37553809796733], [-107.57220432082924, 24.376011302780768], [-107.57175391423075, 24.3761717852453], [-107.57273469423295, 24.37722498423068], [-107.57318240460246, 24.377188720658477], [-107.57361908180914, 24.376350250878716], [-107.57398108535037, 24.376716639400414], [-107.57451616307797, 24.37687471140557], [-107.57499082468156, 24.380741294453095], [-107.57500861454179, 24.3849631004048], [-107.57658836769123, 24.38674638161282], [-107.57704032041522, 24.387560188555025], [-107.57694983698232, 24.38785546307834], [-107.57800077473802, 24.38863279540824], [-107.57799605918595, 24.38942809994155], [-107.57851787727371, 24.38905861604888], [-107.57877450651212, 24.389369469708697], [-107.57994945520248, 24.389447363424132], [-107.58006334521663, 24.389662735880698], [-107.58140305117897, 24.39027751383745], [-107.58149540623474, 24.390844299035585], [-107.58259652683674, 24.39062492189106], [-107.58692512470039, 24.391912204887287], [-107.58874638905962, 24.391971815657197], [-107.59040754923554, 24.392619217284917], [-107.59122188585675, 24.393168862483716], [-107.59150437840064, 24.39397835216688], [-107.59024561601531, 24.393245276176042], [-107.58967247104817, 24.3933983654581], [-107.58922520551118, 24.393203027862537], [-107.58853877794144, 24.39342730482038], [-107.58802729836148, 24.393151866702723], [-107.58715558271001, 24.393240805194278], [-107.58670775620456, 24.393785768233847], [-107.58666938850253, 24.394462242317566], [-107.58611647256028, 24.394712883997922], [-107.58613993064903, 24.39599247440949], [-107.58554895033315, 24.39619898799832], [-107.58559951040041, 24.396408875264367], [-107.58643133264546, 24.396418735027307], [-107.58732067416558, 24.396159760151537], [-107.58755445764146, 24.395859648913], [-107.58771172009133, 24.394619950247296], [-107.58793984176013, 24.394553962241616], [-107.58890244841898, 24.394957792955363], [-107.58902810055113, 24.395237435987184], [-107.59007456965813, 24.39540580562196], [-107.59218725383369, 24.39645380680659], [-107.592742214204, 24.39655892711155], [-107.59308560698206, 24.396008570472564], [-107.5935182197723, 24.395996384277517], [-107.59429356167877, 24.396422503684146], [-107.59647935562803, 24.396962928867154], [-107.5973127427263, 24.397421457814712], [-107.59949918215786, 24.39773735854791], [-107.59973522062393, 24.398058074764847], [-107.60065865186377, 24.398328774685535], [-107.60211939159534, 24.398351431610045], [-107.60353336452772, 24.399907991778985], [-107.60714897818481, 24.40035678977638], [-107.60779849811198, 24.401255435371034], [-107.61050214911357, 24.399835705359664], [-107.61503765056536, 24.398735341268527], [-107.62036454073201, 24.398585897494428], [-107.62351738786272, 24.399228573888376], [-107.62486543925424, 24.399854740875224], [-107.62869575722458, 24.40298817438606], [-107.63082180477383, 24.40541564103857], [-107.63223199395124, 24.40651825567398], [-107.6337686036666, 24.408182215307022], [-107.63735010037657, 24.413373397212464], [-107.63826650034272, 24.41605583887335], [-107.63869348727899, 24.418152205059016], [-107.63868939664215, 24.419334330207963], [-107.63989860109866, 24.422171641062867], [-107.64002880014979, 24.423038599455193], [-107.64193173700119, 24.42436890284934], [-107.6426407389199, 24.425600652036056], [-107.64424324592349, 24.427029296123354], [-107.64559414881975, 24.42764803279041], [-107.64780773093456, 24.426737680090433], [-107.64930803145859, 24.42664215103884], [-107.6500184620632, 24.4269401392434], [-107.65379350849098, 24.426491866132135], [-107.65470721472808, 24.426657310277918], [-107.65486723842976, 24.42695061423441], [-107.655853106299, 24.426950017379045], [-107.65689018930044, 24.42752639889387], [-107.66037800424864, 24.428057291640616], [-107.66071051713536, 24.428490820985104], [-107.66112511396469, 24.428485916843513], [-107.66230292001481, 24.429055007727236], [-107.66377350760206, 24.43039978281639], [-107.66481666206352, 24.430765860980298], [-107.66569633413772, 24.431667326109732], [-107.6673335866553, 24.432624672177443], [-107.66776075085913, 24.433092334451146], [-107.66783595179646, 24.43393872646341], [-107.6691272433963, 24.43431949971546], [-107.67027146718775, 24.435271181952356], [-107.67264897849913, 24.435582589699937], [-107.67512729632617, 24.436961955747016], [-107.67565610443685, 24.437547198668266], [-107.67568947984385, 24.438262987431372], [-107.67640808109613, 24.4388185943596], [-107.67655492613966, 24.43947267159585], [-107.6802250373613, 24.43972523781188], [-107.68191361070929, 24.44050956093308], [-107.68219192898974, 24.440965494608886], [-107.6819368170148, 24.441359251814085], [-107.68344796378224, 24.442139546553708], [-107.68396049645948, 24.44306173924995], [-107.68391322537762, 24.443415987482513], [-107.68459203841886, 24.44430656879963], [-107.68372178432568, 24.44484497203597], [-107.68377934639214, 24.44509946246626], [-107.68440020890291, 24.445224544806983], [-107.6854721232505, 24.44484731909101], [-107.68687149054114, 24.446011624360633], [-107.68687713679407, 24.446400752887502], [-107.68826591328414, 24.446696034329587], [-107.68980114112509, 24.44860531080439], [-107.69049139275333, 24.448803165249466], [-107.69155254289856, 24.449882702683237], [-107.69188394405865, 24.450624217718808], [-107.69233151683358, 24.4506950422749], [-107.6942707872259, 24.45221738708703], [-107.6961472422013, 24.45434019214285], [-107.69690358867084, 24.454577420701526], [-107.69737637243253, 24.455218491711197], [-107.69814767378345, 24.45530023273634], [-107.69897235251763, 24.45592784746655], [-107.70016461661015, 24.456054591802033], [-107.70260133588371, 24.457286160688096], [-107.70532794259144, 24.460117146246482], [-107.7092350682147, 24.46105480816304], [-107.71114937986319, 24.4612735791242], [-107.71157224952223, 24.461528654201373], [-107.71466661631348, 24.46178827471258], [-107.71567313538294, 24.46225253478692], [-107.71598046353787, 24.46271503814701], [-107.71732386698436, 24.46331649112856], [-107.71890388912678, 24.463273734870455], [-107.72400833030261, 24.464318390682873], [-107.72530646013604, 24.464753442828638], [-107.72602843514937, 24.465327822323196], [-107.72583754236918, 24.46567034485116], [-107.72642416676146, 24.46577437407423], [-107.72849647024331, 24.467508740629786], [-107.72962236426159, 24.468906776143175], [-107.73059757911156, 24.470574970247238], [-107.73099298932742, 24.47197187566841], [-107.73130567599856, 24.472195454654884], [-107.73117309286941, 24.47257990563939], [-107.73189819113836, 24.473053910054457], [-107.73228531662875, 24.474307689496598], [-107.73345005369617, 24.47556649670073], [-107.73358793061938, 24.4761514154601], [-107.73422629214352, 24.47695649489975], [-107.7355213753012, 24.478208148398924], [-107.73704418257638, 24.478648563120583], [-107.73764007039931, 24.479177412614185], [-107.73792707931914, 24.480141671681213], [-107.7398327092742, 24.48042706804354], [-107.74084322480397, 24.480824203823452], [-107.74149415941586, 24.481724537993188], [-107.74335822812992, 24.481776636459816], [-107.7437389417126, 24.482247286321382], [-107.74419147907278, 24.48242053253267], [-107.74548162962851, 24.48271704137238], [-107.74610613160036, 24.482638825580345], [-107.74658562571562, 24.48333211855419], [-107.74755861382813, 24.482961016889725], [-107.74793688441282, 24.483078295516957], [-107.74793413005196, 24.483431749618724], [-107.74834556852787, 24.48363438456158], [-107.7491265358287, 24.483792086854102], [-107.75022001231088, 24.483442653368478], [-107.75071175164598, 24.483978116923744], [-107.75190406490017, 24.484333658800324], [-107.75269831726546, 24.484142479295226], [-107.75601345567848, 24.484688491165453], [-107.75710447840511, 24.48518433378321], [-107.76339714829386, 24.48706068516841], [-107.7684040298417, 24.489074973957297], [-107.76880957823586, 24.48948300641826], [-107.7691898059407, 24.490402500319643], [-107.77110978823909, 24.491809481755958], [-107.77629817047196, 24.496370296867678], [-107.77864170547733, 24.49923070601189], [-107.78040735757577, 24.502388246607822], [-107.78260134501987, 24.507452853484327], [-107.7851733001645, 24.5116603946001], [-107.78593077589812, 24.512281549041408], [-107.7893717029459, 24.51399444360017], [-107.79066733447581, 24.514282508229694], [-107.79147282609445, 24.51354161673148], [-107.792745101267, 24.51301185394149], [-107.79434738800231, 24.512772053776708], [-107.7951114126597, 24.51239018028233], [-107.79667896688682, 24.510818629975894], [-107.79949788606672, 24.506602098472005], [-107.80159838182644, 24.503886434424384], [-107.80395376652224, 24.4997261954457], [-107.80500892877927, 24.499181279984054], [-107.80569250689783, 24.499412124568064], [-107.80605114498121, 24.499816143747726], [-107.80617235127663, 24.500456193054067], [-107.80602570994412, 24.50149042500354], [-107.8053285016037, 24.502291342938406], [-107.80424078547999, 24.502898955535137], [-107.80450966130734, 24.50349089471396], [-107.80535151850935, 24.504384969278373], [-107.80550114370864, 24.505129545647677], [-107.80663971346, 24.50645744299695], [-107.80663583478692, 24.50839636393982], [-107.80542594183804, 24.509144742690726], [-107.80456701421248, 24.509951058906182], [-107.80555834537725, 24.511580168191813], [-107.80593907650609, 24.51180230837174], [-107.80615038329613, 24.51168137357007], [-107.80624105523874, 24.512238422179504], [-107.8043117449506, 24.513379833331662], [-107.80136090928781, 24.51459034203895], [-107.80285574459866, 24.514447954046272], [-107.80524683927649, 24.513651353753225], [-107.80620230298312, 24.513547619091604], [-107.80834616937601, 24.513722612508435], [-107.81003163821659, 24.514407536248758], [-107.81032857408759, 24.515290239920493], [-107.81021178986742, 24.516023058793984], [-107.80994899784683, 24.516175994065197], [-107.80956191905061, 24.515786849964332], [-107.80929833007127, 24.515903980400864], [-107.80931204661172, 24.51628575935131], [-107.80965797162767, 24.516701950670296], [-107.81071107647273, 24.5169975052243], [-107.81096730154508, 24.517369989813254], [-107.81024777904231, 24.517287885501204], [-107.80964078831445, 24.517571402429912], [-107.80884185343382, 24.517087249867195], [-107.80827262978482, 24.517895357487635], [-107.80711862862996, 24.518461248854376], [-107.8064860217378, 24.518649715376938], [-107.80567440887178, 24.5182994977191], [-107.80494479926939, 24.51846827559843], [-107.80495617976345, 24.518916529423443], [-107.80540175799025, 24.519348041045415], [-107.80609980725534, 24.519570285109786], [-107.80760541754516, 24.519409299220495], [-107.81411561269704, 24.51757989926029], [-107.81706811612494, 24.516493707458185], [-107.82313285759912, 24.52241917966969], [-107.80047948926735, 24.52602957952399], [-107.61728777011199, 24.417338258854777], [-107.53648601878344, 24.455955569206353], [-107.53965074893681, 24.515610629214002], [-107.5400254497286, 24.517456058907413], [-107.5389999994582, 24.520499999451676], [-107.53745864963527, 24.52208381898357], [-107.53730317930811, 24.523016198957507], [-107.53791347975357, 24.524988309582728], [-107.53773054041459, 24.52593862933812], [-107.53663479859837, 24.526985739782642], [-107.52898544945955, 24.53193687895016], [-107.52841564916501, 24.532750089155517], [-107.52825705998029, 24.533609968965948], [-107.52880691931766, 24.53472584918583], [-107.53079842954614, 24.537585539000876], [-107.53362732038252, 24.539821739280256], [-107.53351162871942, 24.572287259005883], [-107.52400246046837, 24.5721463192245], [-107.52367585003857, 24.57231164972564], [-107.52368027967286, 24.590159019101474], [-107.51383202037702, 24.59012065890373], [-107.51375111992061, 24.617799778996865], [-107.51255087947169, 24.619509119724075], [-107.50365427861398, 24.67177062972304], [-107.46630044905125, 24.672148199835256], [-107.46897014793802, 24.683402829380064], [-107.4617209396296, 24.683416339342006], [-107.46121088895386, 24.6919927198926], [-107.4611663475852, 24.6975866501179], [-107.45287662867494, 24.697518600450035], [-107.45296518049433, 24.710184579481513], [-107.46128672047942, 24.71155479931765], [-107.46130481858488, 24.71170897036297], [-107.46705568047551, 24.712763489284228], [-107.46752805025488, 24.712303850146014], [-107.46768092025904, 24.711570019249127], [-107.46749136760369, 24.71120351975111], [-107.47137225894724, 24.71111331947981], [-107.47125701873986, 24.71307577923116], [-107.47346708793049, 24.713464680555386], [-107.47348721908993, 24.713695110405087], [-107.47402093867518, 24.71373815024727], [-107.47404517926381, 24.729176879712444], [-107.47428555041287, 24.737629338977776], [-107.47399956824128, 24.744557289839126], [-107.47704172020917, 24.74469722000879], [-107.47736116803783, 24.75032813960289], [-107.47755041948375, 24.750599749864175], [-107.4777629782645, 24.75286740050271], [-107.48233559894469, 24.755445569244397], [-107.48796013998259, 24.75998719965454], [-107.48797917798778, 24.760196819758157], [-107.49004850757154, 24.761635279081403], [-107.5046322469037, 24.767580630211754], [-107.50518099707473, 24.768354580004843], [-107.50542130813831, 24.77088537926956], [-107.50592421820633, 24.771530570706588], [-107.50644947764617, 24.771814489477165], [-107.50847993754648, 24.771758459649618], [-107.50848068795034, 24.770028650190685], [-107.51235616028129, 24.769762951200185], [-107.51233127984278, 24.7614704618235], [-107.51320847634848, 24.761472829531765], [-107.51331597656309, 24.771323318819444], [-107.51726354842462, 24.770931725289948], [-107.51738185941794, 24.772274250313465], [-107.54002914019557, 24.77032347958073], [-107.54269077992764, 24.77834550949538], [-107.54520838039207, 24.784662889816087], [-107.54896725865558, 24.782945479619762], [-107.54931848858583, 24.785116739177077], [-107.54999057920747, 24.78531967970389], [-107.55130999880413, 24.789511449742044], [-107.55258877939441, 24.789546690287395], [-107.55318345038897, 24.795476999710928], [-107.55290804917333, 24.797384579207158], [-107.5522465705081, 24.7992267204136], [-107.55346588829396, 24.801632850541008], [-107.5623742801517, 24.799110850638254], [-107.56246033930339, 24.804615348947102], [-107.56595893944004, 24.80319294061484], [-107.58558415027224, 24.801199849824027], [-107.5842499102172, 24.809139430513923], [-107.59798904868384, 24.809966550690014], [-107.59689685896615, 24.815584398903678], [-107.5853538788961, 24.81456282971204], [-107.58528728835446, 24.822508059132677], [-107.59767748816256, 24.822603689557553], [-107.59874632002222, 24.83142656893259], [-107.61252165892152, 24.83160788021076], [-107.60993634912273, 24.855572779668137], [-107.64853910958013, 24.871583919685925], [-107.64734286025907, 24.87355599963128], [-107.68263274043917, 24.88967616923264], [-107.7133854293559, 24.909250489421442], [-107.72303013981734, 24.91602976899296], [-107.71985256986625, 24.919527059444114], [-107.72528542996072, 24.923388219136655], [-107.72480075004671, 24.925254739243293], [-107.72303020032317, 24.92756581931394], [-107.70140577934941, 24.92248670961205], [-107.70005557995218, 24.925560148862733], [-107.69792846040347, 24.926243879091217], [-107.69642510871589, 24.92666359910821], [-107.69463652025394, 24.925790919691625], [-107.69381807857857, 24.92566422942309], [-107.69302887989647, 24.92592608926582], [-107.6914930797904, 24.925532569497083], [-107.68882133909098, 24.928281689378046], [-107.68513153956583, 24.92544793890648], [-107.6816713193675, 24.928947279448316], [-107.68139454030214, 24.92881221922123], [-107.67031527940397, 24.93122021905998], [-107.66687031888995, 24.931097969327382], [-107.66447628027574, 24.931350849597077], [-107.66262355022482, 24.92918994899338], [-107.66186559997793, 24.928773109728738], [-107.65846697017506, 24.927631339508913], [-107.65694387995559, 24.92871581908322], [-107.65683379870484, 24.927568449775617], [-107.64802596923884, 24.93705611963136], [-107.65271841962385, 24.940735629174384], [-107.65186359909053, 24.94152301951491], [-107.65135310906246, 24.94164514964728], [-107.64928770904996, 24.94056137968102], [-107.64856844881551, 24.94059314891961], [-107.64760723029237, 24.93927750898753], [-107.64646581993259, 24.93886514898023], [-107.64476139857803, 24.9430489995071], [-107.64239124930032, 24.94557744957241], [-107.64247676889681, 24.9475591797009], [-107.64347461905506, 24.9480057494668], [-107.64313807979694, 24.952318059635324], [-107.64197057912777, 24.954425539684227], [-107.64180170929495, 24.95796328896304], [-107.64092240040037, 24.958914369578604], [-107.63955977999842, 24.95904151922173], [-107.63937817020292, 24.95981194950818], [-107.63952380031225, 24.9609443090731], [-107.6392695987543, 24.96131608891245], [-107.63761959957829, 24.961139919718363], [-107.6369358891545, 24.961331949123615], [-107.63679493954338, 24.961549229460065], [-107.63690879951345, 24.962471568965608], [-107.63642000021382, 24.962842179708733], [-107.63505376922247, 24.963012629025208], [-107.62693129048004, 24.966464199320814], [-107.62313389015534, 24.974226399516095], [-107.62287680014383, 24.974427769715096], [-107.61904590975703, 24.97425590929232], [-107.61732202867425, 24.971738108942336], [-107.61583773946512, 24.970645738926137], [-107.61220644970354, 24.971886478864334], [-107.61174956929027, 24.972502078997582], [-107.61049437026577, 24.973261538997953], [-107.60752268973327, 24.971971879612248], [-107.60430164854995, 24.972168278975065], [-107.60236767857424, 24.97245571904424], [-107.6014190904117, 24.972871619292498], [-107.60024148985124, 24.972931619289547], [-107.5990429792723, 24.973619049419167], [-107.59828195043961, 24.97444733898867], [-107.59529487939808, 24.97530353912575], [-107.59368707867685, 24.975367709444303], [-107.58917991958124, 24.977692419230024], [-107.58872545964364, 24.978234549617], [-107.58787329015318, 24.980760318844883], [-107.58799242049477, 24.981629979203102], [-107.58623079976205, 24.984458718982527], [-107.58317491001887, 24.98590148939425], [-107.57982287956993, 24.98648808890851], [-107.57962671975707, 24.987902518968657], [-107.5849294903527, 24.98997814950857], [-107.58470125990596, 24.990314289576375], [-107.5854156486816, 24.99141721891273], [-107.58798625902337, 24.994300399144105], [-107.596646180059, 24.99270067962107], [-107.59318073955332, 24.99983050951701], [-107.59094131944043, 25.00244721958257], [-107.5902569701085, 25.007260079091836], [-107.58808577861427, 25.017526149713603], [-107.59154309027777, 25.03848279937087], [-107.55780936967648, 25.070298599258578], [-107.53983111870261, 25.07497444965605], [-107.52750017915108, 25.079095979162968], [-107.52533533887657, 25.084681459544292], [-107.52364137897175, 25.087467949285884], [-107.5236751700857, 25.090577739050676], [-107.5255861993622, 25.095977308876837], [-107.52580154036725, 25.099055979574977], [-107.52995428013293, 25.11571679898711], [-107.5249433705014, 25.120383969641473], [-107.49196194881425, 25.12175599949641], [-107.47218807993819, 25.121287649681232], [-107.46701950902087, 25.122314799053502], [-107.45352136925595, 25.116034169383635], [-107.45006633989847, 25.109662579161434], [-107.44899862020424, 25.108868248916625], [-107.44246622014718, 25.105115179603622], [-107.43886522933653, 25.102242108980132], [-107.4314911787223, 25.097726279254502], [-107.41095186024641, 25.088606569301522], [-107.40684937965587, 25.084055658883262], [-107.38250968924713, 25.076946199631713], [-107.35755370995034, 25.066965378927772], [-107.3569666901225, 25.096535420013907], [-107.35660295013645, 25.096886449496576], [-107.35562522005706, 25.096021949539775], [-107.35443970893692, 25.096099448886232], [-107.35566704888008, 25.09843125065729], [-107.35525253931958, 25.098719879945655], [-107.35551338014952, 25.099740198846387], [-107.3551215700524, 25.10033989050236], [-107.35595677048876, 25.10152254918266], [-107.35385254879807, 25.102269050509868], [-107.3529237996706, 25.100729048883025], [-107.35224099859511, 25.100288579772254], [-107.3516589403934, 25.10095221946866], [-107.35244156896528, 25.101332430267057], [-107.35149351880558, 25.103202320504135], [-107.35076151886743, 25.100643768868682], [-107.34978385972083, 25.103136920246158], [-107.34827550952477, 25.101414279303196], [-107.34962611954127, 25.10015177994286], [-107.3499750594416, 25.099300060509382], [-107.34816749035348, 25.10004176991844], [-107.34665061979176, 25.1001898890438], [-107.34673602850039, 25.098514199055966], [-107.34735599889946, 25.097597279214316], [-107.34673651906321, 25.095797339778922], [-107.34558634939104, 25.098101399279095], [-107.34509642997595, 25.097847399587973], [-107.3451277988598, 25.09686079976571], [-107.34342553911313, 25.092027149965865], [-107.34073968894592, 25.094543179039867], [-107.3407126192238, 25.097065199219394], [-107.33786708918005, 25.09674306014137], [-107.33948150902174, 25.098239169439186], [-107.33543334910377, 25.09878117913319], [-107.33457580027006, 25.097922028965225], [-107.3331125395798, 25.09749887976993], [-107.3332733193492, 25.09562161972565], [-107.33222930999867, 25.095930578955205], [-107.3320814189277, 25.097004939164243], [-107.33238761915536, 25.09811599987985], [-107.3334678901788, 25.098864370091132], [-107.33317037943101, 25.101046649590792], [-107.33231265906679, 25.10153848001347], [-107.33038970857739, 25.101568549207006], [-107.32982001944735, 25.10133131021124], [-107.32945857949817, 25.100449308899286], [-107.32891664920471, 25.101347940507367], [-107.33005705911623, 25.102307889128138], [-107.33032991946412, 25.10454276973776], [-107.3287006604772, 25.107494249283782], [-107.32816564861454, 25.110506120500656], [-107.3275748295234, 25.110862029299454], [-107.32663699882323, 25.110195279791753], [-107.32605350892538, 25.110661579965363], [-107.32691450922032, 25.112046120662423], [-107.32816928887284, 25.111962230422986], [-107.32636634022973, 25.113804109974133], [-107.32786638044772, 25.114573479412517], [-107.34329804944139, 25.126013429702997], [-107.34926380046844, 25.14422362919357], [-107.34803726040249, 25.159616708895047], [-107.34254028964037, 25.163013649472454], [-107.33809118012866, 25.17394830882366], [-107.34606139854682, 25.165011369170074], [-107.35904885040601, 25.165899289096522], [-107.3530526795002, 25.173472979106062], [-107.3638858892623, 25.172764219128467], [-107.37715450897893, 25.182653379015978], [-107.37474681958497, 25.18640611922648], [-107.38654665976368, 25.197123569199622], [-107.36977421919137, 25.212079889281732], [-107.34608912047085, 25.213918768834027], [-107.3312067789823, 25.214400709730775], [-107.32418151020956, 25.19480774933959], [-107.31157481927654, 25.174950289232978], [-107.3249300792782, 25.163953059493323], [-107.31805304987832, 25.166726479539342], [-107.23403307969352, 25.153055949666257], [-107.25565228951558, 25.230123689400656], [-107.2758279091145, 25.275980579207605], [-107.20413861975833, 25.275977169316665]]]}}, {"type": "Feature", "properties": {"CVEGEO": "25007", "CVE_ENT": "25", "NOMGEO": "Sinaloa", "CVE_MUN": "007", "NOMMUN": "Choix", "cov_": 1901, "cov_id": 1902}, "geometry": {"type": "Polygon", "coordinates": [[[-108.47551446009317, 27.03994519880323], [-108.47399280024018, 27.03698265933059], [-108.4729332202204, 27.032754599622173], [-108.47193875027257, 27.03059862888454], [-108.47131323006552, 27.030495139284767], [-108.470427000482, 27.03074825888661], [-108.4699415704094, 27.03128294939554], [-108.4703951997218, 27.03421825920225], [-108.46952887974847, 27.03587399890212], [-108.46768068001575, 27.037340649193478], [-108.46694748966488, 27.03872182944377], [-108.46550567964252, 27.03991411955519], [-108.46430897003025, 27.040099908956087], [-108.46398023049439, 27.03988737951562], [-108.46358962972374, 27.03896244883267], [-108.46289877009356, 27.038850659286442], [-108.46183034034824, 27.037339348970892], [-108.45938127974779, 27.035209089190094], [-108.4589525096565, 27.034619649331876], [-108.45840894993515, 27.032273019130916], [-108.4582740298654, 27.029667198935005], [-108.45778305031129, 27.028944749614695], [-108.45479106014709, 27.02703585965834], [-108.45365434959383, 27.026970619069964], [-108.45308456996264, 27.027156549323898], [-108.45189239981538, 27.02818782933884], [-108.45078893967292, 27.028022549627984], [-108.4480669198278, 27.02917991917276], [-108.4431016002702, 27.02949805893063], [-108.44145769020213, 27.028607619266076], [-108.4402261704915, 27.028262939030245], [-108.43717694032394, 27.02666330920843], [-108.4357337696293, 27.026257679405848], [-108.43353049035235, 27.0264658188772], [-108.42524341987583, 27.023955348977548], [-108.42340211963517, 27.022286029647223], [-108.41945105959573, 27.020482519480886], [-108.41671159998884, 27.020068079048844], [-108.41635943046059, 27.020554109213958], [-108.41550850982772, 27.020767978886706], [-108.41488934042333, 27.020712338898704], [-108.4137274597329, 27.020158419427517], [-108.41114346000428, 27.017780768881885], [-108.4099283699852, 27.01607507945728], [-108.40965237956038, 27.014992999181214], [-108.40983103019973, 27.014227339295825], [-108.40964045005987, 27.01340494958227], [-108.37163739975557, 27.023011829373775], [-108.35010994002675, 27.022554428794464], [-108.34764688017101, 27.0183601991776], [-108.34661171995513, 27.01729361894241], [-108.34556249010795, 27.016724399228373], [-108.34398785040969, 27.015405618943024], [-108.3423475803171, 27.014867489272614], [-108.34099088014861, 27.013670369591942], [-108.33965645958907, 27.011525148927493], [-108.3393715702309, 27.00999613879916], [-108.33853412029652, 27.008959798809368], [-108.33680505994755, 27.007545449001682], [-108.33499960004848, 27.005237349372294], [-108.33390968018956, 27.00467059942119], [-108.33332622047209, 27.004596309129248], [-108.33211962993133, 27.00473907955983], [-108.32996984983701, 27.005611719650343], [-108.32872839969677, 27.006771598918252], [-108.3282154499051, 27.00756476904304], [-108.32761230957298, 27.00773013921664], [-108.3257732895848, 27.006299259252565], [-108.32490734955964, 27.00620648921193], [-108.32372865978928, 27.00733616930616], [-108.32312722983485, 27.00851201911346], [-108.32202601967366, 27.00893654914152], [-108.32239811017827, 27.011756019435662], [-108.32224525040048, 27.014458719163066], [-108.32261395047271, 27.015280709123218], [-108.32471555013947, 27.016781749357044], [-108.32524164995884, 27.01755650942727], [-108.32574215026328, 27.018707289082393], [-108.32598137006151, 27.020492948811167], [-108.32535357048667, 27.02162182930117], [-108.32451545957582, 27.0225395096869], [-108.32409788965852, 27.023879599227836], [-108.32305107997922, 27.025526048908766], [-108.32271355006657, 27.027665018973302], [-108.32077516990337, 27.02973567944672], [-108.3198577400361, 27.030347919143523], [-108.31867742008151, 27.030678539052467], [-108.31828475043027, 27.031266549566038], [-108.31812991965214, 27.032864749084734], [-108.31747590963181, 27.034111118910683], [-108.31655805043458, 27.03448834923793], [-108.31563914038442, 27.034231089164177], [-108.31013025041251, 27.035483819448547], [-108.30742631003916, 27.034852799495958], [-108.30477695040517, 27.035584629401292], [-108.30338766042505, 27.03662034880256], [-108.3016244203314, 27.033262108854448], [-108.29928735033198, 27.032207489185094], [-108.2982348496558, 27.03025831945885], [-108.297525720332, 27.029836179657178], [-108.29502913965369, 27.02725424918511], [-108.2946335400096, 27.025868248806677], [-108.29408203029585, 27.02553990882588], [-108.29313716968998, 27.025376518896568], [-108.29085454029925, 27.025543689624698], [-108.29009450970153, 27.026202569456064], [-108.28891423032978, 27.026579919393445], [-108.28953814993909, 27.022372819373597], [-108.2893100501964, 27.020745949472865], [-108.2900550804403, 27.01997422964735], [-108.29026132042372, 27.01831324895101], [-108.2908112003673, 27.017370859354408], [-108.29020720003834, 27.016716859112538], [-108.29094847960236, 27.01580262899384], [-108.29093227966881, 27.01483030906701], [-108.28979639984011, 27.014466049131823], [-108.28899814012048, 27.013593769094648], [-108.28712789019824, 27.01307177922189], [-108.28601013994916, 27.012470648874192], [-108.2852303204856, 27.01266599938864], [-108.284216540269, 27.01246561957982], [-108.28283245014696, 27.01309314914667], [-108.28160536966621, 27.013165519485366], [-108.28070026043046, 27.0147774888552], [-108.27990351958293, 27.015073679130776], [-108.27879755003214, 27.01616301965088], [-108.27779965992727, 27.016137629317562], [-108.27719788027589, 27.016354768827185], [-108.27670977967934, 27.016685709250474], [-108.27670628005818, 27.017105148966394], [-108.27634117026065, 27.017484369233657], [-108.2755844001586, 27.017605088797527], [-108.27474917035651, 27.01819928902143], [-108.27455891974736, 27.018813709217955], [-108.2739529096289, 27.018898148888788], [-108.27373017007461, 27.01919517953534], [-108.27400907983149, 27.0197001489655], [-108.27350179977259, 27.02095231882439], [-108.27308132039238, 27.021253108979295], [-108.2729283703989, 27.021733019462904], [-108.27313021991584, 27.02249388910306], [-108.27171808026353, 27.023202149008984], [-108.27072385003724, 27.023314829524722], [-108.27021963051855, 27.023682679633872], [-108.27029103040691, 27.024739249545462], [-108.2698790798229, 27.02512059885683], [-108.26831181989536, 27.025520679161126], [-108.26673668023676, 27.02636054911847], [-108.26552086036705, 27.025877578997427], [-108.26425642032412, 27.026775059614568], [-108.26293128952385, 27.026755599553894], [-108.26232480035218, 27.027590539048106], [-108.26287026002142, 27.02815751919577], [-108.26302772030677, 27.028949168919247], [-108.26263349014522, 27.02935274942175], [-108.26219438043034, 27.029440518853818], [-108.26123221966762, 27.02884624924315], [-108.26046288987122, 27.02932456902517], [-108.26044252000192, 27.030047519014005], [-108.26098814990628, 27.03219942928846], [-108.26085457003063, 27.03312879881243], [-108.25983215015907, 27.03389577917408], [-108.25843735046605, 27.033563179063886], [-108.25818904983964, 27.033710119640304], [-108.25857610968491, 27.034487888814603], [-108.25858563003749, 27.035269109668068], [-108.25566865004345, 27.036577488907618], [-108.2544335997094, 27.037633769663007], [-108.25381668006504, 27.038683139634287], [-108.25143132033739, 27.03994404882716], [-108.25087030998661, 27.040912459075734], [-108.25044759948103, 27.04103148886303], [-108.24985385015036, 27.040770949462253], [-108.24947216977195, 27.040253879469773], [-108.24854312045787, 27.039616348953338], [-108.24740788029173, 27.039081379211098], [-108.2461665701903, 27.0388106588735], [-108.24467164995296, 27.039860979522132], [-108.24364319965568, 27.04090916942712], [-108.24294056992905, 27.042047999605042], [-108.24232581991889, 27.042305978933726], [-108.24121869027465, 27.041846049018897], [-108.24012153989325, 27.040103819676286], [-108.2392695500901, 27.039325739128692], [-108.2383201102769, 27.03891361946225], [-108.237299509937, 27.038142369663575], [-108.23652307998567, 27.037197049689873], [-108.23604483022571, 27.035506369327173], [-108.2340731202831, 27.034394459370844], [-108.23214275023162, 27.031602049039005], [-108.22832740023051, 27.029058689375905], [-108.22736099965293, 27.027716089526663], [-108.22585405044686, 27.02722134964812], [-108.22393020016169, 27.02800137923077], [-108.22269854997572, 27.02769090913383], [-108.22113843017996, 27.0277316589051], [-108.22000284968615, 27.02838890889357], [-108.21946574003411, 27.029093718808213], [-108.21589356968353, 27.029666999699952], [-108.2147206296127, 27.03021613903051], [-108.21383649020474, 27.032786889286513], [-108.21332018048108, 27.033570579287957], [-108.21254886020742, 27.03422653916402], [-108.21156620030526, 27.034448889482633], [-108.21114292025081, 27.03425967949775], [-108.21028647979254, 27.033698819581904], [-108.20954781962378, 27.032294399533516], [-108.20767208011945, 27.032330089193668], [-108.20650174022782, 27.032771889411435], [-108.20542727954488, 27.032571689218894], [-108.20440609012537, 27.03183597921246], [-108.20359360009385, 27.03074668949637], [-108.20283617042855, 27.030660089290897], [-108.20187185034153, 27.030855548774465], [-108.20064287993972, 27.032047349305223], [-108.20026899965254, 27.034221968916214], [-108.19948577022635, 27.035172219438085], [-108.19876559977537, 27.035193658870373], [-108.19769670992832, 27.034709999244964], [-108.19714851965774, 27.03366344924172], [-108.19506867958673, 27.032703918889613], [-108.19427439960509, 27.03195334929202], [-108.19464713985089, 27.030701319082794], [-108.19445209050741, 27.028925629510077], [-108.1935167698755, 27.028380849254972], [-108.19331737986006, 27.027574979566257], [-108.19181851989093, 27.025891719254886], [-108.19212610953639, 27.025631139568826], [-108.19323545973646, 27.025322719601874], [-108.19370740047339, 27.02597765966084], [-108.19486185026527, 27.026226799639396], [-108.19443463040683, 27.024237688888125], [-108.19359632044741, 27.022241749364913], [-108.19307617962122, 27.02250679892198], [-108.19254488977869, 27.02246691918537], [-108.19307269013234, 27.021915999032608], [-108.19273088001637, 27.021393219367376], [-108.19224062973448, 27.021330749060542], [-108.19208028968872, 27.02101501891584], [-108.19132118044814, 27.020970978904018], [-108.1907810302918, 27.02051931890168], [-108.19051288042431, 27.019906769575893], [-108.19016057046123, 27.019740849057026], [-108.19026722044754, 27.019519979098067], [-108.18983468988795, 27.01859604926672], [-108.1899783201741, 27.018097139159764], [-108.18971148972153, 27.017780318947626], [-108.18986900022742, 27.016947249041205], [-108.18970612039733, 27.016636549133448], [-108.19000354994327, 27.015889179125303], [-108.18953022988542, 27.015548509045512], [-108.189481019521, 27.014538939498934], [-108.18845016990055, 27.013765749160044], [-108.18733648039806, 27.013438199295564], [-108.18714640036428, 27.01300821931015], [-108.1873592600895, 27.01283091938411], [-108.18675416948633, 27.01216621894331], [-108.18688021998305, 27.011531659098623], [-108.18747670977551, 27.011153599096634], [-108.18728402970477, 27.01027037895643], [-108.1856054899959, 27.009237549668068], [-108.18465187951578, 27.00907253920225], [-108.18430342973413, 27.009094618997175], [-108.18423503007567, 27.009310509004635], [-108.18359691962337, 27.009063618801957], [-108.1839995402136, 27.007886648955846], [-108.18382654959966, 27.007699218802017], [-108.18403098040208, 27.007331429671822], [-108.1839192598718, 27.00668245898377], [-108.18297091996506, 27.00563693924397], [-108.18313857016894, 27.00501491921527], [-108.18154287979726, 27.003195629544596], [-108.1815559096104, 27.002276879282768], [-108.18124217958831, 27.001974919146733], [-108.18149900014653, 27.001234859107655], [-108.18130268983766, 27.00078613947576], [-108.18028259989524, 27.00016065944681], [-108.180351619568, 26.999779879411864], [-108.18189393996566, 26.999459579049592], [-108.18222416972529, 26.998628489042325], [-108.18161574045614, 26.997996318886592], [-108.18193291040126, 26.996580689119703], [-108.1832547502706, 26.996023509261732], [-108.18362425970712, 26.995309889499687], [-108.1821991097348, 26.994759978967124], [-108.18152401953309, 26.994109919110656], [-108.18169527974676, 26.99370476969588], [-108.18244909019774, 26.99302085914083], [-108.18327988957101, 26.993109718910432], [-108.18404215010621, 26.992861059528906], [-108.18503136950424, 26.99287305917515], [-108.185621829962, 26.99334002949187], [-108.1862770604728, 26.993113779637564], [-108.18640304975459, 26.992964449603413], [-108.18613490989104, 26.991746619600825], [-108.18739168952305, 26.99070688939174], [-108.18849632006778, 26.988884179621643], [-108.18850630979632, 26.987723689689272], [-108.1877211195564, 26.987401749202736], [-108.18789331020625, 26.986361118806304], [-108.1881950802946, 26.98623457908977], [-108.18958173965241, 26.98679362939703], [-108.18975870952384, 26.98667282886201], [-108.18972928994519, 26.985592719496573], [-108.19014674964306, 26.985488708972024], [-108.19085301988025, 26.9858376592659], [-108.19135115000256, 26.985637769185146], [-108.19193691000778, 26.984932939626443], [-108.192854340463, 26.984910819043538], [-108.19412954949998, 26.984236739180776], [-108.19459217044633, 26.983558139520795], [-108.19705004986844, 26.983795259558697], [-108.19730766014749, 26.98360194901524], [-108.19690725040164, 26.981123569138266], [-108.19796225970406, 26.98116656960186], [-108.19829498001948, 26.980917629104518], [-108.19879230979657, 26.98092727929703], [-108.19943913964094, 26.981358799276443], [-108.1998162301314, 26.981987919389425], [-108.2004746196624, 26.982231629289092], [-108.20126884951723, 26.983024719461266], [-108.20195781973199, 26.98293390966111], [-108.2024897702148, 26.982467058951645], [-108.20307252036623, 26.982386909227063], [-108.20339236999746, 26.982021829469126], [-108.20306353964708, 26.981222339034716], [-108.20351466026831, 26.98102067902584], [-108.20418288021001, 26.98113205958524], [-108.2047116301819, 26.980293459619745], [-108.20606962978957, 26.98101981948371], [-108.20742425018597, 26.980841649190783], [-108.2079724804069, 26.981064569440235], [-108.20768159997951, 26.981815429167156], [-108.20698214952414, 26.982170479177128], [-108.20683030989703, 26.982574059214432], [-108.20685384985144, 26.98290104936911], [-108.2073781203288, 26.983110919416493], [-108.2078000501711, 26.982975948934296], [-108.20833470994133, 26.982123369414047], [-108.20892685991444, 26.981630078808532], [-108.20905212028141, 26.980457489646827], [-108.210250799619, 26.980527888889803], [-108.2108514198783, 26.98038190911708], [-108.21102005995128, 26.9799767492773], [-108.21066883042123, 26.978445318786978], [-108.2108884598545, 26.977990399170775], [-108.21131516989706, 26.977757399570347], [-108.21241422971272, 26.977998768801257], [-108.2138335098228, 26.977312139369655], [-108.21582782976118, 26.97768290920046], [-108.21629248019077, 26.97704134962795], [-108.21622708975598, 26.97656204918786], [-108.21525993985246, 26.975779629459005], [-108.21511574016309, 26.974092909080387], [-108.21638688961939, 26.973571139027204], [-108.2157340500822, 26.972624629325257], [-108.21608988968009, 26.971483719258483], [-108.21532924951717, 26.970398779053834], [-108.21602842983677, 26.970396879271394], [-108.2169651095489, 26.970872938856573], [-108.2179426296337, 26.971007909127287], [-108.21816893961791, 26.97115611887784], [-108.2183527397377, 26.971849978803554], [-108.21897520040382, 26.97190428946023], [-108.21857978009416, 26.970461629197008], [-108.21896312041083, 26.969621458846515], [-108.2189293995401, 26.968845228832908], [-108.21815978048954, 26.967392449641626], [-108.21849712024624, 26.96697270918165], [-108.21815094990058, 26.96570348897979], [-108.2183735701347, 26.964786999436946], [-108.22026036988466, 26.964660278863732], [-108.22035222009319, 26.96483944935237], [-108.22065850955364, 26.964610939393044], [-108.22200750967623, 26.964538148850938], [-108.22231973982551, 26.96411990888519], [-108.22281627990105, 26.96419599895291], [-108.22301522974897, 26.96382648927608], [-108.22372758001049, 26.963865819273696], [-108.22396969045505, 26.964077459626846], [-108.22418577991255, 26.963661939099723], [-108.22491705953415, 26.963463319020047], [-108.22568632017183, 26.96372021904175], [-108.22629970978961, 26.963644199448293], [-108.2264377095625, 26.96336762961031], [-108.22702431990024, 26.963336378903843], [-108.22838477974395, 26.962356879072612], [-108.2293582796737, 26.962359999167827], [-108.2303169099577, 26.96185988886901], [-108.2306920901531, 26.96101622929258], [-108.23205648965451, 26.96108373938405], [-108.23246896959787, 26.960722999292212], [-108.23253531985726, 26.960323549223137], [-108.23328880042477, 26.960243019436263], [-108.2336447699602, 26.959333049311272], [-108.23501570987202, 26.958619849397206], [-108.23479025025688, 26.957612089143606], [-108.23514094961384, 26.957044949578428], [-108.23521045033269, 26.956398429167088], [-108.23497891003214, 26.95396574920238], [-108.23549320012286, 26.953472348822224], [-108.23514780023653, 26.95314827934244], [-108.23462801980465, 26.953112309503933], [-108.23356604968994, 26.951532598845315], [-108.23212577009924, 26.95051125897375], [-108.23130445990229, 26.94895857913682], [-108.23050650953878, 26.94796481947559], [-108.23048534974299, 26.945973679583645], [-108.23073868016424, 26.94556614896324], [-108.2310290500856, 26.943477429537012], [-108.23030352028987, 26.94275725896656], [-108.22939879960559, 26.942885369117725], [-108.2292548501141, 26.94266537947079], [-108.2293389798453, 26.941453579553436], [-108.23063714014513, 26.94119171944077], [-108.2313933498873, 26.94070754887288], [-108.23104108046073, 26.940309749346174], [-108.22958096992946, 26.939800718958086], [-108.22889425970331, 26.939138138942496], [-108.22877468970633, 26.93856657890942], [-108.22901572041535, 26.938015319137545], [-108.230419829612, 26.93696424891449], [-108.23101629009362, 26.932804548930903], [-108.23026527992096, 26.931444658823338], [-108.22937700030661, 26.93062056953547], [-108.22803938046602, 26.93057416945701], [-108.22682044957092, 26.930051429412607], [-108.22625105957351, 26.9295335794249], [-108.22599845967633, 26.927932119563508], [-108.22536474005554, 26.926286218888777], [-108.22550033977514, 26.92402961917305], [-108.22502092009309, 26.922876949382225], [-108.22514019983007, 26.922091429460025], [-108.22653998042914, 26.92129622951147], [-108.22780150991755, 26.918028399473346], [-108.22777919949388, 26.916291948926585], [-108.22734431954134, 26.914397539291123], [-108.22865988004082, 26.912825919679587], [-108.22878666014333, 26.911912939533913], [-108.22853341966804, 26.910312319671885], [-108.22885318019632, 26.909394738990386], [-108.2298885698924, 26.907779889264884], [-108.23032428997877, 26.90645605906448], [-108.23023691012456, 26.905724579310483], [-108.22690225028543, 26.902335509551587], [-108.22391643040763, 26.900342889384554], [-108.22067444986983, 26.897801248807003], [-108.21851250969497, 26.89522037925785], [-108.21715943006673, 26.8926554288122], [-108.21621226028881, 26.890038029226005], [-108.21444157025437, 26.888008749342106], [-108.21232948980534, 26.886154018811308], [-108.20971749002972, 26.885437649134776], [-108.20620857967857, 26.885549579668186], [-108.20352659949543, 26.88767217900586], [-108.20277960018582, 26.89061870932348], [-108.2037100303298, 26.893900629100617], [-108.20627487987804, 26.89926968927623], [-108.2071336002577, 26.902731488835954], [-108.20796369019001, 26.904621399576946], [-108.20739017960538, 26.90600007912555], [-108.20589832016324, 26.906333169609145], [-108.20422811049619, 26.905695739005886], [-108.20235982986027, 26.90379121961353], [-108.20054589020742, 26.90351350882916], [-108.19766698018313, 26.902670739037575], [-108.19419487971531, 26.898552649292025], [-108.19173402002093, 26.897174148856777], [-108.19008051025044, 26.89587213933555], [-108.18825025030361, 26.896258749375853], [-108.18707897951938, 26.897262799038913], [-108.18566948035193, 26.89971253960082], [-108.1839155702481, 26.899737999131276], [-108.18172892013064, 26.898183509031146], [-108.18109551017392, 26.896539139317174], [-108.18087018014347, 26.893498279505874], [-108.18020848979388, 26.890282049509132], [-108.17922364960847, 26.88782170887775], [-108.17870848003315, 26.88452321885397], [-108.17758443037675, 26.882200448934192], [-108.17670545026336, 26.881441339278723], [-108.17454862982146, 26.881464829572074], [-108.1725155496667, 26.88249022882189], [-108.17143862033521, 26.883934568867364], [-108.17094291969177, 26.88592357902535], [-108.17097242034168, 26.887723228881175], [-108.17177465972337, 26.891337429480462], [-108.17174977050945, 26.89233639947333], [-108.16855839955137, 26.895070949208904], [-108.16705193986621, 26.895840309054943], [-108.16586107988641, 26.895883019566302], [-108.16423092044255, 26.895650379512574], [-108.16223748038013, 26.895077279329676], [-108.15986576986643, 26.894763049249498], [-108.1574823998909, 26.894914949618805], [-108.15591325957897, 26.895216509686346], [-108.15317410965265, 26.897693279663773], [-108.1483148003761, 26.907589798949964], [-108.14754805011317, 26.908507138978567], [-108.14649565992006, 26.908952259079904], [-108.14538235034095, 26.908863119422634], [-108.14310154970828, 26.907884138964235], [-108.14172114035021, 26.906590179603594], [-108.14151661970139, 26.9058531191244], [-108.1414943096416, 26.90378710893547], [-108.14230526014317, 26.900039518837985], [-108.14200096956257, 26.897757229448754], [-108.14112831034242, 26.896877049548873], [-108.1399545698773, 26.896233999187945], [-108.1396004603675, 26.895479489503327], [-108.14424735015866, 26.8676493194033], [-108.09410724995793, 26.870463679203375], [-108.0845568894928, 26.861338278897534], [-108.03683121980993, 26.810075229544548], [-108.02682084994932, 26.79846636955488], [-108.03764905003614, 26.769780799270514], [-108.01426422957506, 26.773152939152475], [-108.00570073963014, 26.761048798955052], [-108.01372171989328, 26.75031253957562], [-108.01452502009398, 26.744319369284593], [-108.01461569005457, 26.7404564591545], [-108.0152418497921, 26.73705402945652], [-108.01661425986269, 26.734155029548752], [-108.01881207954763, 26.731781458836423], [-108.01923096979272, 26.73066674892157], [-108.0186601998538, 26.729830289132384], [-108.0163780198851, 26.728697488953586], [-108.01499032016494, 26.7276885491619], [-108.01252988026825, 26.72677105916571], [-108.01085114985261, 26.72565001962305], [-108.00880237967691, 26.723311859018253], [-108.00754088975852, 26.718815969361824], [-108.00671004961498, 26.71478257888134], [-108.00702041957838, 26.712422218964896], [-108.00680954966649, 26.71018967953063], [-108.00764848006224, 26.708007399225327], [-108.0067854901143, 26.70553133949684], [-108.00748356954827, 26.705349509501715], [-108.00854760005346, 26.703733968890976], [-108.00896886048432, 26.70158071966254], [-108.0080232799564, 26.700363829035954], [-108.00789663041878, 26.69933045924746], [-108.00997820001616, 26.69663190917685], [-108.0103438499327, 26.695385279080366], [-108.0109769400992, 26.69431125950742], [-108.01171602994235, 26.693609089160052], [-108.01153948023409, 26.693197889223], [-108.01179477993955, 26.69284671914609], [-108.01132369048483, 26.69174905918918], [-108.01174663030656, 26.689482428944082], [-108.01279453994665, 26.688850089655645], [-108.0133137196933, 26.688907829640957], [-108.01376208986667, 26.688676199115978], [-108.01400082008396, 26.688197198884723], [-108.01365359989572, 26.68778688905027], [-108.01466652029994, 26.687765889566837], [-108.01491677029983, 26.68759327923552], [-108.01498188046898, 26.687144148940686], [-108.01427564955165, 26.686043629675723], [-108.01462786043454, 26.685714518813775], [-108.01534594987979, 26.685729629285188], [-108.01628405041738, 26.685446678924148], [-108.01656131993687, 26.68520717903493], [-108.01659280032865, 26.684634109362293], [-108.01795354999969, 26.68396162899771], [-108.01943263047664, 26.68354399916697], [-108.02052987989252, 26.68219291881964], [-108.02090464981951, 26.680948259467343], [-108.02184851013513, 26.680346019483288], [-108.02275158023916, 26.680156449372987], [-108.02306619954449, 26.67926831893318], [-108.02366797976272, 26.678585369074092], [-108.0242491702857, 26.678307709626104], [-108.02515748953185, 26.678552309524942], [-108.02545878037222, 26.678360108938783], [-108.0260988303681, 26.67714541962145], [-108.02658427990737, 26.67523190891308], [-108.02750410953246, 26.674983688920587], [-108.02791059983699, 26.6746789795195], [-108.02848017968711, 26.673527169550773], [-108.02884314001494, 26.673442538999105], [-108.02960137961163, 26.67402651936177], [-108.03032497994292, 26.6742617389898], [-108.03054777965087, 26.674018229458586], [-108.03036948989943, 26.671517658926025], [-108.0306064796377, 26.670512649560486], [-108.03181272022432, 26.669327398895234], [-108.03172357977994, 26.667981249452797], [-108.0328695402641, 26.667671768798876], [-108.03362794027036, 26.667861509192946], [-108.03388322951872, 26.6681642290862], [-108.03445765016684, 26.66815541968625], [-108.03574736962145, 26.667463919466723], [-108.03649086036368, 26.667558688899156], [-108.03908216955766, 26.66629894930403], [-108.03960196954522, 26.6662524890939], [-108.04095860015093, 26.66692344961112], [-108.04269483019745, 26.66675825892054], [-108.04289825012492, 26.66650921941525], [-108.04290717002462, 26.66581334916509], [-108.04269608978235, 26.66449039940615], [-108.04302732009904, 26.663964749153436], [-108.04313371015724, 26.66323202953817], [-108.04399441952428, 26.662790879436237], [-108.04498155001143, 26.662763828993647], [-108.04514405967547, 26.662187198838364], [-108.0449714003106, 26.661652369147415], [-108.04624885985262, 26.661110139185023], [-108.04653355032613, 26.659794679049014], [-108.04700343028293, 26.65977441888279], [-108.04796774975395, 26.65934097930719], [-108.04863208030692, 26.659508549669848], [-108.04943263029475, 26.65916613924585], [-108.05028440038288, 26.659634059342345], [-108.05061199963829, 26.65937651897633], [-108.05086006006663, 26.658714549378246], [-108.05247775034378, 26.658742689574954], [-108.05300811023969, 26.65831891905194], [-108.05313152050401, 26.658048819203003], [-108.05270208050239, 26.657135579619688], [-108.05297529014524, 26.65637874964181], [-108.0536412804871, 26.656384598867827], [-108.05476542024341, 26.656826169590452], [-108.05530712006046, 26.656494399160856], [-108.05595125982224, 26.656467779301998], [-108.05631446011348, 26.655585219188932], [-108.05501881992492, 26.654753919379726], [-108.05546643024773, 26.653080619012428], [-108.05563969041265, 26.652858579131482], [-108.05617040047534, 26.65296679952873], [-108.05627903041635, 26.65189508937828], [-108.05741546006215, 26.651661969579795], [-108.05806794031183, 26.65089961921885], [-108.05852050958764, 26.650746429123995], [-108.05892959981342, 26.650861848945393], [-108.05943305033408, 26.651647448810735], [-108.06019620046871, 26.651573748851614], [-108.06060631995713, 26.6511914789847], [-108.06064663006742, 26.650676878823933], [-108.06118563032364, 26.65018630904236], [-108.06328214024346, 26.64942985882985], [-108.06341279985972, 26.648999659038626], [-108.06436289046206, 26.648380349358813], [-108.06438818013677, 26.647649859591073], [-108.06464627981816, 26.647370508840186], [-108.06520264960255, 26.64747517963725], [-108.06582025037832, 26.648053029144847], [-108.06643232018321, 26.64826264950792], [-108.06705602046945, 26.646934919238706], [-108.07058282044467, 26.647303708849375], [-108.07093898039315, 26.646401459060378], [-108.07129837993146, 26.646050049517104], [-108.07191351045878, 26.64624337965994], [-108.0719835097254, 26.64653811950256], [-108.07279019979437, 26.64718228889076], [-108.07354025021078, 26.646670679151946], [-108.07418651018735, 26.647128718952516], [-108.07464631017578, 26.64629610913011], [-108.07557780041917, 26.64569894888312], [-108.07673819962876, 26.64531844897445], [-108.07711678024332, 26.645432829286573], [-108.07792740004511, 26.646174419175892], [-108.07841953975094, 26.64530113906807], [-108.07966185970275, 26.645310739059447], [-108.08065138004682, 26.644509109346423], [-108.0810214298302, 26.643800229387747], [-108.08128525000338, 26.642316149656875], [-108.08160344954678, 26.64199382954577], [-108.08093963042658, 26.641163338940185], [-108.07920000009865, 26.640503739196284], [-108.07734174040586, 26.63920237904193], [-108.07700502042225, 26.638847888829055], [-108.0768401098346, 26.638088579233752], [-108.07640446007746, 26.637405429584003], [-108.07493894951824, 26.63707821911338], [-108.07442714997511, 26.636447999669944], [-108.07399839965575, 26.635427108809317], [-108.07388611988306, 26.633690949593156], [-108.07438381953021, 26.632404519432086], [-108.07538903016469, 26.631037509180654], [-108.07597529001143, 26.630602109231237], [-108.07606536991072, 26.63022874922246], [-108.07567478019615, 26.62898294957058], [-108.0745583802803, 26.627993748930717], [-108.07269591005699, 26.627048059392372], [-108.07205297029772, 26.626817228927447], [-108.07172383017914, 26.626918278823897], [-108.07097071020257, 26.627980749663088], [-108.07049248976749, 26.62942581889076], [-108.06948226029796, 26.631251419122282], [-108.06881671048772, 26.63144824963468], [-108.0681381695733, 26.63136993922658], [-108.06700865047755, 26.63031484935164], [-108.06542407973032, 26.63029130891247], [-108.06414151043732, 26.63064561894278], [-108.06351013992234, 26.630648849052726], [-108.06299138020482, 26.630426379337315], [-108.06251123028926, 26.62955201960162], [-108.06248317002336, 26.628789458933504], [-108.0612560904244, 26.627235249087263], [-108.06091814977226, 26.626965629022227], [-108.05867062990444, 26.626587549560615], [-108.05651069027867, 26.627727308860237], [-108.05389951998168, 26.62717370914394], [-108.05327191966693, 26.62780944896552], [-108.05284382979474, 26.629465549068733], [-108.05221723023185, 26.629836539477296], [-108.05158235016312, 26.62983584958592], [-108.0501363700619, 26.62791767929993], [-108.04879675044101, 26.627097509512232], [-108.04621518013336, 26.6264139192702], [-108.0445329395568, 26.624968169529083], [-108.0446052602354, 26.62404359961001], [-108.04510887968704, 26.623141649002548], [-108.04542400035034, 26.621930089036095], [-108.04515005973902, 26.619713488836226], [-108.04474486010382, 26.619447059673405], [-108.0438826796004, 26.619405979375724], [-108.04259529022086, 26.619732919350916], [-108.0392659196798, 26.619513779402986], [-108.03853538038231, 26.619790029076103], [-108.03746211047725, 26.619705349402924], [-108.03634345023559, 26.61911028945973], [-108.03557229000516, 26.618446088817013], [-108.03387658039946, 26.616304889569882], [-108.03314842984616, 26.61600376939876], [-108.03180953951122, 26.615924349200302], [-108.03165674974106, 26.615174568944973], [-108.03193344981754, 26.614500368973534], [-108.03418451989728, 26.612331749202998], [-108.03543623040306, 26.609714998953617], [-108.03540741964089, 26.609206488909717], [-108.03478085006124, 26.608879718917226], [-108.03361416958214, 26.607765029607393], [-108.03317195051196, 26.604633799586875], [-108.0325136301677, 26.603182219240743], [-108.03189814039948, 26.602495418821647], [-108.02946002969146, 26.600792879454485], [-108.02785763002773, 26.59905082941352], [-108.02709958034605, 26.598498509052696], [-108.02547141975663, 26.597830349317785], [-108.02129629013722, 26.597339418900674], [-108.02028147989799, 26.597001378798904], [-108.01841342952866, 26.595147909232253], [-108.01617802961759, 26.593993089358158], [-108.0145193204901, 26.59341511949883], [-108.01316074988327, 26.591921768810472], [-108.01259594955887, 26.59184261966208], [-108.01217488962439, 26.591395508969086], [-108.01077778037427, 26.588377909555263], [-108.0114895697428, 26.586935849180172], [-108.01208560034725, 26.583963399065272], [-108.01288867984637, 26.58192690889908], [-108.01248402041708, 26.579643019228072], [-108.01103686038103, 26.57843201901851], [-108.01000028027899, 26.578136888837506], [-108.00724761993793, 26.575789769210385], [-108.0044193403627, 26.57433533946794], [-108.00428363030959, 26.57370253934425], [-108.00400694972214, 26.57346602904738], [-108.0019862002003, 26.573171819657222], [-108.0010021398758, 26.57255550903387], [-108.00051814983021, 26.572016078829062], [-107.99937847973447, 26.569423109327293], [-107.99766384999188, 26.568100089509418], [-107.99707581992844, 26.56709684890624], [-107.99714356974434, 26.56632167895907], [-107.99802944956274, 26.56555697966447], [-107.99803319974055, 26.565221769146728], [-107.99764612008359, 26.564705429045663], [-107.9969794303215, 26.564088849643234], [-107.99544182014591, 26.56331085969381], [-107.99276389029212, 26.56274462885862], [-107.99204592031244, 26.5622834491427], [-107.99135975039793, 26.559745349411646], [-107.991060950003, 26.556457349284706], [-107.99022730992208, 26.55484910944173], [-107.98990262031137, 26.553582688799594], [-107.98983190951932, 26.551589078888], [-107.99082436951267, 26.549881619359184], [-107.98974482992907, 26.54803979957367], [-107.98847065045723, 26.54708599933969], [-107.98803965001609, 26.546127518813737], [-107.98759541996816, 26.54589842917738], [-107.98364394030533, 26.54603696881327], [-107.9830119502958, 26.54519691943245], [-107.98264035042735, 26.54367770947804], [-107.98226277043118, 26.543180219495287], [-107.98167702048657, 26.542880649258766], [-107.98060371051854, 26.542632289665868], [-107.98027301995083, 26.54313314944315], [-107.9796909999931, 26.5431845995952], [-107.97918656989215, 26.541453829191845], [-107.97796472005537, 26.53897245916796], [-107.97784451009095, 26.536999769679568], [-107.97750851981498, 26.536112749135853], [-107.97649708998381, 26.535459619369902], [-107.97410569034241, 26.53456671966306], [-107.9718998496431, 26.533290279149885], [-107.97043690975143, 26.532891779106215], [-107.96859537031249, 26.53081751886889], [-107.96639042990289, 26.529013829540155], [-107.96400127973645, 26.52744987947062], [-107.96329411007329, 26.527189619239692], [-107.96101675016472, 26.526955398797877], [-107.9610834000396, 26.52610485959119], [-107.96214215012421, 26.524000649059683], [-107.96198291983295, 26.52194245966253], [-107.96135611966604, 26.52038382919475], [-107.9610608497797, 26.52020271946937], [-107.96205224982657, 26.51854334932598], [-107.96199138016463, 26.517804579108024], [-107.95964023031613, 26.514388579324034], [-107.95937068990094, 26.513418799487965], [-107.9592123204954, 26.511224879188827], [-107.95881487980427, 26.51012410895933], [-107.95769656976381, 26.5089953493796], [-107.95667991046628, 26.50861359899303], [-107.95612465986694, 26.50806054914459], [-107.95579151989564, 26.50737342917856], [-107.95547104997983, 26.505419849638717], [-107.95571137968695, 26.50452876907493], [-107.95649789030294, 26.503470259407273], [-107.95656609039476, 26.50001159928842], [-107.95758585026738, 26.498643179457495], [-107.95806981978194, 26.496855079516685], [-107.95774568009558, 26.495417369206873], [-107.95723691042397, 26.49466945955759], [-107.95726530994615, 26.493743948955768], [-107.95817378016206, 26.493043029182672], [-107.96024911047886, 26.49196682929247], [-107.96884077008616, 26.490148889446544], [-107.96949194029015, 26.489800419441675], [-107.96982317036885, 26.48936661890623], [-107.97051940028268, 26.489068829289653], [-107.97151519985933, 26.487963879242944], [-107.97260648037702, 26.487298249515845], [-107.98375545988984, 26.47495091967011], [-107.98503914962546, 26.473784979622828], [-107.98562259963481, 26.472099769178254], [-107.9696391095376, 26.470167859139348], [-107.9993700595503, 26.448448289024064], [-108.01434164966753, 26.4532765795224], [-108.01939202977589, 26.449487739059236], [-108.01390728040133, 26.39044674881359], [-108.03661458048728, 26.368899339239455], [-108.03088313986993, 26.338858369064898], [-108.03925647997677, 26.33084374920829], [-108.05311743001792, 26.3135763792912], [-108.08538167987615, 26.308818449062056], [-108.09002304984385, 26.310761859605524], [-108.09220967953264, 26.310316338962597], [-108.09772332048135, 26.311890999180893], [-108.11147148015007, 26.298287818937858], [-108.11545750994485, 26.29965002952829], [-108.11938454999482, 26.299681748961397], [-108.12086397045088, 26.30063796893314], [-108.12307000002929, 26.301613619687462], [-108.12497423042906, 26.301290569586573], [-108.12648451986753, 26.299885659387837], [-108.12800861954234, 26.299374999601913], [-108.13099534956292, 26.3011156191092], [-108.13410843000592, 26.300989049592868], [-108.13690055039817, 26.300045028821117], [-108.1421277699712, 26.301110478814277], [-108.144282679753, 26.301122319551972], [-108.14573317949916, 26.30038141890802], [-108.14654948051013, 26.300367309368845], [-108.15283462996369, 26.30247550918047], [-108.15464254974874, 26.30232757962889], [-108.15588342980647, 26.301396288929713], [-108.15641848969963, 26.29944179958436], [-108.15792427988828, 26.29736011924014], [-108.15800336955567, 26.295159999545167], [-108.15651076986873, 26.292220829645462], [-108.15654165967743, 26.28980236906524], [-108.15551047967305, 26.288311939549015], [-108.15489326000159, 26.286375229654478], [-108.16565855016796, 26.283818748901574], [-108.1677638800517, 26.28565779932241], [-108.16978640034132, 26.287043459339323], [-108.17052220038003, 26.287337858994395], [-108.17150053973381, 26.288620689661997], [-108.1729378501825, 26.289908399130034], [-108.17387394045369, 26.29252054908002], [-108.17586830954738, 26.295143909666173], [-108.17846611967782, 26.293394519201115], [-108.17963268033776, 26.292902449149764], [-108.18144728955623, 26.292589149465645], [-108.18465803003888, 26.292794939309314], [-108.1888124002902, 26.29401934967358], [-108.19960657954041, 26.299669218909408], [-108.20425186011911, 26.30144857885631], [-108.20673656957712, 26.302643688926743], [-108.20742825046555, 26.303430399574825], [-108.21336549024036, 26.304913369205032], [-108.21714159992136, 26.306889709148958], [-108.2189077801404, 26.3105419389691], [-108.21911029031229, 26.31569627938323], [-108.22041727989439, 26.31864107895911], [-108.22116610978576, 26.321210119446253], [-108.22045519973818, 26.324773019236165], [-108.20584113969623, 26.322455199657316], [-108.2020006297675, 26.33283573939637], [-108.20025119972098, 26.340165709339445], [-108.1988073803054, 26.348542019506677], [-108.19585702999531, 26.349476999072685], [-108.1919594796915, 26.356460349245026], [-108.19207031987948, 26.35983181920264], [-108.18674170959494, 26.37365934958451], [-108.20493483015488, 26.374015949478427], [-108.21449990978248, 26.363997909285356], [-108.2205453197878, 26.37769081923899], [-108.22962912024744, 26.379849689391758], [-108.26259000028432, 26.384794578794526], [-108.26264248000795, 26.374697709322014], [-108.26226020017488, 26.368628739327672], [-108.26262374010571, 26.363255678909333], [-108.28624173962362, 26.370946079513907], [-108.28783354029456, 26.370995509389395], [-108.30104212041364, 26.373729489619567], [-108.30316743018645, 26.392673109242864], [-108.30471237008781, 26.40374697940687], [-108.3043302599873, 26.41262348899578], [-108.30714680020695, 26.42387401882107], [-108.30784422048153, 26.424586079096322], [-108.31028991961941, 26.440658229076682], [-108.30029959967844, 26.441286049019602], [-108.28822716968595, 26.44241082919817], [-108.26051455020838, 26.456587289486993], [-108.2971590604554, 26.452260819316937], [-108.30495865007951, 26.471894649425444], [-108.3136801401367, 26.48046001936801], [-108.31404925969939, 26.483579178948787], [-108.31513600031731, 26.487260489598956], [-108.31956486024013, 26.489986739275498], [-108.32493368955299, 26.490015179096726], [-108.32669158006819, 26.490965849145358], [-108.33720676973329, 26.487233149480325], [-108.33838022997584, 26.478313549670187], [-108.35583794004837, 26.478091399505832], [-108.35845794046125, 26.484920459388434], [-108.36101034012842, 26.489658818980374], [-108.36507848975185, 26.49084007930301], [-108.36581771980113, 26.487617949671947], [-108.36608576981317, 26.48450476929772], [-108.36608328014293, 26.480135419493752], [-108.36647882011007, 26.478135679207867], [-108.36671756986108, 26.477963679366237], [-108.36851529016518, 26.477924379587364], [-108.36974585972511, 26.477065738874785], [-108.37070117037695, 26.476916709229833], [-108.37221605013657, 26.477109049200866], [-108.37435966030753, 26.475724889072836], [-108.38620312036258, 26.49159667948475], [-108.39244476964156, 26.48362427912321], [-108.39745617977576, 26.49369237896651], [-108.40085148983276, 26.50000002936226], [-108.40385297985128, 26.50599067936256], [-108.40400847991069, 26.506678619115544], [-108.40458635036775, 26.506655448833982], [-108.40510606042848, 26.507014618955527], [-108.40628057048784, 26.50728577926905], [-108.40667226010626, 26.507779999546745], [-108.40712874020412, 26.509099719418092], [-108.40791511950727, 26.510161258893863], [-108.40887568046222, 26.5105194596469], [-108.41108639981191, 26.510884709353093], [-108.4142431103634, 26.50999644927699], [-108.41663065001613, 26.510891059024782], [-108.41843804966027, 26.511940279558296], [-108.4188841200697, 26.512523479245473], [-108.41767639988375, 26.516315828802178], [-108.41766205974898, 26.5169566195314], [-108.41892355033137, 26.52021239942464], [-108.4193035202721, 26.520733569325365], [-108.42029102027323, 26.521224229658962], [-108.42256345992963, 26.521830909201853], [-108.42234056953686, 26.52297661964717], [-108.42123932008826, 26.52328867919545], [-108.42167568956478, 26.529065649655877], [-108.42282384970407, 26.530437049632734], [-108.42311037995357, 26.53139796891235], [-108.42449778016824, 26.533460488821255], [-108.4248316203296, 26.53342047942649], [-108.4250687104977, 26.533125449520526], [-108.42611625974823, 26.533236458886275], [-108.4284530500688, 26.532773428820036], [-108.42856808039224, 26.53254494957482], [-108.43457485030646, 26.53426590893901], [-108.43625260046323, 26.533504118926274], [-108.43921002047487, 26.5369087193518], [-108.44041329026062, 26.53660642912589], [-108.44348559996692, 26.535039949651434], [-108.44538005030434, 26.53467862879415], [-108.44689002028393, 26.534796819190966], [-108.44878811970219, 26.53600413903556], [-108.44932431987407, 26.535197949483962], [-108.45031397033173, 26.53459410895931], [-108.45090222986282, 26.53386648884817], [-108.451762120142, 26.53406459896145], [-108.45260588965542, 26.53499330934718], [-108.45331233977615, 26.535234339578302], [-108.45510012037455, 26.534855148868743], [-108.45582369046237, 26.534319909570556], [-108.4564873798272, 26.534194709579943], [-108.45693568963061, 26.534613849031764], [-108.45824897023262, 26.53500271884953], [-108.4596966198575, 26.53621624929538], [-108.46030042998805, 26.536501109386275], [-108.46252148996057, 26.537225888977282], [-108.46353894040425, 26.537198319549656], [-108.46492593957129, 26.537627228854564], [-108.4611366198967, 26.54046851923515], [-108.45739082998007, 26.543709049433197], [-108.45674802993084, 26.54502299949234], [-108.45612425975922, 26.548069599662867], [-108.45566560012023, 26.54771808925974], [-108.4553769198085, 26.54773061922555], [-108.45082469003447, 26.550413909158536], [-108.45060551047638, 26.550351478787153], [-108.44771261999966, 26.551907079370206], [-108.4421907396693, 26.553140119076645], [-108.44156402956156, 26.553958539166086], [-108.43728504957001, 26.563069449164644], [-108.4312150899574, 26.569693569082478], [-108.43361293966623, 26.575520749366436], [-108.43411477022819, 26.57603994907762], [-108.43565863041674, 26.576980859485186], [-108.43520271976155, 26.577729979278537], [-108.43654888974541, 26.580224289454257], [-108.4363316304162, 26.58078162935097], [-108.43972977014732, 26.5863228896376], [-108.43917822977822, 26.586090629434846], [-108.4270924896597, 26.58593008919185], [-108.4212609401874, 26.59105567950059], [-108.41864025047082, 26.59225784945454], [-108.418586509589, 26.595932819464757], [-108.41789093982607, 26.597276349080857], [-108.41650145979759, 26.59859041933151], [-108.41186894019316, 26.60161847898383], [-108.4095095195215, 26.601950938835202], [-108.40813219975996, 26.60013004957921], [-108.40729472027688, 26.59944722947587], [-108.40705631979488, 26.598446249341468], [-108.40574606045652, 26.597824078813936], [-108.4053028597177, 26.597136618844974], [-108.40308956953179, 26.598635619092352], [-108.40199140032871, 26.600352419254303], [-108.39733057969464, 26.60591842924241], [-108.39570437964255, 26.60858102957017], [-108.3910861396994, 26.614542178820482], [-108.38642457034977, 26.615960968782957], [-108.3859176596907, 26.616307259213528], [-108.38786551655998, 26.61776823018532], [-108.40353697682743, 26.643585720450794], [-108.41912380046057, 26.64368534881392], [-108.43549408010682, 26.64451841954702], [-108.43487691968036, 26.636712859586144], [-108.43558762948763, 26.636661748838453], [-108.43632705021184, 26.634909569282716], [-108.4398011794948, 26.631649648974317], [-108.44056005956026, 26.630284749373274], [-108.44093297017976, 26.629029829257007], [-108.44116633954293, 26.626606179308908], [-108.44168953977884, 26.625478909284702], [-108.44643205035122, 26.62073862882552], [-108.44685656951778, 26.619147599569565], [-108.44678848007112, 26.61721902954673], [-108.446560050108, 26.616646258918482], [-108.44910217974179, 26.61594948902785], [-108.45004215036398, 26.616036738988292], [-108.45045189040617, 26.615118219625547], [-108.45131819981306, 26.615118709131277], [-108.46914665970282, 26.610795509538207], [-108.4675843702605, 26.602902618909038], [-108.46928652042351, 26.603116118869522], [-108.47262570975428, 26.59906970957997], [-108.4783241697024, 26.59976327928772], [-108.48990929032678, 26.600601969500982], [-108.49147590995149, 26.60095774906074], [-108.49197989018215, 26.601257549288867], [-108.49643633985079, 26.606094138812125], [-108.50070035048432, 26.609761419091445], [-108.50140497042987, 26.6099699693403], [-108.50207102962668, 26.60991531919968], [-108.50359847971039, 26.60874776960496], [-108.5042727404789, 26.608655979568447], [-108.50512357967118, 26.6089047195905], [-108.50570341974475, 26.609337679006412], [-108.50637294962021, 26.61025619949281], [-108.50754446003054, 26.610741228812667], [-108.5083808600096, 26.610777948807534], [-108.50859839962452, 26.60983077961986], [-108.50851125977479, 26.608170379338894], [-108.50823271013766, 26.60739141913422], [-108.50611831016423, 26.606283519556445], [-108.50562483050277, 26.60453448937717], [-108.50508551024488, 26.603458339502676], [-108.50525208965034, 26.602984059189], [-108.50747083028206, 26.603472019269248], [-108.50829119976638, 26.603121479479565], [-108.50840219997323, 26.60376904917044], [-108.51011357024653, 26.604135859387977], [-108.51072819965485, 26.604623829284805], [-108.51165689018251, 26.603601458954053], [-108.51379834971978, 26.60611181968373], [-108.51536262968598, 26.60605493960724], [-108.51615509009343, 26.606995109532324], [-108.51638629046286, 26.607869348977886], [-108.51836012037393, 26.60621954913362], [-108.51916111029034, 26.60694193910712], [-108.51997638010474, 26.608275489100922], [-108.52065057025547, 26.608904799207572], [-108.52118463013346, 26.610233448916382], [-108.52012672037611, 26.61145011949757], [-108.51959363004727, 26.611525028853976], [-108.51846394994078, 26.612228708837158], [-108.51831181968136, 26.612613489686037], [-108.51873385978399, 26.61305134943874], [-108.51881019974614, 26.613956739084614], [-108.51923039960883, 26.614480658813164], [-108.52112464955947, 26.613351348871728], [-108.52127585046286, 26.613009599387592], [-108.52076907977008, 26.61205365968021], [-108.52151118039274, 26.61099036943381], [-108.52228635030687, 26.610616429549726], [-108.52393168029766, 26.611811938885445], [-108.52442523034635, 26.612546969652914], [-108.5250657803019, 26.612903418783187], [-108.52357171026249, 26.6132648491928], [-108.52287938011007, 26.614242918803708], [-108.52200555036913, 26.61474428942685], [-108.52185528031279, 26.615043029426843], [-108.52240814030446, 26.616085849345218], [-108.52080298015021, 26.616676659184396], [-108.52092535025066, 26.61722067957705], [-108.52152085985405, 26.617592309286728], [-108.52150917017599, 26.618133999616063], [-108.5207562196408, 26.618843369299046], [-108.52073674020191, 26.61974616923329], [-108.52052654010984, 26.620163968907374], [-108.5196628803215, 26.619787648807556], [-108.51924247996519, 26.62062324901957], [-108.51915594032702, 26.62152487946484], [-108.51948332036314, 26.621891849575512], [-108.5187889799928, 26.622972719579682], [-108.51971575025416, 26.625010459394513], [-108.52020862013558, 26.625633849395623], [-108.52034597006579, 26.626450289562776], [-108.52145884950552, 26.627982679209037], [-108.52378600049052, 26.62947570923474], [-108.52527630984939, 26.629138539451436], [-108.52860684963585, 26.62786505886802], [-108.53291187982258, 26.625155949338694], [-108.53374777030365, 26.623899549360914], [-108.53370117003912, 26.62293042927129], [-108.53311162014288, 26.622133448853106], [-108.53217997010735, 26.62157259933738], [-108.53185477048414, 26.621022289310254], [-108.53282149024231, 26.6199497193112], [-108.53270165991292, 26.618733419288382], [-108.53311422004425, 26.618258909617545], [-108.53340173997199, 26.617360749510006], [-108.53401795013404, 26.61676933960552], [-108.53432485022277, 26.61496836898737], [-108.5350055095738, 26.614498488932636], [-108.53536390989498, 26.61342093962307], [-108.53646092040039, 26.61229596898913], [-108.53674194993663, 26.611698739217406], [-108.5366878302901, 26.61109570931522], [-108.53609100034076, 26.61078430929337], [-108.53532011046262, 26.612336399161343], [-108.53463688970056, 26.612926659195765], [-108.53376547977015, 26.612911549226965], [-108.5329675698438, 26.61259665953676], [-108.53237592022187, 26.612044508896457], [-108.53170431963294, 26.612093059168316], [-108.53063828982809, 26.611773508838432], [-108.53003502013767, 26.611763029353348], [-108.52874980043035, 26.612282578858263], [-108.5283514897813, 26.61209502941758], [-108.52720680024926, 26.612315969536397], [-108.52648241959365, 26.61170127931297], [-108.52532283048092, 26.611217348893714], [-108.5245152602991, 26.611149479009867], [-108.52323453959497, 26.609942018958], [-108.5226688903646, 26.60818608879374], [-108.52314717047632, 26.607772949140898], [-108.52375430968955, 26.607602889408778], [-108.52398521970187, 26.60622210963889], [-108.52373785982546, 26.60525444892769], [-108.52248771050112, 26.604148909220648], [-108.52188318033737, 26.604198579607747], [-108.52120125004082, 26.604728578864925], [-108.52059931031292, 26.60465787930723], [-108.51985994011193, 26.601634518858486], [-108.51940893957911, 26.6007837189061], [-108.5214697102473, 26.59867787891469], [-108.52188288986771, 26.597729549385942], [-108.5223751501258, 26.597641429440767], [-108.52276842967692, 26.597082679510574], [-108.52230836962187, 26.596653198944853], [-108.52210642973748, 26.593578999617296], [-108.52147514038255, 26.59176171945143], [-108.52222141973856, 26.591353249336866], [-108.52262945030665, 26.590850199384597], [-108.52158829041667, 26.589387049583554], [-108.52140408950443, 26.588601109125268], [-108.52050089037385, 26.586959719265923], [-108.52126270970047, 26.58582901933389], [-108.52114293984789, 26.585164619515886], [-108.52134217033763, 26.584193029284677], [-108.52110064955987, 26.583313798821045], [-108.52052191997187, 26.582316799210457], [-108.51981220032654, 26.58158907953372], [-108.51949696991998, 26.580787399090788], [-108.52968521961651, 26.58397508927432], [-108.52976551041999, 26.577112579436367], [-108.5702838597417, 26.55965665963986], [-108.57391354015385, 26.561058258882266], [-108.57476465954059, 26.561025019243186], [-108.57514462006469, 26.560649519692124], [-108.57483688032514, 26.560119059525544], [-108.57484592033188, 26.559689509033074], [-108.57522388036786, 26.55940945913429], [-108.57575720004526, 26.559323049072983], [-108.5769668203325, 26.559638709266725], [-108.57846471990118, 26.559427429485783], [-108.58126869014295, 26.559552798891904], [-108.5818582596462, 26.559873918855843], [-108.58313611953481, 26.561312998982125], [-108.58376749009183, 26.56239545891709], [-108.58371094047035, 26.56325874896886], [-108.58433568976231, 26.56281991908863], [-108.58610194992308, 26.56298817927265], [-108.58751641976573, 26.564186169513633], [-108.58796380017581, 26.563799149184703], [-108.58806263007627, 26.563274689473403], [-108.5862259996789, 26.56148104945748], [-108.58597410979347, 26.56092434937647], [-108.58608398029637, 26.559873948886842], [-108.58679977000655, 26.55925473906748], [-108.58736314018405, 26.55956779933936], [-108.5881663401165, 26.561300849033913], [-108.58951299974188, 26.562741428853023], [-108.5902882298006, 26.56260371898724], [-108.59102356994347, 26.561781518904183], [-108.59149605051525, 26.561668859661822], [-108.59209714010181, 26.561829859083986], [-108.59256142983281, 26.562109199159266], [-108.59293400030435, 26.563563449255682], [-108.59468230957805, 26.56507110906634], [-108.59552742008394, 26.56641267936337], [-108.59602593971493, 26.5666624195165], [-108.59697849032499, 26.56607517914727], [-108.59771954963173, 26.56596702967754], [-108.59812513996837, 26.566402368863166], [-108.59782364949929, 26.567019598929154], [-108.59597914952444, 26.56729510899904], [-108.59475171001003, 26.56817933894497], [-108.59534729016788, 26.570452148988622], [-108.59617460018903, 26.57044879950085], [-108.59621256960372, 26.569550579305464], [-108.5964476795784, 26.569347138859722], [-108.59912565988594, 26.569474889584523], [-108.60073927997311, 26.568625458806636], [-108.60176431997209, 26.568403749127842], [-108.6023997797361, 26.567422058982835], [-108.60286145987779, 26.567276398958317], [-108.60383122007862, 26.56751308894736], [-108.60532851993987, 26.568809049135396], [-108.60504483015652, 26.569070739146117], [-108.6037926199626, 26.568958109357443], [-108.60292059986529, 26.56922685918573], [-108.6027207199258, 26.570120078897396], [-108.60220550977898, 26.57052913944576], [-108.60189296990953, 26.572163429375788], [-108.60134070963576, 26.5731568192377], [-108.60093491020208, 26.574773348872547], [-108.60108238045633, 26.575348799646886], [-108.60232792003258, 26.576802179325178], [-108.6024675099353, 26.578074509587083], [-108.600621749613, 26.580419368949197], [-108.60065641962568, 26.580940999097137], [-108.60170669033103, 26.58130628926766], [-108.60217572033784, 26.581950819352752], [-108.60137353984328, 26.583805748909498], [-108.60587269052408, 26.585192659671826], [-108.60707881975378, 26.584251798968303], [-108.60942942993515, 26.585407429689553], [-108.60839803046252, 26.58660624925749], [-108.61179520008133, 26.58737687921513], [-108.61468702984362, 26.589273579067694], [-108.6150758300032, 26.591153489058183], [-108.61737903013905, 26.589275658907834], [-108.61866950989756, 26.59159367969868], [-108.61288633966113, 26.593554969253475], [-108.61174511969692, 26.59500773920608], [-108.6115328200388, 26.597517659460927], [-108.61507508017844, 26.599480279138707], [-108.61555226034433, 26.597957709469622], [-108.61480847992007, 26.59481016925063], [-108.61722156963855, 26.594180168844606], [-108.61921696966562, 26.595467888979456], [-108.61969576956606, 26.596946549130703], [-108.61811944968235, 26.599000749376142], [-108.61861822007606, 26.603710659274654], [-108.61893136999342, 26.604095449609993], [-108.6196355700028, 26.603225398820584], [-108.62473173949338, 26.60661282882292], [-108.62647234969504, 26.607274718884025], [-108.62876473970815, 26.607776079524893], [-108.62932654041745, 26.607348628882573], [-108.63420334043813, 26.608888339530143], [-108.6349377696584, 26.610288538828584], [-108.63387629018456, 26.613811769646578], [-108.63110178001459, 26.616101859516395], [-108.6312692899234, 26.618006619073878], [-108.63088122031415, 26.619433429292094], [-108.62721322034064, 26.62113137963575], [-108.62721848964645, 26.621324119667445], [-108.62906043013349, 26.622567489481685], [-108.6298035999523, 26.622656179580463], [-108.63107328991788, 26.623483939285368], [-108.63211451008684, 26.625927649674896], [-108.6334750601602, 26.62689262898381], [-108.63434069023809, 26.62701968938284], [-108.63499922016344, 26.626537249683484], [-108.63581437997263, 26.62666945919355], [-108.63722566002737, 26.6282815990433], [-108.63789876967486, 26.629782149068035], [-108.63507488981935, 26.63155034942652], [-108.63304184995982, 26.632512249007004], [-108.63105069037297, 26.633124349448327], [-108.63167920036067, 26.634859629139296], [-108.63060198033801, 26.6358021493829], [-108.63049740031035, 26.639315049651575], [-108.62640107967604, 26.638482799691356], [-108.62284439995275, 26.638489399507613], [-108.6197387200767, 26.63977516879067], [-108.61854492009184, 26.639724339370453], [-108.61837604986836, 26.63987264926204], [-108.61798101982988, 26.640770449523043], [-108.61895327990231, 26.642066879087864], [-108.6179489400979, 26.644561379478088], [-108.62014389031957, 26.647561339357097], [-108.62222036976505, 26.649242109363705], [-108.62425350994747, 26.64985782956396], [-108.62483245994856, 26.649604799263138], [-108.62721168002011, 26.64962244928899], [-108.63065965963933, 26.65054077965976], [-108.63204682021657, 26.650639888806417], [-108.63315078044178, 26.64978556941175], [-108.66364050957186, 26.65800281887259], [-108.66200459999362, 26.66162256887983], [-108.66147029031798, 26.664527019211704], [-108.66003474989546, 26.66678108912356], [-108.65768057049382, 26.669129179616295], [-108.63036634997604, 26.67657344955451], [-108.63369772016742, 26.679568479122146], [-108.62986756977669, 26.680490339077668], [-108.63052615026136, 26.681240119434953], [-108.63179834984106, 26.687200429131366], [-108.63599431027798, 26.690515348943066], [-108.63382295013423, 26.69488633929818], [-108.63119687973004, 26.70143682957549], [-108.63146610976487, 26.70697404924954], [-108.62976374024893, 26.71245836919312], [-108.62838500025101, 26.718387119186907], [-108.6177289099798, 26.722003019324227], [-108.61794054003708, 26.72360339919873], [-108.61769722000265, 26.725126418943347], [-108.61726402011867, 26.72577657890234], [-108.61625427985337, 26.726463399458705], [-108.61493639990778, 26.72688616968818], [-108.60102395004296, 26.727222509561358], [-108.60033286012212, 26.72939421958753], [-108.59948758024227, 26.730023678911433], [-108.59871394961282, 26.73271694937347], [-108.59795353964441, 26.736096089300077], [-108.59797589023208, 26.737711289098115], [-108.59721439997193, 26.743223738849412], [-108.59773343031196, 26.747113969283085], [-108.5981171397336, 26.74867177897699], [-108.59885725002178, 26.750306908836727], [-108.5968836198098, 26.75222711916722], [-108.59522003040551, 26.755242829497558], [-108.5944164799524, 26.757244399444915], [-108.59418888972598, 26.75917342905914], [-108.58161497982337, 26.759098629680334], [-108.58038588012872, 26.75959656914254], [-108.5799421098529, 26.759973429223795], [-108.57900440021233, 26.761270739684036], [-108.57832948034077, 26.76277708878169], [-108.57812338013846, 26.76362431925643], [-108.57803926039551, 26.76914837965648], [-108.5784709404108, 26.77137554967894], [-108.57883821952268, 26.771990939371108], [-108.57874028989272, 26.77268708953378], [-108.57848164958557, 26.77405714948148], [-108.57737089034087, 26.775722909033234], [-108.57745121989169, 26.77608464962248], [-108.57794325955125, 26.77631619883045], [-108.57794031958852, 26.77653547893537], [-108.57598039986011, 26.777764749554382], [-108.58007825017249, 26.786804379564874], [-108.58084943041573, 26.789576579671696], [-108.57520455013366, 26.79321656912364], [-108.56477008011413, 26.778483289080825], [-108.55937785025611, 26.7796998488697], [-108.55791271040917, 26.780220948892982], [-108.55681271950549, 26.780318508813174], [-108.55403379974, 26.77985697884293], [-108.55178495023088, 26.780969228935373], [-108.55147273988781, 26.78153542925685], [-108.55122062044781, 26.78205608955864], [-108.5511420196613, 26.784455028960792], [-108.55092284991828, 26.785392829540694], [-108.54982441996667, 26.78755967934609], [-108.54839551971392, 26.78875999913644], [-108.54190438011068, 26.792865688819784], [-108.53938080032995, 26.79541914906028], [-108.53691209008903, 26.79842870958485], [-108.53643668017055, 26.80025750959482], [-108.53644212006114, 26.801748109112346], [-108.53685337970043, 26.803131279691154], [-108.53791876965374, 26.80412470953327], [-108.53945732003255, 26.804778179058047], [-108.5418495503846, 26.805446479536347], [-108.54593596972947, 26.805404148940788], [-108.54766397960422, 26.805825919291436], [-108.55000642009281, 26.806929378790954], [-108.55231704988864, 26.808648168929903], [-108.55439279968773, 26.810471119001555], [-108.55535239962532, 26.811584079603982], [-108.55680751016861, 26.813998488951608], [-108.5578649203757, 26.817312119164466], [-108.55799885038189, 26.81923871888377], [-108.55762074978601, 26.82197067939065], [-108.55704313952461, 26.82375331928406], [-108.55560732007875, 26.825606489662317], [-108.55405047967322, 26.826713119669208], [-108.55002259974063, 26.828108778878192], [-108.54704269002777, 26.828556769053026], [-108.54568231003735, 26.829802079187218], [-108.54574382006274, 26.83202131894091], [-108.54399176976456, 26.83300107917333], [-108.54344988045766, 26.83365919939562], [-108.54217197968643, 26.83431985961432], [-108.54235980018584, 26.835307948930296], [-108.54214592029727, 26.835839258873374], [-108.54176613949443, 26.836034428827546], [-108.54056205998394, 26.83600065886699], [-108.53919995021165, 26.836730119207736], [-108.53847581994543, 26.83769642963434], [-108.53761239976126, 26.838114568877245], [-108.53772632023521, 26.838748948889883], [-108.53725011968854, 26.839372879335258], [-108.53648226048372, 26.83977921901098], [-108.53512992038556, 26.84097519881286], [-108.53452271986458, 26.842235348863422], [-108.53402018045216, 26.844154689267363], [-108.53311802998931, 26.84439353936137], [-108.52205835030779, 26.879677648904902], [-108.52004385954629, 26.88023319963922], [-108.51923495035732, 26.87978208879895], [-108.51998593960575, 26.879395229485457], [-108.51982737949594, 26.87907517892948], [-108.51942275000191, 26.87900822963024], [-108.51915712019336, 26.879542089324083], [-108.51803632022313, 26.88042391960366], [-108.51799932021554, 26.881131459545212], [-108.518241999787, 26.881548518938455], [-108.51772525042, 26.881548649003726], [-108.46697768026577, 26.970701849076594], [-108.4242708300469, 26.97622982914404], [-108.49954211016127, 26.986279219119105], [-108.5024861200725, 26.987357029125103], [-108.50311338013029, 26.99024611965833], [-108.50385851001143, 26.99131370910128], [-108.50418977005924, 26.992432978829687], [-108.50374970979712, 26.99385485887015], [-108.50185287991278, 26.996280938970624], [-108.50176105998406, 26.996661178812133], [-108.50236333951457, 26.996725539542318], [-108.50255057995518, 26.99697727921645], [-108.50303114033086, 26.998119339591717], [-108.50303966008951, 26.99872153891077], [-108.50415680045224, 27.00049239916239], [-108.5044859196798, 27.00233750961493], [-108.505267449628, 27.002403859586515], [-108.50625147986898, 27.00290301969063], [-108.50598288982107, 27.00349393939189], [-108.50524684956103, 27.003781199387014], [-108.50459984963446, 27.00456067881993], [-108.50507188009706, 27.005774029052787], [-108.50438757967261, 27.00621105949796], [-108.50424232026295, 27.00653105941567], [-108.50451707975795, 27.006964919286975], [-108.5044385398107, 27.007183879143472], [-108.50377600049598, 27.007045229202973], [-108.50307334991005, 27.0050065192114], [-108.502198850123, 27.004071049614375], [-108.50181375037818, 27.00395857885697], [-108.50086771997125, 27.00443705879707], [-108.500451120041, 27.00536008955902], [-108.50047545961127, 27.005840709396868], [-108.5006521101604, 27.006511649452094], [-108.50159645959542, 27.008052509520567], [-108.50157206015182, 27.00839794902416], [-108.50076117035134, 27.009232349123433], [-108.49989748027618, 27.00931590964187], [-108.49900451023302, 27.00993939889321], [-108.49851265011222, 27.009993079640875], [-108.49779430975451, 27.010423059656155], [-108.49772527995603, 27.01181685940623], [-108.4973004303298, 27.01340874888273], [-108.49693137975733, 27.013607599494517], [-108.4954730299518, 27.013478629352004], [-108.49356331956989, 27.014914078851998], [-108.49184628019493, 27.01509419961114], [-108.48880914983933, 27.01627937965222], [-108.48817145019449, 27.016184578814208], [-108.4875298595049, 27.01549234922815], [-108.48697454018684, 27.015344969127984], [-108.48560439963248, 27.01618954900531], [-108.48417188003461, 27.01743893927436], [-108.48354451046232, 27.01896956956714], [-108.48350701962003, 27.02115413888643], [-108.48476158019605, 27.024297459447162], [-108.48537664954758, 27.027833678854908], [-108.48599265042829, 27.02882699876847], [-108.48684717036888, 27.029547379447], [-108.49093614953784, 27.03061430901783], [-108.49170425031701, 27.031053149027738], [-108.49173487968774, 27.031380199645078], [-108.49045929032354, 27.03204045958123], [-108.48703534036912, 27.03253110915414], [-108.48699737036905, 27.033080139229085], [-108.4879726898859, 27.034281398856084], [-108.48778227960138, 27.035662629661793], [-108.4857620796311, 27.03750242921417], [-108.484163489873, 27.03749441921918], [-108.48292973993419, 27.037902629692734], [-108.4817196303492, 27.038007119106016], [-108.48102147961684, 27.0383349194517], [-108.48042065982023, 27.039332978870455], [-108.4799740198069, 27.03958770887208], [-108.47960802029637, 27.039582118932785], [-108.47828797992766, 27.03890261956792], [-108.47750957008422, 27.038792249271566], [-108.47658427959675, 27.039248279359654], [-108.4762839197587, 27.03995451910328], [-108.47551446009317, 27.03994519880323]]]}}, {"type": "Feature", "properties": {"CVEGEO": "25008", "CVE_ENT": "25", "NOMGEO": "Sinaloa", "CVE_MUN": "008", "NOMMUN": "Elota", "cov_": 1902, "cov_id": 1903}, "geometry": {"type": "Polygon", "coordinates": [[[-106.78067178032322, 24.282502428839813], [-106.77929767979087, 24.28288622912452], [-106.77907252029217, 24.281883139674395], [-106.77756663020024, 24.279501619142042], [-106.77731302041491, 24.278354939210754], [-106.77583360030107, 24.27564693893642], [-106.77410864954089, 24.273257569039856], [-106.77394697963881, 24.272711369320398], [-106.77428882981738, 24.271857049408595], [-106.77572408000407, 24.271091879078533], [-106.77611922958671, 24.2706321391321], [-106.77671679955728, 24.268105169707184], [-106.77754497021364, 24.26671410883961], [-106.77755037974892, 24.265206479333497], [-106.77710697960896, 24.26461436953317], [-106.7762949504646, 24.264453818833907], [-106.77414551973759, 24.264668909251757], [-106.7735812600036, 24.26456765944811], [-106.77342602037078, 24.26410284928328], [-106.77375021990966, 24.262654849177718], [-106.77352300025902, 24.262316479074507], [-106.77055717010613, 24.261715969684825], [-106.769985090201, 24.260997909229882], [-106.76850407969738, 24.260385599564454], [-106.76673262977421, 24.257434878906103], [-106.76586408996023, 24.25696834915097], [-106.7624636304546, 24.25670533914806], [-106.76210311032146, 24.257613858833036], [-106.7588893702249, 24.260585168908936], [-106.75852288969882, 24.260038348856522], [-106.75774497022078, 24.260146879372385], [-106.75750863040315, 24.259000519668547], [-106.75655552046545, 24.258500649459044], [-106.75793855048329, 24.254878509154704], [-106.75850566028426, 24.254342369664737], [-106.75884210978428, 24.253514178966117], [-106.75905618004506, 24.251940629408814], [-106.75737078048634, 24.250730979267246], [-106.7567241798418, 24.25000019924213], [-106.75591088957839, 24.249679889533112], [-106.75453194964031, 24.249256138882995], [-106.75078216960945, 24.249208259290686], [-106.75021999989218, 24.24884297928349], [-106.74702873981634, 24.24540601942068], [-106.74667234021744, 24.244220479188957], [-106.74616882975116, 24.2369098593036], [-106.74523691974123, 24.23662811937604], [-106.74550259990768, 24.23588741932383], [-106.7449668798936, 24.235871049111385], [-106.74527519999337, 24.232185779491633], [-106.7442814199078, 24.230698598928985], [-106.74133879977029, 24.224523028931458], [-106.74014334959453, 24.225483489279416], [-106.73906476956495, 24.225620798980472], [-106.73715914958434, 24.227448659693554], [-106.73556879990511, 24.228381718991933], [-106.7343222900785, 24.228468919130194], [-106.73365445959732, 24.228160279254126], [-106.73314191036208, 24.227557968860207], [-106.73330711011596, 24.22682444955317], [-106.73408015001277, 24.225734749311382], [-106.73414686005883, 24.225102139505278], [-106.73345025959172, 24.222525178935722], [-106.73233387975378, 24.221495579441804], [-106.7301194599105, 24.220669349203693], [-106.72783857966274, 24.22081688949602], [-106.72596037957398, 24.22130039900022], [-106.72521441977057, 24.2211755396797], [-106.72440865953237, 24.220737599488135], [-106.72315097044842, 24.219653719443638], [-106.72265557037554, 24.21834570945828], [-106.72245311013157, 24.217107369396714], [-106.72276653953342, 24.21388262964775], [-106.72062351987256, 24.2154265394119], [-106.7205146499664, 24.215841779529747], [-106.72019708004876, 24.215741999372952], [-106.71876933997633, 24.216579519060204], [-106.71774973967665, 24.215763939308587], [-106.71746608009997, 24.215758258842854], [-106.71712189046642, 24.21585770962752], [-106.7164331502529, 24.216557219288195], [-106.71636818004569, 24.217652629514923], [-106.71675116977765, 24.21849973901031], [-106.71659682983599, 24.21886636918704], [-106.71509823030854, 24.21974556889606], [-106.71492379959095, 24.220537519374], [-106.71568268953234, 24.223337658905006], [-106.71549098017796, 24.223861938858963], [-106.71519151050208, 24.224022949417282], [-106.71439571996085, 24.223991149380524], [-106.71418886024404, 24.224216829209265], [-106.71484420034247, 24.22513362917641], [-106.71500582971696, 24.225705139300096], [-106.71099750969414, 24.23098719930771], [-106.70808392007062, 24.23310145959143], [-106.67443131991025, 24.225789579064752], [-106.66415411967735, 24.225039919733046], [-106.60592271986, 24.21638250958177], [-106.6075804899836, 24.214899719535094], [-106.61038295002659, 24.21475737910363], [-106.61066306049881, 24.21355954936684], [-106.61061349046885, 24.21278845930442], [-106.60975385026222, 24.211675399313386], [-106.60901121958524, 24.211299998935445], [-106.60777832036636, 24.211095569528773], [-106.6067501501137, 24.211489679185423], [-106.6058853804877, 24.21118317925633], [-106.6047068897299, 24.207571519489342], [-106.60537491024817, 24.205777819235553], [-106.60579345973503, 24.205150399211995], [-106.60674814048818, 24.20441641921121], [-106.6075625795414, 24.20426822915045], [-106.60889384961723, 24.203504279120477], [-106.61086368021897, 24.203076999631794], [-106.61234738020636, 24.2019803497246], [-106.616804430042, 24.201115229383714], [-106.61778533991216, 24.200561489105375], [-106.62065333967577, 24.199929649528986], [-106.62099322989381, 24.19945390957369], [-106.62085117037346, 24.198372139090868], [-106.62055537041586, 24.198064909673914], [-106.61928677003111, 24.197568288990936], [-106.61904070977275, 24.197267029532142], [-106.61896736958322, 24.19527068958984], [-106.61842520050011, 24.19420357952591], [-106.61865538014686, 24.193559449252927], [-106.6195326797274, 24.193612429055918], [-106.6202917700619, 24.192926379273153], [-106.62029990979221, 24.1926480290867], [-106.62084705997276, 24.192231949400348], [-106.62112715001844, 24.19142456948926], [-106.62091704983479, 24.190506399747125], [-106.62140271008673, 24.188285798898885], [-106.62052077035231, 24.18591237917325], [-106.62058930960491, 24.184795629499042], [-106.62156650993407, 24.182077849445104], [-106.62378709009505, 24.178928939336394], [-106.62490486026763, 24.178236089002674], [-106.62583194023034, 24.177326169680768], [-106.62752895041271, 24.177571568963224], [-106.62903634005201, 24.177250979533845], [-106.63002495014453, 24.176715659686973], [-106.63075297971514, 24.175988598876266], [-106.63068734022752, 24.175143618917666], [-106.62923235013362, 24.17153670924011], [-106.6294580000519, 24.170896769468445], [-106.63022393977728, 24.1700663091669], [-106.63150456958175, 24.169234369509066], [-106.63330391961439, 24.168563938854252], [-106.63446568978043, 24.168531749702666], [-106.63514977997124, 24.168169229091127], [-106.6355568196612, 24.166329749313956], [-106.63486054962752, 24.164199968899045], [-106.63315005030076, 24.161726289310923], [-106.63271799987719, 24.161505659409503], [-106.63201454024875, 24.16017245918618], [-106.63271558022441, 24.159154599305115], [-106.6332104501728, 24.157911259009474], [-106.63421462027091, 24.156906079695577], [-106.63438774993921, 24.156020419029833], [-106.63498553990767, 24.155443349350936], [-106.63784587986328, 24.156004019003344], [-106.64261414972935, 24.159690319082273], [-106.64345648995615, 24.159974979621254], [-106.64415378009426, 24.159753509438296], [-106.64724225008382, 24.157502859176706], [-106.64752871001332, 24.15709322886277], [-106.64757782971502, 24.156466939111997], [-106.64832205996382, 24.155609739555103], [-106.64797882050436, 24.15467862953213], [-106.64811504983892, 24.154426999455428], [-106.64959173969474, 24.15388042926808], [-106.65044285972604, 24.153806109246467], [-106.6529064197636, 24.152851019314742], [-106.65430408025087, 24.15120364896222], [-106.65415277039625, 24.148372579183306], [-106.6525746502735, 24.145393518967666], [-106.64673805033817, 24.141304148953882], [-106.64561265972377, 24.140004539193022], [-106.64634443038535, 24.138015429387856], [-106.6483226196754, 24.136190399637066], [-106.65326456988923, 24.13569637908723], [-106.65650088035035, 24.136753999584755], [-106.66110599975019, 24.14428904904905], [-106.6642885703555, 24.145670019057217], [-106.66568749021508, 24.145215889025334], [-106.66743954049105, 24.14303491915778], [-106.66829960015305, 24.142444859342724], [-106.66729915000303, 24.141251449383034], [-106.66646934038846, 24.141097889728954], [-106.66578112047584, 24.140595799409777], [-106.66543886046632, 24.139677949009105], [-106.66463574005083, 24.13928161969336], [-106.66459028038129, 24.13846768932944], [-106.66395812012107, 24.13843596971296], [-106.6635133498544, 24.13813957972282], [-106.66345505999966, 24.137823599202967], [-106.6642966798056, 24.137620889179917], [-106.66465866016598, 24.136960369312245], [-106.66399933996176, 24.13489382915392], [-106.66454545960043, 24.135101939761505], [-106.66502333968047, 24.135784919195878], [-106.66544593993868, 24.135823319338506], [-106.66609574033728, 24.137106599565378], [-106.66732785002944, 24.138082449211378], [-106.6681524204331, 24.13837450938354], [-106.66872760030606, 24.13627717906159], [-106.66901957007339, 24.13630433950444], [-106.66987218008074, 24.137172859695962], [-106.67062869031481, 24.136981379069425], [-106.67144108003781, 24.135866339645595], [-106.67272242007995, 24.136036219506188], [-106.67523944951685, 24.134374058871785], [-106.67514940049801, 24.134056079326374], [-106.67533211024201, 24.133908968867807], [-106.67393970973819, 24.132190289550213], [-106.67547059959722, 24.130588349190973], [-106.67650255024252, 24.130812459267844], [-106.67761740023131, 24.131575548848474], [-106.67873467949917, 24.130939598926616], [-106.67897748035527, 24.13056264904294], [-106.68089866020223, 24.130433969631387], [-106.6871178499149, 24.129031979114565], [-106.68780398004323, 24.12949753947171], [-106.68865106033208, 24.130844349466006], [-106.69197363041773, 24.129953658918197], [-106.69185852047347, 24.128485429336784], [-106.6900359201845, 24.12660722908794], [-106.6906740300639, 24.126015969456443], [-106.69355442979855, 24.12662336950245], [-106.69419779983492, 24.128053448911444], [-106.6962908796964, 24.12804268923605], [-106.69555871024598, 24.126854459067367], [-106.69606389042012, 24.125062309735117], [-106.69472472030964, 24.123648799065652], [-106.69571266027566, 24.120427019172755], [-106.69304540002732, 24.120865229585824], [-106.6818724596178, 24.11902085945127], [-106.68009237978937, 24.116993778991457], [-106.67932851014974, 24.11675564884299], [-106.67876074961508, 24.116294858995698], [-106.67810617024801, 24.114503458875642], [-106.67795736986095, 24.112532629164722], [-106.67812155040812, 24.112211289494198], [-106.67781076993198, 24.11131285957977], [-106.67791597957762, 24.10946562960884], [-106.6776396495829, 24.108588879432876], [-106.6778614296416, 24.10712999931801], [-106.67873186029051, 24.10503685900609], [-106.67935231029138, 24.104421519451346], [-106.68055385992417, 24.101880148957534], [-106.68060228951927, 24.101396919123278], [-106.67771381975227, 24.09758507932365], [-106.67666589028708, 24.09666716893401], [-106.67621763016012, 24.094282949043777], [-106.67480169026338, 24.09037262917679], [-106.67429669018148, 24.090072719407036], [-106.6732909995142, 24.090012219066345], [-106.66986869026663, 24.089033119607077], [-106.66779099990723, 24.08806385889505], [-106.66732275024374, 24.08734945947512], [-106.6636374499098, 24.086249579443674], [-106.66261049018479, 24.08576874910399], [-106.66154941994505, 24.085051229399085], [-106.66146672048117, 24.08442784902668], [-106.66031805986296, 24.084139689499352], [-106.65869491982562, 24.082202288974894], [-106.65708994988539, 24.077588108924584], [-106.65586320048179, 24.073206119699623], [-106.65401982954795, 24.071293079388777], [-106.65412251030804, 24.070668618885033], [-106.65377576955824, 24.069583019357896], [-106.65400908012276, 24.068772259369503], [-106.65385669006616, 24.0666805390278], [-106.65367037015704, 24.065421249216506], [-106.65334985984437, 24.064800939338163], [-106.65487062023914, 24.060135749076753], [-106.6562113699586, 24.0594354791774], [-106.65777823020407, 24.059362619164347], [-106.65872992032278, 24.058761778852105], [-106.6592907795587, 24.058092689188207], [-106.6590116303771, 24.055931279711306], [-106.65778832002621, 24.053561019365755], [-106.6576749098418, 24.05288913886676], [-106.65568130985054, 24.05125390931883], [-106.65490754031144, 24.049965779284914], [-106.65467126004108, 24.048894629507185], [-106.65473846028132, 24.04808142896239], [-106.65497579953136, 24.04708530942967], [-106.65693886041923, 24.04426239971055], [-106.66007723004391, 24.043317079221076], [-106.66276600031624, 24.04162114916499], [-106.66370532034412, 24.040780979067822], [-106.66550455014767, 24.037775749071937], [-106.6656848899526, 24.036519579384624], [-106.66597145016368, 24.03605247972012], [-106.66686822957828, 24.03545879952378], [-106.67064414015209, 24.031845719301266], [-106.67269415037367, 24.031076219478088], [-106.67546535021495, 24.031606309711663], [-106.67785891963148, 24.030735829438864], [-106.67791937016668, 24.029879289525564], [-106.67831554968026, 24.029360479106607], [-106.67875805016917, 24.02743751934458], [-106.67969654012128, 24.025221179664864], [-106.67980977962821, 24.02385874963679], [-106.68005845962762, 24.023402049227688], [-106.67995122998799, 24.022911369717757], [-106.6793811799979, 24.02257951928602], [-106.67872313997267, 24.021548289333555], [-106.678556950285, 24.020910119365542], [-106.67537708980421, 24.018551489371937], [-106.67540126032885, 24.017118679392652], [-106.67658298032758, 24.01620044963564], [-106.67730435043326, 24.01465268886275], [-106.67805896960363, 24.014116168880733], [-106.6787106004356, 24.014145289285537], [-106.67990114959828, 24.01268530927525], [-106.68066176997903, 24.010840519480073], [-106.6805898898141, 24.009753779556366], [-106.6813013998461, 24.006868689669705], [-106.68195397013369, 24.006440939458084], [-106.68232718028067, 24.00563159940969], [-106.6820860303033, 24.004740689484173], [-106.68148145963421, 24.004276349303748], [-106.68183412008831, 24.003239149480617], [-106.68198617007073, 24.00183477923961], [-106.68296596960683, 23.99980839968405], [-106.68373348985273, 23.999256569566597], [-106.6840654300902, 23.99867754907861], [-106.68526577955741, 23.99754381889793], [-106.68515385031124, 23.99680890944792], [-106.68594751999865, 23.99487364949445], [-106.68595617037444, 23.993854349667775], [-106.6862069098522, 23.99356399971372], [-106.68610107961297, 23.99295402961907], [-106.68682874996651, 23.99170579962348], [-106.68710910953425, 23.989019289687754], [-106.68762146017778, 23.987773419440956], [-106.68780095003376, 23.986364059325446], [-106.6882774600861, 23.986084748851127], [-106.68839135043415, 23.985619058924705], [-106.68846307957149, 23.98190416951321], [-106.68997560024962, 23.975027829626672], [-106.68994938025526, 23.97386124972396], [-106.68958797006701, 23.972746939474707], [-106.69012571986299, 23.971529919520222], [-106.6898731995077, 23.970081888968025], [-106.69036941958765, 23.96697245893314], [-106.69086031951049, 23.965288228894565], [-106.69064731020896, 23.962842538910476], [-106.69105751996938, 23.960896509415022], [-106.69198479985967, 23.960100049700713], [-106.69332653962752, 23.95982316918335], [-106.69425526044803, 23.959138998972005], [-106.6950744000589, 23.95942947934934], [-106.69609734963052, 23.960753519243525], [-106.69765821985705, 23.96098217917774], [-106.69909570977256, 23.96075411887818], [-106.69937975017599, 23.960651139053045], [-106.69939826034782, 23.960105948879324], [-106.69985174026581, 23.959528659690122], [-106.70074637043957, 23.959157818972194], [-106.70201341991644, 23.958240139416688], [-106.70407313971785, 23.957608339649415], [-106.70478741964496, 23.958256738957104], [-106.70455496953939, 23.95892384892639], [-106.70656666015685, 23.96029205905302], [-106.70719348000128, 23.961657859423596], [-106.70711257991654, 23.962738148919613], [-106.70794727996463, 23.963838479664098], [-106.70957108024321, 23.96510310966187], [-106.70976667955976, 23.965497689115182], [-106.71249377008884, 23.966208679399067], [-106.71303275043236, 23.966031248933643], [-106.71390007968523, 23.965275909515597], [-106.71489212045911, 23.964073489360228], [-106.71524191968199, 23.961975119460757], [-106.71504004970905, 23.961459689374962], [-106.71423457044055, 23.960849479036458], [-106.71398360006849, 23.95895956909347], [-106.7114098804811, 23.95929581973325], [-106.71066236961974, 23.95920773893001], [-106.70942286017056, 23.958561799094294], [-106.70892459966778, 23.957981379484963], [-106.70476193964808, 23.947029308911958], [-106.70417617994845, 23.946003949536852], [-106.70315397002581, 23.94487536974332], [-106.696569090232, 23.95036124886992], [-106.69042459964871, 23.949126058859054], [-106.67191776974595, 23.923803999752565], [-106.67055080025368, 23.919565969299022], [-106.67691205007347, 23.906318798929345], [-106.68402405988331, 23.895383149550383], [-106.68554325000675, 23.893583228881607], [-106.73563765001016, 23.853319369514438], [-106.73170630956496, 23.834417249040623], [-106.73741932035902, 23.83318134920221], [-106.74289337020525, 23.802636619517482], [-106.73794128011416, 23.800631179406523], [-106.74005639979424, 23.789285449457306], [-106.81593061996548, 23.77997704897365], [-106.82188326030708, 23.77946388889719], [-106.86161240005107, 23.774550879140506], [-106.86192513994966, 23.77434671891067], [-106.86640000006796, 23.779599999262533], [-106.86799134026333, 23.781869979403066], [-106.87169394032645, 23.78609854938944], [-106.87319245955501, 23.787680799580205], [-106.8817645704047, 23.795284749102287], [-106.8820391701723, 23.795773288934463], [-106.881878820174, 23.796651109520912], [-106.8820261102843, 23.797429148926444], [-106.88378357961673, 23.801009259334972], [-106.88358970975027, 23.80190622960692], [-106.88260410989668, 23.802953859215652], [-106.88256756973998, 23.804888539036078], [-106.88313300016127, 23.807655618929644], [-106.88379946030294, 23.80946679933546], [-106.88505926009739, 23.811919618860955], [-106.88500522978036, 23.81605764942752], [-106.8853849082465, 23.817377331433615], [-106.88528418268413, 23.8183654155356], [-106.88551385008284, 23.820825169396926], [-106.88588725010929, 23.823452678991003], [-106.88680000040294, 23.82659999951842], [-106.88739999984746, 23.82999999971267], [-106.88840000025205, 23.833399999017225], [-106.89089999960146, 23.838799999389483], [-106.89330000037808, 23.841699998946208], [-106.90339999981762, 23.85159999934255], [-106.91937129030873, 23.866270288976576], [-106.9282325095709, 23.875302919551473], [-106.93809999994237, 23.884499999745028], [-106.94829999982407, 23.894499999401937], [-106.96159610238462, 23.906696119232283], [-106.97093242974294, 23.914660772041508], [-106.98404871664039, 23.9266972575908], [-106.99047628854045, 23.933606964965655], [-107.01159999984091, 23.952799999341682], [-107.02259999979425, 23.961599999730762], [-107.02359999969325, 23.96259999941601], [-107.02569999977959, 23.96399999893635], [-107.0356000002213, 23.972799999011475], [-107.05580000049143, 23.989699999233917], [-107.06154154985252, 23.994057059359722], [-107.06930000034195, 24.000399999227827], [-107.07199999963612, 24.00229999905617], [-107.07710000012864, 24.00679999933559], [-107.08299999991954, 24.01119999921002], [-107.11613896925599, 24.03736004942126], [-107.11524483040597, 24.037446168929694], [-107.11175091905257, 24.03468845944172], [-107.11017204973903, 24.03782462945585], [-107.10998093952968, 24.03927850917798], [-107.11036245924711, 24.039778199212112], [-107.11220545004855, 24.039466749420054], [-107.11267754854082, 24.039496308946706], [-107.11258287900442, 24.039714018930944], [-107.11232775011808, 24.0397355696016], [-107.11209226004944, 24.040069649455752], [-107.11146671867209, 24.04009319909288], [-107.11006730904833, 24.04101517892714], [-107.10916748927335, 24.040669489147515], [-107.10868016898537, 24.040198749177623], [-107.1078690787289, 24.040225349248907], [-107.10525381858275, 24.0423576496828], [-107.10499805885193, 24.04282707913831], [-107.10472388011401, 24.042910179523947], [-107.10420025969546, 24.04393379903448], [-107.10468634894275, 24.044550459130104], [-107.1049840203477, 24.04458107911406], [-107.1048527691387, 24.044815919600367], [-107.10507585019373, 24.0449120190346], [-107.10512962877196, 24.045228599664686], [-107.10695486028992, 24.04707090886733], [-107.11053934022044, 24.05005379892635], [-107.11049077891197, 24.050359049064777], [-107.11102702015522, 24.051068849061146], [-107.1112067785466, 24.05182484916934], [-107.11064868850912, 24.050913848971355], [-107.1101511101836, 24.05059427898601], [-107.10938813864486, 24.050780538928333], [-107.10923059929999, 24.05118450936451], [-107.10932281869792, 24.055150548899995], [-107.10965908001873, 24.057139549513423], [-107.11061814952241, 24.058909139630416], [-107.10998599923374, 24.060399319538554], [-107.11033024900419, 24.06137385964564], [-107.11113078014334, 24.061814779680347], [-107.11123851040405, 24.062209349428976], [-107.11187705981305, 24.062778079239315], [-107.11433650994834, 24.064275819748143], [-107.11612591856691, 24.06495413949108], [-107.11643214980698, 24.065276319611147], [-107.1169269800856, 24.064835118959465], [-107.1173637701792, 24.064778859128594], [-107.11774997927068, 24.064974369580742], [-107.11843864895539, 24.066923399304095], [-107.11924879967816, 24.067941659737876], [-107.12012891998037, 24.069888029463506], [-107.12163285886311, 24.071499309383974], [-107.12362134980548, 24.07262671891401], [-107.12404445028444, 24.073399279206075], [-107.12501634044882, 24.074264579031993], [-107.12846253893836, 24.075848778985165], [-107.13188827882631, 24.07699877952043], [-107.13345123026045, 24.077202938939323], [-107.13519982040225, 24.077052999489833], [-107.13611484986082, 24.08108284905361], [-107.1368082890961, 24.081650679511885], [-107.13771117035115, 24.08329524886963], [-107.13859485018571, 24.083785089065113], [-107.14124968876247, 24.08382324923003], [-107.14273816859442, 24.084480339233437], [-107.14285425011275, 24.08488045938265], [-107.14332639993637, 24.085300719242564], [-107.14447748943047, 24.08541010912487], [-107.14489822979057, 24.086031949177094], [-107.14570734018193, 24.08860685894422], [-107.1476582792738, 24.090738849161035], [-107.14831905869117, 24.090980659026858], [-107.14928753977124, 24.090959819433753], [-107.15049959878313, 24.091444918943004], [-107.15355065886334, 24.094045979253792], [-107.15561203050135, 24.09443621962858], [-107.15620673993793, 24.09400097972277], [-107.15733641935786, 24.09446208929758], [-107.15797484871814, 24.09500548970199], [-107.15948928882712, 24.0971937190094], [-107.16107104986371, 24.098502149221414], [-107.16242470938624, 24.099261369420812], [-107.16335743044964, 24.09939879919047], [-107.16422358022652, 24.098834149202613], [-107.16488147959119, 24.09890014960508], [-107.16528242015265, 24.103213249359133], [-107.16493936942172, 24.103971369668407], [-107.16368587982505, 24.104290449571906], [-107.16155099894023, 24.10427044933989], [-107.1598462192857, 24.103792349622186], [-107.15718393911943, 24.101695709265805], [-107.15681777011442, 24.101073139729845], [-107.15568341962748, 24.10033588971769], [-107.15398674863043, 24.098702619205156], [-107.15299431045071, 24.098264649517873], [-107.15182290967529, 24.098582419382346], [-107.15160745044804, 24.0971542496947], [-107.14994387878913, 24.09639682895552], [-107.1475015198904, 24.094347079174646], [-107.14615267966168, 24.093863859601285], [-107.14447836901236, 24.09356093922116], [-107.14344418035415, 24.093901878937253], [-107.14184928020288, 24.09507924941553], [-107.140837030263, 24.09509342930297], [-107.13961081902028, 24.094647179597047], [-107.13897115035822, 24.094028399336814], [-107.13761934018781, 24.093369369413026], [-107.1343315798165, 24.093497429578633], [-107.13300237998766, 24.09324745902536], [-107.13230071880142, 24.0935854488968], [-107.13173768993465, 24.094443689531698], [-107.13089285924873, 24.094970199488433], [-107.12820029020432, 24.094680999395315], [-107.12723899956484, 24.092811149635022], [-107.12627564858329, 24.089158569752676], [-107.12602987946738, 24.08421542894443], [-107.12541066013395, 24.08316939970587], [-107.12489380021418, 24.081695139414727], [-107.12436536952248, 24.081175168872935], [-107.1226904499936, 24.080821779358892], [-107.12113665859421, 24.079512549170044], [-107.1198253702965, 24.079508518909805], [-107.11853003022884, 24.079071619480587], [-107.11725328974141, 24.07713228941587], [-107.11550519882505, 24.07564988934768], [-107.1146804797688, 24.075410229604802], [-107.11345213879503, 24.07392061934453], [-107.11240853926809, 24.07368391947494], [-107.11207452034141, 24.07333699917091], [-107.10917936990029, 24.072515179409006], [-107.10844121913104, 24.072006109542023], [-107.10593841931173, 24.07121197937112], [-107.10327494910145, 24.069760879525788], [-107.09993251032341, 24.06948037961575], [-107.09662677003799, 24.069776849124548], [-107.09555590958274, 24.06954041963509], [-107.0935423387248, 24.068538488932408], [-107.09163171016867, 24.067133369650627], [-107.08961344917562, 24.064147749313253], [-107.08914929047475, 24.0629109790706], [-107.08648165879636, 24.060361059325988], [-107.08675028012505, 24.0600561089672], [-107.08660743028078, 24.059681369715445], [-107.08578650881785, 24.05966745932768], [-107.0837200903859, 24.05876656964309], [-107.08387244974102, 24.058036279402057], [-107.08328022042379, 24.056939509539756], [-107.0834635803167, 24.056434829461846], [-107.08304519968459, 24.055938289057288], [-107.08324647896596, 24.054795249428448], [-107.0813036304563, 24.053021769051245], [-107.07861666043063, 24.051429779676948], [-107.07579803029375, 24.05035377892648], [-107.07518227990501, 24.049805019153915], [-107.07446276895763, 24.048614829742935], [-107.0731866596955, 24.04764644935242], [-107.07165617944311, 24.04686082930461], [-107.06888989050739, 24.046126859662348], [-107.06616891931873, 24.042392289556165], [-107.06508921936553, 24.04202114915911], [-107.06385987861621, 24.04105205952818], [-107.06323168042024, 24.041098259286112], [-107.06205688932081, 24.0420455096905], [-107.05738151018929, 24.039631579011417], [-107.05678937884431, 24.039732979712625], [-107.05684222018422, 24.04011796926809], [-107.05755281989762, 24.040517048879607], [-107.05769900039054, 24.040900778876978], [-107.05741523015095, 24.043604519402084], [-107.05752295048917, 24.04450302954075], [-107.05922447919842, 24.045808709537663], [-107.06087121992688, 24.046600799611983], [-107.06134484898375, 24.047022979502778], [-107.06187125927468, 24.04783014936592], [-107.06211968936125, 24.048769619715898], [-107.06218717017485, 24.051458598911488], [-107.06116648992962, 24.051975799725003], [-107.05929267881815, 24.053549108993103], [-107.05922179985863, 24.054248769183378], [-107.05961277967785, 24.0543884591374], [-107.0604587198583, 24.05408637927278], [-107.05981760040214, 24.058200599434006], [-107.06219254891727, 24.05968876950917], [-107.06277264948537, 24.059782708976012], [-107.06598337882198, 24.061909779518174], [-107.0641864792204, 24.065410449112104], [-107.06336850889248, 24.06574090922328], [-107.05950687978978, 24.06437261961867], [-107.0561930595432, 24.062297969300776], [-107.05329988960379, 24.064039778972056], [-107.05012219935975, 24.064973179604994], [-107.04835454026994, 24.06624367903503], [-107.04282445978683, 24.067166169008406], [-107.01617841902272, 24.06730616960281], [-107.02043657960553, 24.07403157963901], [-107.02043392026395, 24.074578549330298], [-107.0236912197391, 24.07915945917905], [-107.0262229487311, 24.077540819266986], [-107.0294291103555, 24.080343569552213], [-107.02972596952335, 24.080255679286424], [-107.03018531916067, 24.080460689548218], [-107.03262482914836, 24.084973319138896], [-107.02790568012733, 24.085047219413635], [-107.05027205043808, 24.11639671955798], [-107.03538485968765, 24.12840421905558], [-107.0421003696423, 24.137032949593703], [-107.04922461953551, 24.146663949340624], [-107.04677264983516, 24.15449939968086], [-107.04572728049051, 24.158553949550257], [-107.04380144981019, 24.158251659629194], [-107.03368910884251, 24.15862133925563], [-107.03425899982129, 24.160520879645226], [-107.02885398001989, 24.161768279101555], [-107.02709235018028, 24.158883599401005], [-107.01195263030878, 24.159392219343864], [-107.00005502912202, 24.166966829695657], [-107.00008951986274, 24.163289888970443], [-106.98849837023845, 24.158867689493714], [-106.98717538036679, 24.15817573915224], [-106.94979996860461, 24.164107569290355], [-106.95031786035547, 24.162465968842064], [-106.95116062891941, 24.160919599332267], [-106.95314430884815, 24.159240779711894], [-106.95347194039827, 24.158368288937126], [-106.95337941901595, 24.157423979383726], [-106.95264037043738, 24.15655508940455], [-106.95138555036806, 24.155754709095522], [-106.94730873996932, 24.154706318943106], [-106.94719897896633, 24.154514749275737], [-106.94251805012078, 24.1562470190436], [-106.94277077960925, 24.156922449407634], [-106.94295018049543, 24.15962102969066], [-106.94280770927412, 24.160384629295592], [-106.94208854941962, 24.160915489660947], [-106.9418895185398, 24.16138310933162], [-106.94188068974266, 24.161807709697477], [-106.94248699921165, 24.162830109028793], [-106.94231917010401, 24.16470479954321], [-106.94132174042943, 24.166380109280002], [-106.93900737033248, 24.16685737940401], [-106.93845437041973, 24.167162379003376], [-106.93766571981273, 24.168188139221115], [-106.93715054992022, 24.17054721923531], [-106.93707843029507, 24.171844458909586], [-106.94013984997085, 24.177502229206322], [-106.94039790857451, 24.17961045912064], [-106.9404074798699, 24.182951049271775], [-106.93916871914696, 24.187079939766253], [-106.93781634862087, 24.189007479255466], [-106.93765621922553, 24.19023821889961], [-106.93575971991383, 24.192473979502417], [-106.93345090977546, 24.193831689116156], [-106.93224457970811, 24.194307679238676], [-106.93147213893086, 24.194134368928186], [-106.93102439905215, 24.19439782951628], [-106.92946508983232, 24.19629924962022], [-106.92673201953319, 24.199052089320233], [-106.92640273972196, 24.19985747928687], [-106.92727059993703, 24.205084019344437], [-106.92811374030164, 24.206982599516635], [-106.92837644954385, 24.2091755989845], [-106.92913532000749, 24.210598319225625], [-106.93045707881909, 24.211714779073596], [-106.93253228889495, 24.21261557919674], [-106.93362211951145, 24.212405969533112], [-106.9333415497339, 24.214253968937474], [-106.93666935021066, 24.219767348878193], [-106.93657856896557, 24.220862078956156], [-106.9367714189002, 24.22185719893499], [-106.9377365501333, 24.223436148898234], [-106.93812984852264, 24.22367521917026], [-106.93882855017011, 24.22327591901039], [-106.93925697944434, 24.22362601893307], [-106.93890465009704, 24.22498971969351], [-106.93817104891475, 24.225709889363003], [-106.9376701393344, 24.227230919670095], [-106.93717822029554, 24.227192769417343], [-106.93412717951763, 24.223372399399327], [-106.93093756935296, 24.22516147889584], [-106.92866194927718, 24.225867648952395], [-106.92510135022998, 24.231974029144688], [-106.92590398023263, 24.24037705970444], [-106.92473664907419, 24.244341939345208], [-106.92076519911227, 24.249819799096265], [-106.91891999994378, 24.267125889520035], [-106.91390430929313, 24.26565804904012], [-106.91321284958399, 24.27617253953052], [-106.88913119963438, 24.284043569519948], [-106.88646965983955, 24.28105897890259], [-106.84661569004572, 24.268656199284372], [-106.79390325012038, 24.2871632890607], [-106.78067178032322, 24.282502428839813]]]}}, {"type": "Feature", "properties": {"CVEGEO": "25009", "CVE_ENT": "25", "NOMGEO": "Sinaloa", "CVE_MUN": "009", "NOMMUN": "Escuinapa", "cov_": 1897, "cov_id": 1898}, "geometry": {"type": "Polygon", "coordinates": [[[-105.75238622029914, 22.960496709258926], [-105.67871234963869, 22.8941474890251], [-105.65607963000436, 22.881734628940738], [-105.65641214964427, 22.883245769086397], [-105.65822313960985, 22.901735969361134], [-105.65612613977036, 22.900980419538758], [-105.65438508986223, 22.90079411975516], [-105.6514291796563, 22.900886879664863], [-105.64596179970627, 22.899892079506028], [-105.64476958017478, 22.899891779564893], [-105.6418075095099, 22.898213779107756], [-105.64048470986894, 22.897886749163586], [-105.63895631983961, 22.89843604927064], [-105.63651819993996, 22.89794217944801], [-105.63367748994082, 22.897762319123725], [-105.63272191003644, 22.89796982933565], [-105.63153510956614, 22.897399079136452], [-105.63102886046936, 22.897709619604576], [-105.62975005024258, 22.897939279609883], [-105.62956950966114, 22.899226799656656], [-105.6293322203247, 22.8995150791315], [-105.62663547988753, 22.89939502902253], [-105.62566066023689, 22.898875149397416], [-105.6251927396278, 22.89819437916327], [-105.62291788968861, 22.89730254976259], [-105.62178347984978, 22.89755133973841], [-105.61981005009815, 22.89662601913988], [-105.6195270498548, 22.897437679131325], [-105.61868177004636, 22.89722659921583], [-105.61803225983331, 22.89729574965351], [-105.61786411015223, 22.90301710951498], [-105.6192612198518, 22.908079079173852], [-105.60853689004736, 22.913952799525383], [-105.60568811978864, 22.91419482911871], [-105.60317283033949, 22.914705219647434], [-105.60045834013395, 22.92019256951817], [-105.59885805011544, 22.91932559930926], [-105.59721511952655, 22.917257169044007], [-105.59495164978452, 22.914941419275586], [-105.59013607989431, 22.90448979955517], [-105.59372745038716, 22.90372517908661], [-105.59455711962173, 22.90221416951721], [-105.5942227797564, 22.9015652591764], [-105.59495150998757, 22.899819459115157], [-105.59614661952627, 22.89938690940115], [-105.59708660045962, 22.89803267976812], [-105.59535281987905, 22.896777739605294], [-105.5938228904856, 22.893207799455546], [-105.59373017038291, 22.8924759194044], [-105.59249596988708, 22.890045649377672], [-105.59153745043662, 22.889524228878138], [-105.59006429002616, 22.887813029278618], [-105.5889878898162, 22.88603505896653], [-105.58794765995404, 22.885001279655008], [-105.58667452028317, 22.884764999266633], [-105.58500008018265, 22.884011319365833], [-105.58477442015405, 22.8831380595663], [-105.58543517954993, 22.88108076931816], [-105.58495165986459, 22.880111799500703], [-105.58443428024762, 22.879819859057775], [-105.58252573958045, 22.880167449285818], [-105.57876542040509, 22.87994770904839], [-105.57784521994428, 22.879568709366197], [-105.57744052048852, 22.879118289522232], [-105.57721572026472, 22.878000539603242], [-105.57956645992422, 22.873794689499256], [-105.57950024995019, 22.872635028894408], [-105.57824130966704, 22.870679859392517], [-105.57553697011906, 22.870073178969072], [-105.57412919967746, 22.870043548948626], [-105.57055377991907, 22.87048099908787], [-105.5682284904324, 22.870361459277017], [-105.56572050956531, 22.871517709152727], [-105.56396113979878, 22.871695509619833], [-105.56339617999136, 22.87140896952317], [-105.56226922028854, 22.8697624496949], [-105.5612652897773, 22.869635149249888], [-105.56081105999678, 22.869811079748647], [-105.55917088045625, 22.871545579237768], [-105.55815354971452, 22.872273908972016], [-105.55608171024377, 22.871922829750027], [-105.55393851032018, 22.871115229138585], [-105.55279127997089, 22.87168345965923], [-105.5509010896659, 22.873195059104912], [-105.55026772048942, 22.872980339351574], [-105.5497432598846, 22.872484419660882], [-105.5491423201283, 22.871241178892884], [-105.54881722019775, 22.86872693969904], [-105.54695926039324, 22.86718242949416], [-105.54509852019135, 22.866385879388176], [-105.54516837973969, 22.865628709148858], [-105.54576871953225, 22.86499404916846], [-105.54534646002409, 22.864085309512767], [-105.54414968033954, 22.86376076937234], [-105.54077040007843, 22.863591219710713], [-105.53994767965969, 22.86324005939918], [-105.53963852030921, 22.86235413893618], [-105.53973327963159, 22.861852138938406], [-105.54033596968753, 22.860965109389955], [-105.53953242009193, 22.860336399636655], [-105.53914811998514, 22.859745518984376], [-105.53887212046538, 22.85840457932158], [-105.53840513968804, 22.85774562913097], [-105.53821890961284, 22.857027738971475], [-105.53814564970075, 22.855704059737867], [-105.53698771009024, 22.853591109329038], [-105.53645517044522, 22.85184025973058], [-105.53556082979615, 22.85156010949506], [-105.5337456204304, 22.852074509316907], [-105.53254410962546, 22.85171030902934], [-105.53157041974087, 22.850803379048408], [-105.53129209013123, 22.84959525919754], [-105.52958691020862, 22.848371509605357], [-105.52983557024024, 22.84806551943083], [-105.53109362994189, 22.84796173953644], [-105.53172803023843, 22.847299379598002], [-105.53210604994453, 22.846327339736543], [-105.53215909025387, 22.845354509041368], [-105.53158617985673, 22.843948738877], [-105.53219334972216, 22.842407479465702], [-105.53220571015545, 22.84129350957943], [-105.5324602503323, 22.840687549457755], [-105.53247218031679, 22.840014219312202], [-105.53198845008322, 22.83917322969714], [-105.53214317993869, 22.837748599085966], [-105.53307422962108, 22.8368244495391], [-105.53309178043477, 22.83625753954922], [-105.53393294001856, 22.834406969378204], [-105.53264317953618, 22.83211371906999], [-105.53407828009462, 22.830626629705062], [-105.53263510975472, 22.830038539658506], [-105.53215108013266, 22.82907667902061], [-105.53006611045494, 22.828120119474523], [-105.52893456960736, 22.825307519320265], [-105.52579830962785, 22.821538049229208], [-105.52282567982232, 22.818657349111554], [-105.52086713989459, 22.81873896945591], [-105.51952385033749, 22.817609579433924], [-105.51519885989974, 22.81688247927029], [-105.51279514009083, 22.816223199151104], [-105.51079607997012, 22.816748419689567], [-105.50960154044749, 22.818382769510286], [-105.50599065015864, 22.815948479024414], [-105.50335177043983, 22.81662387947906], [-105.50214817028599, 22.81581239914536], [-105.500868619719, 22.81611288964927], [-105.49695269042085, 22.812048818913464], [-105.49493859994926, 22.810616229279006], [-105.49685985004938, 22.81105885917651], [-105.49890641986322, 22.811142799215425], [-105.49978205975219, 22.81077871951797], [-105.50048757025998, 22.809417379066563], [-105.50209448040908, 22.810109169171007], [-105.50250505978129, 22.80932481928934], [-105.50278634041965, 22.80631547918141], [-105.50346748990036, 22.80606974957583], [-105.50495344982518, 22.806512718986447], [-105.50561043004565, 22.805882309129707], [-105.50628614002122, 22.804163799536312], [-105.5060899396316, 22.803803089038176], [-105.50521135030016, 22.80335421912038], [-105.50521034956057, 22.8030832194923], [-105.5061773498798, 22.8010927794774], [-105.50626410994133, 22.79820181921685], [-105.50645730968535, 22.79774953954251], [-105.50694377989248, 22.797567319717352], [-105.50821238048461, 22.798105289733016], [-105.51118202953721, 22.796910489673834], [-105.51097383005619, 22.795765649285165], [-105.511268690098, 22.79499924891681], [-105.51130530964537, 22.794043649321036], [-105.51082584988434, 22.7934898896999], [-105.51024262979767, 22.793853088930188], [-105.50975785001576, 22.794486979450376], [-105.50897808038805, 22.794399138969037], [-105.5086847996241, 22.794129079479035], [-105.50858469010913, 22.793406719511747], [-105.50916489027935, 22.792230519444683], [-105.509486539583, 22.79186302913786], [-105.51144467950812, 22.79090997907969], [-105.51113437021536, 22.789896179146634], [-105.51158875018699, 22.789061059494973], [-105.5120748595367, 22.788788509335493], [-105.51392522968577, 22.788601879303883], [-105.51499417033557, 22.787875749653868], [-105.51444238013369, 22.78679661923864], [-105.51494959967592, 22.78572454951014], [-105.51655534995844, 22.78445353909971], [-105.51770771030276, 22.7840729395885], [-105.51858482963374, 22.78416041957216], [-105.51912129016401, 22.783890488894453], [-105.51867815041858, 22.783076109203407], [-105.51699343038558, 22.781730829773014], [-105.51651202012576, 22.780557829125392], [-105.51658151989723, 22.779923858987736], [-105.51792430954836, 22.777208059587313], [-105.51904253992178, 22.776390179331823], [-105.51923599977901, 22.776028219644864], [-105.51990557999797, 22.772773999340817], [-105.52039195025876, 22.772591739292835], [-105.52117160002133, 22.772679539279096], [-105.5219019700901, 22.774887419661216], [-105.52258137964526, 22.77556625940153], [-105.52400580039738, 22.775756199241386], [-105.52435548036505, 22.77564693935305], [-105.52469206016734, 22.77517014892227], [-105.52459608007476, 22.774478569311665], [-105.52392911011965, 22.774005089660694], [-105.52319477042937, 22.77307531935972], [-105.5193682000625, 22.759002259113156], [-105.5140822299622, 22.75932844949453], [-105.51526282987926, 22.739469889483658], [-105.52079860004149, 22.72941521897353], [-105.52289345969504, 22.724334799207494], [-105.51369411991878, 22.693790739278537], [-105.51151231006182, 22.685249309280533], [-105.49806384979452, 22.651390749222493], [-105.46396310998463, 22.659238309113586], [-105.46367711022523, 22.65717564902011], [-105.46237352012541, 22.656904769729103], [-105.46055678046714, 22.651230419617487], [-105.46039094009674, 22.64754993897149], [-105.46122019958084, 22.646657118974666], [-105.46485552040302, 22.646108829148638], [-105.46608065002141, 22.64396824965876], [-105.46636871996243, 22.643967399114484], [-105.46689062982986, 22.64341856977119], [-105.46741508021388, 22.642438278926083], [-105.46824845956353, 22.641783339767656], [-105.46936785990253, 22.641436829361545], [-105.4702131996031, 22.64014176891447], [-105.47157132038106, 22.636040229297706], [-105.47345394966612, 22.63358777907179], [-105.47398068982959, 22.63330074939732], [-105.47419888995495, 22.632810739324174], [-105.47392901987419, 22.631057919023526], [-105.47268061958259, 22.627184999442143], [-105.47235609010744, 22.626503909040167], [-105.47149186003378, 22.625641139052842], [-105.46995112019194, 22.625156278908907], [-105.46871960000851, 22.625078309215766], [-105.46771000036996, 22.62561141945831], [-105.46665518022373, 22.62577761953239], [-105.46259217990836, 22.62574219956155], [-105.45674678008646, 22.626696919364885], [-105.4522626285732, 22.62707666024303], [-105.451031218691, 22.62703935052907], [-105.45045862017574, 22.62675547897503], [-105.45023583001975, 22.625858909088983], [-105.44957210996861, 22.62459653899075], [-105.44947113943779, 22.623272939219632], [-105.45016448999053, 22.620130799154424], [-105.44913974965259, 22.61601468959783], [-105.44856337043804, 22.61454814918189], [-105.44811137958742, 22.61012281916936], [-105.44850525971874, 22.609550778976406], [-105.45057018025229, 22.609055599638122], [-105.45157905980247, 22.608318688998537], [-105.45337454962592, 22.606111419478246], [-105.4544268299646, 22.605211249611152], [-105.45489017035531, 22.604330979615714], [-105.45525282028254, 22.6019227795187], [-105.45603696968828, 22.600737249679582], [-105.45620945979667, 22.59971721957161], [-105.45598640038949, 22.598739089141336], [-105.45523564982801, 22.597721659254542], [-105.45294400021099, 22.59605608896126], [-105.45237008002275, 22.595323629324866], [-105.44232019962733, 22.59036445894924], [-105.43906019998573, 22.587885308897196], [-105.43759982982478, 22.584911849705488], [-105.43693046013586, 22.581907398875593], [-105.43801493965229, 22.57770321936151], [-105.43743417991656, 22.574442739044212], [-105.43751053955044, 22.570853679719317], [-105.43790111965443, 22.56825687922511], [-105.43842586018677, 22.56756228964103], [-105.43873056991418, 22.566459949751405], [-105.43872757970473, 22.565236259785724], [-105.43753376952286, 22.563609179015707], [-105.43704496991907, 22.561611478955253], [-105.43550309022045, 22.560392459679775], [-105.43527991044323, 22.559699999350926], [-105.43571715001548, 22.55876036952865], [-105.43678735034197, 22.55787293928266], [-105.43737756991551, 22.5569889196721], [-105.43765133972701, 22.555739629694504], [-105.43645588039443, 22.553173599088467], [-105.43474701983196, 22.550938369503932], [-105.43462553983329, 22.549984199411835], [-105.43540547976234, 22.544675309345543], [-105.43634781966058, 22.542542999397813], [-105.4368165498724, 22.540742679085824], [-105.43629462989499, 22.53832148976022], [-105.43661618047662, 22.537523369043225], [-105.43799645968808, 22.53627122941705], [-105.43909545952195, 22.533477949011306], [-105.44007829027447, 22.53171430894671], [-105.44082810996625, 22.53101381940347], [-105.44339760036132, 22.53060322967978], [-105.44403048026001, 22.53001428904178], [-105.44422542978467, 22.52942602918749], [-105.44398451968904, 22.528728519709592], [-105.44208077005173, 22.527118249616024], [-105.44144441722283, 22.5259455515805], [-105.44129222982343, 22.525114060570985], [-105.44172468986943, 22.524268430437232], [-105.44377477027321, 22.522316550493365], [-105.4449188785982, 22.52157906056173], [-105.45053237992333, 22.5196910489619], [-105.45251063013534, 22.51964952003831], [-105.45353606040956, 22.51942679920043], [-105.45448356940776, 22.518762660084377], [-105.45527025971286, 22.517438289037305], [-105.45613949044895, 22.5169220893501], [-105.45673120037176, 22.516295879730375], [-105.4572053099899, 22.514678819779807], [-105.4577516502346, 22.513886519678362], [-105.45837450954696, 22.512340779710808], [-105.45867487989955, 22.511153748885935], [-105.45952297004044, 22.509983979427137], [-105.46029173976915, 22.509360449505934], [-105.46083679982179, 22.50856811077977], [-105.46133202997936, 22.508538709707516], [-105.46218077011184, 22.50954081887979], [-105.46212678025535, 22.5104784289143], [-105.46236717960096, 22.51074122959724], [-105.46321234962014, 22.5106066290935], [-105.4637492797626, 22.509994519003257], [-105.4642970185633, 22.50803571951463], [-105.4649994485871, 22.506903618623998], [-105.46644832043802, 22.50538787876222], [-105.47105289028241, 22.505564319235198], [-105.47155663020499, 22.505323139060643], [-105.47207434994117, 22.503972489198503], [-105.47406028843432, 22.502900429020084], [-105.47442226030329, 22.503233819647697], [-105.47467015032274, 22.50473324940049], [-105.47454034984466, 22.504867289411273], [-105.47485262017415, 22.505458249711427], [-105.4763352304873, 22.505686649517695], [-105.47834812041266, 22.50497714937415], [-105.47915892018536, 22.50630711969868], [-105.47933075025259, 22.507843249070184], [-105.4815959402071, 22.508768259101092], [-105.48145773961934, 22.509467539094025], [-105.48070167996886, 22.509950719278848], [-105.48068325954891, 22.510689399605813], [-105.48097289037769, 22.51160331919252], [-105.48066134987648, 22.513929979573234], [-105.48175744961378, 22.51441942933561], [-105.48198611976002, 22.5150619196804], [-105.48337294042145, 22.516227569751187], [-105.4837964896274, 22.51771281951617], [-105.48492411959047, 22.517449018995954], [-105.4862055102699, 22.5175774297599], [-105.48711351992664, 22.517975259663423], [-105.48742967979183, 22.518459999376557], [-105.48827062023648, 22.518883769081995], [-105.49023138022285, 22.519354168888462], [-105.49201565999583, 22.519448378947185], [-105.49318070974354, 22.52027981966568], [-105.4931980296567, 22.523422449185272], [-105.49398231956482, 22.523627739559114], [-105.49508561969404, 22.52310425954376], [-105.49574200007739, 22.523321649292676], [-105.49597711962824, 22.523876379403905], [-105.49662145005196, 22.52417565951224], [-105.49876594537332, 22.524458609766864], [-105.50024038007689, 22.525103399122916], [-105.50205649037119, 22.52514210948045], [-105.50267630953572, 22.525593679232617], [-105.50288438017809, 22.526114749650098], [-105.50284674019993, 22.526900259229556], [-105.5031793500553, 22.527681859312132], [-105.5095665799875, 22.516962709320314], [-105.51317435042205, 22.51702208965103], [-105.51342231964576, 22.518484979028248], [-105.5158246296413, 22.51802627909464], [-105.51603525032297, 22.518973168900857], [-105.5166048204297, 22.519022649613525], [-105.51681257198649, 22.519935119371887], [-105.51729477005146, 22.520183079732377], [-105.51845234007173, 22.519959489284723], [-105.52009865003409, 22.520739369628718], [-105.52014171959495, 22.520463289622164], [-105.52041313995656, 22.520729248896597], [-105.52188940047672, 22.520547629278905], [-105.52193806004726, 22.520995279034764], [-105.5247254495322, 22.520324339758893], [-105.52453668971117, 22.519800319340934], [-105.526414309524, 22.51999201889078], [-105.5263797796204, 22.519249168969413], [-105.52713705978499, 22.518943568972432], [-105.52936951978342, 22.51890797907903], [-105.52888257995181, 22.517188679622954], [-105.52958425003882, 22.51595879917666], [-105.53145209047719, 22.516158909208915], [-105.53143260014619, 22.515321579191514], [-105.53310805022295, 22.51522757911707], [-105.53359631997206, 22.515031229554232], [-105.53837496961027, 22.53040156925758], [-105.54003835008214, 22.531326549526124], [-105.53993477010016, 22.535593339470665], [-105.54167594022731, 22.536536878947384], [-105.5525169204597, 22.5391267691504], [-105.555774309936, 22.538101879111046], [-105.56038174967897, 22.53729822914601], [-105.57364433988445, 22.5392511690236], [-105.57619050981728, 22.538021489717163], [-105.57595114018184, 22.535149749779563], [-105.58389316989994, 22.533484229237192], [-105.58990774003234, 22.533771028947722], [-105.59173254026997, 22.535825449771103], [-105.59257644983585, 22.53623947970307], [-105.59407626005276, 22.536458339737088], [-105.59648148985377, 22.53619634912649], [-105.59828823038838, 22.536671139766234], [-105.59905913985939, 22.537510999260356], [-105.60051267987241, 22.540039179311446], [-105.60085537967406, 22.54104847894826], [-105.60165613959394, 22.542193578987824], [-105.60163557021532, 22.542547679453588], [-105.6001295496389, 22.543766659393853], [-105.59990948976606, 22.544404519569945], [-105.6004765796611, 22.55888779947349], [-105.6053507695979, 22.561166179211273], [-105.60630065972997, 22.564006419467077], [-105.6121126300529, 22.568158969172213], [-105.61766897972835, 22.568238259492645], [-105.6220364599314, 22.571425519728464], [-105.6314086304523, 22.588753769620862], [-105.63055753972642, 22.592324739661944], [-105.63094951990911, 22.592980149542186], [-105.63402937982697, 22.593466368934653], [-105.63896780009338, 22.593592109579976], [-105.64040572024766, 22.5933702492916], [-105.64215842044722, 22.593888648883805], [-105.6424371704025, 22.590155428875438], [-105.64316965998736, 22.590072999572754], [-105.64270157023296, 22.585551169392073], [-105.6421862000967, 22.58292911928674], [-105.64098817970294, 22.579503569199712], [-105.64038596963371, 22.578972449052408], [-105.63921298039482, 22.576984579652443], [-105.63971239965807, 22.576886999168714], [-105.65057172013663, 22.579469749112135], [-105.65338864997614, 22.58083008897663], [-105.6533584903463, 22.580705108988337], [-105.65401971978393, 22.5807531397193], [-105.65391611958917, 22.58129665955093], [-105.65421313986639, 22.581429888963687], [-105.65418910963407, 22.581824279284398], [-105.65498905970455, 22.582970049223963], [-105.65473982985031, 22.583297718926946], [-105.65488431021892, 22.583545689205543], [-105.65538708046014, 22.583735829253964], [-105.65624004973107, 22.583403849727937], [-105.65732384968878, 22.5835338489052], [-105.65760720046632, 22.584047999755157], [-105.65799648034485, 22.58409217893975], [-105.65809799953675, 22.58484879965421], [-105.65912345001978, 22.5846737494296], [-105.65928671961329, 22.584949859065922], [-105.6590101502031, 22.5854880491851], [-105.6595457199203, 22.58559188957989], [-105.66056202960883, 22.586362979349584], [-105.6609763203232, 22.585985279000784], [-105.66100558031704, 22.58516837934223], [-105.6613938499365, 22.584964429303543], [-105.66182170956155, 22.58545087974506], [-105.6621313398096, 22.584679379240306], [-105.66291996966228, 22.585039139088032], [-105.66310498017442, 22.585398619245197], [-105.66356823024906, 22.585449688900784], [-105.6642831200168, 22.5848285390779], [-105.66465074987394, 22.58409559895952], [-105.66543319964924, 22.583660319015912], [-105.66588626014176, 22.582613019727027], [-105.66602348964189, 22.580990848943316], [-105.66638850956568, 22.580744829594863], [-105.66678703023302, 22.579562598987714], [-105.66763758004979, 22.57888130967202], [-105.66847816972205, 22.578617799025352], [-105.66936858004959, 22.577790718889055], [-105.66997005020528, 22.57688121891554], [-105.67046141997, 22.576836649317837], [-105.67104793959156, 22.576344769397842], [-105.67415603047412, 22.575756019304087], [-105.67533334998126, 22.576035779227954], [-105.67639990992102, 22.57678536971303], [-105.6769214304812, 22.57589633954257], [-105.6799853700596, 22.573771629199168], [-105.68018266041406, 22.57308265907786], [-105.6817454801596, 22.572189109031928], [-105.68453693988873, 22.571752909145808], [-105.68630781987014, 22.57203393914367], [-105.6874821699765, 22.571890549515246], [-105.68822935045453, 22.571328719479904], [-105.68858735003276, 22.57076801976817], [-105.68867183037939, 22.56965170917699], [-105.68924108970992, 22.568951539037936], [-105.69004982980688, 22.568389139776457], [-105.69188542030325, 22.568466049153045], [-105.69398608022668, 22.56798168929539], [-105.69480051977125, 22.567978549232098], [-105.69567215004439, 22.56830914948624], [-105.69783913974953, 22.568523349094388], [-105.69856170990757, 22.568380719091547], [-105.69882837040697, 22.567877569029122], [-105.70007211047746, 22.563898228906655], [-105.7004814598309, 22.5619149995315], [-105.70044206018676, 22.55845590908454], [-105.70013368952819, 22.5570347696027], [-105.69913045030707, 22.554638599416506], [-105.69728171994464, 22.55168690940093], [-105.6970068800117, 22.550767179702348], [-105.6930386904487, 22.54517353956457], [-105.69264392049645, 22.543735399757463], [-105.69182590962454, 22.542087619714437], [-105.69173209030916, 22.54053691965708], [-105.69041153981254, 22.538852109547715], [-105.68907508958601, 22.53648564907648], [-105.68809990982312, 22.5336428492657], [-105.68774500033288, 22.533288079216675], [-105.68767586012709, 22.5326267796308], [-105.68606915031859, 22.530558279728286], [-105.68565386009638, 22.529256829099126], [-105.68512795029889, 22.528798059040785], [-105.68436237983768, 22.5258594295083], [-105.68387144958452, 22.52542707962806], [-105.6771542496205, 22.512927599023755], [-105.67523487991444, 22.507200379626575], [-105.67492133970048, 22.503545939612216], [-105.67438242037264, 22.501523519266993], [-105.67430876955744, 22.496463998919708], [-105.67110577983134, 22.481562419192255], [-105.67264930986677, 22.474094979022848], [-105.67485638040431, 22.470598119539357], [-105.67614254007968, 22.46947408957331], [-105.67703580044368, 22.468135108959924], [-105.68040982008294, 22.467529579253156], [-105.68247108007229, 22.467415179758298], [-105.68277109046636, 22.467133769432547], [-105.68559715049437, 22.467568479656794], [-105.69247682000501, 22.46717693944849], [-105.69412608957745, 22.46805556970991], [-105.69508817038118, 22.468218709082493], [-105.69647136967383, 22.468240059403858], [-105.69857287970872, 22.467562169744184], [-105.70055397007762, 22.467580048937446], [-105.70118725036774, 22.46769017907689], [-105.702090630271, 22.468272419263158], [-105.70329516955401, 22.468544998895286], [-105.7047425498534, 22.469293059257485], [-105.70589045982474, 22.470515999688548], [-105.70818224975629, 22.472041089285625], [-105.71242845956355, 22.474060379569988], [-105.71260997996959, 22.47436750890019], [-105.71411626035103, 22.474946059582887], [-105.71493182972874, 22.475809139045218], [-105.715086289893, 22.476337579271547], [-105.71710877041276, 22.478254979740683], [-105.71876078033455, 22.48100679903223], [-105.71988100038817, 22.482173999246587], [-105.7203960304217, 22.48312056943568], [-105.72169448957649, 22.484230779638477], [-105.72199657953426, 22.48490005891768], [-105.72423309045811, 22.487123719538822], [-105.72429827980922, 22.48812745902798], [-105.72514657982018, 22.48921308943], [-105.72635155042668, 22.490016769272792], [-105.72701967993218, 22.491017748926524], [-105.72771712015236, 22.492438489749567], [-105.72842979956464, 22.49503127962419], [-105.72885599989345, 22.49611710888679], [-105.72924960018375, 22.49656165966589], [-105.7294653404449, 22.497565399400465], [-105.73156634958627, 22.502860848968933], [-105.732868629527, 22.504445849337674], [-105.73296144970232, 22.50486316902089], [-105.73263055019582, 22.50508821892985], [-105.73381133983061, 22.50687048910982], [-105.73393678011973, 22.50751042953663], [-105.73566188953662, 22.509253179134532], [-105.73566314991818, 22.509820749362405], [-105.73540774010219, 22.509949539714725], [-105.73654534041376, 22.51252382963792], [-105.73680094975946, 22.513691878948475], [-105.73707541973585, 22.514416289033882], [-105.73809407966164, 22.514840249449936], [-105.7397798296958, 22.520154749038447], [-105.74108356955979, 22.52185136963894], [-105.74157074975318, 22.5229093693888], [-105.74187854975422, 22.524471179664264], [-105.74378549002348, 22.526863319316146], [-105.74400553970968, 22.52745827939965], [-105.74388134046279, 22.52783907932462], [-105.74425539973836, 22.52869637900541], [-105.74490073972791, 22.529397259373788], [-105.74480462967587, 22.529977169292984], [-105.74617240024857, 22.53290273933002], [-105.74790147970343, 22.5357414292086], [-105.74911335021375, 22.537187739760896], [-105.75021207961882, 22.539336079264523], [-105.7510443798642, 22.540076889022707], [-105.75293862987104, 22.540859999745425], [-105.75407612006741, 22.540182999005758], [-105.75484578009167, 22.538978229235237], [-105.75608779956129, 22.53784914928677], [-105.75961972358442, 22.537573645629703], [-105.75811531055606, 22.5431895555007], [-105.76049431387922, 22.550968999749937], [-105.7618968498202, 22.55044945331089], [-105.76281455808679, 22.550362143329863], [-105.76364566948823, 22.550617843561493], [-105.76892974929005, 22.55599182191945], [-105.76964361496346, 22.557962009352217], [-105.76974760714907, 22.560317682119408], [-105.76994678693812, 22.560739045392555], [-105.7698183052416, 22.562109615126385], [-105.77046077601494, 22.564779366558746], [-105.77067082348564, 22.56803510942694], [-105.77109913138305, 22.56991964133638], [-105.77262493755117, 22.574420892391387], [-105.77346808376244, 22.57645878902081], [-105.77447813534361, 22.577801952524972], [-105.77740847126636, 22.58402547497783], [-105.77943577216222, 22.58742334565103], [-105.7797784138085, 22.58865114772334], [-105.78117753708513, 22.590664171354877], [-105.78140596593481, 22.59153505443855], [-105.78327622238673, 22.59467594294256], [-105.7847038991388, 22.597631233305545], [-105.79374109152519, 22.613121524271854], [-105.79459769718713, 22.614163728611334], [-105.80193595461267, 22.625984890713234], [-105.80624753870472, 22.63209534623071], [-105.81087321097245, 22.639205176079138], [-105.81781171885011, 22.648699225542302], [-105.82702478942167, 22.65971394117376], [-105.8287974868797, 22.662152888220028], [-105.83120326323233, 22.66463276604485], [-105.83143030555834, 22.665287184416687], [-105.83232512244302, 22.666008379747094], [-105.83265900923811, 22.66670286291012], [-105.83342027089348, 22.667303859329795], [-105.83407468759584, 22.668452429409083], [-105.83836179334686, 22.673033354625304], [-105.84029833503264, 22.675557536544495], [-105.8459076299104, 22.68202158101836], [-105.8508357968915, 22.686976459594625], [-105.85440170552889, 22.691130008286514], [-105.85743339637384, 22.694081565919905], [-105.8588757857197, 22.695804421339258], [-105.85932987183786, 22.6960314645122], [-105.86432481575183, 22.70140036095247], [-105.86508607739447, 22.70178766946211], [-105.86736986187887, 22.7043519182106], [-105.86863863065291, 22.705366934319766], [-105.87298215797712, 22.710103656314367], [-105.90445417003619, 22.74024722890702], [-105.91056804995115, 22.745582349110276], [-105.91791572008269, 22.752428619003833], [-105.93759985026769, 22.769544689520576], [-105.94613330979952, 22.776608709661797], [-105.9582052202061, 22.78610254896264], [-105.97965933970349, 22.801333909642786], [-105.99799620007006, 22.813114749599926], [-105.99198731001607, 22.819807028946546], [-105.98873462021787, 22.822955149175883], [-105.99003394030801, 22.823962799763166], [-105.98919776956573, 22.824939509313257], [-105.98833714975908, 22.825099349326337], [-105.98750677005279, 22.825593738877426], [-105.98584002988156, 22.82575854973201], [-105.97951468951914, 22.823660369150605], [-105.97786163039926, 22.82286984956616], [-105.97314108043717, 22.8228301395754], [-105.96921765033795, 22.82610708951949], [-105.94681559982962, 22.846158709667918], [-105.9450314002113, 22.84637614940686], [-105.94360782991188, 22.84947724952842], [-105.94251145028164, 22.85066517963663], [-105.94189908049208, 22.85097856945121], [-105.94061363032253, 22.850690818929806], [-105.94018389000817, 22.850412399688462], [-105.9395915500162, 22.849531848931075], [-105.93955797960405, 22.8457310197617], [-105.93727445027534, 22.84206465946116], [-105.93713166038809, 22.840844489238645], [-105.93529895038508, 22.84013487969478], [-105.93431825969378, 22.840039778992015], [-105.93390623028375, 22.840071019298087], [-105.9332944896627, 22.84047081948267], [-105.93296953996064, 22.841686259532242], [-105.9311702798258, 22.842460399583647], [-105.92975551002729, 22.842591149353098], [-105.92946132027778, 22.842794569118986], [-105.92884038001439, 22.844287169452116], [-105.92689097956848, 22.84513074930988], [-105.92589534030975, 22.846182419181613], [-105.92523240046397, 22.846481479729757], [-105.92427819955658, 22.846782229475238], [-105.9232031099927, 22.84674108952438], [-105.92117722991793, 22.845409139310007], [-105.91889217016815, 22.845904279221223], [-105.91583662983159, 22.84804111934781], [-105.91379115004945, 22.85026981894968], [-105.91318725016654, 22.850358479165713], [-105.91161294047362, 22.84953847898982], [-105.91051054023316, 22.849751678976457], [-105.90946319962997, 22.850341828916235], [-105.9080271100376, 22.851818479556364], [-105.89011385026745, 22.847635818943665], [-105.89059017025058, 22.845902029259943], [-105.88871445977428, 22.84396737919268], [-105.88790083016636, 22.842637779702514], [-105.88661922029304, 22.841686149079006], [-105.88605485041926, 22.84176776919386], [-105.88614349047528, 22.842368949720708], [-105.88556398014875, 22.842293689299186], [-105.8849547796139, 22.841996249512178], [-105.88473805984037, 22.841238829768336], [-105.88330755005617, 22.841061919326606], [-105.8823417099018, 22.84150834939148], [-105.88132922971259, 22.843484689219935], [-105.87940841980569, 22.840157979058226], [-105.87914891001617, 22.838905309330592], [-105.87833108037346, 22.838067779755193], [-105.87728668970261, 22.83809145951937], [-105.8776596502708, 22.839403919280933], [-105.87657173958168, 22.84029510896628], [-105.8760452899936, 22.840045169559716], [-105.87570313986772, 22.84052822899948], [-105.8754022897937, 22.840654079627114], [-105.87503255030067, 22.84048844912477], [-105.87419899959701, 22.8413774794838], [-105.87412574981819, 22.8418885190672], [-105.87373117018187, 22.84221973972025], [-105.87296392042225, 22.841576739331032], [-105.87262263039437, 22.841701539764088], [-105.87259864963123, 22.842093089644592], [-105.87185022981052, 22.842469149568824], [-105.87190150951612, 22.8428599691064], [-105.87117029000379, 22.844025999562145], [-105.87070697961657, 22.844171859631587], [-105.87037562015377, 22.84377951896593], [-105.87055799975393, 22.842040689740532], [-105.8727048296194, 22.83897741943023], [-105.87678205041492, 22.838310049412907], [-105.87733896964731, 22.837679918959356], [-105.87763982036576, 22.836743849493573], [-105.87654665030503, 22.834294799029365], [-105.87454934025072, 22.83125621912181], [-105.87425774025559, 22.83113502903846], [-105.87228617978228, 22.831459819359015], [-105.87195388034182, 22.831404919595755], [-105.87194608988462, 22.830823109774776], [-105.87172510962337, 22.831367139714803], [-105.86934632017795, 22.830683029255894], [-105.8655354202452, 22.827217488890916], [-105.86470776969435, 22.82685264952058], [-105.86323158027625, 22.82660577934318], [-105.86111823017534, 22.82650641948249], [-105.8601148304845, 22.826649939242465], [-105.85810681959009, 22.82826136958729], [-105.8558392502297, 22.828252019569273], [-105.85542643035083, 22.82863522932161], [-105.85628997995265, 22.830295949158096], [-105.85674443031029, 22.8320020292479], [-105.85652031962204, 22.83259241895356], [-105.85507229036794, 22.832861148956358], [-105.85452226010344, 22.833490048882176], [-105.85412374981799, 22.833522999517562], [-105.8539374897788, 22.83272065959112], [-105.85456268006722, 22.83147584897757], [-105.853948719939, 22.829857719418296], [-105.85060171022364, 22.825616739002697], [-105.84846083034759, 22.82469957964126], [-105.84497400000848, 22.824802859150676], [-105.8441261495596, 22.8251147394728], [-105.84369902992272, 22.825837979455603], [-105.84130316971479, 22.82727356928573], [-105.84027324983748, 22.827309739005244], [-105.83900078030142, 22.827838889149447], [-105.83820648978292, 22.82846054967561], [-105.83600425030882, 22.831986149196215], [-105.83447342013719, 22.83100410929384], [-105.83400676997118, 22.832008879745157], [-105.83374588986858, 22.8335703696622], [-105.8338727204332, 22.836202538872566], [-105.83329293974573, 22.83730237889155], [-105.83302121990204, 22.837303799663413], [-105.8326547199277, 22.83661779894763], [-105.83189014037448, 22.836000978985666], [-105.8319569704221, 22.835077798982297], [-105.83131712010797, 22.833781579285194], [-105.83023888984675, 22.833801049396374], [-105.82999910967185, 22.834476948916503], [-105.82898190988374, 22.83495265899894], [-105.82745285969517, 22.835211029443425], [-105.82575005004547, 22.836380109377398], [-105.82310986007332, 22.83547482973232], [-105.82039174977056, 22.836005879073042], [-105.81868842003898, 22.83595165907778], [-105.81799002978497, 22.835354449186656], [-105.81759601973432, 22.836041349167278], [-105.81655818018568, 22.835996229769407], [-105.81623062952353, 22.83622622960393], [-105.8170714298196, 22.83676076965637], [-105.83108811975757, 22.85039068965301], [-105.85621924995407, 22.884565169092205], [-105.83997303037731, 22.887419948905276], [-105.83837418018963, 22.8840833195397], [-105.83779894039472, 22.884486109127536], [-105.83748458021738, 22.885608719122263], [-105.83685510970012, 22.886232169444675], [-105.83608633974818, 22.88779931932322], [-105.83631714000975, 22.889544338990827], [-105.83577958043864, 22.889559229627213], [-105.83564994037766, 22.88974433974641], [-105.83526426014797, 22.891974449250657], [-105.83291995008308, 22.892269908885744], [-105.83220204973883, 22.892088249499693], [-105.83158078007055, 22.89219339966107], [-105.83005091996951, 22.891763509240285], [-105.82950876969423, 22.89185861900351], [-105.82755691965899, 22.892847719087865], [-105.82517517048808, 22.89354613974883], [-105.82470736984679, 22.894446909728273], [-105.82488865991748, 22.896131798941116], [-105.82472054961288, 22.897788818894217], [-105.82538450957988, 22.90030436961008], [-105.8247604599747, 22.904790289140397], [-105.82649017014263, 22.908953719074212], [-105.82640439960963, 22.909569689265105], [-105.81940271985529, 22.91462831940569], [-105.8181500803316, 22.914866028977382], [-105.81776626049609, 22.915120569657308], [-105.8180212796929, 22.916581449120244], [-105.81796573977022, 22.918344169036423], [-105.81806948033456, 22.918900229466946], [-105.81855297986962, 22.919579379535634], [-105.81827156999445, 22.920857019042344], [-105.8180305703849, 22.921092118888293], [-105.81568725965823, 22.91866161971468], [-105.8144427395611, 22.92110519972472], [-105.81429162044601, 22.922135508888548], [-105.81571951975594, 22.923917259419863], [-105.81503045988742, 22.92513885926319], [-105.8151643501931, 22.925493968902174], [-105.81490026000901, 22.928134369477615], [-105.8116413801268, 22.924756308990254], [-105.808676259637, 22.925769919465317], [-105.80402722045983, 22.939584579556936], [-105.79360068016283, 22.94351762907288], [-105.78878453982135, 22.944849248882964], [-105.7597812004818, 22.962466169379166], [-105.75238622029914, 22.960496709258926]]]}}, {"type": "Feature", "properties": {"CVEGEO": "25010", "CVE_ENT": "25", "NOMGEO": "Sinaloa", "CVE_MUN": "010", "NOMMUN": "El Fuerte", "cov_": 1896, "cov_id": 1897}, "geometry": {"type": "Polygon", "coordinates": [[[-108.66364050957182, 26.65800281887263], [-108.63315078044178, 26.649785569411776], [-108.63204682021654, 26.650639888806417], [-108.63065965963933, 26.650540779659803], [-108.6272116800201, 26.64962244928905], [-108.62483245994856, 26.649604799263138], [-108.62425350994745, 26.649857829563924], [-108.62192617026493, 26.64906816949183], [-108.62014389031954, 26.647561339357075], [-108.61794894009789, 26.64456137947805], [-108.61895327990229, 26.64206687908784], [-108.61798101982987, 26.640770449523043], [-108.61854492009182, 26.639724339370407], [-108.61973872007668, 26.639775168790653], [-108.62284439995275, 26.63848939950768], [-108.62640107967603, 26.63848279969145], [-108.6304974003103, 26.63931504965155], [-108.630601980338, 26.635802149382858], [-108.63167920036064, 26.63485962913927], [-108.63105069037307, 26.633124349448327], [-108.63304184995982, 26.632512249007004], [-108.63507488981934, 26.631550349426504], [-108.63789876967485, 26.62978214906801], [-108.63722566002735, 26.628281599043266], [-108.6358143799727, 26.626669459193504], [-108.63499922016342, 26.626537249683523], [-108.63434069023805, 26.62701968938279], [-108.63347506016017, 26.6268926289838], [-108.63211451008685, 26.625927649674896], [-108.63107328991785, 26.623483939285343], [-108.62980359995227, 26.622656179580442], [-108.62906043013348, 26.62256748948165], [-108.62721848964642, 26.621324119667456], [-108.62721322034061, 26.62113137963575], [-108.63088122031422, 26.619433429292155], [-108.6312692899234, 26.618006619073853], [-108.63110178001467, 26.616101859516405], [-108.63387629018452, 26.613811769646578], [-108.6349377696584, 26.61028853882861], [-108.63420334043818, 26.608888339530164], [-108.62932654041752, 26.607348628882587], [-108.62876473970812, 26.607776079524903], [-108.62647234969504, 26.60727471888401], [-108.62473173949336, 26.606612828822946], [-108.6196355700028, 26.603225398820584], [-108.61893136999342, 26.60409544960993], [-108.61861822007613, 26.603710659274757], [-108.61811944968235, 26.599000749376124], [-108.61969576956608, 26.596946549130703], [-108.6192169696656, 26.595467888979407], [-108.61722156963853, 26.594180168844588], [-108.61480847992004, 26.59481016925058], [-108.61555226034432, 26.59795770946958], [-108.61507508017841, 26.599480279138763], [-108.61153282003879, 26.597517659461], [-108.61174511969699, 26.595007739206032], [-108.61288633966122, 26.59355496925345], [-108.61866950989756, 26.591593679698647], [-108.61737903013905, 26.58927565890782], [-108.61507583000316, 26.591153489058165], [-108.61468702984362, 26.58927357906768], [-108.61179520008133, 26.587376879215167], [-108.6083980304626, 26.586606249257418], [-108.60942942993513, 26.585407429689536], [-108.60707881975377, 26.584251798968243], [-108.60587269052408, 26.585192659671794], [-108.60137353984327, 26.583805748909484], [-108.60217572033783, 26.581950819352716], [-108.60170669033101, 26.581306289267616], [-108.60065641962566, 26.580940999097113], [-108.60062174961298, 26.580419368949155], [-108.60246750993528, 26.57807450958707], [-108.60232792003255, 26.576802179325142], [-108.60108238045633, 26.575348799647], [-108.60093491020208, 26.57477334887264], [-108.60134070963572, 26.573156819237692], [-108.60189296990958, 26.572163429375795], [-108.60220550977895, 26.570529139445735], [-108.6027207199258, 26.570120078897403], [-108.60292059986526, 26.569226859185683], [-108.6037926199626, 26.568958109357443], [-108.6050448301565, 26.569070739146106], [-108.60532851993987, 26.568809049135414], [-108.60383122007858, 26.567513088947347], [-108.60286145987777, 26.567276398958317], [-108.60239977973609, 26.56742205898279], [-108.60176431997209, 26.568403749127803], [-108.60073927997315, 26.568625458806522], [-108.59912565988594, 26.56947488958455], [-108.5964476795784, 26.569347138859722], [-108.59621256960372, 26.56955057930544], [-108.59617460018902, 26.570448799500785], [-108.59534729016787, 26.57045214898855], [-108.59475171001, 26.568179338944933], [-108.59597914952442, 26.56729510899904], [-108.59782364949929, 26.567019598929186], [-108.59812513996837, 26.566402368863166], [-108.5977195496317, 26.565967029677495], [-108.59697849032499, 26.566075179147244], [-108.59602593971492, 26.56666241951649], [-108.59552742008394, 26.56641267936337], [-108.59468230957803, 26.56507110906634], [-108.59293400030444, 26.563563449255657], [-108.59256142983281, 26.562109199159266], [-108.5920971401018, 26.56182985908402], [-108.59149605051533, 26.561668859661783], [-108.59102356994346, 26.561781518904205], [-108.59028822980056, 26.56260371898721], [-108.58951299974188, 26.562741428852988], [-108.5881663401165, 26.561300849033913], [-108.58736314018404, 26.559567799339373], [-108.58679977000655, 26.55925473906743], [-108.58608398029635, 26.559873948886842], [-108.58597410979345, 26.56092434937647], [-108.5862259996789, 26.56148104945745], [-108.58806263007627, 26.563274689473403], [-108.5879638001758, 26.563799149184874], [-108.58751641976572, 26.564186169513633], [-108.58610194992316, 26.56298817927265], [-108.58433568976231, 26.562819919088614], [-108.58371094047035, 26.56325874896893], [-108.58376749009183, 26.562395458917173], [-108.5831361195349, 26.561312998982118], [-108.58185825964624, 26.559873918855796], [-108.58126869014292, 26.55955279889185], [-108.57846471990113, 26.559427429485833], [-108.57696682033256, 26.55963870926678], [-108.57575720004525, 26.559323049072983], [-108.57522388036784, 26.559409459134265], [-108.57484592033187, 26.55968950903306], [-108.57483688032514, 26.560119059525636], [-108.57514462006468, 26.560649519692124], [-108.57476465954065, 26.561025019243143], [-108.57391354015391, 26.561058258882316], [-108.5702838597418, 26.55965665963994], [-108.52976551041996, 26.577112579436328], [-108.52968521961651, 26.58397508927427], [-108.51949696991998, 26.580787399090767], [-108.51981220032654, 26.58158907953372], [-108.52052191997194, 26.582316799210435], [-108.52110064955987, 26.58331379882103], [-108.52134217033759, 26.584193029284652], [-108.52114293984799, 26.58516461951586], [-108.52126270970044, 26.58582901933382], [-108.52050089037384, 26.58695971926586], [-108.5214040895044, 26.58860110912526], [-108.52158829041667, 26.58938704958353], [-108.52262945030665, 26.590850199384537], [-108.52222141973854, 26.591353249336866], [-108.52147514038255, 26.591761719451398], [-108.52210642973755, 26.59357899961724], [-108.52230836962187, 26.59665319894488], [-108.52276842967692, 26.597082679510624], [-108.5223751501258, 26.597641429440845], [-108.5218828898677, 26.597729549385967], [-108.5214697102473, 26.59867787891466], [-108.5194089395791, 26.600783718906058], [-108.51985994011193, 26.601634518858535], [-108.52059931031292, 26.60465787930723], [-108.52120125004082, 26.60472857886501], [-108.52188318033745, 26.604198579607747], [-108.52248771050112, 26.604148909220648], [-108.52373785982546, 26.605254448927663], [-108.52398521970184, 26.606222109638868], [-108.52375430968954, 26.607602889408778], [-108.52314717047642, 26.607772949140898], [-108.52266889036459, 26.60818608879381], [-108.52323453959501, 26.609942018958], [-108.5245152602991, 26.611149479009867], [-108.52532283048093, 26.611217348893675], [-108.52648241959365, 26.611701279312978], [-108.52720680024933, 26.612315969536397], [-108.52835148978129, 26.612095029417564], [-108.52874980043035, 26.61228257885824], [-108.53003502013767, 26.611763029353334], [-108.53063828982808, 26.611773508838432], [-108.53170431963296, 26.612093059168366], [-108.53237592022185, 26.612044508896396], [-108.5329675698438, 26.61259665953676], [-108.53376547977014, 26.61291154922694], [-108.53463688970056, 26.612926659195818], [-108.5353201104626, 26.612336399161343], [-108.53609100034076, 26.61078430929337], [-108.53668783029006, 26.6110957093152], [-108.53674194993663, 26.61169873921745], [-108.53646092040039, 26.61229596898909], [-108.53536390989504, 26.61342093962312], [-108.5350055095738, 26.614498488932636], [-108.53432485022276, 26.614968368987395], [-108.534017950134, 26.616769339605504], [-108.53340173997199, 26.617360749510006], [-108.53311422004424, 26.618258909617595], [-108.53270165991292, 26.618733419288343], [-108.53282149024228, 26.6199497193112], [-108.53185477048414, 26.621022289310254], [-108.53217997010735, 26.62157259933746], [-108.53311162014286, 26.622133448853106], [-108.53370117003912, 26.622930429271303], [-108.5337477703037, 26.623899549360846], [-108.53291187982256, 26.62515594933865], [-108.52860684963582, 26.62786505886797], [-108.52527630984936, 26.62913853945148], [-108.52378600049049, 26.629475709234807], [-108.52145884950552, 26.627982679208976], [-108.52034597006578, 26.626450289562808], [-108.52020862013558, 26.625633849395665], [-108.51971575025416, 26.625010459394446], [-108.5187889799928, 26.622972719579746], [-108.51948332036312, 26.621891849575444], [-108.5191559403271, 26.621524879464914], [-108.51924247996517, 26.62062324901957], [-108.5196628803215, 26.619787648807556], [-108.52052654010997, 26.62016396890735], [-108.52073674020191, 26.619746169233274], [-108.5207562196408, 26.6188433692991], [-108.52150917017597, 26.618133999616038], [-108.52152085985415, 26.617592309286728], [-108.52092535025066, 26.617220679577013], [-108.52080298015018, 26.61667665918437], [-108.52240814030445, 26.616085849345183], [-108.52185528031279, 26.615043029426815], [-108.52200555036913, 26.614744289426806], [-108.52287938011004, 26.614242918803672], [-108.52357171026249, 26.61326484919285], [-108.52506578030187, 26.612903418783173], [-108.52442523034634, 26.612546969652914], [-108.52393168029772, 26.611811938885385], [-108.52228635030696, 26.610616429549644], [-108.52151118039274, 26.61099036943386], [-108.52076907977018, 26.61205365968023], [-108.52127585046286, 26.613009599387567], [-108.52112464955945, 26.61335134887166], [-108.5192303996088, 26.614480658813147], [-108.51881019974613, 26.613956739084614], [-108.51873385978408, 26.61305134943872], [-108.51831181968136, 26.61261348968594], [-108.51846394994075, 26.612228708837108], [-108.51959363004727, 26.611525028853976], [-108.5201267203761, 26.61145011949753], [-108.52118463013345, 26.610233448916357], [-108.52065057025547, 26.60890479920756], [-108.51997638010474, 26.6082754891009], [-108.51916111029044, 26.606941939107095], [-108.51836012037391, 26.606219549133563], [-108.51638629046286, 26.607869348977918], [-108.51615509009352, 26.606995109532424], [-108.51536262968595, 26.606054939607205], [-108.51379834971978, 26.60611181968372], [-108.51165689018251, 26.603601458954078], [-108.51072819965485, 26.60462382928477], [-108.51011357024653, 26.60413585938803], [-108.50840219997323, 26.603769049170424], [-108.50829119976638, 26.60312147947964], [-108.50747083028205, 26.603472019269226], [-108.5052520896503, 26.602984059188955], [-108.50508551024488, 26.603458339502733], [-108.50562483050275, 26.60453448937717], [-108.50611831016423, 26.606283519556396], [-108.50823271013765, 26.607391419134277], [-108.50851125977489, 26.608170379338976], [-108.50859839962452, 26.60983077961983], [-108.50838086000957, 26.6107779488075], [-108.50754446003053, 26.61074122881271], [-108.50637294962021, 26.610256199492806], [-108.50570341974482, 26.60933767900637], [-108.50512357967128, 26.608904719590463], [-108.50427274047888, 26.60865597956842], [-108.50359847971038, 26.608747769605007], [-108.50207102962666, 26.60991531919972], [-108.50140497042995, 26.609969969340277], [-108.5007003504844, 26.60976141909149], [-108.49643633985079, 26.606094138812104], [-108.49197989018215, 26.601257549288917], [-108.49147590995148, 26.6009577490607], [-108.48990929032675, 26.60060196950093], [-108.4783241697024, 26.599763279287707], [-108.47262570975428, 26.599069709579954], [-108.4692865204236, 26.60311611886944], [-108.46758437026048, 26.602902618909038], [-108.46914665970279, 26.61079550953818], [-108.45131819981303, 26.615118709131327], [-108.45045189040617, 26.615118219625526], [-108.45004215036394, 26.616036738988335], [-108.44910217974179, 26.61594948902779], [-108.446560050108, 26.616646258918458], [-108.44678848007112, 26.61721902954673], [-108.44685656951778, 26.619147599569644], [-108.4464320503512, 26.620738628825627], [-108.44168953977884, 26.625478909284727], [-108.44116633954299, 26.626606179308975], [-108.44093297017976, 26.62902982925704], [-108.44056005956026, 26.630284749373267], [-108.4398011794948, 26.631649648974317], [-108.43632705021184, 26.634909569282716], [-108.43558762948757, 26.63666174883844], [-108.43487691968033, 26.636712859586144], [-108.43549408010682, 26.644518419547115], [-108.41912380046065, 26.64368534881392], [-108.4035369768274, 26.643585720450794], [-108.38786551655994, 26.61776823018525], [-108.3859176596907, 26.61630725921364], [-108.38642457034977, 26.61596096878299], [-108.3910861396994, 26.614542178820464], [-108.39570437964252, 26.608581029570146], [-108.39733057969462, 26.60591842924241], [-108.4019914003287, 26.60035241925429], [-108.40308956953186, 26.598635619092306], [-108.40530285971768, 26.59713661884494], [-108.40574606045652, 26.597824078813918], [-108.40705631979485, 26.598446249341517], [-108.40729472027688, 26.599447229475825], [-108.40813219975995, 26.60013004957928], [-108.40950951952149, 26.601950938835202], [-108.41186894019312, 26.601618478983777], [-108.41650145979759, 26.59859041933149], [-108.41789093982607, 26.59727634908094], [-108.41858650958896, 26.595932819464707], [-108.41864025047077, 26.592257849454572], [-108.42126094018737, 26.59105567950056], [-108.42709248965969, 26.58593008919186], [-108.43917822977822, 26.586090629434846], [-108.43972977014732, 26.58632288963759], [-108.43633163041618, 26.580781629350945], [-108.4365488897454, 26.580224289454225], [-108.43520271976155, 26.577729979278494], [-108.43565863041674, 26.5769808594852], [-108.43411477022819, 26.576039949077703], [-108.43361293966633, 26.575520749366518], [-108.43121508995738, 26.569693569082403], [-108.43728504956998, 26.563069449164697], [-108.44156402956156, 26.553958539166086], [-108.4421907396693, 26.553140119076645], [-108.44771261999965, 26.5519070793702], [-108.45060551047636, 26.550351478787114], [-108.45082469003447, 26.55041390915857], [-108.4553769198086, 26.54773061922554], [-108.45566560012018, 26.547718089259714], [-108.45612425975919, 26.548069599662842], [-108.45674802993084, 26.54502299949234], [-108.45739082998006, 26.54370904943313], [-108.4611366198967, 26.540468519235105], [-108.46492593957127, 26.537627228854483], [-108.4635389404042, 26.53719831954965], [-108.46252148996066, 26.537225888977282], [-108.46030042998805, 26.536501109386275], [-108.45969661985748, 26.53621624929535], [-108.45824897023273, 26.53500271884953], [-108.45693568963058, 26.534613849031704], [-108.45648737982715, 26.534194709579914], [-108.45582369046237, 26.53431990957051], [-108.45510012037451, 26.534855148868743], [-108.45331233977613, 26.535234339578302], [-108.45260588965542, 26.53499330934718], [-108.45176212014206, 26.53406459896145], [-108.4509022298629, 26.53386648884811], [-108.45031397033172, 26.534594108959258], [-108.44932431987402, 26.535197949483926], [-108.44878811970224, 26.53600413903554], [-108.44689002028393, 26.534796819190966], [-108.44538005030432, 26.534678628794186], [-108.4434855999669, 26.535039949651416], [-108.44041329026062, 26.536606429125946], [-108.43921002047487, 26.53690871935185], [-108.43625260046323, 26.53350411892631], [-108.43457485030646, 26.534265908939116], [-108.42856808039221, 26.532544949574817], [-108.42845305006878, 26.532773428820082], [-108.42611625974821, 26.53323645888625], [-108.42506871049765, 26.53312544952049], [-108.4248316203296, 26.53342047942649], [-108.42449778016821, 26.53346048882117], [-108.42311037995357, 26.531397968912387], [-108.42282384970407, 26.530437049632734], [-108.42167568956475, 26.529065649655877], [-108.42123932008825, 26.523288679195506], [-108.42234056953686, 26.522976619647142], [-108.42256345992963, 26.521830909201807], [-108.42029102027331, 26.521224229658973], [-108.4193035202721, 26.520733569325422], [-108.41892355033137, 26.52021239942464], [-108.41766205974898, 26.516956619531477], [-108.41767639988375, 26.516315828802117], [-108.4188841200697, 26.512523479245555], [-108.41843804966024, 26.511940279558296], [-108.41663065001613, 26.51089105902473], [-108.41424311036337, 26.509996449276954], [-108.41108639981198, 26.510884709353128], [-108.40887568046222, 26.510519459646876], [-108.40791511950727, 26.510161258893863], [-108.4071287402041, 26.509099719418042], [-108.40667226010626, 26.507779999546763], [-108.4062805704878, 26.507285779269022], [-108.40510606042848, 26.50701461895551], [-108.40458635036774, 26.506655448833932], [-108.40400847991066, 26.506678619115462], [-108.40385297985128, 26.50599067936254], [-108.40085148983276, 26.5000000293622], [-108.39745617977574, 26.493692378966482], [-108.39244476964153, 26.48362427912326], [-108.38620312036254, 26.49159667948483], [-108.37435966030753, 26.475724889072808], [-108.37221605013657, 26.477109049200823], [-108.37070117037693, 26.476916709229926], [-108.36974585972511, 26.47706573887486], [-108.36851529016516, 26.47792437958732], [-108.36671756986107, 26.477963679366237], [-108.36647882011006, 26.47813567920794], [-108.36608328014302, 26.480135419493763], [-108.36608576981317, 26.484504769297676], [-108.3658177198011, 26.4876179496719], [-108.36507848975185, 26.490840079303112], [-108.36101034012837, 26.489658818980363], [-108.35845794046124, 26.48492045938842], [-108.35583794004833, 26.478091399505885], [-108.33838022997581, 26.47831354967014], [-108.33720676973327, 26.48723314948028], [-108.32669158006817, 26.490965849145386], [-108.32493368955299, 26.490015179096744], [-108.31956486024013, 26.489986739275462], [-108.31513600031728, 26.487260489598917], [-108.31404925969937, 26.48357917894885], [-108.3136801401367, 26.480460019367992], [-108.30495865007951, 26.47189464942542], [-108.29715906045539, 26.452260819316937], [-108.26051455020838, 26.456587289486954], [-108.28822716968595, 26.44241082919822], [-108.3002995996784, 26.441286049019567], [-108.31028991961941, 26.440658229076774], [-108.30784422048153, 26.424586079096382], [-108.30714680020691, 26.423874018821014], [-108.3043302599873, 26.41262348899573], [-108.30471237008781, 26.40374697940687], [-108.30316743018649, 26.392673109242825], [-108.30104212041364, 26.37372948961952], [-108.28783354029451, 26.370995509389388], [-108.28624173962362, 26.370946079513917], [-108.27220887958366, 26.36639319948481], [-108.28456849046087, 26.342855709383645], [-108.27905637032372, 26.32340382896126], [-108.28094888020767, 26.308862919304314], [-108.28510745008401, 26.30770011902857], [-108.28600721950409, 26.29505391893488], [-108.28266177007795, 26.2977727993024], [-108.28257922019338, 26.294045918930617], [-108.28189803030085, 26.292469949436388], [-108.27967703019691, 26.291562848933474], [-108.27321160043847, 26.27801457921378], [-108.27740456962373, 26.275932489547664], [-108.28175118032323, 26.26935299926005], [-108.28167088004882, 26.268423218825834], [-108.28219480009936, 26.267822479245016], [-108.28256028964957, 26.266359679608016], [-108.28384521984326, 26.264822399081062], [-108.2853391199631, 26.26416173905142], [-108.27558875039526, 26.2480936488239], [-108.31989890991987, 26.2222113690605], [-108.35771900028755, 26.21888870919687], [-108.35439491048413, 26.202807278942096], [-108.38128131037365, 26.16231644962264], [-108.39777131042187, 26.165874629633503], [-108.40407224974359, 26.156114649128714], [-108.41529788029972, 26.14502253912257], [-108.40820986045223, 26.131126149136026], [-108.41520548982042, 26.117036198829837], [-108.43046451000066, 26.116245219689954], [-108.44370436986536, 26.12395724904409], [-108.43952908997076, 26.13219647920716], [-108.44775955003738, 26.14446365890079], [-108.4526112604328, 26.141342659671476], [-108.45535108952454, 26.150442149596984], [-108.46547631010664, 26.156245858878165], [-108.4776493500988, 26.1291897093991], [-108.48484115048015, 26.14257779879624], [-108.48777581973341, 26.139039309431805], [-108.49236396993527, 26.146067028820084], [-108.49775604986458, 26.148293579367373], [-108.50349055000788, 26.147094319486015], [-108.50434214048329, 26.142575179562236], [-108.50407288032912, 26.142294449452663], [-108.49742769027775, 26.115818749344125], [-108.51347647977876, 26.113765719676337], [-108.51582137033408, 26.098895829484892], [-108.58589545989584, 26.105876679033422], [-108.6143231796431, 26.106279749657574], [-108.6170188800115, 26.10037508947198], [-108.59978609024223, 26.08470237961081], [-108.6100767497225, 26.066931459302474], [-108.61601306019477, 26.05591376947803], [-108.62031817046504, 26.047260119219132], [-108.62507168952098, 26.03690825925075], [-108.6285850201305, 26.02999264965967], [-108.63179128994902, 26.034342029402044], [-108.63298085028198, 26.020689999429933], [-108.64512111991095, 25.9910397489116], [-108.64784969003125, 25.975810629291683], [-108.61395189008876, 25.975239818878094], [-108.61425831954331, 25.949433199706032], [-108.61502926031916, 25.927014768957875], [-108.65712319952898, 25.917769709615587], [-108.6643085836265, 25.894589012459257], [-108.72038599402303, 25.949145307708825], [-108.72136438472327, 25.947847583834886], [-108.72733903001895, 25.94251962805128], [-108.7276359256163, 25.942003683771247], [-108.7296543434106, 25.94020515751216], [-108.72741792529979, 25.939496885920494], [-108.72521428225934, 25.938236556178293], [-108.72447264419426, 25.937060241027847], [-108.72437637236123, 25.93563706806536], [-108.72277514421653, 25.934271705932428], [-108.72263780060472, 25.933177665168806], [-108.72270548574723, 25.93289675064361], [-108.73393984271803, 25.92314431134076], [-108.7305312304583, 25.92173497927208], [-108.73468625241317, 25.904691826755606], [-108.73607806041848, 25.904822945745597], [-108.73660209037425, 25.90504325262978], [-108.73708199969819, 25.904952130657065], [-108.73837123163906, 25.905531337769798], [-108.73832304000727, 25.90418348564252], [-108.73852919785341, 25.903733574897142], [-108.73898787655024, 25.90304974594044], [-108.74007020988802, 25.902791835333545], [-108.74035684651852, 25.902385836174528], [-108.74114119097159, 25.8996699394855], [-108.74192243274807, 25.898466747030096], [-108.74298302075952, 25.897432624550945], [-108.74341592148474, 25.895844945393048], [-108.74478969911864, 25.894979020498255], [-108.74525008073049, 25.893993624327624], [-108.74691194808139, 25.89277018967192], [-108.7469983591617, 25.891482748818365], [-108.74680557465196, 25.891147901901043], [-108.74743492415219, 25.889253628221926], [-108.74862853239563, 25.888499658246886], [-108.74913409307874, 25.887336784011058], [-108.74977838237186, 25.886987949640737], [-108.75086375886659, 25.88541235368507], [-108.77094421184228, 25.888699771762127], [-108.77163497250042, 25.88910337241839], [-108.77701284682988, 25.884839416731126], [-108.77531728609212, 25.883749172463595], [-108.77669955918368, 25.882098356320228], [-108.77801741920848, 25.88090911791327], [-108.78320721619824, 25.87785074968813], [-108.78393333263999, 25.877239025790473], [-108.78633783601877, 25.872934869868235], [-108.78626346903401, 25.872374710479594], [-108.78648106980518, 25.87211352518104], [-108.78749132031307, 25.868195821890385], [-108.79190973433998, 25.86744664910849], [-108.7928343655295, 25.865097394987885], [-108.79325777296458, 25.864622923099624], [-108.79405495297776, 25.861406675952104], [-108.79673895124394, 25.86312235729007], [-108.82900827291047, 25.849639341822414], [-108.85230599633408, 25.83964066174894], [-108.85257533526988, 25.839240056170727], [-108.85245909445062, 25.838093432951645], [-108.8537275888655, 25.839076594071198], [-108.85760923627895, 25.82276000242929], [-108.85890030713665, 25.816964378849125], [-108.85875773147013, 25.81652872098842], [-108.85908360817862, 25.81639358869405], [-108.86039973830707, 25.817556309949317], [-108.86089055509066, 25.81676070625346], [-108.86394779665156, 25.81909856194007], [-108.86550986197742, 25.819918229166692], [-108.86572976283104, 25.81964922113145], [-108.86664403017194, 25.820333860497445], [-108.85519346032467, 25.839773369459564], [-108.8546220794125, 25.84013243037684], [-108.8854810592504, 25.866875600413415], [-108.89851573946562, 25.87784644961753], [-108.89550598039033, 25.88295409035283], [-108.90084294980491, 25.886253000346848], [-108.91511507891407, 25.894145971259167], [-108.91674451035605, 25.891074150224604], [-108.91888530954627, 25.88852085025633], [-108.91899045911501, 25.88792934050538], [-108.91873628902934, 25.88688703058042], [-108.91721216963525, 25.88508846057608], [-108.91853822914253, 25.883700230522933], [-108.91960907939774, 25.8818869104458], [-108.92070842042745, 25.879259510156576], [-108.92305480047987, 25.875199969468017], [-108.92321825038519, 25.87416152038399], [-108.92243294919658, 25.872619880517345], [-108.90643810951526, 25.866589370771095], [-108.9111742797047, 25.85857351980737], [-108.91198591863481, 25.859416549254004], [-108.91291602022608, 25.85997051053174], [-108.91389747879506, 25.861707890504785], [-108.91458973994636, 25.862402079623823], [-108.94030338023035, 25.87682163038988], [-108.94301254885141, 25.87302958017902], [-108.95105167959466, 25.87752464916581], [-108.96146499862355, 25.850013120421846], [-108.96626470890598, 25.85547177034197], [-108.96443931916883, 25.858228918961046], [-108.97410624963722, 25.863633890489528], [-108.98031679860381, 25.867552738632032], [-108.97630791056999, 25.873547481795104], [-108.97685771057614, 25.875775001567632], [-108.97882888973243, 25.88758962260713], [-108.97957247967955, 25.890786281780176], [-108.97957562901202, 25.892452834261277], [-108.98395091933348, 25.918385079539508], [-108.98171448914222, 25.919196751887256], [-108.98220254944738, 25.920275889645907], [-108.97630568889832, 25.92204494017269], [-108.97581249057014, 25.92296988181887], [-108.97389636902786, 25.925128402361263], [-108.97388714950264, 25.926361459995235], [-108.97585517033377, 25.926819681166318], [-108.97611584941626, 25.928073648939048], [-108.97715344926341, 25.928658969779036], [-108.97931317941206, 25.929226581347393], [-108.98106114873428, 25.930174750637242], [-108.98241124909795, 25.930230479352527], [-108.98360778050974, 25.929903571309936], [-108.98499889035237, 25.929988648908857], [-108.98655874941096, 25.93055711894272], [-108.9877260494094, 25.930753540818564], [-108.98904821887876, 25.930296219725438], [-108.99004714888257, 25.93071091888145], [-108.99245502931272, 25.931233520533333], [-108.99974147955872, 25.93695253883228], [-109.0001692598937, 25.93867466194826], [-109.00114988888065, 25.93961515054558], [-109.003528519667, 25.940758911111224], [-109.00466396978531, 25.941704089568585], [-109.0058530188827, 25.941737820299014], [-109.0080661802335, 25.943269979503185], [-109.00850256915687, 25.944016081696386], [-109.00919690932943, 25.94453003272008], [-109.00951774961838, 25.945772822220224], [-109.0094160586794, 25.947026020431313], [-109.00696662977431, 25.948112030226312], [-109.00631227890894, 25.94807195020111], [-109.00557582036386, 25.952605020442718], [-109.00499301992127, 25.952914079850366], [-108.99842106009055, 25.964113820315475], [-108.9973603388812, 25.9637262502292], [-108.99626768032225, 25.963895919951234], [-108.99589122045569, 25.964218949751675], [-108.99461172021886, 25.970569941371505], [-108.99577594932433, 25.97069960020129], [-108.99602059975959, 25.971352110040648], [-108.9881544300263, 25.973284721044635], [-108.9955329098663, 25.994301250599285], [-108.99649307925027, 25.99646738010571], [-108.98781914963051, 26.004609089693478], [-109.00000000035318, 26.016350350083474], [-109.017857319294, 26.034670180015134], [-109.00919036986956, 26.042871450818346], [-108.9806281396776, 26.0717303112881], [-108.9581109403462, 26.093827579529666], [-108.97323031979278, 26.102654260523412], [-108.9695982302385, 26.104776089959056], [-108.96924764935082, 26.105165951153225], [-108.96480856857514, 26.112191860414267], [-108.9658206201273, 26.11255861897256], [-108.96628224895306, 26.112449909831888], [-108.97128617905237, 26.109107540550173], [-108.97230730856407, 26.10906494010272], [-108.97844594943275, 26.114340260353192], [-108.98262004947229, 26.115341599890222], [-108.98523894048594, 26.11830767981652], [-108.98541128964361, 26.118645910252155], [-108.98524948857579, 26.120505490594013], [-108.98702217983259, 26.123549970263795], [-108.98912162042414, 26.12411548917154], [-108.99032965051647, 26.125279000520596], [-108.99794670950187, 26.12703581905928], [-108.99972366004005, 26.127619550491133], [-109.00176842922978, 26.132439720571057], [-109.0024537191001, 26.13291694104208], [-109.016379769102, 26.136100179986094], [-109.01164511992326, 26.15415163116529], [-109.01135803028247, 26.15435192010935], [-109.00447819926454, 26.17920405062163], [-108.99228981855795, 26.221170059806266], [-109.00394720033269, 26.223908649304292], [-109.00790565960907, 26.225788830228936], [-109.00834354932431, 26.226304890749574], [-109.0088970202659, 26.230526750545284], [-109.00992999877603, 26.231077889454163], [-109.0128378503451, 26.231708680495274], [-109.0133985490322, 26.232011691349598], [-109.01554367962217, 26.234330800430072], [-109.03194417968248, 26.23784941912373], [-109.0425831801917, 26.24742802125749], [-109.03820585996631, 26.24654695124109], [-109.03792687875733, 26.24745037044447], [-109.03803662962456, 26.248120460966394], [-109.03692841923015, 26.251065651382582], [-109.03671584882508, 26.251166380047234], [-109.03584118002034, 26.25436654885663], [-109.03601014051179, 26.254906799896194], [-109.03210027960786, 26.267932260622317], [-109.02833426219772, 26.266885511022068], [-109.0266947492311, 26.27229739899997], [-109.02420787928293, 26.271754020119882], [-109.02367033906617, 26.27376791121702], [-109.02665911968725, 26.27508931058572], [-108.99487639995675, 26.291978720185522], [-108.9931370195255, 26.293197881514185], [-108.96323619976909, 26.28621058140039], [-108.95815645050114, 26.304143549494697], [-108.9563192602236, 26.30496128993258], [-108.9521271701608, 26.30551366058089], [-108.95243405982798, 26.30206371124259], [-108.94935382913404, 26.303994261552113], [-108.94789445947879, 26.305694509764034], [-108.94711487927056, 26.305773630017878], [-108.95157067885172, 26.29010829133663], [-108.9499615388018, 26.289608970162543], [-108.93298330979485, 26.29721385013929], [-108.93289936946009, 26.29890160050699], [-108.92770328903535, 26.302151081424125], [-108.9294660892526, 26.30590841989356], [-108.92952093915471, 26.30695661980447], [-108.93098128967745, 26.306893979741456], [-108.93283386018285, 26.30642699995973], [-108.932857969513, 26.306679679810465], [-108.93277054831003, 26.31079716991134], [-108.93302438019317, 26.31118172001459], [-108.93269130973242, 26.311371830558112], [-108.93272365054604, 26.317700450568513], [-108.93159253904315, 26.316669220421375], [-108.93151811867486, 26.377000140401343], [-108.93261343003623, 26.376677860318406], [-108.94307538011404, 26.388460169964812], [-108.94983599863849, 26.39220235013495], [-108.93652231018253, 26.390180259165152], [-108.9091849804596, 26.4165852590757], [-108.91011501996641, 26.42171451925729], [-108.88139244965706, 26.406252479659177], [-108.86033955012135, 26.432770149329087], [-108.87610763014192, 26.447576429422423], [-108.86354971993971, 26.457157919052268], [-108.84909948979939, 26.46722387890069], [-108.84837957991692, 26.467625749352756], [-108.84632473969143, 26.46824188905307], [-108.83776202036532, 26.47252330965742], [-108.8377950598601, 26.476857109267282], [-108.84057328998182, 26.478937939266533], [-108.84156033995569, 26.48035297908107], [-108.84594561967411, 26.484723829285183], [-108.84747992027907, 26.487217449065003], [-108.84841799954046, 26.48713264885388], [-108.85065162954021, 26.486362339341046], [-108.85232644966513, 26.48439459907061], [-108.85674001987292, 26.48051513953058], [-108.88817091974424, 26.48011091896713], [-108.91466995011507, 26.47954001936614], [-108.91238478021667, 26.480643579317068], [-108.9027071704829, 26.48432051959816], [-108.891317539539, 26.48959530937082], [-108.87315214958869, 26.551071429025995], [-108.82478974006672, 26.56474519887723], [-108.80642284956235, 26.570603649024655], [-108.80534424962477, 26.57002862891985], [-108.80442445030133, 26.570116369050137], [-108.80387666032992, 26.570564748902996], [-108.79721775032115, 26.56784025951559], [-108.79600030955204, 26.5668426294118], [-108.79551168979377, 26.565627119064775], [-108.7877237198879, 26.565255749562624], [-108.78602613969065, 26.566943568994752], [-108.7852188602858, 26.568051108993576], [-108.78417503007357, 26.56880647935692], [-108.78258162025365, 26.569469169041696], [-108.77981054955802, 26.569946738964624], [-108.77845043029701, 26.569950229166114], [-108.7770891400197, 26.57092605936393], [-108.77715639953249, 26.57184427902593], [-108.77781516968687, 26.572693319417155], [-108.77732041974728, 26.57373673897918], [-108.77643825998943, 26.573501078941327], [-108.7765903397241, 26.580109489477433], [-108.75493408969501, 26.58713076924646], [-108.73429289029443, 26.593568089640364], [-108.729965059543, 26.593431909573372], [-108.71074089051754, 26.593627539652747], [-108.71059047988327, 26.587057649694845], [-108.6788307395214, 26.58701508943356], [-108.67870453985377, 26.612545709634244], [-108.67911182048051, 26.616384179521106], [-108.679291030338, 26.626285029649978], [-108.67898790984601, 26.64288944900864], [-108.6672622303029, 26.652601349291857], [-108.66581044959321, 26.655015889200897], [-108.6651153500838, 26.655708629029267], [-108.66364050957182, 26.65800281887263]]]}}, {"type": "Feature", "properties": {"CVEGEO": "25011", "CVE_ENT": "25", "NOMGEO": "Sinaloa", "CVE_MUN": "011", "NOMMUN": "Guasave", "cov_": 1899, "cov_id": 1900}, "geometry": {"type": "Polygon", "coordinates": [[[-108.43727612018245, 25.79059093909167], [-108.42941938019955, 25.78668416990864], [-108.42792672018824, 25.78701523051627], [-108.41868062923224, 25.783417000435847], [-108.41835188003844, 25.768441089029977], [-108.41612908925123, 25.768084420119965], [-108.39161705022548, 25.76768165016842], [-108.36648609032402, 25.76437457033278], [-108.3640272302272, 25.73570937000771], [-108.36402088945687, 25.735206939804602], [-108.36460762927216, 25.733574919702523], [-108.36309302989301, 25.733654580267224], [-108.36071838009235, 25.73487262018266], [-108.36034791986202, 25.735539539691576], [-108.36068611955235, 25.735560029527672], [-108.36001290917753, 25.736503169862985], [-108.35884733930598, 25.739359549168643], [-108.35984101871082, 25.740030740497044], [-108.35837336853199, 25.741199939366112], [-108.35958394908639, 25.742198600135364], [-108.35774405928102, 25.744120230557314], [-108.35493031941478, 25.74617343050056], [-108.3528877503403, 25.748416048928934], [-108.35211904891732, 25.74797999889579], [-108.35096661978984, 25.74967250913887], [-108.34999090919953, 25.750160519780824], [-108.34955587900262, 25.75016706017157], [-108.3478591691906, 25.75319987949965], [-108.34773105873008, 25.754822199914457], [-108.34576328025618, 25.75434431048746], [-108.34584505857109, 25.753940710272126], [-108.34672887993048, 25.752733629673966], [-108.34613631995725, 25.749424509909176], [-108.34679958040516, 25.749272740434332], [-108.34816243054684, 25.74765448055906], [-108.34802784937278, 25.743883720627927], [-108.34618004988079, 25.742078939877402], [-108.34435467875271, 25.741421079075998], [-108.34198413880739, 25.74244251044928], [-108.33950030878705, 25.745926120341096], [-108.33900474934946, 25.747665260456905], [-108.33789951871461, 25.750099660150415], [-108.3377751495073, 25.751465829798413], [-108.33705886024177, 25.75121385031974], [-108.3363725090631, 25.75045497038977], [-108.33616970855444, 25.750748378979996], [-108.33559473864848, 25.753171170029514], [-108.33692707899056, 25.75634614037971], [-108.33471790874664, 25.757266820106686], [-108.32868251002752, 25.752126689238594], [-108.32982922872924, 25.75032951049577], [-108.31592868980877, 25.738347510139263], [-108.31201045853525, 25.7374679089806], [-108.3055493793542, 25.731914249964305], [-108.30530685020882, 25.73131042057899], [-108.30410207934273, 25.730285019165418], [-108.29890939923949, 25.72435488019854], [-108.29601853994731, 25.721636319729235], [-108.29195814052889, 25.71706251030508], [-108.29946474865002, 25.71135402902838], [-108.29615175044714, 25.703517629720544], [-108.29478685001739, 25.69963174025856], [-108.29440245045508, 25.697506140114488], [-108.29874182862393, 25.69833185052945], [-108.30493642969962, 25.6931002203389], [-108.31169765001599, 25.69968985916139], [-108.31359208023062, 25.69800811897174], [-108.31273204885345, 25.695992309426742], [-108.31364431873013, 25.695453599797087], [-108.31200545892693, 25.693794400129487], [-108.31189733971989, 25.68275864978392], [-108.30967331967155, 25.684308279728267], [-108.30687428015743, 25.68188573934851], [-108.30662477898878, 25.681082910031947], [-108.30742966021407, 25.679285478891142], [-108.30182954950972, 25.676134228883242], [-108.30381984944896, 25.67298808980172], [-108.30649431935623, 25.67441505983166], [-108.3098087201892, 25.670115679955973], [-108.2976794597341, 25.66430234994073], [-108.29845267951977, 25.660487539013936], [-108.2673605097766, 25.655012630214454], [-108.26215388013192, 25.653813650339593], [-108.25120729028984, 25.643755089071405], [-108.242731548695, 25.64261650953829], [-108.22064536893355, 25.63893531006857], [-108.22085331932968, 25.638287848856447], [-108.21939571963685, 25.63793643063522], [-108.19433963013921, 25.63327757960465], [-108.17863961922694, 25.61612451944963], [-108.18053191940571, 25.61367715054007], [-108.18213634893128, 25.612880050543584], [-108.18256187991243, 25.613402799882984], [-108.18495172001238, 25.611732089504997], [-108.18523005995189, 25.609717089031477], [-108.1869590304239, 25.608786430129864], [-108.1869711995796, 25.60797474016981], [-108.18811456877982, 25.606660539994106], [-108.18883056934023, 25.606208630142323], [-108.18941143020521, 25.606996170562674], [-108.18991396912149, 25.606651049540247], [-108.19041633989518, 25.606929709271096], [-108.19468681990026, 25.603232950372472], [-108.20736125924957, 25.59309428906343], [-108.20793988977638, 25.59202219900315], [-108.20985718047174, 25.59123209031627], [-108.21203336865578, 25.59090135050772], [-108.21350274042616, 25.589700079163688], [-108.18949885958445, 25.550591689665435], [-108.19074819997978, 25.53684983059075], [-108.19633761959261, 25.53379640023947], [-108.19557961887348, 25.530441369893072], [-108.2018341793855, 25.52612650976285], [-108.20445977895078, 25.514680049274876], [-108.20445765043232, 25.513977080083844], [-108.2021334303189, 25.513195400379423], [-108.20094977970976, 25.512397450139943], [-108.19860159936174, 25.51172130996391], [-108.19678721964249, 25.510937168941567], [-108.19539838033467, 25.506201078852765], [-108.19009539869835, 25.491101060343855], [-108.18892382891198, 25.487147770003215], [-108.18918054904071, 25.486525749499307], [-108.19309059923712, 25.48254877927581], [-108.19492828991658, 25.48263530971846], [-108.19604505918129, 25.482928059794034], [-108.21781761977917, 25.49021311006507], [-108.22016017915165, 25.490528349178717], [-108.25262624895372, 25.48676011996339], [-108.25252994026204, 25.485381719650004], [-108.25268083025105, 25.485041919762917], [-108.25716508911874, 25.48181078020685], [-108.25957406003778, 25.478492029955184], [-108.26251238033291, 25.47821717952086], [-108.26656301917698, 25.475121719807184], [-108.27168622986444, 25.47428331027092], [-108.2744241199241, 25.47271409018166], [-108.2767717190189, 25.470802279554878], [-108.27975627931214, 25.457035460308184], [-108.2804322195948, 25.453760110110355], [-108.2792619095664, 25.453513279856548], [-108.28368757042959, 25.428814179992735], [-108.29031863016158, 25.395964120086873], [-108.30270745946682, 25.39913578022212], [-108.30416813972747, 25.396286509724806], [-108.30495522949668, 25.393565819971904], [-108.30519292034735, 25.393376940045847], [-108.30707432001999, 25.393451769312172], [-108.30700238012435, 25.36651160012663], [-108.31452153913615, 25.366574169633154], [-108.31453279944006, 25.369649509689236], [-108.31773989020624, 25.369249769295966], [-108.319252249147, 25.368229229740276], [-108.31999737912561, 25.368034829952588], [-108.32007138030667, 25.368601429736486], [-108.31903457952883, 25.369351889929742], [-108.31890616916672, 25.369952619778232], [-108.31918718036994, 25.370535859207266], [-108.3197189191029, 25.370856850404174], [-108.32074990904306, 25.370742200134963], [-108.32174286030748, 25.37013771921023], [-108.3225506892239, 25.36904072004222], [-108.32317254020106, 25.367495549716867], [-108.32416337963417, 25.366980020409976], [-108.32519347967543, 25.366909749962225], [-108.32587205021521, 25.367233378830285], [-108.32799779900704, 25.366338149957784], [-108.32825434858292, 25.365809180354425], [-108.32912967909705, 25.366091940059786], [-108.32992568865106, 25.365528250077197], [-108.33096261993808, 25.36514684977956], [-108.33131508931316, 25.36470854000669], [-108.33313041883214, 25.36456359923465], [-108.33675807946763, 25.362322150114277], [-108.33767164939114, 25.361959199854056], [-108.33977796981284, 25.363011139684286], [-108.33990176962939, 25.364577140268892], [-108.34075348998051, 25.367364030487], [-108.34250637012407, 25.368768350291198], [-108.34422168857219, 25.368922219852994], [-108.34600265034416, 25.36280297023119], [-108.34819021991834, 25.360379399681587], [-108.35204087975829, 25.357529750310363], [-108.35500718015506, 25.35691158002392], [-108.36004942967845, 25.356722030138467], [-108.36245117922269, 25.358401619726383], [-108.36788488041492, 25.35652588968428], [-108.36319939989296, 25.345132380488433], [-108.36664971969613, 25.337913290421593], [-108.3649991493871, 25.336269259639497], [-108.3670724186425, 25.33496691932789], [-108.37274967968709, 25.333370819081203], [-108.37294470907081, 25.332815679980413], [-108.37392617874391, 25.316799369898344], [-108.37375644977996, 25.31609159896523], [-108.37227721898071, 25.31496491008404], [-108.3724224797145, 25.312878979291774], [-108.37196762862783, 25.312694978884334], [-108.37150521965606, 25.312892280127254], [-108.37077244987856, 25.312828799432605], [-108.37038266048607, 25.312435939819405], [-108.3709556897579, 25.31116288888789], [-108.37159625900216, 25.31072838047716], [-108.37423217863962, 25.310501709984145], [-108.37582196931376, 25.309451939862967], [-108.37744549009443, 25.307910260183544], [-108.37741138044751, 25.305847460335283], [-108.37837441923746, 25.304351420543053], [-108.37856967949253, 25.301441649390778], [-108.37901627921276, 25.29872764981402], [-108.37891351914152, 25.296964860643353], [-108.37670257961373, 25.294356120453354], [-108.37337998016586, 25.291493910360735], [-108.372956349713, 25.290535519768532], [-108.3726420889325, 25.28617096914148], [-108.37143337011909, 25.2834217700626], [-108.36976778034612, 25.282294600154618], [-108.36802764989359, 25.28218683023225], [-108.36725128999115, 25.282687418842436], [-108.3669702197173, 25.28354341911797], [-108.36703805952138, 25.284666910573495], [-108.36603048027905, 25.28545836951012], [-108.36460067923457, 25.285539549877424], [-108.36197028027227, 25.284822060193815], [-108.36090654970819, 25.285473739772655], [-108.36085151894461, 25.286459259651274], [-108.36118729027683, 25.287914079381597], [-108.36017322906895, 25.28875574915927], [-108.35890514960693, 25.288242430536062], [-108.35678928893691, 25.28355939947487], [-108.35699305987941, 25.28174464947559], [-108.35764519955251, 25.280119859315874], [-108.35765279979955, 25.277469509516262], [-108.3568788197861, 25.27379094974887], [-108.35751148866116, 25.270561349418166], [-108.36029385961244, 25.26770015042001], [-108.36423727987743, 25.264968199762084], [-108.37011764912923, 25.26214138012856], [-108.37202771010882, 25.25977690966782], [-108.37146936989407, 25.246552320524742], [-108.38162085858485, 25.24054816991317], [-108.38416256967358, 25.240516509907955], [-108.38473155025164, 25.23945134023164], [-108.3838392805235, 25.23860842047505], [-108.38313613891697, 25.237437980257475], [-108.38263619859269, 25.235278630308894], [-108.38209733861132, 25.23493823021187], [-108.38212214876536, 25.233780690623753], [-108.38348527973197, 25.233887570120398], [-108.38412756949674, 25.233650819754054], [-108.3843017487764, 25.22976645049168], [-108.38324527921992, 25.228093489156024], [-108.38053861956618, 25.226970260620813], [-108.37955905853362, 25.225960349284033], [-108.37784802944888, 25.225102849759484], [-108.37705397002273, 25.223930800016813], [-108.37497376959938, 25.223314859916098], [-108.3742778503122, 25.221813679422073], [-108.37272368986434, 25.219907690291866], [-108.37221338007461, 25.218244399822396], [-108.37303717901077, 25.213792620266187], [-108.37372904899638, 25.21124085946154], [-108.3736181392314, 25.207930420241283], [-108.37460241997849, 25.20447403058695], [-108.37472531951701, 25.20298739987017], [-108.37550805032826, 25.20043724962713], [-108.37878759862082, 25.196028980293896], [-108.38026248953645, 25.195145309798036], [-108.38089501873415, 25.1911036304982], [-108.3820969693573, 25.190215080089402], [-108.38332717887118, 25.188003630158665], [-108.38366733914192, 25.18666448031053], [-108.38462494935827, 25.187302509479625], [-108.38520537885283, 25.18645875023621], [-108.38606890995605, 25.186098550473446], [-108.38704357990571, 25.185295060078015], [-108.38771111528469, 25.18514372843685], [-108.38856772077914, 25.185267460338174], [-108.39006480498449, 25.18656095157115], [-108.3979091722548, 25.19937459357465], [-108.40378204894242, 25.20691362988484], [-108.41055086052843, 25.214496340151573], [-108.42655332834178, 25.23317395962693], [-108.42743833297604, 25.234833552773836], [-108.42933069174236, 25.23648571118939], [-108.43507663008856, 25.24360217048092], [-108.44401267874153, 25.25161501931188], [-108.45028158033524, 25.256603599741926], [-108.47166880474089, 25.270204137922484], [-108.47540041879928, 25.272091347352294], [-108.49475459518618, 25.280632695415495], [-108.49516683179719, 25.280117216067183], [-108.49486539211529, 25.280721958483763], [-108.49558208739629, 25.282367869393443], [-108.49599721632829, 25.28118832615505], [-108.4961957175388, 25.281353153309258], [-108.49566885032557, 25.282567119509647], [-108.49826269623493, 25.28428224921553], [-108.50204018523065, 25.286055398391852], [-108.50511906779272, 25.28710253166732], [-108.50774007874226, 25.288259124343412], [-108.51002531336633, 25.28890331014427], [-108.51852130003678, 25.29259921824249], [-108.52369439188895, 25.294405882646547], [-108.52978579576309, 25.295903537543204], [-108.53195586404055, 25.29674586646403], [-108.53328360294343, 25.29704567844941], [-108.53498064149831, 25.298227603724126], [-108.53466601460677, 25.29904276961873], [-108.53585078004396, 25.299594349928594], [-108.541499451226, 25.303402786556465], [-108.5439896221281, 25.304723293040947], [-108.54932783327637, 25.306657431635532], [-108.56915297008098, 25.31481742935235], [-108.58334913404242, 25.320169453351372], [-108.5928415312033, 25.323127881182373], [-108.59428824308735, 25.32390834391014], [-108.60130289441796, 25.326525751999398], [-108.61696926450324, 25.331836709216233], [-108.62264189988106, 25.334006776862324], [-108.64015473304488, 25.339650857944985], [-108.64691240345923, 25.34209694398843], [-108.66482498543118, 25.347503080259923], [-108.67870568159594, 25.35123995984019], [-108.68684344570848, 25.353338657711127], [-108.69594967921857, 25.355374818604528], [-108.7099980171566, 25.35817306464698], [-108.72263295527394, 25.360428793144063], [-108.73014253409765, 25.361513828324078], [-108.73336908255196, 25.36177080907887], [-108.73749506778562, 25.36182791663074], [-108.74096432323047, 25.362127729507275], [-108.74537584284816, 25.36194213121965], [-108.75051547896255, 25.363940878303087], [-108.75158908563034, 25.364872988920737], [-108.75239768972412, 25.365835442637135], [-108.75256901994005, 25.36694902886431], [-108.7524976392598, 25.367462992850577], [-108.75153859913955, 25.36851832592172], [-108.785806059681, 25.369333709432617], [-108.80147155472014, 25.373640587025246], [-108.80273685777206, 25.37416386994082], [-108.80508365149969, 25.375599201838728], [-108.81105376445605, 25.3781024077972], [-108.8204890886309, 25.381491448158055], [-108.82303455852262, 25.382718630249705], [-108.82441699455357, 25.38310338337498], [-108.82923931884835, 25.385081950006608], [-108.83469890586717, 25.388139008612693], [-108.83776950992716, 25.38941574489001], [-108.8576590747216, 25.399546123202676], [-108.86262484575869, 25.401397610062713], [-108.8726761137664, 25.40612563647678], [-108.87486275666286, 25.407367706542317], [-108.88379999921167, 25.41099999984161], [-108.8949000001328, 25.415099998937418], [-108.9088030556897, 25.419791350592373], [-108.9125179822397, 25.420528316159075], [-108.91962616086693, 25.42249623721694], [-108.92211656000818, 25.423449899581186], [-108.92775359861437, 25.424921169875557], [-108.93703178011363, 25.42694320009647], [-108.95429999981117, 25.43030000031328], [-108.95587834610559, 25.430417122229212], [-108.96272367881626, 25.431749720348268], [-108.97946446235207, 25.434123976457222], [-108.98271361609063, 25.4341912283855], [-108.99704961214157, 25.436196104488968], [-109.0048304500976, 25.436933737299768], [-109.01433639642613, 25.437552396843373], [-109.01986923437258, 25.438333638936786], [-109.02053153420688, 25.4381218627321], [-109.0210303090034, 25.438291918644378], [-109.0226934465288, 25.439505359257584], [-109.02433013263231, 25.440229291399703], [-109.02510634190247, 25.44091804906977], [-109.02530136232346, 25.441594868173944], [-109.02497908243417, 25.44192210865099], [-109.02596479916927, 25.443277259529566], [-109.03458769006019, 25.459406089916488], [-109.03639753949274, 25.462179949751533], [-109.03691526285985, 25.46242686684168], [-109.03709364837597, 25.462889521173143], [-109.03688970837979, 25.463863681512464], [-109.03748138774912, 25.46411217258733], [-109.03782216402841, 25.4647158741468], [-109.03960103280424, 25.465260861531704], [-109.04067911443205, 25.467165827608664], [-109.04145772280266, 25.467659636715627], [-109.04262507130068, 25.469011055178466], [-109.0430014333048, 25.470205379611276], [-109.04707756897997, 25.473308565040632], [-109.04950409535954, 25.47615545940944], [-109.04957221841921, 25.476736835611685], [-109.05052857110768, 25.47778627338864], [-109.0507626655566, 25.47763547738156], [-109.05107116725064, 25.477783197477358], [-109.05094434274041, 25.478467779422896], [-109.0512283924356, 25.478904820217952], [-109.05188246916771, 25.479130058976082], [-109.05272863723492, 25.48026244599946], [-109.05333512350016, 25.48040072523432], [-109.05323400661406, 25.482045957119773], [-109.05389381349346, 25.48294971001414], [-109.05384550519508, 25.48346751264686], [-109.05422535547396, 25.48397823374762], [-109.05413263168164, 25.484230088412126], [-109.05044545882838, 25.483140528822762], [-109.05062516652808, 25.48379635674058], [-109.050997430294, 25.484003144208824], [-109.05070343989598, 25.484327356422757], [-109.05076830647074, 25.484850377451604], [-109.04976116207614, 25.485147796156262], [-109.04774398658945, 25.484246954297046], [-109.04694175484448, 25.483679893867695], [-109.04660095501957, 25.484724634529673], [-109.04566246546672, 25.485580731743518], [-109.04449076819475, 25.486066348119234], [-109.04242525229493, 25.48607565913242], [-109.04140702497179, 25.48580795396254], [-109.0404247336419, 25.485200499163298], [-109.03847041949668, 25.482720929545742], [-109.03809415326278, 25.48192260551263], [-109.03740734541306, 25.48126880447059], [-109.03670488994756, 25.480932714318786], [-109.03607050204286, 25.481138653850834], [-109.03549130133185, 25.480794392535604], [-109.03522890027124, 25.481121285436075], [-109.03465832364522, 25.48134931961609], [-109.03462516348182, 25.481772485263217], [-109.03373530114746, 25.48282755787919], [-109.0331748615751, 25.484224229506022], [-109.03200153206726, 25.48513442789822], [-109.03108033219004, 25.485252823591875], [-109.02885231370342, 25.484724891270666], [-109.02813059914044, 25.484126876517], [-109.02775511042496, 25.482956338195567], [-109.02751679764472, 25.482824526461005], [-109.02734602538872, 25.484007697994898], [-109.02791447830782, 25.48528982714802], [-109.02789872076274, 25.48576260080764], [-109.02752233650739, 25.486770125277356], [-109.0276350367319, 25.48818120731924], [-109.02743432598298, 25.489625575968198], [-109.02670344240566, 25.49088733715693], [-109.02735756768749, 25.491937588403477], [-109.02852746851704, 25.492575288446982], [-109.02852006788325, 25.492876737180232], [-109.02897954878026, 25.49349235581525], [-109.0288343786172, 25.49424550011399], [-109.0261232356785, 25.498462226463626], [-109.0247672150063, 25.49944685996748], [-109.02493923198519, 25.50080567744938], [-109.02428574575104, 25.50072454284807], [-109.02336633151107, 25.5010510599398], [-109.0197741266819, 25.50334965047662], [-109.01826329948146, 25.50401740864053], [-109.01614906844517, 25.504535230637533], [-109.0150068187268, 25.504402067891156], [-109.01413803417344, 25.502905765076], [-109.01364545505706, 25.50293513124647], [-109.0128163795798, 25.502565435948664], [-109.0112029869053, 25.500348285535225], [-109.01067951699895, 25.500039574886994], [-109.00987558301406, 25.500228077027685], [-109.00927629285634, 25.501251305960807], [-109.00825097090939, 25.501546936757578], [-109.00765393564929, 25.501521661123526], [-109.0072041352648, 25.50112966592362], [-109.00686682610396, 25.500179650039016], [-109.00596018145596, 25.500497785254787], [-109.00529746593381, 25.500270153597423], [-109.00497213607848, 25.500469320668376], [-109.00415059343483, 25.500325311175008], [-109.00314041714529, 25.500551127590853], [-109.0024540193558, 25.50039944545347], [-109.0020563401261, 25.500656080648078], [-108.99995773476562, 25.50085612877245], [-108.99963087372196, 25.50074613938598], [-108.99936558932572, 25.49906874325169], [-108.99869382793989, 25.498567826866704], [-108.99806044263023, 25.499092504551722], [-108.99783721225977, 25.49973678310426], [-108.99777876193845, 25.500312148197764], [-108.99839632631783, 25.500759050865515], [-108.99816266183248, 25.501352085761656], [-108.99673075268436, 25.502691337173886], [-108.99566715031813, 25.50328323865421], [-108.9957159101422, 25.503963696108883], [-108.99522281966964, 25.504373541060378], [-108.99498276875337, 25.50503809580434], [-108.99330606484307, 25.506637691477863], [-108.98941901763882, 25.509026885612684], [-108.98870098096035, 25.508844293459312], [-108.98745624520618, 25.508981267803343], [-108.9863942308514, 25.508831818828675], [-108.98556708961799, 25.50785940204438], [-108.9852328846972, 25.506734829851947], [-108.98473533874838, 25.506086398970467], [-108.98336975736441, 25.505077091634714], [-108.98219095794373, 25.50469691177462], [-108.98127193475999, 25.504908220837255], [-108.98056934416702, 25.505589295743246], [-108.97972002050616, 25.507846064853123], [-108.9788705224948, 25.509105906037753], [-108.97890345553651, 25.509441946269703], [-108.97770615207385, 25.509958080693668], [-108.97650434321943, 25.50980840053305], [-108.97464489989224, 25.50879062199098], [-108.97405735442626, 25.508259548979034], [-108.97375785686111, 25.507853450826033], [-108.97370271728187, 25.506909544301106], [-108.9732780644192, 25.50648305721805], [-108.9719144128432, 25.50665682150518], [-108.97060359660497, 25.50644562097068], [-108.96949332660108, 25.505891050455837], [-108.96963205197571, 25.50546116582426], [-108.96927594332364, 25.50512595691895], [-108.96862042044623, 25.50524877581174], [-108.96785519596278, 25.504825551728675], [-108.96620386560235, 25.502428502301814], [-108.96556229079243, 25.50231110838707], [-108.96491779326229, 25.501440626136482], [-108.96369275758543, 25.501113080208746], [-108.96318212303474, 25.500460950481315], [-108.96042240874657, 25.498123545879757], [-108.95880503581637, 25.49738538902959], [-108.95770815572487, 25.496136650706145], [-108.95627600730434, 25.49631706145472], [-108.95598667853577, 25.497549755520463], [-108.95494902081413, 25.498539056004187], [-108.95401949984887, 25.498897145528872], [-108.95269500611607, 25.498665330888574], [-108.95163080793719, 25.499312444095562], [-108.94983358479195, 25.499450133276166], [-108.948552673298, 25.500015859873535], [-108.94788806352243, 25.499661157497997], [-108.94751506616792, 25.498874454164323], [-108.94657497216797, 25.49937745759552], [-108.94628132789946, 25.499880879903028], [-108.9458721452826, 25.49992361136462], [-108.94389138296064, 25.49865696326194], [-108.94341249912074, 25.497569839902642], [-108.94350388777394, 25.496691319587732], [-108.94291967482195, 25.494586293976774], [-108.94312255345697, 25.49170690377439], [-108.94339816965827, 25.491453708024025], [-108.94322402506788, 25.49106992059406], [-108.94413535322606, 25.48908714317267], [-108.94630084458106, 25.48659291418418], [-108.9509714233994, 25.48264766814054], [-108.95025024800475, 25.481695934270995], [-108.95074180894154, 25.481036543859307], [-108.95139271912902, 25.48084259123593], [-108.95125263343995, 25.480432123905928], [-108.95177078946479, 25.480652027318563], [-108.95218360326385, 25.481855862964363], [-108.95442672246942, 25.48120666940432], [-108.95477229827553, 25.48095751936446], [-108.95489989492839, 25.480520010944574], [-108.95613124146846, 25.479981358690065], [-108.95640084024187, 25.4800791236196], [-108.95634138861674, 25.4803304608631], [-108.95671083603298, 25.480609851468703], [-108.95764705748344, 25.48052708825589], [-108.95760530603482, 25.480252715019486], [-108.95864644428426, 25.479707278779085], [-108.9590167408944, 25.47921367106106], [-108.95996021948993, 25.478786813482195], [-108.96170591616742, 25.47875250101986], [-108.96205849598769, 25.47941584651699], [-108.96258594937979, 25.47922023389868], [-108.96263833614749, 25.47898692297986], [-108.96187728816525, 25.478185965540888], [-108.96136232624896, 25.47693240378705], [-108.96140731160793, 25.475242533286643], [-108.96090985048227, 25.474921025421143], [-108.96057944242965, 25.474367071877502], [-108.9601731879496, 25.47442958430822], [-108.96007261105748, 25.474824734103894], [-108.95999778427309, 25.474473963693885], [-108.95968032161701, 25.474514255727854], [-108.9577392450149, 25.47354894111203], [-108.95655015905547, 25.472443387413524], [-108.95626285518273, 25.472571052371556], [-108.95538739961457, 25.47240738827352], [-108.95535532601212, 25.471894914867086], [-108.95394158138834, 25.472262087091202], [-108.9533431480307, 25.47219003174676], [-108.95276948435382, 25.471840819634494], [-108.9524804709736, 25.472049791513435], [-108.95234597141375, 25.47180962956774], [-108.95153383186808, 25.47207929095162], [-108.95093559337734, 25.471913074091283], [-108.95045189367566, 25.47257819981103], [-108.9505355352009, 25.472798914667983], [-108.95016567152044, 25.47290600794591], [-108.94951578836688, 25.47369750313391], [-108.94954516128199, 25.473961312186766], [-108.94885276805833, 25.47425448590744], [-108.94891966881785, 25.47449745582557], [-108.94862888489419, 25.474619257146884], [-108.94834329713427, 25.474532807921122], [-108.94835646799754, 25.474167764298375], [-108.94815385410207, 25.47421484554581], [-108.94797027462432, 25.473976002301086], [-108.94792439536329, 25.473541197505835], [-108.9473734553697, 25.473419281332742], [-108.94723994924549, 25.473042336900907], [-108.94691038203872, 25.472846070669476], [-108.94610879445094, 25.473071812945477], [-108.9460561811417, 25.473299175889228], [-108.94543403120674, 25.473102858694556], [-108.9453358065605, 25.47290334449548], [-108.9448973403558, 25.47405183466759], [-108.94510420146976, 25.47450213459549], [-108.9451035736191, 25.47548523311972], [-108.94449561655763, 25.476191344973767], [-108.94477030242219, 25.47711351494891], [-108.94512714611966, 25.47740913877938], [-108.9447765122337, 25.477664220200765], [-108.94481190154744, 25.478340620353478], [-108.94421725965657, 25.47871038330432], [-108.94414060444832, 25.47941392073939], [-108.94403958409572, 25.479304081809467], [-108.9429886370142, 25.479601708024266], [-108.94285747462783, 25.479924825865275], [-108.9425099767298, 25.47986181694698], [-108.94231375328226, 25.47948119020986], [-108.94266338449067, 25.478999436689847], [-108.9431085632525, 25.47886686252194], [-108.94341189010012, 25.47825570729553], [-108.94272955349106, 25.47872028578133], [-108.94158786428247, 25.478883664182018], [-108.93958092659344, 25.478521584962863], [-108.93909163347419, 25.477845321815078], [-108.93754760445105, 25.477078823220108], [-108.93735368595324, 25.476428787406235], [-108.93572595941116, 25.4760825817752], [-108.93563934301102, 25.475055806171632], [-108.93622516741351, 25.47380393702156], [-108.93621073821514, 25.472750101219514], [-108.9354257701434, 25.472138047760307], [-108.93285341690549, 25.472325694702885], [-108.93280264465214, 25.472024554397574], [-108.93254651896834, 25.47191083470438], [-108.93279882807887, 25.47177140386958], [-108.93275134271096, 25.47146917458726], [-108.93159438174274, 25.470278150813556], [-108.93200228942207, 25.46988531747751], [-108.9327377799627, 25.469761063699266], [-108.93509275649221, 25.468509950507414], [-108.9359840554237, 25.467663933200445], [-108.93605529080307, 25.46658869830723], [-108.93648072046996, 25.465443644261626], [-108.93654822335726, 25.464593627203474], [-108.93595596681641, 25.462249826320456], [-108.93618233917309, 25.46131514837037], [-108.93539138504484, 25.459871112139044], [-108.93459902713658, 25.45960696726596], [-108.93395679560874, 25.4591257348222], [-108.9335203547651, 25.45782493594888], [-108.93361661597461, 25.455613386431843], [-108.93425612891815, 25.454719877695318], [-108.93601179276072, 25.453633595370704], [-108.93771107584679, 25.45387538950957], [-108.93939408090299, 25.453719627128915], [-108.93838341678537, 25.452224232894594], [-108.93682839760493, 25.452400665964692], [-108.93570713595233, 25.45311617151499], [-108.9340807818121, 25.452802044179766], [-108.93331669381976, 25.452860732803032], [-108.93177473816642, 25.45357543998425], [-108.93074492997104, 25.455470325610655], [-108.9300934417692, 25.456064658289453], [-108.92954664407777, 25.45627026139615], [-108.92849613384784, 25.45630444936626], [-108.92783673822908, 25.456724109120795], [-108.92717701669383, 25.45658902507771], [-108.9259572379455, 25.456864906051052], [-108.9253168879784, 25.457257921785775], [-108.92473280294064, 25.458292628333638], [-108.92397813649619, 25.458779142128435], [-108.92272001697293, 25.460125345882297], [-108.92205665646053, 25.46028781270347], [-108.921639846655, 25.4599291275099], [-108.9210735436138, 25.459875936185497], [-108.9184123849596, 25.461721923329225], [-108.91751360577486, 25.46179418967133], [-108.91735518460722, 25.462029577934803], [-108.91646609668621, 25.462196041956776], [-108.91518475196021, 25.46317095375147], [-108.9144671719418, 25.464530792120875], [-108.91313418773561, 25.466236700586766], [-108.91299618436415, 25.46703433812515], [-108.91315794078707, 25.467789806584026], [-108.91362147730847, 25.4680186275244], [-108.91398689687881, 25.4684993036456], [-108.91467922703796, 25.469501895729934], [-108.91512327471725, 25.47076839460081], [-108.91596866621232, 25.471642263657483], [-108.91543905170532, 25.47320009760382], [-108.91417635838035, 25.47550512843192], [-108.91314949102114, 25.476752634160295], [-108.91062809078313, 25.47786917553088], [-108.9097605457789, 25.477884286430225], [-108.90946199118105, 25.478101298516464], [-108.90983251138752, 25.478328590234515], [-108.90868120992198, 25.480112036174823], [-108.90698159625867, 25.48069203823123], [-108.90469101477888, 25.482718906728472], [-108.90456897616254, 25.483190487534593], [-108.9041955527994, 25.483558224915647], [-108.90314727469458, 25.484148960981617], [-108.9022380758162, 25.484452583611763], [-108.90031972787233, 25.48244741845004], [-108.89836519785145, 25.482336637672525], [-108.89847027678992, 25.483807189117492], [-108.89765771854108, 25.484566487716357], [-108.89770060275846, 25.48582563426013], [-108.89589506363977, 25.487176159063665], [-108.89549053266703, 25.4882964585707], [-108.8957189138614, 25.489813986763227], [-108.89709218205095, 25.490848794418625], [-108.89800598182016, 25.492124962288496], [-108.89807558306056, 25.49249697380387], [-108.89750884107615, 25.49401152885128], [-108.89658418560924, 25.494696433070683], [-108.89635901611176, 25.495164731227483], [-108.89487652257233, 25.49609862739316], [-108.89457962262678, 25.496574863837996], [-108.89289996067433, 25.497988360055498], [-108.89177059369992, 25.499572131445206], [-108.89167645663423, 25.500464073497525], [-108.88979913252739, 25.501039578074472], [-108.88846131027633, 25.501896220779766], [-108.88685818627346, 25.50342119086017], [-108.88656674121535, 25.504068121632496], [-108.88659428934024, 25.505472405842667], [-108.88702210721593, 25.50630726888067], [-108.88777462360603, 25.506976733166994], [-108.88776470396029, 25.508145829676465], [-108.88849667865873, 25.507491216807413], [-108.8919628300008, 25.50645439151582], [-108.89385821884547, 25.506436144291754], [-108.89490713701585, 25.506954975588677], [-108.89527216372699, 25.506872899822948], [-108.89733733032716, 25.5081324866195], [-108.89922501754855, 25.508697283349655], [-108.90158485974175, 25.509751971783448], [-108.90197926691029, 25.510714307792483], [-108.9022525131757, 25.510807520056417], [-108.90209030129719, 25.510996769904793], [-108.90222346682947, 25.511278642429044], [-108.90269172757735, 25.511374697840203], [-108.90286006491247, 25.51096418147756], [-108.90398782531426, 25.51090597389843], [-108.90483256245383, 25.51154674622169], [-108.90509761127204, 25.511523588492405], [-108.90565126720618, 25.512477641044256], [-108.90662099791686, 25.51260049943206], [-108.9070230042116, 25.513112378120123], [-108.9071917283506, 25.51394403689913], [-108.90779100148391, 25.51422049172225], [-108.90794214877083, 25.514509911539538], [-108.90760784505987, 25.51526655936177], [-108.90716118030606, 25.515427231440718], [-108.9063134115658, 25.515377498972537], [-108.90602765379546, 25.515718788009366], [-108.90571755046294, 25.515582338462785], [-108.90554622494835, 25.515900474319928], [-108.90394260128392, 25.515219655828613], [-108.90403256436919, 25.514851437015704], [-108.90362470017116, 25.514568851609507], [-108.90248597388442, 25.514426358854564], [-108.90167686687684, 25.514612747563387], [-108.90023259580335, 25.514474360675674], [-108.8996991916041, 25.515103639464563], [-108.89853412142153, 25.51565326793979], [-108.89804873527285, 25.51639784749552], [-108.89821972800732, 25.517575181855285], [-108.89932340419367, 25.518824151029246], [-108.90005519016225, 25.5191222288391], [-108.90260401382548, 25.521080372561737], [-108.90317307134904, 25.521824974814606], [-108.90315808487759, 25.522729881476103], [-108.90265369512807, 25.523639798018117], [-108.90188319008837, 25.524130692895895], [-108.90084293778456, 25.52374838988131], [-108.90035087979011, 25.523329348617235], [-108.89908910919594, 25.523015244620893], [-108.89739878429481, 25.523080376548148], [-108.89681214312671, 25.52377739850067], [-108.89710084727595, 25.52489532165947], [-108.89685506292581, 25.526473708476736], [-108.89702176800901, 25.52779185399526], [-108.8977557959473, 25.52856826896035], [-108.89882094936017, 25.529034355391172], [-108.89969294759739, 25.529760843116136], [-108.89994628680708, 25.530743017062377], [-108.89972509408156, 25.53205341575902], [-108.89925130744271, 25.533089148029184], [-108.89847251179462, 25.53394205044874], [-108.89798169300747, 25.534041560529644], [-108.89766278966604, 25.534592759825312], [-108.89765013346911, 25.535159920542984], [-108.89670952581645, 25.536079445805562], [-108.89641011736698, 25.537712517199434], [-108.89658278204288, 25.538255651155264], [-108.89714065482286, 25.538652838755112], [-108.89827109500375, 25.53853226178471], [-108.89950890172524, 25.537964598623585], [-108.90061867994707, 25.53850584985547], [-108.90289744382095, 25.538406872187384], [-108.90426732409065, 25.53815524188079], [-108.90466342135228, 25.537935623785618], [-108.90491608596196, 25.537460551760766], [-108.90546251632632, 25.537640932528465], [-108.90590491743828, 25.538165785344805], [-108.9059286285563, 25.53862344077787], [-108.90506358594828, 25.539344008931106], [-108.90548621154235, 25.540283458579907], [-108.90570946779496, 25.540540807020886], [-108.9064721190331, 25.540351591601716], [-108.90701655770862, 25.540879754918908], [-108.90688975649853, 25.541546435555585], [-108.90631831723447, 25.54168833849053], [-108.90640677827491, 25.541137244337357], [-108.90621047817868, 25.54102791511055], [-108.90599296128458, 25.541220650140367], [-108.90611680498012, 25.54148668587542], [-108.9053907325452, 25.541574418514564], [-108.90516664732202, 25.542111044681324], [-108.90418613387673, 25.542346259358077], [-108.90371002047397, 25.543719744258112], [-108.90286381045672, 25.54420262211499], [-108.90257512689736, 25.5454806586122], [-108.90276447118096, 25.546126844223668], [-108.90376267818672, 25.546709228571512], [-108.90475013792555, 25.546823567105605], [-108.90542508108702, 25.547207546234382], [-108.90599823949864, 25.548756011752964], [-108.90577608514063, 25.548874506709264], [-108.90652396058088, 25.549115826737662], [-108.90712144571783, 25.549638547468952], [-108.90712694419486, 25.55021728283162], [-108.9075178906276, 25.55052038923777], [-108.90800758380412, 25.551407780979876], [-108.90791958571238, 25.551972938358393], [-108.9074627778315, 25.552371063270247], [-108.90780453136841, 25.553069450617112], [-108.90741950720823, 25.554040518783022], [-108.9080141789696, 25.554884905172838], [-108.90811687001703, 25.555999716853428], [-108.90791541416077, 25.55811962330046], [-108.90769496053304, 25.55856369571584], [-108.90781636750056, 25.559026772340392], [-108.90721498947221, 25.55961368803622], [-108.90624724285931, 25.559973213904282], [-108.9058546188833, 25.56057464539691], [-108.90516738197364, 25.560838229434342], [-108.90464764776972, 25.561619935080355], [-108.90486116112348, 25.562872485761236], [-108.90434945698877, 25.56280978063251], [-108.90385441001027, 25.56244109947828], [-108.902487050635, 25.56236907446075], [-108.90076469165643, 25.564469284298045], [-108.8980907271152, 25.566064209278952], [-108.89654238643128, 25.567520552291544], [-108.89555165050415, 25.566489695842776], [-108.89540071262599, 25.56607161378203], [-108.89508709738149, 25.565830735406703], [-108.89480603158391, 25.565910580786444], [-108.89437729357365, 25.5653994031017], [-108.89287707399492, 25.56478410540447], [-108.89242786850002, 25.56487245528033], [-108.89148313469929, 25.564302645764336], [-108.89135991614467, 25.564466722518585], [-108.8908009335656, 25.564312764740293], [-108.89111748208634, 25.565329446734335], [-108.89078868906765, 25.566262811229002], [-108.88965354188569, 25.567342265943893], [-108.88904795602147, 25.568351327873803], [-108.88804867094854, 25.568836202759694], [-108.88730131616983, 25.568888248939672], [-108.88702278272511, 25.568224311608212], [-108.88585482075366, 25.567467433359454], [-108.88557510101364, 25.56704070601106], [-108.88457347388045, 25.566355787230997], [-108.88364275163345, 25.566356401100236], [-108.88297140687922, 25.565879766400805], [-108.88255485131906, 25.56519536418986], [-108.88187760527039, 25.5650847128425], [-108.88146678275186, 25.565332807020926], [-108.87960456189533, 25.5649661734362], [-108.87803149383824, 25.562708426431108], [-108.8768234861932, 25.56180580669461], [-108.87555000005558, 25.561483797981783], [-108.87503550984955, 25.561059247487538], [-108.87343358162506, 25.5614444212725], [-108.87191703032792, 25.560902692314382], [-108.87053178866142, 25.56110118637484], [-108.86940663439526, 25.56166967595301], [-108.8693198118635, 25.562001623729767], [-108.86963471925701, 25.56311087565998], [-108.86946382909895, 25.563688267409624], [-108.86778192240776, 25.564999117521204], [-108.86735401836009, 25.568437588458774], [-108.86757062005172, 25.569452970741214], [-108.86692155552952, 25.5700812027177], [-108.86696347186543, 25.570419788101912], [-108.86638555992846, 25.57112453313543], [-108.86669452100733, 25.573357573342832], [-108.86717914487585, 25.57457490243823], [-108.86802102326936, 25.575461167480473], [-108.86733903918892, 25.576100321187937], [-108.86693883731262, 25.57606066826605], [-108.86676937879767, 25.577062135971726], [-108.86655378985695, 25.577112061964748], [-108.86620872049363, 25.57692621917566], [-108.86612958504215, 25.57618861505501], [-108.86527018156676, 25.57510179489262], [-108.86441838123044, 25.575078093902736], [-108.86417659461824, 25.57589856398683], [-108.86380430264951, 25.57631344476587], [-108.86424417252267, 25.577173165912093], [-108.86388855364973, 25.57710719434198], [-108.86379819093959, 25.57732969023433], [-108.864024909402, 25.577901585949046], [-108.86311753997037, 25.57773562837163], [-108.86324753036702, 25.57857340004559], [-108.8630040066789, 25.578926577330098], [-108.86268628113525, 25.57866060456536], [-108.86272899747328, 25.57778308916203], [-108.86254756356365, 25.577723563995768], [-108.86209437737205, 25.57844911307994], [-108.86214647969881, 25.578897994729633], [-108.86179864451829, 25.579039852965135], [-108.86132674091692, 25.57828649208839], [-108.86165960693312, 25.5778857340265], [-108.86195985365092, 25.576332055334237], [-108.86301312740595, 25.573797661527806], [-108.86298881958193, 25.5731792030252], [-108.86343829177599, 25.57261455085637], [-108.86339026185237, 25.572499243056807], [-108.8628470083332, 25.57283521177119], [-108.8624186270758, 25.57253899611646], [-108.8624589608499, 25.571587167154508], [-108.86179725429872, 25.570167464506287], [-108.8612927732364, 25.56791544950395], [-108.86065468956154, 25.566263951094253], [-108.85974108673963, 25.56562475679034], [-108.85896760303419, 25.564310496326165], [-108.85735737072149, 25.563231380202232], [-108.85683399040438, 25.563219058999007], [-108.8560430762519, 25.562880120154116], [-108.8536906443861, 25.562634619458972], [-108.85309425278693, 25.562141790165477], [-108.85330963408522, 25.561740126637915], [-108.85275062849232, 25.561584007888143], [-108.85212775024071, 25.56206274300872], [-108.8521476071424, 25.56323611137206], [-108.8497549056032, 25.56429413597761], [-108.84863346754881, 25.56449854742043], [-108.84785444542318, 25.564392424858084], [-108.84746382537217, 25.564720305870022], [-108.84610789605205, 25.56500724943909], [-108.84317570762047, 25.56444315773891], [-108.84205659178151, 25.564790179379077], [-108.84081226741404, 25.566282217091445], [-108.84007680881534, 25.566430187794985], [-108.83925821518103, 25.565987359627897], [-108.83839872242042, 25.566206924178452], [-108.83785969859126, 25.566052234018265], [-108.83754818635798, 25.566221215220278], [-108.83765755194125, 25.565794218340415], [-108.83729817227366, 25.565331275708836], [-108.8385554611183, 25.564035912899953], [-108.83774412179231, 25.56333358195881], [-108.83701579144468, 25.5623154971866], [-108.83615406405443, 25.5598938251161], [-108.83651189236056, 25.5593014987884], [-108.8363621657693, 25.558219976478856], [-108.83676657727094, 25.557698794686292], [-108.83710742862756, 25.55609391911219], [-108.83691493422901, 25.55581947014534], [-108.83703285598824, 25.554722880138208], [-108.83695164950988, 25.554608422274953], [-108.8369070675029, 25.55480859348774], [-108.83682811049543, 25.55462574183223], [-108.83696105177816, 25.55406947192454], [-108.83667480495704, 25.55343173655514], [-108.83693033407766, 25.553175784380194], [-108.83662667242179, 25.552964650909402], [-108.83635971080004, 25.550985667950048], [-108.8361465099827, 25.55076210539162], [-108.83573316054537, 25.550863405277244], [-108.83591521265504, 25.55052696087318], [-108.83571414494409, 25.55026690003248], [-108.83586722371419, 25.549925192629512], [-108.83554306536493, 25.54851455460943], [-108.83576199487284, 25.548014330211302], [-108.83552701597404, 25.547385299486116], [-108.83529844212357, 25.547304861423914], [-108.83479838056091, 25.545866675226], [-108.83429714196174, 25.545503927204827], [-108.83385055345252, 25.544422137200254], [-108.83276894871324, 25.543646437859728], [-108.8317829625013, 25.54350745024974], [-108.83150228137859, 25.543251479514034], [-108.8295951526679, 25.542782814876727], [-108.82729060572106, 25.54166119222164], [-108.82661163517953, 25.541735237187538], [-108.82599371973268, 25.541429786163246], [-108.82552795945008, 25.54155453819592], [-108.82571074321253, 25.54061304196854], [-108.82548217585251, 25.53892850634352], [-108.8248320682883, 25.537888181795648], [-108.82458223278402, 25.537800235493616], [-108.82470601874223, 25.537581917019935], [-108.82412325986884, 25.53771976831887], [-108.82422128631826, 25.53696943733772], [-108.8240176823077, 25.53697677124805], [-108.82389174872327, 25.536499644665266], [-108.82304268524263, 25.536065540427487], [-108.82321781508979, 25.534812666672607], [-108.82291110059919, 25.532269836699243], [-108.82293655379287, 25.530628900161147], [-108.82241677894635, 25.530097737325672], [-108.82199712499049, 25.53006850030194], [-108.821557193153, 25.52960961823433], [-108.82135323581325, 25.52967524624589], [-108.82003518630032, 25.528946828115764], [-108.81966781827998, 25.52923883696884], [-108.8196704746008, 25.5279603213896], [-108.8189949106246, 25.52768548305318], [-108.81870274162046, 25.526785533440005], [-108.81842946353116, 25.526970558874446], [-108.81840119495824, 25.527581375512252], [-108.81809948284905, 25.5276033255205], [-108.81779273740153, 25.528060595241158], [-108.81710724311607, 25.52792671074261], [-108.81688750642134, 25.527354530336165], [-108.81645921752708, 25.52792652682586], [-108.81686949921784, 25.52919829704438], [-108.81613659722076, 25.530540088129253], [-108.8162893387457, 25.53116527528511], [-108.8172149864478, 25.53213011448082], [-108.81749851725692, 25.53387555293953], [-108.81725332336019, 25.534597565417148], [-108.81628462594301, 25.53465198464179], [-108.8157848417828, 25.534261991961067], [-108.81551655560492, 25.534535329185218], [-108.8151269416721, 25.5344057872629], [-108.81501482403266, 25.53453836891257], [-108.81449219951824, 25.53409167475838], [-108.81406711730718, 25.53455604680565], [-108.81349492497812, 25.534747849036556], [-108.81311774475118, 25.53536072760887], [-108.81256638548625, 25.53572084126113], [-108.81140608956932, 25.535602329061298], [-108.81143613445356, 25.53599151146389], [-108.81061475894596, 25.536431021945507], [-108.81027818324384, 25.53633225186045], [-108.80964770103081, 25.53681804202399], [-108.80860855551823, 25.53828838610826], [-108.80845566646931, 25.53912858937217], [-108.80682540971969, 25.540334906058437], [-108.80643677579675, 25.54030682996265], [-108.80614855306443, 25.5405113255199], [-108.8057998047541, 25.540273149336873], [-108.80560967371157, 25.540356497030313], [-108.80468597157636, 25.53973325413378], [-108.80451482313323, 25.53929547025143], [-108.80378051175343, 25.539266322522376], [-108.80377159412363, 25.539895740466257], [-108.80430311951308, 25.54051913548784], [-108.80419324635669, 25.541669794327625], [-108.80247271684024, 25.542335666940286], [-108.80135367718837, 25.54240295576399], [-108.80070111672643, 25.542156584275492], [-108.80022405652431, 25.542275517454506], [-108.80003093827435, 25.543948969694185], [-108.80026025544895, 25.544123927699328], [-108.80007190045235, 25.54440420943608], [-108.79897215451025, 25.543890039842715], [-108.79680367761344, 25.544054900910098], [-108.7963670748279, 25.54391145147005], [-108.79582897256256, 25.545818996971462], [-108.79613579283138, 25.546273372357533], [-108.79772548432253, 25.546794939906242], [-108.79843628952659, 25.547411689339803], [-108.7987295951869, 25.547999080331703], [-108.80581331636174, 25.55303684959118], [-108.80671174024468, 25.55768546885551], [-108.81053643784264, 25.5615980698914], [-108.81308509619289, 25.564538775279136], [-108.81339324023152, 25.56531067485731], [-108.81204957986102, 25.573257636572997], [-108.80649683440002, 25.580996716355905], [-108.80575037647408, 25.581361914624022], [-108.80086842140066, 25.582441814878088], [-108.79645821606572, 25.58554760760904], [-108.79395754712421, 25.58757047670423], [-108.79382087625852, 25.58857709542656], [-108.79474828186163, 25.594076932244427], [-108.79423314964211, 25.600293678539934], [-108.80160203044301, 25.604289154382187], [-108.80104569409205, 25.60527253282812], [-108.80577843176427, 25.607428749277346], [-108.8058565896176, 25.608355390128395], [-108.80831300747633, 25.61073163998299], [-108.81158847431104, 25.605805744624025], [-108.82279369471479, 25.60583841828593], [-108.82328898281577, 25.60510180635678], [-108.8322077657365, 25.610041976080723], [-108.83416796818899, 25.60630800078467], [-108.83490201433216, 25.605830419612612], [-108.84065990084171, 25.61090931650444], [-108.84115611358584, 25.611728436090672], [-108.84121136989363, 25.612623480106073], [-108.84026249669189, 25.61435501282435], [-108.81518747327344, 25.653152729224182], [-108.80680063648546, 25.648712452632402], [-108.80074309208831, 25.658117123720025], [-108.79238972578727, 25.65361080113572], [-108.78144283749258, 25.67049605268443], [-108.77269108128723, 25.665731348559135], [-108.75756628450104, 25.68904771739626], [-108.76638413356805, 25.693740920313445], [-108.75304813295267, 25.714305838189592], [-108.7613969663059, 25.718774083158856], [-108.75448787499498, 25.729397470356325], [-108.73725332055004, 25.720200136994034], [-108.72968260368802, 25.73188484847962], [-108.72136836723934, 25.727458095469945], [-108.72086898647648, 25.72749114771155], [-108.71218157526967, 25.722926525905333], [-108.70371467484169, 25.735861138438516], [-108.70334849436202, 25.736153646443025], [-108.70088795027759, 25.734307398809143], [-108.68665810928779, 25.726858820177586], [-108.69108233927953, 25.72007127885359], [-108.68249353945782, 25.715543629623063], [-108.68931285980548, 25.70513047884125], [-108.67504142014758, 25.697855371298918], [-108.67223708031256, 25.700232250599008], [-108.66922962004081, 25.702040019579524], [-108.6656848891765, 25.70475137970177], [-108.66325274857385, 25.707555000206682], [-108.65503254950086, 25.700563198999596], [-108.65509081859214, 25.705752460677946], [-108.59930496983134, 25.705259709911946], [-108.58845736988144, 25.704951830497798], [-108.56729485945574, 25.70535056892415], [-108.56644665046642, 25.705025398903043], [-108.56602714864314, 25.70533785982911], [-108.56267744891525, 25.70538789023676], [-108.56239133948392, 25.70939987943492], [-108.55771442940745, 25.709132690166452], [-108.55713818025505, 25.7118911503881], [-108.55029307986202, 25.709755980270725], [-108.5508000202646, 25.72134478023697], [-108.5402201202937, 25.72148719979073], [-108.54059345999521, 25.729908680350615], [-108.53002470936563, 25.730240799566054], [-108.53038904979502, 25.739892859632306], [-108.51991137898443, 25.73820396978433], [-108.49161113971726, 25.73291871049636], [-108.49146152031318, 25.742503919906518], [-108.48990741949844, 25.74335314026912], [-108.48667291024688, 25.74305319997967], [-108.48665045018394, 25.74362974059491], [-108.48260751923378, 25.743621139461094], [-108.48313436893089, 25.74205549045683], [-108.47557224901668, 25.742362579838968], [-108.47516225045972, 25.73604899956007], [-108.46123764964494, 25.73681331063065], [-108.45788685024556, 25.736795518868266], [-108.45571185975022, 25.743254250011994], [-108.44681806051864, 25.74360714041877], [-108.43727612018245, 25.79059093909167]]]}}, {"type": "Feature", "properties": {"CVEGEO": "25012", "CVE_ENT": "25", "NOMGEO": "Sinaloa", "CVE_MUN": "012", "NOMMUN": "Mazatlán", "cov_": 1903, "cov_id": 1904}, "geometry": {"type": "MultiPolygon", "coordinates": [[[[-106.4129287243953, 23.17303903268835], [-106.41316797417474, 23.1730768109385], [-106.413215439645, 23.173327663729257], [-106.4129211526896, 23.173295216728647], [-106.4129287243953, 23.17303903268835]]], [[[-106.40433811618566, 23.18023087119277], [-106.40313516277871, 23.18025966591029], [-106.40282073952356, 23.17972930094722], [-106.4039469370031, 23.178402060151296], [-106.40408240227842, 23.17959182853532], [-106.40447281265759, 23.179950714959293], [-106.40433811618566, 23.18023087119277]]], [[[-106.43996419731732, 23.18517191163401], [-106.43917354574987, 23.185017375109403], [-106.4391411516445, 23.18432194765223], [-106.4396723157825, 23.183757964760797], [-106.43981073264113, 23.183886903071325], [-106.43966524479008, 23.184304979654744], [-106.44063514076338, 23.183776789685417], [-106.44070922995188, 23.183995416118567], [-106.44037701634966, 23.184411567033415], [-106.44060770018268, 23.184676086570988], [-106.44020379237904, 23.184813089243768], [-106.43996419731732, 23.18517191163401]]], [[[-106.43608990868695, 23.18683806738224], [-106.43636229022798, 23.186799287643332], [-106.43667692674812, 23.18717954460958], [-106.43657562309453, 23.187748981680553], [-106.43587750832032, 23.187535612733804], [-106.43608990868695, 23.18683806738224]]], [[[-106.46400645473098, 23.223905198329874], [-106.46599509518843, 23.22283413350708], [-106.46658743364306, 23.222822551570253], [-106.46722470927153, 23.222319277256393], [-106.46620875152671, 23.223666686065414], [-106.46544516999465, 23.22522035631196], [-106.46538395315892, 23.22595644186469], [-106.46376045153586, 23.22743512490174], [-106.46389766005994, 23.2277216500089], [-106.46354967617833, 23.22772489090379], [-106.46303713979769, 23.226756946165267], [-106.46299593122016, 23.22524379651834], [-106.46329014929984, 23.2245647027385], [-106.46400645473098, 23.223905198329874]]], [[[-106.46466821888419, 23.237078268715685], [-106.46405591493385, 23.23712396602582], [-106.4632835349724, 23.23665751905242], [-106.46327514122471, 23.236408349511237], [-106.46393694205116, 23.23566773658644], [-106.46344201436101, 23.23413536372999], [-106.46338966477968, 23.23329779187452], [-106.46231414915289, 23.230907862481327], [-106.4625425769315, 23.22997035476841], [-106.46336587084093, 23.229005245695117], [-106.46362285295969, 23.228120085422994], [-106.46350437839016, 23.227854583019983], [-106.46403309701131, 23.22779587927648], [-106.46436048563973, 23.22830092391391], [-106.46501721677365, 23.2286435675141], [-106.46479830638697, 23.229466860078123], [-106.46512191344608, 23.230109315333106], [-106.46572629643211, 23.230594725511637], [-106.46680657053687, 23.230352020254426], [-106.4664122621981, 23.231241673021216], [-106.46620218836995, 23.231299045096705], [-106.46690634991458, 23.23172431458647], [-106.46702612685637, 23.23163135804521], [-106.46723879523479, 23.232029680532005], [-106.46778542141304, 23.23178808685481], [-106.46938114821525, 23.231974812696293], [-106.469509639476, 23.232269865671146], [-106.4693239925438, 23.232609898490605], [-106.46965215568353, 23.232733341468027], [-106.46991414829948, 23.232593472082936], [-106.47033293285388, 23.23279810620513], [-106.47130203245828, 23.234100925641627], [-106.47125799811008, 23.23487811959267], [-106.47021688505771, 23.23585882391455], [-106.47022436616095, 23.236538437934108], [-106.46922410358219, 23.237942500001413], [-106.46858640832528, 23.238542124532977], [-106.46731488537597, 23.23918291306906], [-106.46664952721173, 23.23926072236424], [-106.46598327847946, 23.238875249672546], [-106.46542395095187, 23.237452973567837], [-106.46466821888419, 23.237078268715685]]], [[[-106.47546088546551, 23.258540029121026], [-106.47426465672537, 23.258080374670524], [-106.47384618189727, 23.257228900946455], [-106.47332865457956, 23.257403564021867], [-106.47276912919736, 23.25599987646195], [-106.47303774281883, 23.25543628748433], [-106.47312600355258, 23.254215522146385], [-106.47353889091843, 23.253352918622166], [-106.47411650129231, 23.252744629402002], [-106.47420612860125, 23.252308383977976], [-106.47413455319784, 23.2521203431603], [-106.47351084581422, 23.25197642261622], [-106.47355736434844, 23.251549572724542], [-106.47413485028453, 23.251467413231673], [-106.474708778599, 23.250800522149014], [-106.47577461680041, 23.250442619975427], [-106.4771624032431, 23.250480383545774], [-106.47809668819968, 23.25081275766954], [-106.47949718875765, 23.250355598259194], [-106.47965087215091, 23.250457840516166], [-106.47909281073592, 23.251705088553667], [-106.4792608750148, 23.252515626141996], [-106.47998692464884, 23.252760526761833], [-106.4799842322388, 23.2534673526295], [-106.47970486233913, 23.255043740670857], [-106.47907306015138, 23.25550573797566], [-106.47894243939797, 23.256020125556578], [-106.47932931011975, 23.256252706364666], [-106.47938977199725, 23.256660635210565], [-106.4786138934764, 23.257538869733626], [-106.47720919715245, 23.257819442036254], [-106.47667937899031, 23.25817740262271], [-106.4757560272351, 23.258317161065783], [-106.47546088546551, 23.258540029121026]]], [[[-105.95188071043832, 23.81964957889788], [-105.93933023026895, 23.79143022959772], [-105.93217460043178, 23.794695999550715], [-105.93123654034349, 23.79057867900859], [-105.92926317998113, 23.787717149484642], [-105.92878492042914, 23.78658188935362], [-105.9284147400667, 23.785636939327954], [-105.9282215399138, 23.784022339470063], [-105.92833440022837, 23.782851629736907], [-105.92869190993417, 23.782013719227724], [-105.92953138041415, 23.78096481960228], [-105.92904257990622, 23.780532479595937], [-105.92738851992522, 23.777923769532116], [-105.92634380001769, 23.775812819091694], [-105.92493651024441, 23.77381545955136], [-105.92479882001152, 23.771476199522105], [-105.92515433964039, 23.770359749088804], [-105.92581270985194, 23.769241479510942], [-105.92647397019927, 23.76837661900639], [-105.92936854041992, 23.7665763090296], [-105.92948213977174, 23.76551701921401], [-105.92813112030488, 23.76290645938692], [-105.92666768836045, 23.76152235074084], [-105.92719224679077, 23.7604985421193], [-105.92757121705773, 23.76007545174298], [-105.92856474680909, 23.7599582217435], [-105.92936213743505, 23.75942597181021], [-105.9299229970427, 23.758347552110507], [-105.92981825718886, 23.757485231824887], [-105.93009494719058, 23.75695492251145], [-105.93164479708636, 23.75578418187204], [-105.93316245760256, 23.755889151935698], [-105.93574868705217, 23.757553201704134], [-105.93778582734862, 23.759604452409395], [-105.94287288741411, 23.761264382430955], [-105.94339111750548, 23.761006092302054], [-105.94505870672866, 23.759345421791437], [-105.94773762672192, 23.758375261762197], [-105.95038782744837, 23.75769132212887], [-105.9514919969803, 23.75772643178903], [-105.95670419665407, 23.757160512497762], [-105.9588427366509, 23.75770560209798], [-105.96066637728235, 23.759758351869493], [-105.96063522729463, 23.76023691218864], [-105.96119508687438, 23.76093502178325], [-105.9630919070415, 23.76228980236814], [-105.9674940566841, 23.76598542204372], [-105.96863285743423, 23.76631128194081], [-105.97033154743615, 23.765682462391357], [-105.97198114704157, 23.765946112030555], [-105.97274436709502, 23.7665266025038], [-105.97512790666373, 23.76629788192451], [-105.97602402692321, 23.765841722100067], [-105.9767460272435, 23.764999662341097], [-105.97676754754264, 23.763909431696053], [-105.97765624675937, 23.76049375195091], [-105.97787362713315, 23.760300552104738], [-105.9820007768008, 23.75929137251101], [-105.98532188759711, 23.756896542544442], [-105.98583870699147, 23.75553911251435], [-105.98590902671503, 23.752599542049605], [-105.98646902663371, 23.751357601967307], [-105.98915211703002, 23.747557111854068], [-105.99053961750721, 23.74730400245541], [-105.99136214731143, 23.746386581812267], [-105.992019456759, 23.746312201693677], [-105.99260484737717, 23.746808371869257], [-105.99370151671759, 23.746836402331837], [-105.99606811694892, 23.747419001717027], [-105.99736082743715, 23.749218232064703], [-105.99832014666865, 23.750131542052948], [-106.00014997752403, 23.751025512122162], [-106.0017348571711, 23.750410262100306], [-106.00370357717928, 23.75049500177254], [-106.00618404757691, 23.74987565253643], [-106.0078984475833, 23.74890580213173], [-106.01021014686256, 23.74819415249789], [-106.0115035676154, 23.74729582203166], [-106.01255831689063, 23.746119292271892], [-106.01328591675048, 23.744818001960734], [-106.01231745720943, 23.74128498243181], [-106.01102450742815, 23.739234862279872], [-106.0093416770351, 23.737839492078542], [-106.00705401680987, 23.73647735208419], [-106.00596911698021, 23.73550425224155], [-106.00533087730705, 23.732036552223168], [-106.0059469672085, 23.73062338254279], [-106.00620325703949, 23.72886543246693], [-106.00686190704045, 23.727658911843463], [-106.00745094759979, 23.72495672214057], [-106.00679991736426, 23.72403040180235], [-106.00633025706527, 23.72197712181084], [-106.00553871726669, 23.72117252188121], [-106.00533248716378, 23.72067802174472], [-106.00513291695437, 23.718875062314183], [-106.00590985682499, 23.718464482302554], [-106.00699231760247, 23.718243632136936], [-106.00875156761707, 23.717126402000854], [-106.01012497732957, 23.71547878174598], [-106.01100631673654, 23.713972721874942], [-106.0130451367655, 23.71283698173683], [-106.0141111471613, 23.71273031172529], [-106.0162340170952, 23.713537342251254], [-106.017441816708, 23.716123631751266], [-106.01991105724818, 23.716371371981552], [-106.02223571717488, 23.715357172001063], [-106.02448651738494, 23.714027692050795], [-106.02568044684632, 23.712945912068975], [-106.02632816717319, 23.7119185518454], [-106.0262562770397, 23.7108940823245], [-106.02524899732728, 23.70949962207923], [-106.02503522667797, 23.70782588171194], [-106.02459737712574, 23.707165182556643], [-106.02358933745447, 23.706290572041755], [-106.02199787686482, 23.704091972029545], [-106.02025647664738, 23.702719422386835], [-106.01924236686, 23.702284081740157], [-106.0160239771495, 23.702206022509248], [-106.01501179736883, 23.701871381737693], [-106.01461785734838, 23.701551662036454], [-106.01433524729673, 23.700931552552785], [-106.01530587718914, 23.699810911894858], [-106.01553222677867, 23.697200692229764], [-106.0164095069166, 23.69586294233996], [-106.01930005745902, 23.692840522193436], [-106.02064585702988, 23.691866061966106], [-106.02113145759677, 23.69173691252232], [-106.02211217688316, 23.69075086220269], [-106.02047999725907, 23.686755972538705], [-106.02027807733809, 23.684546582072844], [-106.0204585167854, 23.683039661818583], [-106.02086905666698, 23.681973972484595], [-106.02130314689964, 23.681134251732782], [-106.02233879722317, 23.679992952536118], [-106.02263353682444, 23.67908462253776], [-106.0239476873237, 23.677428032388782], [-106.02649428721188, 23.677729771948425], [-106.02903490745717, 23.67871480240912], [-106.03095122717893, 23.679823862016825], [-106.03154127711062, 23.680706151662864], [-106.03235581667518, 23.681270882531624], [-106.03461071737938, 23.68118272169945], [-106.03632973725614, 23.68065846223077], [-106.03996336725591, 23.680108481847554], [-106.04203748678935, 23.679261232009903], [-106.04368327696362, 23.677427312476144], [-106.04417945700216, 23.675955921809162], [-106.04405282670687, 23.67450137200631], [-106.04271745684167, 23.672067552453292], [-106.03762533684147, 23.672623851827183], [-106.03618421737421, 23.671949621690423], [-106.0350473375677, 23.670427652082648], [-106.03491262758098, 23.668398582024604], [-106.0339809967073, 23.665372112514067], [-106.03409085728892, 23.66435883203591], [-106.03523594735803, 23.663486201933274], [-106.03811211678959, 23.662479652084194], [-106.03859747708454, 23.66209295246677], [-106.03935059756623, 23.66105654238004], [-106.03951230685034, 23.65970677215798], [-106.03891444714652, 23.657883571707945], [-106.03793739717537, 23.656718661779614], [-106.03700942755883, 23.656565422467548], [-106.03477241668742, 23.656807982158362], [-106.0337562775141, 23.656581982489303], [-106.03296424735613, 23.655172951985282], [-106.03333931680511, 23.653741322105557], [-106.03437265681542, 23.652646772256112], [-106.035500419723, 23.652216909173504], [-106.03672808015907, 23.652185769041072], [-106.03812741973226, 23.65295653974602], [-106.04009574010574, 23.654904969562473], [-106.04158347963845, 23.655693599766142], [-106.04200362018332, 23.655690769680973], [-106.04363570985339, 23.65412485960147], [-106.04524573982978, 23.653738858944042], [-106.04552301954459, 23.6528500895391], [-106.04820265979876, 23.650852478952366], [-106.04849817021869, 23.64970848908008], [-106.04974231018709, 23.64872768965786], [-106.0511015197921, 23.64952182952975], [-106.05213054013177, 23.650606089522025], [-106.05398349041019, 23.651519019726845], [-106.05526344982974, 23.652588509761472], [-106.05700379988654, 23.65332636903469], [-106.05966600016048, 23.653640349739213], [-106.06134888041574, 23.65316054930358], [-106.06295461977443, 23.653075598955272], [-106.06364803027603, 23.652012019614055], [-106.06401506040899, 23.64995747931155], [-106.06455923027173, 23.648805319340486], [-106.06748470952397, 23.645733399209366], [-106.06915363017713, 23.64355299895866], [-106.06916819966659, 23.642049459048394], [-106.06889568955876, 23.641459829278105], [-106.06835710952207, 23.64106919939332], [-106.06532172014595, 23.640287828901986], [-106.06448366004535, 23.639820319559508], [-106.06372634963729, 23.638864309386967], [-106.06328905997982, 23.637758219480936], [-106.06187802041339, 23.636421319588216], [-106.06161030967962, 23.63564756888316], [-106.06165804958177, 23.633549649727723], [-106.06193082983627, 23.63276364964998], [-106.06234374994776, 23.632431739454663], [-106.06441957006602, 23.63215896937844], [-106.06522902019103, 23.631742399517872], [-106.06558498021401, 23.630521919595058], [-106.06728580004918, 23.628103049442746], [-106.06751770975626, 23.626992369333895], [-106.06622265006263, 23.623553819603096], [-106.06477797023989, 23.62112353896258], [-106.06164270965773, 23.617359518930332], [-106.0606247403038, 23.61578151901101], [-106.06073519988118, 23.614540999734157], [-106.0616272003206, 23.612871549568585], [-106.06238770999764, 23.612033628898708], [-106.06348005961593, 23.611409979313986], [-106.06614679959944, 23.611189049516774], [-106.06755192001587, 23.611850309530336], [-106.06825256960923, 23.612436999660773], [-106.06963293980891, 23.614325289295365], [-106.07193417008604, 23.615325179004067], [-106.07261070975007, 23.616232429567596], [-106.07373763004784, 23.61656968957155], [-106.07504968967424, 23.616634549227584], [-106.07603876951731, 23.6164798194838], [-106.07707856969472, 23.615979659652336], [-106.07786658026168, 23.614150349257642], [-106.0790085697493, 23.61305796894141], [-106.08098911036035, 23.613044179752066], [-106.08209275031355, 23.6138325692519], [-106.08365162044137, 23.614499648910638], [-106.08701297005292, 23.61534576940516], [-106.08785079978117, 23.616325749538674], [-106.08840256992681, 23.618318249383567], [-106.08938682020147, 23.619751599700187], [-106.08994568017295, 23.621533429750006], [-106.09108500012613, 23.622034258889467], [-106.09175123034703, 23.622867939060345], [-106.0923170495742, 23.622950679236602], [-106.09383860048169, 23.620916339355727], [-106.09451080044128, 23.61868559889542], [-106.09447458029753, 23.61810767906375], [-106.0940578501089, 23.61706988902028], [-106.09209726030952, 23.61399382935899], [-106.09028628043662, 23.61232559885562], [-106.08841665990964, 23.611172539121522], [-106.08727975000049, 23.609950049158893], [-106.08670985970478, 23.609656149690384], [-106.086170309649, 23.60858844949257], [-106.08509882975623, 23.607374079324952], [-106.08471749047257, 23.605684919578454], [-106.0851359497929, 23.604326539435117], [-106.08640959962634, 23.60366204939397], [-106.0876000201956, 23.60361377966692], [-106.08868383024351, 23.603850549145122], [-106.08970301994299, 23.602855969372627], [-106.09028188045798, 23.601272889636792], [-106.09131709031784, 23.600570089046222], [-106.09311294006612, 23.598784229448736], [-106.09375490980777, 23.59848274970429], [-106.09685380046405, 23.59813673905658], [-106.10033014965533, 23.59827876890223], [-106.10153754033803, 23.59876859912221], [-106.10386225956864, 23.600366618979773], [-106.10622989037867, 23.601357419102097], [-106.10748128961308, 23.602239519257854], [-106.1085687098816, 23.601959369179603], [-106.10877554983468, 23.600638919064345], [-106.11093449046955, 23.60005001959574], [-106.11150287954031, 23.59914273973257], [-106.11215007982346, 23.597009709621403], [-106.11237911023781, 23.595399308946345], [-106.11210578001456, 23.59436901901756], [-106.11118819969629, 23.59287524919498], [-106.11057645024238, 23.592320489234655], [-106.11157720024369, 23.58915925889222], [-106.11222770987968, 23.588329429155795], [-106.11265059952449, 23.58588170931138], [-106.11254627976388, 23.585488799602633], [-106.11168134969876, 23.58398945892712], [-106.11128837016368, 23.583804859479958], [-106.10999317996321, 23.58340454958978], [-106.10567193963499, 23.582717399015273], [-106.10537357039212, 23.582404119578268], [-106.10525548994615, 23.581315369208454], [-106.10473263008573, 23.580215148875002], [-106.10458658003797, 23.578462858974092], [-106.10483481995982, 23.578139479040082], [-106.10636894022477, 23.577325708979277], [-106.10706668039509, 23.57700531946306], [-106.10751755014036, 23.577206909423307], [-106.10993885962222, 23.575903279604134], [-106.11413785978729, 23.572207829024645], [-106.1164041499163, 23.567923289322017], [-106.1192634297512, 23.567206489032742], [-106.12122994034092, 23.568096979608868], [-106.12080800020792, 23.57451764906737], [-106.12276367973783, 23.576172169364884], [-106.13268975025471, 23.58006485920484], [-106.14642471988775, 23.583831249765105], [-106.14860928011218, 23.583741428917378], [-106.15062909030841, 23.583106709455485], [-106.15219385979097, 23.58174530965206], [-106.152657880471, 23.577552459484156], [-106.15460953975622, 23.5737056788986], [-106.15218835046676, 23.570436198919722], [-106.15128093991096, 23.569800969001015], [-106.14840893982347, 23.566826879375636], [-106.14707912045071, 23.56613894960102], [-106.14612814043711, 23.56520193917778], [-106.14444313952687, 23.56448185895867], [-106.14382419955905, 23.563622659367795], [-106.14406165952924, 23.562934719191663], [-106.14617541952406, 23.56119885898719], [-106.14720900049164, 23.55906284930041], [-106.1500523404, 23.555404169139756], [-106.1523998503527, 23.555060629377877], [-106.15283757047418, 23.55515493941251], [-106.15439668032886, 23.556007619300775], [-106.15549395035129, 23.55715981900542], [-106.15648702034161, 23.557863378905424], [-106.1632281500392, 23.55901597919313], [-106.16409857043949, 23.55939633929923], [-106.16576729031594, 23.561098619158162], [-106.16694930962593, 23.56265684890207], [-106.16741426029037, 23.564178569351043], [-106.16771404971153, 23.564463419768565], [-106.17013288016071, 23.564994028926147], [-106.1726460599145, 23.566202539407364], [-106.1742810499724, 23.56637336972675], [-106.17484558003544, 23.566301179671136], [-106.17546551959448, 23.565722779365686], [-106.17667422996286, 23.563772149622157], [-106.17774078022515, 23.563214079026345], [-106.17967896970764, 23.561386019592874], [-106.18068018018266, 23.560829049677533], [-106.18089757986883, 23.5603764190135], [-106.18082182998425, 23.559720649486195], [-106.1803461096277, 23.55872828961427], [-106.17986211035972, 23.55680796941287], [-106.18037140002377, 23.556057119067308], [-106.18075418038667, 23.554899819663614], [-106.18266082022727, 23.553798828999252], [-106.18395928988146, 23.553381509307286], [-106.18665897954332, 23.553044028875096], [-106.18891708985139, 23.5533145693185], [-106.19019754965387, 23.5530608797593], [-106.19105857986104, 23.552577289298966], [-106.19302115040124, 23.54870493926975], [-106.19311186006168, 23.547866739027363], [-106.19282854958671, 23.546420249690815], [-106.1920554301112, 23.545368689569102], [-106.19124032029842, 23.542160709426394], [-106.18995250981365, 23.54101614902718], [-106.18657272011397, 23.539457479317047], [-106.1853914902112, 23.5374349095813], [-106.18499359954156, 23.53415579890907], [-106.18513988001412, 23.53353368898851], [-106.18481825030356, 23.531033449746225], [-106.18496054951967, 23.53046647894708], [-106.18390197981267, 23.526008549588553], [-106.18443568962103, 23.52534514931446], [-106.1849731499657, 23.52536831963463], [-106.18554422965263, 23.52581971975532], [-106.18636701986487, 23.526046629563766], [-106.18972584988501, 23.521729768984123], [-106.19084297980005, 23.51927188943931], [-106.19218411012015, 23.518677819608154], [-106.19527236964325, 23.517929799680434], [-106.19589768039879, 23.51645368912782], [-106.1966773100936, 23.515745999413802], [-106.19775308994272, 23.515194479128187], [-106.19837957987657, 23.513854169094742], [-106.19837782007383, 23.51311774940469], [-106.19792506044985, 23.51194417915055], [-106.19792975041656, 23.509748519543436], [-106.19693694979702, 23.504602279548468], [-106.19770713982734, 23.50215874908471], [-106.19929585955222, 23.500859339304544], [-106.19970852021008, 23.50014977908476], [-106.1997606000831, 23.499579308970702], [-106.19936367997516, 23.49870874915602], [-106.19925933984543, 23.49773687908628], [-106.19975795014439, 23.49726662968409], [-106.2001296003721, 23.495824679372834], [-106.1994168299522, 23.494578779385684], [-106.19922576972718, 23.493666339411728], [-106.19957814991326, 23.49259994908278], [-106.19941330979374, 23.492288119669134], [-106.19955059998374, 23.488942858994623], [-106.19939894018586, 23.488346659701826], [-106.1978091099916, 23.485520198960494], [-106.19726037998451, 23.484965539142884], [-106.19730817025261, 23.484367738943607], [-106.19763224974572, 23.483854719409177], [-106.1980847495026, 23.48360267899017], [-106.20414782951205, 23.48375462933827], [-106.20463050986432, 23.482911019037655], [-106.20567541998926, 23.482014199054465], [-106.20550406000969, 23.479442109077745], [-106.20495650966123, 23.47734330914158], [-106.2046205799553, 23.476834828965863], [-106.20343312036343, 23.476227628915165], [-106.20293973991436, 23.47623050912989], [-106.2010726800956, 23.474749859384865], [-106.20075722994527, 23.472274429472456], [-106.200410339664, 23.471603939119905], [-106.20069632028635, 23.47006113934607], [-106.20142574032552, 23.469190619399477], [-106.20202802021646, 23.469162979032205], [-106.20334130987679, 23.468498219331277], [-106.20536564953507, 23.469076829478677], [-106.20743291025057, 23.470358919238766], [-106.20865097954294, 23.470204658979956], [-106.21053471987061, 23.470347779579665], [-106.21170761985887, 23.469577019253776], [-106.21232648042013, 23.467295308901242], [-106.21221877046952, 23.465857689634554], [-106.21138084993716, 23.46461917899822], [-106.20823275033214, 23.46240348938768], [-106.2081188599057, 23.461802878902194], [-106.20843301963477, 23.46050147952878], [-106.20981377964685, 23.458481319437166], [-106.21016962020539, 23.457614428893166], [-106.2105839804929, 23.455533249662736], [-106.21051073970261, 23.45413321947137], [-106.21078285977698, 23.45376987910705], [-106.21240247953317, 23.453461429662816], [-106.21556591043746, 23.451350619046913], [-106.21675162039189, 23.451141489054436], [-106.21884468018379, 23.451772199155894], [-106.22206215012466, 23.45195494957095], [-106.22537147961192, 23.451054719341716], [-106.22687140011449, 23.45095453938039], [-106.22829265993096, 23.451372819456505], [-106.23008112008357, 23.452327629466364], [-106.2314223703152, 23.452203259470757], [-106.23363656992056, 23.450976289122494], [-106.23695480029984, 23.44627044885464], [-106.23656119965604, 23.444378689439297], [-106.23494528033393, 23.44061762949686], [-106.23467072046317, 23.439265139628677], [-106.23355719985713, 23.437910909073235], [-106.23137125002138, 23.436775199387295], [-106.2230552802018, 23.434936569076996], [-106.21950585970119, 23.43393736918413], [-106.21715932032055, 23.432784179114837], [-106.2163640900188, 23.43197659900563], [-106.21472457958752, 23.42954910935196], [-106.2134864896916, 23.42630094926766], [-106.21236170996012, 23.424160199463405], [-106.21208465964298, 23.423013779122492], [-106.21155145988365, 23.422170029426443], [-106.21132561997429, 23.42128187897881], [-106.21178977997124, 23.41890821946488], [-106.211627110049, 23.41750053943155], [-106.21121226028599, 23.4168520297251], [-106.21120704989029, 23.415067449064853], [-106.21027958001244, 23.41349828953714], [-106.20894968029933, 23.412328569143458], [-106.20876784964737, 23.41148151922569], [-106.2082348204235, 23.41068567944378], [-106.20846234016386, 23.408966939456903], [-106.20791569030904, 23.407904659286366], [-106.20741515033633, 23.4060530294291], [-106.20665195020321, 23.405389949553452], [-106.20675105003725, 23.404973019742915], [-106.20804461975939, 23.403632889037375], [-106.20950731979217, 23.401632279460518], [-106.21171700002756, 23.40002961942302], [-106.21527013968613, 23.399434279770706], [-106.21665477005341, 23.3988407091116], [-106.2174434299575, 23.398718018998547], [-106.22025325008099, 23.39863582932029], [-106.22157770986306, 23.398875309753787], [-106.22204196974353, 23.398436279184057], [-106.2224154297067, 23.397065219105283], [-106.22189665989639, 23.395888569602388], [-106.22094971046327, 23.39454656914692], [-106.21849482023646, 23.393202909152553], [-106.21781041971892, 23.391753198946116], [-106.21611854043212, 23.390537338893527], [-106.21510485019297, 23.389087779204015], [-106.21302260039741, 23.387804169002628], [-106.21110374971119, 23.385924829425345], [-106.21058982974084, 23.385116229572454], [-106.21044502034503, 23.382882278950362], [-106.21076230959615, 23.380857979615087], [-106.21137519992324, 23.3796846194513], [-106.21133842036912, 23.37891116927677], [-106.21047902041532, 23.376825919730834], [-106.20897937973169, 23.374244519070857], [-106.2086755396895, 23.372500819696352], [-106.2087931204365, 23.37185461968177], [-106.2096808903493, 23.370817949593054], [-106.21166581996478, 23.371035289343133], [-106.21647143008799, 23.370124948991748], [-106.21741870951647, 23.370167249442645], [-106.21900146026216, 23.370782859591287], [-106.229407489623, 23.370503399271055], [-106.23105035018499, 23.369853949288736], [-106.2322422196232, 23.369115119107494], [-106.23520145030831, 23.368129169743977], [-106.23608344953202, 23.367480689264976], [-106.23685420014189, 23.36656297975366], [-106.23689566036721, 23.365354399347577], [-106.23523515002924, 23.36412733941077], [-106.23409256964914, 23.36391616900244], [-106.23188851005088, 23.362597459558547], [-106.22911489028196, 23.35946067942715], [-106.22884365959641, 23.35880248951425], [-106.22909225024414, 23.357680118926414], [-106.23316788045965, 23.356691629529827], [-106.23695970990549, 23.356658419554897], [-106.2387151195238, 23.356320029381262], [-106.23971259979736, 23.355792919273664], [-106.24206790994369, 23.353778518876307], [-106.24262242019601, 23.352996829388527], [-106.24290050997509, 23.35207724912423], [-106.23825086038441, 23.353115649126696], [-106.23217143025643, 23.35382176921219], [-106.23192638020844, 23.347187059670432], [-106.23087584954607, 23.347029969369416], [-106.228611420502, 23.344826449558575], [-106.22670791039778, 23.344245229292497], [-106.2261418898604, 23.34279824913972], [-106.22172782022142, 23.34423184903667], [-106.22178008987514, 23.343058489621516], [-106.22139465048632, 23.342299979131692], [-106.22077144997547, 23.341811049171625], [-106.22071447955288, 23.34070151963632], [-106.220477860248, 23.340214429034425], [-106.22009722024563, 23.340012369175632], [-106.22000814989194, 23.33963637929965], [-106.22086293970634, 23.338745479635786], [-106.22124554039047, 23.33793424925701], [-106.22122817959229, 23.337641019262712], [-106.21993261996884, 23.33618219930999], [-106.22044725958091, 23.335417769753324], [-106.22037491967369, 23.334504169132444], [-106.21862094983635, 23.334110909602497], [-106.21777737969167, 23.33284930974895], [-106.2174404595323, 23.332689449322654], [-106.21673492043642, 23.33262159903026], [-106.21558668039202, 23.33382805898566], [-106.21410749000938, 23.334105449485115], [-106.21332852035204, 23.333797749422924], [-106.21178984998174, 23.331848259536656], [-106.21131820020874, 23.33069879945667], [-106.20929362994367, 23.32993399908118], [-106.20753376970032, 23.330318199619533], [-106.20671841995367, 23.33024990944395], [-106.20526387996884, 23.32972228975085], [-106.20365605998212, 23.329887709693157], [-106.20151375009038, 23.329215889155748], [-106.2001010297553, 23.32832797902527], [-106.19824954950795, 23.329175258915857], [-106.195489680165, 23.32824687934026], [-106.19471694025913, 23.327457879223616], [-106.19210051010529, 23.327082679045816], [-106.19109476973522, 23.327479428908504], [-106.18960715001626, 23.326671578961523], [-106.18776994995291, 23.326612719087713], [-106.18566096985866, 23.327196829515128], [-106.18507767997214, 23.310445889601624], [-106.1746031995696, 23.30393314811513], [-106.1609219796371, 23.224218719122835], [-106.15946225029465, 23.213806629291838], [-106.16310844991766, 23.213893488907186], [-106.18511086003492, 23.213125879131887], [-106.18612670991378, 23.207531919560918], [-106.18874767957176, 23.20798121917963], [-106.19183225000356, 23.206513518949507], [-106.19379805046573, 23.206695949302087], [-106.19486329037412, 23.206594519558692], [-106.20115617967582, 23.203111879727867], [-106.20558076840915, 23.19961397626489], [-106.20209336050812, 23.19961787613478], [-106.19999129841923, 23.19879854938794], [-106.19995129013041, 23.19815222954708], [-106.19943985953451, 23.198179278906103], [-106.19941230961352, 23.197734169085876], [-106.1997408500744, 23.194881089130124], [-106.19998514039679, 23.194878949390144], [-106.20073826006308, 23.19068451968697], [-106.1957940602231, 23.191562119324388], [-106.19613334041384, 23.18961310932871], [-106.14912887974779, 23.190532679210754], [-106.14707394958616, 23.190269148996762], [-106.14616713972724, 23.189874878935523], [-106.14266684956446, 23.18738085921814], [-106.13632737037007, 23.182576859006666], [-106.13649972034352, 23.182167179760228], [-106.13981373977884, 23.182993089145857], [-106.13908045981171, 23.18026184951057], [-106.13931694995786, 23.177417919333397], [-106.13916759968475, 23.176138619676074], [-106.13885516976438, 23.17407368947886], [-106.13702915024699, 23.17043199915733], [-106.13625581974247, 23.169061799728645], [-106.13498141964124, 23.167856178940934], [-106.13494462999063, 23.167087909768536], [-106.13428462962446, 23.1664016495713], [-106.1337018003346, 23.166291289133127], [-106.13314919968876, 23.16573761966443], [-106.1298542199567, 23.166278659582762], [-106.12851153977093, 23.16561094946642], [-106.1271726498553, 23.165622979040485], [-106.12441397031269, 23.163248979756634], [-106.12342677009941, 23.162647138919297], [-106.12280574027933, 23.162646289155344], [-106.12230636981694, 23.162915479304484], [-106.12146615034003, 23.164149139238184], [-106.12098683006796, 23.16425970916069], [-106.12107329019669, 23.163693769487008], [-106.12058094037916, 23.16261170936732], [-106.12126924952977, 23.162039479451117], [-106.12126885974337, 23.161694489343887], [-106.1207957702542, 23.161134619078254], [-106.12039866026947, 23.161049319499732], [-106.11828235044923, 23.161443689637], [-106.11632463042191, 23.16065477949128], [-106.11544717049784, 23.16101524973248], [-106.11503134017023, 23.161671079208368], [-106.11435422993662, 23.161912619441157], [-106.1136279802034, 23.161504749177688], [-106.11174371022042, 23.16105771968104], [-106.11062688034892, 23.1620036295559], [-106.10851492018318, 23.162455019629743], [-106.10775026032091, 23.161149119334226], [-106.10670298015756, 23.1612444188708], [-106.10639423030696, 23.16164617963794], [-106.10592062009364, 23.16132219913138], [-106.1054060504465, 23.16044565960369], [-106.1055137500726, 23.159831339698705], [-106.10408694000539, 23.15991476886833], [-106.10318086039895, 23.161531489457847], [-106.10251408979293, 23.161129169520517], [-106.10107333986176, 23.160825419040343], [-106.09980262986143, 23.160168949122856], [-106.09989798030327, 23.15936537955936], [-106.10087557955991, 23.15918205959395], [-106.10102150993664, 23.15882814936128], [-106.09802378031995, 23.156867568882117], [-106.09743058003251, 23.156050679309885], [-106.09622125954297, 23.15609017914131], [-106.09561025968597, 23.155309779404828], [-106.09748307983175, 23.153097429], [-106.09902314984622, 23.151679319374594], [-106.09914383031337, 23.151142459411755], [-106.09874874007858, 23.149728149763746], [-106.09927963035841, 23.149549348934872], [-106.09947819982155, 23.149142089297715], [-106.1002018203911, 23.148712339065668], [-106.10263803026012, 23.147899719299218], [-106.10390208023591, 23.145999909645738], [-106.10407985980093, 23.144794879352578], [-106.10600565018368, 23.1432677797594], [-106.10678568027444, 23.14298854960688], [-106.10716474046481, 23.141153569242082], [-106.10649091978297, 23.140187059401725], [-106.10755571031034, 23.138666939600704], [-106.10750160043554, 23.137942619285635], [-106.10815480044197, 23.13610430901358], [-106.10897744991645, 23.135501719578045], [-106.11014055025576, 23.13232968970534], [-106.11989474956721, 23.114711479759976], [-106.12925751048203, 23.100893829329248], [-106.14034602977107, 23.085368089061745], [-106.14060117957573, 23.087131058890595], [-106.14582571962913, 23.08785664902027], [-106.1473886199378, 23.086928919194193], [-106.14862454962302, 23.08727485931224], [-106.1493436900796, 23.087232939269043], [-106.1499620904179, 23.087510709367944], [-106.1503396503438, 23.086690829157263], [-106.15068931998687, 23.086599779137952], [-106.15320506043598, 23.08905341958309], [-106.16657694036941, 23.099549519370466], [-106.1773478004901, 23.112879949369944], [-106.18237063042378, 23.109210148937006], [-106.1839102197397, 23.110371709156325], [-106.18271418014241, 23.11128305937542], [-106.18317473993639, 23.111851109471353], [-106.18314562048103, 23.112242369443184], [-106.18376386036446, 23.112237739493306], [-106.18464688962733, 23.112742449511053], [-106.18545481960282, 23.11210470908261], [-106.18624958023183, 23.11203261971818], [-106.18639331037294, 23.112634749558644], [-106.18563176999882, 23.113727679417394], [-106.18634816968226, 23.113782449610326], [-106.18661428994798, 23.114442199386065], [-106.1872314795746, 23.114317229149126], [-106.18782776994038, 23.115515918948653], [-106.18896188970875, 23.114965949278528], [-106.18948305007491, 23.11502217912242], [-106.18986165969334, 23.117365508915345], [-106.18941087960845, 23.117910349067202], [-106.18967783031968, 23.118660319310884], [-106.18917869027325, 23.119954119232762], [-106.1893758602648, 23.12099525907277], [-106.19167531014958, 23.12058691908091], [-106.19137780006766, 23.118829739615688], [-106.19210431989568, 23.118607048869244], [-106.19198184982842, 23.118043199257563], [-106.19242754968728, 23.117952949206618], [-106.19268143010234, 23.117429719304432], [-106.1931051499932, 23.11751339966392], [-106.1933378496204, 23.11725097914326], [-106.19407978037313, 23.116115858930034], [-106.19388604969221, 23.11546568933458], [-106.19406977999161, 23.11498642906464], [-106.19399699956311, 23.11472630952924], [-106.19378475000424, 23.11464102970892], [-106.19357518005275, 23.114859849138057], [-106.19333565042244, 23.11440390929252], [-106.19307191962767, 23.11434508971106], [-106.19239709011859, 23.11243436924057], [-106.19283591040714, 23.11053437913357], [-106.19266901953128, 23.110261948920996], [-106.19181211983425, 23.110085969699487], [-106.1911164802595, 23.109543828883307], [-106.1910779500757, 23.108905519212126], [-106.19159622001489, 23.107989309221416], [-106.19148867998906, 23.106986599369485], [-106.19066525021647, 23.106871168965675], [-106.18968535034901, 23.107669219211143], [-106.18893751956163, 23.107386479289307], [-106.18954061992937, 23.10650353931728], [-106.18845407983862, 23.105682549525213], [-106.18811178028258, 23.10421791943938], [-106.18840327992605, 23.10367805925234], [-106.20395789016992, 23.090851138933346], [-106.22051271983993, 23.09533870891124], [-106.22315557003228, 23.082281949283658], [-106.22779291970609, 23.081421719641483], [-106.22924309023857, 23.09079448939497], [-106.23528863029321, 23.093506369553015], [-106.24494888953868, 23.09181594889348], [-106.25221165984156, 23.09578961904483], [-106.25923014001276, 23.089380538979153], [-106.24814960019013, 23.08022771914042], [-106.25789477042913, 23.068443199387136], [-106.26756083037975, 23.075657029144633], [-106.26893809065518, 23.07645282063101], [-106.27155537983279, 23.07850865891368], [-106.27923568970361, 23.08388982936491], [-106.28964233996057, 23.09094590959566], [-106.29020885026259, 23.091010059524447], [-106.29064416464085, 23.09173592142636], [-106.29152967597396, 23.09257303962599], [-106.29219865040582, 23.092686228996886], [-106.29259097984249, 23.093058879249444], [-106.2938979999154, 23.09475311964104], [-106.29730526020239, 23.098013449633523], [-106.30322624006993, 23.104956061933354], [-106.31300631641417, 23.11505810200085], [-106.31558381810062, 23.117321156246202], [-106.31983626001966, 23.121621259218173], [-106.33073334987138, 23.131480799579514], [-106.34846772041267, 23.14647767911543], [-106.35017142635137, 23.147682402351002], [-106.36173254112359, 23.157262786609337], [-106.36383581464084, 23.158430205257513], [-106.36739899359137, 23.16083449654377], [-106.36919786620618, 23.16246204740222], [-106.37356655588177, 23.165674319554185], [-106.37667089713634, 23.168525910633562], [-106.38303704416947, 23.173581892772674], [-106.38523067412267, 23.175068431498875], [-106.38765772518384, 23.17718139302476], [-106.3943106981247, 23.181921279435706], [-106.39818743375768, 23.183932221500125], [-106.40182728938746, 23.185063851801193], [-106.4036018982059, 23.186066598636096], [-106.40610747030934, 23.186883942556694], [-106.4083560609323, 23.186951757405534], [-106.4110329554726, 23.186409240298733], [-106.41186654453871, 23.18599246422424], [-106.41274973568268, 23.18394292932998], [-106.41328785069992, 23.18205034969509], [-106.41289673926397, 23.181720879668767], [-106.41248912017424, 23.182333149732216], [-106.41232875043539, 23.182283540250612], [-106.41226964914145, 23.181574949202385], [-106.41184060035482, 23.181333970058205], [-106.41168607993497, 23.18097612015399], [-106.4117396545684, 23.18030592199505], [-106.41281754989225, 23.17896390668385], [-106.41407747535244, 23.178018071219768], [-106.41495238009095, 23.17810571887944], [-106.41551911897164, 23.178831400631644], [-106.41582280970992, 23.178860400717035], [-106.4186400445964, 23.17770808939877], [-106.41911181992668, 23.177957889191674], [-106.41841821914328, 23.17850170893093], [-106.42036442044595, 23.179454049132197], [-106.42362098163139, 23.179492683639197], [-106.42423488332498, 23.1792107172913], [-106.42458336976401, 23.177297849137574], [-106.42472391997862, 23.177166948920032], [-106.42489314961493, 23.177413309036453], [-106.42572323592711, 23.17639819454556], [-106.4258123202134, 23.176622739455503], [-106.42546129036195, 23.177060659436457], [-106.42753755267928, 23.17656180174747], [-106.42779710765492, 23.1766997583886], [-106.42844652864122, 23.175859246577474], [-106.42962982974859, 23.1762285391517], [-106.42999041965118, 23.176578369521234], [-106.43025218019878, 23.177044709307506], [-106.43002994996213, 23.177761799077253], [-106.42953293952476, 23.17824033969356], [-106.42867063112932, 23.1784682921959], [-106.42821453067782, 23.179317793238315], [-106.42821810056955, 23.17989243343274], [-106.42677978015098, 23.18178145907432], [-106.42696635745048, 23.181980296262154], [-106.42664274958224, 23.182175349334738], [-106.42647606044878, 23.18289793909475], [-106.4268516304281, 23.183977749004175], [-106.4255451102644, 23.184219229502826], [-106.42525409022441, 23.184571049025692], [-106.42501800047685, 23.184521689202626], [-106.42461745961967, 23.185988399275683], [-106.42476435042174, 23.186561659630147], [-106.42505545003125, 23.186649769050064], [-106.4251630145513, 23.18734358660912], [-106.42598055145518, 23.187571234859274], [-106.42613068000861, 23.187916449728355], [-106.4266336800871, 23.187873289941184], [-106.42671780034065, 23.188037919685932], [-106.42720979978817, 23.187822138971747], [-106.42762508967826, 23.188139579146547], [-106.42754685006932, 23.188529139334854], [-106.42790728962488, 23.18885554934738], [-106.42773331048929, 23.18903439957606], [-106.42831365013599, 23.189505749301066], [-106.42791043033336, 23.190176859418077], [-106.42797295009733, 23.19072165932267], [-106.427761719943, 23.190886679242922], [-106.42767435032833, 23.191463108876206], [-106.42798437019506, 23.191796079437445], [-106.42784877003723, 23.192075578945786], [-106.42804309050085, 23.192665072335043], [-106.42860057486989, 23.192674517205997], [-106.42869694259664, 23.192981467675235], [-106.42787959832303, 23.19459474265017], [-106.42693160362101, 23.19522323225304], [-106.42681162411652, 23.19598772204019], [-106.427230005858, 23.197450094914483], [-106.42776597932071, 23.19840247426051], [-106.42821020013508, 23.19865262946228], [-106.42839363029213, 23.19848847932309], [-106.42906108024029, 23.19855182901156], [-106.42902472021665, 23.199157879208965], [-106.42950752047021, 23.19921301924683], [-106.42957497949416, 23.19954529967216], [-106.43024031047824, 23.199633148882725], [-106.43042102017618, 23.200813049677514], [-106.43091468977087, 23.201156999232353], [-106.43098575001791, 23.201526199583398], [-106.4303714890379, 23.202173920642096], [-106.43090984237962, 23.20242376328075], [-106.4309812263272, 23.202938322618976], [-106.43032390048462, 23.20416969368569], [-106.42972903439751, 23.20464855893486], [-106.4295773440603, 23.205353474864594], [-106.42906278549351, 23.205534909513432], [-106.4293691409347, 23.205038196253696], [-106.42905981135938, 23.204969787171088], [-106.42875438163513, 23.205467942120812], [-106.42898952021194, 23.20708207947168], [-106.42867365043729, 23.20733990904625], [-106.42907677036268, 23.20750288888132], [-106.42885862029269, 23.20790473907312], [-106.42940185942525, 23.208066059903043], [-106.42930073244398, 23.208509234915038], [-106.42828946138098, 23.208875077460583], [-106.42838242521577, 23.208497408407165], [-106.42819384975888, 23.20841296963819], [-106.42718994961297, 23.20850761893552], [-106.42697472001532, 23.209169909130008], [-106.42632067989025, 23.20961154921668], [-106.42589089018816, 23.208665519222638], [-106.42597092035008, 23.2078663192347], [-106.42542271184327, 23.207647839463625], [-106.42388654123968, 23.208359864913096], [-106.42288516547255, 23.209631224331137], [-106.4222129679015, 23.211070797777914], [-106.42170092453316, 23.21292505521315], [-106.4216176440641, 23.213823300980774], [-106.4218972319894, 23.215911277646303], [-106.42375995809554, 23.220510493715224], [-106.4247831270081, 23.222057141995077], [-106.42754473645162, 23.225147870977136], [-106.43065563647434, 23.228091454874143], [-106.44185813889402, 23.236405291899676], [-106.44334245887391, 23.237192227450347], [-106.44489722974375, 23.237625999304218], [-106.44548027287928, 23.237382953152704], [-106.44536302997481, 23.237667449446096], [-106.44593332035836, 23.23765001918934], [-106.44594778496844, 23.23780637546164], [-106.44670867016552, 23.237609001940267], [-106.44674138778556, 23.238209815993567], [-106.44784171490015, 23.239212049424935], [-106.45332076192932, 23.241477185212982], [-106.45356112645601, 23.241423862173708], [-106.45367946313789, 23.241946185470407], [-106.45452298912609, 23.242635256047084], [-106.45508454547462, 23.243782154822455], [-106.45646464457795, 23.24939292151104], [-106.45815494973166, 23.25270301380922], [-106.46052394049858, 23.255676469591634], [-106.46348793345906, 23.25798634384722], [-106.46397443640532, 23.257922459871935], [-106.46657272442232, 23.260571538087888], [-106.46655580871523, 23.261779602889856], [-106.46725801872473, 23.26273613964934], [-106.46694271872605, 23.263109169341735], [-106.46727764326234, 23.265747120737245], [-106.46737996025678, 23.265944615438368], [-106.46790947126755, 23.265911727514652], [-106.46846975298652, 23.266220631870183], [-106.46865820991232, 23.267170791712584], [-106.46823387418459, 23.2673887243123], [-106.46795894991614, 23.26728216325937], [-106.46813064937496, 23.269052085835092], [-106.468431245208, 23.26890174671597], [-106.46850697962712, 23.269226948897398], [-106.4674513094891, 23.26997468798986], [-106.46660168600545, 23.269934782871314], [-106.46624666027404, 23.271624549699244], [-106.4681959199331, 23.276750079240507], [-106.47043480033031, 23.280791939402594], [-106.47367712446483, 23.285378545652488], [-106.47720339252493, 23.289217249267356], [-106.47865971461597, 23.29113922117942], [-106.48357917438611, 23.295687661566156], [-106.48714011353671, 23.299491129736012], [-106.48896753977412, 23.300911667415296], [-106.48971532101997, 23.301255153380996], [-106.49060936950501, 23.302860445665306], [-106.49177004113359, 23.303664284404817], [-106.49222448404907, 23.303746361281824], [-106.49254997823816, 23.30358463459545], [-106.49293826803539, 23.303929541733652], [-106.49334233799397, 23.303456144410678], [-106.4935646001101, 23.303736089639358], [-106.49343278095108, 23.304154920234186], [-106.49374565658853, 23.303898723603165], [-106.49389913223395, 23.304030782935303], [-106.4941382678868, 23.30523360136718], [-106.49447734050092, 23.305337106906542], [-106.49428817449137, 23.306161591625877], [-106.4938935503861, 23.30618777609158], [-106.49339230688383, 23.307421515361064], [-106.49370282663017, 23.309052636080022], [-106.49397408478337, 23.308549380383063], [-106.49410257622637, 23.30861719442158], [-106.49406331463994, 23.309534477522263], [-106.49388842411571, 23.30953090690245], [-106.49389199399234, 23.309156142570956], [-106.49351008971307, 23.309348879164798], [-106.49295686544576, 23.308956268011567], [-106.49269525962994, 23.308175956343895], [-106.49143775081968, 23.308550035092633], [-106.49045317991464, 23.307974749132093], [-106.48976877976177, 23.30791476962472], [-106.48910052009369, 23.30740125159354], [-106.4879446296264, 23.307493909596538], [-106.48675916956249, 23.30794619915203], [-106.48571420013471, 23.308844089139814], [-106.48461174260073, 23.308743861509303], [-106.48386891265946, 23.309026893842027], [-106.48263183508129, 23.310839744445495], [-106.48138489038024, 23.311930749026462], [-106.4810184195723, 23.3127026794766], [-106.48034034999641, 23.31454361890601], [-106.47972068013301, 23.317263679482824], [-106.48030843594023, 23.32216923342176], [-106.48025333725805, 23.323428099605902], [-106.4807423780674, 23.325485194221738], [-106.4826626030878, 23.329525518223083], [-106.48547918918916, 23.3337602875336], [-106.48690090957378, 23.335512399413947], [-106.48965107957947, 23.337727520690954], [-106.49088602144387, 23.339198027532063], [-106.49454087342565, 23.346072290641896], [-106.5023804598714, 23.35408445974852], [-106.50381005288963, 23.357781096246256], [-106.50546973713813, 23.360184873440957], [-106.50952512323276, 23.364252167865537], [-106.51174913649704, 23.367371381983904], [-106.51332909743948, 23.36908643724811], [-106.51687687324932, 23.375189754702074], [-106.5213026713399, 23.380978983032996], [-106.524543497329, 23.385733146531333], [-106.52920486129385, 23.391486683242665], [-106.53879884713348, 23.40184447739569], [-106.54341024256911, 23.40665574743529], [-106.55224042315122, 23.415271775407344], [-106.55842269757093, 23.42051452938202], [-106.56969999976924, 23.431299999253532], [-106.58169999972948, 23.44109999967321], [-106.58499999998487, 23.44339999908032], [-106.58663315216532, 23.444196503579132], [-106.59020234390793, 23.44773000352459], [-106.59360782983046, 23.449654509349532], [-106.5939000255714, 23.450571078986236], [-106.59583452826742, 23.452591242551758], [-106.59702663816527, 23.454347284441333], [-106.59907535396201, 23.456638705377703], [-106.6037098004673, 23.460746219682296], [-106.60857088981844, 23.464606169761595], [-106.61119999971008, 23.46729999925796], [-106.61836928985568, 23.47350761935426], [-106.6182149701359, 23.476157599255725], [-106.61479305992636, 23.50123167939858], [-106.61257708049968, 23.511300019706958], [-106.6060940799874, 23.543797849695466], [-106.60449789032663, 23.550785229000667], [-106.5974171403928, 23.61619356889567], [-106.5722228295291, 23.61857794920701], [-106.55371106047767, 23.620771109037573], [-106.51872608009302, 23.6242382894546], [-106.5257921495808, 23.644527349037098], [-106.52933414983886, 23.660169939321015], [-106.52716112028413, 23.663854119260648], [-106.52659881961324, 23.664173979690723], [-106.52959728009027, 23.66814117898261], [-106.52119033996355, 23.6910356891338], [-106.47728878046802, 23.6894685194659], [-106.46672263031905, 23.69876074886843], [-106.45610503033649, 23.69798102966305], [-106.45209001971087, 23.697915889091526], [-106.4165471801134, 23.692676259700445], [-106.38596009017776, 23.677679919734324], [-106.36913506034116, 23.638152349487736], [-106.36849102990402, 23.637979339372563], [-106.36831988984045, 23.638116949643756], [-106.36782579995636, 23.639899338982627], [-106.36637985953297, 23.641027889192564], [-106.36219874987167, 23.639068679117827], [-106.36066054990326, 23.639324619235854], [-106.35877811043247, 23.640579019622795], [-106.35851786002229, 23.640476889425056], [-106.3572292302355, 23.63871676892378], [-106.3565931404935, 23.63839796937375], [-106.3539694601141, 23.63846564917651], [-106.35343964990041, 23.638302889587592], [-106.35193299982556, 23.63556011897711], [-106.35193918039131, 23.634177519568244], [-106.35164577968469, 23.63390141897134], [-106.351124859739, 23.63371082909232], [-106.34897092020134, 23.634511938961623], [-106.34765644994621, 23.63436967915464], [-106.34505372046183, 23.63088801947468], [-106.34450650954798, 23.630590769615996], [-106.34191355016324, 23.630372979033435], [-106.34139255043614, 23.62980457893337], [-106.3408492499705, 23.628496859461414], [-106.34104801984317, 23.627709909435502], [-106.3415046296786, 23.627178029508126], [-106.34163658007928, 23.626648089258655], [-106.34147822029352, 23.626119708969334], [-106.34043129003236, 23.62537487921182], [-106.33917869011992, 23.62516564973033], [-106.33728258019624, 23.625192659332477], [-106.33671140001918, 23.62466822906119], [-106.33573174956535, 23.623282739169664], [-106.33475561994668, 23.61961185962448], [-106.33195293964872, 23.615267489048435], [-106.33150957033337, 23.615233879727622], [-106.33074939964598, 23.615552369421426], [-106.3298698796845, 23.61723204893415], [-106.32961584986013, 23.61725716940333], [-106.32651558041493, 23.615280179582232], [-106.32480310998464, 23.614901459741194], [-106.32365897032568, 23.614401318974018], [-106.32178977022807, 23.614243029140425], [-106.32093702975469, 23.61517373923544], [-106.32054571036043, 23.61521401893482], [-106.31895547982096, 23.614801449323352], [-106.31735765020224, 23.61406631893354], [-106.31640878041105, 23.614285879441084], [-106.31543897992444, 23.614968969657046], [-106.31492418042384, 23.615101108880125], [-106.31461408033644, 23.615024108961716], [-106.31380678027, 23.61411668968311], [-106.31253135005912, 23.61463834896502], [-106.31140433962025, 23.614851379755553], [-106.31065143038549, 23.61466567944565], [-106.30916146039445, 23.61329602969074], [-106.30809484978802, 23.611709709598127], [-106.30859961954802, 23.611056919189718], [-106.3099019197395, 23.61049585930703], [-106.31049011983413, 23.609558579171317], [-106.31067733998293, 23.607883339705943], [-106.31032125999369, 23.605744829348605], [-106.30939543032125, 23.604376689518972], [-106.30812995033277, 23.604249919617317], [-106.30718728959604, 23.60449722943767], [-106.30641994003042, 23.604241509055388], [-106.30554374024246, 23.602767718915462], [-106.30475694985086, 23.60186097974832], [-106.30391325978165, 23.60132902960364], [-106.30271701969406, 23.6011434889488], [-106.30216170967263, 23.601800818869567], [-106.3001731800384, 23.60298165918835], [-106.2989562196928, 23.602375819619226], [-106.29842515042118, 23.602523919046977], [-106.29670760042099, 23.60354877891504], [-106.29591631003169, 23.604620149654497], [-106.29502790974546, 23.60443531920844], [-106.29456416992068, 23.60392928976355], [-106.29460152009158, 23.60232894895186], [-106.29434564957712, 23.601893749755508], [-106.29193278027702, 23.60298317974257], [-106.29132591014978, 23.602805339632916], [-106.29110170977471, 23.6008746896405], [-106.29012131031392, 23.600190519206297], [-106.28973278006943, 23.600170749016534], [-106.28759063026403, 23.602182379488884], [-106.28657238026119, 23.60270184967082], [-106.28585619991195, 23.60282645890551], [-106.28521877018123, 23.602648749475865], [-106.28477060026336, 23.60211341929756], [-106.2847219501606, 23.600847569502097], [-106.28425872000528, 23.600187289304937], [-106.28290337027423, 23.601019088873244], [-106.28259241982175, 23.600995078904507], [-106.28235336967343, 23.600523719588832], [-106.2817369100309, 23.60014710934356], [-106.28072000034138, 23.60029647892559], [-106.27764287996904, 23.601744199450888], [-106.27756754994708, 23.602040969619594], [-106.27868317004909, 23.602440479236844], [-106.2787985499112, 23.60292028941897], [-106.27677031041284, 23.603917448875237], [-106.27578522016859, 23.605362879134102], [-106.27493221954718, 23.60494134920041], [-106.27322552011563, 23.603498509612145], [-106.27222599960831, 23.60320074936779], [-106.27173617981227, 23.603263049397608], [-106.27163050974536, 23.603788378914146], [-106.27279513982738, 23.60471785892296], [-106.2727854299557, 23.605614309544], [-106.27216160010367, 23.60671468935677], [-106.2712659804682, 23.607276719074765], [-106.27008532036054, 23.606890719400862], [-106.26951695008177, 23.60693951930175], [-106.26880231963236, 23.607271219074256], [-106.26816828959413, 23.608145769575387], [-106.2671660496016, 23.608300859311782], [-106.2667603404202, 23.608647479027105], [-106.26663188976966, 23.60954199936369], [-106.26705835018153, 23.614043849448503], [-106.26647002963779, 23.61405342892354], [-106.26516043005763, 23.613118949313158], [-106.26441425976375, 23.613076088908443], [-106.26426486036176, 23.61321830884954], [-106.2643744499227, 23.613649579198363], [-106.26512579969217, 23.614412739072076], [-106.26668246010757, 23.61538234918869], [-106.26601085972892, 23.616266458956147], [-106.26585980000822, 23.616847979489403], [-106.26525286021896, 23.61738841922928], [-106.26550957995313, 23.61854874940139], [-106.26519931980783, 23.619584519340354], [-106.26471161984169, 23.619765349579332], [-106.26295755005938, 23.61847453946705], [-106.26258640041472, 23.61840162947084], [-106.2611540795513, 23.618724619399455], [-106.26038691989031, 23.6186584291894], [-106.25981065954477, 23.61975659938532], [-106.25947582026103, 23.62113557890659], [-106.26106062045254, 23.621397119677127], [-106.26142071000129, 23.6221711196132], [-106.26038974981371, 23.623399969572407], [-106.25783159976356, 23.624054979047106], [-106.25582150960541, 23.624878088883], [-106.25355822953485, 23.62406417920726], [-106.25268934976152, 23.624150168975817], [-106.25273455021876, 23.62470417909235], [-106.25346083019595, 23.62556694909017], [-106.2541322904605, 23.627007889257726], [-106.25437473967554, 23.62956061941196], [-106.2541602204209, 23.630615709449756], [-106.25299958000244, 23.63160596918783], [-106.2516148298519, 23.63233136909278], [-106.2513658897025, 23.632242089284574], [-106.25131411967502, 23.63144396917146], [-106.25179813960911, 23.62981471940995], [-106.25155114986185, 23.62952964944011], [-106.25049427997399, 23.62924671939594], [-106.24937742015545, 23.629500658874505], [-106.24908168963097, 23.6298793192693], [-106.24886241978675, 23.631048429297152], [-106.24907779954509, 23.632888619327744], [-106.2489553104477, 23.633767998875708], [-106.24930020027637, 23.634156918908978], [-106.25022035025593, 23.63423688940374], [-106.25018954978309, 23.634580019082197], [-106.24988019982871, 23.634935029067968], [-106.2476834302969, 23.63513974959888], [-106.24637611006881, 23.635708049192775], [-106.24664768952405, 23.63610159916592], [-106.24813689016527, 23.6364639997097], [-106.24758545048398, 23.63724053953304], [-106.24698185999083, 23.637263879575652], [-106.24669620005024, 23.637512229376927], [-106.247262420178, 23.63887901885878], [-106.24689501953168, 23.639325538942657], [-106.24631931967225, 23.63941045937551], [-106.24482815012867, 23.64065831888123], [-106.24441791001846, 23.64170039971943], [-106.24351895045525, 23.642266149197557], [-106.24324312041176, 23.642707379248932], [-106.24277782005161, 23.64275336925326], [-106.24263851977551, 23.64251490949562], [-106.24195422028163, 23.639783089354545], [-106.2415062504524, 23.63902264940334], [-106.24245256967325, 23.637905819092207], [-106.24254776992949, 23.637553649207558], [-106.24231736957336, 23.637215178956026], [-106.24157993953315, 23.637142249452015], [-106.23943410966625, 23.63759371911586], [-106.23918660042547, 23.63749265897657], [-106.23885073986554, 23.63645885934191], [-106.23840231967903, 23.635911289303984], [-106.23763149015305, 23.63574394896154], [-106.23668533993104, 23.635951519527687], [-106.23626062966451, 23.6363699396714], [-106.23586417025884, 23.637376289272005], [-106.23648591982877, 23.639321549337613], [-106.23652792012918, 23.640075319144337], [-106.2361393402878, 23.642346279046247], [-106.2358972897378, 23.64243837893663], [-106.23460385029249, 23.641895658944588], [-106.23445281958564, 23.64165327897882], [-106.23481829021162, 23.63983294921947], [-106.23477227967717, 23.639500629634966], [-106.23440582966869, 23.639231879077442], [-106.23154699965049, 23.640840619124656], [-106.23201307956445, 23.643185059680242], [-106.2318980898608, 23.644369049383915], [-106.23243646017603, 23.64517661927792], [-106.23240002957654, 23.64590581920881], [-106.23171870969631, 23.646656799554375], [-106.23023428978797, 23.647579309607316], [-106.22863325966644, 23.648224168884436], [-106.22804122958976, 23.64882411929784], [-106.22810759969889, 23.649407508985913], [-106.22931358028902, 23.650094539445163], [-106.2288345096979, 23.651492309162105], [-106.22722621986364, 23.654259019579392], [-106.2263940498906, 23.654376769650664], [-106.22415014007636, 23.653625739359867], [-106.22328032025186, 23.65365945908821], [-106.2221843995433, 23.65464861949049], [-106.22071270972259, 23.655469579329054], [-106.22040168027475, 23.655976078862377], [-106.22019869012792, 23.657324089087467], [-106.21767657042918, 23.65763617913583], [-106.2169855102597, 23.657548649214686], [-106.21650697002214, 23.65700502969274], [-106.21494238025818, 23.65651419931619], [-106.21417556971245, 23.655766169187327], [-106.21238876973749, 23.655545949567234], [-106.21076968983131, 23.657654509735888], [-106.20913646013976, 23.658276509143178], [-106.2087565701416, 23.65929341949066], [-106.20881174971485, 23.659890919403637], [-106.20964279991198, 23.6604870490326], [-106.21070530974335, 23.660740849596923], [-106.21106538029255, 23.661086579028545], [-106.21211239966192, 23.663235049201074], [-106.21203541970957, 23.66353439937747], [-106.21152923035606, 23.663744909176707], [-106.21100734039337, 23.66334833908295], [-106.2096047496535, 23.66306316899882], [-106.20870662047894, 23.66309979897857], [-106.20839748976184, 23.663344569742893], [-106.20761968015323, 23.664436368933877], [-106.20810160046682, 23.664635889421184], [-106.20951748997877, 23.664722629608054], [-106.2100934295055, 23.665225138869317], [-106.21011680005284, 23.66595822971338], [-106.2095657396175, 23.66603856902278], [-106.20836237006276, 23.66557567965366], [-106.20757996966863, 23.665790029409784], [-106.20744330995099, 23.666064978856184], [-106.20790038013284, 23.66656124959259], [-106.2089364503737, 23.66686693920048], [-106.20922742035427, 23.667294229483627], [-106.20920268006671, 23.667869459748314], [-106.20866363048849, 23.668166079293204], [-106.20630905976219, 23.668192619106133], [-106.20607272035122, 23.668568019114694], [-106.20622025015697, 23.669212319225274], [-106.20494308966676, 23.67008468960435], [-106.20430682035041, 23.670904599469488], [-106.20471857019483, 23.671976649108355], [-106.2051452497944, 23.672132349056803], [-106.20560318035591, 23.672192249734024], [-106.20663364971625, 23.67139905966951], [-106.20712935016265, 23.671332979334874], [-106.20755588009422, 23.671919319359347], [-106.20741319991384, 23.67229990963837], [-106.20665436952802, 23.672931448961556], [-106.20475200018139, 23.673434168932452], [-106.20432651977787, 23.673714259149275], [-106.20442775039776, 23.67394213917239], [-106.20584849042835, 23.674284259575295], [-106.20615246041295, 23.674581599005705], [-106.20626755035856, 23.675507029048546], [-106.20611852027787, 23.676038379162453], [-106.20566262049697, 23.676541089621463], [-106.20333219971242, 23.677562569303024], [-106.17920562031394, 23.663192948930575], [-106.17314030986422, 23.707394659105635], [-106.1154268896521, 23.728521119054353], [-106.15969891007347, 23.7702246589386], [-106.06833001983064, 23.8911569692095], [-105.95188071043832, 23.81964957889788]]]]}}, {"type": "Feature", "properties": {"CVEGEO": "25013", "CVE_ENT": "25", "NOMGEO": "Sinaloa", "CVE_MUN": "013", "NOMMUN": "Mocorito", "cov_": 1898, "cov_id": 1899}, "geometry": {"type": "Polygon", "coordinates": [[[-107.6518176598764, 25.7710860188366], [-107.6297957500381, 25.682907549549533], [-107.58893576985164, 25.679516849523313], [-107.57124314975887, 25.679545538998795], [-107.57167361996234, 25.67880814956568], [-107.57192084962666, 25.67733477883683], [-107.5731010804411, 25.67496739903513], [-107.5734974804399, 25.673267108933622], [-107.57523318019366, 25.673236459625972], [-107.57617593983275, 25.672875539204185], [-107.57712590963625, 25.67226194942892], [-107.57862861971141, 25.670026599694822], [-107.57914777043982, 25.67000593947206], [-107.58112694972328, 25.66892653930806], [-107.58130605953824, 25.6684184196992], [-107.5811437399657, 25.667896289593493], [-107.57966123049701, 25.666143649205647], [-107.57956971995627, 25.665422248927083], [-107.58039738042162, 25.665017378954666], [-107.58124042993991, 25.665323829406727], [-107.58237715016385, 25.666325119285432], [-107.58301379973027, 25.66646304923028], [-107.58448900043066, 25.665802578884445], [-107.58524913962393, 25.665203819515597], [-107.58528072001903, 25.664319548894703], [-107.58568592019738, 25.663715578870736], [-107.58563007990637, 25.66289024934022], [-107.58461483005593, 25.659331949553547], [-107.58467083045782, 25.658336369419107], [-107.58554077027672, 25.656369908869884], [-107.58555269036977, 25.655749999242655], [-107.58428255007085, 25.653973849137127], [-107.58383204991456, 25.6519244595848], [-107.58248323045447, 25.649308738848255], [-107.58207450996203, 25.649034799607062], [-107.58032012001424, 25.649065829672978], [-107.57956683013519, 25.648803719625928], [-107.57968322021708, 25.64659270925207], [-107.57942539993412, 25.64520859888975], [-107.57845144993783, 25.644112569508287], [-107.57694166049413, 25.643427689102023], [-107.57624929021277, 25.642639648849425], [-107.5757570004217, 25.641546579565745], [-107.57601040019904, 25.640956799430175], [-107.57673562029177, 25.640507889280485], [-107.58028105020601, 25.63998108954067], [-107.5804820499347, 25.639311889101357], [-107.58039827966344, 25.638360819138114], [-107.58076960016197, 25.63795254906068], [-107.58283183047249, 25.637227509352734], [-107.58472496971847, 25.63607237964567], [-107.58482884987446, 25.63559997893574], [-107.58467140010845, 25.635350309599602], [-107.5832726601253, 25.634525768836493], [-107.58281928998395, 25.634063279363463], [-107.582587369715, 25.63327030905613], [-107.5835489096911, 25.631439969277352], [-107.58484924993985, 25.629642419511356], [-107.5838207999011, 25.62718167919506], [-107.58383988966081, 25.62676334937042], [-107.58446273978139, 25.626270289298713], [-107.58784757997495, 25.624726659650214], [-107.58770415040365, 25.624263979511216], [-107.58579508016729, 25.622020829062023], [-107.5857577396008, 25.620278859338043], [-107.58634064999909, 25.619682289309104], [-107.5884668499298, 25.619390858962554], [-107.59064753964306, 25.6181145793749], [-107.59176000002323, 25.61778781962082], [-107.59150382997127, 25.61733637920408], [-107.5908592200128, 25.616975629678112], [-107.58792837043958, 25.616509379614595], [-107.5860238595174, 25.61344451917465], [-107.58536314029259, 25.61299453885626], [-107.58264849033914, 25.611888679462858], [-107.5821155503606, 25.611460778858522], [-107.5803665996567, 25.60907550896907], [-107.57951259984337, 25.608522949027428], [-107.5783527800798, 25.60729176967763], [-107.57812749014326, 25.606839769524143], [-107.57836381964735, 25.606370369278256], [-107.58039234984429, 25.606139119101215], [-107.58159285035224, 25.605341819443055], [-107.58184837986396, 25.604806919188643], [-107.58177906030411, 25.603970679072052], [-107.58050369050972, 25.601244719480743], [-107.58000931970697, 25.599409349271667], [-107.58011622034218, 25.599068769112623], [-107.58093765044546, 25.598640318947805], [-107.5827129802102, 25.598437849396042], [-107.58393947984017, 25.598021049168626], [-107.58597248000339, 25.596503598841842], [-107.58621473953842, 25.595699649118917], [-107.58532244989419, 25.594281518880244], [-107.58519616983988, 25.593719319512182], [-107.58631911041675, 25.591409649219067], [-107.58658900028067, 25.59129265918108], [-107.58748471040143, 25.591833829339816], [-107.58848069047697, 25.593108369551164], [-107.58871864954487, 25.593807349650707], [-107.5893318598309, 25.59429888958859], [-107.6083994605052, 25.580158089326634], [-107.60955519960555, 25.575452309395224], [-107.62398543002675, 25.565305779354556], [-107.62951790974822, 25.561092918866915], [-107.63507049001328, 25.557552379356114], [-107.64028170973967, 25.553746859252144], [-107.63969617994745, 25.552104949179284], [-107.64016698010738, 25.550759939121118], [-107.63944757998085, 25.549236569138316], [-107.63908498033786, 25.548974908973037], [-107.64001967959547, 25.548555109064612], [-107.63942371013806, 25.548282799366973], [-107.63859643023453, 25.545139259012963], [-107.63896311980461, 25.544837168910977], [-107.6403681802168, 25.539929419154856], [-107.6410467101174, 25.538726219573693], [-107.64095068050862, 25.537099569521807], [-107.63986322965143, 25.535661429010478], [-107.63964115002022, 25.5349368794608], [-107.63883696970716, 25.534001969207175], [-107.63788584985419, 25.533702658926906], [-107.63706625966647, 25.532648769612972], [-107.63551409038793, 25.531308539631326], [-107.63634901958609, 25.53088293947088], [-107.63675488043427, 25.526561399639604], [-107.63734437983504, 25.52593410893335], [-107.63789337989189, 25.524868049051154], [-107.63821344972997, 25.52318085957589], [-107.63882121953083, 25.52211373919971], [-107.63879631987675, 25.520944548916837], [-107.63809901993818, 25.517956739213872], [-107.63807919967901, 25.516088119182527], [-107.64029789003362, 25.515831658975866], [-107.640748689944, 25.51547174910935], [-107.64063716975416, 25.51445177947061], [-107.64096636978482, 25.51359777930698], [-107.6408481202138, 25.512528379400145], [-107.64161962992249, 25.510252649240442], [-107.63974172012881, 25.502601378815], [-107.6400467195654, 25.499958858911], [-107.63970879975214, 25.495076229482578], [-107.64007872026035, 25.493975879615892], [-107.64134602038611, 25.49249702905248], [-107.64222645029557, 25.492083219194736], [-107.64245727979937, 25.492328139162368], [-107.64299591023473, 25.492197819035745], [-107.6432733495454, 25.49146976955083], [-107.64424795032878, 25.490747089708844], [-107.64451894992493, 25.490624579686504], [-107.64493131975682, 25.49119757950394], [-107.64589080030035, 25.490828258875194], [-107.64601435047457, 25.490638719701835], [-107.64570070961297, 25.48850501885089], [-107.64898187971252, 25.487658249031384], [-107.64931542007437, 25.48697077950297], [-107.64900206026499, 25.486259019085406], [-107.64949587949457, 25.484667568878915], [-107.65174374978109, 25.484285679374043], [-107.65603026026734, 25.485009138805346], [-107.66321727966925, 25.4875276489873], [-107.6465321402358, 25.452100948834254], [-107.6861080497041, 25.446176199644192], [-107.68463107958293, 25.44390742919854], [-107.69438298011401, 25.427917369273295], [-107.69339448952103, 25.426771349537123], [-107.6923673999151, 25.425995418934637], [-107.69271568016472, 25.42547577961108], [-107.69219474037016, 25.425122219020466], [-107.69129702016308, 25.42503579912227], [-107.69113997977519, 25.424092259383457], [-107.69061631023405, 25.423998979262567], [-107.69026893976154, 25.42367157939631], [-107.6878946303909, 25.420374349127634], [-107.68688294988915, 25.417523369391887], [-107.68369537976842, 25.414632379074494], [-107.68136242982372, 25.412002969190777], [-107.67980674981777, 25.409160509189253], [-107.67760429017206, 25.408847749120593], [-107.67685442953162, 25.408096168833907], [-107.67592333986616, 25.40899927966298], [-107.67401283026328, 25.408636749161765], [-107.67406362953838, 25.40743627926967], [-107.67588406026529, 25.40683285933346], [-107.6771761398816, 25.405279149177918], [-107.67849019999983, 25.40472221961404], [-107.68057808017939, 25.405459539611563], [-107.68236012038706, 25.404926719634688], [-107.68364112042644, 25.403734199001423], [-107.68450322042199, 25.402447319041606], [-107.68700305021149, 25.40225756918802], [-107.6874990803019, 25.400701118895256], [-107.68807211032767, 25.40005450964274], [-107.68847098048667, 25.40009877945027], [-107.68970796949672, 25.401008379106585], [-107.69032269021193, 25.40087008905871], [-107.69049232021125, 25.399893049141962], [-107.6900553796432, 25.398485049011253], [-107.69054529036863, 25.396924709268006], [-107.69044912030202, 25.39463851927585], [-107.69154582010928, 25.394161799112215], [-107.69175128970205, 25.394292229569796], [-107.69171131007204, 25.39410942911603], [-107.69247877010191, 25.393901319418934], [-107.69355176976674, 25.393110599638085], [-107.69427708049051, 25.38953227905544], [-107.6938057999277, 25.389047029350735], [-107.69400799954236, 25.388726719217694], [-107.69524159964871, 25.388349519576956], [-107.695484800146, 25.387990479281033], [-107.69504709050486, 25.385983459607523], [-107.69547487951957, 25.385777458867782], [-107.6955080496207, 25.385919949643334], [-107.69814643033305, 25.386126079315723], [-107.69843984958305, 25.38607962887], [-107.69859981955669, 25.385771538909516], [-107.69864968001701, 25.38421311900121], [-107.69896861999246, 25.383484579445028], [-107.69884912011722, 25.38297274921109], [-107.69827578020896, 25.382823798833652], [-107.69729551984729, 25.383676279228236], [-107.69661112046761, 25.38301267930647], [-107.69552685986883, 25.382487429727913], [-107.69602571011099, 25.380974549152256], [-107.69551477953694, 25.380803679156315], [-107.69661561970469, 25.380550849705525], [-107.6973740802268, 25.380703139561344], [-107.69818554954406, 25.382027649515965], [-107.69877973994846, 25.381382028836786], [-107.69921915049481, 25.380016169416233], [-107.70111013970038, 25.381479999393108], [-107.70143239980324, 25.381496399634965], [-107.70217862952613, 25.380885909131983], [-107.7022829802752, 25.38044448940702], [-107.70073412002736, 25.379529779506576], [-107.70056651953362, 25.379183279669796], [-107.7022482896332, 25.378338599619546], [-107.70239451967588, 25.375880519651172], [-107.70274060044053, 25.375702999349645], [-107.70315515000719, 25.375606599522794], [-107.70407748034116, 25.37696364896225], [-107.70447242968342, 25.37702790968819], [-107.70528591031356, 25.376079749069966], [-107.7060079501528, 25.374500939284214], [-107.70755632021836, 25.37466877948926], [-107.70876234968134, 25.37446713903448], [-107.7111865498307, 25.37275219957865], [-107.71449860037674, 25.37284054935107], [-107.71638264951697, 25.371538349016056], [-107.71685112045584, 25.37146064882779], [-107.71796919964927, 25.372345369655335], [-107.71820795045056, 25.372308879599796], [-107.71865254002566, 25.3717189690327], [-107.72042480039319, 25.372089569597485], [-107.7209239404475, 25.371839969280916], [-107.72118093988352, 25.371357089715517], [-107.72131355036097, 25.36993124933851], [-107.72159593996288, 25.369514919031342], [-107.722908019675, 25.368540749705833], [-107.72371861990223, 25.367008538848353], [-107.72338944974273, 25.36421937964554], [-107.72261908968288, 25.362756619004408], [-107.72265762019889, 25.361667419023505], [-107.72304797018992, 25.361567049685238], [-107.72421451005872, 25.36190287915279], [-107.72512785969913, 25.361706999207946], [-107.72688248035614, 25.360719819018225], [-107.72804734020883, 25.360331709445582], [-107.72907140006063, 25.35948551964501], [-107.73087682033575, 25.357357229258696], [-107.73117815014889, 25.357253179689767], [-107.73209279990387, 25.35741342970395], [-107.73432071982384, 25.35834251957944], [-107.73547674034079, 25.358393479599957], [-107.73841662032888, 25.35792605920499], [-107.73901438006499, 25.35750136909465], [-107.73939971010266, 25.356312579343165], [-107.739157510129, 25.35387253881269], [-107.74041079997625, 25.353240818986432], [-107.7428202503085, 25.352838828987853], [-107.7432873796495, 25.352300939055585], [-107.74397882955806, 25.35221310937495], [-107.74420475001543, 25.353078169295685], [-107.74461924983264, 25.353520079321093], [-107.74601091999006, 25.35336671915739], [-107.74627390987047, 25.352949649632176], [-107.74613665986811, 25.35232145955283], [-107.74485476970483, 25.350126319587215], [-107.74412066015609, 25.349450049694152], [-107.74402929024846, 25.34904150961275], [-107.74465730998267, 25.34847602905341], [-107.74587936993177, 25.348024339426534], [-107.7464210199949, 25.34745481888619], [-107.74617917045238, 25.34675070880224], [-107.74506169007034, 25.345466229712006], [-107.74486430986542, 25.344910478934402], [-107.74545414020797, 25.34349125958505], [-107.7469596201852, 25.342653599307848], [-107.74849281978506, 25.342286739436137], [-107.75086868971921, 25.342441979180474], [-107.75154426025078, 25.341816519501304], [-107.75055994018973, 25.336735879214693], [-107.75615737999831, 25.341314659414287], [-107.7660231795918, 25.329396169646163], [-107.76792632033201, 25.327596219533923], [-107.7722328802935, 25.321859429359044], [-107.79296265012668, 25.29775982958028], [-107.79013260032539, 25.297015109401222], [-107.78751987957338, 25.296942779705443], [-107.78394970989518, 25.29760947953521], [-107.78132941984985, 25.297196999638576], [-107.78039174016813, 25.297348138934698], [-107.77760540007525, 25.298085778889735], [-107.77333530957566, 25.301245649626345], [-107.77162782974452, 25.30143976895438], [-107.7713563702637, 25.301719628819612], [-107.77115202027007, 25.3015600794651], [-107.76981794016764, 25.30216041921829], [-107.76792967979716, 25.302085368964857], [-107.76798379977019, 25.302508479597098], [-107.76762944979394, 25.302661768867623], [-107.76569791026162, 25.302567199049292], [-107.76514760024173, 25.302909148879046], [-107.76475984999145, 25.302889348965515], [-107.76444474988716, 25.302592949498194], [-107.76405867986217, 25.3027017195643], [-107.76370995017501, 25.303328658844244], [-107.76219516988182, 25.304101549128116], [-107.7620284802799, 25.305054448891834], [-107.7624385499066, 25.30537388929606], [-107.76242278010058, 25.305581719696658], [-107.76140950995944, 25.30607673920649], [-107.76205122039552, 25.306849819286224], [-107.76187110950961, 25.30746454899358], [-107.76150053981006, 25.30751888888936], [-107.76219595007528, 25.30808788941332], [-107.76248991025246, 25.308621569632912], [-107.76225763042642, 25.308878598865718], [-107.7612420198414, 25.309224749127647], [-107.76051138018263, 25.307916428890216], [-107.7606127497479, 25.307646058837307], [-107.76011719976854, 25.30793508892462], [-107.7608644501334, 25.308758078977114], [-107.76116736995442, 25.309975148963222], [-107.75923590999435, 25.310135419465023], [-107.75857262033568, 25.309662779405354], [-107.75760017997946, 25.309861479163597], [-107.75712728047989, 25.30947327951255], [-107.75676943020916, 25.309809339639447], [-107.75638190968223, 25.31094459907171], [-107.75566674023301, 25.311009878905928], [-107.7542610501775, 25.309851749658893], [-107.75452763005363, 25.30930757913617], [-107.75437985041509, 25.309206569159322], [-107.75441705981197, 25.30758153884529], [-107.75612339958246, 25.30638553898135], [-107.75763287983071, 25.304750999369585], [-107.75770498034393, 25.303729939003414], [-107.75863780025887, 25.30306499889687], [-107.75824628971661, 25.302133829311096], [-107.75854971029317, 25.30044291914314], [-107.75838859998306, 25.299938319022793], [-107.75901222953044, 25.297936859551974], [-107.75832317954766, 25.29757073962262], [-107.75796641969004, 25.296911889496236], [-107.75784523030225, 25.295745549527435], [-107.74647051967193, 25.30771408896407], [-107.7466392195279, 25.28674276920127], [-107.74589755038758, 25.272028379604123], [-107.74258345031035, 25.270127659027082], [-107.71245914015738, 25.27196828892789], [-107.71232654964305, 25.267707648866416], [-107.70892924989438, 25.26163254904279], [-107.70807082954175, 25.26044682942873], [-107.7073043697561, 25.258784289280552], [-107.70531106050576, 25.25810374952195], [-107.70479380034305, 25.256519429295068], [-107.70607568007341, 25.2561724190135], [-107.70372985955139, 25.2530723689673], [-107.70204716958857, 25.253525178927354], [-107.70115220030168, 25.25303348919437], [-107.70041414949857, 25.252140478885952], [-107.69975929025446, 25.249413059606255], [-107.69920991995717, 25.24924279951881], [-107.69923827956022, 25.248627489258414], [-107.6986308200565, 25.24816548889953], [-107.69776112009903, 25.24628297925743], [-107.69645353967934, 25.245757969205467], [-107.69583601956755, 25.245262539313206], [-107.69850147969213, 25.24270545963121], [-107.69691513996965, 25.242353949060472], [-107.69655257028309, 25.241285968953097], [-107.69341746032838, 25.24200924930148], [-107.69238401985292, 25.24068122970662], [-107.69002792000032, 25.238901949507426], [-107.69225370968135, 25.22924567973865], [-107.68484283014743, 25.21951333945072], [-107.68314160006967, 25.2190191095562], [-107.68100711991272, 25.21654604949423], [-107.67952702979143, 25.216044549578626], [-107.67885936949972, 25.213309018901963], [-107.67633471976474, 25.213416449442395], [-107.67545988048052, 25.21393974957808], [-107.67442929031881, 25.215173109544338], [-107.67449042015205, 25.216754848829144], [-107.67429285955485, 25.21763057962821], [-107.67264972023933, 25.217894819316733], [-107.67254488994448, 25.218205889227313], [-107.67152431957228, 25.217810828856614], [-107.67092251003335, 25.217157399248226], [-107.66998777957257, 25.21673054912214], [-107.66872445013284, 25.216619029544788], [-107.66760347993768, 25.21607231952583], [-107.66505235011773, 25.215426349318], [-107.66340613957215, 25.213430149439], [-107.66189258035199, 25.212329549542314], [-107.66186777004702, 25.212072479520963], [-107.65951548042175, 25.211161289040774], [-107.65885462954519, 25.211157229508384], [-107.65842257979963, 25.210327879501197], [-107.65777757978546, 25.209967519442515], [-107.6562616498721, 25.20958804909544], [-107.65479365975301, 25.20881779913695], [-107.65417405957045, 25.208785029257516], [-107.6537491697229, 25.208927119524496], [-107.6540997699167, 25.210906149684], [-107.65322597021634, 25.212226419379956], [-107.64914291952311, 25.214963139267347], [-107.64875577005323, 25.214004279439404], [-107.64620376958824, 25.214236688855433], [-107.6457852598078, 25.21393837901687], [-107.63794906008297, 25.215149198841914], [-107.6371317802332, 25.216208599392743], [-107.63652025964664, 25.216207939641453], [-107.63646568998472, 25.215788279345116], [-107.63523301989127, 25.215424169613247], [-107.63324031962809, 25.215073689714053], [-107.62991127962724, 25.215097179160978], [-107.62921037984886, 25.215485739647285], [-107.62882413993403, 25.216764078921216], [-107.62884465980702, 25.218914569374466], [-107.62937644965058, 25.221259319420703], [-107.6122527097264, 25.22302987928212], [-107.60841089019601, 25.227563879666825], [-107.60366483020229, 25.228422768887054], [-107.587476909549, 25.218114829217395], [-107.58041374995145, 25.21321457899289], [-107.565184060103, 25.215897319496253], [-107.5560596602532, 25.215806338918327], [-107.5487829695983, 25.20910188962146], [-107.53863625953917, 25.192988909729923], [-107.53840856984492, 25.181195568830326], [-107.52288513964967, 25.16169950925742], [-107.51200632029392, 25.138995289538784], [-107.51332236990916, 25.135769319090553], [-107.52204651029686, 25.123657419151414], [-107.52494337050143, 25.12038396964151], [-107.52995428013296, 25.11571679898711], [-107.5258015403672, 25.099055979574953], [-107.5255861993622, 25.09597730887687], [-107.52367517008571, 25.090577739050627], [-107.52364137897177, 25.087467949285884], [-107.52533533887659, 25.084681459544242], [-107.52750017915109, 25.079095979162968], [-107.53983111870261, 25.074974449656086], [-107.55780936967648, 25.07029859925861], [-107.5915430902778, 25.03848279937084], [-107.58808577861429, 25.017526149713568], [-107.5902569701085, 25.00726007909188], [-107.59094131944043, 25.00244721958257], [-107.59318073955325, 24.999830509517043], [-107.596646180059, 24.99270067962102], [-107.58798625902338, 24.994300399144016], [-107.58541564868165, 24.99141721891275], [-107.58470125990597, 24.990314289576386], [-107.5849294903527, 24.989978149508516], [-107.57962671975709, 24.9879025189686], [-107.57982287956993, 24.986488088908555], [-107.58317491001887, 24.985901489394266], [-107.58623079976205, 24.98445871898254], [-107.58799242049479, 24.981629979203124], [-107.58787329015318, 24.980760318844908], [-107.58872545964367, 24.97823454961702], [-107.58917991958126, 24.97769241923006], [-107.59368707867678, 24.97536770944434], [-107.59529487939808, 24.9753035391258], [-107.59828195043966, 24.9744473389886], [-107.59904297927223, 24.973619049419167], [-107.60024148985116, 24.97293161928948], [-107.60141909041172, 24.972871619292498], [-107.60236767857424, 24.972455719044284], [-107.60430164854996, 24.97216827897513], [-107.6075226897333, 24.971971879612212], [-107.61049437026581, 24.973261538997974], [-107.61174956929028, 24.9725020789976], [-107.61220644970354, 24.97188647886427], [-107.61583773946512, 24.970645738926052], [-107.61732202867425, 24.971738108942343], [-107.61904590975708, 24.974255909292356], [-107.62287680014384, 24.974427769715096], [-107.62313389015536, 24.974226399516127], [-107.62693129048004, 24.96646419932078], [-107.63505376922248, 24.963012629025233], [-107.63642000021382, 24.962842179708655], [-107.63690879951345, 24.962471568965647], [-107.63679493954338, 24.961549229460093], [-107.63693588915444, 24.961331949123615], [-107.63761959957824, 24.961139919718363], [-107.63926959875421, 24.96131608891241], [-107.63952380031226, 24.9609443090731], [-107.63937817020292, 24.959811949508207], [-107.63955977999836, 24.959041519221692], [-107.64092240040037, 24.958914369578604], [-107.64180170929495, 24.95796328896304], [-107.64197057912777, 24.954425539684202], [-107.64313807979684, 24.952318059635363], [-107.64347461905507, 24.948005749466827], [-107.64247676889684, 24.947559179700907], [-107.64239124930032, 24.94557744957236], [-107.64476139857805, 24.943048999507123], [-107.64646581993249, 24.93886514898029], [-107.64760723029238, 24.93927750898753], [-107.64856844881554, 24.940593148919653], [-107.64928770904996, 24.940561379681075], [-107.65135310906246, 24.94164514964728], [-107.65186359909046, 24.94152301951484], [-107.65271841962387, 24.940735629174327], [-107.64802596923886, 24.93705611963136], [-107.65683379870488, 24.927568449775652], [-107.6569438799556, 24.92871581908322], [-107.65846697017507, 24.92763133950882], [-107.66186559997793, 24.928773109728738], [-107.66262355022482, 24.92918994899341], [-107.66447628027568, 24.931350849597127], [-107.66687031888996, 24.931097969327393], [-107.670315279404, 24.931220219060005], [-107.68139454030214, 24.928812219221257], [-107.68167131936744, 24.92894727944833], [-107.68513153956576, 24.92544793890648], [-107.68882133909099, 24.92828168937809], [-107.69149307979033, 24.925532569497058], [-107.69302887989649, 24.925926089265843], [-107.69381807857857, 24.925664229423123], [-107.69463652025395, 24.925790919691625], [-107.6964251087159, 24.926663599108142], [-107.69792846040339, 24.926243879091217], [-107.70005557995208, 24.92556014886266], [-107.70140577934943, 24.922486709612073], [-107.72303020032317, 24.92756581931395], [-107.72480075004667, 24.925254739243325], [-107.72528542996075, 24.92338821913668], [-107.71985256986628, 24.919527059444114], [-107.72303013981738, 24.916029768992974], [-107.73624934956446, 24.92531442903371], [-107.73677122019036, 24.925445309113353], [-107.73620407985977, 24.927509289216164], [-107.73978711968476, 24.93164796925498], [-107.7396953402316, 24.93182837968923], [-107.7417350601803, 24.93371728889931], [-107.74444171959033, 24.93682350950492], [-107.74461763014028, 24.93537670954549], [-107.75157927986808, 24.936653229674416], [-107.7515435701957, 24.93576961891248], [-107.76019102003134, 24.935853369523944], [-107.7567336500856, 24.941696849208924], [-107.75786556998553, 24.941541139685253], [-107.75826277016569, 24.947128289046045], [-107.7597138803056, 24.947287999366377], [-107.7657644797458, 24.946247778971774], [-107.76684956972738, 24.95001093949816], [-107.76638445977547, 24.95187302967677], [-107.76651663043178, 24.952016889062946], [-107.76878757014481, 24.951002399385633], [-107.77035147950984, 24.948322259182177], [-107.77809457010646, 24.95159022883729], [-107.78114787953048, 24.945666979677288], [-107.7813043097699, 24.94601761894156], [-107.78196124963254, 24.94581428889947], [-107.7835659403317, 24.949820168878098], [-107.79073218039352, 24.94951254950509], [-107.79893668962585, 24.954433479704118], [-107.79374454971136, 24.962214488938688], [-107.79191055050174, 24.96302830955293], [-107.79911712048136, 24.96583174907737], [-107.7996522799871, 24.96634808907562], [-107.80846115037559, 24.9795972888418], [-107.81729870980364, 25.00447121962873], [-107.82716477972808, 25.007621819572666], [-107.84065362979769, 25.032148279141214], [-107.88892293968958, 25.02057524907922], [-107.88440634009598, 25.03318785891692], [-107.89447663029146, 25.033336429619222], [-107.89509380032956, 25.03158030954113], [-107.89588922906546, 25.03236139938644], [-107.89613739976349, 25.033394488878493], [-107.89564128007713, 25.0349524203152], [-107.9061302501815, 25.049577220548073], [-107.90708391877202, 25.049122649110213], [-107.9078344494342, 25.050164909075406], [-107.90817615013, 25.051149920085848], [-107.90823085978332, 25.052782979504613], [-107.90724444879947, 25.05280884970209], [-107.90727179878705, 25.054546419309073], [-107.90682514975823, 25.054823379258046], [-107.90791237199434, 25.05592362930063], [-107.90984533996232, 25.054720545225507], [-107.90986693970478, 25.06311328987894], [-107.91105325955587, 25.06304276995414], [-107.91166817959017, 25.063951049319833], [-107.91248175049441, 25.06329945960098], [-107.91229942029513, 25.063110659215038], [-107.9196970904594, 25.06312197994296], [-107.9197087197179, 25.059940800532456], [-107.9247549398317, 25.062947058923378], [-107.92461808008798, 25.06301706025449], [-107.925823178912, 25.06466734911358], [-107.92900004932098, 25.06634057933843], [-107.92644939993907, 25.068634179584436], [-107.92613537947702, 25.078398000619075], [-107.92972974050923, 25.07584562991063], [-107.93139690903237, 25.070247879989207], [-107.9336928300222, 25.077518889413582], [-107.93776051987768, 25.07663683063597], [-107.93771393997159, 25.07353345982375], [-107.93717511986682, 25.070274230062044], [-107.93956834943725, 25.07028891062388], [-107.93956632034933, 25.068470479726905], [-107.94552708944515, 25.068477200450356], [-107.94560274895107, 25.086496048999237], [-107.94353436892638, 25.086477310408274], [-107.9435652585849, 25.09098194028029], [-107.93958097008392, 25.09112931063268], [-107.93981346024974, 25.105282579738706], [-107.9390808196251, 25.105277218016337], [-107.9390930192713, 25.10672782964126], [-107.93943505030684, 25.10689283050697], [-107.9392865086206, 25.10816117974976], [-107.93983087932472, 25.108243909047896], [-107.93980930881227, 25.109278509507334], [-107.9392601999762, 25.109749430006516], [-107.93890934960751, 25.11357740912284], [-107.93983791014142, 25.11357447886393], [-107.93974551916025, 25.11455256939746], [-107.94969549018056, 25.11453574892219], [-107.94970204941791, 25.122539149360207], [-107.9514931689497, 25.12260671065233], [-107.95146210969247, 25.118073510158244], [-107.95541974054973, 25.118060820360547], [-107.95544989030414, 25.12255189030175], [-107.95730379954561, 25.122636090139427], [-107.95734427980537, 25.127098220219533], [-107.95935273924145, 25.127275740486446], [-107.95937982031042, 25.131786880415437], [-107.99550759936623, 25.13168988957272], [-107.99549098042681, 25.134103229765362], [-107.99906309025937, 25.134027538913784], [-107.98949371015124, 25.149882290118562], [-107.98596515039087, 25.149945509845658], [-107.98573253873434, 25.157491720346446], [-107.98657165010046, 25.15747008898113], [-107.98563768921541, 25.158280629817348], [-107.97001410873568, 25.15430875013106], [-107.96845899959395, 25.15591495005743], [-107.96781281992376, 25.156116230049957], [-107.97104437950209, 25.163643399934788], [-107.96879697872295, 25.16466178016468], [-107.96817634928153, 25.162596970374572], [-107.96625687949364, 25.162142860084305], [-107.96478865041904, 25.1612044494988], [-107.96345181950468, 25.159799260498513], [-107.96138990910573, 25.156530480615523], [-107.95979082962171, 25.156495939848668], [-107.9583065401365, 25.154216149736463], [-107.95758051952416, 25.155399939913647], [-107.95075150898309, 25.152005680382157], [-107.95135849029509, 25.14807533885548], [-107.9502878802979, 25.14773334980451], [-107.94650480006986, 25.14801244972172], [-107.94508630967793, 25.148320850416216], [-107.94324718044676, 25.149253430337883], [-107.94227465012068, 25.14930162992378], [-107.93971048889131, 25.147942650309975], [-107.93886159983381, 25.15933387888398], [-107.937597029051, 25.170720910327], [-107.93590505933528, 25.178722829817996], [-107.93592863024014, 25.18617097059688], [-107.93372729034267, 25.196895030196263], [-107.9327748502454, 25.20413437981231], [-107.91441919918083, 25.203484890143837], [-107.87011928954075, 25.203620860057455], [-107.86855584945305, 25.228773119609528], [-107.86965914972927, 25.22874690903886], [-107.87148039981665, 25.22830151977633], [-107.8750584490394, 25.2286862002585], [-107.87452521955993, 25.230633709359576], [-107.87530273890158, 25.23219184914841], [-107.87549829041389, 25.233218029915133], [-107.8748094885573, 25.235337570215925], [-107.87772825915576, 25.236979369933056], [-107.87927788025236, 25.237503140446748], [-107.8794561504455, 25.235579460442825], [-107.87980848914604, 25.23487944976495], [-107.88258154987705, 25.234472598993577], [-107.88310803042818, 25.23544462923763], [-107.8846788901031, 25.240247199922365], [-107.8864413801016, 25.239835080218455], [-107.88734467985049, 25.240077980134835], [-107.89256985958457, 25.23856724916407], [-107.89198356951785, 25.239592430395422], [-107.89371654951272, 25.239716949602578], [-107.89753188900475, 25.238474450353426], [-107.89769556953217, 25.238706339725013], [-107.89872599979809, 25.23908434056538], [-107.89802725033243, 25.24130057035876], [-107.89828653876606, 25.24403855060016], [-107.89759609041212, 25.246465540586545], [-107.90202467922668, 25.244765259139516], [-107.90400210929204, 25.248760110346065], [-107.90450327982221, 25.2506766902622], [-107.90710339975028, 25.254191290218998], [-107.90730276987189, 25.25533702886451], [-107.90621712050115, 25.26248835053224], [-107.90638139962118, 25.26353398003518], [-107.92584892006629, 25.299097549637224], [-107.92412301947078, 25.301210059466523], [-107.92252488024921, 25.301990879830274], [-107.92088311942692, 25.30365429018594], [-107.91954571046324, 25.30386954061222], [-107.91850428008199, 25.303202260496924], [-107.91747388930187, 25.30309371064323], [-107.91635944970565, 25.303396120068424], [-107.91605730867981, 25.304964540655615], [-107.91516899964495, 25.305451769838303], [-107.9146181693381, 25.30472615020418], [-107.91409763032895, 25.305043780459407], [-107.91414257936219, 25.305812030508754], [-107.9122551985917, 25.30637314039807], [-107.90970879912611, 25.305636169511153], [-107.90877115025738, 25.306428020098082], [-107.90823270886268, 25.30662254952608], [-107.90776031015304, 25.307215740121357], [-107.90649154029028, 25.307174600074593], [-107.9059658188904, 25.306892999326788], [-107.90544281902433, 25.305178680223506], [-107.90390879896322, 25.304769630091346], [-107.90147271889951, 25.306498920333627], [-107.89946097852874, 25.30677250974517], [-107.8975073399422, 25.310535259720243], [-107.897205049047, 25.31210451028136], [-107.89915979855014, 25.31329264986515], [-107.89910708949034, 25.313888049020147], [-107.89938805017762, 25.314214548853606], [-107.89993472001828, 25.314291749788506], [-107.90152797932036, 25.315412289883824], [-107.90102699947336, 25.316854889071877], [-107.90125841914158, 25.3183725192404], [-107.90592486005688, 25.319823799501705], [-107.91211930973569, 25.319771629101968], [-107.91514804967842, 25.31549297029848], [-107.91346890870221, 25.31293202044463], [-107.9129034886746, 25.31148897982818], [-107.91655303041469, 25.3099393501295], [-107.91910953947941, 25.30933949055568], [-107.92222474993208, 25.31004617999212], [-107.93191819960934, 25.3102435704535], [-107.94388308036766, 25.332008739850647], [-107.94573848982463, 25.33399411002564], [-107.9505602193021, 25.337628660243187], [-107.94673519923526, 25.34096389017374], [-107.9440010793604, 25.3405871496755], [-107.94287122981342, 25.34115123052532], [-107.94283543029307, 25.3413581502426], [-107.9401840801769, 25.342143539571552], [-107.93951589046007, 25.34085177994588], [-107.93623092037251, 25.34033501964876], [-107.93618857889966, 25.342682890104236], [-107.93208100016423, 25.34479045027894], [-107.93003879923016, 25.345145579442992], [-107.92943065859633, 25.345523200040503], [-107.92812585995684, 25.350683949248253], [-107.9264766800096, 25.350390029530395], [-107.92505742884003, 25.35676497046048], [-107.91966131018054, 25.360919139989484], [-107.91550079932675, 25.360201339534903], [-107.91435693999279, 25.36634738016162], [-107.91556150867137, 25.366564850153114], [-107.91417731997655, 25.372505149706672], [-107.94430694016538, 25.377685450179136], [-107.9468432799234, 25.380123149196773], [-107.94774311897173, 25.379993909714074], [-107.94957931001917, 25.380221429812696], [-107.95102028940168, 25.380727230299662], [-107.95117907873552, 25.382853580541724], [-107.95006648005246, 25.382810230168996], [-107.94996211019931, 25.38406632001432], [-107.9494133400234, 25.38416651005311], [-107.94883207865271, 25.3867986303314], [-107.94920402031418, 25.388213949527106], [-107.94829047936933, 25.390015580327997], [-107.94736547979254, 25.390844859143424], [-107.94720202932764, 25.392404140239993], [-107.94679150890713, 25.393660460398873], [-107.94721193975302, 25.396761400523275], [-107.94749158030349, 25.39725703048367], [-107.94741893941267, 25.398896660558446], [-107.94583756936038, 25.40167457998532], [-107.94557371881768, 25.402724649082902], [-107.94523825030755, 25.406627509411383], [-107.94378964944514, 25.410058089865544], [-107.94029762002452, 25.414231139397398], [-107.9359843191229, 25.41308070995317], [-107.93322285946893, 25.41696428008053], [-107.94474322012901, 25.42089835054925], [-107.94973847893017, 25.408117979628265], [-107.97526117865254, 25.40903570977434], [-107.99627546013282, 25.417857449148077], [-107.9969988794772, 25.42293454040301], [-107.99864637019415, 25.425053459978127], [-107.99991850866459, 25.43155267982746], [-107.99198085033078, 25.431185289408422], [-107.99838195027533, 25.44376814976051], [-107.99985608040642, 25.445423319906897], [-107.99928931900514, 25.44775701981927], [-107.99980383046069, 25.448907200204403], [-107.99982453939833, 25.45022313992937], [-108.00242124906848, 25.45475235053785], [-108.00362399941824, 25.4556025101887], [-108.00175565931167, 25.4565072006499], [-108.00089325022743, 25.457553229205697], [-108.0013865786738, 25.45865741980716], [-108.00160265862331, 25.45888325980686], [-108.00252074947572, 25.458738680371923], [-108.00456945925295, 25.460044000304173], [-108.0041503187325, 25.46080732007263], [-108.00568848970755, 25.465077310309507], [-108.00776600014423, 25.466137139146277], [-108.00608219891197, 25.466452049880733], [-108.00706057913229, 25.46814878024827], [-108.00632773928145, 25.469421310040424], [-108.00487591941774, 25.47106897046383], [-108.00428953954125, 25.473414369914366], [-108.00310504888995, 25.475904919818863], [-108.00164096956706, 25.481126250637285], [-108.0029645394274, 25.481313940139763], [-108.00397142990724, 25.48180163018048], [-108.00482867978648, 25.48270578010246], [-108.00561717999331, 25.484657538823523], [-108.00371807910902, 25.497352659770797], [-108.01027304867462, 25.503069949582002], [-108.01158521939549, 25.50286060033666], [-108.01171942865489, 25.50219077953369], [-108.01480485937701, 25.500177480428537], [-108.01779848902929, 25.49878911989529], [-108.0218859097254, 25.499389450446994], [-108.018661049473, 25.5043784796613], [-108.01576874987583, 25.505306049872182], [-108.01105071915606, 25.50745568912032], [-108.01102570904797, 25.508926780503657], [-108.00818357049684, 25.510780119852722], [-108.0086162486082, 25.512417370365114], [-108.00920757981513, 25.512684289701934], [-108.00967724972357, 25.516767950007814], [-108.00917520031516, 25.51811015031233], [-108.00977549048717, 25.51902214995191], [-108.0110266803278, 25.52013969031991], [-108.01108574932222, 25.52118264948105], [-108.01491367956696, 25.52497635038932], [-108.01465856983334, 25.525394379391024], [-108.01593226021996, 25.527883769590908], [-108.01723598032294, 25.529867430107938], [-108.01626276855914, 25.531642449619955], [-108.0174888196386, 25.53361968892311], [-108.01785242858068, 25.535434859945738], [-108.02031627865463, 25.536962119699236], [-108.01768584983704, 25.542517950016826], [-108.01218278046505, 25.542929979036334], [-108.00971477912331, 25.54243809065973], [-108.00836637940033, 25.54344099969448], [-108.00867162940766, 25.54538248914646], [-108.00975130954589, 25.54701821985731], [-108.01353488949867, 25.54713285973073], [-108.01358107945663, 25.55037666047381], [-108.01127209031344, 25.55547031902029], [-108.01365420026991, 25.55752582983388], [-108.0167047104077, 25.5580035800279], [-108.02039994048052, 25.5569495101098], [-108.02185781867895, 25.555522449290972], [-108.0231071185544, 25.555994849374592], [-108.02444437891461, 25.554818619397505], [-108.02636193858856, 25.555313979912576], [-108.02751433879412, 25.556606230210704], [-108.02759062022996, 25.557876600360935], [-108.0266656001487, 25.561026819875668], [-108.02565667912718, 25.561615829631517], [-108.02264944867152, 25.562505549338255], [-108.01908462002932, 25.56309751041105], [-108.01547530955133, 25.57162422983895], [-108.01438177868023, 25.573665109428337], [-108.01376373891597, 25.57664268002816], [-108.01396597977782, 25.57929334049516], [-108.01207876878703, 25.579332369834137], [-108.0115059393674, 25.58179099914166], [-108.00348191885833, 25.585917089450437], [-108.00301894856148, 25.58592083052804], [-108.0027022889354, 25.586227979453845], [-108.00196696952796, 25.587344369798192], [-108.00155048972546, 25.589952599590998], [-108.00099027934183, 25.590769659544137], [-108.00012398036931, 25.593066490430132], [-108.0020776297193, 25.59467286035253], [-108.00396533873415, 25.595337380067612], [-108.00481471873682, 25.595898059838515], [-108.0112222005192, 25.592113660535787], [-108.01295494002615, 25.587734028901156], [-108.01585773915174, 25.589214420124108], [-108.01375491011434, 25.59370404960111], [-108.01490816988282, 25.594135109716238], [-108.02123625991177, 25.5949316300242], [-108.02325673994717, 25.593634649363967], [-108.02464478029954, 25.592430940479254], [-108.02646299927594, 25.59339007938047], [-108.0277374885547, 25.592921178996793], [-108.02894804869211, 25.592837949198852], [-108.03029464888908, 25.592299350569977], [-108.03189591981125, 25.59247651882313], [-108.03223148018039, 25.592010229464265], [-108.03319837897678, 25.591368489447195], [-108.03582388046247, 25.591969749854076], [-108.03683596919373, 25.59109411006962], [-108.04460016935387, 25.58835823010608], [-108.04681330954747, 25.58621791011119], [-108.04854039906853, 25.5908776804406], [-108.04719702010162, 25.5963108495116], [-108.04855188983161, 25.597808539637658], [-108.0487606197014, 25.598669279107618], [-108.04808353955589, 25.598858679286245], [-108.04844998003215, 25.599535618922822], [-108.04773771029014, 25.60071865931767], [-108.04680177042542, 25.601416648806875], [-108.04767742030131, 25.602246149101568], [-108.04675781991837, 25.60906797898032], [-108.04488814022585, 25.61148642936594], [-108.04469374040532, 25.611452739566023], [-108.04000174973206, 25.617578078962694], [-108.03924689007454, 25.618677459081837], [-108.03741390984194, 25.62263548957116], [-108.03675721979697, 25.625321429442604], [-108.03633475046712, 25.629929179175516], [-108.03683791969918, 25.631608719342324], [-108.03402112000742, 25.640269689129074], [-108.03120642039062, 25.642571309690634], [-108.02867548019775, 25.645441749438426], [-108.0288371799127, 25.64573859897279], [-108.02863457963446, 25.646535649388255], [-108.02798564952023, 25.647867228944154], [-108.02715825025444, 25.65057830915669], [-108.01718298027833, 25.648781308806768], [-108.00379090951878, 25.63930550887072], [-107.9944553104525, 25.639320049239235], [-107.99082465049327, 25.651152749102234], [-107.98969468035982, 25.650579888884234], [-107.98939624964171, 25.650762149391284], [-107.98864953996363, 25.650414258935946], [-107.98439743030019, 25.64781090909147], [-107.98437857034426, 25.649503029011903], [-107.98271261988741, 25.649690829244523], [-107.98059877020172, 25.650287939563224], [-107.97663596957312, 25.65041679931538], [-107.975463379541, 25.650831119695365], [-107.97211564964306, 25.651342449249768], [-107.96880391012877, 25.652181399374697], [-107.96830979994242, 25.653010649387348], [-107.96679062043178, 25.65395057890628], [-107.96261381975923, 25.653979288986623], [-107.96140014009295, 25.657453818931856], [-107.95878838024906, 25.65801807934557], [-107.95905028970907, 25.658597749554456], [-107.95847023022179, 25.65871554886718], [-107.95851922047247, 25.65891408907613], [-107.95627713965382, 25.659848859698492], [-107.95622196967949, 25.66004961920997], [-107.95710983025657, 25.661408059156503], [-107.95001696981119, 25.66593628967198], [-107.95342709017262, 25.67359314932732], [-107.95621007998199, 25.678539308950068], [-107.95747722986567, 25.682661619460976], [-107.95783866023811, 25.68923922966505], [-107.95383939960695, 25.691699379194795], [-107.91465505977861, 25.66711254894624], [-107.89961915030788, 25.679126949525386], [-107.88454485006481, 25.68668188910477], [-107.86610617967847, 25.688697369039264], [-107.86414042020874, 25.699579719081314], [-107.8560263197645, 25.6994720897078], [-107.85368827980255, 25.699093049476346], [-107.85754674975213, 25.714366878821203], [-107.84476093993361, 25.718400939348392], [-107.84415735005192, 25.718812659186177], [-107.84345779968031, 25.718628169599548], [-107.8426199096682, 25.71949994940965], [-107.84235148982272, 25.720283719684666], [-107.84135041972425, 25.72069907935712], [-107.84085430983531, 25.72038490934096], [-107.84038062998201, 25.720993769519733], [-107.84006640028561, 25.722165048893185], [-107.83978988967624, 25.722294579330878], [-107.83922425036091, 25.72211270934015], [-107.83777359955552, 25.72296676911954], [-107.83769723023576, 25.72453708940868], [-107.83837293960907, 25.725188879656503], [-107.83904271958431, 25.726812399448313], [-107.83892464994045, 25.729835829268996], [-107.83829453977351, 25.730540919635253], [-107.83825074971631, 25.7318657089571], [-107.8364854600026, 25.733158848990964], [-107.8365679998553, 25.733599659051933], [-107.83534094955301, 25.735596449663042], [-107.8328773496758, 25.73592256939213], [-107.83132175013408, 25.73541197881724], [-107.82921098009771, 25.73522021917247], [-107.82689162041895, 25.735885369138245], [-107.82581163032279, 25.736812139157678], [-107.82324606040953, 25.73602347897221], [-107.8213080496584, 25.73498385907234], [-107.79928785967086, 25.72622627967757], [-107.79925675035147, 25.727029679088684], [-107.7989550302931, 25.72725657965933], [-107.79867632007529, 25.728271648954223], [-107.79874429030576, 25.72886388895825], [-107.79717633968761, 25.73049073963192], [-107.79531997045602, 25.730180569117913], [-107.79512318001666, 25.73136819930191], [-107.79578582981758, 25.731855478933088], [-107.79597526031803, 25.732246219645944], [-107.79570008998225, 25.732589179551884], [-107.79591822031384, 25.733595228876116], [-107.79778568985121, 25.73666165953294], [-107.79712082974594, 25.73701010962842], [-107.79730567949683, 25.739465089071825], [-107.79752505991674, 25.739618569045554], [-107.79809639988335, 25.7393845393134], [-107.79850668036073, 25.739469169430066], [-107.7986544503863, 25.739798719105714], [-107.79832407987894, 25.74011742901634], [-107.80159717992835, 25.746026029580847], [-107.80139385982032, 25.74885461924274], [-107.79768683009479, 25.749395919447977], [-107.79596235006774, 25.75099782930239], [-107.79536480006718, 25.751889799217416], [-107.79293660017206, 25.75323582898551], [-107.7924968595972, 25.754158859195115], [-107.79439975020294, 25.7566784796248], [-107.79262359979683, 25.756691509143284], [-107.79217843035124, 25.75715004954547], [-107.79184333975829, 25.758768999448026], [-107.79150041975538, 25.75916933933496], [-107.79096845028634, 25.75946077948863], [-107.78999491012539, 25.759479459135004], [-107.78913734014846, 25.75913965890655], [-107.78663627994617, 25.756750059489345], [-107.78562482013142, 25.756919429001908], [-107.78470857024448, 25.75732631884425], [-107.78338334952628, 25.757370419483145], [-107.78210954968166, 25.75606351971248], [-107.77864502041969, 25.755004709028626], [-107.77454961997942, 25.750443819251057], [-107.77410768994123, 25.7501522493036], [-107.77371373958117, 25.750140999553533], [-107.77196535017768, 25.75241361894062], [-107.7710031698999, 25.752986449613694], [-107.76902694026359, 25.753454719061722], [-107.76684037979611, 25.753084429111077], [-107.76448092021204, 25.751704599342723], [-107.75868223008804, 25.753258459544135], [-107.75727767985842, 25.751006849282927], [-107.75620369027824, 25.750227319406125], [-107.75352472007928, 25.750863179425792], [-107.75343061976018, 25.750752249311134], [-107.74136525969841, 25.75394871893669], [-107.73164041993586, 25.755814178956655], [-107.73166883024088, 25.760994479460823], [-107.73131349011916, 25.760500249415294], [-107.72812617022599, 25.759440798976435], [-107.72283780042895, 25.759312279483417], [-107.72190206001336, 25.758651059658746], [-107.72016102983746, 25.75945762952684], [-107.7185381196311, 25.761779519432384], [-107.71791343000247, 25.76522488939448], [-107.7168818001187, 25.767310478895073], [-107.71597665953269, 25.77042484919744], [-107.71312289030439, 25.772463179697347], [-107.70943537988846, 25.772201969245113], [-107.7076647701491, 25.773089659484896], [-107.70604985966905, 25.772647058843877], [-107.70388716999582, 25.77347024939666], [-107.69875263041443, 25.773217309673218], [-107.69621494966692, 25.774355429503515], [-107.68940557028294, 25.773497459473184], [-107.68615505965647, 25.7747260197195], [-107.6772801201934, 25.781828799218605], [-107.67727644955684, 25.782575719347534], [-107.67872732015618, 25.783555819662404], [-107.683161629725, 25.784509309430494], [-107.68421259977876, 25.78520628884162], [-107.68675556982848, 25.787532579104727], [-107.68802874034671, 25.789577059113284], [-107.69895726036358, 25.795154969306196], [-107.69498833952944, 25.795984369343365], [-107.6923877204646, 25.797293649040114], [-107.6465247103196, 25.81229568965035], [-107.6518176598764, 25.7710860188366]]]}}, {"type": "Feature", "properties": {"CVEGEO": "25014", "CVE_ENT": "25", "NOMGEO": "Sinaloa", "CVE_MUN": "014", "NOMMUN": "Rosario", "cov_": 1906, "cov_id": 1907}, "geometry": {"type": "Polygon", "coordinates": [[[-105.71803522952676, 23.36852947889516], [-105.71537939991708, 23.366820109361292], [-105.71556108965045, 23.365524649540745], [-105.71509426017354, 23.36521273957145], [-105.71317844964959, 23.364722309439], [-105.71224506041801, 23.364281369555165], [-105.71177102996285, 23.362751848977336], [-105.71166796995617, 23.36134794906929], [-105.71246065973477, 23.357562108959183], [-105.71189305007464, 23.35597264907642], [-105.71230076988572, 23.354842319658193], [-105.71305098023107, 23.35394221940187], [-105.71541782983286, 23.352621979206376], [-105.71568041986404, 23.351293649014732], [-105.71515639980078, 23.350217769064667], [-105.71400074980876, 23.34961679909935], [-105.7134892896707, 23.34960421934755], [-105.71199533970032, 23.349643418954432], [-105.71038321981675, 23.35025616966165], [-105.70839646043112, 23.350394619201747], [-105.70743921958211, 23.35015277953481], [-105.70517137003358, 23.34873173903515], [-105.70427174963581, 23.344512949344686], [-105.70466894040844, 23.342139549553494], [-105.70396123009851, 23.340483649062314], [-105.70351107999178, 23.34009736942607], [-105.70298586044325, 23.339911379551083], [-105.70165835049761, 23.33989339965144], [-105.69707855012528, 23.34176308913255], [-105.69591417955873, 23.341807339729453], [-105.69502753999717, 23.341522418960334], [-105.69400474012309, 23.340569219178203], [-105.6940559201794, 23.340154458913247], [-105.69557769028636, 23.339423479090392], [-105.69594176982655, 23.33897644940519], [-105.70016348985224, 23.335963579529505], [-105.70144836997024, 23.334138149149233], [-105.70217915028657, 23.332650649299172], [-105.70219350985954, 23.331881089533873], [-105.70041226000713, 23.33044696890638], [-105.6988427403217, 23.328229248977518], [-105.69872317967253, 23.327479418980843], [-105.7000168004078, 23.326290659600893], [-105.70055865039588, 23.325403489732707], [-105.70077716958095, 23.32424033927082], [-105.70040726036332, 23.323835579298105], [-105.69952096979885, 23.323558969029126], [-105.69848102995164, 23.323558918984368], [-105.69668121952763, 23.32278573935753], [-105.69456745029972, 23.321570569241395], [-105.69371585025728, 23.320367779473326], [-105.69327466011356, 23.319013539536485], [-105.69322302037752, 23.317162059570194], [-105.69291495011903, 23.316120059278255], [-105.69290311039799, 23.31316130966495], [-105.69233118017452, 23.310974819473394], [-105.69258426020409, 23.31007116904058], [-105.69299837958717, 23.309813179027348], [-105.69432470988302, 23.310443309179945], [-105.69617731018745, 23.310507109147817], [-105.69833893994635, 23.310232309206043], [-105.69912486014353, 23.30948573965214], [-105.69951410973513, 23.30831361902013], [-105.6994706300152, 23.30771911911978], [-105.6987111198692, 23.307239539381996], [-105.69659543011133, 23.306814679379677], [-105.69272490964653, 23.305214179176307], [-105.69174580047884, 23.305136219180568], [-105.69115069000195, 23.305547219072402], [-105.69073975030565, 23.306262228913848], [-105.68888840037786, 23.30747004907522], [-105.68807448026566, 23.307507949355816], [-105.68738015046316, 23.307143819369855], [-105.68735996998542, 23.30642561918678], [-105.6884816802867, 23.305141228936826], [-105.69262002961902, 23.30277207887342], [-105.69397229038526, 23.30131221957661], [-105.69381584997119, 23.300304889219493], [-105.69268087995826, 23.29936930942831], [-105.69057672048935, 23.298484719363692], [-105.69016131978593, 23.297802829417698], [-105.6907711496218, 23.294615969689126], [-105.68963874029812, 23.29276853975096], [-105.68953470968742, 23.292101509582928], [-105.68708411025416, 23.287520019519906], [-105.68618654962863, 23.28658614941927], [-105.68480973971336, 23.285742109550053], [-105.68030612006909, 23.285665849368584], [-105.67818058008454, 23.28601379905195], [-105.67704471029442, 23.285776028978155], [-105.67623755023043, 23.285269058938265], [-105.67512699961287, 23.28216088897761], [-105.67409228015845, 23.281645309279185], [-105.67264622037744, 23.28163688897232], [-105.67186378005603, 23.281862179207444], [-105.67075683001977, 23.282528149525902], [-105.66817067971373, 23.28293385918228], [-105.66673285013768, 23.282794139682196], [-105.66594546010172, 23.28219241893321], [-105.66484342956291, 23.282659649160987], [-105.66355980044032, 23.28360970918807], [-105.66355682955378, 23.283938259663184], [-105.66378511020243, 23.28433928953859], [-105.66487109041823, 23.284962569418518], [-105.66536508972754, 23.2863216790111], [-105.6651305202938, 23.28714717967223], [-105.6637082599019, 23.28742014942322], [-105.66273723050114, 23.28677496968493], [-105.66110728996087, 23.28426284917197], [-105.66037489002709, 23.283957219296035], [-105.65828453976272, 23.282194019418622], [-105.65728492016204, 23.281822279156415], [-105.65587081992616, 23.281685248956215], [-105.65437528008549, 23.281969489634644], [-105.65366488961405, 23.28171939902469], [-105.64887042023865, 23.278608679347727], [-105.64768169026543, 23.278485418953835], [-105.6469171195362, 23.278716849011037], [-105.64320840037053, 23.276479089718553], [-105.64287065966121, 23.275433149564474], [-105.64364986018344, 23.273982949131543], [-105.64500497002719, 23.272407309428274], [-105.64514873975392, 23.270273948984197], [-105.64546107987015, 23.26936834902951], [-105.64528097987818, 23.268776709055594], [-105.64442987959109, 23.267634999373435], [-105.64362508975975, 23.26710247913977], [-105.6427939795904, 23.265969689546626], [-105.64325565993829, 23.265238449701183], [-105.64536078011149, 23.264352999558547], [-105.64631550977263, 23.26368131972097], [-105.64747339991658, 23.261550139156963], [-105.64774839962563, 23.260310659335406], [-105.64768468010381, 23.25939610924687], [-105.64710011991906, 23.257092879074033], [-105.64684311975626, 23.253365799023584], [-105.64609776986933, 23.251774739510534], [-105.6433023795846, 23.249252109103317], [-105.64234941960632, 23.248084029778095], [-105.64074924995585, 23.24675041925879], [-105.63918182995005, 23.245017379273413], [-105.63894819978194, 23.24359137897909], [-105.64131560030495, 23.24175759972339], [-105.64240179990483, 23.240036199632993], [-105.64263571033317, 23.238958419030315], [-105.6423439497834, 23.23807601903388], [-105.64072897974074, 23.23747744964696], [-105.63861873985176, 23.237490858919227], [-105.63678087977964, 23.237939769698915], [-105.63439670974455, 23.23810699933902], [-105.631880339667, 23.23738553900839], [-105.63070051044195, 23.236535569587325], [-105.63031735037964, 23.2355810891713], [-105.63102363000355, 23.231319109443326], [-105.63152668976943, 23.22963397922607], [-105.63156232041545, 23.224955909412135], [-105.63144388985897, 23.223640258993957], [-105.62953382962623, 23.220176889370165], [-105.62967277988633, 23.21923554912297], [-105.63006498036461, 23.218516459299703], [-105.63094902979948, 23.217709799498966], [-105.63307086015422, 23.216704199564216], [-105.63408464998209, 23.21650453960359], [-105.63540111964419, 23.21544142910638], [-105.63574406010811, 23.21474734975601], [-105.63567742038235, 23.214054059323438], [-105.63216931025171, 23.20951574956763], [-105.63034094986998, 23.207495769388935], [-105.63017042978908, 23.204759149007536], [-105.62971251985037, 23.20229451954588], [-105.63089720026937, 23.20210544909744], [-105.63177673975039, 23.201530749638685], [-105.63303014975372, 23.199932259327557], [-105.6336757099216, 23.19985556922769], [-105.63393703033769, 23.19931291887271], [-105.63386005035738, 23.19893651965291], [-105.63458337047834, 23.19847691971466], [-105.63522648023365, 23.1969226490169], [-105.63510491998491, 23.194156349752056], [-105.63416511984859, 23.190822449382615], [-105.63433517978373, 23.189775879329886], [-105.63552993991532, 23.188542908866545], [-105.63614958043894, 23.188489309429762], [-105.6366178597622, 23.18785385972634], [-105.63952580030119, 23.18712391965628], [-105.64020343007417, 23.186483539729046], [-105.64071790974232, 23.1854511789711], [-105.64040131035534, 23.18468816971326], [-105.63879837985667, 23.18254050888473], [-105.6385527103176, 23.181569969641338], [-105.63462841999387, 23.17678107923433], [-105.63416036961202, 23.176452969075758], [-105.63303893976317, 23.17344899919624], [-105.63375428018371, 23.171017539352913], [-105.63436993982751, 23.170897549398305], [-105.63555313985464, 23.170234059081515], [-105.6366714502018, 23.169345888958258], [-105.63727197027411, 23.169303278915425], [-105.63784185014251, 23.1689029088841], [-105.63886685967657, 23.167615718884672], [-105.63900956969364, 23.166917539774026], [-105.63855769029918, 23.16226151957275], [-105.6384143099193, 23.16157381941262], [-105.63791674004112, 23.161136918995336], [-105.63757676963817, 23.159549579630074], [-105.63676889024774, 23.157567629137105], [-105.63687588009009, 23.155915969506545], [-105.63794937043907, 23.1551343791042], [-105.63981601988117, 23.154323059390528], [-105.64166545970737, 23.153021879315467], [-105.64291262958002, 23.152549179283465], [-105.6437815798211, 23.15194827930428], [-105.64512955028093, 23.1518022494953], [-105.64580539984685, 23.151501519349722], [-105.64617925953182, 23.148890578891194], [-105.64555297970202, 23.147544029499073], [-105.64525944959222, 23.143696079486226], [-105.6439907495454, 23.14176807975462], [-105.64310660004256, 23.141052889758086], [-105.64093557952273, 23.140137448933434], [-105.63969065045187, 23.1385348289368], [-105.63840918044272, 23.13796450969018], [-105.63777879982827, 23.137341799723508], [-105.63708717041729, 23.136202819483653], [-105.6361462499095, 23.135687229679743], [-105.634871750447, 23.13436154888154], [-105.63339380004294, 23.133638249676654], [-105.63202182043858, 23.132354379607392], [-105.63100512022451, 23.131854939604043], [-105.62994489023667, 23.130881969663264], [-105.62736425035565, 23.127553719597632], [-105.62672577036878, 23.125482979554874], [-105.62578964962296, 23.125534999012093], [-105.62513249007763, 23.124793939375987], [-105.62470914034888, 23.123509349431984], [-105.62396956952533, 23.12238808921394], [-105.62352928032708, 23.12233599957476], [-105.62056082966971, 23.124436539690148], [-105.61875504957557, 23.126303478970076], [-105.61705525002047, 23.126127969515263], [-105.61643383047625, 23.12564965956525], [-105.61619674045177, 23.12490056927235], [-105.61679804986169, 23.124051059099294], [-105.61761688979485, 23.1238240496291], [-105.61774104995695, 23.12318202936456], [-105.61751438013302, 23.122214079734817], [-105.61698321973063, 23.12198776964707], [-105.61577539998267, 23.122008249430586], [-105.61418367968972, 23.122414779096843], [-105.61153422043564, 23.12255361887244], [-105.60909594997688, 23.12219327946531], [-105.6077831495403, 23.121723319336308], [-105.60695991959643, 23.121788679502114], [-105.60579096958733, 23.118246689243474], [-105.6065614797628, 23.118137539230098], [-105.6077414296233, 23.118509279521945], [-105.60817859961274, 23.118396459122017], [-105.60897999953607, 23.117704119235583], [-105.60918931039781, 23.117054029536913], [-105.60904625022077, 23.11663537921934], [-105.60583394971579, 23.115987049275937], [-105.60515432036033, 23.115423379025913], [-105.60447469045322, 23.113746219271867], [-105.60407747973017, 23.11307270968391], [-105.60377265032335, 23.112925519625335], [-105.60279399964564, 23.113051979571875], [-105.60219414955911, 23.113351139130227], [-105.6018039701071, 23.11413807964848], [-105.6014203198086, 23.11409316894913], [-105.60061123021204, 23.11334067895107], [-105.60008608972329, 23.11219624929955], [-105.59963369046349, 23.11175127935655], [-105.59960118000737, 23.111079539635902], [-105.59934074998787, 23.11068474896689], [-105.59764086010345, 23.109149619764388], [-105.59699885964079, 23.10922522891876], [-105.59587072036406, 23.11003482943314], [-105.5952851403291, 23.111053058992763], [-105.59456531984146, 23.111166919610618], [-105.59412377011435, 23.110879579041555], [-105.59379997003586, 23.11032836944583], [-105.59251772050114, 23.10970570961818], [-105.59136852047426, 23.109252569583976], [-105.59032744985018, 23.10929371916797], [-105.58920929026529, 23.109744719196833], [-105.587791570152, 23.110818018911885], [-105.58592613955287, 23.11141571943735], [-105.58544159992307, 23.11172450902924], [-105.58513189002873, 23.1121810789717], [-105.58517188005021, 23.112510999667048], [-105.58424809031919, 23.112860309145717], [-105.58340204981907, 23.112300349114008], [-105.58194904999142, 23.11175059897225], [-105.58133416994819, 23.11112713972857], [-105.58077138048075, 23.109587999390584], [-105.58035762015369, 23.109354649712834], [-105.57814988953946, 23.109066339635064], [-105.57771177027632, 23.10883717891119], [-105.57653445961265, 23.1092894590708], [-105.57560659956553, 23.11006648908271], [-105.5747059796505, 23.110056888975215], [-105.5744690800514, 23.10980121911732], [-105.57469951012443, 23.109085349549467], [-105.57621683021651, 23.10758388939291], [-105.57628832037456, 23.106084799344153], [-105.57590903023335, 23.10520968928805], [-105.5753767396243, 23.10496688888871], [-105.57493965954198, 23.105086279279778], [-105.57388529026578, 23.106197679432682], [-105.57016825987188, 23.106717919051874], [-105.56995428033538, 23.107069019060262], [-105.57065251998775, 23.107607399364902], [-105.57104971976784, 23.108691399377193], [-105.5705027200437, 23.109447779594827], [-105.56934277032369, 23.1100575094982], [-105.56818248956186, 23.109434399182], [-105.56743108988356, 23.108619689095633], [-105.5668135204309, 23.108870738916245], [-105.56569057037316, 23.108304769178247], [-105.56352990974176, 23.105472019212122], [-105.56167715017669, 23.104053859532304], [-105.56094431976926, 23.10376394939316], [-105.55894082994334, 23.103688508985034], [-105.55825428018338, 23.101830289329662], [-105.55719556994259, 23.100579259005208], [-105.55634774043597, 23.100169889646967], [-105.55506757008624, 23.098990719672074], [-105.55430907996012, 23.0988866589484], [-105.55266546018385, 23.098952318958908], [-105.55185678036607, 23.099404829762307], [-105.55099633970607, 23.099193119568113], [-105.54987185028888, 23.10028784937247], [-105.54933594027385, 23.100371259453862], [-105.5494657403117, 23.10290865934163], [-105.54897311029151, 23.10416544913086], [-105.54861212030204, 23.10441770970118], [-105.54824910962624, 23.104167949595055], [-105.5479749103462, 23.103499539548977], [-105.54756683010066, 23.103291779758592], [-105.5462093703333, 23.103296479428266], [-105.54191531009779, 23.104440829692614], [-105.53962974005555, 23.103564519484546], [-105.53892603036859, 23.103739879690202], [-105.53809099984935, 23.104586998945514], [-105.53707397985187, 23.104541079140542], [-105.53747825956847, 23.106140138925245], [-105.5370843700866, 23.106790309073133], [-105.53744444962201, 23.107647708906246], [-105.53715781986739, 23.108138999541577], [-105.53642227975553, 23.108657849234643], [-105.53413288987355, 23.1099219193353], [-105.533768019674, 23.111696109527408], [-105.5333297199555, 23.11216128907496], [-105.53214017022621, 23.112517319366024], [-105.53162362968858, 23.11336304940687], [-105.53245266011656, 23.115135289454134], [-105.53174841955813, 23.115868139463768], [-105.53158475045764, 23.11656070905959], [-105.53171196957572, 23.117175418881626], [-105.5312162898207, 23.118061319600923], [-105.5293067703522, 23.11906731887858], [-105.52889049021887, 23.118991828946864], [-105.52839329022123, 23.11949328966828], [-105.52749739996709, 23.119943379739155], [-105.52710437968106, 23.119651379257732], [-105.5263134298839, 23.119500249136365], [-105.52510861995314, 23.11988870975994], [-105.52241044965606, 23.121358599356842], [-105.52116206042612, 23.122242369530667], [-105.51915741967183, 23.124365368938147], [-105.51786042964775, 23.1249141790724], [-105.5166830202633, 23.125027458963768], [-105.51586958044167, 23.12473427971185], [-105.51492393963984, 23.124019289707032], [-105.513880740235, 23.12402271909992], [-105.51236503044603, 23.12515777937003], [-105.51129242977645, 23.12527153890178], [-105.51018857007443, 23.124999509706676], [-105.50777450979322, 23.12506245969088], [-105.50643975041804, 23.125544139715654], [-105.50403375018368, 23.12772941941726], [-105.50197814955798, 23.128011628898715], [-105.47467574956424, 23.121993739238928], [-105.45531917995346, 23.117335659303656], [-105.45418757987274, 23.117614568984965], [-105.4515391203335, 23.118835049460063], [-105.4475591704561, 23.11968048907391], [-105.44618797001611, 23.119629279143467], [-105.44514319972286, 23.11916367902404], [-105.44394705010663, 23.117981829622558], [-105.44036619952581, 23.116696459195456], [-105.43818364959769, 23.11733530907289], [-105.43711651001338, 23.1191023697215], [-105.43408085954833, 23.12046142959801], [-105.43154769006598, 23.12055113970233], [-105.43054850963249, 23.119973879291802], [-105.42908871014743, 23.11991361906914], [-105.42442738035244, 23.12029231905992], [-105.42233934006367, 23.119774259520128], [-105.42123009048034, 23.118520829234136], [-105.41976732032505, 23.117528449574195], [-105.41855182980052, 23.117788818873294], [-105.41589234995303, 23.11689733943], [-105.41458771983787, 23.11429273975667], [-105.4140487497128, 23.1134948193185], [-105.4132426601291, 23.11305593963799], [-105.41303232038018, 23.112505219563765], [-105.41311242961746, 23.109528108974583], [-105.41263283016559, 23.10864733892043], [-105.41078036981514, 23.107136199398816], [-105.41080784996412, 23.10639191931638], [-105.40955234028995, 23.105154829402046], [-105.40919129037108, 23.10405322946321], [-105.40853302001948, 23.10320045946806], [-105.40793622027049, 23.10295394905916], [-105.40665619967383, 23.10342587967048], [-105.4052318001659, 23.102832918907115], [-105.40463561979179, 23.102779319186837], [-105.40141914989533, 23.103476719306915], [-105.40007750969832, 23.103287199753257], [-105.39879552001462, 23.102210949687624], [-105.39928974040848, 23.100691479386455], [-105.40013767989596, 23.100405999514173], [-105.40034868989201, 23.100013178955333], [-105.400273649775, 23.09855319920674], [-105.40083759956464, 23.097919749197825], [-105.40050481959796, 23.097005259308265], [-105.40123323004944, 23.09617524930924], [-105.40097078012636, 23.095129818989747], [-105.40023942021527, 23.094957319463596], [-105.3998371396311, 23.094457089330163], [-105.40027685022383, 23.092863749681758], [-105.39925469022637, 23.092586549514827], [-105.39913217029968, 23.092319619529448], [-105.39901604979624, 23.091813569467533], [-105.3995676202241, 23.089746249147986], [-105.39825127950171, 23.08820702889244], [-105.39579794983739, 23.086489119504797], [-105.39354965022125, 23.085551968975963], [-105.39231362951638, 23.085331449154292], [-105.3924638604428, 23.084436029760386], [-105.39224538038356, 23.08408197899677], [-105.41299649007686, 23.07409919956153], [-105.41377843038633, 23.06894722968402], [-105.41356055007675, 23.068057569244083], [-105.41219714992674, 23.067805418917736], [-105.41217286030302, 23.066654049557215], [-105.41308876970065, 23.064634399060825], [-105.41296802011186, 23.063749059365843], [-105.41250201994038, 23.062952049034642], [-105.4111911199907, 23.062283279084493], [-105.41119838045537, 23.06167827913922], [-105.41174217955002, 23.061172719140114], [-105.41154894032563, 23.06048767921565], [-105.41125767975676, 23.060353999368736], [-105.41059463004945, 23.0605069694266], [-105.41040250982039, 23.060095749199444], [-105.41088831037952, 23.05817299892913], [-105.41086688975244, 23.057397459068962], [-105.41166563045958, 23.05670791962984], [-105.4117596301355, 23.056266999372525], [-105.41131782952428, 23.055197369723146], [-105.41208773968576, 23.05373247919649], [-105.41164732004135, 23.052830999245497], [-105.41176878006921, 23.05217704950344], [-105.41135219976637, 23.051731999411718], [-105.41138389047336, 23.050769049288714], [-105.41204911992189, 23.04827084959638], [-105.41147361974821, 23.04722445962093], [-105.41133602971745, 23.046259939355913], [-105.41023491037517, 23.045806309141636], [-105.4098613497678, 23.04493908919068], [-105.40994730968367, 23.043673118999042], [-105.4114570497694, 23.041631089470684], [-105.41156783037512, 23.041163919398457], [-105.41122873952324, 23.04035553931371], [-105.41018377034608, 23.039901748883103], [-105.41012517982341, 23.039082259502496], [-105.41166088016895, 23.037940549701297], [-105.41280495038913, 23.03778193903226], [-105.41316181990268, 23.037054749427575], [-105.41154954953252, 23.034613138892833], [-105.41168242993454, 23.030362169449095], [-105.4108105197, 23.027375219096157], [-105.4091350601354, 23.02692014952165], [-105.40940251027322, 23.026070569228395], [-105.40963960046236, 23.025900179413043], [-105.4096489796064, 23.025430768946087], [-105.40895034037024, 23.02364081892551], [-105.43259456978915, 23.023968799027195], [-105.45331135036508, 22.977401799579066], [-105.50126392039945, 22.95856004897245], [-105.49610424999454, 22.934221828922155], [-105.49865357959621, 22.93356114955678], [-105.49818491980999, 22.933477749630626], [-105.471219910048, 22.88328594932809], [-105.47533285990896, 22.88062442920368], [-105.48420128993165, 22.858702969281065], [-105.48401877022405, 22.858020519107953], [-105.48358203014827, 22.857434599450293], [-105.47742498017266, 22.85420841913741], [-105.47667072047659, 22.85297965927696], [-105.47472177001865, 22.851746509376166], [-105.47458863038207, 22.85141601945472], [-105.47516995005755, 22.850601059080464], [-105.4752251701487, 22.849915709394207], [-105.47555725982899, 22.849786829455482], [-105.47663038046261, 22.850055149064282], [-105.476921940434, 22.849963229465907], [-105.4770197095248, 22.849692229627628], [-105.47661962991249, 22.848819909287005], [-105.47652410967181, 22.8479778789264], [-105.47662281965843, 22.847705939182298], [-105.4786646802864, 22.846164319469693], [-105.47886041986538, 22.84458222949498], [-105.4791414797904, 22.843904119733136], [-105.47917782955393, 22.84199196949481], [-105.4813514297713, 22.84219988966166], [-105.48196285987251, 22.842088829719202], [-105.48472498011789, 22.840856049235104], [-105.4864566204385, 22.839821689441], [-105.48719730988647, 22.839111168988953], [-105.48721428018942, 22.838151778953165], [-105.48585384992128, 22.83727428887551], [-105.48569528002383, 22.835262689464678], [-105.48588414043155, 22.83469356954453], [-105.48636530995906, 22.834548319638994], [-105.48701603001437, 22.83395697931908], [-105.48759817989055, 22.832731479323332], [-105.48825224972414, 22.832342569636147], [-105.4881817795275, 22.831524109117627], [-105.48770825026695, 22.830951749433275], [-105.48726168974513, 22.83161496949051], [-105.48658753987003, 22.831628149113868], [-105.48702709020954, 22.83042531965075], [-105.48785125962922, 22.829855059653006], [-105.48878301959518, 22.829607969699467], [-105.48867065987675, 22.828985709727014], [-105.48762548041968, 22.82693868891061], [-105.48774812043197, 22.82601233959084], [-105.48843784286282, 22.825041415751315], [-105.49019240028497, 22.824442428946053], [-105.49184692023923, 22.825889909621594], [-105.49291971027631, 22.82633791929682], [-105.49340671988263, 22.826155288966813], [-105.49358374047999, 22.824690079513903], [-105.4930324803511, 22.823098738984513], [-105.49285176998686, 22.821357279248108], [-105.49389986043192, 22.820317459648386], [-105.49474337959843, 22.818865349411553], [-105.49575852037891, 22.817793509677827], [-105.49586478014747, 22.81736427949514], [-105.49547797039281, 22.81699704976903], [-105.49431047965282, 22.816872799671547], [-105.49361558043047, 22.81613021951499], [-105.49336731996893, 22.815225709359336], [-105.49356100038925, 22.81495342964923], [-105.49628638007945, 22.814583979161], [-105.49648075036309, 22.814041059268533], [-105.49507001978647, 22.813291939528558], [-105.49490224966048, 22.812984229467574], [-105.49493859994926, 22.810616229279006], [-105.49695269042085, 22.812048818913464], [-105.500868619719, 22.81611288964927], [-105.50214817028599, 22.81581239914536], [-105.50335177043983, 22.81662387947906], [-105.50599065015864, 22.815948479024414], [-105.50960154044749, 22.818382769510286], [-105.51079607997012, 22.816748419689567], [-105.51279514009083, 22.816223199151104], [-105.51519885989974, 22.81688247927029], [-105.51952385033749, 22.817609579433924], [-105.52086713989459, 22.81873896945591], [-105.52282567982232, 22.818657349111554], [-105.52579830962785, 22.821538049229208], [-105.52893456960736, 22.825307519320265], [-105.53006611045494, 22.828120119474523], [-105.53215108013266, 22.82907667902061], [-105.53263510975472, 22.830038539658506], [-105.53407828009462, 22.830626629705062], [-105.53264317953618, 22.83211371906999], [-105.53393294001856, 22.834406969378204], [-105.53309178043477, 22.83625753954922], [-105.53307422962108, 22.8368244495391], [-105.53214317993869, 22.837748599085966], [-105.53198845008322, 22.83917322969714], [-105.53247218031679, 22.840014219312202], [-105.5324602503323, 22.840687549457755], [-105.53220571015545, 22.84129350957943], [-105.53219334972216, 22.842407479465702], [-105.53158617985673, 22.843948738877], [-105.53215909025387, 22.845354509041368], [-105.53210604994453, 22.846327339736543], [-105.53172803023843, 22.847299379598002], [-105.53109362994189, 22.84796173953644], [-105.52983557024024, 22.84806551943083], [-105.52958691020862, 22.848371509605357], [-105.53129209013123, 22.84959525919754], [-105.53157041974087, 22.850803379048408], [-105.53254410962546, 22.85171030902934], [-105.5337456204304, 22.852074509316907], [-105.53556082979615, 22.85156010949506], [-105.53645517044522, 22.85184025973058], [-105.53698771009024, 22.853591109329038], [-105.53814564970075, 22.855704059737867], [-105.53821890961284, 22.857027738971475], [-105.53840513968804, 22.85774562913097], [-105.53887212046538, 22.85840457932158], [-105.53914811998514, 22.859745518984376], [-105.53953242009193, 22.860336399636655], [-105.54033596968753, 22.860965109389955], [-105.53973327963159, 22.861852138938406], [-105.53963852030921, 22.86235413893618], [-105.53994767965969, 22.86324005939918], [-105.54077040007843, 22.863591219710713], [-105.54414968033954, 22.86376076937234], [-105.54534646002409, 22.864085309512767], [-105.54576871953225, 22.86499404916846], [-105.54516837973969, 22.865628709148858], [-105.54509852019135, 22.866385879388176], [-105.54695926039324, 22.86718242949416], [-105.54881722019775, 22.86872693969904], [-105.5491423201283, 22.871241178892884], [-105.5497432598846, 22.872484419660882], [-105.55026772048942, 22.872980339351574], [-105.5509010896659, 22.873195059104912], [-105.55279127997089, 22.87168345965923], [-105.55393851032018, 22.871115229138585], [-105.55608171024377, 22.871922829750027], [-105.55815354971452, 22.872273908972016], [-105.55917088045625, 22.871545579237768], [-105.56081105999678, 22.869811079748647], [-105.5612652897773, 22.869635149249888], [-105.56226922028854, 22.8697624496949], [-105.56339617999136, 22.87140896952317], [-105.56396113979878, 22.871695509619833], [-105.56572050956531, 22.871517709152727], [-105.5682284904324, 22.870361459277017], [-105.57055377991907, 22.87048099908787], [-105.57412919967746, 22.870043548948626], [-105.57553697011906, 22.870073178969072], [-105.57824130966704, 22.870679859392517], [-105.57950024995019, 22.872635028894408], [-105.57956645992422, 22.873794689499256], [-105.57721572026472, 22.878000539603242], [-105.57744052048852, 22.879118289522232], [-105.57784521994428, 22.879568709366197], [-105.57876542040509, 22.87994770904839], [-105.58252573958045, 22.880167449285818], [-105.58443428024762, 22.879819859057775], [-105.58495165986459, 22.880111799500703], [-105.58543517954993, 22.88108076931816], [-105.58477442015405, 22.8831380595663], [-105.58500008018265, 22.884011319365833], [-105.58667452028317, 22.884764999266633], [-105.58794765995404, 22.885001279655008], [-105.5889878898162, 22.88603505896653], [-105.59006429002616, 22.887813029278618], [-105.59153745043662, 22.889524228878138], [-105.59249596988708, 22.890045649377672], [-105.59373017038291, 22.8924759194044], [-105.5938228904856, 22.893207799455546], [-105.59535281987905, 22.896777739605294], [-105.59708660045962, 22.89803267976812], [-105.59614661952627, 22.89938690940115], [-105.59495150998757, 22.899819459115157], [-105.5942227797564, 22.9015652591764], [-105.59455711962173, 22.90221416951721], [-105.59372745038716, 22.90372517908661], [-105.59013607989431, 22.90448979955517], [-105.59495164978452, 22.914941419275586], [-105.59721511952655, 22.917257169044007], [-105.59885805011544, 22.91932559930926], [-105.60045834013395, 22.92019256951817], [-105.60317283033949, 22.914705219647434], [-105.60568811978864, 22.91419482911871], [-105.60853689004736, 22.913952799525383], [-105.6192612198518, 22.908079079173852], [-105.61786411015223, 22.90301710951498], [-105.61803225983331, 22.89729574965351], [-105.61868177004636, 22.89722659921583], [-105.6195270498548, 22.897437679131325], [-105.61981005009815, 22.89662601913988], [-105.62178347984978, 22.89755133973841], [-105.62291788968861, 22.89730254976259], [-105.6251927396278, 22.89819437916327], [-105.62566066023689, 22.898875149397416], [-105.62663547988753, 22.89939502902253], [-105.6293322203247, 22.8995150791315], [-105.62956950966114, 22.899226799656656], [-105.62975005024258, 22.897939279609883], [-105.63102886046936, 22.897709619604576], [-105.63153510956614, 22.897399079136452], [-105.63272191003644, 22.89796982933565], [-105.63367748994082, 22.897762319123725], [-105.63651819993996, 22.89794217944801], [-105.63895631983961, 22.89843604927064], [-105.64048470986894, 22.897886749163586], [-105.6418075095099, 22.898213779107756], [-105.64476958017478, 22.899891779564893], [-105.64596179970627, 22.899892079506028], [-105.6514291796563, 22.900886879664863], [-105.65438508986223, 22.90079411975516], [-105.65612613977036, 22.900980419538758], [-105.65822313960985, 22.901735969361134], [-105.65641214964427, 22.883245769086397], [-105.65607963000436, 22.881734628940738], [-105.67871234963869, 22.8941474890251], [-105.75238622029914, 22.960496709258926], [-105.7597812004818, 22.962466169379166], [-105.78878453982135, 22.944849248882964], [-105.79360068016283, 22.94351762907288], [-105.80402722045983, 22.939584579556936], [-105.808676259637, 22.925769919465317], [-105.8116413801268, 22.924756308990254], [-105.81490026000901, 22.928134369477615], [-105.8151643501931, 22.925493968902174], [-105.81503045988742, 22.92513885926319], [-105.81571951975594, 22.923917259419863], [-105.81429162044601, 22.922135508888548], [-105.8144427395611, 22.92110519972472], [-105.81568725965823, 22.91866161971468], [-105.8180305703849, 22.921092118888293], [-105.81827156999445, 22.920857019042344], [-105.81855297986962, 22.919579379535634], [-105.81806948033456, 22.918900229466946], [-105.81796573977022, 22.918344169036423], [-105.8180212796929, 22.916581449120244], [-105.81776626049609, 22.915120569657308], [-105.8181500803316, 22.914866028977382], [-105.81940271985529, 22.91462831940569], [-105.82640439960963, 22.909569689265105], [-105.82649017014263, 22.908953719074212], [-105.8247604599747, 22.904790289140397], [-105.82538450957988, 22.90030436961008], [-105.82472054961288, 22.897788818894217], [-105.82488865991748, 22.896131798941116], [-105.82470736984679, 22.894446909728273], [-105.82517517048808, 22.89354613974883], [-105.82755691965899, 22.892847719087865], [-105.82950876969423, 22.89185861900351], [-105.83005091996951, 22.891763509240285], [-105.83158078007055, 22.89219339966107], [-105.83220204973883, 22.892088249499693], [-105.83291995008308, 22.892269908885744], [-105.83526426014797, 22.891974449250657], [-105.83564994037766, 22.88974433974641], [-105.83577958043864, 22.889559229627213], [-105.83631714000975, 22.889544338990827], [-105.83608633974818, 22.88779931932322], [-105.83685510970012, 22.886232169444675], [-105.83748458021738, 22.885608719122263], [-105.83779894039472, 22.884486109127536], [-105.83837418018963, 22.8840833195397], [-105.83997303037731, 22.887419948905276], [-105.85621924995407, 22.884565169092205], [-105.83108811975757, 22.85039068965301], [-105.8170714298196, 22.83676076965637], [-105.81623062952353, 22.83622622960393], [-105.81655818018568, 22.835996229769407], [-105.81759601973432, 22.836041349167278], [-105.81799002978497, 22.835354449186656], [-105.81868842003898, 22.83595165907778], [-105.82039174977056, 22.836005879073042], [-105.82310986007332, 22.83547482973232], [-105.82575005004547, 22.836380109377398], [-105.82745285969517, 22.835211029443425], [-105.82898190988374, 22.83495265899894], [-105.82999910967185, 22.834476948916503], [-105.83023888984675, 22.833801049396374], [-105.83131712010797, 22.833781579285194], [-105.8319569704221, 22.835077798982297], [-105.83189014037448, 22.836000978985666], [-105.8326547199277, 22.83661779894763], [-105.83302121990204, 22.837303799663413], [-105.83329293974573, 22.83730237889155], [-105.8338727204332, 22.836202538872566], [-105.83374588986858, 22.8335703696622], [-105.83400676997118, 22.832008879745157], [-105.83447342013719, 22.83100410929384], [-105.83600425030882, 22.831986149196215], [-105.83820648978292, 22.82846054967561], [-105.83900078030142, 22.827838889149447], [-105.84027324983748, 22.827309739005244], [-105.84130316971479, 22.82727356928573], [-105.84369902992272, 22.825837979455603], [-105.8441261495596, 22.8251147394728], [-105.84497400000848, 22.824802859150676], [-105.84846083034759, 22.82469957964126], [-105.85060171022364, 22.825616739002697], [-105.853948719939, 22.829857719418296], [-105.85456268006722, 22.83147584897757], [-105.8539374897788, 22.83272065959112], [-105.85412374981799, 22.833522999517562], [-105.85452226010344, 22.833490048882176], [-105.85507229036794, 22.832861148956358], [-105.85652031962204, 22.83259241895356], [-105.85674443031029, 22.8320020292479], [-105.85628997995265, 22.830295949158096], [-105.85542643035083, 22.82863522932161], [-105.8558392502297, 22.828252019569273], [-105.85810681959009, 22.82826136958729], [-105.8601148304845, 22.826649939242465], [-105.86111823017534, 22.82650641948249], [-105.86323158027625, 22.82660577934318], [-105.86470776969435, 22.82685264952058], [-105.8655354202452, 22.827217488890916], [-105.86934632017795, 22.830683029255894], [-105.87172510962337, 22.831367139714803], [-105.87194608988462, 22.830823109774776], [-105.87195388034182, 22.831404919595755], [-105.87228617978228, 22.831459819359015], [-105.87425774025559, 22.83113502903846], [-105.87454934025072, 22.83125621912181], [-105.87654665030503, 22.834294799029365], [-105.87763982036576, 22.836743849493573], [-105.87733896964731, 22.837679918959356], [-105.87678205041492, 22.838310049412907], [-105.8727048296194, 22.83897741943023], [-105.87055799975393, 22.842040689740532], [-105.87037562015377, 22.84377951896593], [-105.87070697961657, 22.844171859631587], [-105.87117029000379, 22.844025999562145], [-105.87190150951612, 22.8428599691064], [-105.87185022981052, 22.842469149568824], [-105.87259864963123, 22.842093089644592], [-105.87262263039437, 22.841701539764088], [-105.87296392042225, 22.841576739331032], [-105.87373117018187, 22.84221973972025], [-105.87412574981819, 22.8418885190672], [-105.87419899959701, 22.8413774794838], [-105.87503255030067, 22.84048844912477], [-105.8754022897937, 22.840654079627114], [-105.87570313986772, 22.84052822899948], [-105.8760452899936, 22.840045169559716], [-105.87657173958168, 22.84029510896628], [-105.8776596502708, 22.839403919280933], [-105.87728668970261, 22.83809145951937], [-105.87833108037346, 22.838067779755193], [-105.87914891001617, 22.838905309330592], [-105.87940841980569, 22.840157979058226], [-105.88132922971259, 22.843484689219935], [-105.8823417099018, 22.84150834939148], [-105.88330755005617, 22.841061919326606], [-105.88473805984037, 22.841238829768336], [-105.8849547796139, 22.841996249512178], [-105.88556398014875, 22.842293689299186], [-105.88614349047528, 22.842368949720708], [-105.88605485041926, 22.84176776919386], [-105.88661922029304, 22.841686149079006], [-105.88790083016636, 22.842637779702514], [-105.88871445977428, 22.84396737919268], [-105.89059017025058, 22.845902029259943], [-105.89011385026745, 22.847635818943665], [-105.9080271100376, 22.851818479556364], [-105.90946319962997, 22.850341828916235], [-105.91051054023316, 22.849751678976457], [-105.91161294047362, 22.84953847898982], [-105.91318725016654, 22.850358479165713], [-105.91379115004945, 22.85026981894968], [-105.91583662983159, 22.84804111934781], [-105.91889217016815, 22.845904279221223], [-105.92117722991793, 22.845409139310007], [-105.9232031099927, 22.84674108952438], [-105.92427819955658, 22.846782229475238], [-105.92523240046397, 22.846481479729757], [-105.92589534030975, 22.846182419181613], [-105.92689097956848, 22.84513074930988], [-105.92884038001439, 22.844287169452116], [-105.92946132027778, 22.842794569118986], [-105.92975551002729, 22.842591149353098], [-105.9311702798258, 22.842460399583647], [-105.93296953996064, 22.841686259532242], [-105.9332944896627, 22.84047081948267], [-105.93390623028375, 22.840071019298087], [-105.93431825969378, 22.840039778992015], [-105.93529895038508, 22.84013487969478], [-105.93713166038809, 22.840844489238645], [-105.93727445027534, 22.84206465946116], [-105.93955797960405, 22.8457310197617], [-105.9395915500162, 22.849531848931075], [-105.94018389000817, 22.850412399688462], [-105.94061363032253, 22.850690818929806], [-105.94189908049208, 22.85097856945121], [-105.94251145028164, 22.85066517963663], [-105.94360782991188, 22.84947724952842], [-105.9450314002113, 22.84637614940686], [-105.94681559982962, 22.846158709667918], [-105.96921765033795, 22.82610708951949], [-105.97314108043717, 22.8228301395754], [-105.97786163039926, 22.82286984956616], [-105.97951468951914, 22.823660369150605], [-105.98584002988156, 22.82575854973201], [-105.98750677005279, 22.825593738877426], [-105.98833714975908, 22.825099349326337], [-105.98919776956573, 22.824939509313257], [-105.99003394030801, 22.823962799763166], [-105.98873462021787, 22.822955149175883], [-105.99198731001607, 22.819807028946546], [-105.99799620007006, 22.813114749599926], [-106.01184752006954, 22.82202799927463], [-106.02423732034562, 22.829358198969405], [-106.02684444734325, 22.831392376119254], [-106.02765627123657, 22.831738832975642], [-106.03240337488266, 22.830124685446584], [-106.03445923038005, 22.829629758731198], [-106.03420874264212, 22.830323838396374], [-106.03438096503986, 22.830567591923685], [-106.03890474010049, 22.835614279652127], [-106.03981708609146, 22.836447473959304], [-106.0400256410594, 22.83615617597731], [-106.04026824075972, 22.836363598719824], [-106.04010113672201, 22.836836559658163], [-106.05022916672135, 22.85124257257292], [-106.06488556280802, 22.86929321680608], [-106.07074204496816, 22.875781669461805], [-106.08127193519172, 22.88837054418508], [-106.10830103032542, 22.91940251958552], [-106.12146914601668, 22.93407342480725], [-106.12506487317054, 22.9377928866733], [-106.12561412035255, 22.93866913923642], [-106.13511728992641, 22.948840919357753], [-106.14609835421759, 22.96120403680951], [-106.14868323785308, 22.9637727013104], [-106.15375174578402, 22.96819146707472], [-106.16592639078621, 22.98198508188917], [-106.1731004663056, 22.9894090014286], [-106.17675659005602, 22.992902602845497], [-106.17807354044183, 22.994524842178723], [-106.18197585608023, 22.99855802800241], [-106.18753189654397, 23.003578690888222], [-106.20662598531904, 23.022609307636653], [-106.22825637216081, 23.042494776478698], [-106.23420482083121, 23.047537838912795], [-106.23604380297363, 23.049446249118915], [-106.23995835715729, 23.05259181402029], [-106.24347044200424, 23.05586119434656], [-106.24569761721011, 23.057645789475686], [-106.2517533897878, 23.063404233115804], [-106.25789477042908, 23.068443199387104], [-106.24814960019012, 23.080227719140392], [-106.25923014001273, 23.08938053897914], [-106.25221165984152, 23.09578961904478], [-106.24494888953863, 23.091815948893455], [-106.23528863029316, 23.093506369552966], [-106.22924309023853, 23.09079448939494], [-106.22779291970605, 23.08142171964147], [-106.22315557003228, 23.082281949283587], [-106.22051271983993, 23.095338708911196], [-106.2039578901699, 23.09085113893334], [-106.188403279926, 23.10367805925233], [-106.18811178028254, 23.10421791943938], [-106.18845407983856, 23.105682549525188], [-106.18954061992936, 23.10650353931723], [-106.1889863497545, 23.107150829113188], [-106.18910872001379, 23.107557738891284], [-106.18968535034897, 23.107669219211115], [-106.19066525021645, 23.106871168965633], [-106.19148867998906, 23.10698659936943], [-106.19159622001484, 23.10798930922139], [-106.19107795007568, 23.1089055192121], [-106.1911164802595, 23.109543828883258], [-106.19181211983421, 23.11008596969944], [-106.19266901953124, 23.110261948920957], [-106.19283591040711, 23.110534379133515], [-106.19239709011855, 23.11243436924051], [-106.19307191962766, 23.11434508971103], [-106.1933356504224, 23.114403909292484], [-106.19357518005272, 23.11485984913801], [-106.19378475000423, 23.114641029708853], [-106.19399699956308, 23.11472630952918], [-106.1940697799916, 23.114986429064597], [-106.19388604969217, 23.11546568933458], [-106.19407978037309, 23.116115858930034], [-106.19333784962035, 23.117250979143233], [-106.19310514999317, 23.117513399663903], [-106.1926814301023, 23.117429719304422], [-106.19242754968724, 23.11795294920658], [-106.19198184982841, 23.11804319925752], [-106.19210431989562, 23.1186070488692], [-106.19137780006761, 23.118829739615634], [-106.19167531014955, 23.1205869190809], [-106.18937586026476, 23.120995259072718], [-106.18917869027322, 23.119954119232734], [-106.18967783031964, 23.118660319310823], [-106.18941087960843, 23.11791034906718], [-106.18986165969332, 23.117365508915295], [-106.18948305007487, 23.115022179122374], [-106.18896188970871, 23.114965949278513], [-106.18782776994037, 23.115515918948606], [-106.18723147957458, 23.114317229149126], [-106.18661428994795, 23.114442199386005], [-106.18634816968225, 23.11378244961029], [-106.1856317699988, 23.113727679417366], [-106.18639331037289, 23.1126347495586], [-106.18624958023182, 23.11203261971814], [-106.1854548196028, 23.112104709082566], [-106.18464688962733, 23.112742449510996], [-106.18376386036444, 23.112237739493278], [-106.183145620481, 23.11224236944313], [-106.18317473993638, 23.111851109471342], [-106.18271418014238, 23.11128305937538], [-106.18391021973969, 23.110371709156286], [-106.18237063042375, 23.109210148936956], [-106.17734780049007, 23.11287994936993], [-106.16657694036938, 23.099549519370424], [-106.15320506043594, 23.089053419583035], [-106.15068931998681, 23.08659977913795], [-106.15033965034377, 23.086690829157224], [-106.14996209041789, 23.08751070936792], [-106.14934369007959, 23.08723293926903], [-106.148624549623, 23.087274859312206], [-106.14738861993776, 23.086928919194143], [-106.14582571962909, 23.087856649020225], [-106.14060117957573, 23.087131058890563], [-106.14034602977102, 23.08536808906168], [-106.13075894962313, 23.09888228949214], [-106.12062646041727, 23.089856339027214], [-106.105829049976, 23.07597502898739], [-106.09633788040104, 23.08978904940594], [-106.10233478035019, 23.095494339179844], [-106.09271251030934, 23.110786979709818], [-106.07766370965295, 23.098269549192853], [-106.0768852002322, 23.099278539126328], [-106.0773119801484, 23.10041136974842], [-106.0788716898575, 23.101293419285028], [-106.07908851047776, 23.102638689351313], [-106.07760108990232, 23.10691290944931], [-106.0765865204054, 23.10604553901476], [-106.07547682973559, 23.107014379549888], [-106.07250062964769, 23.108723519309486], [-106.06918205023018, 23.1093602291479], [-106.07015736958257, 23.113610249064983], [-106.07063889043776, 23.114004229063756], [-106.06899758016884, 23.114909969581284], [-106.06805548961117, 23.11423808930303], [-106.06775871036758, 23.113590199614624], [-106.06564769011558, 23.114670919105116], [-106.06487251019757, 23.113926579242406], [-106.063558849845, 23.113219629540513], [-106.06288737023729, 23.113363818873115], [-106.06060439955228, 23.114483109552776], [-106.0591504502645, 23.113298569621442], [-106.05893588979487, 23.11282311966635], [-106.05160845026501, 23.10844761930836], [-106.04870342996517, 23.107232619622472], [-106.04565567957552, 23.10530579972916], [-106.03950504958283, 23.113542819615787], [-106.03846175003332, 23.11553365931815], [-106.03459502038271, 23.113498939039157], [-106.0347890903648, 23.11338751973249], [-106.0296112901557, 23.1108047696339], [-106.02668099980723, 23.10884681934346], [-106.02060194029526, 23.103410978967247], [-106.02080135023726, 23.103289399712068], [-106.01876413987252, 23.101425739408754], [-106.01865142041876, 23.101548119264688], [-106.01797745995285, 23.100968369554543], [-106.01309648991283, 23.09652784891844], [-106.01174015011455, 23.097265939167517], [-106.01034891995678, 23.100454539045828], [-106.00780068964409, 23.10077661921222], [-106.00722559962519, 23.10177007895226], [-106.00521710980935, 23.101864909301536], [-106.00464211038268, 23.101140739674786], [-105.9991873701962, 23.104951968925608], [-105.99705351981669, 23.104968219004014], [-105.99432148046347, 23.10657231915741], [-105.99282788026238, 23.106238119227758], [-105.989645479558, 23.106376769634664], [-105.98816881953296, 23.10615902904062], [-105.98685885989542, 23.106319089045638], [-105.9823090299332, 23.108145258974837], [-105.98076997012132, 23.108295179292295], [-105.98035897983816, 23.11097017937309], [-105.9793554198941, 23.112381089702765], [-105.98028850988148, 23.112699918960022], [-105.98244105957616, 23.11571104900501], [-105.98184657013525, 23.116194349374283], [-105.98180234965955, 23.117596029261833], [-105.98062665954758, 23.118505679326674], [-105.98046658010911, 23.120150649618076], [-105.97929915038584, 23.119567349597165], [-105.9784652298441, 23.11821162960881], [-105.97697894991308, 23.114127179477283], [-105.97641950998376, 23.111523579296435], [-105.97533407979785, 23.110003169249158], [-105.97400146040088, 23.107527949094376], [-105.97417339984169, 23.10725737924441], [-105.97572946043556, 23.10687071955244], [-105.97616085995713, 23.1065745391034], [-105.97661771023618, 23.10576021890983], [-105.97657753999093, 23.105238779488047], [-105.97156371978646, 23.10433976967246], [-105.9680391097521, 23.09645371966937], [-105.96749248044308, 23.095972799193376], [-105.96654193973016, 23.09554522936939], [-105.9639830295857, 23.095482549425835], [-105.96332258023597, 23.09388650892146], [-105.96446737012364, 23.09250830962352], [-105.96565044969793, 23.09017367906401], [-105.96235602005979, 23.088775539275595], [-105.96186108989613, 23.088871678989584], [-105.96306452033514, 23.087049168867125], [-105.96302261968476, 23.08457941940014], [-105.93059851998045, 23.117964619285154], [-105.9090046304652, 23.11932337912213], [-105.90991868024678, 23.138875919427164], [-105.92644977969371, 23.178196689623082], [-105.92269608982932, 23.190049949537528], [-105.93720129014724, 23.19333571900767], [-105.93834955042092, 23.199994479485184], [-105.94342499980759, 23.2007742596811], [-105.9492326597674, 23.234533909298264], [-105.92812577046026, 23.23873204937879], [-105.92821460005018, 23.240675659005525], [-105.92935148036815, 23.24260253957383], [-105.93298701954834, 23.246907619598936], [-105.93511479982597, 23.24809757938868], [-105.93607168034761, 23.248859799712218], [-105.93647547959483, 23.250931829224744], [-105.9364685395098, 23.254889349018757], [-105.9356868602478, 23.257527479689166], [-105.93303552010194, 23.25856590951683], [-105.93986168953417, 23.267653549629443], [-105.93054573975627, 23.321545149604994], [-105.91728782961958, 23.33172881938819], [-105.83875709041891, 23.307749949665524], [-105.84895408035993, 23.329950829274157], [-105.73856551990768, 23.338608799364003], [-105.71803522952676, 23.36852947889516]]]}}, {"type": "Feature", "properties": {"CVEGEO": "25015", "CVE_ENT": "25", "NOMGEO": "Sinaloa", "CVE_MUN": "015", "NOMMUN": "Salvador Alvarado", "cov_": 1891, "cov_id": 1892}, "geometry": {"type": "Polygon", "coordinates": [[[-108.18053191940572, 25.613677150540088], [-108.17410657876678, 25.60786418038218], [-108.17215166006162, 25.608965659071647], [-108.16732704984082, 25.604020150009273], [-108.16354761885965, 25.603947368912543], [-108.16346808903837, 25.606946169913588], [-108.15868203050809, 25.606965980490276], [-108.15860407940168, 25.604191620471834], [-108.15814442972562, 25.60421353899735], [-108.15812167944958, 25.604069679750065], [-108.12535176892652, 25.605037999151442], [-108.12427755039774, 25.605121800366746], [-108.12405965901206, 25.606652370424275], [-108.12041379956436, 25.606672629219833], [-108.11936291916982, 25.60525361992728], [-108.11859865869847, 25.605272550153387], [-108.11770064898757, 25.585796489610836], [-108.09370966015334, 25.594064109736944], [-108.09377123001359, 25.604365200426233], [-108.09312807906593, 25.604470109670043], [-108.0876127404274, 25.601736109924065], [-108.08357573954075, 25.60108022009043], [-108.08431162880343, 25.59984316914549], [-108.08383961911976, 25.599663170358276], [-108.08056979989072, 25.597023370501695], [-108.07885932052704, 25.595316880393327], [-108.07667036872346, 25.59389381923881], [-108.0744078297356, 25.592906149794267], [-108.07126787865165, 25.590495630032088], [-108.07100409000238, 25.590472769078772], [-108.06848754005816, 25.59291648932934], [-108.06279162871093, 25.589144380604672], [-108.06076873999429, 25.58842804946147], [-108.0603418201221, 25.589409749469496], [-108.05934014883798, 25.589743260608575], [-108.0589114487575, 25.589325110362857], [-108.05746990856242, 25.58915074011494], [-108.05562830888205, 25.590914550284992], [-108.05479938017719, 25.589083628826977], [-108.05230391030538, 25.59049711883022], [-108.05105465999321, 25.590322769436455], [-108.04825571004207, 25.591783969390644], [-108.04854039906853, 25.5908776804406], [-108.04681330954747, 25.58621791011119], [-108.04460016935387, 25.58835823010608], [-108.03683596919373, 25.59109411006962], [-108.03582388046247, 25.591969749854076], [-108.03319837897678, 25.591368489447195], [-108.03223148018039, 25.592010229464265], [-108.03189591981125, 25.59247651882313], [-108.03029464888908, 25.592299350569977], [-108.02894804869211, 25.592837949198852], [-108.0277374885547, 25.592921178996793], [-108.02646299927594, 25.59339007938047], [-108.02464478029954, 25.592430940479254], [-108.02325673994717, 25.593634649363967], [-108.02123625991177, 25.5949316300242], [-108.01490816988282, 25.594135109716238], [-108.01375491011434, 25.59370404960111], [-108.01585773915174, 25.589214420124108], [-108.01295494002615, 25.587734028901156], [-108.0112222005192, 25.592113660535787], [-108.00481471873682, 25.595898059838515], [-108.00396533873415, 25.595337380067612], [-108.0020776297193, 25.59467286035253], [-108.00012398036931, 25.593066490430132], [-108.00099027934183, 25.590769659544137], [-108.00155048972546, 25.589952599590998], [-108.00196696952796, 25.587344369798192], [-108.0027022889354, 25.586227979453845], [-108.00301894856148, 25.58592083052804], [-108.00348191885833, 25.585917089450437], [-108.0115059393674, 25.58179099914166], [-108.01207876878703, 25.579332369834137], [-108.01396597977782, 25.57929334049516], [-108.01376373891597, 25.57664268002816], [-108.01438177868023, 25.573665109428337], [-108.01547530955133, 25.57162422983895], [-108.01908462002932, 25.56309751041105], [-108.02264944867152, 25.562505549338255], [-108.02565667912718, 25.561615829631517], [-108.0266656001487, 25.561026819875668], [-108.02759062022996, 25.557876600360935], [-108.02751433879412, 25.556606230210704], [-108.02636193858856, 25.555313979912576], [-108.02444437891461, 25.554818619397505], [-108.0231071185544, 25.555994849374592], [-108.02185781867895, 25.555522449290972], [-108.02039994048052, 25.5569495101098], [-108.0167047104077, 25.5580035800279], [-108.01365420026991, 25.55752582983388], [-108.01127209031344, 25.55547031902029], [-108.01358107945663, 25.55037666047381], [-108.01353488949867, 25.54713285973073], [-108.00975130954589, 25.54701821985731], [-108.00867162940766, 25.54538248914646], [-108.00836637940033, 25.54344099969448], [-108.00971477912331, 25.54243809065973], [-108.01218278046505, 25.542929979036334], [-108.01768584983704, 25.542517950016826], [-108.02031627865463, 25.536962119699236], [-108.01785242858068, 25.535434859945738], [-108.0174888196386, 25.53361968892311], [-108.01626276855914, 25.531642449619955], [-108.01723598032294, 25.529867430107938], [-108.01593226021996, 25.527883769590908], [-108.01465856983334, 25.525394379391024], [-108.01491367956696, 25.52497635038932], [-108.01108574932222, 25.52118264948105], [-108.0110266803278, 25.52013969031991], [-108.00977549048717, 25.51902214995191], [-108.00917520031516, 25.51811015031233], [-108.00967724972357, 25.516767950007814], [-108.00920757981513, 25.512684289701934], [-108.0086162486082, 25.512417370365114], [-108.00818357049684, 25.510780119852722], [-108.01102570904797, 25.508926780503657], [-108.01105071915606, 25.50745568912032], [-108.01576874987583, 25.505306049872182], [-108.018661049473, 25.5043784796613], [-108.0218859097254, 25.499389450446994], [-108.01779848902929, 25.49878911989529], [-108.01480485937701, 25.500177480428537], [-108.01171942865489, 25.50219077953369], [-108.01158521939549, 25.50286060033666], [-108.01027304867462, 25.503069949582002], [-108.00371807910902, 25.497352659770797], [-108.00561717999331, 25.484657538823523], [-108.00482867978648, 25.48270578010246], [-108.00397142990724, 25.48180163018048], [-108.0029645394274, 25.481313940139763], [-108.00164096956706, 25.481126250637285], [-108.00310504888995, 25.475904919818863], [-108.00428953954125, 25.473414369914366], [-108.00487591941774, 25.47106897046383], [-108.00632773928145, 25.469421310040424], [-108.00706057913229, 25.46814878024827], [-108.00608219891197, 25.466452049880733], [-108.00776600014423, 25.466137139146277], [-108.00568848970755, 25.465077310309507], [-108.0041503187325, 25.46080732007263], [-108.00456945925295, 25.460044000304173], [-108.00252074947572, 25.458738680371923], [-108.00160265862331, 25.45888325980686], [-108.0013865786738, 25.45865741980716], [-108.00089325022743, 25.457553229205697], [-108.00175565931167, 25.4565072006499], [-108.00362399941824, 25.4556025101887], [-108.00242124906848, 25.45475235053785], [-107.99982453939833, 25.45022313992937], [-107.99980383046069, 25.448907200204403], [-107.99928931900514, 25.44775701981927], [-107.99985608040642, 25.445423319906897], [-107.99838195027533, 25.44376814976051], [-107.99198085033078, 25.431185289408422], [-107.99991850866459, 25.43155267982746], [-107.99864637019415, 25.425053459978127], [-107.9969988794772, 25.42293454040301], [-107.99627546013282, 25.417857449148077], [-107.97526117865254, 25.40903570977434], [-107.94973847893017, 25.408117979628265], [-107.94474322012901, 25.42089835054925], [-107.93322285946893, 25.41696428008053], [-107.9359843191229, 25.41308070995317], [-107.94029762002452, 25.414231139397398], [-107.94378964944514, 25.410058089865544], [-107.94523825030755, 25.406627509411383], [-107.94557371881768, 25.402724649082902], [-107.94583756936038, 25.40167457998532], [-107.94741893941267, 25.398896660558446], [-107.94749158030349, 25.39725703048367], [-107.94721193975302, 25.396761400523275], [-107.94679150890713, 25.393660460398873], [-107.94720202932764, 25.392404140239993], [-107.94736547979254, 25.390844859143424], [-107.94829047936933, 25.390015580327997], [-107.94920402031418, 25.388213949527106], [-107.94883207865271, 25.3867986303314], [-107.9494133400234, 25.38416651005311], [-107.94996211019931, 25.38406632001432], [-107.95006648005246, 25.382810230168996], [-107.95117907873552, 25.382853580541724], [-107.95102028940168, 25.380727230299662], [-107.94957931001917, 25.380221429812696], [-107.94774311897173, 25.379993909714074], [-107.9468432799234, 25.380123149196773], [-107.94430694016538, 25.377685450179136], [-107.91417731997655, 25.372505149706672], [-107.91556150867137, 25.366564850153114], [-107.91435693999279, 25.36634738016162], [-107.91550079932675, 25.360201339534903], [-107.91966131018054, 25.360919139989484], [-107.92505742884003, 25.35676497046048], [-107.9264766800096, 25.350390029530395], [-107.92812585995684, 25.350683949248253], [-107.92943065859633, 25.345523200040503], [-107.93003879923016, 25.345145579442992], [-107.93208100016423, 25.34479045027894], [-107.93618857889966, 25.342682890104236], [-107.93623092037251, 25.34033501964876], [-107.93951589046007, 25.34085177994588], [-107.9401840801769, 25.342143539571552], [-107.94283543029307, 25.3413581502426], [-107.94287122981342, 25.34115123052532], [-107.9440010793604, 25.3405871496755], [-107.94673519923526, 25.34096389017374], [-107.9505602193021, 25.337628660243187], [-107.94573848982463, 25.33399411002564], [-107.94388308036766, 25.332008739850647], [-107.93191819960934, 25.3102435704535], [-107.92222474993208, 25.31004617999212], [-107.91910953947941, 25.30933949055568], [-107.91655303041469, 25.3099393501295], [-107.9129034886746, 25.31148897982818], [-107.91346890870221, 25.31293202044463], [-107.91514804967842, 25.31549297029848], [-107.91211930973569, 25.319771629101968], [-107.90592486005688, 25.319823799501705], [-107.90125841914158, 25.3183725192404], [-107.90102699947336, 25.316854889071877], [-107.90152797932036, 25.315412289883824], [-107.89993472001828, 25.314291749788506], [-107.89938805017762, 25.314214548853606], [-107.89910708949034, 25.313888049020147], [-107.89915979855014, 25.31329264986515], [-107.897205049047, 25.31210451028136], [-107.8975073399422, 25.310535259720243], [-107.89946097852874, 25.30677250974517], [-107.90147271889951, 25.306498920333627], [-107.90390879896322, 25.304769630091346], [-107.90544281902433, 25.305178680223506], [-107.9059658188904, 25.306892999326788], [-107.90649154029028, 25.307174600074593], [-107.90776031015304, 25.307215740121357], [-107.90823270886268, 25.30662254952608], [-107.90877115025738, 25.306428020098082], [-107.90970879912611, 25.305636169511153], [-107.9122551985917, 25.30637314039807], [-107.91414257936219, 25.305812030508754], [-107.91409763032895, 25.305043780459407], [-107.9146181693381, 25.30472615020418], [-107.91516899964495, 25.305451769838303], [-107.91605730867981, 25.304964540655615], [-107.91635944970565, 25.303396120068424], [-107.91747388930187, 25.30309371064323], [-107.91850428008199, 25.303202260496924], [-107.91954571046324, 25.30386954061222], [-107.92088311942692, 25.30365429018594], [-107.92252488024921, 25.301990879830274], [-107.92412301947078, 25.301210059466523], [-107.92584892006629, 25.299097549637224], [-107.90638139962118, 25.26353398003518], [-107.90621712050115, 25.26248835053224], [-107.90730276987189, 25.25533702886451], [-107.90710339975028, 25.254191290218998], [-107.90450327982221, 25.2506766902622], [-107.90400210929204, 25.248760110346065], [-107.90202467922668, 25.244765259139516], [-107.89759609041212, 25.246465540586545], [-107.89828653876606, 25.24403855060016], [-107.89802725033243, 25.24130057035876], [-107.89872599979809, 25.23908434056538], [-107.89769556953217, 25.238706339725013], [-107.89753188900475, 25.238474450353426], [-107.89371654951272, 25.239716949602578], [-107.89198356951785, 25.239592430395422], [-107.89256985958457, 25.23856724916407], [-107.88734467985049, 25.240077980134835], [-107.8864413801016, 25.239835080218455], [-107.8846788901031, 25.240247199922365], [-107.88310803042818, 25.23544462923763], [-107.88258154987705, 25.234472598993577], [-107.87980848914604, 25.23487944976495], [-107.8794561504455, 25.235579460442825], [-107.87927788025236, 25.237503140446748], [-107.87772825915576, 25.236979369933056], [-107.8748094885573, 25.235337570215925], [-107.87549829041389, 25.233218029915133], [-107.87530273890158, 25.23219184914841], [-107.87452521955993, 25.230633709359576], [-107.8750584490394, 25.2286862002585], [-107.87148039981665, 25.22830151977633], [-107.86965914972927, 25.22874690903886], [-107.86855584945305, 25.228773119609528], [-107.87011928954075, 25.203620860057455], [-107.91441919918083, 25.203484890143837], [-107.9327748502454, 25.20413437981231], [-107.93372729034267, 25.196895030196263], [-107.93592863024014, 25.18617097059688], [-107.93590505933528, 25.178722829817996], [-107.937597029051, 25.170720910327], [-107.93886159983381, 25.15933387888398], [-107.93971048889131, 25.147942650309975], [-107.94227465012068, 25.14930162992378], [-107.94324718044676, 25.149253430337883], [-107.94508630967793, 25.148320850416216], [-107.94650480006986, 25.14801244972172], [-107.9502878802979, 25.14773334980451], [-107.95135849029509, 25.14807533885548], [-107.95075150898309, 25.152005680382157], [-107.95758051952416, 25.155399939913647], [-107.9583065401365, 25.154216149736463], [-107.95979082962171, 25.156495939848668], [-107.96138990910573, 25.156530480615523], [-107.96345181950468, 25.159799260498513], [-107.96478865041904, 25.1612044494988], [-107.96625687949364, 25.162142860084305], [-107.96817634928153, 25.162596970374572], [-107.97199967970214, 25.177063620261343], [-107.97202112041438, 25.1774605499324], [-107.96948774881854, 25.18081356896814], [-107.97706322857458, 25.192335120490917], [-107.98835651975453, 25.221318889148318], [-107.9930001102337, 25.22300093919243], [-107.99541942932093, 25.222057980215844], [-107.99579271944404, 25.22022347967143], [-108.01505967879008, 25.220129889524816], [-108.03322951017967, 25.23257339910586], [-108.0324663693831, 25.233989349572838], [-108.03523009004948, 25.236487369587504], [-108.03809934921604, 25.235995339203953], [-108.03814242925425, 25.238869279647197], [-108.0359301492293, 25.239545309850143], [-108.0339171197006, 25.23957254028186], [-108.03118744879245, 25.24145726002543], [-108.02868373965147, 25.241573140320376], [-108.02587867810631, 25.24113996969798], [-108.02031991915729, 25.244760449246936], [-108.01952839842724, 25.247103629251598], [-108.01918145932095, 25.24746834049129], [-108.00686821855243, 25.250617030196068], [-108.00157074942155, 25.25316865027988], [-108.0006886291608, 25.25341614954238], [-108.00438567959787, 25.262914999363712], [-108.03404152025918, 25.300580249402312], [-108.03277037862067, 25.300839108941343], [-108.03225528889341, 25.30325082898221], [-108.03151241901666, 25.30334742045015], [-108.03105307998133, 25.303785309921327], [-108.03312134949563, 25.30696805054342], [-108.0344610000974, 25.32424504950774], [-108.03508061871692, 25.324912030024546], [-108.04235385922236, 25.330071909774762], [-108.04322979997262, 25.334458539544663], [-108.0432056903466, 25.341514519743036], [-108.04538497045267, 25.341286378889272], [-108.0455278600617, 25.343368019308784], [-108.04498168992222, 25.34456557036374], [-108.04297328915679, 25.351129429899373], [-108.04271894920188, 25.35303454024031], [-108.04169822965527, 25.352859199839656], [-108.04049347913777, 25.354927030464875], [-108.0406891190354, 25.36087313977343], [-108.04103897983622, 25.36251755045828], [-108.02915510889927, 25.35945462041997], [-108.02819997999241, 25.361095570307402], [-108.02789757994317, 25.362050910616023], [-108.02831514018791, 25.3646795505261], [-108.02657414871507, 25.366346799934632], [-108.02632634870953, 25.369182660061796], [-108.03752634979986, 25.36826819935368], [-108.03605079927264, 25.370428540599114], [-108.03566546020878, 25.372025750354403], [-108.03329357902575, 25.37514059947188], [-108.03386351973863, 25.378621510462033], [-108.0334335401835, 25.379499309898055], [-108.03244358032066, 25.38083421891525], [-108.03095901904406, 25.380903890388165], [-108.03037130893777, 25.381651350535044], [-108.02922771011013, 25.381219540512003], [-108.02856693998213, 25.381180980385164], [-108.02779218007194, 25.382877290001954], [-108.03054091879063, 25.384873658998462], [-108.03286014898873, 25.384921349276247], [-108.03313921948428, 25.384810430268743], [-108.03311667876558, 25.38462927964177], [-108.03600839915065, 25.385266519736444], [-108.03092095033945, 25.388843028809355], [-108.03361248978366, 25.392546429999808], [-108.03663348055045, 25.39421625056702], [-108.0366802304151, 25.39440366023657], [-108.03718136943829, 25.394184939753703], [-108.04158911006867, 25.39378533994774], [-108.04243279979211, 25.39411514028669], [-108.04268742994651, 25.39451197935391], [-108.0509395502004, 25.390972259317937], [-108.09722877010654, 25.422402779593508], [-108.09560991875063, 25.423318570003868], [-108.09347094910902, 25.42404057978554], [-108.08791002932868, 25.42773537994678], [-108.08850479900583, 25.42932362049663], [-108.08581465042279, 25.43091362973214], [-108.0830976189167, 25.430941999874225], [-108.08620241959157, 25.43578268937299], [-108.08756963034752, 25.434385058840057], [-108.08863122014141, 25.4352346491377], [-108.08784619912994, 25.436447920447137], [-108.08821656923786, 25.4395677202389], [-108.09027972008295, 25.44101781982491], [-108.09074503013183, 25.44023772035226], [-108.08966001878021, 25.439865999985813], [-108.09067726003674, 25.437535979987768], [-108.09182145955903, 25.438043819353652], [-108.09436437032063, 25.434398619330565], [-108.09710660012367, 25.43387217892833], [-108.09706708956814, 25.438057250974953], [-108.10036563042539, 25.438794079073926], [-108.10068300022407, 25.438264060246755], [-108.10095041954726, 25.43840217023091], [-108.10062709014515, 25.438939429396193], [-108.10142457029727, 25.439406619511963], [-108.10117696943591, 25.439755910643058], [-108.10182257873804, 25.44013883017762], [-108.10111595034698, 25.441122969717927], [-108.0996046496622, 25.44090218063942], [-108.0996681195037, 25.440178420540757], [-108.09998630870105, 25.439571880620232], [-108.09896181963208, 25.439303579805294], [-108.09896253910615, 25.43961830925104], [-108.09712567902167, 25.43934614257474], [-108.09705508856582, 25.43997373980786], [-108.09494357035749, 25.443980770562092], [-108.10157208039554, 25.44924701960821], [-108.10284845965744, 25.45053271994585], [-108.11750341994862, 25.441538229978484], [-108.11670187923224, 25.43672497917123], [-108.11824412020393, 25.43649821933564], [-108.1196576900985, 25.436007290233203], [-108.12161048038004, 25.43426636963304], [-108.1212671988667, 25.433418049917112], [-108.12806434980186, 25.432812889216805], [-108.1281165104571, 25.431770090381796], [-108.13683240015625, 25.42986062009342], [-108.13888004883032, 25.428456199911484], [-108.14390668970165, 25.41071225977471], [-108.14446385913335, 25.410910079510955], [-108.14482694011227, 25.40970979906747], [-108.15563868871865, 25.40283428939226], [-108.15551898012518, 25.4017569492784], [-108.15999013899602, 25.401318820197382], [-108.16049616926945, 25.40149040031851], [-108.16199694992432, 25.401102398884852], [-108.1617283397925, 25.39974252022167], [-108.16056396876237, 25.399841940072815], [-108.16168676910235, 25.394451109799693], [-108.16194141970703, 25.395193939988108], [-108.162601950523, 25.39594631026797], [-108.16361882954585, 25.396024999971957], [-108.16611139939124, 25.397011179771876], [-108.16667847944628, 25.396803140376676], [-108.16984716924048, 25.39815351023552], [-108.17371325929449, 25.400875480303153], [-108.17760405010922, 25.404189140624585], [-108.1665798898916, 25.40575222973353], [-108.16805731050246, 25.41649131043539], [-108.16900293964423, 25.41789551027408], [-108.17764702015961, 25.41311492046347], [-108.17831681865083, 25.41362256957579], [-108.1820375787212, 25.41047748986392], [-108.18466775043521, 25.409166279013387], [-108.1859373500212, 25.411754690474513], [-108.18303230960456, 25.42534125888104], [-108.18953611015611, 25.426426019399294], [-108.19475701890484, 25.42537449057654], [-108.18661881983296, 25.408129889664963], [-108.20070774020782, 25.400275200204625], [-108.21343679987707, 25.39288968942614], [-108.22023244932036, 25.38813591894283], [-108.23354494016107, 25.379600489996115], [-108.23109227995627, 25.37765551035986], [-108.23248197933022, 25.376719020128196], [-108.23256994895871, 25.376381650483562], [-108.23284002930363, 25.372694850063535], [-108.23317207939955, 25.371642459666504], [-108.23266551870492, 25.370859250333748], [-108.23263599994192, 25.36981928055588], [-108.23427982979325, 25.369547080495657], [-108.23420261932107, 25.369758938939967], [-108.23668754859368, 25.369616459771592], [-108.25616328912767, 25.361868280102524], [-108.25788557913756, 25.361476829543598], [-108.2595242505108, 25.361394419568356], [-108.26000205979894, 25.361430970496425], [-108.26204641984411, 25.370258568878267], [-108.263660539525, 25.372537800304517], [-108.27239464881538, 25.371363459811956], [-108.27453211893827, 25.359625519830477], [-108.28200959863648, 25.35867240040293], [-108.2855350288939, 25.360054480236006], [-108.29064976891159, 25.359293370481456], [-108.29352685925699, 25.359215630591084], [-108.29347867871854, 25.353685250205437], [-108.29167909044446, 25.352084050233643], [-108.29353364957754, 25.353026999001226], [-108.29205607855303, 25.34880388992268], [-108.29280186044006, 25.348643719874726], [-108.29377504898133, 25.348998120211046], [-108.29961647934903, 25.35185265898666], [-108.29347865860834, 25.380302340498446], [-108.29354037923483, 25.380545650393348], [-108.29661737973714, 25.380923320162946], [-108.29748562878757, 25.37615382064739], [-108.29881548997821, 25.370984519193176], [-108.30709132001134, 25.373670290227956], [-108.30707432001992, 25.393451769312172], [-108.30519292034738, 25.393376940045847], [-108.30495522949671, 25.393565819971943], [-108.3041681397275, 25.396286509724845], [-108.30270745946683, 25.399135780222107], [-108.29031863016158, 25.395964120086884], [-108.2836875704296, 25.428814179992756], [-108.2792619095664, 25.453513279856587], [-108.2804322195948, 25.453760110110405], [-108.2767717190189, 25.470802279554878], [-108.27442411992415, 25.47271409018166], [-108.2716862298645, 25.47428331027092], [-108.26656301917698, 25.47512171980715], [-108.26251238033284, 25.47821717952085], [-108.25957406003778, 25.478492029955245], [-108.25716508911876, 25.48181078020678], [-108.25268083025105, 25.485041919762864], [-108.25252994026204, 25.48538171965005], [-108.25262624895372, 25.486760119963343], [-108.22016017915165, 25.490528349178668], [-108.21781761977905, 25.49021311006512], [-108.19604505918129, 25.482928059793945], [-108.1949282899165, 25.48263530971848], [-108.19309059923712, 25.482548779275835], [-108.18918054904064, 25.486525749499336], [-108.188923828912, 25.487147770003144], [-108.19009539869839, 25.491101060343876], [-108.19539838033467, 25.50620107885278], [-108.19678721964252, 25.510937168941567], [-108.19860159936174, 25.511721309963967], [-108.20094977970977, 25.512397450139982], [-108.20213343031892, 25.51319540037944], [-108.20445765043233, 25.513977080083844], [-108.20445977895079, 25.51468004927492], [-108.2018341793855, 25.52612650976287], [-108.19557961887348, 25.53044136989302], [-108.19633761959261, 25.53379640023941], [-108.19074819997978, 25.53684983059075], [-108.18949885958446, 25.550591689665474], [-108.21350274042616, 25.589700079163624], [-108.21203336865578, 25.590901350507732], [-108.20985718047176, 25.59123209031627], [-108.20793988977643, 25.59202219900319], [-108.20736125924962, 25.593094289063504], [-108.19468681990027, 25.603232950372497], [-108.19041633989518, 25.606929709271096], [-108.1899139691215, 25.606651049540154], [-108.18941143020525, 25.60699617056271], [-108.18883056934023, 25.606208630142238], [-108.18811456877985, 25.606660539994152], [-108.18697119957962, 25.607974740169823], [-108.18695903042396, 25.6087864301299], [-108.1852300599518, 25.609717089031495], [-108.18495172001242, 25.61173208950501], [-108.18256187991247, 25.61340279988303], [-108.18213634893134, 25.61288005054359], [-108.18053191940572, 25.613677150540088]]]}}, {"type": "Feature", "properties": {"CVEGEO": "25016", "CVE_ENT": "25", "NOMGEO": "Sinaloa", "CVE_MUN": "016", "NOMMUN": "San Ignacio", "cov_": 1890, "cov_id": 1891}, "geometry": {"type": "Polygon", "coordinates": [[[-106.19440566003557, 24.351785109405835], [-106.16997520046475, 24.33365017965379], [-106.15253962034846, 24.338770369431533], [-106.09250982968952, 24.287374289237444], [-106.09163151998159, 24.286932829320534], [-106.09074866038452, 24.28582244915022], [-106.08981677021613, 24.285362429137383], [-106.08963042047552, 24.28484705924376], [-106.08887730978998, 24.284408969740102], [-106.0894385095296, 24.283301659368334], [-106.08929385973853, 24.28179765892735], [-106.08813008971657, 24.279884599242763], [-106.08734740046123, 24.279239549626716], [-106.08695024957017, 24.27829684903406], [-106.08717308039286, 24.27795634884859], [-106.08690468986211, 24.277692229318525], [-106.08573751965776, 24.277377629041844], [-106.0854517995295, 24.27655525961575], [-106.08433406031749, 24.275636259228925], [-106.08305061963978, 24.275620479349023], [-106.08227599954543, 24.27436717897253], [-106.08131834971144, 24.273353419272443], [-106.07912269019552, 24.27285199941803], [-106.07854784976115, 24.272970149345845], [-106.07715356973546, 24.27256282921304], [-106.07584323001524, 24.27138919898545], [-106.07547930998936, 24.270841048849164], [-106.0756273700384, 24.270131048881865], [-106.07453953959819, 24.269422089236965], [-106.07447119967479, 24.26833825946726], [-106.0747893499374, 24.266896909206647], [-106.07424156952364, 24.265685819251203], [-106.07435877950323, 24.26472013901022], [-106.07376971968502, 24.26437202899348], [-106.07371711972623, 24.261957349706055], [-106.07286732026847, 24.26087873955813], [-106.07300311985078, 24.260137889152727], [-106.07269376952274, 24.259668259416713], [-106.07265738045386, 24.258859219365096], [-106.07280998050096, 24.257944649484266], [-106.07206654982222, 24.256271339462923], [-106.07225405026072, 24.255736849346857], [-106.07206038017017, 24.254998278844766], [-106.07216763020851, 24.254434709161867], [-106.07129606037158, 24.249572569680865], [-106.06994834968629, 24.22020057895656], [-106.0438835701404, 24.2208503488536], [-106.04431032029241, 24.219797828871393], [-106.0441936498124, 24.218803508967714], [-106.04377525030765, 24.218089889678986], [-106.04431692038223, 24.216209659209046], [-106.04420734043883, 24.21540753953738], [-106.04462964995955, 24.213491979546976], [-106.04416043000431, 24.211704749660534], [-106.04088420002235, 24.207575919128473], [-106.03964993957491, 24.20710942964168], [-106.03819661981572, 24.20617796929816], [-106.03638206045233, 24.204023419538096], [-106.03633910976167, 24.202717628993653], [-106.03525337981871, 24.20058776970468], [-106.03532834989926, 24.199743519347457], [-106.03614485967545, 24.19860997938527], [-106.03620615014286, 24.198179169242437], [-106.03599231983983, 24.19776502942198], [-106.03482151036489, 24.197119939555094], [-106.03481108027559, 24.195828769636552], [-106.03390437953645, 24.194252779201232], [-106.03398249018915, 24.191892399498943], [-106.03368774974429, 24.191478819515435], [-106.03285870969259, 24.191054028975973], [-106.03139289007864, 24.189020689633253], [-106.03067598017321, 24.188446709108685], [-106.02888693975252, 24.187405019148454], [-106.02726477974693, 24.18698553932476], [-106.02680786034158, 24.18652850923958], [-106.02685167999752, 24.185934549677015], [-106.0280254601925, 24.184669739406306], [-106.02810268992805, 24.184209108865268], [-106.02752569042715, 24.182906909737962], [-106.02857914977206, 24.181044569492162], [-106.0285572602692, 24.180332289727843], [-106.02820848994449, 24.17988004912528], [-106.02775428036469, 24.179985569307043], [-106.02662094038484, 24.179727479325052], [-106.0259496900489, 24.177655249031762], [-106.02498612033885, 24.177098649427478], [-106.02489129024936, 24.175969258948747], [-106.02354176993097, 24.175985259279006], [-106.02351999953649, 24.175287829031078], [-106.02308971006997, 24.174103369099342], [-106.02243817017636, 24.173588259221493], [-106.02107525965627, 24.173181829334602], [-106.02091488028977, 24.171734629567364], [-106.0190048496525, 24.167651019534926], [-106.01858420002519, 24.16621822937708], [-106.01811145043484, 24.16579097927115], [-106.01819794963791, 24.164454619316103], [-106.01613596971076, 24.163637199086708], [-106.01413477989746, 24.161438889325414], [-106.0125959404682, 24.161529089654156], [-106.01205345971117, 24.161238479095644], [-106.01126125954202, 24.159058399083406], [-106.01063128967391, 24.15823027920442], [-106.0109764601341, 24.156847659679432], [-106.00995515017148, 24.156631798870315], [-106.00967164998806, 24.15556504919998], [-106.00876234028021, 24.155185179232724], [-106.00844937980322, 24.154489659383852], [-106.00746711001227, 24.15377301968506], [-106.00735674022145, 24.152081739380765], [-106.00631453999021, 24.151257459481588], [-106.00616632018014, 24.150931908982535], [-106.00607392007383, 24.150150859022776], [-106.00648931994618, 24.149638449603774], [-106.00665440032625, 24.149108169601366], [-106.0065313799053, 24.148705259493813], [-106.00591130995552, 24.14798497911711], [-106.00508160033108, 24.147426449364364], [-106.00392817013756, 24.14721657964261], [-106.00321077045145, 24.14684102956822], [-106.00311159980215, 24.145902349239066], [-106.004317969894, 24.144895859474666], [-106.00419757021005, 24.14446982887156], [-106.0032414902602, 24.143882969554273], [-106.00306068998336, 24.14352794896256], [-106.00299255038705, 24.140802708985056], [-106.00392747987087, 24.140336479513234], [-106.00397116967088, 24.14002627900142], [-106.00220242970481, 24.13908621912402], [-106.00198894973806, 24.138686889577784], [-106.00230805999881, 24.13833607937979], [-106.00323900003984, 24.138164489657026], [-106.0039875403177, 24.137664489111675], [-106.00403914958329, 24.135986979739428], [-106.00351799997327, 24.135733319325396], [-106.0033012598511, 24.135179658918812], [-106.00383495019845, 24.133068569224477], [-106.00421791979541, 24.132495969295576], [-106.00357923044612, 24.13152057934889], [-106.00410693996234, 24.130715649276848], [-106.0041981104831, 24.12995810942359], [-106.00354854999408, 24.129450649261855], [-106.00204378028249, 24.129242979711986], [-106.00129148043851, 24.12864137892376], [-106.00124039958493, 24.128315198891137], [-106.00141358044831, 24.12736922948727], [-106.00178748048498, 24.127086249159365], [-106.00208503012992, 24.12632588896942], [-106.00331040026815, 24.125768689546902], [-106.00367257969818, 24.125271949387088], [-106.00293053954745, 24.12348424893515], [-106.0033333699256, 24.12246696917835], [-106.00411862968924, 24.121497079049576], [-106.00404637023905, 24.1205327994696], [-106.0022796904576, 24.11980533948763], [-106.00196750990713, 24.11952233925202], [-106.00182432021964, 24.118883059482037], [-106.00123524975486, 24.118519679732717], [-105.99983618028894, 24.118333458938803], [-105.99994697004325, 24.116984549699175], [-105.99971552036273, 24.11634784917629], [-105.99827451993356, 24.115623369245046], [-105.99745874034072, 24.114861169218294], [-105.99664962002764, 24.114455679495165], [-105.99488108001002, 24.114790289658266], [-105.99334101988956, 24.11450064937975], [-105.99085460007315, 24.115014449064354], [-105.98972400000939, 24.11439016967493], [-105.98933954030882, 24.110227659459152], [-105.98984781988203, 24.109379629401914], [-105.9892927402784, 24.108730179352044], [-105.98907723003951, 24.107997679227523], [-105.9897605702254, 24.107468779149414], [-105.99107848035433, 24.10564441943525], [-105.99040576967361, 24.103895629727823], [-105.9903378503791, 24.10308397935658], [-105.99012170953095, 24.102701399754917], [-105.98969684957494, 24.102704139131504], [-105.98944091037215, 24.102358119500952], [-105.98973205985743, 24.102018969316553], [-105.99063448039051, 24.101686909114445], [-105.99320312008162, 24.101224968879325], [-105.99383262036977, 24.100413219590283], [-105.99387816990547, 24.10002699909845], [-105.99346712013616, 24.099168848857946], [-105.99412702984489, 24.098734119409958], [-105.99540331963757, 24.098518028947993], [-105.99562808007492, 24.098293939225975], [-105.99558701958766, 24.097205659079677], [-105.99500908969465, 24.0960890792944], [-105.9950883801874, 24.095021849579805], [-105.99400698034867, 24.093566919025307], [-105.99438022040627, 24.091979679480215], [-105.99481003019635, 24.091446029685187], [-105.9952991697026, 24.091234689114337], [-105.99632048955414, 24.089360198900984], [-105.99868207995577, 24.090139879281598], [-105.99941580012703, 24.09011028969248], [-106.0003038301748, 24.088956999271453], [-106.00141547980733, 24.088784149466864], [-106.00206888952715, 24.088086829694927], [-106.00199162043914, 24.087721029641603], [-106.00098323043693, 24.087015199368704], [-106.00059796999582, 24.086391418972582], [-106.00147421985105, 24.084660748917994], [-106.00232314037056, 24.08384379921935], [-106.00269985003665, 24.083167309258847], [-106.00263592038853, 24.082790829122253], [-106.00115882955622, 24.081338659303505], [-106.00147274016433, 24.08113490892572], [-106.00167753974598, 24.07979871908526], [-106.00154534985198, 24.079303019511773], [-106.00071059952708, 24.078719119288085], [-106.00054212019045, 24.07830996957318], [-106.00077962989583, 24.07724307936758], [-106.00070930975156, 24.07605614969298], [-106.00100070961936, 24.075560969498103], [-106.00175839997809, 24.07559088917742], [-106.00306357006812, 24.07613184930741], [-106.00364043046075, 24.07617204904941], [-106.00410040006663, 24.07591827936949], [-106.00513991032317, 24.07377596951421], [-106.00668002006357, 24.07354947966392], [-106.0072358500946, 24.07329321886288], [-106.00760193979625, 24.07310782950936], [-106.00788345023523, 24.072506629673196], [-106.00790820021065, 24.071757118956917], [-106.0066082300145, 24.06718585900546], [-106.0049988203649, 24.06642133892251], [-106.00294848023132, 24.066060909292666], [-106.00118169016655, 24.063092948864373], [-106.0009482194975, 24.0617128189356], [-106.00132091986968, 24.06032382904073], [-106.00145055008589, 24.060037419521333], [-106.00248658042996, 24.059464019657472], [-106.00134950961045, 24.05818057903836], [-106.00023334042658, 24.0580827696415], [-105.99986442049332, 24.055065979670413], [-105.99917313989602, 24.054391349425256], [-105.9969885395541, 24.05462956904107], [-105.99671724990436, 24.05422222972312], [-105.99716545036394, 24.05351473967436], [-105.99811894995008, 24.052796619452266], [-105.99868815017557, 24.050537919521215], [-105.99950145034423, 24.049708949727677], [-105.99953672020028, 24.0491238494597], [-105.99920837030815, 24.04807373966633], [-106.00007399975702, 24.046522919194626], [-105.99889058049267, 24.044292919593538], [-105.9987197399068, 24.04338313938856], [-105.99788088012788, 24.04252039887642], [-105.996602429725, 24.04288856934251], [-105.99597462967257, 24.043331939088286], [-105.99536217995353, 24.043836859400376], [-105.99531837975489, 24.044618279283902], [-105.99493188032706, 24.044782999465678], [-105.99410222981787, 24.044581278963324], [-105.99339734979681, 24.044264889368783], [-105.99261325041084, 24.042208939658877], [-105.99185337017299, 24.041448969394263], [-105.99117376958465, 24.041119539565894], [-105.99046782981785, 24.041345659234988], [-105.98992257005507, 24.041884749078203], [-105.98903137043784, 24.042000429631294], [-105.98832972023378, 24.04135825913942], [-105.98706958010321, 24.03960990898979], [-105.98577084985266, 24.038896458936062], [-105.98426688024176, 24.03867787896659], [-105.98323892032104, 24.038882019525335], [-105.98276887954553, 24.039368399086168], [-105.9818555503285, 24.041560769304063], [-105.98007191003401, 24.041996419052975], [-105.97950584994467, 24.041962369120533], [-105.9786397401698, 24.04097285933274], [-105.97853102028245, 24.039557779719377], [-105.97799952034173, 24.038976769114292], [-105.97676151023077, 24.038337819118453], [-105.9765969197588, 24.037408449630988], [-105.9761130802965, 24.03675568913605], [-105.97503623044862, 24.03566016947658], [-105.97340367993634, 24.034426819366026], [-105.97304320023045, 24.032738109107168], [-105.97200373960521, 24.032569259736977], [-105.97042588998801, 24.0319642190175], [-105.9684954302827, 24.031793369079203], [-105.9673636904848, 24.032202509064366], [-105.96655337977901, 24.03183610938976], [-105.96625634975445, 24.031256659469747], [-105.9662279799956, 24.03015057892053], [-105.96541344974656, 24.027068849486934], [-105.96440109036698, 24.02664107926782], [-105.9628723998054, 24.026663349237072], [-105.9607161202117, 24.024935059035936], [-105.95981164987124, 24.023834979192632], [-105.95937217045504, 24.02300207899338], [-105.96097085035662, 24.021922658999486], [-105.9605510895268, 24.01848491914778], [-105.96037139969228, 24.017883569235618], [-105.95981087968156, 24.01740334938338], [-105.95896731968664, 24.017677979495662], [-105.95830790952627, 24.017529859049308], [-105.9579625099203, 24.017304289677714], [-105.95739405971825, 24.01611951931943], [-105.95708806045177, 24.015834719115436], [-105.95634283014711, 24.015620059062897], [-105.95361588024451, 24.01595664925749], [-105.9502581096547, 24.014818828905536], [-105.94966829026285, 24.013808419662336], [-105.94967594973583, 24.012414979540257], [-105.94941405005892, 24.012003079729894], [-105.94871254961761, 24.01177474890754], [-105.94806224965657, 24.012010109035263], [-105.94787019995053, 24.012344519368565], [-105.94753492026888, 24.01391459955936], [-105.94690385011961, 24.01515754961988], [-105.94595300033696, 24.01488557954737], [-105.9464018196228, 24.013094339603175], [-105.94598274047794, 24.01219917935849], [-105.94526894022442, 24.01226101895569], [-105.94405358045105, 24.014084969253503], [-105.94313411963637, 24.014361169128318], [-105.94234293959829, 24.014317918965247], [-105.94161673968945, 24.01348373964874], [-105.9409279804414, 24.010175019001696], [-105.94063676975584, 24.009832108905755], [-105.9391851799833, 24.009508749454895], [-105.93908171990643, 24.00931417909343], [-105.93959402952818, 24.007939749372568], [-105.93944882981583, 24.00732064925572], [-105.9392433497793, 24.00703611934957], [-105.9373731503598, 24.00631925903169], [-105.93730411995192, 24.005940019589737], [-105.93767543003007, 24.005379029238977], [-105.93763202966002, 24.00499093921295], [-105.93632702980557, 24.004117749552176], [-105.93585972014708, 24.0033646492275], [-105.93428442962265, 24.002120479647967], [-105.93352054041931, 24.00221314899329], [-105.93300965003888, 24.002678449680385], [-105.93251322045688, 24.00273959945839], [-105.93214702002909, 24.002331309192257], [-105.93220919965532, 24.001254889544384], [-105.93183427996567, 24.00072910952417], [-105.92940741976773, 24.000694379423688], [-105.9288703696308, 23.999288308972226], [-105.92741151996609, 23.999181599149463], [-105.92404332010034, 23.998017289340428], [-105.92301367986076, 23.99804556919738], [-105.92246371986222, 23.998241279499542], [-105.9220074300382, 23.999018419737197], [-105.9211878903706, 23.999523779152984], [-105.92046765023638, 23.999643579024156], [-105.9185927397612, 23.99943454912991], [-105.91708619985162, 24.000100019713003], [-105.91461471014799, 23.99951159970356], [-105.91311431968077, 23.998627568929006], [-105.91213584996667, 23.997533858942916], [-105.91244008988382, 23.99591341913041], [-105.91304920018388, 23.99432290971534], [-105.91292549037225, 23.992008399393214], [-105.91221466046979, 23.990273169629575], [-105.91072092038029, 23.98831087919024], [-105.90871791018048, 23.98663016973648], [-105.90840384964959, 23.98481559949025], [-105.90846157967975, 23.983426629609106], [-105.94541506007033, 23.948025689380433], [-105.8999193998847, 23.943921289015744], [-105.88155350987527, 23.932819618920405], [-105.88025655002647, 23.92877794924244], [-105.87899230970095, 23.926066309721627], [-105.87632865048467, 23.923381369462756], [-105.87227980027163, 23.920168119410935], [-105.86834311038896, 23.918643549048962], [-105.8659764003267, 23.916071059546393], [-105.86388644980241, 23.912824019617766], [-105.86451401996696, 23.911327369359586], [-105.8642717802759, 23.910021229361668], [-105.86471441999433, 23.909503029557442], [-105.8652773795611, 23.90822161909833], [-105.86413994991517, 23.905323599531282], [-105.86354841964773, 23.904251089027134], [-105.86246357010592, 23.90470584961261], [-105.86201187979306, 23.904708659663747], [-105.86158697046075, 23.9043956891168], [-105.86135637004013, 23.90361331932228], [-105.86148744981334, 23.902963088915854], [-105.861244970157, 23.902767549622776], [-105.86090310953777, 23.902583049454957], [-105.85960309037759, 23.902552689571106], [-105.85884393991516, 23.90213459950179], [-105.85852074023857, 23.901744849441258], [-105.85852257002531, 23.900751019003508], [-105.85804290956459, 23.900428739369517], [-105.85775346046374, 23.899822379411226], [-105.85758795049864, 23.89929614950968], [-105.85822108037605, 23.896638689685815], [-105.85823978002267, 23.8956995492827], [-105.8590380495762, 23.89492430928574], [-105.85909283000663, 23.8946259697235], [-105.85842630985627, 23.893367449238248], [-105.85851224989614, 23.893085919488488], [-105.85943902980584, 23.892594859194272], [-105.85964731015716, 23.89215091975114], [-105.86038987956852, 23.89232890896474], [-105.86117331968347, 23.89181845938932], [-105.86326922987016, 23.8894483097342], [-105.86160047985484, 23.888307739612426], [-105.86109525990388, 23.88741868897632], [-105.86073698047228, 23.886422949349257], [-105.8611476596396, 23.886050769032384], [-105.86110002960692, 23.884830379181153], [-105.86156674016544, 23.884353909519238], [-105.86187092013392, 23.884301619699134], [-105.86189114040813, 23.884635679016856], [-105.86264951032818, 23.88527482912774], [-105.86304984974126, 23.884505969223984], [-105.86356090977985, 23.884405599379875], [-105.86322540050173, 23.883643079579297], [-105.86343802001723, 23.88305547966031], [-105.86292158026633, 23.88254459888589], [-105.86323874035516, 23.881098119472952], [-105.8654936902204, 23.880718579557477], [-105.86546314023575, 23.88015097949104], [-105.86506904962951, 23.879460419682825], [-105.86444865998499, 23.87900779948822], [-105.86355341953511, 23.87905087953008], [-105.86286358025701, 23.878273369574323], [-105.86290460016477, 23.87792217901936], [-105.86371460036229, 23.877223379610875], [-105.86409690972789, 23.875612629669718], [-105.86477325954316, 23.875156229268164], [-105.86724132022181, 23.875242979544527], [-105.88227405005128, 23.878542349751886], [-105.8832981695835, 23.8785493395739], [-105.88520217002265, 23.879575078874733], [-105.9536619802162, 23.90858457886268], [-105.96126556971696, 23.840742149434135], [-105.9518807104383, 23.819649578897856], [-106.0683300198306, 23.891156969209476], [-106.15969891007346, 23.770224658938563], [-106.11542688965206, 23.72852111905431], [-106.17314030986418, 23.707394659105635], [-106.1792056203139, 23.66319294893056], [-106.20333219971242, 23.677562569302975], [-106.20566262049694, 23.676541089621406], [-106.20611852027783, 23.676038379162414], [-106.20626755035852, 23.67550702904854], [-106.2061524604129, 23.67458159900564], [-106.20584849042832, 23.674284259575295], [-106.2044277503977, 23.673942139172347], [-106.20432651977784, 23.67371425914925], [-106.20475200018132, 23.673434168932427], [-106.20665436952801, 23.67293144896152], [-106.20741319991383, 23.672299909638326], [-106.20755588009416, 23.6719193193593], [-106.2071293501626, 23.671332979334874], [-106.20663364971625, 23.671399059669486], [-106.2056031803559, 23.672192249733982], [-106.20514524979438, 23.672132349056792], [-106.20471857019479, 23.671976649108327], [-106.20430682035035, 23.67090459946946], [-106.20494308966673, 23.67008468960431], [-106.20622025015695, 23.669212319225235], [-106.2060727203512, 23.668568019114648], [-106.20630905976215, 23.66819261910609], [-106.20866363048843, 23.66816607929315], [-106.20920268006668, 23.667869459748253], [-106.20922742035425, 23.667294229483595], [-106.20893645037367, 23.666866939200442], [-106.20790038013281, 23.66656124959259], [-106.20744330995095, 23.66606497885612], [-106.20757996966857, 23.665790029409777], [-106.20836237006273, 23.665575679653603], [-106.20956573961746, 23.66603856902275], [-106.21011680005282, 23.665958229713354], [-106.21009342950548, 23.665225138869275], [-106.20951748997874, 23.66472262960804], [-106.2081016004668, 23.66463588942115], [-106.20761968015319, 23.664436368933817], [-106.2083974897618, 23.663344569742844], [-106.20870662047889, 23.663099798978546], [-106.20960474965345, 23.663063168998775], [-106.21100734039332, 23.663348339082923], [-106.21152923035605, 23.663744909176707], [-106.2120354197095, 23.663534399377458], [-106.21211239966186, 23.66323504920105], [-106.21106538029255, 23.66108657902851], [-106.2107053097433, 23.660740849596863], [-106.20964279991196, 23.660487049032575], [-106.20881174971481, 23.659890919403598], [-106.20875657014159, 23.659293419490645], [-106.20913646013972, 23.65827650914313], [-106.21076968983124, 23.657654509735842], [-106.21238876973747, 23.65554594956721], [-106.21417556971241, 23.655766169187327], [-106.21494238025814, 23.656514199316156], [-106.2165069700221, 23.65700502969269], [-106.21698551025969, 23.65754864921467], [-106.21767657042913, 23.65763617913579], [-106.22019869012786, 23.657324089087442], [-106.2204016802747, 23.65597607886235], [-106.22071270972256, 23.655469579329008], [-106.22218439954328, 23.654648619490448], [-106.22328032025182, 23.6536594590882], [-106.22415014007632, 23.653625739359796], [-106.22639404989056, 23.654376769650614], [-106.2272262198636, 23.65425901957936], [-106.22883450969786, 23.651492309162066], [-106.229313580289, 23.650094539445103], [-106.22810759969884, 23.649407508985924], [-106.22804122958975, 23.648824119297807], [-106.22863325966638, 23.6482241688844], [-106.23023428978793, 23.647579309607295], [-106.2317187096963, 23.646656799554325], [-106.2324000295765, 23.64590581920875], [-106.232436460176, 23.645176619277912], [-106.23189808986076, 23.644369049383872], [-106.23201307956441, 23.643185059680206], [-106.23154699965048, 23.640840619124603], [-106.23440582966867, 23.639231879077407], [-106.23477227967716, 23.639500629634927], [-106.23481829021158, 23.639832949219432], [-106.2344528195856, 23.641653278978776], [-106.23460385029243, 23.64189565894454], [-106.23589728973775, 23.642438378936603], [-106.23613934028778, 23.642346279046233], [-106.23652792012913, 23.640075319144323], [-106.23648591982872, 23.639321549337602], [-106.23586417025881, 23.637376289271998], [-106.23626062966446, 23.63636993967136], [-106.23668533993103, 23.63595151952766], [-106.237631490153, 23.63574394896154], [-106.23840231967897, 23.635911289303962], [-106.23885073986553, 23.636458859341893], [-106.23918660042543, 23.637492658976523], [-106.23943410966623, 23.637593719115824], [-106.2415799395331, 23.637142249451987], [-106.24231736957334, 23.637215178956016], [-106.24254776992949, 23.63755364920751], [-106.24245256967323, 23.637905819092193], [-106.2415062504524, 23.639022649403334], [-106.24195422028158, 23.639783089354527], [-106.24263851977548, 23.642514909495613], [-106.2427778200516, 23.642753369253228], [-106.24324312041172, 23.64270737924892], [-106.24351895045523, 23.6422661491975], [-106.24441791001841, 23.64170039971939], [-106.24482815012863, 23.64065831888119], [-106.24631931967221, 23.63941045937551], [-106.24689501953164, 23.639325538942618], [-106.247262420178, 23.638879018858756], [-106.24669620005024, 23.637512229376867], [-106.2469818599908, 23.63726387957564], [-106.24758545048394, 23.637240539533], [-106.24813689016523, 23.636463999709683], [-106.24664768952405, 23.636101599165887], [-106.2463761100688, 23.635708049192747], [-106.24768343029689, 23.63513974959887], [-106.24988019982867, 23.634935029067954], [-106.25018954978307, 23.63458001908216], [-106.25022035025587, 23.634236889403716], [-106.24930020027631, 23.63415691890896], [-106.24895531044766, 23.633767998875673], [-106.24907779954508, 23.63288861932766], [-106.24886241978673, 23.631048429297152], [-106.24908168963094, 23.629879319269264], [-106.24937742015544, 23.629500658874452], [-106.25049427997396, 23.629246719395923], [-106.25155114986183, 23.629529649440084], [-106.25179813960906, 23.62981471940994], [-106.251314119675, 23.631443969171418], [-106.25136588970244, 23.632242089284535], [-106.25161482985186, 23.632331369092757], [-106.25299958000244, 23.631605969187788], [-106.2541602204209, 23.630615709449724], [-106.25437473967553, 23.629560619411947], [-106.25413229046049, 23.62700788925771], [-106.25346083019593, 23.625566949090146], [-106.25273455021872, 23.6247041790923], [-106.25268934976148, 23.62415016897578], [-106.25355822953483, 23.62406417920725], [-106.25582150960537, 23.624878088882973], [-106.25783159976355, 23.62405497904709], [-106.26038974981367, 23.623399969572397], [-106.26142071000123, 23.6221711196132], [-106.26106062045253, 23.62139711967707], [-106.259475820261, 23.621135578906525], [-106.25981065954474, 23.619756599385266], [-106.2603869198903, 23.618658429189356], [-106.26115407955129, 23.618724619399423], [-106.26258640041472, 23.61840162947081], [-106.26295755005934, 23.618474539466998], [-106.26471161984166, 23.619765349579296], [-106.2651993198078, 23.61958451934031], [-106.26550957995312, 23.618548749401352], [-106.26525286021894, 23.61738841922924], [-106.2658598000082, 23.61684797948939], [-106.26601085972887, 23.616266458956122], [-106.26668246010755, 23.615382349188653], [-106.26512579969213, 23.614412739072026], [-106.26437444992268, 23.613649579198313], [-106.26426486036175, 23.61321830884955], [-106.2644142597637, 23.61307608890841], [-106.26516043005759, 23.613118949313147], [-106.26647002963779, 23.61405342892351], [-106.26705835018151, 23.614043849448482], [-106.2666318897696, 23.60954199936364], [-106.26676034042016, 23.608647479027074], [-106.26716604960156, 23.608300859311747], [-106.26816828959409, 23.608145769575387], [-106.26880231963234, 23.60727121907424], [-106.26951695008174, 23.60693951930173], [-106.27008532036051, 23.60689071940085], [-106.27126598046817, 23.607276719074736], [-106.27216160010363, 23.60671468935671], [-106.27278542995569, 23.605614309543974], [-106.27279513982732, 23.60471785892296], [-106.27163050974535, 23.603788378914114], [-106.27173617981222, 23.60326304939759], [-106.27222599960831, 23.603200749367755], [-106.2732255201156, 23.603498509612102], [-106.27493221954717, 23.604941349200335], [-106.27578522016853, 23.605362879134052], [-106.2767703104128, 23.603917448875173], [-106.27879854991117, 23.602920289418922], [-106.27868317004905, 23.602440479236787], [-106.27756754994702, 23.602040969619594], [-106.27764287996901, 23.601744199450852], [-106.28072000034136, 23.600296478925575], [-106.28173691003089, 23.600147109343485], [-106.28235336967336, 23.600523719588853], [-106.28259241982171, 23.600995078904457], [-106.2829033702742, 23.601019088873233], [-106.28425872000524, 23.600187289304884], [-106.28472195016059, 23.60084756950206], [-106.28477060026334, 23.602113419297513], [-106.28521877018119, 23.60264874947584], [-106.2858561999119, 23.6028264589055], [-106.28657238026118, 23.60270184967075], [-106.28759063026402, 23.602182379488806], [-106.2897327800694, 23.600170749016534], [-106.2901213103139, 23.600190519206297], [-106.29110170977471, 23.60087468964047], [-106.29132591014977, 23.60280533963288], [-106.291932780277, 23.602983179742516], [-106.29434564957711, 23.601893749755458], [-106.29460152009155, 23.60232894895186], [-106.29456416992063, 23.60392928976354], [-106.29502790974541, 23.60443531920839], [-106.29591631003164, 23.604620149654483], [-106.29670760042096, 23.603548778915016], [-106.29842515042115, 23.602523919046913], [-106.29895621969276, 23.602375819619173], [-106.30017318003837, 23.6029816591883], [-106.30216170967259, 23.60180081886951], [-106.30271701969404, 23.60114348894877], [-106.30391325978162, 23.601329029603615], [-106.3047569498508, 23.60186097974832], [-106.30554374024241, 23.602767718915462], [-106.30641994003041, 23.60424150905536], [-106.30718728959603, 23.604497229437627], [-106.30812995033273, 23.60424991961727], [-106.30939543032117, 23.604376689518922], [-106.31032125999364, 23.60574482934856], [-106.31067733998289, 23.607883339705896], [-106.31049011983407, 23.609558579171257], [-106.30990191973946, 23.610495859307004], [-106.30859961954802, 23.611056919189696], [-106.308094849788, 23.611709709598088], [-106.30916146039439, 23.61329602969074], [-106.31065143038545, 23.61466567944561], [-106.31140433962025, 23.614851379755518], [-106.31253135005907, 23.614638348964966], [-106.31380678026997, 23.614116689683073], [-106.31461408033638, 23.615024108961677], [-106.3149241804238, 23.6151011088801], [-106.31543897992441, 23.614968969657], [-106.316408780411, 23.61428587944106], [-106.3173576502022, 23.61406631893349], [-106.31895547982091, 23.614801449323313], [-106.32054571036039, 23.615214018934772], [-106.32093702975465, 23.61517373923544], [-106.32178977022804, 23.614243029140386], [-106.32365897032568, 23.614401318973965], [-106.3248031099846, 23.614901459741187], [-106.32651558041489, 23.615280179582214], [-106.32961584986006, 23.617257169403317], [-106.32986987968448, 23.617232048934078], [-106.33074939964597, 23.615552369421426], [-106.33150957033334, 23.61523387972759], [-106.33195293964872, 23.61526748904842], [-106.33475561994666, 23.61961185962445], [-106.33573174956533, 23.623282739169618], [-106.33671140001917, 23.62466822906115], [-106.33728258019623, 23.62519265933243], [-106.3391786901199, 23.625165649730302], [-106.34043129003231, 23.625374879211787], [-106.34147822029347, 23.62611970896932], [-106.34163658007925, 23.62664808925863], [-106.3415046296786, 23.627178029508094], [-106.34104801984316, 23.62770990943546], [-106.34084924997046, 23.628496859461364], [-106.34139255043611, 23.629804578933335], [-106.34191355016318, 23.630372979033382], [-106.34450650954795, 23.630590769615957], [-106.34505372046179, 23.630888019474614], [-106.34765644994617, 23.634369679154588], [-106.3489709202013, 23.634511938961623], [-106.35112485973896, 23.633710829092276], [-106.35164577968467, 23.63390141897134], [-106.35193918039127, 23.634177519568215], [-106.35193299982554, 23.635560118977057], [-106.35343964990038, 23.63830288958758], [-106.3539694601141, 23.63846564917647], [-106.35659314049346, 23.638397969373706], [-106.35722923023549, 23.638716768923743], [-106.35851786002226, 23.64047688942503], [-106.35877811043244, 23.64057901962276], [-106.36066054990324, 23.639324619235822], [-106.36219874987165, 23.639068679117788], [-106.36637985953297, 23.64102788919255], [-106.36782579995632, 23.639899338982588], [-106.36831988984042, 23.638116949643727], [-106.36849102990398, 23.63797933937254], [-106.36913506034112, 23.6381523494877], [-106.3859600901777, 23.677679919734295], [-106.4165471801134, 23.692676259700413], [-106.4520900197108, 23.69791588909148], [-106.45610503033647, 23.697981029663023], [-106.46672263031904, 23.69876074886839], [-106.47728878046802, 23.6894685194659], [-106.5211903399635, 23.691035689133738], [-106.52959728009023, 23.66814117898257], [-106.5265988196132, 23.664173979690684], [-106.52716112028409, 23.66385411926059], [-106.5293341498388, 23.660169939321012], [-106.52579214958077, 23.644527349037084], [-106.51872608009302, 23.624238289454556], [-106.55371106047761, 23.620771109037527], [-106.57222282952905, 23.61857794920697], [-106.59741714039278, 23.616193568895635], [-106.60449789032661, 23.55078522900065], [-106.60609407998737, 23.5437978496954], [-106.61257708049968, 23.511300019706912], [-106.61479305992631, 23.501231679398572], [-106.61821497013584, 23.476157599255682], [-106.61836928985565, 23.47350761935422], [-106.62305110047188, 23.477787354170122], [-106.62407129444657, 23.478078838079046], [-106.62566850680112, 23.4775077673635], [-106.6266411121035, 23.47783494362333], [-106.62892836898381, 23.48061653354968], [-106.62991287075086, 23.483498655234506], [-106.62932098046528, 23.484849000554338], [-106.62934997448342, 23.485900307150626], [-106.62964220655925, 23.48640457243036], [-106.63028466187194, 23.486785286751747], [-106.63037389085984, 23.48715112787797], [-106.62912467425754, 23.4904080155478], [-106.62767617653924, 23.49132708237172], [-106.62650726734424, 23.49173456494403], [-106.62638888910621, 23.49214323762649], [-106.62651024234084, 23.49293559828763], [-106.62686716089713, 23.493349623922615], [-106.62671725474122, 23.494241922767532], [-106.62702420487818, 23.49541975525188], [-106.62780228853744, 23.49680460166424], [-106.62908005940766, 23.498439291089987], [-106.63140003380776, 23.500780680997373], [-106.63272477091147, 23.501748512328763], [-106.63356296438089, 23.50261524567775], [-106.63367003988645, 23.50314348567903], [-106.63898099697049, 23.507869095678462], [-106.63953779067023, 23.508597210088645], [-106.64024150377234, 23.50892321972631], [-106.64287855399652, 23.511259827102418], [-106.64372088253427, 23.511752374899476], [-106.64597977526961, 23.514033345396545], [-106.6474828112424, 23.514978924944735], [-106.64841793876678, 23.515842669214436], [-106.64933878960531, 23.51614248126787], [-106.65007996543495, 23.516969982970537], [-106.65184436319133, 23.517827139671727], [-106.65265100005054, 23.51872657614317], [-106.6537507024292, 23.519397947995326], [-106.6572745678839, 23.52236222186901], [-106.65892563908363, 23.523409355125324], [-106.66091010911362, 23.525094013508454], [-106.66208794292675, 23.526464582984282], [-106.66569996447907, 23.528863078898155], [-106.66768129278698, 23.531073407622817], [-106.66865624977981, 23.53146817890306], [-106.66968495033376, 23.532265458923654], [-106.6722000004497, 23.535399998943277], [-106.67709117036392, 23.538889859215477], [-106.67844197813325, 23.539078106023663], [-106.68036220345297, 23.539763390571576], [-106.6819040941738, 23.540648550052072], [-106.68238236471282, 23.541262451018994], [-106.6824680264477, 23.54176213843925], [-106.682289566457, 23.54418204889716], [-106.68263220856183, 23.544824503928908], [-106.6838957034743, 23.545980922305926], [-106.68470947751872, 23.54891717716087], [-106.6856089155006, 23.54969288163482], [-106.68595631578604, 23.550316299996123], [-106.68581354778787, 23.550896888189868], [-106.68543283374356, 23.551344226892752], [-106.68503308503395, 23.551491754416535], [-106.68452591966035, 23.551374709232686], [-106.68402566016381, 23.55212799896548], [-106.68392735438798, 23.55308719080731], [-106.68414078664358, 23.55424241140945], [-106.6855565659091, 23.556728947398543], [-106.68602056077185, 23.558085240015142], [-106.68901868215372, 23.561178539100915], [-106.69004184979094, 23.56191617208775], [-106.6911329359447, 23.56225172851722], [-106.69220000011667, 23.564899999605696], [-106.69499112913462, 23.56901886325547], [-106.69939999977612, 23.573499998991956], [-106.70440000033105, 23.577599999718775], [-106.72915881969915, 23.595157319735364], [-106.75359999975876, 23.60909999899616], [-106.75847444960868, 23.61098994937596], [-106.76153229040757, 23.61190922888008], [-106.76417477984823, 23.613223619713654], [-106.76448535630576, 23.613451541966683], [-106.7659788685931, 23.616059637406455], [-106.76878053993882, 23.62145631960645], [-106.77126568031866, 23.6240168897085], [-106.78120000036286, 23.631199999536207], [-106.78311872003964, 23.631898029196517], [-106.78336370650513, 23.631539061744053], [-106.78419175824588, 23.631467676944443], [-106.78511022989774, 23.63221958600739], [-106.78516257796616, 23.63184363218992], [-106.78550046152913, 23.631634239410978], [-106.78585262162379, 23.631881703450833], [-106.78586689918569, 23.632214828463873], [-106.78521968536614, 23.63250988168233], [-106.78505312329347, 23.632804934480568], [-106.78522920297569, 23.633171371369695], [-106.78583834498158, 23.63325703086671], [-106.78549570280185, 23.633994664751786], [-106.78488180153452, 23.63445627987253], [-106.78501505221925, 23.634917894868835], [-106.78568130109088, 23.635764983563845], [-106.78633478026252, 23.63589128964935], [-106.78717273993463, 23.636462029300663], [-106.78719999977801, 23.637099999597762], [-106.78799004995207, 23.637217859152074], [-106.7887712803437, 23.636978659315613], [-106.78902789029961, 23.637233428880435], [-106.7893253503806, 23.637568688849985], [-106.78921812854462, 23.639352922752572], [-106.79022191294726, 23.64041556435418], [-106.79612522922534, 23.644578089954344], [-106.80266137901796, 23.648268704962486], [-106.8038271198189, 23.648411369403995], [-106.80466527491714, 23.647124213587215], [-106.80646918030494, 23.64800128949006], [-106.80714380119802, 23.648875888186822], [-106.8075729768127, 23.649127718930817], [-106.8075729773148, 23.649479878947623], [-106.80785375251918, 23.649498914900235], [-106.808667528704, 23.650350762216018], [-106.80779664626658, 23.651007493215605], [-106.80784423464657, 23.651454832053098], [-106.80847241304235, 23.651802233146146], [-106.80983346486688, 23.651802233009708], [-106.81092325785959, 23.652739741381108], [-106.81067579437361, 23.653325088549266], [-106.8100328424653, 23.653733378258632], [-106.81139907194452, 23.655282128455344], [-106.8112421648371, 23.655413577729764], [-106.81159999962179, 23.658099999091434], [-106.81040097048914, 23.659087029562954], [-106.80895782277088, 23.65972108006744], [-106.80530297091222, 23.659625901649896], [-106.80420603929745, 23.661665099159382], [-106.80369231431135, 23.664125224497518], [-106.80361744263529, 23.665705840482044], [-106.80390155603018, 23.666046245896165], [-106.8041586878597, 23.666009757191098], [-106.80457747339436, 23.667204246735647], [-106.80439663403823, 23.667584959875853], [-106.80299461962811, 23.668177629413677], [-106.80230145983815, 23.667308569443602], [-106.80221177975297, 23.66629621909737], [-106.80179584555447, 23.66599734732107], [-106.80088290925242, 23.66586518493015], [-106.79874414298914, 23.666098214997024], [-106.79769043015497, 23.666639739632576], [-106.79655185022598, 23.668186579644495], [-106.79563122047276, 23.670022399640157], [-106.79505559973855, 23.67170505922061], [-106.79462196291848, 23.67551394961786], [-106.79483952856079, 23.67583732793694], [-106.79499657427704, 23.68023457153227], [-106.79571041232285, 23.683204139063267], [-106.79949375473703, 23.69019975397813], [-106.80493320292554, 23.698051975365317], [-106.80717465466446, 23.700393365010168], [-106.80844079739978, 23.702133504438198], [-106.81181677418927, 23.704893187197893], [-106.81347070931126, 23.706703695882357], [-106.81982387034611, 23.714798622008807], [-106.83160578834581, 23.72595548346364], [-106.83465362873122, 23.729267048768087], [-106.84118634978705, 23.735471199466907], [-106.84700385045181, 23.74009139945199], [-106.84698085990419, 23.74059862907247], [-106.84640000025826, 23.741199999608327], [-106.84440000035087, 23.742599998929037], [-106.843682139658, 23.746416318941844], [-106.84359737962612, 23.749063339391498], [-106.84324040030879, 23.74963410942486], [-106.84311615007512, 23.750881919693025], [-106.84410451045387, 23.753954228881742], [-106.84478099984047, 23.755267219332023], [-106.84711284852342, 23.75822244447764], [-106.85163774003831, 23.763164509732924], [-106.85845291027974, 23.76990150973053], [-106.86192513994966, 23.77434671891067], [-106.86161240005107, 23.774550879140506], [-106.82188326030708, 23.77946388889719], [-106.81593061996548, 23.77997704897365], [-106.74005639979424, 23.789285449457306], [-106.73794128011416, 23.800631179406523], [-106.74289337020525, 23.802636619517482], [-106.73741932035902, 23.83318134920221], [-106.73170630956496, 23.834417249040623], [-106.73563765001016, 23.853319369514438], [-106.68554325000675, 23.893583228881607], [-106.68402405988331, 23.895383149550383], [-106.67691205007347, 23.906318798929345], [-106.67055080025368, 23.919565969299022], [-106.67191776974595, 23.923803999752565], [-106.69042459964871, 23.949126058859054], [-106.696569090232, 23.95036124886992], [-106.70315397002581, 23.94487536974332], [-106.70417617994845, 23.946003949536852], [-106.70476193964808, 23.947029308911958], [-106.70892459966778, 23.957981379484963], [-106.70942286017056, 23.958561799094294], [-106.71066236961974, 23.95920773893001], [-106.7114098804811, 23.95929581973325], [-106.71398360006849, 23.95895956909347], [-106.71423457044055, 23.960849479036458], [-106.71504004970905, 23.961459689374962], [-106.71524191968199, 23.961975119460757], [-106.71489212045911, 23.964073489360228], [-106.71390007968523, 23.965275909515597], [-106.71303275043236, 23.966031248933643], [-106.71249377008884, 23.966208679399067], [-106.70976667955976, 23.965497689115182], [-106.70957108024321, 23.96510310966187], [-106.70794727996463, 23.963838479664098], [-106.70711257991654, 23.962738148919613], [-106.70719348000128, 23.961657859423596], [-106.70656666015685, 23.96029205905302], [-106.70455496953939, 23.95892384892639], [-106.70478741964496, 23.958256738957104], [-106.70407313971785, 23.957608339649415], [-106.70201341991644, 23.958240139416688], [-106.70074637043957, 23.959157818972194], [-106.69985174026581, 23.959528659690122], [-106.69939826034782, 23.960105948879324], [-106.69937975017599, 23.960651139053045], [-106.69909570977256, 23.96075411887818], [-106.69765821985705, 23.96098217917774], [-106.69609734963052, 23.960753519243525], [-106.6950744000589, 23.95942947934934], [-106.69425526044803, 23.959138998972005], [-106.69332653962752, 23.95982316918335], [-106.69198479985967, 23.960100049700713], [-106.69105751996938, 23.960896509415022], [-106.69064731020896, 23.962842538910476], [-106.69086031951049, 23.965288228894565], [-106.69036941958765, 23.96697245893314], [-106.6898731995077, 23.970081888968025], [-106.69012571986299, 23.971529919520222], [-106.68958797006701, 23.972746939474707], [-106.68994938025526, 23.97386124972396], [-106.68997560024962, 23.975027829626672], [-106.68846307957149, 23.98190416951321], [-106.68839135043415, 23.985619058924705], [-106.6882774600861, 23.986084748851127], [-106.68780095003376, 23.986364059325446], [-106.68762146017778, 23.987773419440956], [-106.68710910953425, 23.989019289687754], [-106.68682874996651, 23.99170579962348], [-106.68610107961297, 23.99295402961907], [-106.6862069098522, 23.99356399971372], [-106.68595617037444, 23.993854349667775], [-106.68594751999865, 23.99487364949445], [-106.68515385031124, 23.99680890944792], [-106.68526577955741, 23.99754381889793], [-106.6840654300902, 23.99867754907861], [-106.68373348985273, 23.999256569566597], [-106.68296596960683, 23.99980839968405], [-106.68198617007073, 24.00183477923961], [-106.68183412008831, 24.003239149480617], [-106.68148145963421, 24.004276349303748], [-106.6820860303033, 24.004740689484173], [-106.68232718028067, 24.00563159940969], [-106.68195397013369, 24.006440939458084], [-106.6813013998461, 24.006868689669705], [-106.6805898898141, 24.009753779556366], [-106.68066176997903, 24.010840519480073], [-106.67990114959828, 24.01268530927525], [-106.6787106004356, 24.014145289285537], [-106.67805896960363, 24.014116168880733], [-106.67730435043326, 24.01465268886275], [-106.67658298032758, 24.01620044963564], [-106.67540126032885, 24.017118679392652], [-106.67537708980421, 24.018551489371937], [-106.678556950285, 24.020910119365542], [-106.67872313997267, 24.021548289333555], [-106.6793811799979, 24.02257951928602], [-106.67995122998799, 24.022911369717757], [-106.68005845962762, 24.023402049227688], [-106.67980977962821, 24.02385874963679], [-106.67969654012128, 24.025221179664864], [-106.67875805016917, 24.02743751934458], [-106.67831554968026, 24.029360479106607], [-106.67791937016668, 24.029879289525564], [-106.67785891963148, 24.030735829438864], [-106.67546535021495, 24.031606309711663], [-106.67269415037367, 24.031076219478088], [-106.67064414015209, 24.031845719301266], [-106.66686822957828, 24.03545879952378], [-106.66597145016368, 24.03605247972012], [-106.6656848899526, 24.036519579384624], [-106.66550455014767, 24.037775749071937], [-106.66370532034412, 24.040780979067822], [-106.66276600031624, 24.04162114916499], [-106.66007723004391, 24.043317079221076], [-106.65693886041923, 24.04426239971055], [-106.65497579953136, 24.04708530942967], [-106.65473846028132, 24.04808142896239], [-106.65467126004108, 24.048894629507185], [-106.65490754031144, 24.049965779284914], [-106.65568130985054, 24.05125390931883], [-106.6576749098418, 24.05288913886676], [-106.65778832002621, 24.053561019365755], [-106.6590116303771, 24.055931279711306], [-106.6592907795587, 24.058092689188207], [-106.65872992032278, 24.058761778852105], [-106.65777823020407, 24.059362619164347], [-106.6562113699586, 24.0594354791774], [-106.65487062023914, 24.060135749076753], [-106.65334985984437, 24.064800939338163], [-106.65367037015704, 24.065421249216506], [-106.65385669006616, 24.0666805390278], [-106.65400908012276, 24.068772259369503], [-106.65377576955824, 24.069583019357896], [-106.65412251030804, 24.070668618885033], [-106.65401982954795, 24.071293079388777], [-106.65586320048179, 24.073206119699623], [-106.65708994988539, 24.077588108924584], [-106.65869491982562, 24.082202288974894], [-106.66031805986296, 24.084139689499352], [-106.66146672048117, 24.08442784902668], [-106.66154941994505, 24.085051229399085], [-106.66261049018479, 24.08576874910399], [-106.6636374499098, 24.086249579443674], [-106.66732275024374, 24.08734945947512], [-106.66779099990723, 24.08806385889505], [-106.66986869026663, 24.089033119607077], [-106.6732909995142, 24.090012219066345], [-106.67429669018148, 24.090072719407036], [-106.67480169026338, 24.09037262917679], [-106.67621763016012, 24.094282949043777], [-106.67666589028708, 24.09666716893401], [-106.67771381975227, 24.09758507932365], [-106.68060228951927, 24.101396919123278], [-106.68055385992417, 24.101880148957534], [-106.67935231029138, 24.104421519451346], [-106.67873186029051, 24.10503685900609], [-106.6778614296416, 24.10712999931801], [-106.6776396495829, 24.108588879432876], [-106.67791597957762, 24.10946562960884], [-106.67781076993198, 24.11131285957977], [-106.67812155040812, 24.112211289494198], [-106.67795736986095, 24.112532629164722], [-106.67810617024801, 24.114503458875642], [-106.67876074961508, 24.116294858995698], [-106.67932851014974, 24.11675564884299], [-106.68009237978937, 24.116993778991457], [-106.6818724596178, 24.11902085945127], [-106.69304540002732, 24.120865229585824], [-106.69571266027566, 24.120427019172755], [-106.69472472030964, 24.123648799065652], [-106.69606389042012, 24.125062309735117], [-106.69555871024598, 24.126854459067367], [-106.6962908796964, 24.12804268923605], [-106.69419779983492, 24.128053448911444], [-106.69355442979855, 24.12662336950245], [-106.6906740300639, 24.126015969456443], [-106.6900359201845, 24.12660722908794], [-106.69185852047347, 24.128485429336784], [-106.69197363041773, 24.129953658918197], [-106.68865106033208, 24.130844349466006], [-106.68780398004323, 24.12949753947171], [-106.6871178499149, 24.129031979114565], [-106.68089866020223, 24.130433969631387], [-106.67897748035527, 24.13056264904294], [-106.67873467949917, 24.130939598926616], [-106.67761740023131, 24.131575548848474], [-106.67650255024252, 24.130812459267844], [-106.67547059959722, 24.130588349190973], [-106.67393970973819, 24.132190289550213], [-106.67533211024201, 24.133908968867807], [-106.67514940049801, 24.134056079326374], [-106.67523944951685, 24.134374058871785], [-106.67272242007995, 24.136036219506188], [-106.67144108003781, 24.135866339645595], [-106.67062869031481, 24.136981379069425], [-106.66987218008074, 24.137172859695962], [-106.66901957007339, 24.13630433950444], [-106.66872760030606, 24.13627717906159], [-106.6681524204331, 24.13837450938354], [-106.66732785002944, 24.138082449211378], [-106.66609574033728, 24.137106599565378], [-106.66544593993868, 24.135823319338506], [-106.66502333968047, 24.135784919195878], [-106.66454545960043, 24.135101939761505], [-106.66399933996176, 24.13489382915392], [-106.66465866016598, 24.136960369312245], [-106.6642966798056, 24.137620889179917], [-106.66345505999966, 24.137823599202967], [-106.6635133498544, 24.13813957972282], [-106.66395812012107, 24.13843596971296], [-106.66459028038129, 24.13846768932944], [-106.66463574005083, 24.13928161969336], [-106.66543886046632, 24.139677949009105], [-106.66578112047584, 24.140595799409777], [-106.66646934038846, 24.141097889728954], [-106.66729915000303, 24.141251449383034], [-106.66829960015305, 24.142444859342724], [-106.66743954049105, 24.14303491915778], [-106.66568749021508, 24.145215889025334], [-106.6651663704579, 24.145504719603267], [-106.6642885703555, 24.145670019057217], [-106.66110599975019, 24.14428904904905], [-106.65650088035035, 24.136753999584755], [-106.65326456988923, 24.13569637908723], [-106.6483226196754, 24.136190399637066], [-106.64634443038535, 24.138015429387856], [-106.64561265972377, 24.140004539193022], [-106.64673805033817, 24.141304148953882], [-106.6525746502735, 24.145393518967666], [-106.65415277039625, 24.148372579183306], [-106.65430408025087, 24.15120364896222], [-106.6529064197636, 24.152851019314742], [-106.65044285972604, 24.153806109246467], [-106.64959173969474, 24.15388042926808], [-106.64811504983892, 24.154426999455428], [-106.64797882050436, 24.15467862953213], [-106.64832205996382, 24.155609739555103], [-106.64757782971502, 24.156466939111997], [-106.64752871001332, 24.15709322886277], [-106.64724225008382, 24.157502859176706], [-106.64415378009426, 24.159753509438296], [-106.64345648995615, 24.159974979621254], [-106.64261414972935, 24.159690319082273], [-106.63784587986328, 24.156004019003344], [-106.63498553990767, 24.155443349350936], [-106.63438774993921, 24.156020419029833], [-106.63421462027091, 24.156906079695577], [-106.6332104501728, 24.157911259009474], [-106.63271558022441, 24.159154599305115], [-106.63201454024875, 24.16017245918618], [-106.63271799987719, 24.161505659409503], [-106.63315005030076, 24.161726289310923], [-106.63486054962752, 24.164199968899045], [-106.6355568196612, 24.166329749313956], [-106.63514977997124, 24.168169229091127], [-106.63446568978043, 24.168531749702666], [-106.63330391961439, 24.168563938854252], [-106.63150456958175, 24.169234369509066], [-106.63022393977728, 24.1700663091669], [-106.6294580000519, 24.170896769468445], [-106.62923235013362, 24.17153670924011], [-106.63068734022752, 24.175143618917666], [-106.63075297971514, 24.175988598876266], [-106.63002495014453, 24.176715659686973], [-106.62903634005201, 24.177250979533845], [-106.62752895041271, 24.177571568963224], [-106.62583194023034, 24.177326169680768], [-106.62490486026763, 24.178236089002674], [-106.62378709009505, 24.178928939336394], [-106.62156650993407, 24.182077849445104], [-106.62058930960491, 24.184795629499042], [-106.62052077035231, 24.18591237917325], [-106.62140271008673, 24.188285798898885], [-106.62091704983479, 24.190506399747125], [-106.62112715001844, 24.19142456948926], [-106.62084705997276, 24.192231949400348], [-106.62029990979221, 24.1926480290867], [-106.6202917700619, 24.192926379273153], [-106.6195326797274, 24.193612429055918], [-106.61865538014686, 24.193559449252927], [-106.61842520050011, 24.19420357952591], [-106.61896736958322, 24.19527068958984], [-106.61904070977275, 24.197267029532142], [-106.61928677003111, 24.197568288990936], [-106.62055537041586, 24.198064909673914], [-106.62085117037346, 24.198372139090868], [-106.62099322989381, 24.19945390957369], [-106.62065333967577, 24.199929649528986], [-106.61778533991216, 24.200561489105375], [-106.616804430042, 24.201115229383714], [-106.61234738020636, 24.2019803497246], [-106.61086368021897, 24.203076999631794], [-106.60889384961723, 24.203504279120477], [-106.6075625795414, 24.20426822915045], [-106.60674814048818, 24.20441641921121], [-106.60579345973503, 24.205150399211995], [-106.60482392028304, 24.206955938836323], [-106.60477553961476, 24.20798282954903], [-106.6058853804877, 24.21118317925633], [-106.6067501501137, 24.211489679185423], [-106.60777832036636, 24.211095569528773], [-106.60901121958524, 24.211299998935445], [-106.60975385026222, 24.211675399313386], [-106.61061349046885, 24.21278845930442], [-106.61066306049881, 24.21355954936684], [-106.61038295002659, 24.21475737910363], [-106.6075804899836, 24.214899719535094], [-106.60647654965602, 24.21573044898839], [-106.60378330988432, 24.218510199139537], [-106.60290613952787, 24.22035234966563], [-106.60303931033101, 24.22094770972909], [-106.60357318004334, 24.221375479315384], [-106.60489111016057, 24.221465649736473], [-106.60642508029856, 24.2203816593043], [-106.6072102004775, 24.22021554906461], [-106.60915474953897, 24.220307739481793], [-106.6103682195549, 24.220948679011986], [-106.61128397999518, 24.22092865937571], [-106.61152802041173, 24.221602709290053], [-106.61086534013666, 24.2233104891486], [-106.61095983018673, 24.224955199725912], [-106.61119437963166, 24.225333509251982], [-106.61248789009917, 24.226167739605756], [-106.61327158047055, 24.227145488833912], [-106.61342317974541, 24.227858179016238], [-106.61310982029653, 24.228544309659], [-106.6126857804186, 24.228604419367223], [-106.61196978046723, 24.228227279170962], [-106.61169817012404, 24.2284707691522], [-106.61191415046581, 24.22997499947704], [-106.61145528036198, 24.230624739375457], [-106.61039096962429, 24.23068904903369], [-106.60998994966715, 24.231385579294756], [-106.60998437981745, 24.232848429310057], [-106.60965058023923, 24.233142429448844], [-106.60860021950525, 24.233329449186048], [-106.60677891995553, 24.234227749497286], [-106.60571947995717, 24.234433569449152], [-106.6053556496137, 24.234897769076674], [-106.60620947958529, 24.23720882908511], [-106.60586058042757, 24.23770574916609], [-106.60485530955233, 24.23811285925344], [-106.6042488297972, 24.238147058955704], [-106.6033964895236, 24.237933619535113], [-106.60287444988514, 24.2374386289343], [-106.60196284984676, 24.237337019604464], [-106.60094077984955, 24.236893939625794], [-106.5994092202697, 24.237547139147946], [-106.5982717204468, 24.237377029123117], [-106.59762448963, 24.23657748920386], [-106.59656049009865, 24.23642184909168], [-106.59576713978704, 24.2360687090225], [-106.59525273977168, 24.23618530906441], [-106.59473244982496, 24.235829309468055], [-106.593304710431, 24.23570524911353], [-106.59175802995578, 24.234015349393147], [-106.5907178302765, 24.233331109677145], [-106.5892066004107, 24.232784709040896], [-106.58626002003747, 24.232582878904477], [-106.58502601990973, 24.231916858976135], [-106.58319910981685, 24.231407578883527], [-106.58050369022585, 24.22976225955808], [-106.57625665021347, 24.22995462968941], [-106.57497979958028, 24.22973571947564], [-106.57197991049382, 24.228706369378745], [-106.57059437997717, 24.2268293196464], [-106.56886766024755, 24.225559089650798], [-106.56742969050389, 24.225069509657807], [-106.56625470999695, 24.224957979613652], [-106.56170182983858, 24.226397339455463], [-106.56118897019495, 24.2263778790366], [-106.56089025979719, 24.226220248971615], [-106.56028693997774, 24.224310369194423], [-106.55998612036761, 24.223979679297457], [-106.55946848006799, 24.224036228913278], [-106.55774565959275, 24.225561198884133], [-106.55640631971495, 24.226353679010042], [-106.55551955013286, 24.226647059002286], [-106.5519972300154, 24.226977999348907], [-106.55141271991874, 24.22661310946984], [-106.55114478039526, 24.224539059166492], [-106.55127157009807, 24.223870228859703], [-106.55006560034535, 24.223425139413933], [-106.54878694976303, 24.22254808942434], [-106.54834047952772, 24.222782028946686], [-106.54841622982704, 24.223536079313373], [-106.54902080033267, 24.224560679354614], [-106.54898526019946, 24.22496897893881], [-106.54804048041231, 24.225393739731025], [-106.54707426048104, 24.225346918999282], [-106.54667299974382, 24.225092939019202], [-106.54633424957505, 24.224390219300517], [-106.5460990202336, 24.224443679215433], [-106.54569877047645, 24.2253856188299], [-106.54441888027985, 24.225522219405022], [-106.54336637037385, 24.225071859666873], [-106.54284801971276, 24.22459501892788], [-106.54277491959462, 24.224125999434463], [-106.54226471002004, 24.223882259734225], [-106.54052470995295, 24.22394865915777], [-106.5391473495114, 24.22475025902075], [-106.538237709641, 24.224814219077018], [-106.53676348969589, 24.223899619710824], [-106.5363217203343, 24.223739259094216], [-106.53575091017301, 24.223842419168843], [-106.53518109041643, 24.224185309252153], [-106.53515325019762, 24.22449074884646], [-106.53567089008156, 24.225862849424455], [-106.53527845000824, 24.226168629027047], [-106.53426406005508, 24.226188719589132], [-106.53387658039698, 24.226847049498424], [-106.5328189997472, 24.227057618929468], [-106.5320113503646, 24.228115178912933], [-106.53108576954595, 24.22788522962417], [-106.5300629801897, 24.22692411906661], [-106.52876264978724, 24.22707021914773], [-106.52817354038386, 24.226882979490007], [-106.52690213951684, 24.22566125900325], [-106.52630776963431, 24.224664519472068], [-106.52654022954194, 24.223796859752035], [-106.52600932045165, 24.223500169272505], [-106.52534610953327, 24.22372425975791], [-106.52461137029039, 24.22516759931375], [-106.52445742038981, 24.22561019945649], [-106.52483931024277, 24.226848999125156], [-106.52438547970077, 24.22717051946929], [-106.52373864972786, 24.22724064936808], [-106.52123631005351, 24.226601799743225], [-106.51994273972194, 24.225238149398994], [-106.51864070962453, 24.225235339475578], [-106.5174285203438, 24.224784659463225], [-106.51635668995226, 24.225138108879566], [-106.51470610992504, 24.228257199518097], [-106.51402191045595, 24.22826165908975], [-106.51358463010135, 24.22800414965194], [-106.51355517032006, 24.22603391884986], [-106.51303799996687, 24.225362219702394], [-106.51179531003092, 24.22465507972547], [-106.51131154993625, 24.224105999558173], [-106.51083816984226, 24.22384702956882], [-106.51044261989537, 24.22394174949484], [-106.50985317008617, 24.225152369594486], [-106.50958860002534, 24.226588829044655], [-106.50901385043967, 24.227075659576304], [-106.50814950983369, 24.22725391914425], [-106.50766394048694, 24.228035339272683], [-106.50764555042994, 24.228818649601468], [-106.50741977023351, 24.229241059580193], [-106.50708796998916, 24.22933616923018], [-106.50530508021141, 24.228907659210776], [-106.50402551017189, 24.229364939503643], [-106.50395411030999, 24.230087799258076], [-106.50551896997592, 24.230595318884834], [-106.50589593955593, 24.231157119153107], [-106.50579198040809, 24.23168756944464], [-106.50508931969708, 24.232840399730865], [-106.50459745016994, 24.23295550930759], [-106.50154711044065, 24.23238451884772], [-106.5011885800129, 24.2330580494489], [-106.50068565042051, 24.23346145883581], [-106.50012302005055, 24.23365571902981], [-106.4992976200796, 24.233475969495984], [-106.4990363795722, 24.233801109646247], [-106.49894552041569, 24.234734369056742], [-106.49850757959616, 24.2349056294971], [-106.49683302006746, 24.2346072589396], [-106.49639790981861, 24.23488204933115], [-106.49605947963884, 24.235664709688155], [-106.49570438049763, 24.235815339314293], [-106.49513224990365, 24.23567030965692], [-106.4944416295243, 24.23509377938083], [-106.49373375015918, 24.235706479437415], [-106.49378954038961, 24.237016289658378], [-106.49261785031537, 24.237959938843105], [-106.49145089046324, 24.238391618979925], [-106.49082329017112, 24.238509168945498], [-106.48933040012395, 24.237710229303097], [-106.48765042047778, 24.237549909701876], [-106.48746444978468, 24.237798949515156], [-106.48753690985312, 24.23823091887218], [-106.48807386044305, 24.23849827959691], [-106.48832772019479, 24.23903396952769], [-106.4881850604638, 24.23908070923431], [-106.48773305979637, 24.23899887887003], [-106.48694668979367, 24.238343398983016], [-106.48618052003613, 24.238087049555276], [-106.48548652032704, 24.238236249113843], [-106.48520504959984, 24.23997907942139], [-106.46312362963413, 24.238044219472226], [-106.46377457970901, 24.268519969553704], [-106.46286395004022, 24.2697054296961], [-106.50830289020027, 24.290872139167874], [-106.46965466044637, 24.277856949268198], [-106.46579317963827, 24.278872709688365], [-106.45772311045722, 24.28057447940017], [-106.42947009046846, 24.285074309701653], [-106.40313004978556, 24.29309531974542], [-106.38325573989893, 24.297930059012547], [-106.37453558010696, 24.299817579506012], [-106.36754466021677, 24.301940799010158], [-106.36301326031932, 24.304172509599486], [-106.35919765971799, 24.307469888980073], [-106.35262369032486, 24.316468149571904], [-106.351584429715, 24.32377814946201], [-106.34614527966227, 24.34493397922983], [-106.34410077027896, 24.348805649321882], [-106.33632981959494, 24.355695319454846], [-106.3278482599907, 24.36106299910681], [-106.2688694196907, 24.374755289089336], [-106.19440566003557, 24.351785109405835]]]}}, {"type": "Feature", "properties": {"CVEGEO": "25017", "CVE_ENT": "25", "NOMGEO": "Sinaloa", "CVE_MUN": "017", "NOMMUN": "Sinaloa", "cov_": 1908, "cov_id": 1909}, "geometry": {"type": "Polygon", "coordinates": [[[-107.99937005955027, 26.448448289024018], [-108.01279702016767, 26.439048059675], [-108.00058629047518, 26.422162149621197], [-107.97302545040185, 26.3925269790202], [-107.97261605965836, 26.391233488813008], [-107.97322546018353, 26.389616219261992], [-107.97411783023799, 26.388634309618002], [-107.87331991028233, 26.250334368837773], [-107.85626456998423, 26.226035119222573], [-107.85401851017042, 26.196519379148093], [-107.84150390999773, 26.18491147883552], [-107.84090920032958, 26.183554018803434], [-107.83994963038913, 26.18293817905866], [-107.8380809204474, 26.182416978822808], [-107.83712835021637, 26.182462578854924], [-107.82736625024526, 26.184314149264022], [-107.82655714039832, 26.18477379939403], [-107.8260645999383, 26.184753879702154], [-107.82463744993144, 26.18407201966351], [-107.82401507970748, 26.184113779631687], [-107.82383117954063, 26.184649829586313], [-107.82381694990258, 26.186779969291976], [-107.82275476963258, 26.187629088952946], [-107.82232138005378, 26.187341848871146], [-107.82133474021524, 26.18588210935609], [-107.8201897403449, 26.18516162937718], [-107.81897433997274, 26.183736049593172], [-107.81824577022158, 26.18345448946855], [-107.81603093956157, 26.182758369369648], [-107.81524259994269, 26.182714649479767], [-107.81348531022962, 26.183311029696508], [-107.81027677002128, 26.183681429312053], [-107.80854953978992, 26.181169139029542], [-107.80837902033561, 26.18000334918754], [-107.80759628007283, 26.17966787969249], [-107.80746924957087, 26.17868968935214], [-107.80720147975741, 26.178321349614517], [-107.80641498000863, 26.17791641923323], [-107.80537206033847, 26.176535848897405], [-107.80453597955646, 26.17480193953586], [-107.8029048498255, 26.17464208961864], [-107.80228557998399, 26.174312619256238], [-107.80198034001062, 26.174470509373723], [-107.8008056599495, 26.173986418944953], [-107.79884307990301, 26.173757059444778], [-107.79625360044716, 26.17266333932103], [-107.79490295046205, 26.171630309148455], [-107.79499544974617, 26.170936629132807], [-107.79482958033596, 26.170496218830223], [-107.79356814008399, 26.168629448844026], [-107.79301797036904, 26.168359949555175], [-107.79262812041411, 26.168297479091176], [-107.79081703020375, 26.16874050908125], [-107.78939041959089, 26.168812858988804], [-107.78892391044334, 26.168613779243376], [-107.78890001989134, 26.16761024957847], [-107.78815685011556, 26.165756739657986], [-107.78832245000515, 26.165099749340257], [-107.78069046021986, 26.136937579585037], [-107.75517215011887, 26.134512448886333], [-107.75471626018788, 26.13552324938137], [-107.74940388992279, 26.140610399338637], [-107.74792017022847, 26.143494249004306], [-107.74774464951048, 26.14509541946952], [-107.7484902802784, 26.146720448881982], [-107.74866442950075, 26.148271199171027], [-107.74798869026377, 26.152822219187474], [-107.74759715003101, 26.153793169370736], [-107.74601209030988, 26.155289139158306], [-107.7451951500928, 26.1556488790689], [-107.73955983002041, 26.155888679180144], [-107.73820702005887, 26.15644410919228], [-107.73787311050059, 26.156947119387993], [-107.73772083013426, 26.15748739900634], [-107.73801214046063, 26.158724019673244], [-107.73942351999388, 26.16084797905801], [-107.74007456979356, 26.1622894793171], [-107.7401329494953, 26.163438889121394], [-107.73978814027897, 26.165381709584057], [-107.73920107965048, 26.166722218963233], [-107.73871602952336, 26.167239689250696], [-107.73820761989187, 26.167577459341096], [-107.73621685039626, 26.1682158896617], [-107.73523292046423, 26.16808462922408], [-107.73373251010663, 26.16749522940278], [-107.73183083034371, 26.16606094887104], [-107.7288743700062, 26.16439479890862], [-107.7264527699547, 26.163438199076143], [-107.72488901981268, 26.163171459078235], [-107.72397262028903, 26.163284738983215], [-107.72185006004523, 26.164072109561864], [-107.71743153990322, 26.16474157907103], [-107.71577845971528, 26.165546939099794], [-107.71460011999952, 26.167305509644077], [-107.71363659953718, 26.170676889651773], [-107.71352394043572, 26.172455618847597], [-107.71325538024058, 26.1730521192814], [-107.71208988003312, 26.174104119424573], [-107.7110755103569, 26.174413059126838], [-107.7092477500217, 26.17418728884037], [-107.70825894980179, 26.17367539934855], [-107.7074928503197, 26.172624148840335], [-107.70703084998776, 26.17105947916088], [-107.706597819992, 26.17038305900904], [-107.70613882006299, 26.17006767885986], [-107.70515806037639, 26.17004876949449], [-107.70166115043139, 26.171010548846944], [-107.70003400045043, 26.170981289608626], [-107.69919352016, 26.170736508982024], [-107.69780030991919, 26.16962467969487], [-107.6973783402949, 26.169009579536105], [-107.69661694999131, 26.1674026895399], [-107.69631928026791, 26.165473649000404], [-107.69456885976186, 26.16522325880994], [-107.69158454965306, 26.1657782295811], [-107.69037226023413, 26.16521857880705], [-107.6886588900631, 26.16509182919227], [-107.6872646197162, 26.165391889243978], [-107.68528190999383, 26.16416547905739], [-107.68295946006403, 26.163324539158577], [-107.68268771969632, 26.16353901899141], [-107.68206435033645, 26.163519849016183], [-107.68084841970744, 26.16285717965397], [-107.68052663007794, 26.163008909387795], [-107.68027864971897, 26.164089629298246], [-107.6794116895171, 26.164395109185996], [-107.67680858030187, 26.163531489240516], [-107.67511982006472, 26.163779419559667], [-107.67398710961022, 26.164262219126712], [-107.67057531034642, 26.16455753881257], [-107.66895430959454, 26.164511999393344], [-107.66728761992364, 26.16389108904693], [-107.66372548023719, 26.163986949133157], [-107.65971641978791, 26.162649769104434], [-107.65625400012868, 26.163192139548364], [-107.65536748992572, 26.163898949467068], [-107.65508938034178, 26.16393136908323], [-107.6538649497826, 26.16312693892578], [-107.65346737024602, 26.16312394966763], [-107.65304146028552, 26.163658058908595], [-107.652764290041, 26.16364096924099], [-107.65195125012825, 26.162928648876495], [-107.64993403050056, 26.16170596940056], [-107.64838865992179, 26.16030136881275], [-107.6478631801246, 26.15998701910016], [-107.6468228199547, 26.159879738878423], [-107.64653974996261, 26.158768349283427], [-107.6460820199736, 26.158288979028647], [-107.64503187967749, 26.158103379547807], [-107.6439961203483, 26.157463858858787], [-107.6437365399598, 26.157623378994707], [-107.6432332599003, 26.157434919151036], [-107.64279665979394, 26.15763957957826], [-107.6422672503134, 26.157559338813012], [-107.64134298047084, 26.156168339176862], [-107.64069704975512, 26.155663019606994], [-107.63708162960133, 26.15513002901757], [-107.6366244797754, 26.155405179711785], [-107.63624962020953, 26.155307028950585], [-107.63604501976008, 26.15468990935109], [-107.6357495702465, 26.15457804921404], [-107.63423267980652, 26.15523414944602], [-107.63354713997731, 26.155954749437722], [-107.63288523006942, 26.156201819494225], [-107.63234511967492, 26.157163849106702], [-107.63198134024404, 26.157352058853775], [-107.63012271044292, 26.15769124937153], [-107.62958631997257, 26.158070748961634], [-107.62903398003786, 26.157977149418727], [-107.62829881951407, 26.1581892589801], [-107.62752786032529, 26.1590115488845], [-107.6265848797416, 26.159461249098168], [-107.625235859603, 26.15949939895455], [-107.62514946031777, 26.15999821896606], [-107.62429970987633, 26.16107342945883], [-107.62262347977261, 26.160758248871666], [-107.62105981965956, 26.162108179186895], [-107.62076996957983, 26.162645689378632], [-107.61954595004494, 26.16254973967913], [-107.6187782901283, 26.162765339654914], [-107.61728397985657, 26.162317599656745], [-107.6172108004843, 26.16248022952851], [-107.61684926015735, 26.16234656885105], [-107.61590576967323, 26.16280981963858], [-107.61313657991877, 26.162587138905568], [-107.61002025007495, 26.16361937906456], [-107.6096154800232, 26.163947118989892], [-107.60841434038771, 26.16422630944413], [-107.60717457043062, 26.165135509195686], [-107.60538861993508, 26.164529889540347], [-107.60436793965103, 26.16485914884749], [-107.60388348955215, 26.165481199318638], [-107.60335249036021, 26.165632488985995], [-107.60272896986513, 26.1654873995411], [-107.60237126012817, 26.16504444957877], [-107.60181586008171, 26.164906769197465], [-107.6006325699473, 26.16513250936467], [-107.6005252198774, 26.16547751948548], [-107.59746184977662, 26.16533513918824], [-107.5964996502348, 26.16575991963256], [-107.59568628014331, 26.165881919068255], [-107.59437270983987, 26.166525229102444], [-107.59347405986335, 26.166014579557917], [-107.59318321968539, 26.166042799169976], [-107.5926361502328, 26.167302719217563], [-107.59164561953433, 26.167798629126906], [-107.59135694007107, 26.168615659087294], [-107.5897633199551, 26.169801829372812], [-107.58879928981148, 26.1698750190279], [-107.58701470977944, 26.16950864964787], [-107.58624038034547, 26.169749248992883], [-107.58566500009313, 26.169652519590155], [-107.58450618046874, 26.17003216910888], [-107.5835717398554, 26.170616849272285], [-107.58229608028725, 26.170653198921833], [-107.5814016799345, 26.17050122930823], [-107.5810886901334, 26.170237049523383], [-107.58077979960656, 26.16825707927927], [-107.57969546044959, 26.16720004967493], [-107.5794118204175, 26.165735949381368], [-107.57840045033687, 26.16573262883708], [-107.57775142993354, 26.16517013962331], [-107.57752879963545, 26.164695709312458], [-107.5772615404602, 26.16460479882235], [-107.57493657953397, 26.16502916965156], [-107.57459029029425, 26.164963598861537], [-107.5734837097963, 26.16409827888556], [-107.57240682969854, 26.163968918899997], [-107.57028402049988, 26.163342119135113], [-107.5684848201578, 26.164275119547167], [-107.56716793962602, 26.16470530899673], [-107.56538925986776, 26.1646413388734], [-107.56493482963116, 26.1644819793309], [-107.56206928017143, 26.162021219618257], [-107.56077929032213, 26.161254738795627], [-107.55936720025927, 26.16096888948555], [-107.55567734034732, 26.159623059555194], [-107.55540633976436, 26.157299519609776], [-107.55417320023831, 26.154511108933338], [-107.55395716991022, 26.1517502495444], [-107.55185580048142, 26.149924258954243], [-107.54794420020575, 26.14744110949741], [-107.54662285005425, 26.147635629299135], [-107.54478955031769, 26.1472967796432], [-107.54327740005962, 26.14634893935393], [-107.54020965024758, 26.142352678935694], [-107.53999657034633, 26.14080436895406], [-107.54178300018056, 26.138941549156964], [-107.54384425998965, 26.137623489442337], [-107.54368018008304, 26.13731956944566], [-107.5419303495435, 26.136854879396548], [-107.5412788299515, 26.137213279585435], [-107.53894528050485, 26.137700479455383], [-107.5373877697524, 26.137661858981463], [-107.53714623010579, 26.137500909419103], [-107.5367366004293, 26.135833029005386], [-107.5358710598114, 26.133915488978584], [-107.53569533966406, 26.132563998975424], [-107.53486662956692, 26.13166033949002], [-107.53459465017613, 26.130938279598734], [-107.53311262960578, 26.130997379436614], [-107.53241818001894, 26.129731109565828], [-107.53101775043883, 26.12921597958118], [-107.53003297019823, 26.129151769685098], [-107.52953151045232, 26.129384539395517], [-107.52880920035793, 26.129030798884518], [-107.52861567966697, 26.12919684909196], [-107.52626705005508, 26.127747649068507], [-107.52597337987552, 26.126265219061857], [-107.52652073977633, 26.12592290906629], [-107.5267772201191, 26.125497119458124], [-107.52685938050611, 26.1249365495253], [-107.52652317033456, 26.12369934951305], [-107.52681758023128, 26.122456578899598], [-107.52811256999031, 26.121380689083484], [-107.52496594975759, 26.115677849621267], [-107.5242134796818, 26.113174179042993], [-107.52348926004137, 26.11210427958907], [-107.52255062962676, 26.11204881939229], [-107.52212946009733, 26.11182044884506], [-107.5218480004531, 26.109426769274194], [-107.52214331048168, 26.108552109151677], [-107.52376676980823, 26.10767961959355], [-107.5239402202122, 26.10723011961618], [-107.52001998025996, 26.10422716908632], [-107.52192756994654, 26.091445079690367], [-107.52534399974381, 26.08655142948255], [-107.52843241978363, 26.085349749488287], [-107.52808312045089, 26.08112108895812], [-107.52403602022977, 26.07873490958226], [-107.51785577954742, 26.07854564924661], [-107.5137880198574, 26.0794544192105], [-107.51276145988953, 26.079336399364525], [-107.51196878009793, 26.0788881096459], [-107.51166763033686, 26.077479859634202], [-107.51378949045767, 26.073683478804785], [-107.51942462029362, 26.06820310950013], [-107.52108377036082, 26.068558598916212], [-107.5214811796603, 26.068211458913588], [-107.5217186197285, 26.067564678847415], [-107.52206346043211, 26.0673696491441], [-107.52267803002701, 26.0673840894098], [-107.5246592197676, 26.067979479113575], [-107.52727635010808, 26.067077348840005], [-107.52821533999182, 26.066299799438063], [-107.52996997980232, 26.064239419229665], [-107.53051119963486, 26.06326587926922], [-107.53112171030456, 26.06289996950639], [-107.53231484963051, 26.063487919311346], [-107.5329847998572, 26.063273199118516], [-107.53503558016537, 26.06191793895369], [-107.53544797978581, 26.060185519375352], [-107.53589094965632, 26.059873288925356], [-107.53673165959965, 26.059757049022195], [-107.54257920005344, 26.057218599083445], [-107.54232706025479, 26.055954539373634], [-107.542990449818, 26.05445231903331], [-107.5437070802581, 26.054004828943004], [-107.54331117009048, 26.052789649696813], [-107.54349989007149, 26.052391969183496], [-107.5439156804286, 26.052066619442844], [-107.54504120037467, 26.051826218974178], [-107.54520622019226, 26.050836339654058], [-107.54678928021973, 26.04928110966731], [-107.54686500036844, 26.048780449573947], [-107.54610903022032, 26.048098178826038], [-107.54586398021328, 26.047567878947355], [-107.54570627977837, 26.046690339432118], [-107.54613080011842, 26.04616304957561], [-107.53874764997849, 26.048937688943205], [-107.53670631978578, 26.04764911912452], [-107.53568460036585, 26.04125457947409], [-107.52822303003519, 26.041993229283808], [-107.52407397973336, 26.039018569311672], [-107.51844234020334, 26.041554059404433], [-107.51559802033425, 26.040041819118258], [-107.51553282022034, 26.037442889636914], [-107.51743816985051, 26.030374969533955], [-107.510177539822, 26.025377489622194], [-107.50655922998286, 26.019525179582264], [-107.49737085007013, 26.017966708833118], [-107.49556877022935, 26.014850719505883], [-107.49560070964922, 26.0097409794848], [-107.49130402965841, 26.00503513931097], [-107.48994025041952, 25.9997536893887], [-107.5094062004372, 25.97979234897409], [-107.5338438295535, 25.981292138960875], [-107.60414678046637, 25.942954629266417], [-107.59687585959408, 25.889966859369213], [-107.60451205955998, 25.840279769008365], [-107.6465247103196, 25.81229568965035], [-107.69238772046465, 25.797293649040114], [-107.69498833952943, 25.79598436934339], [-107.69895726036364, 25.795154969306143], [-107.68802874034671, 25.789577059113245], [-107.68675556982856, 25.787532579104685], [-107.68569815042551, 25.78639648946523], [-107.683161629725, 25.784509309430597], [-107.67872732015618, 25.78355581966237], [-107.67727644955683, 25.782575719347573], [-107.67728012019342, 25.78182879921858], [-107.68615505965647, 25.774726019719562], [-107.68940557028294, 25.773497459473184], [-107.69621494966691, 25.77435542950347], [-107.69875263041443, 25.77321730967312], [-107.70388716999581, 25.77347024939666], [-107.70604985966904, 25.77264705884387], [-107.7076647701491, 25.773089659484828], [-107.70943537988846, 25.772201969245113], [-107.71312289030439, 25.77246317969739], [-107.71597665953269, 25.77042484919741], [-107.71688180011867, 25.767310478895148], [-107.71791343000254, 25.76522488939448], [-107.71853811963106, 25.761779519432306], [-107.72016102983746, 25.75945762952688], [-107.72190206001335, 25.75865105965873], [-107.72283780042895, 25.75931227948336], [-107.72760825951343, 25.759345459216195], [-107.73131349011915, 25.760500249415372], [-107.73166883024084, 25.760994479460823], [-107.73164041993596, 25.75581417895668], [-107.74136525969838, 25.75394871893669], [-107.75343061976024, 25.750752249311056], [-107.75352472007928, 25.75086317942583], [-107.7562036902782, 25.750227319406125], [-107.75727767985842, 25.751006849282916], [-107.75868223008803, 25.75325845954411], [-107.76448092021214, 25.7517045993427], [-107.76684037979607, 25.753084429111016], [-107.76902694026359, 25.753454719061722], [-107.7710031698999, 25.752986449613665], [-107.77196535017767, 25.75241361894058], [-107.77371373958125, 25.75014099955343], [-107.77410768994123, 25.75015224930368], [-107.7765242499883, 25.752487429023383], [-107.77864502041969, 25.755004709028658], [-107.78210954968165, 25.756063519712466], [-107.78338334952623, 25.757370419483106], [-107.78470857024448, 25.757326318844232], [-107.78562482013147, 25.756919429001897], [-107.78663627994617, 25.756750059489345], [-107.78913734014846, 25.75913965890655], [-107.78999491012539, 25.75947945913498], [-107.79096845028633, 25.75946077948863], [-107.79184333975829, 25.758768999448105], [-107.79217843035124, 25.757150049545455], [-107.79262359979681, 25.756691509143284], [-107.7943997502029, 25.756678479624863], [-107.7924968595972, 25.754158859195094], [-107.79293660017206, 25.75323582898551], [-107.79536480006718, 25.75188979921749], [-107.79596235006774, 25.75099782930243], [-107.79768683009478, 25.749395919447934], [-107.80139385982041, 25.748854619242735], [-107.80159717992835, 25.74602602958081], [-107.79832407987902, 25.740117429016387], [-107.79865445038627, 25.739798719105703], [-107.79850668036073, 25.739469169430112], [-107.79809639988335, 25.7393845393134], [-107.79752505991671, 25.739618569045508], [-107.79730567949679, 25.739465089071796], [-107.79712082974591, 25.737010109628454], [-107.7977856898512, 25.736661659532878], [-107.79591822031384, 25.733595228876116], [-107.79570008998233, 25.732589179551884], [-107.79597526031803, 25.732246219645894], [-107.79578582981765, 25.731855478933078], [-107.79512318001662, 25.731368199301873], [-107.79531997045602, 25.73018056911784], [-107.79717633968761, 25.73049073963192], [-107.79874429030575, 25.728863888958227], [-107.79867632007526, 25.728271648954223], [-107.7989550302931, 25.727256579659304], [-107.79925675035155, 25.727029679088684], [-107.79928785967084, 25.726226279677544], [-107.82130804965836, 25.734983859072315], [-107.82324606040962, 25.73602347897219], [-107.82581163032279, 25.736812139157678], [-107.82689162041895, 25.735885369138245], [-107.82921098009771, 25.73522021917247], [-107.83132175013408, 25.73541197881724], [-107.8328773496758, 25.735922569392216], [-107.835340949553, 25.735596449663042], [-107.8365679998553, 25.733599659051933], [-107.8364854600026, 25.733158848990964], [-107.83825074971631, 25.73186570895711], [-107.8382945397735, 25.730540919635352], [-107.8389246499404, 25.72983582926898], [-107.83904271958427, 25.72681239944835], [-107.83837293960907, 25.725188879656542], [-107.83769723023582, 25.72453708940859], [-107.83777359955552, 25.72296676911954], [-107.83922425036091, 25.722112709340117], [-107.83978988967623, 25.722294579330836], [-107.84006640028561, 25.72216504889326], [-107.8403806299821, 25.720993769519712], [-107.84085430983527, 25.720384909340932], [-107.84135041972421, 25.72069907935708], [-107.84235148982272, 25.72028371968473], [-107.84261990966816, 25.719499949409613], [-107.8434577996803, 25.718628169599505], [-107.84415735005197, 25.718812659186177], [-107.84476093993358, 25.718400939348502], [-107.8575467497521, 25.714366878821284], [-107.85368827980255, 25.699093049476442], [-107.8560263197645, 25.69947208970787], [-107.86414042020874, 25.6995797190813], [-107.86610617967847, 25.688697369039264], [-107.88454485006477, 25.68668188910481], [-107.89961915030796, 25.679126949525365], [-107.91465505977861, 25.66711254894624], [-107.95383939960695, 25.691699379194862], [-107.95783866023807, 25.68923922966503], [-107.95747722986565, 25.682661619460937], [-107.95621007998197, 25.67853930895001], [-107.95342709017261, 25.67359314932732], [-107.95001696981119, 25.66593628967196], [-107.95710983025653, 25.66140805915648], [-107.95622196967946, 25.660049619209925], [-107.95627713965382, 25.659848859698474], [-107.95851922047247, 25.658914089076195], [-107.95847023022178, 25.65871554886718], [-107.95905028970907, 25.658597749554428], [-107.95878838024906, 25.65801807934553], [-107.96140014009295, 25.657453818931856], [-107.96261381975918, 25.6539792889866], [-107.96679062043175, 25.653950578906393], [-107.96830979994242, 25.653010649387312], [-107.96880391012873, 25.65218139937468], [-107.97211564964303, 25.651342449249828], [-107.97546337954095, 25.650831119695354], [-107.97663596957312, 25.65041679931548], [-107.98059877020171, 25.6502879395632], [-107.98271261988738, 25.649690829244502], [-107.98437857034425, 25.649503029011864], [-107.98439743030016, 25.647810909091426], [-107.9886495399636, 25.650414258935935], [-107.98939624964171, 25.65076214939136], [-107.98969468035979, 25.65057988888429], [-107.99082465049321, 25.651152749102252], [-107.9944553104525, 25.639320049239174], [-108.00379090951877, 25.639305508870798], [-108.01718298027833, 25.648781308806804], [-108.02715825025444, 25.65057830915668], [-108.02798564952032, 25.647867228944108], [-108.02863457963444, 25.64653564938816], [-108.02883717991267, 25.64573859897279], [-108.02867548019775, 25.645441749438383], [-108.0312064203906, 25.642571309690595], [-108.03402112000741, 25.640269689129042], [-108.03443647987334, 25.63924828942978], [-108.03683791969918, 25.63160871934231], [-108.03633475046712, 25.629929179175534], [-108.0367720194878, 25.62523230887018], [-108.03741390984194, 25.62263548957116], [-108.03924689007454, 25.618677459081802], [-108.04469374040532, 25.611452739566023], [-108.04488814022584, 25.61148642936601], [-108.04675781991834, 25.60906797898032], [-108.0476774203014, 25.602246149101617], [-108.0468017704254, 25.6014166488068], [-108.04773771029014, 25.600718659317625], [-108.04844998003212, 25.599535618922808], [-108.04808353955589, 25.59885867928622], [-108.0487606197014, 25.598669279107657], [-108.0485518898316, 25.597808539637626], [-108.04719702010169, 25.596310849511575], [-108.04825571004207, 25.59178396939072], [-108.05105465999328, 25.59032276943651], [-108.05230391030537, 25.590497118830186], [-108.05479938017719, 25.589083628826977], [-108.05562830888204, 25.59091455028496], [-108.0574699085624, 25.58915074011493], [-108.05891144875758, 25.589325110362857], [-108.05934014883798, 25.589743260608575], [-108.06034182012209, 25.589409749469496], [-108.06076873999429, 25.58842804946147], [-108.06279162871093, 25.589144380604647], [-108.06848754005811, 25.592916489329294], [-108.07100409000238, 25.590472769078847], [-108.07126787865165, 25.590495630032088], [-108.0744078297357, 25.592906149794313], [-108.07667036872346, 25.593893819238836], [-108.078859320527, 25.59531688039329], [-108.08056979989071, 25.597023370501695], [-108.08383961911983, 25.59966317035822], [-108.08431162880349, 25.5998431691455], [-108.08357573954075, 25.601080220090456], [-108.0876127404274, 25.601736109923994], [-108.09312807906592, 25.604470109670018], [-108.09377123001364, 25.604365200426187], [-108.09370966015334, 25.59406410973704], [-108.11770064898755, 25.585796489610857], [-108.11859865869843, 25.605272550153472], [-108.11936291916979, 25.60525361992728], [-108.12041379956435, 25.606672629219805], [-108.12405965901202, 25.606652370424243], [-108.1242775503978, 25.605121800366767], [-108.12535176892648, 25.605037999151442], [-108.15812167944965, 25.60406967975004], [-108.15814442972561, 25.6042135389973], [-108.15860407940167, 25.604191620471926], [-108.15868203050809, 25.60696598049026], [-108.16346808903837, 25.606946169913574], [-108.16354761885964, 25.603947368912603], [-108.16732704984081, 25.604020150009234], [-108.1721516600616, 25.608965659071657], [-108.17410657876675, 25.607864180382137], [-108.18053191940571, 25.61367715054007], [-108.17863961922694, 25.61612451944963], [-108.19433963013921, 25.63327757960465], [-108.21939571963685, 25.63793643063522], [-108.22085331932968, 25.638287848856447], [-108.22064536893355, 25.63893531006857], [-108.242731548695, 25.64261650953829], [-108.25120729028984, 25.643755089071405], [-108.26215388013192, 25.653813650339593], [-108.2673605097766, 25.655012630214454], [-108.29845267951977, 25.660487539013936], [-108.2976794597341, 25.66430234994073], [-108.3098087201892, 25.670115679955973], [-108.30649431935623, 25.67441505983166], [-108.30381984944896, 25.67298808980172], [-108.30182954950972, 25.676134228883242], [-108.30742966021407, 25.679285478891142], [-108.30662477898878, 25.681082910031947], [-108.30687428015743, 25.68188573934851], [-108.30967331967155, 25.684308279728267], [-108.31189733971989, 25.68275864978392], [-108.31200545892693, 25.693794400129487], [-108.31364431873013, 25.695453599797087], [-108.31273204885345, 25.695992309426742], [-108.31359208023062, 25.69800811897174], [-108.31169765001599, 25.69968985916139], [-108.30493642969962, 25.6931002203389], [-108.29874182862393, 25.69833185052945], [-108.29440245045508, 25.697506140114488], [-108.29478685001739, 25.69963174025856], [-108.29615175044714, 25.703517629720544], [-108.29946474865002, 25.71135402902838], [-108.29195814052889, 25.71706251030508], [-108.29601853994731, 25.721636319729235], [-108.29890939923949, 25.72435488019854], [-108.30410207934273, 25.730285019165418], [-108.30530685020882, 25.73131042057899], [-108.3055493793542, 25.731914249964305], [-108.31201045853525, 25.7374679089806], [-108.31592868980877, 25.738347510139263], [-108.32982922872924, 25.75032951049577], [-108.32868251002752, 25.752126689238594], [-108.33471790874664, 25.757266820106686], [-108.33692707899056, 25.75634614037971], [-108.33559473864848, 25.753171170029514], [-108.33616970855444, 25.750748378979996], [-108.3363725090631, 25.75045497038977], [-108.33705886024177, 25.75121385031974], [-108.3377751495073, 25.751465829798413], [-108.33789951871461, 25.750099660150415], [-108.33900474934946, 25.747665260456905], [-108.33950030878705, 25.745926120341096], [-108.34198413880739, 25.74244251044928], [-108.34435467875271, 25.741421079075998], [-108.34618004988079, 25.742078939877402], [-108.34802784937278, 25.743883720627927], [-108.34816243054684, 25.74765448055906], [-108.34679958040516, 25.749272740434332], [-108.34613631995725, 25.749424509909176], [-108.34672887993048, 25.752733629673966], [-108.34584505857109, 25.753940710272126], [-108.34576328025618, 25.75434431048746], [-108.34773105873008, 25.754822199914457], [-108.3478591691906, 25.75319987949965], [-108.34955587900262, 25.75016706017157], [-108.34999090919953, 25.750160519780824], [-108.35096661978984, 25.74967250913887], [-108.35211904891732, 25.74797999889579], [-108.3528877503403, 25.748416048928934], [-108.35493031941478, 25.74617343050056], [-108.35774405928102, 25.744120230557314], [-108.35958394908639, 25.742198600135364], [-108.35837336853199, 25.741199939366112], [-108.35984101871082, 25.740030740497044], [-108.35884733930598, 25.739359549168643], [-108.36001290917753, 25.736503169862985], [-108.36068611955235, 25.735560029527672], [-108.36034791986202, 25.735539539691576], [-108.36071838009235, 25.73487262018266], [-108.36309302989301, 25.733654580267224], [-108.36460762927216, 25.733574919702523], [-108.36402088945687, 25.735206939804602], [-108.3640272302272, 25.73570937000771], [-108.36648609032402, 25.76437457033278], [-108.39161705022548, 25.76768165016842], [-108.41612908925123, 25.768084420119965], [-108.41835188003844, 25.768441089029977], [-108.41868062923224, 25.783417000435847], [-108.42792672018824, 25.78701523051627], [-108.42941938019955, 25.78668416990864], [-108.43727612018245, 25.79059093909167], [-108.44681806051864, 25.74360714041877], [-108.45571185975022, 25.743254250011994], [-108.45788685024556, 25.736795518868266], [-108.46123764964494, 25.73681331063065], [-108.47516225045972, 25.73604899956007], [-108.47557224901668, 25.742362579838968], [-108.48313436893089, 25.74205549045683], [-108.48260751923378, 25.743621139461094], [-108.48295020014687, 25.74364004945528], [-108.48665045018394, 25.74362974059491], [-108.48667291024688, 25.74305319997967], [-108.48990741949844, 25.74335314026912], [-108.49146152031318, 25.742503919906518], [-108.49161113971726, 25.73291871049636], [-108.51991137898443, 25.73820396978433], [-108.53038904979502, 25.739892859632306], [-108.53002470936563, 25.730240799566054], [-108.54059345999521, 25.729908680350615], [-108.5402201202937, 25.72148719979073], [-108.5508000202646, 25.72134478023697], [-108.55029307986202, 25.709755980270725], [-108.55713818025505, 25.7118911503881], [-108.55771442940745, 25.709132690166452], [-108.56239133948392, 25.70939987943492], [-108.56267744891525, 25.70538789023676], [-108.56602714864314, 25.70533785982911], [-108.56644665046642, 25.705025398903043], [-108.56729485945574, 25.70535056892415], [-108.58845736988144, 25.704951830497798], [-108.59930496983134, 25.705259709911946], [-108.65509081859214, 25.705752460677946], [-108.65503254950086, 25.700563198999596], [-108.66325274857385, 25.707555000206682], [-108.6656848891765, 25.70475137970177], [-108.66922962004081, 25.702040019579524], [-108.67223708031256, 25.700232250599008], [-108.67504142014758, 25.697855371298918], [-108.68931285980548, 25.70513047884125], [-108.68249353945782, 25.715543629623063], [-108.69108233927953, 25.72007127885359], [-108.68665810928779, 25.726858820177586], [-108.70088795027759, 25.734307398809143], [-108.70304711933055, 25.735833909907342], [-108.7038472296892, 25.736682358888498], [-108.7055474008601, 25.7392478995635], [-108.70630238072434, 25.74159786658573], [-108.70660418115098, 25.770741277568245], [-108.70449354939123, 25.781900966046734], [-108.70458998030003, 25.78313264712169], [-108.70510965996445, 25.784064985155943], [-108.70604100090436, 25.78471238222061], [-108.71342070049742, 25.788507476002806], [-108.71496670004574, 25.788561503205006], [-108.71580513095596, 25.78828550107662], [-108.7204937003739, 25.78541079024281], [-108.7204697194204, 25.79151559405785], [-108.73185197984607, 25.791621948428062], [-108.73699737972478, 25.800161672978618], [-108.74664879094132, 25.810314717912995], [-108.74494555772357, 25.813475012599575], [-108.74261404756946, 25.81165359639143], [-108.7359987382941, 25.807136328000695], [-108.73575142786005, 25.80731925681079], [-108.72760520742224, 25.837029781359625], [-108.72709107252587, 25.838290895609607], [-108.7270035067924, 25.83983548132495], [-108.72640768507331, 25.84109869303464], [-108.72610900315797, 25.842622947490593], [-108.72500312367822, 25.845867748101522], [-108.7236066902863, 25.845650691525428], [-108.72343434702194, 25.84545229676399], [-108.72336799299399, 25.84560670557981], [-108.72306312952955, 25.845554885206248], [-108.72202155294626, 25.84698461990597], [-108.72194186774121, 25.847807462887506], [-108.72235824596761, 25.848858332569037], [-108.7231692986611, 25.848233836943226], [-108.72356754851874, 25.848488466621], [-108.72330725807707, 25.849304268288307], [-108.7234071718463, 25.85001727525954], [-108.70698727652855, 25.848380178025916], [-108.7067223931082, 25.848299858127334], [-108.70490642870095, 25.846004313782473], [-108.69917082257118, 25.846974860710716], [-108.69007784273029, 25.84800251049895], [-108.6900589673836, 25.848413399148573], [-108.68984779590305, 25.84857626007018], [-108.68871499580204, 25.84878164693261], [-108.6879629150338, 25.84850966913082], [-108.68787557555994, 25.848244649107897], [-108.68440130500656, 25.848795856571304], [-108.67633969846212, 25.84955401530623], [-108.67551782231955, 25.849923220299655], [-108.66746570074541, 25.850794403684525], [-108.6709060007938, 25.87322057663823], [-108.64991141181487, 25.88063114770958], [-108.6643085836265, 25.894589012459257], [-108.65712319952898, 25.917769709615587], [-108.61502926031916, 25.927014768957875], [-108.61425831954331, 25.949433199706032], [-108.61395189008876, 25.975239818878094], [-108.64784969003125, 25.975810629291683], [-108.64512111991095, 25.9910397489116], [-108.63298085028198, 26.020689999429933], [-108.63179128994902, 26.034342029402044], [-108.6285850201305, 26.02999264965967], [-108.62507168952098, 26.03690825925075], [-108.62031817046504, 26.047260119219132], [-108.61601306019477, 26.05591376947803], [-108.6100767497225, 26.066931459302474], [-108.59978609024223, 26.08470237961081], [-108.6170188800115, 26.10037508947198], [-108.6143231796431, 26.106279749657574], [-108.58589545989584, 26.105876679033422], [-108.51582137033408, 26.098895829484892], [-108.51347647977876, 26.113765719676337], [-108.49742769027775, 26.115818749344125], [-108.50407288032912, 26.142294449452663], [-108.50434214048329, 26.142575179562236], [-108.50349055000788, 26.147094319486015], [-108.49775604986458, 26.148293579367373], [-108.49236396993527, 26.146067028820084], [-108.48777581973341, 26.139039309431805], [-108.48484115048015, 26.14257779879624], [-108.4776493500988, 26.1291897093991], [-108.46547631010664, 26.156245858878165], [-108.45535108952454, 26.150442149596984], [-108.4526112604328, 26.141342659671476], [-108.44775955003738, 26.14446365890079], [-108.43952908997076, 26.13219647920716], [-108.44370436986536, 26.12395724904409], [-108.43046451000066, 26.116245219689954], [-108.41520548982042, 26.117036198829837], [-108.40820986045223, 26.131126149136026], [-108.41529788029972, 26.14502253912257], [-108.40407224974359, 26.156114649128714], [-108.39777131042187, 26.165874629633503], [-108.38128131037365, 26.16231644962264], [-108.35439491048413, 26.202807278942096], [-108.35771900028755, 26.21888870919687], [-108.31989890991987, 26.2222113690605], [-108.27558875039526, 26.2480936488239], [-108.2853391199631, 26.26416173905142], [-108.28384521984326, 26.264822399081062], [-108.28256028964957, 26.266359679608016], [-108.28219480009936, 26.267822479245016], [-108.28167088004882, 26.268423218825834], [-108.28175118032323, 26.26935299926005], [-108.27740456962373, 26.275932489547664], [-108.27321160043847, 26.27801457921378], [-108.27967703019691, 26.291562848933474], [-108.28189803030085, 26.292469949436388], [-108.28257922019338, 26.294045918930617], [-108.28266177007795, 26.2977727993024], [-108.28600721950409, 26.29505391893488], [-108.28510745008401, 26.30770011902857], [-108.28094888020767, 26.308862919304314], [-108.27905637032372, 26.32340382896126], [-108.28456849046087, 26.342855709383645], [-108.27220887958366, 26.36639319948481], [-108.2626237401057, 26.363255678909375], [-108.26226020017488, 26.368628739327672], [-108.26264248000793, 26.374697709321993], [-108.26259000028432, 26.384794578794455], [-108.22962912024741, 26.37984968939181], [-108.22054531978779, 26.377690819238975], [-108.21449990978243, 26.36399790928531], [-108.20493483015485, 26.37401594947841], [-108.18674170959494, 26.373659349584475], [-108.19207031987949, 26.359831819202615], [-108.19195947969158, 26.356460349245104], [-108.19585702999528, 26.34947699907265], [-108.19880738030545, 26.348542019506688], [-108.20025119972098, 26.34016570933937], [-108.20200062976747, 26.332835739396394], [-108.20584113969635, 26.322455199657217], [-108.22045519973818, 26.324773019236147], [-108.22116610978574, 26.321210119446253], [-108.22041727989438, 26.318641078959097], [-108.21911029031237, 26.31569627938323], [-108.21890778014038, 26.310541938969042], [-108.21714159992136, 26.306889709148884], [-108.21336549024036, 26.30491336920497], [-108.20742825046555, 26.303430399574886], [-108.2067365695771, 26.302643688926743], [-108.2042518601191, 26.30144857885626], [-108.19960657954049, 26.29966921890937], [-108.18881240029019, 26.29401934967358], [-108.18465803003885, 26.292794939309296], [-108.18144728955622, 26.292589149465684], [-108.17963268033772, 26.292902449149725], [-108.17846611967782, 26.29339451920109], [-108.17586830954738, 26.29514390966617], [-108.17387394045367, 26.29252054907998], [-108.17293785018259, 26.28990839913007], [-108.17150053973381, 26.288620689661947], [-108.17052220038002, 26.287337858994466], [-108.16978640034132, 26.287043459339397], [-108.16776388005167, 26.28565779932241], [-108.16565855016796, 26.283818748901524], [-108.15489326000157, 26.28637522965441], [-108.15551047967301, 26.28831193954905], [-108.15654165967742, 26.289802369065217], [-108.15651076986873, 26.29222082964551], [-108.15800336955567, 26.295159999545124], [-108.15792427988823, 26.29736011924009], [-108.1564184896996, 26.29944179958438], [-108.15588342980647, 26.30139628892978], [-108.15464254974874, 26.30232757962882], [-108.15283462996369, 26.302475509180553], [-108.1465494805101, 26.300367309368813], [-108.14573317949922, 26.300381418908], [-108.14428267975299, 26.301122319551954], [-108.1421277699712, 26.301110478814277], [-108.13690055039814, 26.30004502882108], [-108.13410843000592, 26.30098904959291], [-108.130995349563, 26.301115619109286], [-108.12800861954234, 26.299374999601913], [-108.1264845198676, 26.299885659387947], [-108.12497423042905, 26.301290569586527], [-108.12307000002923, 26.301613619687423], [-108.12086397045084, 26.300637968933128], [-108.1193845499948, 26.29968174896137], [-108.11545750994483, 26.29965002952826], [-108.11147148015003, 26.29828781893791], [-108.09772332048132, 26.311890999180957], [-108.09220967953264, 26.310316338962664], [-108.09002304984385, 26.310761859605524], [-108.08538167987614, 26.308818449062027], [-108.0531174300179, 26.3135763792912], [-108.03925647997676, 26.330843749208277], [-108.03088313987001, 26.338858369064962], [-108.03661458048728, 26.36889933923942], [-108.0139072804013, 26.390446748813567], [-108.01939202977587, 26.44948773905933], [-108.01434164966751, 26.453276579522385], [-107.99937005955027, 26.448448289024018]]]}}, {"type": "Feature", "properties": {"CVEGEO": "25018", "CVE_ENT": "25", "NOMGEO": "Sinaloa", "CVE_MUN": "018", "NOMMUN": "Navolato", "cov_": 1895, "cov_id": 1896}, "geometry": {"type": "Polygon", "coordinates": [[[-107.89447663029146, 25.033336429619222], [-107.88440634009598, 25.03318785891692], [-107.88892293968958, 25.02057524907922], [-107.84065362979769, 25.032148279141214], [-107.82716477972808, 25.007621819572666], [-107.81729870980364, 25.00447121962873], [-107.80846115037559, 24.9795972888418], [-107.7996522799871, 24.96634808907562], [-107.79911712048136, 24.96583174907737], [-107.79191055050174, 24.96302830955293], [-107.79374454971136, 24.962214488938688], [-107.79893668962585, 24.954433479704118], [-107.79073218039352, 24.94951254950509], [-107.7835659403317, 24.949820168878098], [-107.78196124963254, 24.94581428889947], [-107.7813043097699, 24.94601761894156], [-107.78114787953048, 24.945666979677288], [-107.77809457010646, 24.95159022883729], [-107.77035147950984, 24.948322259182177], [-107.76878757014481, 24.951002399385633], [-107.76651663043178, 24.952016889062946], [-107.76638445977547, 24.95187302967677], [-107.76684956972738, 24.95001093949816], [-107.7657644797458, 24.946247778971774], [-107.7597138803056, 24.947287999366377], [-107.75826277016569, 24.947128289046045], [-107.75786556998553, 24.941541139685253], [-107.7567336500856, 24.941696849208924], [-107.76019102003134, 24.935853369523944], [-107.7515435701957, 24.93576961891248], [-107.75157927986808, 24.936653229674416], [-107.74461763014028, 24.93537670954549], [-107.74444171959033, 24.93682350950492], [-107.7417350601803, 24.93371728889931], [-107.7396953402316, 24.93182837968923], [-107.73978711968476, 24.93164796925498], [-107.73620407985977, 24.927509289216164], [-107.73677122019036, 24.925445309113353], [-107.73624934956446, 24.92531442903371], [-107.73289957980663, 24.923018179720675], [-107.72707893976157, 24.918727829227407], [-107.7133854293559, 24.90925048942149], [-107.68263274043919, 24.889676169232658], [-107.64734286025899, 24.87355599963129], [-107.64853910958018, 24.871583919685925], [-107.60993634912266, 24.85557277966816], [-107.61252165892154, 24.831607880210804], [-107.59874632002214, 24.831426568932603], [-107.5976774881626, 24.82260368955759], [-107.58528728835438, 24.822508059132605], [-107.58535387889613, 24.814562829712074], [-107.59689685896616, 24.8155843989037], [-107.59798904868384, 24.809966550689957], [-107.58424991021721, 24.80913943051396], [-107.58558415027224, 24.801199849824027], [-107.56595893944004, 24.803192940614846], [-107.56246033930331, 24.804615348947056], [-107.56237428015174, 24.799110850638268], [-107.55346588829386, 24.801632850541026], [-107.5522465705081, 24.799226720413518], [-107.55290804917334, 24.797384579207158], [-107.55318345038901, 24.795476999710846], [-107.55258877939433, 24.789546690287395], [-107.55130999880413, 24.789511449742044], [-107.54999057920749, 24.785319679703907], [-107.54931848858584, 24.785116739177077], [-107.5489672586556, 24.782945479619723], [-107.54520838039207, 24.784662889816094], [-107.54269077992764, 24.778345509495416], [-107.54002914019561, 24.77032347958078], [-107.51738185941794, 24.77227425031348], [-107.51726354842462, 24.77093172528996], [-107.5133159765631, 24.771323318819462], [-107.5132084763485, 24.7614728295318], [-107.51233127984271, 24.7614704618235], [-107.51235616028129, 24.769762951200168], [-107.50848068795035, 24.770028650190703], [-107.50847993754643, 24.771758459649583], [-107.50675245845034, 24.77187934036964], [-107.50592421820633, 24.771530570706606], [-107.50548482780682, 24.771014940284143], [-107.50518099707475, 24.768354580004857], [-107.50463224690371, 24.767580630211704], [-107.49169862808877, 24.76238359896566], [-107.49004850757154, 24.761635279081418], [-107.48866848829084, 24.76074488977108], [-107.48233559894459, 24.755445569244436], [-107.47776297826451, 24.75286740050271], [-107.47755041948368, 24.75059974986415], [-107.47736116803776, 24.75032813960289], [-107.47704172020917, 24.744697220008806], [-107.47399956824128, 24.744557289839126], [-107.47428555041287, 24.737629338977776], [-107.47404517926375, 24.72917687971247], [-107.47402093867515, 24.713738150247334], [-107.47348721908986, 24.713695110405133], [-107.47346708793049, 24.71346468055544], [-107.47125701873986, 24.71307577923118], [-107.47137225894726, 24.71111331947985], [-107.46749136760369, 24.71120351975111], [-107.46768092025906, 24.711570019249127], [-107.4675280502549, 24.712303850145947], [-107.46705568047551, 24.712763489284132], [-107.46130481858488, 24.711708970363006], [-107.46128672047942, 24.71155479931766], [-107.45296518049433, 24.71018457948154], [-107.45287662867497, 24.697518600450035], [-107.46116634758522, 24.69758665011795], [-107.46121088895381, 24.6919927198926], [-107.4617209396296, 24.68341633934204], [-107.46897014793802, 24.68340282938007], [-107.46630044905127, 24.672148199835217], [-107.50365427861398, 24.671770629722957], [-107.5125508794717, 24.61950911972413], [-107.51375111992066, 24.617799778996865], [-107.51383202037702, 24.59012065890373], [-107.52368027967286, 24.590159019101474], [-107.52367585003854, 24.57231164972553], [-107.52400246046838, 24.572146319224526], [-107.53351162871945, 24.572287259005908], [-107.53362732038254, 24.539821739280306], [-107.53079842954618, 24.5375855390009], [-107.52880691931767, 24.534725849185836], [-107.52825705998032, 24.533609968965948], [-107.52841564916496, 24.532750089155552], [-107.52898544945947, 24.53193687895016], [-107.53663479859839, 24.526985739782607], [-107.53773054041451, 24.52593862933806], [-107.53791347975358, 24.52498830958277], [-107.53730317930811, 24.52301619895743], [-107.5374586496353, 24.52208381898351], [-107.53899999945823, 24.520499999451697], [-107.54002544972862, 24.517456058907445], [-107.53965074893674, 24.515610629214002], [-107.53648601878345, 24.455955569206385], [-107.61728777011201, 24.417338258854777], [-107.80047948926735, 24.526029579523918], [-107.82313285759913, 24.52241917966969], [-107.82689301982532, 24.52210350928899], [-107.82845555000561, 24.521483779368396], [-107.82891422005851, 24.52326624884684], [-107.82912544953413, 24.527149599082254], [-107.83013745988333, 24.52974128932954], [-107.830901864114, 24.53988251668052], [-107.83345928458111, 24.542248992749506], [-107.83765903420941, 24.54750712500733], [-107.84366241405412, 24.5526110691448], [-107.84995846818614, 24.55711538899179], [-107.86043047564038, 24.563397166746885], [-107.87595645917976, 24.571749074205094], [-107.88051074708459, 24.573940558529504], [-107.88701381377665, 24.57821644934591], [-107.89420930404141, 24.582178252704793], [-107.89476609831833, 24.58281356866786], [-107.89655069414312, 24.583991401041384], [-107.89917761913912, 24.585290587597747], [-107.90599477508295, 24.589602170459553], [-107.93218550207517, 24.60499966194945], [-107.94324583073137, 24.611937249046267], [-107.95444947496813, 24.619368356491616], [-107.95852489682925, 24.62168902501003], [-107.95932209203588, 24.621875034011357], [-107.96067212033779, 24.6225813995794], [-107.97436527975134, 24.631986289039464], [-107.98479655645282, 24.63982500125237], [-107.99443867723794, 24.64901082848448], [-107.99806735456463, 24.652199306476813], [-108.00292145474874, 24.657434120454802], [-108.01101162165479, 24.668284462332824], [-108.01196340718575, 24.67022372351776], [-108.01543078663187, 24.675050349710276], [-108.0189252843279, 24.681640868502278], [-108.01981562820332, 24.684417207906634], [-108.02037480094647, 24.68810537364202], [-108.02055326104471, 24.695089091379554], [-108.02125996278552, 24.698238769466606], [-108.02105773707747, 24.70358066038513], [-108.02031802153955, 24.70645552494431], [-108.0197918344056, 24.720168610607026], [-108.02022013674512, 24.722476687143246], [-108.02036290392284, 24.724998916017675], [-108.02146935404636, 24.728520518518987], [-108.02621158427232, 24.736254864290395], [-108.02923350752499, 24.74037132537947], [-108.03032094871186, 24.742404673336907], [-108.03731656437458, 24.7510778086587], [-108.04600159688255, 24.76016734967932], [-108.05010616727387, 24.763938795627972], [-108.06204131185461, 24.77322969675237], [-108.0658296638647, 24.7763950517562], [-108.06670290671401, 24.776859268502843], [-108.07106316146624, 24.781859687618464], [-108.07143197805627, 24.782859061639616], [-108.07162730746502, 24.784303963498346], [-108.07141315728198, 24.78468467806271], [-108.06991125942068, 24.78514103006661], [-108.03462991993351, 24.807892109569277], [-108.02189395002576, 24.842379850299437], [-108.00921600021412, 24.84516773920058], [-108.00421021931896, 24.849944819927916], [-108.00804154871608, 24.865399020570557], [-108.02503087964146, 24.89338413958919], [-108.02435464866609, 24.913821510596033], [-108.00951336896578, 24.922641460409004], [-107.99542265896609, 24.95005015003556], [-107.99442264861298, 24.953388320615037], [-107.99091630971856, 24.962666350227206], [-107.98885006024825, 24.965009769938902], [-107.98849995006573, 24.967349649871426], [-107.9854338897766, 24.969524490167355], [-107.98460968947988, 24.96953042013712], [-107.98403333940297, 24.96885153894965], [-107.9815999995239, 24.97030000025472], [-107.98019999962281, 24.975400000011636], [-107.97509999943848, 24.97759999967092], [-107.9731752199465, 24.97823206038119], [-107.97117310906339, 24.974523260548533], [-107.97412656916877, 24.97385925045711], [-107.97575019889807, 24.971267750026986], [-107.97546537906886, 24.969786860105966], [-107.97281917033128, 24.969748579170773], [-107.96952808980929, 24.971813650305556], [-107.9688767392258, 24.97053197028425], [-107.96370229007016, 24.968413549248098], [-107.96778144896957, 24.976515079532554], [-107.92950565886994, 24.97822675049977], [-107.92428327921859, 24.97826555028738], [-107.92008480018433, 24.970062319324818], [-107.91522715004287, 24.9692241191939], [-107.91496641988766, 24.97359702907046], [-107.91366878052949, 24.975034659966134], [-107.91367441945118, 24.98003296902687], [-107.90947144888581, 24.978919279838543], [-107.89951609024364, 25.017937090593236], [-107.89447663029146, 25.033336429619222]]]}}, {"type": "Feature", "properties": {"CVEGEO": "25019", "CVE_ENT": "25", "NOMGEO": "Sinaloa", "CVE_MUN": "019", "NOMMUN": "Eldorado", "cov_": 1892, "cov_id": 1893}, "geometry": {"type": "Polygon", "coordinates": [[[-107.80540175799025, 24.519348041045415], [-107.80495617976345, 24.518916529423443], [-107.80494479926939, 24.51846827559843], [-107.80567440887178, 24.5182994977191], [-107.8064860217378, 24.518649715376938], [-107.80711862862996, 24.518461248854376], [-107.80827262978482, 24.517895357487635], [-107.80884185343382, 24.517087249867195], [-107.8097245332613, 24.5175817817368], [-107.81024777904231, 24.517287885501204], [-107.81082855669136, 24.517468082719287], [-107.8109864703905, 24.517293222104204], [-107.81071107647273, 24.5169975052243], [-107.80965797162767, 24.516701950670296], [-107.80931204661172, 24.51628575935131], [-107.80929833007127, 24.515903980400864], [-107.80956191905061, 24.515786849964332], [-107.80994899784683, 24.516175994065197], [-107.81021178986742, 24.516023058793984], [-107.81032857408759, 24.515290239920493], [-107.81003163821659, 24.514407536248758], [-107.80834616937601, 24.513722612508435], [-107.80620230298312, 24.513547619091604], [-107.80524683927649, 24.513651353753225], [-107.80285574459866, 24.514447954046272], [-107.80136090928781, 24.51459034203895], [-107.8043117449506, 24.513379833331662], [-107.80624105523874, 24.512238422179504], [-107.80615038329613, 24.51168137357007], [-107.80593907650609, 24.51180230837174], [-107.80555834537725, 24.511580168191813], [-107.80456701421248, 24.509951058906182], [-107.80542594183804, 24.509144742690726], [-107.80663583478692, 24.50839636393982], [-107.80663971346, 24.50645744299695], [-107.80550114370864, 24.505129545647677], [-107.80535151850935, 24.504384969278373], [-107.80450966130734, 24.50349089471396], [-107.80424078547999, 24.502898955535137], [-107.8053285016037, 24.502291342938406], [-107.80602570994412, 24.50149042500354], [-107.80617235127663, 24.500456193054067], [-107.80605114498121, 24.499816143747726], [-107.80569250689783, 24.499412124568064], [-107.80500892877927, 24.499181279984054], [-107.80395376652224, 24.4997261954457], [-107.80159838182644, 24.503886434424384], [-107.79949788606672, 24.506602098472005], [-107.79667896688682, 24.510818629975894], [-107.7951114126597, 24.51239018028233], [-107.79434738800231, 24.512772053776708], [-107.792745101267, 24.51301185394149], [-107.79147282609445, 24.51354161673148], [-107.79066733447581, 24.514282508229694], [-107.7893717029459, 24.51399444360017], [-107.78593077589812, 24.512281549041408], [-107.7851733001645, 24.5116603946001], [-107.78449454849708, 24.51070349185853], [-107.78260134501987, 24.507452853484327], [-107.78040735757577, 24.502388246607822], [-107.77864170547733, 24.49923070601189], [-107.77629817047196, 24.496370296867678], [-107.77110978823909, 24.491809481755958], [-107.7691898059407, 24.490402500319643], [-107.76880957823586, 24.48948300641826], [-107.7684040298417, 24.489074973957297], [-107.76339714829386, 24.48706068516841], [-107.75710447840511, 24.48518433378321], [-107.75601345567848, 24.484688491165453], [-107.75269831726546, 24.484142479295226], [-107.75190406490017, 24.484333658800324], [-107.75071175164598, 24.483978116923744], [-107.75022001231088, 24.483442653368478], [-107.7491265358287, 24.483792086854102], [-107.74834556852787, 24.48363438456158], [-107.74793413005196, 24.483431749618724], [-107.74793688441282, 24.483078295516957], [-107.74755861382813, 24.482961016889725], [-107.74658562571562, 24.48333211855419], [-107.74610613160036, 24.482638825580345], [-107.74548162962851, 24.48271704137238], [-107.74419147907278, 24.48242053253267], [-107.7437389417126, 24.482247286321382], [-107.74335822812992, 24.481776636459816], [-107.74149415941586, 24.481724537993188], [-107.74084322480397, 24.480824203823452], [-107.7398327092742, 24.48042706804354], [-107.73792707931914, 24.480141671681213], [-107.73764007039931, 24.479177412614185], [-107.73704418257638, 24.478648563120583], [-107.7355213753012, 24.478208148398924], [-107.73422629214352, 24.47695649489975], [-107.73358793061938, 24.4761514154601], [-107.73345005369617, 24.47556649670073], [-107.73228531662875, 24.474307689496598], [-107.73189819113836, 24.473053910054457], [-107.73117309286941, 24.47257990563939], [-107.73130567599856, 24.472195454654884], [-107.73099298932742, 24.47197187566841], [-107.73059757911156, 24.470574970247238], [-107.72962236426159, 24.468906776143175], [-107.72849647024331, 24.467508740629786], [-107.72642416676146, 24.46577437407423], [-107.72583754236918, 24.46567034485116], [-107.72602843514937, 24.465327822323196], [-107.72530646013604, 24.464753442828638], [-107.72400833030261, 24.464318390682873], [-107.71890388912678, 24.463273734870455], [-107.71732386698436, 24.46331649112856], [-107.71598046353787, 24.46271503814701], [-107.71567313538294, 24.46225253478692], [-107.71466661631348, 24.46178827471258], [-107.71157224952223, 24.461528654201373], [-107.71114937986319, 24.4612735791242], [-107.7092350682147, 24.46105480816304], [-107.70532794259144, 24.460117146246482], [-107.70260133588371, 24.457286160688096], [-107.70016461661015, 24.456054591802033], [-107.69897235251763, 24.45592784746655], [-107.69814767378345, 24.45530023273634], [-107.69737637243253, 24.455218491711197], [-107.69690358867084, 24.454577420701526], [-107.6961472422013, 24.45434019214285], [-107.6942707872259, 24.45221738708703], [-107.69233151683358, 24.4506950422749], [-107.69188394405865, 24.450624217718808], [-107.69155254289856, 24.449882702683237], [-107.69049139275333, 24.448803165249466], [-107.68980114112509, 24.44860531080439], [-107.68826591328414, 24.446696034329587], [-107.68687713679407, 24.446400752887502], [-107.68687149054114, 24.446011624360633], [-107.6854721232505, 24.44484731909101], [-107.68440020890291, 24.445224544806983], [-107.68377934639214, 24.44509946246626], [-107.68372178432568, 24.44484497203597], [-107.68459203841886, 24.44430656879963], [-107.68391322537762, 24.443415987482513], [-107.68396049645948, 24.44306173924995], [-107.68344796378224, 24.442139546553708], [-107.6819368170148, 24.441359251814085], [-107.68219192898974, 24.440965494608886], [-107.68191361070929, 24.44050956093308], [-107.6802250373613, 24.43972523781188], [-107.67655492613966, 24.43947267159585], [-107.67640808109613, 24.4388185943596], [-107.67568947984385, 24.438262987431372], [-107.67565610443685, 24.437547198668266], [-107.67512729632617, 24.436961955747016], [-107.67264897849913, 24.435582589699937], [-107.67027146718775, 24.435271181952356], [-107.6691272433963, 24.43431949971546], [-107.66783595179646, 24.43393872646341], [-107.66776075085913, 24.433092334451146], [-107.6673335866553, 24.432624672177443], [-107.66569633413772, 24.431667326109732], [-107.66481666206352, 24.430765860980298], [-107.66377350760206, 24.43039978281639], [-107.66230292001481, 24.429055007727236], [-107.66112511396469, 24.428485916843513], [-107.66071051713536, 24.428490820985104], [-107.66037800424864, 24.428057291640616], [-107.65689018930044, 24.42752639889387], [-107.655853106299, 24.426950017379045], [-107.65486723842976, 24.42695061423441], [-107.65470721472808, 24.426657310277918], [-107.65379350849098, 24.426491866132135], [-107.6500184620632, 24.4269401392434], [-107.64930803145859, 24.42664215103884], [-107.64780773093456, 24.426737680090433], [-107.64559414881975, 24.42764803279041], [-107.64424324592349, 24.427029296123354], [-107.6426407389199, 24.425600652036056], [-107.64193173700119, 24.42436890284934], [-107.64002880014979, 24.423038599455193], [-107.63989860109866, 24.422171641062867], [-107.63868939664215, 24.419334330207963], [-107.63869348727899, 24.418152205059016], [-107.63826650034272, 24.41605583887335], [-107.63735010037657, 24.413373397212464], [-107.6337686036666, 24.408182215307022], [-107.63223199395124, 24.40651825567398], [-107.63082180477383, 24.40541564103857], [-107.62869575722458, 24.40298817438606], [-107.62486543925424, 24.399854740875224], [-107.62351738786272, 24.399228573888376], [-107.62036454073201, 24.398585897494428], [-107.61503765056536, 24.398735341268527], [-107.61050214911357, 24.399835705359664], [-107.60779849811198, 24.401255435371034], [-107.60714897818481, 24.40035678977638], [-107.60353336452772, 24.399907991778985], [-107.60211939159534, 24.398351431610045], [-107.60065865186377, 24.398328774685535], [-107.59973522062393, 24.398058074764847], [-107.59949918215786, 24.39773735854791], [-107.5973127427263, 24.397421457814712], [-107.59647935562803, 24.396962928867154], [-107.59429356167877, 24.396422503684146], [-107.5935182197723, 24.395996384277517], [-107.59308560698206, 24.396008570472564], [-107.592742214204, 24.39655892711155], [-107.59218725383369, 24.39645380680659], [-107.59007456965813, 24.39540580562196], [-107.58902810055113, 24.395237435987184], [-107.58890244841898, 24.394957792955363], [-107.58793984176013, 24.394553962241616], [-107.58771172009133, 24.394619950247296], [-107.58755445764146, 24.395859648913], [-107.58732067416558, 24.396159760151537], [-107.58643133264546, 24.396418735027307], [-107.58559951040041, 24.396408875264367], [-107.58554895033315, 24.39619898799832], [-107.58613993064903, 24.39599247440949], [-107.58611647256028, 24.394712883997922], [-107.58666938850253, 24.394462242317566], [-107.58670775620456, 24.393785768233847], [-107.58715558271001, 24.393240805194278], [-107.58802729836148, 24.393151866702723], [-107.58853877794144, 24.39342730482038], [-107.58922520551118, 24.393203027862537], [-107.58967247104817, 24.3933983654581], [-107.59024561601531, 24.393245276176042], [-107.59150437840064, 24.39397835216688], [-107.59122188585675, 24.393168862483716], [-107.59040754923554, 24.392619217284917], [-107.58874638905962, 24.391971815657197], [-107.58692512470039, 24.391912204887287], [-107.58259652683674, 24.39062492189106], [-107.58149540623474, 24.390844299035585], [-107.58140305117897, 24.39027751383745], [-107.58006334521663, 24.389662735880698], [-107.57994945520248, 24.389447363424132], [-107.57877450651212, 24.389369469708697], [-107.57851787727371, 24.38905861604888], [-107.57799605918595, 24.38942809994155], [-107.57800077473802, 24.38863279540824], [-107.57694983698232, 24.38785546307834], [-107.57704032041522, 24.387560188555025], [-107.57658836769123, 24.38674638161282], [-107.57500861454179, 24.3849631004048], [-107.57499082468156, 24.380741294453095], [-107.57451616307797, 24.37687471140557], [-107.57398108535037, 24.376716639400414], [-107.57361908180914, 24.376350250878716], [-107.57318240460246, 24.377188720658477], [-107.57273469423295, 24.37722498423068], [-107.57175391423075, 24.3761717852453], [-107.57220432082924, 24.376011302780768], [-107.57194445092294, 24.37553809796733], [-107.57248286279288, 24.374315814465426], [-107.57193061494745, 24.374081603386777], [-107.57185483303508, 24.373686467701187], [-107.57214315423954, 24.3732469436463], [-107.57169616816368, 24.37267422839406], [-107.57137738578922, 24.37263905128128], [-107.57119329139664, 24.371529329213946], [-107.57044143656908, 24.37073849360287], [-107.57070552639806, 24.36987430397742], [-107.57031830833738, 24.369162067376166], [-107.57051242078617, 24.3689629494019], [-107.56991232359256, 24.36868178666223], [-107.56982496746812, 24.36784265710496], [-107.56885490194963, 24.36744358761615], [-107.56831726140017, 24.367543447931094], [-107.56791351048277, 24.366915063284356], [-107.56759681030654, 24.367240432698853], [-107.56694300816451, 24.367139275719396], [-107.56673629827272, 24.366327248514423], [-107.5656355885221, 24.366138722519484], [-107.56537740312523, 24.365423680679857], [-107.56482712982935, 24.365349416857246], [-107.5644583846621, 24.364904312494076], [-107.56407786915075, 24.364909551949975], [-107.56376972540642, 24.365788811727775], [-107.5633756710275, 24.365769205627043], [-107.5632002430727, 24.36482648973893], [-107.56268252150666, 24.364814948143433], [-107.56236597114997, 24.3645014901198], [-107.56198676382712, 24.36444223069847], [-107.56148344666867, 24.364822092039805], [-107.56096651377864, 24.364914418715937], [-107.56085749524503, 24.36519685800574], [-107.56108693226906, 24.365844926391897], [-107.5608210486249, 24.365975990631963], [-107.5601841681065, 24.36529062458056], [-107.55964084423785, 24.365237715620548], [-107.55889436137998, 24.365776903997823], [-107.55809953150519, 24.365338968725087], [-107.55770148290232, 24.365703908241024], [-107.55714419949659, 24.365281065383904], [-107.55697877905442, 24.366259402324097], [-107.55629818436306, 24.36696462580732], [-107.55443564865702, 24.36794770411333], [-107.55403583032692, 24.36764159831137], [-107.55332632486386, 24.36762251709075], [-107.55294451319755, 24.367304163502578], [-107.5520139633632, 24.367312674778105], [-107.55176134371469, 24.367066181356392], [-107.55028555750486, 24.367186561712376], [-107.54937575420884, 24.366929625246012], [-107.54760025147914, 24.36705501285613], [-107.5462777687033, 24.366239024776547], [-107.5448663542868, 24.36566809240606], [-107.54432746551043, 24.366357761928032], [-107.54299345514109, 24.366528220466886], [-107.54214420398168, 24.36708218793261], [-107.54277746724532, 24.36772112246165], [-107.54275980928671, 24.368141730599408], [-107.54149590424574, 24.367777259209344], [-107.54115346572209, 24.3685794357074], [-107.54098186009428, 24.3686026134778], [-107.54021138311772, 24.36788119150225], [-107.5397744516377, 24.367803736476105], [-107.53982186704422, 24.367306215183405], [-107.53936436654338, 24.36587265440931], [-107.53907278507367, 24.365697238566618], [-107.53879941455436, 24.36506299769527], [-107.53605456201794, 24.362532174732692], [-107.53542649901185, 24.361628037005914], [-107.53399265146483, 24.36084244413833], [-107.53335670930714, 24.360719338779266], [-107.53310839868394, 24.361079321980238], [-107.53274322268467, 24.361200056500852], [-107.53223910534088, 24.361151166325556], [-107.53194431466662, 24.360879075792287], [-107.5310627435077, 24.360857978765285], [-107.52980860526293, 24.360062175888274], [-107.52902655095784, 24.359014897449732], [-107.52829565906245, 24.35870470195749], [-107.52815306636367, 24.356646114850733], [-107.52855290849948, 24.354728941259342], [-107.52903205655849, 24.354178835063745], [-107.52953922677773, 24.35425156929784], [-107.53033393763558, 24.355019225392383], [-107.53066739766734, 24.35671162305066], [-107.53199798051902, 24.356765813005097], [-107.5325755966926, 24.35723379033578], [-107.53261491671745, 24.357113728747844], [-107.53046350410446, 24.353538808145746], [-107.52835745066552, 24.34751763282388], [-107.52512504430997, 24.34462215779199], [-107.523793502711, 24.34398759327286], [-107.51987993279305, 24.342882495142177], [-107.51870445691962, 24.34117539167653], [-107.51738080594205, 24.340409277929634], [-107.51589011704071, 24.339103825415147], [-107.51548093874517, 24.338446698974693], [-107.51551242761136, 24.338061682778605], [-107.51644293952246, 24.336083184926498], [-107.51662967014882, 24.33511288514745], [-107.51650161199764, 24.334568118634337], [-107.51545106204485, 24.332713235268848], [-107.51480943900528, 24.33216265900093], [-107.5139914246107, 24.330466295509588], [-107.51317043042928, 24.32980644379495], [-107.51258796046493, 24.329610704647077], [-107.51240152412176, 24.32901197557449], [-107.51196766418981, 24.328818555357202], [-107.51121682359754, 24.327617804348098], [-107.51081765768089, 24.327333056651234], [-107.50975326414235, 24.327677851280335], [-107.5085110830059, 24.32733301060496], [-107.50698614086049, 24.327320004436505], [-107.5042509267118, 24.329247068017416], [-107.50349555426389, 24.331922345737446], [-107.50210321642933, 24.33255908354179], [-107.49962130322969, 24.332528367416742], [-107.49748376078935, 24.332248341375344], [-107.49465307734494, 24.329980770543802], [-107.49368231645269, 24.328855188780995], [-107.49214362644607, 24.328940176707484], [-107.4914402107626, 24.328689033173884], [-107.4911403600384, 24.328283192066042], [-107.49091779915835, 24.32729813277418], [-107.49134943086943, 24.326713103911054], [-107.49238414411228, 24.3263139998326], [-107.49148509454365, 24.325654103357685], [-107.49124368773022, 24.325237743877505], [-107.49102722154637, 24.32549684068532], [-107.49038971788717, 24.325416548544855], [-107.49019925128266, 24.32520593396212], [-107.4902471230694, 24.324788407021746], [-107.49002877231615, 24.32468452541737], [-107.48941138060766, 24.324766307599347], [-107.48983009856053, 24.32492063604798], [-107.4898603406875, 24.32533448872787], [-107.49032226870366, 24.3256325976486], [-107.49034943817092, 24.32595575047828], [-107.49008017752475, 24.32611421235422], [-107.4895578647408, 24.325926951979312], [-107.48895565697052, 24.325118876184987], [-107.4889333067775, 24.324775343103457], [-107.48786564219108, 24.324955256835832], [-107.4867474821976, 24.324818356299776], [-107.4863225279397, 24.325212204440415], [-107.48578236365267, 24.325311807142775], [-107.48560320377824, 24.325747009772417], [-107.48586108270388, 24.32680791756059], [-107.48561550106659, 24.32797976713116], [-107.48638441584659, 24.328248973831478], [-107.48809691506666, 24.329723067104563], [-107.48779199836704, 24.330258251080668], [-107.48720779979055, 24.33037290695494], [-107.48675579680932, 24.330717060092105], [-107.48551997086909, 24.330830449109083], [-107.48538774342148, 24.330999790852406], [-107.48574095640004, 24.33160299491098], [-107.48646181805364, 24.33154580356974], [-107.48780606818151, 24.33257934290482], [-107.48930739249896, 24.33311354039168], [-107.48999485286743, 24.333080764310317], [-107.49110137602962, 24.333418434394176], [-107.49151748612013, 24.334037304868637], [-107.49179705079598, 24.335403532462678], [-107.49231087745781, 24.33595391978063], [-107.49253697518995, 24.336585459186118], [-107.49275296992614, 24.337632713082954], [-107.49243998852646, 24.33795548037899], [-107.49287056139445, 24.3379806444173], [-107.49338698405644, 24.33899549080704], [-107.49485620196363, 24.340346917274946], [-107.49623428363259, 24.34236613198174], [-107.4975099017845, 24.34301381212413], [-107.49997930578911, 24.34538278516575], [-107.50495976351098, 24.348845810721432], [-107.50747136226555, 24.351292754361275], [-107.50780942858253, 24.351251336085337], [-107.50948021220532, 24.352035656218707], [-107.50993851797097, 24.352935571347736], [-107.51100773519873, 24.3541453762287], [-107.51236298925907, 24.35465785909212], [-107.5136179742089, 24.354844821873233], [-107.51422602748723, 24.355405510552487], [-107.51532151650571, 24.355831525395498], [-107.5158071538733, 24.356265273099257], [-107.51699870013934, 24.35667058091941], [-107.51710220935722, 24.357027079807335], [-107.51843230635657, 24.357582922077746], [-107.51852644261926, 24.357860768403807], [-107.51957623380568, 24.358478564136362], [-107.519773495263, 24.35830333809119], [-107.51973126853882, 24.358540468955454], [-107.52115844493902, 24.359027796199957], [-107.52234978746918, 24.35994650918194], [-107.5228215853041, 24.359812083206705], [-107.52412207082507, 24.360974941491214], [-107.52528212529164, 24.361366379952404], [-107.52541177226755, 24.36172482749778], [-107.52682678162881, 24.362876200725886], [-107.52859816883473, 24.363331438063543], [-107.5288744557396, 24.363885655331632], [-107.52987880880046, 24.364573386557463], [-107.53248388007493, 24.36709232956898], [-107.53390443673408, 24.368028816162095], [-107.53478282402287, 24.369682016102963], [-107.53563811654647, 24.369985687724157], [-107.53655031084953, 24.37000109597642], [-107.53748359747308, 24.37045472618216], [-107.53886297270034, 24.372911678794374], [-107.53966193316991, 24.37381771499466], [-107.54410761007027, 24.37572524216875], [-107.54462834411451, 24.376145162717965], [-107.54685205106665, 24.37645644967314], [-107.5478602897853, 24.377718320398767], [-107.55115771052868, 24.38053570140122], [-107.5542308757833, 24.38269646864163], [-107.55539597960748, 24.383843396713477], [-107.5556783600208, 24.384724620212314], [-107.55627139381164, 24.385235212779882], [-107.55716853280917, 24.38653948304309], [-107.55817827625356, 24.386960640406045], [-107.55760508453987, 24.388238258555106], [-107.55640234095215, 24.389020517180874], [-107.55519202080973, 24.389432760896337], [-107.55490723898006, 24.389165157105445], [-107.55436549400531, 24.389195789105187], [-107.55305742356536, 24.388797869746792], [-107.55223819618656, 24.38668715139885], [-107.55177027757587, 24.38623891455943], [-107.55143644910635, 24.385456462174297], [-107.5508692517376, 24.385517366946573], [-107.55006494206769, 24.38480731800005], [-107.54949466454613, 24.38464975235529], [-107.5492142118944, 24.384831155616947], [-107.548319848168, 24.384446235956286], [-107.54893461122008, 24.383767223029693], [-107.54895499351916, 24.382574025348294], [-107.5487102302382, 24.38207067232869], [-107.54715519256625, 24.3810974781427], [-107.54630389082776, 24.380903034138253], [-107.54603123231972, 24.38051331216554], [-107.54438355245318, 24.380584707569167], [-107.54428095662473, 24.380215556397005], [-107.54399379215455, 24.380090776970142], [-107.54412088104515, 24.37914119948717], [-107.54387921788513, 24.37877272223433], [-107.54255031923262, 24.3782278661871], [-107.54153258131387, 24.378248531726967], [-107.54119718022825, 24.378882230121878], [-107.54016352548078, 24.37915031993815], [-107.5394500974561, 24.37921959071819], [-107.53916691396132, 24.378989122267754], [-107.5379669003703, 24.379348351119127], [-107.53811813094418, 24.37960969960741], [-107.53800104314546, 24.380274365979762], [-107.53834947869503, 24.380618390160173], [-107.5383457233193, 24.380985024088613], [-107.53803131044847, 24.38156104981101], [-107.53737467580872, 24.382107410709096], [-107.53675970301559, 24.382187294511507], [-107.53647957289112, 24.38187004870838], [-107.53702555912812, 24.381008337698905], [-107.53715879368258, 24.380172657505454], [-107.53647283992714, 24.37976981045554], [-107.53644015998177, 24.37826344596734], [-107.53592781924195, 24.377740675849072], [-107.53601316999605, 24.377433157700455], [-107.5366034608464, 24.37717053687539], [-107.53630444706859, 24.3764280673605], [-107.53636272991808, 24.37595185631942], [-107.5356226040995, 24.375076227777832], [-107.53387698207683, 24.37459281852297], [-107.53370036907596, 24.374103821389575], [-107.53390020896333, 24.373861669261526], [-107.53356159782248, 24.37361658165613], [-107.53233746325941, 24.373287186502242], [-107.53074841274804, 24.373158514746322], [-107.53007102098586, 24.37272444223616], [-107.52912923709503, 24.37282614274798], [-107.52869892833209, 24.372295998688568], [-107.52839825122582, 24.37225326137038], [-107.52799372806054, 24.37177402501895], [-107.52640967141097, 24.37078072008611], [-107.52559192525378, 24.369382964470745], [-107.52513426215137, 24.369186930678246], [-107.52431649622251, 24.368240009100226], [-107.52317347795879, 24.36755620982258], [-107.52275352926884, 24.36692628968187], [-107.52202185351439, 24.366577086969755], [-107.52134115957499, 24.365645880270357], [-107.52062234986926, 24.365354547044284], [-107.51994378478736, 24.365953268278908], [-107.51955787447345, 24.36557763105175], [-107.519249524045, 24.364682806420916], [-107.51796901338427, 24.364400419031796], [-107.51737462623493, 24.363988661192238], [-107.51704314211467, 24.364069111195402], [-107.51663278289158, 24.36334078977466], [-107.51609888372961, 24.363170543564994], [-107.51583483288984, 24.36339598486139], [-107.51483116697068, 24.363596381397613], [-107.51363819493626, 24.363568934572804], [-107.51333687357106, 24.362958362230383], [-107.51354963179323, 24.362044841312837], [-107.51228064411234, 24.36214351042187], [-107.51093315392255, 24.361817906762482], [-107.51044099856551, 24.362195409728756], [-107.50974515739057, 24.36231934740326], [-107.50902550966859, 24.36212121823369], [-107.50868913728631, 24.36162229130338], [-107.50726127428521, 24.36170473846798], [-107.50712067043678, 24.361207631323154], [-107.50779052358223, 24.36080369462901], [-107.50793096695166, 24.360258060827505], [-107.5077035152117, 24.36012903292091], [-107.5076327360281, 24.359676705227695], [-107.5064494415675, 24.358522740457317], [-107.50551388343804, 24.358114489148385], [-107.50536162050614, 24.357861656835993], [-107.50457726654888, 24.35771404692486], [-107.50393364990656, 24.358004717605343], [-107.5034673184051, 24.357845013965935], [-107.50323662207758, 24.357379384167444], [-107.50274009520959, 24.357012919092664], [-107.50191936517687, 24.35668637421524], [-107.50068566900615, 24.35665210038395], [-107.50006304213419, 24.35631000896136], [-107.49909869859893, 24.356417348909016], [-107.49837859201915, 24.35600772640883], [-107.49620863644131, 24.356457179147096], [-107.49602026031752, 24.356730127784555], [-107.49530989525867, 24.356992708241954], [-107.49526835621097, 24.357729340855748], [-107.49496563830168, 24.357810144838584], [-107.49462792168289, 24.35759604322611], [-107.49439741923184, 24.357759285312476], [-107.4946472836984, 24.357962575456693], [-107.49442652416022, 24.358517474413794], [-107.49373983329396, 24.35830311224692], [-107.49353220961036, 24.357895069718875], [-107.4933023550685, 24.3579551836332], [-107.49301632217002, 24.357719567663295], [-107.49300751643845, 24.357270343119918], [-107.4923034993741, 24.357152613511904], [-107.49174912583662, 24.357488260570758], [-107.49126252988371, 24.357233246423167], [-107.490722578982, 24.357382623128224], [-107.48970820558085, 24.357111598065664], [-107.48924983914594, 24.358817380354406], [-107.48872927138436, 24.35908685980075], [-107.48944626412867, 24.35999379690971], [-107.48905298457137, 24.36088683792657], [-107.48866681858769, 24.365722549358868], [-107.48912796130011, 24.366520056746584], [-107.48912085471291, 24.367276189834804], [-107.48937287157224, 24.367588733366674], [-107.48910234306767, 24.36881752682303], [-107.48954913939669, 24.36987618804854], [-107.4894754204873, 24.3717061145707], [-107.48903734959445, 24.373082612563397], [-107.48750781531875, 24.374548408644568], [-107.48814207310181, 24.37597866220204], [-107.48859024519076, 24.376111800473513], [-107.48825921906, 24.376614555533912], [-107.48815354030393, 24.377434759203123], [-107.48815257905291, 24.37788302451055], [-107.48850914955977, 24.378187161798305], [-107.4897045753082, 24.377810692760587], [-107.4902184783275, 24.37819139866977], [-107.49076118863836, 24.37824045864256], [-107.49146982597044, 24.378866619752465], [-107.49200837472318, 24.378911654062446], [-107.49279275117291, 24.3786597512561], [-107.4962490908024, 24.378355280922474], [-107.49779264621316, 24.377729928569103], [-107.49903496306713, 24.376520782571607], [-107.4997372673201, 24.37509082616511], [-107.50062938545089, 24.374275491504864], [-107.50141399195799, 24.37418336841551], [-107.50145713086891, 24.373962987556126], [-107.50269350561143, 24.37325787835757], [-107.50375905433673, 24.37321638680691], [-107.50465137357226, 24.372322798146048], [-107.50459711881308, 24.371951142442082], [-107.5048023818086, 24.371782967399078], [-107.50551440945881, 24.371663718520356], [-107.50604650857274, 24.372204192267205], [-107.50633112109179, 24.372225758083715], [-107.50747720370349, 24.371905878874728], [-107.50847579530686, 24.370850505430237], [-107.50832599269424, 24.3705258069391], [-107.5084797955537, 24.370260564518198], [-107.50991492689805, 24.369396157804754], [-107.51098510406936, 24.369590970139626], [-107.5119964011298, 24.370104379080114], [-107.51252571979212, 24.370107542443805], [-107.51270333138189, 24.370651478345057], [-107.51250962908526, 24.37100813416966], [-107.51285067698461, 24.371642507594935], [-107.51261983363034, 24.371835000008208], [-107.51221220420227, 24.37178922017894], [-107.51215781523825, 24.372203272722142], [-107.51103140883181, 24.37153893616027], [-107.51018526029672, 24.371863421066102], [-107.50974390467853, 24.373542438444098], [-107.51086166908946, 24.37350481552803], [-107.51125021011522, 24.374035706564243], [-107.51063555632786, 24.374728908642727], [-107.51071285154221, 24.375210036119434], [-107.51045491775103, 24.37614329467965], [-107.50984529527314, 24.377091948070422], [-107.51012537455809, 24.377543440041677], [-107.5094847217857, 24.37784541009769], [-107.50925585733553, 24.37893104206789], [-107.50847332521144, 24.379046694710294], [-107.50781203116638, 24.380417103591718], [-107.50727133195731, 24.380500088098742], [-107.50699667107762, 24.380323129197848], [-107.50592845780189, 24.380761126741177], [-107.50565842874721, 24.380686787868484], [-107.50527612116808, 24.381397618307922], [-107.50465884705254, 24.381696790925826], [-107.50401134435378, 24.38125613909298], [-107.50349896056593, 24.381453274068043], [-107.5031633359628, 24.381093435935224], [-107.50146053335853, 24.381747271535136], [-107.50002463381668, 24.381522610660706], [-107.49860486751027, 24.38198547110226], [-107.49785691254687, 24.382535144738235], [-107.4973148802327, 24.382551250991018], [-107.49671898885659, 24.383143786822252], [-107.49659541048645, 24.383754809085314], [-107.49605768771936, 24.383990545589125], [-107.49546535136797, 24.383835526700995], [-107.49470610801639, 24.384077301362172], [-107.4925040545855, 24.38560378262352], [-107.4917850490095, 24.38577084756519], [-107.49121999203997, 24.38647509746385], [-107.49044405621021, 24.38626576309827], [-107.48975276277051, 24.38664968712733], [-107.48893352323972, 24.386758689016794], [-107.48863843650531, 24.386603522976934], [-107.48814649571968, 24.386914914145994], [-107.4868921090722, 24.38637429117631], [-107.48455943932659, 24.387229347398925], [-107.48417363453459, 24.387101936939224], [-107.48372391669132, 24.387706361669512], [-107.48341585440055, 24.38768753101977], [-107.48273268414364, 24.388221749112663], [-107.47916015491771, 24.389417067549598], [-107.4784441698142, 24.389206680820447], [-107.47732662315501, 24.39086805053685], [-107.47647117048307, 24.39152924489884], [-107.47648118074466, 24.391908805030326], [-107.47597089264728, 24.392351800630923], [-107.47611831963545, 24.392690896562293], [-107.47575201064812, 24.39276137158288], [-107.47506844836984, 24.39394753803241], [-107.47521997275257, 24.394095519444477], [-107.47597228958642, 24.393493334274734], [-107.47682469103204, 24.3936107397306], [-107.47727894421183, 24.394037955689566], [-107.47774198998121, 24.39398022838698], [-107.4787047576737, 24.395609928463546], [-107.47889099289523, 24.396600357555297], [-107.47869295053042, 24.398077111981227], [-107.47892968265437, 24.39844818434357], [-107.47876736671299, 24.398949974117837], [-107.4779454983856, 24.40026499306673], [-107.47702281818282, 24.401225817958476], [-107.47725918124497, 24.401711522668872], [-107.47732353209283, 24.40233617509348], [-107.47709854283141, 24.40283421448671], [-107.47741628594697, 24.403213512055274], [-107.47741234949082, 24.404214222880245], [-107.47730603500078, 24.405047051634014], [-107.47700040197772, 24.40528848659946], [-107.47735804494485, 24.405440248458756], [-107.4774491664938, 24.405966546216735], [-107.4774349033943, 24.407239682678775], [-107.47708692251422, 24.40851828271366], [-107.4776709907374, 24.41078226756987], [-107.4777228860286, 24.41183699647926], [-107.47819326094529, 24.413219219023492], [-107.47811995371879, 24.413872391979503], [-107.47899241691724, 24.415009200124334], [-107.47961703037544, 24.41747550640996], [-107.47936965981494, 24.41949757322495], [-107.47881376512979, 24.420414195267526], [-107.47793024861392, 24.421116466993556], [-107.47775984654012, 24.42147270670102], [-107.47785373537495, 24.42200612384185], [-107.47737323591016, 24.42251073305107], [-107.4776714492151, 24.423356043584267], [-107.47722223384525, 24.42386014046974], [-107.4758142006637, 24.42441815135854], [-107.47494011934494, 24.424002584260094], [-107.47302900695004, 24.423909653168682], [-107.47288242946136, 24.425488252420834], [-107.47302677817234, 24.426469830590637], [-107.47230672068544, 24.426462494469277], [-107.47208190996234, 24.426704984784035], [-107.47261254975787, 24.42823430415342], [-107.47097665683714, 24.428347017967134], [-107.46408014482884, 24.42781951319917], [-107.46506947055016, 24.43577040205557], [-107.46034920778953, 24.435030520522012], [-107.46058728923276, 24.43573833055533], [-107.4595467923105, 24.436696212281987], [-107.4591270167573, 24.436841556798836], [-107.45749632521871, 24.43669133783898], [-107.45539694023222, 24.43793149409251], [-107.45481110850127, 24.439739321969544], [-107.4530874446463, 24.44044794657813], [-107.45071501012475, 24.440524634570696], [-107.44976345462989, 24.441096511022955], [-107.44988392799952, 24.441660561138438], [-107.44963650037445, 24.441951156219293], [-107.44962390111553, 24.44237884568663], [-107.44988979541486, 24.442773372940415], [-107.4495867687793, 24.44302187628347], [-107.449531151108, 24.443923132810664], [-107.44913903322954, 24.443881728843348], [-107.44954043036674, 24.444672878651872], [-107.44860794895426, 24.445963295175876], [-107.4480137829707, 24.446266671374662], [-107.44721132502751, 24.44618652388052], [-107.4458943381999, 24.44567049656446], [-107.4450946955599, 24.445735976036115], [-107.44370168770787, 24.447093515798862], [-107.441652292872, 24.44850702412625], [-107.44117526248509, 24.448256802646636], [-107.43895222800083, 24.448784664560304], [-107.43556874470534, 24.44852637467745], [-107.43477532423495, 24.44905262247587], [-107.43430916324341, 24.449910342840816], [-107.4308412940815, 24.450286182803463], [-107.4298074571355, 24.44970574946562], [-107.42878571525503, 24.4497556064535], [-107.42647546333137, 24.45091040966586], [-107.41976284644673, 24.451877804706367], [-107.4115687568372, 24.447394685016537], [-107.4115103440998, 24.447615339372756], [-107.41256989658807, 24.449002721366952], [-107.41251715608708, 24.44924716073688], [-107.41110816699666, 24.45033480423037], [-107.40818254738075, 24.451518263254417], [-107.4096959865811, 24.45317547155345], [-107.41061762757779, 24.453347051065084], [-107.40839369767596, 24.4557612121651], [-107.40650281141667, 24.456483930777395], [-107.40893525192743, 24.45679863811558], [-107.41206148294937, 24.455731366828193], [-107.41451486917495, 24.460974989180066], [-107.41175802163649, 24.46198864420611], [-107.41239159591576, 24.463196538993213], [-107.41239239498225, 24.465154884873282], [-107.41150078393765, 24.46574230024491], [-107.40845438012947, 24.466903828755967], [-107.39616909135343, 24.47127867246531], [-107.39496770179282, 24.47149834199002], [-107.39413793216444, 24.47205124693001], [-107.39264167259161, 24.472409309664606], [-107.39147357294046, 24.473010554314676], [-107.39081745109569, 24.473087811106087], [-107.38994713170197, 24.47287708705477], [-107.38634774507682, 24.471028163708336], [-107.38363269155043, 24.472623416271194], [-107.3823361686568, 24.47416759321203], [-107.37477636726072, 24.47708095728543], [-107.37439474864917, 24.477325783725362], [-107.3738395962564, 24.478891672212004], [-107.37262593520418, 24.483749418858007], [-107.36843304190154, 24.489508940133923], [-107.36666044231053, 24.491571566790924], [-107.36415754051032, 24.49198813777329], [-107.35805390965976, 24.484899597421848], [-107.35632564111906, 24.48514630748881], [-107.34824301658692, 24.48443155690675], [-107.3434615734233, 24.48441031112077], [-107.33982815986113, 24.4821189455152], [-107.33601033280165, 24.48198699097772], [-107.33392962108698, 24.479258259816618], [-107.33450839387153, 24.478661778816075], [-107.33464550053979, 24.478172439824036], [-107.33536202645851, 24.462135648611667], [-107.33515022824608, 24.461121496473943], [-107.33520530751605, 24.458732302899964], [-107.29764887121404, 24.423401136976896], [-107.28157433488538, 24.4074128330252], [-107.30631379532588, 24.401854004853032], [-107.30182781608777, 24.394874159830334], [-107.32557415626336, 24.382603894718105], [-107.32391906632509, 24.38136346608362], [-107.32790413291585, 24.379687735229208], [-107.32753938496538, 24.37714256602407], [-107.32723195508585, 24.377156839956633], [-107.32532777970256, 24.3756957420909], [-107.32470442006856, 24.375829510569016], [-107.32059937595332, 24.37550075805262], [-107.31437363256597, 24.37584439935398], [-107.3124105229204, 24.37514830496818], [-107.31379983762285, 24.37211295345332], [-107.31582019860555, 24.370515302405085], [-107.31610918367572, 24.3700618751545], [-107.31766989529628, 24.364993750957222], [-107.31705628258412, 24.364229299149887], [-107.31719997971145, 24.36381629457987], [-107.31786829502782, 24.3635767891738], [-107.31804682685443, 24.363072502542938], [-107.31812463518118, 24.361905779338652], [-107.31714707388551, 24.360912834067022], [-107.31834144189305, 24.36035479222741], [-107.31894306663904, 24.359318583000583], [-107.31934283515443, 24.357793455785547], [-107.32066780538908, 24.354964439818417], [-107.32117098709357, 24.354536386466386], [-107.32306315106892, 24.35364758367171], [-107.32377522094863, 24.352666987169627], [-107.32416874490464, 24.351089400816864], [-107.32448616622135, 24.350769268275563], [-107.32067800863646, 24.35037859436375], [-107.31925183383127, 24.34994184955164], [-107.31300621429963, 24.344821026110946], [-107.31005823621018, 24.347861018818378], [-107.3117247123195, 24.349760659514676], [-107.3097277170942, 24.351195473047703], [-107.30927725125204, 24.35136952519843], [-107.30873175573561, 24.351191534663453], [-107.30641401124585, 24.35161851509452], [-107.30578727923262, 24.351561177147513], [-107.30398895936071, 24.35303110947612], [-107.30270582018247, 24.353294228326988], [-107.30134333792101, 24.35162153886237], [-107.30079371327113, 24.351935600610577], [-107.29617984202201, 24.348215151429496], [-107.29633931812317, 24.347806708482825], [-107.29706885228495, 24.34691671967509], [-107.29734304684072, 24.34679792109374], [-107.29771292275947, 24.347069374389264], [-107.299125068164, 24.34644608877469], [-107.30147351690414, 24.34512549575541], [-107.302941456436, 24.343842131209826], [-107.30035523612528, 24.34181303042207], [-107.30254390795086, 24.341464543303488], [-107.30343468355167, 24.340557754421383], [-107.30490362853175, 24.339909671718846], [-107.30663007682118, 24.339950293290137], [-107.30752756235223, 24.33941596994736], [-107.30867435115766, 24.339332835215973], [-107.30891967716103, 24.339204906933514], [-107.30867269383309, 24.338666495794232], [-107.31156215889578, 24.33758114313619], [-107.31096542704879, 24.336300504029406], [-107.30807373332179, 24.337261683982458], [-107.29787551780652, 24.338964235633888], [-107.28962291820912, 24.34566197838034], [-107.28646118613403, 24.344964503294776], [-107.2727112228316, 24.352212333469588], [-107.2689200970171, 24.354237199375923], [-107.24374285820448, 24.370060540718956], [-107.23685595820191, 24.36306861562611], [-107.21486362183606, 24.333315679308093], [-107.21511322576815, 24.32968150918302], [-107.21335064458847, 24.32545570080349], [-107.21330377389219, 24.324558300807958], [-107.216047010143, 24.321623392733006], [-107.21705009501774, 24.318752097642257], [-107.21751349219078, 24.318420483968367], [-107.21865745963747, 24.315260501094855], [-107.22211615822356, 24.31451245196846], [-107.22784246772979, 24.308103779060335], [-107.22642117950427, 24.29954514519206], [-107.22784713122847, 24.289272803015105], [-107.22815375182647, 24.28892436193927], [-107.22882726580876, 24.28869473516257], [-107.23875314171704, 24.28291192405061], [-107.23907724749863, 24.28475106658147], [-107.24005170480686, 24.285042420577224], [-107.24048564682938, 24.28541818487104], [-107.24154045687908, 24.285536372759417], [-107.24511700082527, 24.286801995801735], [-107.24451510859768, 24.289915922349067], [-107.25079017062916, 24.292287966605734], [-107.25059279545675, 24.293064756955246], [-107.25096988875977, 24.293169038841846], [-107.25116281644893, 24.292583386101033], [-107.25595371838828, 24.2932431715341], [-107.25678845860485, 24.294764160238365], [-107.25797115806654, 24.293858070444806], [-107.25987409909725, 24.291833015498273], [-107.26119700149582, 24.288842074430278], [-107.2568438829826, 24.284932404338978], [-107.25636702199708, 24.28331055070835], [-107.2600264781098, 24.273654514451554], [-107.26352266045318, 24.27039716519391], [-107.2648991572634, 24.269855964007437], [-107.26592008212018, 24.268070896880822], [-107.2777769526109, 24.257097856360154], [-107.28194786324052, 24.2496597814202], [-107.28247845813763, 24.249613606582628], [-107.28437973817954, 24.244636188889498], [-107.28602533101825, 24.244888526517748], [-107.28641928825573, 24.24361194508003], [-107.28883868794338, 24.243728422247354], [-107.28871223055711, 24.24335772816151], [-107.28913371669465, 24.241292543997396], [-107.28975246221056, 24.240934520079346], [-107.29092285594724, 24.240835688481525], [-107.29198205346555, 24.240055428573303], [-107.29255443740507, 24.240018141229548], [-107.29430201714963, 24.24044082221149], [-107.2952538073489, 24.240063418430093], [-107.2954841398518, 24.23974265522075], [-107.29652026464993, 24.239222686979033], [-107.29615068102314, 24.23836842877382], [-107.29602046449358, 24.234596658106422], [-107.29528438863629, 24.232477279562307], [-107.29528896984401, 24.231332212588317], [-107.29545212672858, 24.23079328441563], [-107.29619703632399, 24.229922206526503], [-107.29655854090457, 24.228005995748493], [-107.296866543723, 24.227752955116713], [-107.29774160043397, 24.227749295494952], [-107.2982976790426, 24.227387411808117], [-107.2984062434367, 24.227051387659284], [-107.29800870237294, 24.226379072380233], [-107.2969693289628, 24.225353407441624], [-107.29783827643392, 24.223849902349176], [-107.29721565184595, 24.222244719878532], [-107.29614761022523, 24.22077999888535], [-107.29645097189838, 24.22026906989875], [-107.29717027143518, 24.220296436288226], [-107.29763366075385, 24.220576055248447], [-107.29866471788407, 24.22056048722152], [-107.29894231202518, 24.220355664984936], [-107.30096687986813, 24.2205543622942], [-107.3027484385422, 24.221721630628412], [-107.30475382292575, 24.222589332333733], [-107.30733523269151, 24.221891012933664], [-107.3099557830174, 24.221631524501237], [-107.31088293325163, 24.221053778570653], [-107.31157547390255, 24.221329872592452], [-107.31527433400979, 24.22424484822152], [-107.31717991040419, 24.224196735518838], [-107.31820939034071, 24.224668294971632], [-107.31940975582688, 24.2270957480353], [-107.32033813708726, 24.230033673403906], [-107.32068790593185, 24.230362710936365], [-107.32485090485156, 24.231273630399997], [-107.32527620101263, 24.231171597668798], [-107.32551939974574, 24.231368506969247], [-107.32546437244487, 24.231780150935883], [-107.32501025875625, 24.232016378539612], [-107.32504671169686, 24.23287564814205], [-107.32576156366231, 24.23322776213591], [-107.32629814526636, 24.234088935184428], [-107.32617923568492, 24.23442513364713], [-107.32658389507155, 24.235479397469685], [-107.32668703452534, 24.237140149007825], [-107.32710281925291, 24.238232451288507], [-107.3284588537015, 24.240036442446197], [-107.32989502413568, 24.24137583431914], [-107.33094168963852, 24.241636855907366], [-107.3322228796603, 24.241617216377975], [-107.33335080128086, 24.243190592795102], [-107.33532059898194, 24.244077504067022], [-107.33752476049477, 24.24381913366787], [-107.33811403648737, 24.24356645517854], [-107.34040071886416, 24.24184030773533], [-107.34068635289455, 24.240937881949307], [-107.3419819756014, 24.240569235556325], [-107.34310064591483, 24.24049468616115], [-107.34307387035669, 24.23960184438191], [-107.34374487091537, 24.238125031762223], [-107.34424430545947, 24.237520247849826], [-107.34486145401432, 24.235948729026244], [-107.34497668007602, 24.235130130074488], [-107.3444029098471, 24.2330992858273], [-107.34488477480193, 24.232389678995542], [-107.345078549617, 24.231025309156006], [-107.34458991767282, 24.228806870380936], [-107.34339951884344, 24.227234537119475], [-107.34080122940011, 24.22557877240777], [-107.33859172347783, 24.223816668629617], [-107.33804362585809, 24.22261178784892], [-107.33831132376184, 24.222153879271133], [-107.33888392013267, 24.221848922409468], [-107.34000243353265, 24.221774408305706], [-107.34080280970866, 24.2219627256031], [-107.34163577689903, 24.22250879065128], [-107.34307000009487, 24.22289275030029], [-107.34501659714826, 24.224233695831256], [-107.34558371423422, 24.22505133867151], [-107.34666786034907, 24.225942213479264], [-107.34821430504324, 24.22704567183653], [-107.34939942656747, 24.227476397327056], [-107.35217052286357, 24.229740755985834], [-107.35321747408075, 24.23002073170862], [-107.35486630628021, 24.231304045161558], [-107.35642458377569, 24.2316286291084], [-107.35759404373303, 24.23233657397685], [-107.3581520508936, 24.23237091234402], [-107.35935215609258, 24.233044940667355], [-107.36103165682374, 24.2331621881129], [-107.36166388970493, 24.23354883696931], [-107.36207547002039, 24.233552006399933], [-107.36298531596388, 24.23289301570218], [-107.36579848183221, 24.23262478926274], [-107.36732844721156, 24.23226185161376], [-107.36761661823421, 24.231789243515514], [-107.36784539769886, 24.231766581795288], [-107.36927262967689, 24.232045291902832], [-107.36972333161084, 24.232754779239375], [-107.37067058033021, 24.232711362641865], [-107.37278090557122, 24.23162281122488], [-107.37642357153057, 24.231145615686636], [-107.37648893664058, 24.23073856868437], [-107.37733462278588, 24.23027635361131], [-107.37777562588934, 24.230742350919098], [-107.37860840839448, 24.230987275616133], [-107.38009794962188, 24.2326549290774], [-107.38076812293919, 24.2325584632344], [-107.38097117991128, 24.232273459192097], [-107.38299991353455, 24.2335218511383], [-107.38481205588303, 24.234047547518813], [-107.38495110201285, 24.233682346539087], [-107.38533521563335, 24.233609444529392], [-107.38781378536041, 24.235232844362557], [-107.39259885015232, 24.237068328145423], [-107.39296172633406, 24.23753072957622], [-107.39488343353209, 24.238895272576563], [-107.39723815984644, 24.240014125558858], [-107.39850754944474, 24.241035428390607], [-107.39867417408585, 24.24158688763928], [-107.3998999354679, 24.243057862867897], [-107.40095775007316, 24.243919312611528], [-107.40305007040796, 24.244827454786684], [-107.40548051772488, 24.247101064021543], [-107.40864415754085, 24.24919933665136], [-107.4125525188635, 24.250697490450584], [-107.41570826272199, 24.251629486215734], [-107.41799251310678, 24.249695474138576], [-107.41944818956428, 24.249968996917474], [-107.42168873087553, 24.251033069832953], [-107.42391299327724, 24.251445215784713], [-107.42670506881426, 24.252900830945965], [-107.42829889256744, 24.254968184118788], [-107.42879431848762, 24.256084202205226], [-107.42954515039688, 24.257107555826387], [-107.43115625013583, 24.25844776937578], [-107.44010022862558, 24.265579860021617], [-107.46174501746111, 24.281269281199858], [-107.46263969394006, 24.282106852424455], [-107.46645549341194, 24.28457041276083], [-107.46976115665241, 24.287096501462123], [-107.470589251424, 24.286944137561033], [-107.47064159946616, 24.28718684193988], [-107.46991550941225, 24.28760317911066], [-107.4705543377431, 24.288062169859025], [-107.47082243766084, 24.28731533292729], [-107.47104610766782, 24.287291538568454], [-107.47111749049749, 24.288010136044733], [-107.47069153029909, 24.288268349517725], [-107.4708549500838, 24.288685749260875], [-107.47500981919282, 24.292200289819924], [-107.48204468548604, 24.296476253096415], [-107.48779999984797, 24.300699999347067], [-107.51339999965923, 24.318199999551386], [-107.54068269571222, 24.336302277881455], [-107.555699999045, 24.345800000543022], [-107.58654716941919, 24.36629588021533], [-107.61909250795068, 24.38758842962719], [-107.66196665871693, 24.414832060356943], [-107.70225359173574, 24.43917717721467], [-107.70865693433326, 24.442365319634348], [-107.71650992419389, 24.447294593105383], [-107.7179132707284, 24.447936807643764], [-107.72964026350252, 24.454784868890204], [-107.7329953101414, 24.456426700072356], [-107.74811109299179, 24.464778679408727], [-107.75863124611482, 24.471214546596418], [-107.7662250782073, 24.474728709021736], [-107.76968813273275, 24.476732171427944], [-107.77956695174628, 24.481490645028835], [-107.7905134412461, 24.486151849565914], [-107.79552718748178, 24.48800442035278], [-107.79808510758642, 24.489610555862914], [-107.80781174539575, 24.49385647842212], [-107.81097047372653, 24.495807637022917], [-107.81275584497166, 24.49638588993278], [-107.81489005075865, 24.497522264229296], [-107.81772807111805, 24.49962136093558], [-107.82058184763656, 24.500689901321188], [-107.82307433419749, 24.502438790657642], [-107.8246150387725, 24.503795075693745], [-107.8254164414307, 24.506090806344336], [-107.82515742541892, 24.508301222628575], [-107.82436030567865, 24.509764591346773], [-107.82353344324966, 24.51203697636273], [-107.82154659299671, 24.514475923729105], [-107.81986312363719, 24.515707295337496], [-107.81411561269704, 24.51757989926029], [-107.80760541754516, 24.519409299220495], [-107.80609980725534, 24.519570285109786], [-107.80540175799025, 24.519348041045415]]]}}, {"type": "Feature", "properties": {"CVEGEO": "25020", "CVE_ENT": "25", "NOMGEO": "Sinaloa", "CVE_MUN": "020", "NOMMUN": "Juan José Ríos", "cov_": 1893, "cov_id": 1894}, "geometry": {"type": "Polygon", "coordinates": [[[-108.72038599402303, 25.949145307708825], [-108.64991141181487, 25.88063114770958], [-108.6709060007938, 25.87322057663823], [-108.66746570074541, 25.850794403684525], [-108.67551782231955, 25.849923220299655], [-108.67633969846212, 25.84955401530623], [-108.68440130500656, 25.848795856571304], [-108.68787557555994, 25.848244649107897], [-108.6879629150338, 25.84850966913082], [-108.68871499580204, 25.84878164693261], [-108.68984779590305, 25.84857626007018], [-108.6900589673836, 25.848413399148573], [-108.69007784273029, 25.84800251049895], [-108.69917082257118, 25.846974860710716], [-108.70490642870095, 25.846004313782473], [-108.7067223931082, 25.848299858127334], [-108.70698727652855, 25.848380178025916], [-108.7234071718463, 25.85001727525954], [-108.72330725807707, 25.849304268288307], [-108.72356754851874, 25.848488466621], [-108.7231692986611, 25.848233836943226], [-108.72235824596761, 25.848858332569037], [-108.72194186774121, 25.847807462887506], [-108.72202155294626, 25.84698461990597], [-108.72306312952955, 25.845554885206248], [-108.72336799299399, 25.84560670557981], [-108.72343434702194, 25.84545229676399], [-108.7236066902863, 25.845650691525428], [-108.72500312367822, 25.845867748101522], [-108.72610900315797, 25.842622947490593], [-108.72640768507331, 25.84109869303464], [-108.7270035067924, 25.83983548132495], [-108.72709107252587, 25.838290895609607], [-108.72760520742224, 25.837029781359625], [-108.73575142786005, 25.80731925681079], [-108.7359987382941, 25.807136328000695], [-108.74261404756946, 25.81165359639143], [-108.74494555772357, 25.813475012599575], [-108.74664879094132, 25.810314717912995], [-108.73699737972478, 25.800161672978618], [-108.73185197984607, 25.791621948428062], [-108.7204697194204, 25.79151559405785], [-108.7204937003739, 25.78541079024281], [-108.71580513095596, 25.78828550107662], [-108.71496670004574, 25.788561503205006], [-108.71342070049742, 25.788507476002806], [-108.70604100090436, 25.78471238222061], [-108.70510965996445, 25.784064985155943], [-108.70458998030003, 25.78313264712169], [-108.70449354939123, 25.781900966046734], [-108.70660418115098, 25.770741277568245], [-108.70639737993307, 25.742146267763214], [-108.7055474008601, 25.7392478995635], [-108.70334849436202, 25.736153646443025], [-108.70371467484169, 25.735861138438516], [-108.71218157526967, 25.722926525905333], [-108.72086898647648, 25.72749114771155], [-108.72136836723934, 25.727458095469945], [-108.72968260368802, 25.73188484847962], [-108.73725332055004, 25.720200136994034], [-108.75448787499498, 25.729397470356325], [-108.7613969663059, 25.718774083158856], [-108.75304813295267, 25.714305838189592], [-108.76638413356805, 25.693740920313445], [-108.75756628450104, 25.68904771739626], [-108.77269108128723, 25.665731348559135], [-108.78144283749258, 25.67049605268443], [-108.79238972578727, 25.65361080113572], [-108.80074309208831, 25.658117123720025], [-108.80680063648546, 25.648712452632402], [-108.81518747327344, 25.653152729224182], [-108.84111154457621, 25.612967818825034], [-108.84120671700414, 25.611924093507145], [-108.84065990084171, 25.61090931650444], [-108.83490201433216, 25.605830419612612], [-108.83416796818899, 25.60630800078467], [-108.8322077657365, 25.610041976080723], [-108.82328898281577, 25.60510180635678], [-108.82279369471479, 25.60583841828593], [-108.81158847431104, 25.605805744624025], [-108.80831300747633, 25.61073163998299], [-108.8058565896176, 25.608355390128395], [-108.80577843176427, 25.607428749277346], [-108.80104569409205, 25.60527253282812], [-108.80160203044301, 25.604289154382187], [-108.79423314964211, 25.600293678539934], [-108.79474828186163, 25.594076932244427], [-108.79382087625852, 25.58857709542656], [-108.79395754712421, 25.58757047670423], [-108.79645821606572, 25.58554760760904], [-108.80086842140066, 25.582441814878088], [-108.80575037647408, 25.581361914624022], [-108.80649683440002, 25.580996716355905], [-108.81204957986102, 25.573257636572997], [-108.81339324023152, 25.56531067485731], [-108.81308509619289, 25.564538775279136], [-108.81053643784264, 25.5615980698914], [-108.80671174024468, 25.55768546885551], [-108.80581331636174, 25.55303684959118], [-108.7987295951869, 25.547999080331703], [-108.79843628952659, 25.547411689339803], [-108.79772548432253, 25.546794939906242], [-108.79613579283138, 25.546273372357533], [-108.79582897256256, 25.545818996971462], [-108.79618642334583, 25.54408499172584], [-108.79649554521883, 25.54383976951446], [-108.79680367761344, 25.544054900910098], [-108.79897215451025, 25.543890039842715], [-108.80007190045235, 25.54440420943608], [-108.80026025544895, 25.544123927699328], [-108.80003093827435, 25.543948969694185], [-108.80022405652431, 25.542275517454506], [-108.80070111672643, 25.542156584275492], [-108.80135367718837, 25.54240295576399], [-108.80247271684024, 25.542335666940286], [-108.80419324635669, 25.541669794327625], [-108.80430311951308, 25.54051913548784], [-108.80377159412363, 25.539895740466257], [-108.80378051175343, 25.539266322522376], [-108.80451482313323, 25.53929547025143], [-108.80468597157636, 25.53973325413378], [-108.80560967371157, 25.540356497030313], [-108.8057998047541, 25.540273149336873], [-108.80614855306443, 25.5405113255199], [-108.80643677579675, 25.54030682996265], [-108.80682540971969, 25.540334906058437], [-108.80845566646931, 25.53912858937217], [-108.80860855551823, 25.53828838610826], [-108.80964770103081, 25.53681804202399], [-108.81027818324384, 25.53633225186045], [-108.81061475894596, 25.536431021945507], [-108.81143613445356, 25.53599151146389], [-108.81140608956932, 25.535602329061298], [-108.81256638548625, 25.53572084126113], [-108.81311774475118, 25.53536072760887], [-108.81349492497812, 25.534747849036556], [-108.81406711730718, 25.53455604680565], [-108.81449219951824, 25.53409167475838], [-108.81501482403266, 25.53453836891257], [-108.8151269416721, 25.5344057872629], [-108.81551655560492, 25.534535329185218], [-108.8157848417828, 25.534261991961067], [-108.81628462594301, 25.53465198464179], [-108.81725332336019, 25.534597565417148], [-108.81749851725692, 25.53387555293953], [-108.8172149864478, 25.53213011448082], [-108.8162893387457, 25.53116527528511], [-108.81613659722076, 25.530540088129253], [-108.81686949921784, 25.52919829704438], [-108.81645921752708, 25.52792652682586], [-108.81688750642134, 25.527354530336165], [-108.81710724311607, 25.52792671074261], [-108.81779273740153, 25.528060595241158], [-108.81809948284905, 25.5276033255205], [-108.81840119495824, 25.527581375512252], [-108.81842946353116, 25.526970558874446], [-108.81870274162046, 25.526785533440005], [-108.8189949106246, 25.52768548305318], [-108.8196704746008, 25.5279603213896], [-108.81966781827998, 25.52923883696884], [-108.82003518630032, 25.528946828115764], [-108.82135323581325, 25.52967524624589], [-108.821557193153, 25.52960961823433], [-108.82199712499049, 25.53006850030194], [-108.82241677894635, 25.530097737325672], [-108.82293655379287, 25.530628900161147], [-108.82291110059919, 25.532269836699243], [-108.82321781508979, 25.534812666672607], [-108.82304268524263, 25.536065540427487], [-108.82389174872327, 25.536499644665266], [-108.8240176823077, 25.53697677124805], [-108.82422128631826, 25.53696943733772], [-108.82412325986884, 25.53771976831887], [-108.82470601874223, 25.537581917019935], [-108.82458223278402, 25.537800235493616], [-108.8248320682883, 25.537888181795648], [-108.82548217585251, 25.53892850634352], [-108.82571074321253, 25.54061304196854], [-108.82552795945008, 25.54155453819592], [-108.82599371973268, 25.541429786163246], [-108.82661163517953, 25.541735237187538], [-108.82729060572106, 25.54166119222164], [-108.8295951526679, 25.542782814876727], [-108.83150228137859, 25.543251479514034], [-108.8317829625013, 25.54350745024974], [-108.83276894871324, 25.543646437859728], [-108.83385055345252, 25.544422137200254], [-108.83429714196174, 25.545503927204827], [-108.83479838056091, 25.545866675226], [-108.83529844212357, 25.547304861423914], [-108.83552701597404, 25.547385299486116], [-108.83576199487284, 25.548014330211302], [-108.83554306536493, 25.54851455460943], [-108.83586722371419, 25.549925192629512], [-108.83571414494409, 25.55026690003248], [-108.83591521265504, 25.55052696087318], [-108.83573316054537, 25.550863405277244], [-108.8361465099827, 25.55076210539162], [-108.83635971080004, 25.550985667950048], [-108.83662667242179, 25.552964650909402], [-108.83693033407766, 25.553175784380194], [-108.83667480495704, 25.55343173655514], [-108.83696105177816, 25.55406947192454], [-108.83682811049543, 25.55462574183223], [-108.8369070675029, 25.55480859348774], [-108.83695164950988, 25.554608422274953], [-108.83703285598824, 25.554722880138208], [-108.83691493422901, 25.55581947014534], [-108.83710742862756, 25.55609391911219], [-108.83676657727094, 25.557698794686292], [-108.8363621657693, 25.558219976478856], [-108.83651189236056, 25.5593014987884], [-108.83615406405443, 25.5598938251161], [-108.83701579144468, 25.5623154971866], [-108.83774412179231, 25.56333358195881], [-108.8385554611183, 25.564035912899953], [-108.83729817227366, 25.565331275708836], [-108.83765755194125, 25.565794218340415], [-108.83754818635798, 25.566221215220278], [-108.83785969859126, 25.566052234018265], [-108.83839872242042, 25.566206924178452], [-108.83925821518103, 25.565987359627897], [-108.84007680881534, 25.566430187794985], [-108.84081226741404, 25.566282217091445], [-108.84205659178151, 25.564790179379077], [-108.84317570762047, 25.56444315773891], [-108.84610789605205, 25.56500724943909], [-108.84746382537217, 25.564720305870022], [-108.84785444542318, 25.564392424858084], [-108.84863346754881, 25.56449854742043], [-108.8497549056032, 25.56429413597761], [-108.8521476071424, 25.56323611137206], [-108.85212775024071, 25.56206274300872], [-108.85275062849232, 25.561584007888143], [-108.85330963408522, 25.561740126637915], [-108.85309425278693, 25.562141790165477], [-108.8536906443861, 25.562634619458972], [-108.8560430762519, 25.562880120154116], [-108.85683399040438, 25.563219058999007], [-108.85735737072149, 25.563231380202232], [-108.85896760303419, 25.564310496326165], [-108.85974108673963, 25.56562475679034], [-108.86065468956154, 25.566263951094253], [-108.8612927732364, 25.56791544950395], [-108.86179725429872, 25.570167464506287], [-108.8624589608499, 25.571587167154508], [-108.8624186270758, 25.57253899611646], [-108.8628470083332, 25.57283521177119], [-108.86339026185237, 25.572499243056807], [-108.86343829177599, 25.57261455085637], [-108.86298881958193, 25.5731792030252], [-108.86301312740595, 25.573797661527806], [-108.86195985365092, 25.576332055334237], [-108.86165960693312, 25.5778857340265], [-108.86132674091692, 25.57828649208839], [-108.86172244891242, 25.579013723234976], [-108.86214647969881, 25.578897994729633], [-108.86209437737205, 25.57844911307994], [-108.86260032234466, 25.577710104046027], [-108.86268628113525, 25.57866060456536], [-108.8631740447171, 25.578872837624896], [-108.86311753997037, 25.57773562837163], [-108.86396360571571, 25.57795948455522], [-108.8638495884313, 25.57717053554743], [-108.86424942982768, 25.577233335699884], [-108.86380430264951, 25.57631344476587], [-108.86417659461824, 25.57589856398683], [-108.86441838123044, 25.575078093902736], [-108.86527018156676, 25.57510179489262], [-108.86612958504215, 25.57618861505501], [-108.86620872049363, 25.57692621917566], [-108.86655378985695, 25.577112061964748], [-108.86676937879767, 25.577062135971726], [-108.86693883731262, 25.57606066826605], [-108.86733903918892, 25.576100321187937], [-108.86802102326936, 25.575461167480473], [-108.86717914487585, 25.57457490243823], [-108.86669452100733, 25.573357573342832], [-108.86638555992846, 25.57112453313543], [-108.86696347186543, 25.570419788101912], [-108.86692155552952, 25.5700812027177], [-108.86757062005172, 25.569452970741214], [-108.86735401836009, 25.568437588458774], [-108.86778192240776, 25.564999117521204], [-108.86946382909895, 25.563688267409624], [-108.86963471925701, 25.56311087565998], [-108.8693198118635, 25.562001623729767], [-108.86949171007264, 25.56155888040809], [-108.87140500438923, 25.560863989378934], [-108.87239817455712, 25.561014566330325], [-108.87343358162506, 25.5614444212725], [-108.87515369740142, 25.561082247628146], [-108.87555000005558, 25.561483797981783], [-108.87711187473252, 25.561952930071673], [-108.87803149383824, 25.562708426431108], [-108.87960456189533, 25.5649661734362], [-108.88146678275186, 25.565332807020926], [-108.88187760527039, 25.5650847128425], [-108.88255485131906, 25.56519536418986], [-108.88318563369391, 25.566063023100863], [-108.88364275163345, 25.566356401100236], [-108.88480815672105, 25.566486224012465], [-108.88702278272511, 25.568224311608212], [-108.88715167279913, 25.56878368782819], [-108.88784678555854, 25.568897859205713], [-108.88904795602147, 25.568351327873803], [-108.88965354188569, 25.567342265943893], [-108.89078868906765, 25.566262811229002], [-108.89111748208634, 25.565329446734335], [-108.8908009335656, 25.564312764740293], [-108.89135991614467, 25.564466722518585], [-108.89148313469929, 25.564302645764336], [-108.89242786850002, 25.56487245528033], [-108.89287707399492, 25.56478410540447], [-108.89437729357365, 25.5653994031017], [-108.89480603158391, 25.565910580786444], [-108.89508709738149, 25.565830735406703], [-108.89540071262599, 25.56607161378203], [-108.89555165050415, 25.566489695842776], [-108.89654238643128, 25.567520552291544], [-108.8980907271152, 25.566064209278952], [-108.90076469165643, 25.564469284298045], [-108.902487050635, 25.56236907446075], [-108.90385441001027, 25.56244109947828], [-108.90434945698877, 25.56280978063251], [-108.90486116112348, 25.562872485761236], [-108.90464764776972, 25.561619935080355], [-108.90516738197364, 25.560838229434342], [-108.9058546188833, 25.56057464539691], [-108.90624724285931, 25.559973213904282], [-108.90721498947221, 25.55961368803622], [-108.90781636750056, 25.559026772340392], [-108.90769496053304, 25.55856369571584], [-108.90791541416077, 25.55811962330046], [-108.90811687001703, 25.555999716853428], [-108.9080141789696, 25.554884905172838], [-108.90741950720823, 25.554040518783022], [-108.90780453136841, 25.553069450617112], [-108.9074627778315, 25.552371063270247], [-108.90791958571238, 25.551972938358393], [-108.90800758380412, 25.551407780979876], [-108.9075178906276, 25.55052038923777], [-108.90712694419486, 25.55021728283162], [-108.90712144571783, 25.549638547468952], [-108.90652396058088, 25.549115826737662], [-108.90577608514063, 25.548874506709264], [-108.90599823949864, 25.548756011752964], [-108.90542508108702, 25.547207546234382], [-108.90475013792555, 25.546823567105605], [-108.90376267818672, 25.546709228571512], [-108.90276447118096, 25.546126844223668], [-108.90258033617934, 25.545641313721624], [-108.90286381045672, 25.54420262211499], [-108.90371002047397, 25.543719744258112], [-108.90418613387673, 25.542346259358077], [-108.90516664732202, 25.542111044681324], [-108.9053907325452, 25.541574418514564], [-108.90611680498012, 25.54148668587542], [-108.90599296128458, 25.541220650140367], [-108.90621047817868, 25.54102791511055], [-108.90640677827491, 25.541137244337357], [-108.90631831723447, 25.54168833849053], [-108.90699066505111, 25.541378924051372], [-108.90701655770862, 25.540879754918908], [-108.9067886742472, 25.54054815927788], [-108.90627035167505, 25.540278594231626], [-108.90570946779496, 25.540540807020886], [-108.90508689527766, 25.539447904569506], [-108.90509177491533, 25.53925682660537], [-108.9059286285563, 25.53862344077787], [-108.90590491743828, 25.538165785344805], [-108.90546251632632, 25.537640932528465], [-108.90491608596196, 25.537460551760766], [-108.90449187064046, 25.5380427191032], [-108.90348039734738, 25.538347094839636], [-108.90061867994707, 25.53850584985547], [-108.89950890172524, 25.537964598623585], [-108.89827109500375, 25.53853226178471], [-108.89714065482286, 25.538652838755112], [-108.89658278204288, 25.538255651155264], [-108.89641011736698, 25.537712517199434], [-108.89670952581645, 25.536079445805562], [-108.89765013346911, 25.535159920542984], [-108.89766278966604, 25.534592759825312], [-108.89798169300747, 25.534041560529644], [-108.89847251179462, 25.53394205044874], [-108.89925130744271, 25.533089148029184], [-108.89972509408156, 25.53205341575902], [-108.89994628680708, 25.530743017062377], [-108.89969294759739, 25.529760843116136], [-108.89882094936017, 25.529034355391172], [-108.8977557959473, 25.52856826896035], [-108.89702176800901, 25.52779185399526], [-108.89685506292581, 25.526473708476736], [-108.89710084727595, 25.52489532165947], [-108.89681214312671, 25.52377739850067], [-108.89739878429481, 25.523080376548148], [-108.89908910919594, 25.523015244620893], [-108.90035087979011, 25.523329348617235], [-108.90084293778456, 25.52374838988131], [-108.90188319008837, 25.524130692895895], [-108.90226479642034, 25.524011976983278], [-108.90282471071167, 25.52344830990962], [-108.9032179799667, 25.52239060719619], [-108.90317307134904, 25.521824974814606], [-108.90260401382548, 25.521080372561737], [-108.89877051594361, 25.51830421428446], [-108.8980447758234, 25.517234120664074], [-108.89823011328436, 25.515978944343335], [-108.8996991916041, 25.515103639464563], [-108.90023259580335, 25.514474360675674], [-108.90362470017116, 25.514568851609507], [-108.90403256436919, 25.514851437015704], [-108.90394260128392, 25.515219655828613], [-108.90442415615941, 25.515315349656582], [-108.90533376054026, 25.51590614438815], [-108.90575907967661, 25.515770176383683], [-108.90571755046294, 25.515582338462785], [-108.90602765379546, 25.515718788009366], [-108.9063134115658, 25.515377498972537], [-108.90716118030606, 25.515427231440718], [-108.90760784505987, 25.51526655936177], [-108.90794214877083, 25.514509911539538], [-108.90779100148391, 25.51422049172225], [-108.9071917283506, 25.51394403689913], [-108.9070230042116, 25.513112378120123], [-108.90662099791686, 25.51260049943206], [-108.90565126720618, 25.512477641044256], [-108.90509761127204, 25.511523588492405], [-108.90483256245383, 25.51154674622169], [-108.90398782531426, 25.51090597389843], [-108.90286006491247, 25.51096418147756], [-108.90269172757735, 25.511374697840203], [-108.90222346682947, 25.511278642429044], [-108.90209030129719, 25.510996769904793], [-108.9022525131757, 25.510807520056417], [-108.90197926691029, 25.510714307792483], [-108.90158485974175, 25.509751971783448], [-108.89922501754855, 25.508697283349655], [-108.89782717800651, 25.50834859054526], [-108.89582487528362, 25.507115472852405], [-108.89527216372699, 25.506872899822948], [-108.89490713701585, 25.506954975588677], [-108.89431890342371, 25.50657263938781], [-108.89305008341444, 25.50637723967591], [-108.89143937030946, 25.50656880542212], [-108.88849667865873, 25.507491216807413], [-108.88783668837759, 25.50818009478118], [-108.88777462360603, 25.506976733166994], [-108.88680326802782, 25.50597740050167], [-108.88649220365345, 25.50450426592658], [-108.88685818627346, 25.50342119086017], [-108.88846131027633, 25.501896220779766], [-108.88979913252739, 25.501039578074472], [-108.89167645663423, 25.500464073497525], [-108.89177059369992, 25.499572131445206], [-108.89289996067433, 25.497988360055498], [-108.89457962262678, 25.496574863837996], [-108.89487652257233, 25.49609862739316], [-108.89635901611176, 25.495164731227483], [-108.89658418560924, 25.494696433070683], [-108.89750884107615, 25.49401152885128], [-108.89807558306056, 25.49249697380387], [-108.89800598182016, 25.492124962288496], [-108.89709218205095, 25.490848794418625], [-108.8957189138614, 25.489813986763227], [-108.89549053266703, 25.4882964585707], [-108.89589506363977, 25.487176159063665], [-108.89770060275846, 25.48582563426013], [-108.89765771854108, 25.484566487716357], [-108.89847027678992, 25.483807189117492], [-108.89836519785145, 25.482336637672525], [-108.90031972787233, 25.48244741845004], [-108.9022380758162, 25.484452583611763], [-108.90314727469458, 25.484148960981617], [-108.9041955527994, 25.483558224915647], [-108.90456897616254, 25.483190487534593], [-108.90469101477888, 25.482718906728472], [-108.90698159625867, 25.48069203823123], [-108.90868120992198, 25.480112036174823], [-108.90983251138752, 25.478328590234515], [-108.90946199118105, 25.478101298516464], [-108.9097605457789, 25.477884286430225], [-108.91062809078313, 25.47786917553088], [-108.91314949102114, 25.476752634160295], [-108.91417635838035, 25.47550512843192], [-108.91543905170532, 25.47320009760382], [-108.91596866621232, 25.471642263657483], [-108.91512327471725, 25.47076839460081], [-108.91467922703796, 25.469501895729934], [-108.91398689687881, 25.4684993036456], [-108.91362147730847, 25.4680186275244], [-108.91315794078707, 25.467789806584026], [-108.91299618436415, 25.46703433812515], [-108.91313418773561, 25.466236700586766], [-108.91370715269443, 25.465332985076557], [-108.9144671719418, 25.464530792120875], [-108.91503159398748, 25.463363990655736], [-108.91589771016547, 25.46255694683383], [-108.91646609668621, 25.462196041956776], [-108.91735518460722, 25.462029577934803], [-108.91751360577486, 25.46179418967133], [-108.9184123849596, 25.461721923329225], [-108.9210735436138, 25.459875936185497], [-108.921639846655, 25.4599291275099], [-108.92205665646053, 25.46028781270347], [-108.92272001697293, 25.460125345882297], [-108.92397813649619, 25.458779142128435], [-108.92473280294064, 25.458292628333638], [-108.9253168879784, 25.457257921785775], [-108.9259572379455, 25.456864906051052], [-108.92717701669383, 25.45658902507771], [-108.92783673822908, 25.456724109120795], [-108.92849613384784, 25.45630444936626], [-108.92954664407777, 25.45627026139615], [-108.9300934417692, 25.456064658289453], [-108.93074492997104, 25.455470325610655], [-108.93173623032315, 25.453616671183894], [-108.93222463079452, 25.453249815439722], [-108.9340807818121, 25.452802044179766], [-108.93570713595233, 25.45311617151499], [-108.93682839760493, 25.452400665964692], [-108.93838341678537, 25.452224232894594], [-108.93938257064858, 25.453740044499533], [-108.93771107584679, 25.45387538950957], [-108.93601179276072, 25.453633595370704], [-108.93425612891815, 25.454719877695318], [-108.93361661597461, 25.455613386431843], [-108.9335203547651, 25.45782493594888], [-108.93395679560874, 25.4591257348222], [-108.93459902713658, 25.45960696726596], [-108.93539138504484, 25.459871112139044], [-108.93618233917309, 25.46131514837037], [-108.93595596681641, 25.462249826320456], [-108.93654822335726, 25.464593627203474], [-108.93648072046996, 25.465443644261626], [-108.93605529080307, 25.46658869830723], [-108.9359840554237, 25.467663933200445], [-108.93509275649221, 25.468509950507414], [-108.9327377799627, 25.469761063699266], [-108.93200228942207, 25.46988531747751], [-108.93159438174274, 25.470278150813556], [-108.93275134271096, 25.47146917458726], [-108.93279882807887, 25.47177140386958], [-108.93254651896834, 25.47191083470438], [-108.93280264465214, 25.472024554397574], [-108.93285341690549, 25.472325694702885], [-108.9354257701434, 25.472138047760307], [-108.93621073821514, 25.472750101219514], [-108.93622516741351, 25.47380393702156], [-108.93563934301102, 25.475055806171632], [-108.93572595941116, 25.4760825817752], [-108.93735368595324, 25.476428787406235], [-108.93754760445105, 25.477078823220108], [-108.93909163347419, 25.477845321815078], [-108.93958092659344, 25.478521584962863], [-108.94158786428247, 25.478883664182018], [-108.94272955349106, 25.47872028578133], [-108.94341189010012, 25.47825570729553], [-108.9431085632525, 25.47886686252194], [-108.94266338449067, 25.478999436689847], [-108.94231375328226, 25.47948119020986], [-108.9425099767298, 25.47986181694698], [-108.94285747462783, 25.479924825865275], [-108.9429886370142, 25.479601708024266], [-108.94403958409572, 25.479304081809467], [-108.94414060444832, 25.47941392073939], [-108.94421725965657, 25.47871038330432], [-108.94481190154744, 25.478340620353478], [-108.9447765122337, 25.477664220200765], [-108.94512714611966, 25.47740913877938], [-108.94477030242219, 25.47711351494891], [-108.94449561655763, 25.476191344973767], [-108.9451035736191, 25.47548523311972], [-108.94510420146976, 25.47450213459549], [-108.9448973403558, 25.47405183466759], [-108.9453358065605, 25.47290334449548], [-108.94543403120674, 25.473102858694556], [-108.9460561811417, 25.473299175889228], [-108.94610879445094, 25.473071812945477], [-108.94691038203872, 25.472846070669476], [-108.94723994924549, 25.473042336900907], [-108.9473734553697, 25.473419281332742], [-108.94792439536329, 25.473541197505835], [-108.94797027462432, 25.473976002301086], [-108.94815385410207, 25.47421484554581], [-108.94835646799754, 25.474167764298375], [-108.94834329713427, 25.474532807921122], [-108.94862888489419, 25.474619257146884], [-108.94891966881785, 25.47449745582557], [-108.94885276805833, 25.47425448590744], [-108.94954516128199, 25.473961312186766], [-108.94951578836688, 25.47369750313391], [-108.95016567152044, 25.47290600794591], [-108.9505355352009, 25.472798914667983], [-108.95045189367566, 25.47257819981103], [-108.95093559337734, 25.471913074091283], [-108.95153383186808, 25.47207929095162], [-108.95234597141375, 25.47180962956774], [-108.9524804709736, 25.472049791513435], [-108.95276948435382, 25.471840819634494], [-108.9533431480307, 25.47219003174676], [-108.95394158138834, 25.472262087091202], [-108.95535532601212, 25.471894914867086], [-108.95538739961457, 25.47240738827352], [-108.95626285518273, 25.472571052371556], [-108.95655015905547, 25.472443387413524], [-108.9577392450149, 25.47354894111203], [-108.95968032161701, 25.474514255727854], [-108.95999778427309, 25.474473963693885], [-108.96007261105748, 25.474824734103894], [-108.9601731879496, 25.47442958430822], [-108.96057944242965, 25.474367071877502], [-108.96090985048227, 25.474921025421143], [-108.96140731160793, 25.475242533286643], [-108.96136232624896, 25.47693240378705], [-108.96187728816525, 25.478185965540888], [-108.96265046105943, 25.47905695273606], [-108.96205849598769, 25.47941584651699], [-108.96170591616742, 25.47875250101986], [-108.95996021948993, 25.478786813482195], [-108.9590167408944, 25.47921367106106], [-108.95864644428426, 25.479707278779085], [-108.95760530603482, 25.480252715019486], [-108.95764705748344, 25.48052708825589], [-108.95671083603298, 25.480609851468703], [-108.95634138861674, 25.4803304608631], [-108.95640084024187, 25.4800791236196], [-108.95613124146846, 25.479981358690065], [-108.95489989492839, 25.480520010944574], [-108.95477229827553, 25.48095751936446], [-108.95442672246942, 25.48120666940432], [-108.95218360326385, 25.481855862964363], [-108.95177078946479, 25.480652027318563], [-108.95125263343995, 25.480432123905928], [-108.95139271912902, 25.48084259123593], [-108.95074180894154, 25.481036543859307], [-108.95025024800475, 25.481695934270995], [-108.9509714233994, 25.48264766814054], [-108.94630084458106, 25.48659291418418], [-108.94413535322606, 25.48908714317267], [-108.94322402506788, 25.49106992059406], [-108.94339816965827, 25.491453708024025], [-108.94312255345697, 25.49170690377439], [-108.94291967482195, 25.494586293976774], [-108.94350388777394, 25.496691319587732], [-108.94341249912074, 25.497569839902642], [-108.94389138296064, 25.49865696326194], [-108.9458721452826, 25.49992361136462], [-108.94628132789946, 25.499880879903028], [-108.94657497216797, 25.49937745759552], [-108.94751506616792, 25.498874454164323], [-108.94788806352243, 25.499661157497997], [-108.948552673298, 25.500015859873535], [-108.94983358479195, 25.499450133276166], [-108.95163080793719, 25.499312444095562], [-108.95269500611607, 25.498665330888574], [-108.95401949984887, 25.498897145528872], [-108.95494902081413, 25.498539056004187], [-108.95598667853577, 25.497549755520463], [-108.95627600730434, 25.49631706145472], [-108.95770815572487, 25.496136650706145], [-108.95880503581637, 25.49738538902959], [-108.96042240874657, 25.498123545879757], [-108.96318212303474, 25.500460950481315], [-108.96369275758543, 25.501113080208746], [-108.96491779326229, 25.501440626136482], [-108.96556229079243, 25.50231110838707], [-108.96620386560235, 25.502428502301814], [-108.96785519596278, 25.504825551728675], [-108.96862042044623, 25.50524877581174], [-108.96927594332364, 25.50512595691895], [-108.96963205197571, 25.50546116582426], [-108.96949332660108, 25.505891050455837], [-108.97060359660497, 25.50644562097068], [-108.9719144128432, 25.50665682150518], [-108.9732780644192, 25.50648305721805], [-108.97370271728187, 25.506909544301106], [-108.97375785686111, 25.507853450826033], [-108.97464489989224, 25.50879062199098], [-108.97650434321943, 25.50980840053305], [-108.97770615207385, 25.509958080693668], [-108.97890345553651, 25.509441946269703], [-108.9788705224948, 25.509105906037753], [-108.97972002050616, 25.507846064853123], [-108.98036531258919, 25.50589214182787], [-108.98151676009493, 25.504782641456544], [-108.98277477456173, 25.504784098777854], [-108.98457736034295, 25.50593214128705], [-108.9852328846972, 25.506734829851947], [-108.98556708961799, 25.50785940204438], [-108.9863942308514, 25.508831818828675], [-108.98745624520618, 25.508981267803343], [-108.98870098096035, 25.508844293459312], [-108.98941901763882, 25.509026885612684], [-108.99105037185883, 25.508165851800207], [-108.99400313157379, 25.506055804134366], [-108.9957159101422, 25.503963696108883], [-108.99566715031813, 25.50328323865421], [-108.99673075268436, 25.502691337173886], [-108.99681015334468, 25.50245133970061], [-108.997928268523, 25.501659747884357], [-108.99839632631783, 25.500759050865515], [-108.99777876193845, 25.500312148197764], [-108.99790896340795, 25.499397893119855], [-108.99828239874172, 25.498805009490887], [-108.99869382793989, 25.498567826866704], [-108.99936558932572, 25.49906874325169], [-108.99963087372196, 25.50074613938598], [-108.99995773476562, 25.50085612877245], [-109.0020563401261, 25.500656080648078], [-109.0024540193558, 25.50039944545347], [-109.00314041714529, 25.500551127590853], [-109.00415059343483, 25.500325311175008], [-109.00497213607848, 25.500469320668376], [-109.00529746593381, 25.500270153597423], [-109.00596018145596, 25.500497785254787], [-109.00686682610396, 25.500179650039016], [-109.0072041352648, 25.50112966592362], [-109.00765393564929, 25.501521661123526], [-109.00825097090939, 25.501546936757578], [-109.00927629285634, 25.501251305960807], [-109.00987558301406, 25.500228077027685], [-109.01067951699895, 25.500039574886994], [-109.01159447054474, 25.500825115136855], [-109.01248621888102, 25.502291071649534], [-109.01313206572368, 25.502798577631694], [-109.01413803417344, 25.502905765076], [-109.01454824677946, 25.50341972493241], [-109.01474441383694, 25.50419521366285], [-109.01583037885315, 25.504540014801254], [-109.01709721527554, 25.50441408179806], [-109.0190003985741, 25.503723670196766], [-109.02336633151107, 25.5010510599398], [-109.02428574575104, 25.50072454284807], [-109.02493923198519, 25.50080567744938], [-109.0247672150063, 25.49944685996748], [-109.0261232356785, 25.498462226463626], [-109.02652084844162, 25.497943931270765], [-109.02857681313498, 25.49477184730152], [-109.02894636437364, 25.493806406427687], [-109.02852746851704, 25.492575288446982], [-109.02735756768749, 25.491937588403477], [-109.02670344240566, 25.49088733715693], [-109.02743432598298, 25.489625575968198], [-109.0276350367319, 25.48818120731924], [-109.02752233650739, 25.486770125277356], [-109.02789872076274, 25.48576260080764], [-109.02791447830782, 25.48528982714802], [-109.02734602538872, 25.484007697994898], [-109.02751679764472, 25.482824526461005], [-109.02775511042496, 25.482956338195567], [-109.02813059914044, 25.484126876517], [-109.02885231370342, 25.484724891270666], [-109.03108033219004, 25.485252823591875], [-109.03200153206726, 25.48513442789822], [-109.0331748615751, 25.484224229506022], [-109.03373530114746, 25.48282755787919], [-109.03462516348182, 25.481772485263217], [-109.03465832364522, 25.48134931961609], [-109.0356062756584, 25.480774526859605], [-109.03607050204286, 25.481138653850834], [-109.03670488994756, 25.480932714318786], [-109.03774163190919, 25.481519619560956], [-109.0404247336419, 25.485200499163298], [-109.04140702497179, 25.48580795396254], [-109.04242525229493, 25.48607565913242], [-109.04449076819475, 25.486066348119234], [-109.04566246546672, 25.485580731743518], [-109.04672139802985, 25.48455431772363], [-109.04694175484448, 25.483679893867695], [-109.04774398658945, 25.484246954297046], [-109.04976116207614, 25.485147796156262], [-109.05076830647074, 25.484850377451604], [-109.05070343989598, 25.484327356422757], [-109.050997430294, 25.484003144208824], [-109.05062516652808, 25.48379635674058], [-109.05044545882838, 25.483140528822762], [-109.05413263168164, 25.484230088412126], [-109.05422535547396, 25.48397823374762], [-109.05384550519508, 25.48346751264686], [-109.05389381349346, 25.48294971001414], [-109.05323400661406, 25.482045957119773], [-109.05333512350016, 25.48040072523432], [-109.05272863723492, 25.48026244599946], [-109.05188246916771, 25.479130058976082], [-109.0512283924356, 25.478904820217952], [-109.05094434274041, 25.478467779422896], [-109.05107116725064, 25.477783197477358], [-109.0507626655566, 25.47763547738156], [-109.05052857110768, 25.47778627338864], [-109.04957221841921, 25.476736835611685], [-109.04950409535954, 25.47615545940944], [-109.04707756897997, 25.473308565040632], [-109.0430014333048, 25.470205379611276], [-109.04262507130068, 25.469011055178466], [-109.04145772280266, 25.467659636715627], [-109.04067911443205, 25.467165827608664], [-109.03960103280424, 25.465260861531704], [-109.03782216402841, 25.4647158741468], [-109.03748138774912, 25.46411217258733], [-109.03688970837979, 25.463863681512464], [-109.0370793232448, 25.462775408554585], [-109.0368143003617, 25.462315141365124], [-109.03639753949274, 25.462179949751533], [-109.03664033971658, 25.46176908974402], [-109.03728754022544, 25.461636519883594], [-109.03900126606916, 25.462056347828547], [-109.04231955054662, 25.462140808781346], [-109.04307014405543, 25.46252272292214], [-109.04431222301014, 25.463436436346193], [-109.0487465528973, 25.46780701392873], [-109.05483419940319, 25.472611637491063], [-109.058307122757, 25.47730724148066], [-109.06412837413464, 25.483633301488215], [-109.0671513048979, 25.486276716723804], [-109.07135241653114, 25.489034677715058], [-109.07256594215049, 25.489629542225874], [-109.07706753310296, 25.491658383935526], [-109.0795234855517, 25.49244682392628], [-109.08021352978598, 25.492337368956886], [-109.08067990464276, 25.492746636509104], [-109.0808403401135, 25.493449710618822], [-109.08044251960102, 25.494299519008703], [-109.08011832040022, 25.494264079372744], [-109.07971430870965, 25.494632060416578], [-109.07963091902643, 25.496038680409317], [-109.08020426218806, 25.497839789881237], [-109.08101778789602, 25.498452584636905], [-109.08067022787326, 25.498762316114632], [-109.08081638847555, 25.499810303576194], [-109.0835481707848, 25.503419543201545], [-109.08470119445929, 25.507375563430873], [-109.08701403049386, 25.511330227160737], [-109.09059749785696, 25.51562753288196], [-109.09792147924733, 25.522851576823975], [-109.10233276696617, 25.526635443258776], [-109.1034273021004, 25.528128908548084], [-109.11029310199542, 25.535199410113805], [-109.11453330430707, 25.539025586059143], [-109.11558978491462, 25.540210558628957], [-109.11786486528447, 25.541456383509654], [-109.1192231195641, 25.54499931057532], [-109.11907245619064, 25.545561002496463], [-109.11845452885179, 25.546098435454216], [-109.1179167711916, 25.547134527767987], [-109.11714767919659, 25.547404273212486], [-109.11350704733086, 25.54690086122965], [-109.11096067134558, 25.54594675406729], [-109.10749672065799, 25.54553363195608], [-109.10564495253467, 25.544898639823153], [-109.10240808476432, 25.544975189632964], [-109.09780618639579, 25.54589142966971], [-109.09480838286078, 25.546194884166987], [-109.09264364288569, 25.546098052373587], [-109.0909629446695, 25.546316842700904], [-109.09064680027137, 25.546144396801875], [-109.09056109205669, 25.545788971873648], [-109.09339078317682, 25.54510387432886], [-109.09467393985628, 25.54456223575139], [-109.09557268249237, 25.54454660242952], [-109.09587782147231, 25.543932153360064], [-109.09657902263623, 25.54336623956997], [-109.09838835721382, 25.54298873002403], [-109.1013642816097, 25.543434857330386], [-109.10222809974192, 25.543937805270957], [-109.1035167199408, 25.543558143776895], [-109.1044454390243, 25.54272580369287], [-109.10487135239406, 25.541645170436922], [-109.10408689803792, 25.541695815107822], [-109.10321913588204, 25.541231160078073], [-109.10254406204852, 25.54117376599923], [-109.10208158133976, 25.53979364567809], [-109.10255392604572, 25.5390719228955], [-109.1038382143759, 25.53825823913328], [-109.1043588544703, 25.537642499641258], [-109.10428299760812, 25.536960005089618], [-109.10336447268183, 25.536701918516606], [-109.10270345263996, 25.53620760011986], [-109.10247073171374, 25.53578236135453], [-109.1029663764316, 25.53528182934285], [-109.1039163031832, 25.53538160495079], [-109.10422779820858, 25.53495541384882], [-109.1042774866071, 25.534407752755843], [-109.10379788349084, 25.533450345522613], [-109.10348417137965, 25.53342575285673], [-109.10335752064324, 25.53364399039676], [-109.10295693831678, 25.533462011439408], [-109.10069383070211, 25.53108756746079], [-109.09971594661724, 25.530783403677624], [-109.09890138911787, 25.529098255172546], [-109.0982637041191, 25.52890143829889], [-109.09739136790913, 25.52945782863555], [-109.09675731419057, 25.529213182203286], [-109.0967320170664, 25.52808319496977], [-109.09649025611485, 25.52777747547867], [-109.09612551823042, 25.528107337026213], [-109.09548253911987, 25.52783192910775], [-109.09485636797935, 25.528359946216906], [-109.09472682849133, 25.52895754554216], [-109.09418000113533, 25.52934498268193], [-109.09300176653441, 25.529256296476174], [-109.09273967098596, 25.528197340445935], [-109.09350766394628, 25.52735525241623], [-109.09258546846138, 25.526522293031373], [-109.09209760263754, 25.52578214044775], [-109.09209636761466, 25.52543628134022], [-109.09054506788539, 25.523147884884544], [-109.08917487251395, 25.522978651681925], [-109.08869492118804, 25.522741594970505], [-109.08831755679738, 25.521867129181643], [-109.08801896415443, 25.521783636421276], [-109.0876641142817, 25.52209531332083], [-109.08778047525054, 25.522386666400735], [-109.08762137721394, 25.522695254916794], [-109.08776866261523, 25.523433023726692], [-109.08851953691554, 25.52495185152371], [-109.0905241988653, 25.526461863975047], [-109.09031821657774, 25.52689939614099], [-109.09042118393127, 25.52846017991395], [-109.09027348887041, 25.52887222524777], [-109.09053918338941, 25.52922499788841], [-109.09072997374128, 25.529152863369113], [-109.09076979611665, 25.529473788244314], [-109.09037704545933, 25.530063248876655], [-109.09037561494806, 25.530485512790406], [-109.09091012601348, 25.53120528783021], [-109.0917945103869, 25.53150496842736], [-109.09161783539619, 25.53237941165543], [-109.09200894175686, 25.532515167508322], [-109.09218542291222, 25.53314356885961], [-109.09190782370682, 25.53348530163441], [-109.09195347320751, 25.53382276075203], [-109.09425961925942, 25.53630587939043], [-109.0950680903853, 25.537734786980202], [-109.09496040291319, 25.53974753580887], [-109.09452006495823, 25.54075459476775], [-109.09264978999143, 25.54301230728019], [-109.09150834958675, 25.544048520749463], [-109.08992514189208, 25.545200858812613], [-109.08920072031775, 25.54520084520898], [-109.08966210043366, 25.544617820358795], [-109.0895561381104, 25.544130572467033], [-109.08867207840628, 25.543378829387745], [-109.08762452433237, 25.54327095902724], [-109.08772563795966, 25.542802966080323], [-109.08730733159312, 25.54206085743136], [-109.08739214871125, 25.541771032315626], [-109.08719053588509, 25.541602533433586], [-109.08676663959741, 25.54181833960313], [-109.08701385184389, 25.541316447323993], [-109.0869235417904, 25.541173454793583], [-109.08671022024832, 25.54127960206757], [-109.08669707616917, 25.541047394612626], [-109.08740317677815, 25.54077956825679], [-109.08796419713727, 25.541504569434196], [-109.08917471329838, 25.542075436785996], [-109.08985567495212, 25.542112452770343], [-109.09038328128497, 25.541815010433517], [-109.09201522535234, 25.541633381708706], [-109.09221074657006, 25.54139055854256], [-109.09204155679608, 25.54093847666748], [-109.0927202770283, 25.540639196003212], [-109.09279592594721, 25.54035082501261], [-109.09235802573671, 25.539883607838554], [-109.09262899627088, 25.53896001117148], [-109.09204749611607, 25.537748970784573], [-109.09132700659539, 25.537321851206872], [-109.09105555042132, 25.536684178042247], [-109.08833277522305, 25.533815473159677], [-109.0879807597466, 25.534056705363444], [-109.08791067731983, 25.535709404420892], [-109.0881093766457, 25.537302100285007], [-109.0885120281035, 25.53847403791113], [-109.08950516591952, 25.539612753293806], [-109.08982931546248, 25.54044694472885], [-109.09124442875104, 25.540577921500773], [-109.09178105969613, 25.54081695670343], [-109.09168290485971, 25.540946132201306], [-109.09060374694168, 25.540797414021107], [-109.09039243634997, 25.541272069454813], [-109.08938731339569, 25.54175461060071], [-109.08900744909556, 25.541563665258614], [-109.08863987624045, 25.540728297503115], [-109.087839555421, 25.539770247185206], [-109.08679966255988, 25.539422410689404], [-109.08622997898473, 25.53898390173703], [-109.084677855733, 25.538495306389194], [-109.08252140261808, 25.53724351422841], [-109.08081342226319, 25.53812848715183], [-109.07929190817715, 25.539628458441292], [-109.0781931975989, 25.540260243584527], [-109.07732942673881, 25.540298648050527], [-109.076899711268, 25.540110248568876], [-109.07705557633308, 25.539433193473062], [-109.07820283550195, 25.538449395511627], [-109.07934491741393, 25.5368478969301], [-109.0797533766854, 25.536564564073387], [-109.08002924911108, 25.535860312365035], [-109.08104442486831, 25.534782377776843], [-109.08144936806629, 25.533542562445245], [-109.08083484021138, 25.53092614781403], [-109.08035836829741, 25.53044325572275], [-109.0787576907196, 25.529681609352334], [-109.07772192792133, 25.528054962392627], [-109.0765025917954, 25.52682941269867], [-109.07549846575796, 25.528388875850375], [-109.07546375072408, 25.52961598365655], [-109.07518258438638, 25.530630489664215], [-109.07540777492184, 25.533749197174753], [-109.0744859901228, 25.533004362262766], [-109.07350169307601, 25.53309261043929], [-109.0729366168677, 25.532826858145803], [-109.07239974343332, 25.53195679445271], [-109.07196537621168, 25.531785203716307], [-109.07155351865667, 25.530801921712722], [-109.07025491668186, 25.5299530405451], [-109.07000163949296, 25.530160469705198], [-109.06966542836642, 25.53258156093556], [-109.0702336783313, 25.533913555738142], [-109.0717716173664, 25.535540588906876], [-109.0723475925863, 25.535856133464637], [-109.07386054153787, 25.536199251426364], [-109.07600544354004, 25.53823871787313], [-109.07608780990182, 25.538962795309274], [-109.0747923969701, 25.539803998854183], [-109.07475665350293, 25.540418063927774], [-109.0768310173337, 25.54130370755758], [-109.07787472044377, 25.542540096485887], [-109.07901717758972, 25.543004416182253], [-109.08065303100324, 25.54297547022391], [-109.0811656552816, 25.542584259565004], [-109.08132315190493, 25.541878531519405], [-109.08219915587607, 25.54185169781878], [-109.082605732199, 25.54283031538291], [-109.08362963682949, 25.543829855922166], [-109.08388307523673, 25.544595668203367], [-109.08353051655551, 25.54687528562493], [-109.08260340992815, 25.548109421166195], [-109.08235340524867, 25.54903361146766], [-109.08298601906634, 25.550511635080664], [-109.08293706808215, 25.551200016784794], [-109.0838676284884, 25.552778245470456], [-109.08384727293357, 25.553263059572664], [-109.08360303124856, 25.553427327375008], [-109.08315016270436, 25.553371989697748], [-109.0808006577114, 25.55166996803015], [-109.08020589462748, 25.54952413806331], [-109.0791807075192, 25.54841010945087], [-109.076416984771, 25.546274664342953], [-109.07430665538024, 25.54553315460047], [-109.07349416929388, 25.54464095772213], [-109.07309836400877, 25.544561337123785], [-109.07291893337737, 25.544931312682472], [-109.0726337902566, 25.54478062769129], [-109.07250369978465, 25.544938108258172], [-109.0722676181813, 25.546198262050982], [-109.07283160896648, 25.547362171400838], [-109.07412770638838, 25.548518804303193], [-109.07447561828357, 25.549241450805713], [-109.07423422438036, 25.549645360026943], [-109.07326484740248, 25.549751090811785], [-109.07221919412805, 25.54849682830218], [-109.07034322490276, 25.547221549564746], [-109.06943806901764, 25.545999134200386], [-109.06872157208521, 25.544212062738847], [-109.06789037339158, 25.540586575275977], [-109.06680678067579, 25.540072822185724], [-109.06630868104713, 25.5401558531503], [-109.06564643872478, 25.540672827979787], [-109.06571604308353, 25.542421857489913], [-109.0655429791032, 25.543370128191373], [-109.06536955363744, 25.54368506653083], [-109.06481410754922, 25.543627749726664], [-109.0635101981073, 25.542391327395137], [-109.06348701892236, 25.541471167747613], [-109.06259592687584, 25.53859753515052], [-109.0607771937769, 25.536205289478932], [-109.0606412452611, 25.535643700507077], [-109.06112150015267, 25.53472028958991], [-109.06156516601348, 25.532829384894818], [-109.06099669736517, 25.531020256041696], [-109.06108506349521, 25.5295864965537], [-109.06171399461813, 25.52796597246482], [-109.06360898924166, 25.52592143711904], [-109.06477744639312, 25.523384201309252], [-109.06526498597577, 25.52209441152603], [-109.06512531025032, 25.52064313331014], [-109.06527683558099, 25.519679955079773], [-109.06518329090085, 25.518465941754343], [-109.06443790546578, 25.51819084878344], [-109.06415220887122, 25.517826645845908], [-109.06214307979602, 25.5170284200098], [-109.06082356385129, 25.515786406416023], [-109.06044085870853, 25.51566344403682], [-109.06023506292527, 25.516265524139254], [-109.06052427739058, 25.5167346047999], [-109.06052467792523, 25.517526587560887], [-109.06124098268093, 25.518499075694287], [-109.06126866913024, 25.519476374070727], [-109.0622235090441, 25.52159682766907], [-109.06205700162288, 25.5225842779439], [-109.06256912601448, 25.523113954193743], [-109.06156320696711, 25.5255607859335], [-109.06036741972476, 25.526276238437855], [-109.05923960856371, 25.52729275455158], [-109.05745224437732, 25.529725474585497], [-109.05720896541241, 25.529918287936336], [-109.0555265790675, 25.529732352882068], [-109.05518857262376, 25.529923029102427], [-109.05532834717079, 25.530482131607396], [-109.05625871458956, 25.53132943871581], [-109.05717354654186, 25.53288566716045], [-109.0574580036513, 25.53539688227472], [-109.05689570422908, 25.53704655460641], [-109.0568664255946, 25.537894224025724], [-109.05771850464845, 25.539146835557116], [-109.05839678009899, 25.539767337330805], [-109.05890376678755, 25.540688381047612], [-109.05915658501665, 25.541635574183193], [-109.05910999492954, 25.543528573337042], [-109.0595072468553, 25.546184553906745], [-109.05994763230179, 25.54684503567537], [-109.0614025820841, 25.547725430330797], [-109.06094088896556, 25.54923874055045], [-109.06088494906281, 25.550230279559166], [-109.06115933946062, 25.551036114863724], [-109.06231106480406, 25.552902974105013], [-109.0629660736582, 25.553609970298766], [-109.0644968559461, 25.553696226452235], [-109.06786083263302, 25.55472383335379], [-109.0701202332564, 25.556213894453002], [-109.07055184556803, 25.556612186198286], [-109.07064112715838, 25.55722992004917], [-109.0701296081684, 25.557268021397253], [-109.0691644901858, 25.55687982208213], [-109.06811030923049, 25.556735021711273], [-109.06693745056499, 25.555880257055218], [-109.06468575131925, 25.554850331550085], [-109.06303680655475, 25.554769742969093], [-109.06207112826945, 25.55405230409638], [-109.05921897878486, 25.55353992490073], [-109.05834978507494, 25.55318714885567], [-109.05758925540505, 25.552547470703733], [-109.0576342874177, 25.5497504041789], [-109.05719481905214, 25.548727288992914], [-109.05652768474408, 25.548516792171096], [-109.05451508043274, 25.54926918962722], [-109.05378940317486, 25.548960106519967], [-109.0535625737475, 25.548081371036684], [-109.05478453140852, 25.546184391980947], [-109.05525701229938, 25.54428673564478], [-109.05513921548366, 25.543288084498222], [-109.05459085288561, 25.54184096399865], [-109.05333954473012, 25.539976780891717], [-109.05290751647215, 25.53878168068322], [-109.05296140553612, 25.53639942674744], [-109.05199552039257, 25.535278757263207], [-109.05098799702631, 25.53502994271288], [-109.05061522122462, 25.534734917027187], [-109.04942369419211, 25.534956376716572], [-109.04986933826, 25.536714093868184], [-109.0496071315928, 25.537751903384684], [-109.04887896060792, 25.539007778323644], [-109.04830442295305, 25.541313795169142], [-109.04903384317127, 25.542204865138036], [-109.05064404471165, 25.543326799847147], [-109.05070619419837, 25.54384512194699], [-109.05017546142103, 25.54487367348535], [-109.0495334434298, 25.54501788960258], [-109.04911934359687, 25.544824194972193], [-109.04818638363581, 25.54343302614694], [-109.04737729344922, 25.54298786211365], [-109.04722748147877, 25.544084582225093], [-109.0469597126256, 25.544254203909897], [-109.04732120346361, 25.54452569296118], [-109.04856238360912, 25.546597755418603], [-109.04844639413366, 25.547761529806756], [-109.04754956548877, 25.548773975443332], [-109.04749892049307, 25.5490664111057], [-109.0463968553421, 25.549137472523203], [-109.04580921590426, 25.548710021120208], [-109.0448755626268, 25.54854978777146], [-109.04244928623254, 25.548576338810783], [-109.04179267883728, 25.548365479591627], [-109.03982217667595, 25.549278738218046], [-109.03829888252103, 25.549492582256363], [-109.03415059874756, 25.548278351158736], [-109.03328655782583, 25.548311728714395], [-109.03313126724463, 25.54862136750197], [-109.03349644066317, 25.549159970772305], [-109.03350236069905, 25.550042465088445], [-109.03414052808559, 25.55048765364569], [-109.03417969804624, 25.55110681974256], [-109.03336532578314, 25.551210401155117], [-109.03301091708377, 25.551542222344203], [-109.03206289236155, 25.551895195271015], [-109.03086108030924, 25.551816219460818], [-109.0300857278924, 25.551279369770924], [-109.02841194903127, 25.551084558419312], [-109.02789888044487, 25.55076233252694], [-109.02672895036432, 25.55108559944952], [-109.02625570954115, 25.551010372915155], [-109.02595193974044, 25.551755878012933], [-109.02623619042109, 25.55207726314213], [-109.02623479071993, 25.5525854262017], [-109.02551190962237, 25.55330191846099], [-109.02601239316239, 25.55466222420515], [-109.02683315045233, 25.5553767557265], [-109.02746652846264, 25.55552152790787], [-109.02856723247076, 25.555250253464695], [-109.02955699458653, 25.555514009972548], [-109.03248450623254, 25.55764708503484], [-109.03512447837552, 25.55669395156117], [-109.03728571301122, 25.55707083070731], [-109.038857211853, 25.556958234346375], [-109.03994919408471, 25.556584538778882], [-109.04123795478043, 25.55564956275764], [-109.04211133266547, 25.555501368357685], [-109.04355550056881, 25.555435189301107], [-109.04485754512842, 25.556069492132806], [-109.04732219943386, 25.5554597574442], [-109.048933487317, 25.556686622220813], [-109.05002200173944, 25.559569190617104], [-109.05141163031135, 25.56162994411152], [-109.05457752227, 25.563953897710395], [-109.0568075452756, 25.56457188758795], [-109.05879500041372, 25.565599714026533], [-109.05946884136127, 25.566356289658486], [-109.06219887247026, 25.56830452156347], [-109.06256332113864, 25.56986643117282], [-109.0629141062444, 25.57036240714473], [-109.06287366158656, 25.57068318678698], [-109.06260515733572, 25.570870758181833], [-109.06182060780792, 25.570575304717284], [-109.06050421037769, 25.569562268481995], [-109.05969866438095, 25.56918984756919], [-109.05869383911242, 25.568874248536734], [-109.05709157671696, 25.56874102998027], [-109.05497226295749, 25.567976858948413], [-109.05387662373364, 25.566449514603743], [-109.05176770015004, 25.56548461982987], [-109.05031265914482, 25.564489630251312], [-109.04957974288773, 25.564241575999617], [-109.04828381995625, 25.564612648430074], [-109.04715317261059, 25.56446385801594], [-109.04637575621223, 25.564886156312998], [-109.04689276108459, 25.565243982757416], [-109.0474636283358, 25.566342211028683], [-109.04807800264408, 25.566623384655575], [-109.0505384901847, 25.56904568863404], [-109.05089013971738, 25.5698028908763], [-109.05058111760485, 25.57148132161935], [-109.05178631783045, 25.572669293129966], [-109.05274508113807, 25.5749721555017], [-109.05211014534079, 25.575720931697155], [-109.05097179215294, 25.57519071415285], [-109.05051846217812, 25.57520208449028], [-109.05011616235946, 25.57489357962182], [-109.0489758540567, 25.575007487236785], [-109.0458869090299, 25.576968097462125], [-109.04572503868548, 25.57766796235727], [-109.04602109351943, 25.578062912493774], [-109.04669289122245, 25.578290012320643], [-109.05125906226333, 25.57875745080085], [-109.05369456013034, 25.579571328960725], [-109.05405675382352, 25.580132610362085], [-109.05306846929906, 25.581245442003496], [-109.05266382441042, 25.58277863768803], [-109.05164964234577, 25.584957311674906], [-109.05130029756822, 25.587428858322795], [-109.0507388595083, 25.58950075179805], [-109.05054428828453, 25.591492098510358], [-109.05014638361446, 25.59143276454171], [-109.04923847465872, 25.592338794410065], [-109.04791405809766, 25.59261466735895], [-109.04756120244748, 25.59287730792061], [-109.04679846212073, 25.592569249951932], [-109.04550475594928, 25.592702904314237], [-109.04502921984384, 25.592135202875635], [-109.04470507802431, 25.59243044493415], [-109.04381137001356, 25.592256002591693], [-109.04328929869035, 25.590930977913136], [-109.04248078475162, 25.58996575551332], [-109.04245760999565, 25.588339460508195], [-109.04170129025427, 25.583295902094783], [-109.04150853802508, 25.582805037357154], [-109.04044655841678, 25.582278585977622], [-109.04009350892285, 25.581792162557523], [-109.03994547155175, 25.581066286404546], [-109.04007881582764, 25.578617416808846], [-109.0399805213654, 25.577727945153967], [-109.03974936517596, 25.57742421516228], [-109.03923616529383, 25.577180766927906], [-109.03839873945013, 25.57793389208907], [-109.03842180947133, 25.57862029169465], [-109.037688158826, 25.580739857101978], [-109.03644701413589, 25.58607484588483], [-109.03588903792006, 25.586339556177432], [-109.03447932363217, 25.585250138238766], [-109.03381012341654, 25.5842786190301], [-109.03365920855931, 25.583779436229463], [-109.03393372769631, 25.582397777086438], [-109.0325809166322, 25.580102054213715], [-109.03247790669735, 25.578208378770675], [-109.03151712509266, 25.575286348525704], [-109.03074520908618, 25.574308102348528], [-109.02871134464968, 25.572796887718333], [-109.0275941145925, 25.57100988532604], [-109.02729674711497, 25.56896411043181], [-109.02663236024394, 25.56836693964051], [-109.02558301879967, 25.568212171356926], [-109.02464191526782, 25.568383610284755], [-109.02416745348498, 25.568981143293964], [-109.02362710512087, 25.570360574464324], [-109.02285380011446, 25.571223976340793], [-109.0198072657695, 25.571751536884836], [-109.0189320489609, 25.571692122010898], [-109.01799383878344, 25.57132191731119], [-109.01746938555826, 25.570582496552962], [-109.01706891633086, 25.569302901662894], [-109.01724128656568, 25.56572455388643], [-109.01642408344294, 25.56472360142493], [-109.01572834438836, 25.56168916445937], [-109.01514982197241, 25.560352426781186], [-109.01495323830925, 25.560057247601467], [-109.01454636800734, 25.559922898262407], [-109.00927818811404, 25.56006989453424], [-109.0084343836098, 25.560555843767563], [-109.00772042876307, 25.562176167783505], [-109.00690187414173, 25.56326259063979], [-109.00599439593886, 25.563969753672758], [-109.0043234558978, 25.563075614492497], [-109.00343932076072, 25.562825492466587], [-109.00256113043058, 25.562832847354972], [-109.00245085984058, 25.56339170780795], [-109.00286585991873, 25.564165208398624], [-109.00237312662269, 25.568246178214242], [-109.00168198867209, 25.569034465272928], [-108.99988256878136, 25.56862808371472], [-108.99919460940471, 25.56889978169053], [-108.9989652680784, 25.570070243827473], [-108.99916090768733, 25.57073286002729], [-109.00018249504375, 25.57195019151077], [-109.0006490558103, 25.573244738010203], [-109.00163727684469, 25.57480171868672], [-109.00161628382645, 25.575237664505373], [-109.00056276073882, 25.575274866059864], [-108.9982467391087, 25.574325576845403], [-108.99707481263445, 25.573016923014226], [-108.99617424693301, 25.572511952408536], [-108.9955296878032, 25.57258683552756], [-108.9925460871234, 25.573827806638217], [-108.99104022043387, 25.574975886019494], [-108.99054857047882, 25.57490343336716], [-108.98799196461073, 25.571497365774416], [-108.98791991124143, 25.570752623434263], [-108.9884549176379, 25.569199286471807], [-108.98899714222168, 25.56841869706747], [-108.99006211741393, 25.567697788735853], [-108.99244424444994, 25.56767327300181], [-108.99296147814749, 25.56788339112283], [-108.99444424387652, 25.567547052779], [-108.99559219572932, 25.56607952456778], [-108.99587038733625, 25.56487433216251], [-108.9941379148487, 25.563274414269298], [-108.99283776899415, 25.56348528459552], [-108.99111874528597, 25.563477374562385], [-108.98907227574799, 25.562518150932068], [-108.9886795784431, 25.56209707369559], [-108.98838936038553, 25.561355904110307], [-108.98834714992306, 25.560400413266947], [-108.98898428047961, 25.558517458245728], [-108.9891080521088, 25.55669860868929], [-108.98988635619123, 25.555028891413013], [-108.99092388881508, 25.554039149690503], [-108.99189806699717, 25.554310756279857], [-108.99424789126894, 25.55561831210686], [-108.99576446602296, 25.55590846669774], [-108.99626443097505, 25.556233559211307], [-108.99801466672757, 25.55579922400284], [-108.99831783236755, 25.555029919357583], [-108.99811799748397, 25.55400241608568], [-108.9984885744415, 25.551938252635367], [-108.99802437906197, 25.551581179872542], [-108.99721482564284, 25.549773537094868], [-108.99682750495998, 25.54967200529654], [-108.99533283315266, 25.548138343026665], [-108.99451483874175, 25.54781716223612], [-108.99296508986586, 25.546444812281692], [-108.9926441528923, 25.54541105272957], [-108.99119773689473, 25.542950396061133], [-108.99083795836054, 25.5426476917491], [-108.99030351949416, 25.54262887870866], [-108.98979871284003, 25.54191742039843], [-108.98928406783, 25.539560131629273], [-108.98895687723233, 25.539208824884806], [-108.98840333183142, 25.53924778010985], [-108.98767805698266, 25.539897368896305], [-108.98742061332825, 25.539825664646603], [-108.98722192831472, 25.54001954658318], [-108.98718680292922, 25.54094374194041], [-108.98628696062629, 25.54116628719362], [-108.98609804886387, 25.540861300669626], [-108.98539943482137, 25.541046148875573], [-108.98447674063199, 25.54153171665875], [-108.98428840346294, 25.541839823925482], [-108.98370072721451, 25.54188088324007], [-108.98298131229345, 25.54223208448298], [-108.98126785006502, 25.543655271369456], [-108.98063471991638, 25.545105090712585], [-108.98005686702, 25.545841297273853], [-108.98004124982928, 25.546482265484407], [-108.9792742023697, 25.546547278967676], [-108.97607833069505, 25.54946957814478], [-108.97600404216479, 25.551041366834937], [-108.97734584137322, 25.553922530353518], [-108.9774021133636, 25.555385802305747], [-108.97660481541996, 25.556645645072116], [-108.97672636268616, 25.557219676943248], [-108.97614507384819, 25.557774641648045], [-108.97562932670724, 25.55919860018107], [-108.9745766745849, 25.56077075776287], [-108.97440913811249, 25.561669931294777], [-108.97467016584956, 25.562087482849115], [-108.97437960853519, 25.562527193022547], [-108.97437173804865, 25.56316437296948], [-108.97307131414958, 25.56408481861345], [-108.97217880595223, 25.565013246794916], [-108.9720270767932, 25.565754540245077], [-108.97220444128165, 25.566107574777487], [-108.96988971113394, 25.57032392289705], [-108.97001378732462, 25.57113406709247], [-108.9714592508193, 25.572769530181937], [-108.97530167407587, 25.57378867874567], [-108.97603483187274, 25.574641884897993], [-108.97703140079442, 25.57510859449786], [-108.97784920398145, 25.576054908282565], [-108.97812233118454, 25.576915848209374], [-108.97874172631903, 25.577509704898954], [-108.9785310238739, 25.577978258127725], [-108.97938759027619, 25.57937917040707], [-108.97978962540522, 25.58206638387915], [-108.97836668989207, 25.58691701402205], [-108.9777123805529, 25.587574187130574], [-108.97626585081682, 25.58845810422132], [-108.97582317414057, 25.590025602011423], [-108.97529943432859, 25.590495525726123], [-108.97440989536156, 25.592392472016144], [-108.97214397654183, 25.59435549896723], [-108.9716915849619, 25.596426637962548], [-108.97125892944455, 25.597344952831705], [-108.97128783710235, 25.600485498145954], [-108.9709877914111, 25.60058132839699], [-108.9706750977874, 25.601149869079734], [-108.97015745233341, 25.603635493040198], [-108.96845912350935, 25.606778266854274], [-108.96849961623624, 25.607604997517928], [-108.96918108940835, 25.60784412155334], [-108.96867458075963, 25.607962866636356], [-108.96832990634591, 25.609076800994433], [-108.96863599924323, 25.611251358225964], [-108.96839311041683, 25.61218121675049], [-108.96613369906764, 25.613001281707415], [-108.96348801679693, 25.612563807511485], [-108.9635086644352, 25.612213145358584], [-108.96287274982103, 25.611242747385994], [-108.96285602342141, 25.609620937334842], [-108.96176817447588, 25.60886796834243], [-108.9605511880266, 25.60874592387499], [-108.95724020480526, 25.609673103965918], [-108.95621172822902, 25.610161417311286], [-108.95330498513805, 25.61217975203275], [-108.95222066605396, 25.61225205595206], [-108.95115244575098, 25.61173465826238], [-108.9498676703438, 25.610513353086358], [-108.94971029322225, 25.61012874381747], [-108.94860524542258, 25.609330806704868], [-108.94854244556171, 25.608301880648582], [-108.94884986888592, 25.607809270821313], [-108.94785074793249, 25.608470892487784], [-108.94606081056328, 25.60900835682921], [-108.94564742386262, 25.607879160543998], [-108.94443761660268, 25.607895158630175], [-108.94403699949801, 25.608194657893943], [-108.94415013706153, 25.607153814466177], [-108.94369172408807, 25.60681549728466], [-108.9432124996851, 25.60680459376647], [-108.94302764353067, 25.606463654857034], [-108.9429818351393, 25.60675117822012], [-108.94261427309921, 25.606775424677654], [-108.94247630016774, 25.606500015374657], [-108.94217102287823, 25.606818404300714], [-108.94154788374803, 25.606751734990276], [-108.94077490866039, 25.607089899679643], [-108.93937293768185, 25.608625979631732], [-108.93923957085562, 25.609051849445947], [-108.93859405888755, 25.609346015220737], [-108.93701892819827, 25.611139628721514], [-108.93536012483858, 25.614314434373522], [-108.93536778680111, 25.614548028226153], [-108.93593733365203, 25.61490484168757], [-108.93630069061697, 25.615553502163223], [-108.93573954475659, 25.61681637011095], [-108.93524278442109, 25.61739519015445], [-108.93431552286202, 25.61792596074877], [-108.93322044877435, 25.61799365792526], [-108.93204726286243, 25.61712346155943], [-108.93156378575964, 25.615860120788383], [-108.9288606356255, 25.61583749146733], [-108.92823352357888, 25.615329504018472], [-108.92815857155382, 25.6160138445819], [-108.92671456733342, 25.61804241823073], [-108.92532650055651, 25.618163259483776], [-108.92304828727329, 25.619066691921734], [-108.92360703082456, 25.61981749194604], [-108.92383643409049, 25.620555676235902], [-108.92373259276197, 25.622288135550328], [-108.92348241527938, 25.623086934101334], [-108.9221300170909, 25.62470265762043], [-108.92166119327446, 25.624851244844564], [-108.92020963705662, 25.624401179476344], [-108.9217429416131, 25.62517828623427], [-108.92205314703396, 25.625570753072775], [-108.92218282551046, 25.62583446819915], [-108.9212904116137, 25.626147135388674], [-108.92257474109651, 25.626954780515042], [-108.92326522737953, 25.628272226505054], [-108.92337600970313, 25.629245021046177], [-108.92266063566152, 25.63110844212306], [-108.92286508478216, 25.631565777216053], [-108.92214182911718, 25.6315398968311], [-108.92236134049072, 25.6316532804914], [-108.92236315673235, 25.632070736401495], [-108.92281529690547, 25.632456994305436], [-108.92548813265229, 25.63805123313032], [-108.92591622574461, 25.642281553268646], [-108.92637474830701, 25.64406566743349], [-108.9260171108111, 25.644557216584964], [-108.926282712495, 25.645995827966413], [-108.92674322842598, 25.64623392786552], [-108.92732822365062, 25.648181633354596], [-108.92723556655379, 25.650493524010976], [-108.92696075224075, 25.651424198281887], [-108.9277966354901, 25.652031515262806], [-108.92760701335578, 25.65259012061585], [-108.92846439648528, 25.653371006460027], [-108.93002201755873, 25.659126353098927], [-108.93156181367485, 25.66232941395413], [-108.93080924002103, 25.66297954423208], [-108.93033378624412, 25.663731943209093], [-108.93108545866664, 25.664336732591384], [-108.93166455578793, 25.665137024833896], [-108.93118957210496, 25.665903733422923], [-108.93188070194782, 25.665947116411818], [-108.93315719014282, 25.667301157241276], [-108.93111590753017, 25.66863021779948], [-108.93128987875737, 25.668797296529284], [-108.93179797200168, 25.66839709657813], [-108.93283804879556, 25.668163860650587], [-108.93399891060882, 25.668561956461197], [-108.93464882124901, 25.66951301338277], [-108.93576747027987, 25.670468105643256], [-108.93587672285094, 25.671228587707542], [-108.9356882630858, 25.67174183294644], [-108.93649867194782, 25.672209007571542], [-108.93732268835379, 25.673329505660043], [-108.93732848084882, 25.673825574976522], [-108.93610402145674, 25.675657488978143], [-108.93633744552459, 25.675870670980594], [-108.93572660944207, 25.67698936979807], [-108.9351561882394, 25.68440975507624], [-108.93462989846394, 25.686245714719504], [-108.93247986188616, 25.689171169232992], [-108.93109659302444, 25.690093079501732], [-108.92863945873978, 25.69260272388212], [-108.92559059655957, 25.696489988478017], [-108.92493882771988, 25.69790951983329], [-108.92501113863774, 25.69907644538215], [-108.92459274094621, 25.69961979468586], [-108.92318831884963, 25.698457479695428], [-108.92257191435043, 25.697375794354443], [-108.92007220639823, 25.695675308057808], [-108.91697166832857, 25.69443535497924], [-108.91515103294859, 25.6940246917397], [-108.91544420018423, 25.693064938476567], [-108.91345732308444, 25.694197158634424], [-108.90321133045141, 25.69902526898595], [-108.9024896503636, 25.699527893537837], [-108.89175618832552, 25.70414847197484], [-108.88931053140274, 25.707949813979848], [-108.88711511914495, 25.712584034527993], [-108.88460575849498, 25.716093730228764], [-108.88081873605246, 25.719023850419624], [-108.87834806614899, 25.72711639809232], [-108.87900730595031, 25.72582447275602], [-108.8799751654376, 25.72569633883525], [-108.88088489050492, 25.725818507626233], [-108.88405962471555, 25.72839290166126], [-108.88437346597222, 25.72951741503463], [-108.88492470020141, 25.73014094148565], [-108.88530116468166, 25.731473682010368], [-108.88525283294221, 25.732724420625456], [-108.88648547792428, 25.734888121435752], [-108.88770263008917, 25.735467781416567], [-108.88946371148378, 25.73592060460717], [-108.89218779536299, 25.73574497027754], [-108.89304113697126, 25.736284091058156], [-108.89413471791866, 25.73661398661636], [-108.89522418773282, 25.73652703359902], [-108.89583319912845, 25.736858513743996], [-108.89663299645636, 25.738106435329925], [-108.89743900246596, 25.739979620662698], [-108.89830065413307, 25.741352391691134], [-108.89855010978589, 25.742223292680286], [-108.90404812189318, 25.744214422996137], [-108.90470262594562, 25.744140575201506], [-108.90563765170825, 25.743415987748005], [-108.90597604843849, 25.742635068118226], [-108.90575751439015, 25.74192539003974], [-108.9003049552126, 25.73860651556364], [-108.89765275403637, 25.73567870797911], [-108.8969629837682, 25.733856040606483], [-108.89508713166127, 25.726967790500876], [-108.89831381131812, 25.716236467410468], [-108.89904673344618, 25.71503496313288], [-108.90042685188801, 25.714628146772558], [-108.9074157712999, 25.71611298215567], [-108.90815216896956, 25.716647955978882], [-108.90840709990496, 25.717115468854452], [-108.90864133842169, 25.720204536136414], [-108.90940549731, 25.721044278995922], [-108.9098283325951, 25.721217830062834], [-108.91122162357587, 25.721212550518555], [-108.91214589333065, 25.720978663782784], [-108.91363390104821, 25.721967761351962], [-108.91442962120342, 25.72390406438083], [-108.93241835835474, 25.73387067434752], [-108.9320963437012, 25.73440196026925], [-108.93238099551664, 25.734555062846336], [-108.92754809563208, 25.741575715980744], [-108.93605045817122, 25.746440540761405], [-108.90608090364594, 25.790139743374063], [-108.90545220716022, 25.79124915084293], [-108.90683558466816, 25.791610496259622], [-108.90238383581168, 25.79681939105551], [-108.9024341358354, 25.79723447292019], [-108.90917379919446, 25.803169407317622], [-108.9003903790557, 25.818479106159586], [-108.8997734086806, 25.8182146519265], [-108.88557077934156, 25.806117704369154], [-108.894862120417, 25.78990354997099], [-108.8953747474919, 25.788321137878505], [-108.87168186521092, 25.781959619823194], [-108.86600381095454, 25.7952523902055], [-108.87105314776237, 25.793485744489544], [-108.87841267751419, 25.799797796556646], [-108.87522567117342, 25.805400377281305], [-108.87658227436552, 25.806409099165478], [-108.87720290056171, 25.807234974164217], [-108.8774742276065, 25.808473929076037], [-108.87738687784608, 25.80933654635471], [-108.87648671339691, 25.811559536373966], [-108.87514775913081, 25.812720895419353], [-108.8739081565861, 25.81297910763442], [-108.87122371806554, 25.812785405048423], [-108.87075622873957, 25.813022987231093], [-108.86660276631659, 25.820193149471972], [-108.86572976283104, 25.81964922113145], [-108.86550986197742, 25.819918229166692], [-108.86394779665156, 25.81909856194007], [-108.86089055509066, 25.81676070625346], [-108.86039973830707, 25.817556309949317], [-108.85908360817862, 25.81639358869405], [-108.85875773147013, 25.81652872098842], [-108.85890030713665, 25.816964378849125], [-108.85760923627895, 25.82276000242929], [-108.8537275888655, 25.839076594071198], [-108.85245909445062, 25.838093432951645], [-108.85257533526988, 25.839240056170727], [-108.85230599633408, 25.83964066174894], [-108.82900827291047, 25.849639341822414], [-108.79673895124394, 25.86312235729007], [-108.79405495297776, 25.861406675952104], [-108.79325777296458, 25.864622923099624], [-108.7928343655295, 25.865097394987885], [-108.79190973433998, 25.86744664910849], [-108.78749132031307, 25.868195821890385], [-108.78648106980518, 25.87211352518104], [-108.78626346903401, 25.872374710479594], [-108.78633783601877, 25.872934869868235], [-108.78393333263999, 25.877239025790473], [-108.78320721619824, 25.87785074968813], [-108.77801741920848, 25.88090911791327], [-108.77669955918368, 25.882098356320228], [-108.77531728609212, 25.883749172463595], [-108.77701284682988, 25.884839416731126], [-108.77163497250042, 25.88910337241839], [-108.77094421184228, 25.888699771762127], [-108.75086375886659, 25.88541235368507], [-108.74977838237186, 25.886987949640737], [-108.74913409307874, 25.887336784011058], [-108.74862853239563, 25.888499658246886], [-108.74743492415219, 25.889253628221926], [-108.74680557465196, 25.891147901901043], [-108.7469983591617, 25.891482748818365], [-108.74691194808139, 25.89277018967192], [-108.74525008073049, 25.893993624327624], [-108.74478969911864, 25.894979020498255], [-108.74341592148474, 25.895844945393048], [-108.74298302075952, 25.897432624550945], [-108.74192243274807, 25.898466747030096], [-108.74114119097159, 25.8996699394855], [-108.74035684651852, 25.902385836174528], [-108.74007020988802, 25.902791835333545], [-108.73898787655024, 25.90304974594044], [-108.73852919785341, 25.903733574897142], [-108.73832304000727, 25.90418348564252], [-108.73837123163906, 25.905531337769798], [-108.73708199969819, 25.904952130657065], [-108.73660209037425, 25.90504325262978], [-108.73607806041848, 25.904822945745597], [-108.73468625241317, 25.904691826755606], [-108.7305312304583, 25.92173497927208], [-108.73393984271803, 25.92314431134076], [-108.72270548574723, 25.93289675064361], [-108.72263780060472, 25.933177665168806], [-108.72277514421653, 25.934271705932428], [-108.72437637236123, 25.93563706806536], [-108.72447264419426, 25.937060241027847], [-108.72521428225934, 25.938236556178293], [-108.72741792529979, 25.939496885920494], [-108.7296543434106, 25.94020515751216], [-108.7276359256163, 25.942003683771247], [-108.72733903001895, 25.94251962805128], [-108.72136438472327, 25.947847583834886], [-108.72038599402303, 25.949145307708825]]]}}]}