{"type": "FeatureCollection", "name": "municipalities_simple", "crs": {"type": "name", "properties": {"name": "urn:ogc:def:crs:OGC:1.3:CRS84"}}, "features": [{"type": "Feature", "properties": {"CVEGEO": "27001", "CVE_ENT": "27", "NOMGEO": "Tabasco", "CVE_MUN": "001", "NOMMUN": "Balancán", "cov_": 1995, "cov_id": 1996}, "geometry": {"type": "Polygon", "coordinates": [[[-91.50898318006247, 18.170971619548553], [-91.50762819985121, 18.170332379693416], [-91.50727668982418, 18.170476289197953], [-91.506795289726, 18.1702443389929], [-91.50622826008609, 18.168946109432998], [-91.50584759974139, 18.1671831498457], [-91.50507168987798, 18.166151519294115], [-91.50324385973917, 18.16507873921352], [-91.50334549001204, 18.164307059094956], [-91.50466911971525, 18.162792169033672], [-91.50485304986157, 18.16122991969237], [-91.50408087967163, 18.159714429869513], [-91.5024078796094, 18.15780559932735], [-91.50187551980362, 18.15641239931183], [-91.50186354000179, 18.15556871959503], [-91.50233429028935, 18.15434888947431], [-91.50672534964352, 18.154421479354895], [-91.51521285031934, 18.154952479473703], [-91.51653218024636, 18.130485249907167], [-91.50573211966204, 18.130002709501838], [-91.50578674023552, 18.12823282904386], [-91.50530585973736, 18.127224049076226], [-91.50466470977521, 18.12667636922422], [-91.50301605962362, 18.126615119647063], [-91.50266085956218, 18.126257549363764], [-91.50272176973003, 18.12593821909724], [-91.50469593957604, 18.124235819831917], [-91.50482871969383, 18.1233998890069], [-91.50434021955583, 18.123178679454274], [-91.50394985994284, 18.12332187986893], [-91.50315848011226, 18.123095429069366], [-91.50194291995494, 18.122349059114814], [-91.50197328990932, 18.1219939091147], [-91.50359911039494, 18.12036667907593], [-91.50343471004821, 18.119947549392503], [-91.50194682014879, 18.118726309870556], [-91.5017753504371, 18.11836348979348], [-91.50221362970836, 18.118144449660438], [-91.50423297973994, 18.118438219344213], [-91.50428417991233, 18.117836149443168], [-91.50385277991901, 18.117532119470553], [-91.50423522967496, 18.116776279310926], [-91.50403590981577, 18.1164591395717], [-91.5037150802212, 18.116837139797035], [-91.502554319803, 18.116883569431998], [-91.5020007495045, 18.117596779849432], [-91.50140231993758, 18.117687549077587], [-91.50059322982155, 18.117306399331408], [-91.50104745025928, 18.116949939013377], [-91.50112191041511, 18.116369149060834], [-91.50012718045927, 18.1166101391968], [-91.49938579995246, 18.116553229656056], [-91.49910248952152, 18.116223689635248], [-91.4991431795375, 18.115620089499505], [-91.49868398047568, 18.115651339154702], [-91.49814034980996, 18.11523711901584], [-91.49682106041989, 18.115456419395603], [-91.49647118041123, 18.116380999604964], [-91.4960403695675, 18.116368819487313], [-91.49520861989366, 18.115923019686665], [-91.4950473797646, 18.115352949261343], [-91.49470920016707, 18.115699509461678], [-91.49466042023553, 18.116517769761035], [-91.49444954031516, 18.11676313970666], [-91.49206000004654, 18.116405779840623], [-91.49168477974953, 18.117106319501463], [-91.49115531024322, 18.117082889601946], [-91.4901603802699, 18.117417859177635], [-91.4888679100224, 18.118075029018346], [-91.48879256994837, 18.117747248990863], [-91.48954742964595, 18.116896949659825], [-91.48948416976783, 18.116444739085104], [-91.48905418033932, 18.116241569285478], [-91.48752341960744, 18.116641449084696], [-91.4859932796682, 18.11634488938694], [-91.48541511016278, 18.115561629283988], [-91.48507566027398, 18.11374188963411], [-91.48435302007633, 18.112757799541626], [-91.4832480296616, 18.112509489683646], [-91.47981377000512, 18.113059249388964], [-91.47820115038328, 18.112702549122037], [-91.47732303020392, 18.112795459311627], [-91.47690911997434, 18.112352939001273], [-91.47659097003998, 18.110493399429043], [-91.47577414967824, 18.108330459819435], [-91.47398740017755, 18.107218109299275], [-91.47348211020827, 18.106124089492116], [-91.4728608803867, 18.105500169467586], [-91.47080251040845, 18.104405599121232], [-91.47016182034793, 18.103621799746588], [-91.4692866804268, 18.103375229883895], [-91.46771797999715, 18.10362233937971], [-91.46605277035971, 18.104185079138173], [-91.46532192017848, 18.1041592891092], [-91.46484466001257, 18.103796079151437], [-91.46435281961726, 18.102713909759554], [-91.4638974596224, 18.102231089639336], [-91.46306412014775, 18.10198484984793], [-91.46091148994559, 18.102127399758565], [-91.46035005996555, 18.10184337948801], [-91.45969077015606, 18.100799779751668], [-91.45805680000032, 18.100381779286426], [-91.45715682003967, 18.100594229803878], [-91.45693160029592, 18.100073289244914], [-91.45729328047628, 18.09931736911522], [-91.45704947956632, 18.098536709190032], [-91.45675934991208, 18.09827481906323], [-91.45607381977275, 18.097849979070354], [-91.45488582961993, 18.097560939207924], [-91.45329385976461, 18.098087279406755], [-91.45259352012886, 18.09783904943526], [-91.45028794024525, 18.096382859609303], [-91.44927897042415, 18.09473742980056], [-91.44846234029285, 18.094970479262237], [-91.44680433959303, 18.095875619280605], [-91.44615639957277, 18.095930319041514], [-91.44528045971539, 18.095783489655147], [-91.44417977014088, 18.095075739148196], [-91.44392634030855, 18.09434330909054], [-91.44117909004603, 18.090886739009516], [-91.43990754030884, 18.08824073962811], [-91.43968063017444, 18.086728709348638], [-91.4390799700135, 18.08616477927321], [-91.43828032006128, 18.084481049332837], [-91.43747186028412, 18.083795579412932], [-91.43676222023058, 18.08374991919618], [-91.43593042982386, 18.08334384907271], [-91.43465566018403, 18.083433349057735], [-91.43419848972444, 18.083170029160335], [-91.43336623036132, 18.082097819166364], [-91.43224791025922, 18.081756489866052], [-91.42983605044151, 18.081773999246025], [-91.42576814990733, 18.081261629435268], [-91.42502458003594, 18.080337109438663], [-91.42411694009476, 18.080209079580772], [-91.42125684968386, 18.08045242909363], [-91.41809408988546, 18.081484769059934], [-91.41713257000269, 18.081576719496994], [-91.4148734504385, 18.08083907989434], [-91.4136498002752, 18.07974885914106], [-91.41252781988369, 18.079100649210538], [-91.41188136995643, 18.07899553937647], [-91.41031410974674, 18.079102429330487], [-91.40904153976227, 18.078952139460835], [-91.4079807800885, 18.079483479741153], [-91.40723588005098, 18.078718539163226], [-91.40656424964547, 18.07975105979704], [-91.4061250596728, 18.07982981961724], [-91.40493068956478, 18.07959805926537], [-91.4014368305069, 18.0802879690511], [-91.39859150970715, 18.080005019485764], [-91.39792995030307, 18.079260689633195], [-91.39663980004406, 18.078750799108466], [-91.39578958014694, 18.07808484936957], [-91.39403038030454, 18.076458849630708], [-91.39294700028212, 18.075096919236312], [-91.3931567697374, 18.071990849655485], [-91.3927158596559, 18.07128988917889], [-91.39268695017863, 18.07044807980276], [-91.39209294036095, 18.069611179155554], [-91.3910719404434, 18.06931784934417], [-91.39078959982226, 18.068217309093626], [-91.3900653099508, 18.067492449852384], [-91.38967786025904, 18.06647090906994], [-91.38913734035506, 18.066206849338244], [-91.38826014971848, 18.06621947919228], [-91.38635523034024, 18.065399019882104], [-91.38521595040335, 18.06439114922778], [-91.3844253501541, 18.064065049492633], [-91.3830906804014, 18.063874199505857], [-91.38162575040737, 18.064221339258513], [-91.38105853978593, 18.06459594956603], [-91.37924652032164, 18.064081579266784], [-91.37881774962929, 18.064180629407343], [-91.37841565022994, 18.064756309912653], [-91.37711632026368, 18.065264519309654], [-91.37660842964613, 18.065999029654098], [-91.37459268033207, 18.0672000590996], [-91.37331951031659, 18.067129459858485], [-91.37233536984631, 18.067420649601072], [-91.3694613398453, 18.06757851911195], [-91.36873253986282, 18.067352719379464], [-91.36817814043663, 18.06632974915887], [-91.36759477006774, 18.06618505962499], [-91.36673131028344, 18.06697639921344], [-91.36595928011846, 18.066909999363453], [-91.36515566039316, 18.068001369195912], [-91.364547180044, 18.06831565974324], [-91.36420366035145, 18.069331089407722], [-91.36335027976058, 18.0690243193145], [-91.36309695032787, 18.069321709047674], [-91.36248611024995, 18.06920011952697], [-91.36213004954557, 18.069316909685167], [-91.36183308026119, 18.0698135499116], [-91.36035148996707, 18.06970113967726], [-91.35999165047815, 18.07021725926528], [-91.35942641956083, 18.070372169605882], [-91.35803682982964, 18.06934207934418], [-91.35712821960522, 18.069452599519224], [-91.35513128008563, 18.068616939772543], [-91.35404625032984, 18.068527819916323], [-91.35297249013537, 18.067220849850216], [-91.35079657997338, 18.066357419739635], [-91.34947443021967, 18.064828659485777], [-91.34716479959606, 18.063950289187535], [-91.34670632050167, 18.063846569102903], [-91.34570074956846, 18.06419736945862], [-91.34516142992621, 18.0638133397476], [-91.34451205021354, 18.064027419632186], [-91.34378498005832, 18.06362185947046], [-91.34310031024233, 18.063954479038774], [-91.34174334043027, 18.063922879329674], [-91.34151028031603, 18.064280279491864], [-91.34117597995626, 18.064297369130983], [-91.3398472003072, 18.063487259689907], [-91.33785465983293, 18.064021459241534], [-91.33597602979111, 18.063728059117793], [-91.33408896991966, 18.06311068940065], [-91.33306913970154, 18.063327579174825], [-91.33281431005773, 18.06374290934355], [-91.33211892039833, 18.06359002953299], [-91.33210462968863, 18.06314293979864], [-91.33070587966755, 18.062498519026136], [-91.33039145028125, 18.0624995798273], [-91.33009148955009, 18.062882029370243], [-91.32847677046448, 18.062761569108297], [-91.3276752264172, 18.06289936950616], [-91.32702431583479, 18.06266534926851], [-91.32667644628313, 18.06242131964405], [-91.32669173607088, 18.061636857925684], [-91.32631756538318, 18.060783939433154], [-91.32580525591052, 18.06025636963485], [-91.32594654540956, 18.059718380136097], [-91.32511988641875, 18.059586349603677], [-91.32462607437189, 18.058972231101244], [-91.32341379692426, 18.059101478334536], [-91.3232742762007, 18.058401480278395], [-91.32375044652606, 18.05662855035924], [-91.32357047626459, 18.055339088539007], [-91.32414484518598, 18.055367108745752], [-91.32441564621672, 18.054737489588124], [-91.32415007505955, 18.054080779005144], [-91.32302859613206, 18.053038539210746], [-91.322523765325, 18.052710829801534], [-91.32183496489725, 18.05268482827737], [-91.32069313674363, 18.052203519822886], [-91.32073857498143, 18.051272938379043], [-91.31970345621095, 18.05066967955118], [-91.31840034490061, 18.04938045970454], [-91.31788027636341, 18.049176310109562], [-91.31616865575012, 18.04912147952809], [-91.31230305534363, 18.048025419576664], [-91.31020274590809, 18.04804351912586], [-91.30934608524157, 18.04720089001476], [-91.3085553452748, 18.04691445963288], [-91.30776182681653, 18.046927478429783], [-91.30653942613685, 18.04593842066523], [-91.30481848668823, 18.045616798925977], [-91.3019738449967, 18.043974569910944], [-91.30149404604916, 18.043930378634396], [-91.30060107571595, 18.04342337997746], [-91.29857361669511, 18.04297554895409], [-91.2978980256035, 18.042261539816725], [-91.29674319590353, 18.041940318767175], [-91.29714342678935, 18.041441450185236], [-91.29705288525972, 18.04117121783978], [-91.29614771739017, 18.04080166003062], [-91.29606942391496, 18.03995454962795], [-91.29554593756548, 18.039929659215634], [-91.2956182567304, 18.039173198628248], [-91.29543350543408, 18.038852138813468], [-91.29370245603533, 18.03753797919423], [-91.29286870634454, 18.036353660874383], [-91.29248265574458, 18.03525210848632], [-91.29175641516808, 18.034786509752628], [-91.29098514583121, 18.034659889031197], [-91.28994870561215, 18.033891970462196], [-91.28854507590755, 18.033548118893968], [-91.28679016551857, 18.03151597043543], [-91.28575253728567, 18.03086785956786], [-91.28543799385135, 18.029804579593705], [-91.28447616594964, 18.029842459026042], [-91.28382605582642, 18.029313350984754], [-91.28371204563416, 18.028864598062256], [-91.28408456617312, 18.028552171186824], [-91.28409302518095, 18.027628318786736], [-91.28360394595049, 18.027215260126894], [-91.28338113514734, 18.026203258358397], [-91.28141925546738, 18.02400625988766], [-91.27908261527439, 18.022629250501648], [-91.27855648744483, 18.022656000551855], [-91.27841982397213, 18.022057490201064], [-91.27786671521154, 18.02211150836444], [-91.27666461599719, 18.021796939066736], [-91.27614281655386, 18.021373108864523], [-91.27588530517428, 18.02081545881232], [-91.26691088622799, 18.01626311962384], [-91.26647699555411, 18.01581914013397], [-91.26553774603802, 18.0155173091185], [-91.26447750596353, 18.014834028920887], [-91.26385988520221, 18.014136920392236], [-91.26274750611796, 18.01361347891897], [-91.26241653497466, 18.012730308723143], [-91.26200991583319, 18.012862878452438], [-91.26139817533655, 18.01204511029146], [-91.26034848619855, 18.01183659944038], [-91.25973227563072, 18.010992749656705], [-91.25780619665223, 18.010134349835806], [-91.25602244600577, 18.009929678748605], [-91.25558713624606, 18.00963237971141], [-91.25514905556163, 18.00992611837838], [-91.25479397695966, 18.00988171878053], [-91.25425751694732, 18.009650148032357], [-91.25404310478453, 18.009244599741606], [-91.25322396645302, 18.00927841857111], [-91.25282199485116, 18.008522539910224], [-91.25186901604059, 18.007926569107408], [-91.25129124551059, 18.006886289464205], [-91.25087384641469, 18.006604281361085], [-91.250140877528, 18.006793017959755], [-91.25008902564369, 18.006432307808833], [-91.24934134647769, 18.0057763189098], [-91.24898288421895, 18.00497957947065], [-91.24837128483165, 18.004534659585794], [-91.2480127950454, 18.00261390808122], [-91.24865047613787, 18.001702570437953], [-91.24832137503823, 18.000694939110108], [-91.24705802657593, 17.99988254904156], [-91.24636724505623, 17.998879980184732], [-91.24603321596678, 17.998822478705613], [-91.24564924609746, 17.99816223009952], [-91.24586710642475, 17.9978652905014], [-91.24555836562554, 17.997485829655403], [-91.24566577676184, 17.997070397948765], [-91.24487461582468, 17.996417000102067], [-91.24480536496542, 17.9955509101075], [-91.24395768605764, 17.99536919895835], [-91.24352481540431, 17.99493903066876], [-91.24374701618333, 17.99292713966883], [-91.243266345035, 17.991462180764138], [-91.24378104657548, 17.991126510314572], [-91.24346281534774, 17.990308489395098], [-91.24254107640199, 17.989680579563654], [-91.24206445456433, 17.988890849917762], [-91.2415071674858, 17.98871716948108], [-91.2411816852506, 17.988124939550957], [-91.2400130854882, 17.987003689405547], [-91.23740164530034, 17.985271289158252], [-91.23404902627306, 17.984177569590443], [-91.23374510504509, 17.983910078811483], [-91.23394454561641, 17.983388430425965], [-91.23348047533696, 17.983118459599428], [-91.23316208639879, 17.98298722144476], [-91.23271056661851, 17.983198048167974], [-91.23189242714415, 17.98261738047525], [-91.23177653480265, 17.98297458031946], [-91.23157057593382, 17.98297270898372], [-91.23118399416394, 17.982306418872916], [-91.2308487655597, 17.982124201205675], [-91.22955628501768, 17.982166138858194], [-91.22846573545512, 17.98176980101491], [-91.2277943155148, 17.982347087824856], [-91.22752130599065, 17.982207910563446], [-91.22725893506842, 17.982377567954597], [-91.22623222473183, 17.981579150344007], [-91.22375484662729, 17.981325798673474], [-91.22344048570352, 17.980601349081642], [-91.22237382653937, 17.979743079772543], [-91.2219501755897, 17.979040580552194], [-91.22151654492251, 17.979341119218528], [-91.2209165168659, 17.979425180297326], [-91.22106101590356, 17.978083047951326], [-91.22037290655864, 17.97761096995376], [-91.21869236700117, 17.97714770966205], [-91.2184210851455, 17.976195828399938], [-91.21745954608137, 17.97498685114016], [-91.21703299523818, 17.975339579505622], [-91.21647288633088, 17.975173230769922], [-91.21596399542196, 17.97550888936514], [-91.2152894758144, 17.97555642888547], [-91.2136847374093, 17.975004259639302], [-91.21314684618095, 17.974497740085713], [-91.21234321625955, 17.974347029731117], [-91.21170213560558, 17.97478894019734], [-91.21169148536598, 17.975845739652954], [-91.21110893525707, 17.976055309503494], [-91.21008567509033, 17.975400999596985], [-91.20951510686776, 17.975506678808067], [-91.20926190492422, 17.97579174849959], [-91.20821359647832, 17.975470660266943], [-91.20778488486259, 17.97577810903488], [-91.20622864583054, 17.97617088861278], [-91.20481794599428, 17.974553091098848], [-91.20353841525085, 17.975787089096666], [-91.20278116729405, 17.97578007970224], [-91.20262390402067, 17.976358197708063], [-91.20162696713952, 17.976088119016715], [-91.20064148546142, 17.974687978992613], [-91.2001283463862, 17.974509319859735], [-91.19939642633436, 17.974995218741324], [-91.19893121555923, 17.976063109469244], [-91.19892504645871, 17.976671619975154], [-91.19838648493739, 17.97739385898647], [-91.19756722640611, 17.977531148937445], [-91.19702348579828, 17.977381198767944], [-91.19512614642964, 17.976291290658136], [-91.19498673396677, 17.978086718735373], [-91.1944715163408, 17.978110918168063], [-91.19371810746878, 17.977727171068235], [-91.19350342518577, 17.97798596947621], [-91.19271357624481, 17.97821044831925], [-91.19171961741517, 17.97765059963915], [-91.19151261496083, 17.97715597887435], [-91.19046430566331, 17.97598706009835], [-91.18964916665136, 17.97571862059858], [-91.1886359169328, 17.976021288886336], [-91.1885533445288, 17.975209109229183], [-91.18776994649821, 17.97479605913844], [-91.18636297529521, 17.973160079883545], [-91.18560784483756, 17.97295016936146], [-91.1850023165474, 17.972915509959826], [-91.18211216634334, 17.974134539936873], [-91.18156050571947, 17.974766938682134], [-91.1812229749681, 17.976565401043615], [-91.18094922518934, 17.97667871822208], [-91.17935191589315, 17.975881259490873], [-91.17845333412767, 17.974887571268283], [-91.17748230623225, 17.975052287839368], [-91.17645428588766, 17.974868780501], [-91.17550673571851, 17.975700230413825], [-91.17504254501634, 17.976652229937876], [-91.17400947585338, 17.97696122962796], [-91.17351647489272, 17.977768000455697], [-91.17260485607157, 17.97804919863681], [-91.17200327584762, 17.97763785092998], [-91.1708460132258, 17.97803728904493], [-91.14472673663826, 17.975159860408763], [-91.14966373490476, 17.96690327993014], [-91.151122964645, 17.962673449410023], [-91.1331822568637, 17.958009720042806], [-91.1306691447985, 17.98225019815928], [-91.1135806472669, 17.975850480475952], [-91.118435916569, 17.96739654960984], [-91.1202003042014, 17.963375258944115], [-91.05775246030623, 17.96312562985163], [-90.98795171717735, 17.962545049556436], [-90.98761868601589, 17.950824340355855], [-90.98766599754217, 17.901350678950468], [-90.99550641475855, 17.902156649058792], [-90.99563736418867, 17.875489459189527], [-90.98766254671828, 17.87535654964826], [-90.98763950388899, 17.815473449785276], [-90.98782071983838, 17.811842449874003], [-90.98778082000317, 17.75079730988498], [-90.988392579967, 17.50079225952283], [-90.98784945000072, 17.42309750936101], [-90.98961217046218, 17.423523909433463], [-90.9920963700645, 17.42354908909307], [-90.99210500042054, 17.427965399149922], [-90.9967871504037, 17.42842837923631], [-90.99696194040706, 17.424331199717855], [-91.0014490202525, 17.42483933929464], [-91.00149102040064, 17.424040249729877], [-91.01086461986321, 17.423676059544512], [-91.00962605954984, 17.428561019773934], [-91.01289425031318, 17.4287766198014], [-91.01692132028322, 17.423434339368765], [-91.01917834968283, 17.42342967904887], [-91.01804902986595, 17.42549641979216], [-91.02176952042015, 17.42564210990507], [-91.0225283097293, 17.423423429016157], [-91.02696788024362, 17.42359187932958], [-91.02705583006254, 17.421405079242547], [-91.03218459973841, 17.422258679676823], [-91.03176063008009, 17.451058619459587], [-91.03174718007678, 17.467298089515253], [-91.05793300044445, 17.470115819637016], [-91.05794008965839, 17.483038709522308], [-91.07342568012952, 17.483665979813967], [-91.07907593990664, 17.484604089788625], [-91.07926049011152, 17.483681569665528], [-91.07974248033486, 17.483844719728367], [-91.07963334012979, 17.48465093941819], [-91.08174200019808, 17.48507033988117], [-91.0817437701628, 17.480877079333215], [-91.08917597005888, 17.481712249037948], [-91.088500969541, 17.479140369819284], [-91.09083341954964, 17.479095889375927], [-91.09044527961285, 17.477092949198383], [-91.09526329039983, 17.4776885096513], [-91.09558344962073, 17.481562049102077], [-91.09794676982774, 17.481402579641895], [-91.0977506599825, 17.478848999125], [-91.1089570597983, 17.479438739252746], [-91.10893525969581, 17.477727619381117], [-91.13066357984633, 17.47767510917284], [-91.13868674977505, 17.477840059250894], [-91.13883541972494, 17.479270079146346], [-91.14147956985995, 17.481392509328135], [-91.14155120033858, 17.482512509844163], [-91.14120462956859, 17.484128749094296], [-91.14073248985275, 17.484792889015505], [-91.14006374950264, 17.484964599833805], [-91.1387875698119, 17.4848684193592], [-91.13759331048236, 17.485635339087324], [-91.13718110971533, 17.486277169572258], [-91.13649401954376, 17.488752549532023], [-91.1357431097643, 17.489369939469857], [-91.13442928956187, 17.48986133981907], [-91.1341274301354, 17.490313139571168], [-91.13417214039558, 17.490837279866632], [-91.13477106049832, 17.49144887905579], [-91.13657314985416, 17.490871979800257], [-91.13737817996166, 17.491105019754656], [-91.13990030975671, 17.492900859677288], [-91.1399699399483, 17.4937784497486], [-91.14042371015819, 17.494008599643735], [-91.1410622000996, 17.49747544964343], [-91.14072068983714, 17.497627749290988], [-91.14077582046714, 17.499354549333876], [-91.14005718013931, 17.500855349357234], [-91.14048635033578, 17.50100434988061], [-91.14089817997957, 17.50186064935934], [-91.14359753987854, 17.503029019265362], [-91.14336074003398, 17.503515459814608], [-91.1440069504445, 17.503468059418513], [-91.14436400038124, 17.503779219415193], [-91.14399780022941, 17.504381849357525], [-91.14483830950776, 17.50453528987639], [-91.14495414955059, 17.505254199541348], [-91.1453703398772, 17.505769829626878], [-91.14623174037055, 17.5058104791982], [-91.14853737954121, 17.50516847974687], [-91.14935017976447, 17.505616519378293], [-91.15000935037169, 17.505699779150277], [-91.1503176495742, 17.50726385973262], [-91.15093389002881, 17.508646519408156], [-91.15228130967843, 17.509634109126605], [-91.16003296990509, 17.51321670945717], [-91.17660042044722, 17.51975836946022], [-91.17271982004092, 17.528013539581835], [-91.17181011961894, 17.539388319452083], [-91.17323783040798, 17.561226249691316], [-91.18811660008157, 17.562167599898924], [-91.20665335011407, 17.578682549679694], [-91.20962082968576, 17.566293649414813], [-91.20801687978117, 17.566109979232518], [-91.20704829033075, 17.562187489379042], [-91.21055262977278, 17.56291787939857], [-91.21169661963947, 17.56180213935579], [-91.21810366031099, 17.561257749399566], [-91.22563176996434, 17.560202229241156], [-91.24137715034809, 17.556433379657907], [-91.24120894980291, 17.55609673923736], [-91.2398552295461, 17.55518447963703], [-91.23913450979002, 17.555433519643223], [-91.23936614968441, 17.55472556925244], [-91.24762804970516, 17.53968867949721], [-91.25299634003008, 17.538842369089153], [-91.25946477983273, 17.564591349461523], [-91.25927788009257, 17.565035819155707], [-91.25983464982606, 17.57694059940109], [-91.26057162956684, 17.582493859226116], [-91.26161572032306, 17.582227449308725], [-91.26183554965152, 17.582519619464545], [-91.26273299975986, 17.582577369241115], [-91.26376918044915, 17.58363899919498], [-91.2642218001619, 17.58371074950827], [-91.26474770958855, 17.58343614921614], [-91.26653327973453, 17.58162922964562], [-91.2666807702707, 17.580661449239113], [-91.26721228982716, 17.580536859318038], [-91.26820893969884, 17.581167259831712], [-91.27172900011283, 17.580657619371078], [-91.2727568600956, 17.580371059497242], [-91.27305486046295, 17.579709859594505], [-91.2752868198684, 17.57865605923517], [-91.27574581963131, 17.578719539180096], [-91.27639528982247, 17.57926748973989], [-91.27929729017983, 17.579754079860326], [-91.27978774977312, 17.58062142946042], [-91.28003131039374, 17.581711259578352], [-91.280665940328, 17.582536449475246], [-91.28371774005656, 17.583644749337886], [-91.29561697021165, 17.58438647956812], [-91.29710902003958, 17.583274649873886], [-91.29798197024245, 17.58327588952702], [-91.29862683037732, 17.584003979083466], [-91.29698877036058, 17.585885819319387], [-91.29638169036107, 17.58712393933934], [-91.29719753989988, 17.58729282974769], [-91.297476179794, 17.58755045981115], [-91.2984497999057, 17.58743048976658], [-91.29916998044686, 17.587572569802997], [-91.29946811974189, 17.588154629156598], [-91.29908238026523, 17.58896119922446], [-91.29802584961108, 17.5900267990329], [-91.29710763026539, 17.59042031949437], [-91.29614669000082, 17.590442909435602], [-91.2962765499215, 17.59104422926174], [-91.29690568015646, 17.591467049905877], [-91.29905792020097, 17.591837849638498], [-91.30135440026821, 17.591445419821046], [-91.3041627200886, 17.59262104978412], [-91.30546388006469, 17.59380841903899], [-91.3059083196816, 17.593821229495227], [-91.30621621963222, 17.59353962905837], [-91.30654622042094, 17.592348519788665], [-91.30520830980444, 17.590908369534795], [-91.30323454041267, 17.589970149917423], [-91.3027642198587, 17.589346629801224], [-91.3028669502897, 17.588664849134513], [-91.3040740804267, 17.587913449852966], [-91.30532461996098, 17.588355479727785], [-91.30594619962795, 17.58831585931592], [-91.30737653963666, 17.587274259178695], [-91.30758274964302, 17.58643456943549], [-91.30538240030097, 17.583313649470504], [-91.30402149042693, 17.58317641958282], [-91.30350477985374, 17.58284847915664], [-91.30341660010608, 17.582204509550568], [-91.30442925049316, 17.57961476917952], [-91.30536030976826, 17.578248149240856], [-91.30600633959008, 17.577901379551275], [-91.3065702899821, 17.578095369021483], [-91.30782657986713, 17.579051679070787], [-91.30856702984762, 17.57893202912348], [-91.3101583703675, 17.577612539816265], [-91.31060282959943, 17.57623527975458], [-91.31176649028453, 17.576772829396823], [-91.31394068993261, 17.57627547930482], [-91.31436485998931, 17.575928489610217], [-91.31433369004246, 17.57486124959763], [-91.31489784971915, 17.574439119890393], [-91.31510480046366, 17.574589309453867], [-91.315217320138, 17.575378829448834], [-91.31565811979642, 17.575502749544437], [-91.31602254998174, 17.574587309893644], [-91.31510850976048, 17.572617079405337], [-91.31521514993683, 17.57202714956736], [-91.31738102997086, 17.572057849208587], [-91.31835934968474, 17.572438539837755], [-91.31824191029806, 17.573550819917674], [-91.3184405997511, 17.574172369007286], [-91.31878215036843, 17.57399816987475], [-91.31909070963614, 17.574121029417103], [-91.3195369198345, 17.573590019120658], [-91.31995951960828, 17.574074649693472], [-91.32049374004183, 17.573831599186576], [-91.32119032017053, 17.57398236908281], [-91.32172980025642, 17.573303739125464], [-91.32165684994733, 17.572948429868394], [-91.32116087967691, 17.572868339071555], [-91.32163174027998, 17.571799379584398], [-91.32131750986883, 17.571120049848748], [-91.32085113960896, 17.570962379158363], [-91.32078071954922, 17.570701349861757], [-91.32103269032214, 17.57030242934954], [-91.32162848968558, 17.570002419022686], [-91.32343188954817, 17.569741109245232], [-91.32304260016085, 17.56935784979916], [-91.32314633982897, 17.568980739828337], [-91.32379239999483, 17.568610379567986], [-91.32358271976491, 17.567709059339574], [-91.32314252031428, 17.567443419758227], [-91.32341882017283, 17.56706845968625], [-91.32331145017604, 17.566146719914208], [-91.3230679502637, 17.565668709382845], [-91.3225067500109, 17.565235999857975], [-91.3222711401362, 17.56442894916171], [-91.32195324964935, 17.56423577925649], [-91.32247544971624, 17.563553629028252], [-91.32282319954729, 17.563451109644685], [-91.32308951042741, 17.56278547917599], [-91.32378923032935, 17.562759399249366], [-91.32451223023631, 17.562355489026785], [-91.32501388992928, 17.562458829089927], [-91.32531191958975, 17.562176398991333], [-91.32604589030272, 17.562453769611288], [-91.32658607987472, 17.562275019396193], [-91.32687244993238, 17.562443309608458], [-91.32782051983394, 17.561814779780715], [-91.32835436991186, 17.561759399371557], [-91.32873237964046, 17.56194685951342], [-91.32880236990712, 17.561734149836283], [-91.32944080013645, 17.562175949431907], [-91.32969484955838, 17.561982139857218], [-91.32964478030186, 17.561595149164308], [-91.33190511005962, 17.563165939452528], [-91.33181028039733, 17.56374544942492], [-91.33218311019607, 17.564043119913578], [-91.33241562036282, 17.563969889321015], [-91.33286194987691, 17.563647859225398], [-91.33186697009761, 17.562155709699148], [-91.33098182001677, 17.557811459329397], [-91.33383709012152, 17.556301739518116], [-91.3345252599103, 17.55740794947147], [-91.33534975023439, 17.557326199464374], [-91.3356688204402, 17.558979689158146], [-91.33595763026725, 17.559459749372124], [-91.33659464999475, 17.559808349622884], [-91.33657881994218, 17.55952391929493], [-91.33724289000943, 17.559323999665587], [-91.33758460028697, 17.558779219317373], [-91.33815808028973, 17.55901556971803], [-91.33855582966305, 17.56001736913464], [-91.33814502021801, 17.56060290942113], [-91.3382038504018, 17.56084033924015], [-91.33900348990193, 17.560717519668735], [-91.33959888983416, 17.559927149723805], [-91.33993278034283, 17.55982899971261], [-91.34086750969153, 17.560328819554968], [-91.34110943012621, 17.56071177906108], [-91.34104705969652, 17.56112202969923], [-91.33986831959417, 17.56183139984462], [-91.339720799628, 17.56236467910092], [-91.33990284982615, 17.56251191932347], [-91.34117967984548, 17.562497089629048], [-91.34202174040448, 17.56323528985568], [-91.34227858035963, 17.56313196904231], [-91.34238697039915, 17.56254816985613], [-91.34268728959269, 17.562467049610177], [-91.34296400014564, 17.562946949574865], [-91.34222682980683, 17.563960449882824], [-91.34227852001787, 17.564451509730368], [-91.34337294016304, 17.56499707984418], [-91.34398962975342, 17.564836909254037], [-91.3442557504707, 17.56513211936673], [-91.34393978044763, 17.56570084978746], [-91.34406888954717, 17.5658557995792], [-91.34488795032682, 17.56433957991663], [-91.34575056998725, 17.563512769465714], [-91.34555260001177, 17.563147519066955], [-91.34500819952794, 17.562899109719538], [-91.34498338000182, 17.562147279451377], [-91.3453952299471, 17.561925769438147], [-91.34667962000633, 17.562638149853587], [-91.34695988044706, 17.562382399247994], [-91.34686628027823, 17.561762849838058], [-91.34614628022821, 17.56162981918943], [-91.34578532004765, 17.561272219038926], [-91.34595142003514, 17.560099719197094], [-91.34647834003714, 17.560041089265034], [-91.34707745034848, 17.560844219235115], [-91.34801537025221, 17.561084779208247], [-91.34849986026279, 17.56077962927066], [-91.34808375013442, 17.55958302969143], [-91.34842027987945, 17.55919744907313], [-91.35068856965651, 17.55906633972985], [-91.35171824977748, 17.55923211916911], [-91.35212326020078, 17.55961665920479], [-91.35883025001667, 17.571239149840462], [-91.35898965042267, 17.572338149406644], [-91.35814905968486, 17.572690999545507], [-91.35798122020317, 17.57344527974279], [-91.35709124972014, 17.57464022939062], [-91.35587633956506, 17.575696999874268], [-91.35569448028282, 17.576659089861458], [-91.35492774001777, 17.576702749730952], [-91.3542125799469, 17.577833799408147], [-91.35304183002478, 17.579092889901375], [-91.35540670971176, 17.579973519420232], [-91.35539902045399, 17.580384319283862], [-91.35434535046119, 17.58107267962879], [-91.3553118897132, 17.58354825945711], [-91.35880642966916, 17.58634411922891], [-91.3560146301996, 17.58962644918639], [-91.35404425979793, 17.592880519292784], [-91.35353878031357, 17.595022829326833], [-91.35348814960557, 17.597385679774323], [-91.35442294962375, 17.600663779424096], [-91.35743430956019, 17.604822749614023], [-91.35973258031193, 17.607466119763874], [-91.36339057975397, 17.61061114983739], [-91.3668197995333, 17.61308501944262], [-91.37112812040925, 17.61521382991851], [-91.37867059956916, 17.619543249853898], [-91.38347180026652, 17.622083579288468], [-91.38829460005044, 17.62416511936067], [-91.39248132025412, 17.625107999147602], [-91.39763893973003, 17.625413289266664], [-91.40624357979975, 17.62523728959733], [-91.40949737993716, 17.62564531922164], [-91.4106599201135, 17.62602234912727], [-91.4133693399871, 17.624002519702497], [-91.41610011013542, 17.624024479648796], [-91.41936242991004, 17.619531939742796], [-91.42202501971937, 17.619351549456066], [-91.42243011995143, 17.616426569429503], [-91.4251845201456, 17.616061459653743], [-91.4290554301032, 17.617319319382197], [-91.43571517014432, 17.618443649908336], [-91.43820642016762, 17.61967602923552], [-91.43915212004825, 17.6176021191203], [-91.43910470963606, 17.61821271968665], [-91.43928026048138, 17.618393369205943], [-91.44024204953152, 17.618729289608332], [-91.44379995011734, 17.621508399692917], [-91.44831188040143, 17.624410429553166], [-91.4524184297093, 17.627481579467716], [-91.45446623013135, 17.628680679126045], [-91.45478368037628, 17.62923996932375], [-91.45609123041028, 17.630353279384554], [-91.4591002897045, 17.631830889452882], [-91.46192722036507, 17.63374307922002], [-91.46226168991006, 17.633677569622442], [-91.46253713958262, 17.634075719427084], [-91.4638561698951, 17.634861909118968], [-91.4643121195676, 17.634925819339404], [-91.4669251797898, 17.636555199427775], [-91.46858780025173, 17.637216459640644], [-91.46905045026794, 17.63788017917551], [-91.47149131012338, 17.638812549711925], [-91.47303705021615, 17.63977847929059], [-91.47364342022237, 17.639893449672527], [-91.4779577802445, 17.642478219606293], [-91.46743701985544, 17.654143179048653], [-91.46468913975461, 17.657445429127577], [-91.46738374041576, 17.665052119611545], [-91.48251290983846, 17.66224791906924], [-91.49284936978334, 17.660797169461464], [-91.50915890995205, 17.65915625907135], [-91.50875386044459, 17.65641874904084], [-91.51384168003663, 17.65695342900769], [-91.52004760045655, 17.640587399590007], [-91.52947671042452, 17.64164274976514], [-91.54178000041473, 17.616371169448044], [-91.55107737955763, 17.613627079269357], [-91.55407774958358, 17.618592549581116], [-91.55980918003391, 17.62290388964189], [-91.56523578012991, 17.629657659855372], [-91.56612314021305, 17.62992053992394], [-91.56674873954513, 17.63758702928221], [-91.56603654980474, 17.637857829317483], [-91.56585913974418, 17.638207539462073], [-91.568791709922, 17.642929939124397], [-91.57107419965719, 17.645966339817125], [-91.57083547988138, 17.646417229685756], [-91.57164937035573, 17.64796447917641], [-91.57181911959074, 17.649260939801632], [-91.57050584956271, 17.649512199600977], [-91.57069175024866, 17.655291339799536], [-91.57002342954173, 17.655625369571855], [-91.56973330993267, 17.6570770495547], [-91.57001538023846, 17.664847219170912], [-91.57050954022398, 17.664920149352163], [-91.57105039960034, 17.674238429871707], [-91.57085860006516, 17.6756497192424], [-91.57277578036394, 17.68397561976839], [-91.57140448962397, 17.684417429793097], [-91.56769214981597, 17.68642271968733], [-91.56367777003945, 17.6889346593994], [-91.56197700006405, 17.699054879383166], [-91.57396388976481, 17.701963199621076], [-91.5741795401874, 17.702415079048308], [-91.57393468969752, 17.704696419568762], [-91.57047382957914, 17.712743649579778], [-91.56671122986462, 17.712661289156806], [-91.5664476200427, 17.72198747988554], [-91.56881010972015, 17.722669119861916], [-91.56816802049342, 17.72437559906503], [-91.56846471992486, 17.724964289118848], [-91.56893050974237, 17.725187029811554], [-91.56344159957072, 17.72659501977357], [-91.56463748953607, 17.72746065974673], [-91.56485161992111, 17.727975539570572], [-91.56623873980716, 17.729059339848458], [-91.56679450973394, 17.72875401950505], [-91.56725917960664, 17.72925676933175], [-91.56740356993446, 17.72980948930165], [-91.56822162034113, 17.730278849729867], [-91.56897843035436, 17.73158591990872], [-91.56954222036983, 17.732036939196224], [-91.56940065045225, 17.732453539202897], [-91.57013642005444, 17.733111289267267], [-91.57215653967637, 17.741899419465895], [-91.57084571963885, 17.742170019111928], [-91.57048299957678, 17.742889549493395], [-91.57071589000145, 17.743208749504497], [-91.57004237964382, 17.74399687971418], [-91.5705400802876, 17.745530739772367], [-91.57058020031135, 17.761822179287492], [-91.59837310952047, 17.76161030978311], [-91.61744405022294, 17.76591016992086], [-91.61840963025794, 17.764286219816267], [-91.62048380045223, 17.76200430919912], [-91.62188187959788, 17.761154599703463], [-91.62534514959947, 17.759782579015127], [-91.62715567958183, 17.75964730956168], [-91.63406294030298, 17.76070701974754], [-91.63750063037203, 17.76046882952651], [-91.64014885013972, 17.760536319384666], [-91.64993478037424, 17.762008999612533], [-91.65239385020828, 17.762022059826073], [-91.65401581972009, 17.761476419528186], [-91.65519531036264, 17.760448999759568], [-91.65550657014454, 17.759453459790993], [-91.6552533798461, 17.757359739172106], [-91.65479227989715, 17.756499829452526], [-91.65213737001251, 17.754379979615088], [-91.64380228992016, 17.750850969143862], [-91.63766821981915, 17.74865076987875], [-91.6240494297152, 17.74327624913693], [-91.62249352001852, 17.742458659173025], [-91.62086446024472, 17.741231879513542], [-91.61918581958564, 17.739549689634572], [-91.61748316967916, 17.73673721937664], [-91.6164343099111, 17.733473949280082], [-91.61639917002195, 17.730406549317227], [-91.61719008984214, 17.72811564913398], [-91.61799009036726, 17.726556709542603], [-91.61961754990658, 17.72504644931042], [-91.62110690989736, 17.72398014920809], [-91.62336065044296, 17.72325673971446], [-91.62673768006951, 17.72320754924638], [-91.6294831202367, 17.723726849622512], [-91.63835712010908, 17.726492619189376], [-91.64077265994852, 17.727642679390947], [-91.6424807796561, 17.728822019270783], [-91.65296088014554, 17.736750749355217], [-91.6560566504467, 17.738326579324088], [-91.6579814903427, 17.738757149207864], [-91.66012481994841, 17.73876422984091], [-91.66186094958142, 17.738360449182945], [-91.66395103028566, 17.737193079715485], [-91.66593360043274, 17.735684719733403], [-91.66734384963941, 17.734293139162386], [-91.67180577955644, 17.728660649183333], [-91.67213302007262, 17.7239875094912], [-91.67208477013544, 17.7214249197396], [-91.6725785103838, 17.71637861926231], [-91.67350306033356, 17.715196369168456], [-91.67605724976978, 17.713337249391465], [-91.6781951502293, 17.710926619766433], [-91.68085951969836, 17.70925082929867], [-91.68368103011936, 17.708551939879243], [-91.68527117019028, 17.70841736978075], [-91.68917425009535, 17.708723629908054], [-91.69183465005662, 17.709335659209465], [-91.6933370303694, 17.709891579671186], [-91.7022531100517, 17.713780649865583], [-91.70900659963493, 17.714280549228974], [-91.70908329013932, 17.718464229845164], [-91.70966005034553, 17.725688349032826], [-91.71021419961052, 17.741316169699413], [-91.71050684961584, 17.743178259029715], [-91.69859096968744, 17.746983749798044], [-91.70257968023023, 17.750799829589223], [-91.70458643017422, 17.753409799466198], [-91.71106158045636, 17.76309668925452], [-91.712758539586, 17.76507893938486], [-91.71271840011127, 17.78614008912587], [-91.7101880899977, 17.786001349464062], [-91.6863243998601, 17.830462199690306], [-91.69093764972163, 17.832331489429883], [-91.69168420042672, 17.834479449807475], [-91.67878434014956, 17.843848859802243], [-91.68403834018143, 17.85049596928487], [-91.67849308979014, 17.854516019709386], [-91.68160820042834, 17.85827757964004], [-91.68551155037505, 17.862346679903006], [-91.6750509095755, 17.87258308919462], [-91.68065105980821, 17.876003719198728], [-91.6719420501426, 17.894661399656574], [-91.63880593955028, 17.873953779213934], [-91.63274894037993, 17.884196369298728], [-91.63431822022321, 17.885096379869502], [-91.62910141955672, 17.89712788908731], [-91.63154237973094, 17.898149449035618], [-91.63308922025932, 17.905016029746772], [-91.62773737973826, 17.907452819027164], [-91.61936321987291, 17.909212309068444], [-91.61751083001397, 17.910820849774595], [-91.61271359974577, 17.912919029382756], [-91.6196248800897, 17.919189619702415], [-91.62026886037597, 17.922230059108546], [-91.6220468003943, 17.942574749836247], [-91.62474037960949, 17.949071849205602], [-91.62078027961373, 17.952811779317823], [-91.62047628982619, 17.9535785996548], [-91.62089858041907, 17.955765139410833], [-91.62073464962063, 17.956832369584653], [-91.61977337955555, 17.95757410936282], [-91.62040494988862, 17.958601569520088], [-91.62151254978832, 17.961587319655873], [-91.62128777971164, 17.964432019288765], [-91.62075937005122, 17.967237889307768], [-91.61918203007242, 17.9728542197379], [-91.61946277980104, 17.973119649597436], [-91.61939691013848, 17.973818429612855], [-91.61998965009623, 17.97644028955637], [-91.61896047979248, 17.977720119347307], [-91.61934387971738, 17.978802519003708], [-91.61653486019007, 17.984695549773875], [-91.6163634495428, 17.986904689278198], [-91.61582114011098, 17.98908405987284], [-91.61652237986937, 17.99210105901691], [-91.61659647991986, 17.99486351941473], [-91.61727364995643, 17.997010179150443], [-91.61698802968917, 17.99990328916391], [-91.61824801952685, 18.003002979560183], [-91.6181752600169, 18.003426089747045], [-91.61708334951508, 18.0041034597958], [-91.61708187994736, 18.00429324915619], [-91.6179676601666, 18.005986109199657], [-91.61890865970268, 18.00721559931437], [-91.61973584992246, 18.007594049684155], [-91.61932184974928, 18.008174689435428], [-91.61955931996373, 18.00992568920652], [-91.61894748017069, 18.016750349455037], [-91.61926585979141, 18.01751105906377], [-91.61845991021966, 18.018154889512346], [-91.61812190966997, 18.01870627957537], [-91.6180811796374, 18.019243539119724], [-91.61709988981842, 18.020605999744287], [-91.61636614042649, 18.021236249183215], [-91.61611157012659, 18.02260768949464], [-91.61621671004099, 18.02302301956621], [-91.61718748034585, 18.023600019614438], [-91.61752265978292, 18.024224519016613], [-91.61693297042491, 18.02547567968181], [-91.6154504195885, 18.027474249114075], [-91.61525728020908, 18.02810953941226], [-91.61468897032559, 18.028370519546957], [-91.61451976960562, 18.02868536969023], [-91.61452655012067, 18.029278829844294], [-91.61478485002681, 18.029610939026185], [-91.61462124989937, 18.03015401952485], [-91.61499004970264, 18.03115294919879], [-91.6148792303072, 18.031594969080167], [-91.61411370995395, 18.032199799346206], [-91.61401553974837, 18.032595109083154], [-91.61426686030664, 18.034032689785978], [-91.6151678501321, 18.035170379538606], [-91.6152755999894, 18.035932569352262], [-91.61499723022193, 18.036626689599327], [-91.61503558020661, 18.03754064967288], [-91.61427701980773, 18.03885276939976], [-91.6136480503736, 18.043743549469575], [-91.61254465013816, 18.044582489686153], [-91.61226902042463, 18.04502097946866], [-91.61251200006919, 18.045645679309278], [-91.61298220038914, 18.046101519377107], [-91.61296348964602, 18.046553149765508], [-91.61243514010305, 18.04676150957645], [-91.61254399994786, 18.048090709598835], [-91.6130550799241, 18.0485197097242], [-91.61376681957597, 18.04865819908261], [-91.61399816961477, 18.048946689430778], [-91.61350213955217, 18.049958319810163], [-91.61357522032293, 18.0514088792552], [-91.61476924980563, 18.05230082956636], [-91.61493945962874, 18.05284608957447], [-91.61470583035985, 18.053921149603468], [-91.61593263014957, 18.054707019422093], [-91.61604771029155, 18.05511516947516], [-91.61761033963057, 18.05524202912383], [-91.61874905006584, 18.056297339552827], [-91.61855980018328, 18.058285169128798], [-91.61919577020622, 18.05896830981896], [-91.61929491036491, 18.060803689886548], [-91.61859891966208, 18.06193699929333], [-91.61756298007032, 18.06260816975944], [-91.61751267992247, 18.06320150946313], [-91.61690599960895, 18.06414007979326], [-91.61655862973313, 18.065434339256445], [-91.6149688200939, 18.067698879330436], [-91.61413088956175, 18.068412089166806], [-91.61274275032358, 18.068932859917286], [-91.61008387973823, 18.07050082930392], [-91.60897322023989, 18.070487379326416], [-91.60857260040005, 18.07120607906836], [-91.60757854027521, 18.074505279656822], [-91.60834182004074, 18.07467433945483], [-91.6082468898621, 18.075213859151987], [-91.60708082970439, 18.076956969706185], [-91.60683557016029, 18.078085179595224], [-91.60706522967764, 18.07893428982098], [-91.60762014972182, 18.07962556987291], [-91.60749520022493, 18.080073429487303], [-91.60681484978288, 18.08071221970986], [-91.60660423029444, 18.081190949269644], [-91.60611896978327, 18.08276942967291], [-91.60616928961468, 18.083975659457625], [-91.60645135002561, 18.085672649035562], [-91.60732011991269, 18.08791062948467], [-91.60793744958517, 18.08831059923537], [-91.60911714023845, 18.088601599134307], [-91.60964428987108, 18.08919865930891], [-91.60885331975352, 18.0920744191566], [-91.60902885977319, 18.092301659262745], [-91.60935518012703, 18.09213451903608], [-91.6094780798485, 18.091542139261392], [-91.6098046299844, 18.091346799692722], [-91.61030337006673, 18.09180236905155], [-91.61000099956854, 18.092675908989342], [-91.60916879956369, 18.093291429097793], [-91.60916434012289, 18.093856399804764], [-91.61028690994591, 18.09389270908565], [-91.61095505973748, 18.094980109696667], [-91.61066597005892, 18.095440999061953], [-91.60965871962416, 18.09594942961938], [-91.6097180204133, 18.097609399677502], [-91.60950468032327, 18.098438399321868], [-91.60749329023051, 18.101453419042652], [-91.60599772027214, 18.102133339711656], [-91.60519411004314, 18.102858149784655], [-91.60538490970708, 18.10358254912852], [-91.60527940034942, 18.104312419757644], [-91.60497605002017, 18.104834349224667], [-91.60412554999976, 18.105177629858034], [-91.6037712003941, 18.105842149048456], [-91.60381402958357, 18.10673191982537], [-91.6032241802648, 18.107744149850454], [-91.60290861983108, 18.107710109257614], [-91.60223276970494, 18.10699047911258], [-91.60176822986078, 18.106875919329745], [-91.6013185397711, 18.106983829336595], [-91.60061397034117, 18.107788749766534], [-91.59954429030695, 18.108050419198488], [-91.59884471029625, 18.107834379786773], [-91.5977377699215, 18.10865521945189], [-91.59597144974924, 18.108415419715683], [-91.59495955018363, 18.1078911093713], [-91.59446276986598, 18.107307509631024], [-91.5924424900669, 18.106679949201975], [-91.59137188971549, 18.106899079159735], [-91.58975314971016, 18.10800936970695], [-91.58945953999806, 18.108423279418048], [-91.58953843024005, 18.110005429521795], [-91.58929142968765, 18.11118877963711], [-91.58936828022257, 18.11147933938684], [-91.5905130299693, 18.111891169179486], [-91.59074843023325, 18.112157659350242], [-91.5899424003105, 18.113942089628104], [-91.58990741987891, 18.115013519129644], [-91.59060775043564, 18.11535639969729], [-91.59141810989993, 18.116126689011743], [-91.59196828021184, 18.117462429191075], [-91.59206791029662, 18.118547859577394], [-91.59149832012044, 18.119639019161266], [-91.59161145959953, 18.119931399800553], [-91.5927798799414, 18.120278779363073], [-91.59420697991236, 18.121477279261534], [-91.5950881497616, 18.122552799080903], [-91.59499139995681, 18.12382576912271], [-91.5953810896608, 18.124571279810127], [-91.59534693956407, 18.125175079021044], [-91.59495057030726, 18.12575370910038], [-91.59407297985037, 18.126018259597984], [-91.59365429019913, 18.12642694929927], [-91.59342748030657, 18.128167779146487], [-91.59227969008974, 18.12834787929016], [-91.5917834000122, 18.12885496984986], [-91.59152823043243, 18.129344109143556], [-91.59199967982926, 18.130501709732382], [-91.58739809004759, 18.12918262931024], [-91.5812379802084, 18.13524722943436], [-91.57983302026778, 18.134530459351804], [-91.57219912008001, 18.142015139868136], [-91.58272926043826, 18.152461399506024], [-91.58179334000508, 18.152711629610717], [-91.58104838047939, 18.153329769192208], [-91.5811838499964, 18.15392097010221], [-91.58066339989708, 18.15477071943618], [-91.58124526043528, 18.155406819500218], [-91.58125384955544, 18.155661349250746], [-91.58053951009843, 18.15628487903658], [-91.57996601994499, 18.158179799191757], [-91.57876705039268, 18.15892087983257], [-91.57802989004561, 18.15895808913719], [-91.57662931017559, 18.158200909877703], [-91.5753787699838, 18.15821294948441], [-91.57511917034567, 18.157186769544058], [-91.57476174986971, 18.15720547927582], [-91.57413290992248, 18.157648939624405], [-91.57377618045123, 18.157582259454436], [-91.57274874041983, 18.156707179234573], [-91.5723392902565, 18.15703564930943], [-91.57168072036322, 18.15716124987297], [-91.57000111960318, 18.157169079148762], [-91.56734576988649, 18.15915721965768], [-91.56705535030027, 18.1591763691408], [-91.56608404978026, 18.157803449385067], [-91.56561451979968, 18.15788527961812], [-91.56513970988944, 18.158607309537203], [-91.56462457974125, 18.15879550954292], [-91.56280611006007, 18.158482079107575], [-91.56238572016734, 18.15800948914036], [-91.56154074994683, 18.157576349490263], [-91.56015751993085, 18.15743797919803], [-91.55899144982844, 18.157894629660177], [-91.558454710074, 18.157830769617227], [-91.55759128979788, 18.15724807935735], [-91.55664085039146, 18.157127229553176], [-91.55603381999587, 18.15657485930317], [-91.55565424980489, 18.15657199982305], [-91.55457357955527, 18.15781590922671], [-91.553777399647, 18.157809919488294], [-91.55276106037405, 18.158176229690497], [-91.53450514028083, 18.14617436953033], [-91.52452276978869, 18.15989710964937], [-91.52416104999173, 18.159802939252103], [-91.52287381987036, 18.160995149195752], [-91.5221863997658, 18.160897339113824], [-91.52212281991197, 18.159767799242786], [-91.52187056984685, 18.159632179772426], [-91.52115670981554, 18.160214779877304], [-91.52012055028078, 18.160513949255378], [-91.51984109021791, 18.162113139523637], [-91.52038241986276, 18.162519349299977], [-91.5197406802696, 18.162748479084375], [-91.51968490978882, 18.16295770931751], [-91.52040697989834, 18.163060819300526], [-91.52046500009685, 18.16340484967633], [-91.5199203998848, 18.163991859660737], [-91.51829936966499, 18.164509519622676], [-91.51727094020006, 18.165209179338962], [-91.51709022001786, 18.165965109170436], [-91.51775151043125, 18.16648514975152], [-91.51755934019505, 18.166726049266945], [-91.51682882955328, 18.16688697927183], [-91.51650550990648, 18.167270799291302], [-91.51665162960639, 18.1681631797789], [-91.5160634201308, 18.168710569424167], [-91.51583257039924, 18.169876019742702], [-91.51479084979049, 18.16985508937671], [-91.51336507985485, 18.17026616937171], [-91.51313814985647, 18.16994596979401], [-91.51375877985224, 18.169448879064593], [-91.51376631992008, 18.169241179553627], [-91.51280117960312, 18.168887599438573], [-91.51193757024836, 18.169318379031893], [-91.51126937034662, 18.170015279161813], [-91.51063421992482, 18.170002289100207], [-91.50996577012755, 18.16952088931438], [-91.50963367986164, 18.16951022935063], [-91.5095578504384, 18.16985447975306], [-91.51006774987566, 18.17078090977008], [-91.50959911035147, 18.171053649640232], [-91.50898318006247, 18.170971619548553]]]}}, {"type": "Feature", "properties": {"CVEGEO": "27002", "CVE_ENT": "27", "NOMGEO": "Tabasco", "CVE_MUN": "002", "NOMMUN": "Cárdenas", "cov_": 1994, "cov_id": 1995}, "geometry": {"type": "Polygon", "coordinates": [[[-93.52655356355923, 18.40824906709465], [-93.52615732008421, 18.4035567190586], [-93.52488710983148, 18.403253139077904], [-93.52125894976133, 18.40312627982168], [-93.5193493796972, 18.40258016904266], [-93.51815114031622, 18.40246571956078], [-93.51567724994162, 18.401649659059796], [-93.51474991958585, 18.40103436952913], [-93.51445534037595, 18.40106510905761], [-93.51333461994034, 18.400508199601514], [-93.51195188049164, 18.399413779096204], [-93.51198518031364, 18.398877349346343], [-93.51252311046984, 18.398125489276826], [-93.5126498799507, 18.39758721930715], [-93.51370511037211, 18.396662779192404], [-93.51384177965441, 18.395976549434295], [-93.51489287986757, 18.395532259674827], [-93.51573849029499, 18.394598419889757], [-93.51582774040844, 18.39357008956638], [-93.5163059403747, 18.392800199458186], [-93.5168486804516, 18.392522169169897], [-93.5182920000064, 18.3890181797282], [-93.51333977980457, 18.384992169367045], [-93.5119869500468, 18.384902319408912], [-93.5214369203612, 18.38086882905317], [-93.518460480248, 18.380412399695185], [-93.52673102967674, 18.347627819779245], [-93.52842033977781, 18.346525378981966], [-93.52855628973708, 18.344263579477857], [-93.52814088990233, 18.343372689842994], [-93.5236770495137, 18.343136719711943], [-93.52194451955133, 18.343248569267807], [-93.52079090962685, 18.337342859026716], [-93.51896458015224, 18.337548079225556], [-93.51740108048388, 18.33381422925172], [-93.5106824504755, 18.336460149371987], [-93.50780285990973, 18.329689019781142], [-93.50893648013086, 18.329227799247857], [-93.50862384965183, 18.32729136969257], [-93.50754952005794, 18.32785633959519], [-93.50248103015147, 18.319150429653646], [-93.49804815007695, 18.312070089383436], [-93.49777011996774, 18.309026259765567], [-93.49203654042418, 18.311851119753705], [-93.48881929039617, 18.30772473901893], [-93.48570631995159, 18.30712748916074], [-93.48415237989305, 18.30075877907476], [-93.4836229695668, 18.300599679337694], [-93.48522151041082, 18.28748624964331], [-93.48286926003763, 18.287002079730286], [-93.48185051011632, 18.28390774905342], [-93.47960077982849, 18.28247468982464], [-93.47738611042102, 18.282924549254165], [-93.47577662034699, 18.281471569550337], [-93.47532804967825, 18.277785859725917], [-93.47211817973135, 18.27794216964382], [-93.47447081955448, 18.26313225942074], [-93.47981271999885, 18.263722659455624], [-93.48526726003857, 18.26138941901124], [-93.48289412010502, 18.257363479061297], [-93.47964568029336, 18.247061659348727], [-93.48413127962884, 18.24697777981331], [-93.48338689018723, 18.24531373972982], [-93.4818828501817, 18.242753519009273], [-93.48015301967743, 18.24132245922222], [-93.47920091956358, 18.240239919734716], [-93.47654791002797, 18.23830428982269], [-93.47534790996615, 18.23654073935075], [-93.47470073968903, 18.236137509104996], [-93.47168686029187, 18.235212939693657], [-93.47071083044182, 18.23450721908613], [-93.46990192028093, 18.233411619660828], [-93.46929511046267, 18.23320234914304], [-93.47195497972686, 18.22917053969722], [-93.47494311969541, 18.227124979571325], [-93.4765990846891, 18.22534350950736], [-93.47326436967073, 18.221848739667156], [-93.4718352801418, 18.220055679434527], [-93.4719547704829, 18.217720349120988], [-93.47283687987895, 18.216267179062147], [-93.47505562042225, 18.21442331911237], [-93.47472816999903, 18.213705119404153], [-93.47718934040543, 18.212557629848163], [-93.47879717034029, 18.211007819493314], [-93.47561997970843, 18.208256909046156], [-93.47588408955646, 18.206650999155627], [-93.47540415041179, 18.206014999204577], [-93.47299325016226, 18.204960019712438], [-93.47202098012555, 18.204006939499028], [-93.46851093954423, 18.20641401983601], [-93.46739831994468, 18.207552969120663], [-93.46549111965345, 18.204434619838693], [-93.4648697704141, 18.202601279353207], [-93.46440054967401, 18.20305844972908], [-93.46404903012126, 18.202336579899203], [-93.46446865973991, 18.201734949346044], [-93.46480446004355, 18.20174573981772], [-93.46490464976841, 18.201420679600105], [-93.46481399971393, 18.200619689356092], [-93.46436905007496, 18.200286219807346], [-93.46448384977494, 18.200079059443368], [-93.46412066045346, 18.19985977927254], [-93.46393148953149, 18.200336919774216], [-93.4620525996032, 18.19903241984072], [-93.46119528043076, 18.200239179779], [-93.46036278045723, 18.19979444967175], [-93.45943642011981, 18.201345519794902], [-93.45893251989123, 18.200875849497105], [-93.45870014966896, 18.201094749657813], [-93.45836811033763, 18.200814629477346], [-93.45826114967528, 18.2009317993478], [-93.45755570997018, 18.200252399086725], [-93.45755767999347, 18.20055828986113], [-93.45697158041851, 18.201032079903406], [-93.45675074985719, 18.200833689277548], [-93.45615586043907, 18.201277569574255], [-93.455285309689, 18.200951659330197], [-93.45477548973572, 18.201142849258147], [-93.45434995032667, 18.201023599651244], [-93.45430718040093, 18.20118079937713], [-93.44811518047185, 18.201116479513757], [-93.44878299995442, 18.198255429601804], [-93.44971408021587, 18.198322519433315], [-93.44965902011425, 18.197862679359112], [-93.4488602002857, 18.197796949530453], [-93.4490186502117, 18.19655247986839], [-93.44817251046724, 18.19647699910027], [-93.44822635002538, 18.19594694923058], [-93.44956382987992, 18.196066579038], [-93.44990123021091, 18.194956649678236], [-93.45257830983604, 18.196391228983142], [-93.45147487990184, 18.195325909326467], [-93.45179757038318, 18.194463059037197], [-93.45041211016601, 18.193615089794626], [-93.45061371979477, 18.193011569261987], [-93.44891334963495, 18.19318861955848], [-93.44843998041955, 18.193011459878583], [-93.44855606006766, 18.19256937973037], [-93.44580314030195, 18.190738379842813], [-93.4432753695906, 18.18855476970615], [-93.4402757801728, 18.18643642961224], [-93.4395480901898, 18.18648576951731], [-93.43941182996784, 18.185919649610458], [-93.4399639099864, 18.184168919307538], [-93.43878742989021, 18.18467957931811], [-93.43721584993315, 18.18469827971862], [-93.43362344992656, 18.1853582796961], [-93.4302352198815, 18.18755394927882], [-93.42651717990836, 18.188957399296438], [-93.42433054037133, 18.190343449692644], [-93.42304654014687, 18.190718849051414], [-93.42100320004054, 18.190829509466145], [-93.42117103033124, 18.189796719241688], [-93.42108118024535, 18.17273990970044], [-93.4206431199819, 18.167560859649356], [-93.4163399798651, 18.171769379836977], [-93.41509465964437, 18.17072244964739], [-93.4138814601749, 18.170348049558225], [-93.41243782040497, 18.170385319246776], [-93.41226925015027, 18.169953679817038], [-93.41072660046177, 18.16902034909753], [-93.41164388006882, 18.165425169427266], [-93.41033004987105, 18.165208489196214], [-93.41051497022796, 18.164111149574538], [-93.41084580034236, 18.162402659507347], [-93.41205513976296, 18.161472429869708], [-93.41268985030808, 18.158789719452976], [-93.40898247951675, 18.15696247968809], [-93.40812984960839, 18.15419571913268], [-93.4070520802592, 18.152435629196116], [-93.40626765038806, 18.15184164962717], [-93.40535105994114, 18.151551969028898], [-93.40449534981882, 18.150847249882965], [-93.40319385034697, 18.150651339070155], [-93.40233121987605, 18.150208649831338], [-93.40219107952838, 18.14907645978027], [-93.40257404992263, 18.148235579456006], [-93.40251030987397, 18.148083019559696], [-93.40182881974148, 18.148166549466282], [-93.40252639964581, 18.146920569532494], [-93.40236511999004, 18.14665481948114], [-93.4013109404588, 18.146295919541807], [-93.4023074002121, 18.145172829458588], [-93.40267508007675, 18.14435796945421], [-93.40167170984249, 18.14229916914252], [-93.4014111403148, 18.141189259127792], [-93.40124274022945, 18.141094679080517], [-93.40009752008324, 18.141496379446906], [-93.40057681955126, 18.14080314949495], [-93.40063970972588, 18.140123569619313], [-93.4025116299642, 18.138545779314647], [-93.40303311011216, 18.13852014947412], [-93.40292710970009, 18.138235519390385], [-93.40151394019641, 18.137399769591752], [-93.40277865030217, 18.137296429617972], [-93.40385657965606, 18.136521769701716], [-93.4038717701287, 18.135864149152713], [-93.40328003034993, 18.13483576979661], [-93.40424752036591, 18.13334122961157], [-93.4042498599679, 18.13272679961302], [-93.40337017028493, 18.132306649095163], [-93.40324251034889, 18.131581289468844], [-93.40344700037008, 18.13121321902709], [-93.40332818049332, 18.130520659071802], [-93.40413694986837, 18.128594419401956], [-93.40421274984791, 18.12739407916908], [-93.40323280043702, 18.127016829877082], [-93.40271828963874, 18.126408949194293], [-93.37364821999574, 18.117115979613644], [-93.36890470983333, 18.111101179478172], [-93.3683433403703, 18.111491799358358], [-93.3568122200183, 18.097644799006964], [-93.35047107876373, 18.090398311431017], [-93.34962623004958, 18.09061928553644], [-93.34906287778554, 18.091087556843643], [-93.34796527276269, 18.093149602961976], [-93.34708479813577, 18.095642950350534], [-93.34577336899261, 18.097643370806036], [-93.34119584906851, 18.093189620239986], [-93.34138061779085, 18.0930187692013], [-93.34058879925364, 18.09256889015019], [-93.33506753454411, 18.097502549200513], [-93.32483810994783, 18.08440082972467], [-93.32917384955411, 18.079794829518857], [-93.32025600028678, 18.0703977190117], [-93.32232851031287, 18.068902479721146], [-93.31893072044691, 18.065348509861455], [-93.32010093943697, 18.064475020327674], [-93.32393089022908, 18.067062709283825], [-93.3252882901313, 18.067530049331136], [-93.32598405966742, 18.06753173938044], [-93.32770338018942, 18.067363449426463], [-93.3287374198542, 18.06683117910904], [-93.33069091974409, 18.06479751916684], [-93.3325201795937, 18.06518491981896], [-93.33514077018395, 18.064290369733055], [-93.3359953097978, 18.065197879832375], [-93.33914944997966, 18.062861029841365], [-93.33936905962555, 18.063081279528877], [-93.34684465958532, 18.057525879744514], [-93.34663091036641, 18.057064169532335], [-93.34812821993306, 18.05631787957054], [-93.3455487403236, 18.053658799263328], [-93.33708428985621, 18.06234939912858], [-93.33409415029271, 18.059108029252396], [-93.32994888859395, 18.059402629663307], [-93.32839748999241, 18.050333999346073], [-93.32251696990724, 18.052880549963522], [-93.31177536864945, 18.038455280192657], [-93.31433154022795, 18.036527170498704], [-93.31975993893752, 18.035516059537606], [-93.32358933964133, 18.03529507970513], [-93.32491079991905, 18.03569297957219], [-93.3280904595359, 18.035739659663548], [-93.32658809029239, 18.033142769184057], [-93.33069152006878, 18.02556877940845], [-93.32905837011806, 18.023846229754707], [-93.32753986000013, 18.023251939750917], [-93.32741544971302, 18.02432076916905], [-93.32527256973857, 18.02457136965621], [-93.32501662023122, 18.024843249850175], [-93.32367925954716, 18.024972429515046], [-93.32315913985207, 18.025244659167434], [-93.32118327966921, 18.02530470933121], [-93.31977779953584, 18.025998229564575], [-93.31959778010614, 18.025833169075458], [-93.31867664970332, 18.026325399798736], [-93.31791588977123, 18.026436879662334], [-93.31842328000374, 18.025696199108825], [-93.31912743043895, 18.022778689417002], [-93.31910432041464, 18.02024596906537], [-93.31649836991566, 18.020394369081107], [-93.31511468017335, 18.01982087966251], [-93.31434611980752, 18.019202109215932], [-93.31388545015484, 18.017991379060675], [-93.31205451044596, 18.017211749562303], [-93.31066854971318, 18.014623429073463], [-93.30806865005142, 18.013808939209948], [-93.30781583007692, 18.01345805976141], [-93.30885185969228, 18.011451659355206], [-93.3062455703929, 18.01000337949246], [-93.30610576901269, 18.00912382027439], [-93.30483179884635, 18.007064000020847], [-93.30487469001486, 18.003661569428996], [-93.30529174939456, 18.001789770207463], [-93.30388384928625, 17.99985107988489], [-93.30377306030344, 17.999098479329355], [-93.30108454974709, 17.999060749378007], [-93.29999465010236, 18.000114290229877], [-93.298988689549, 18.00043437943193], [-93.29784370895234, 18.000408250106425], [-93.29786705962968, 17.999116199638667], [-93.2868835791509, 17.999133000250286], [-93.28690484920975, 17.99188834041155], [-93.28878777973907, 17.988256940705817], [-93.29078093962742, 17.98517009036501], [-93.29165499975102, 17.985183889726386], [-93.29102211993532, 17.984194969540226], [-93.28729088021711, 17.98218590965703], [-93.28489963013243, 17.98169936917047], [-93.2813362895614, 17.98149941922432], [-93.28088982015215, 17.978971489357992], [-93.28190662008639, 17.97505014936555], [-93.28165202023887, 17.971965979812342], [-93.28300761958563, 17.96749937914785], [-93.28383631023365, 17.966713689062427], [-93.28524368959634, 17.964791309589106], [-93.28770745970057, 17.96101488952709], [-93.29354982974093, 17.957129419192075], [-93.29458194029702, 17.95560562984976], [-93.2946549703889, 17.95164771905864], [-93.29547090967324, 17.94970481963172], [-93.29789311989424, 17.948314249318457], [-93.29838060007339, 17.947861739806115], [-93.29823765047877, 17.947362059109793], [-93.30048241979397, 17.946876049548763], [-93.30515848023369, 17.94770733915384], [-93.30747042969249, 17.947696489625187], [-93.30993137976432, 17.948006939348804], [-93.3122380504267, 17.947873339146373], [-93.31428556962452, 17.94747650907769], [-93.31604905017218, 17.94755228935983], [-93.31803591044837, 17.94837557929206], [-93.32004222000474, 17.949745549154056], [-93.32219462986886, 17.95254917983303], [-93.32342015007269, 17.952922109842458], [-93.33347683022728, 17.953691089357417], [-93.33601701981779, 17.95322934933146], [-93.33874311038586, 17.952036399202658], [-93.34114943043643, 17.950622429365012], [-93.34370229007601, 17.94873824943924], [-93.34767588972166, 17.944313919210654], [-93.35109762025742, 17.93867490983393], [-93.35510676964144, 17.94058616979635], [-93.35573931008763, 17.939102019652346], [-93.35842570993266, 17.942830799765623], [-93.35904353976086, 17.942328859708528], [-93.3612134501273, 17.938872849216093], [-93.36219571993868, 17.935094569825495], [-93.36243771028592, 17.934849919550228], [-93.36232890980027, 17.933028489832306], [-93.36183762952554, 17.931902519607558], [-93.36167301974416, 17.930386199734368], [-93.36599194862265, 17.930788649566477], [-93.36581862901762, 17.931955800075283], [-93.36610983012349, 17.932019429725003], [-93.36670507980546, 17.935469629366832], [-93.3665195798025, 17.938683819519785], [-93.36720628937486, 17.94128855047433], [-93.37390355008931, 17.94072744987357], [-93.38016845873851, 17.941956430289387], [-93.3809220896924, 17.942303139236426], [-93.3813083795096, 17.944980399778807], [-93.3680347202955, 17.9450003494893], [-93.36820939962429, 17.94976379900859], [-93.36874732014222, 17.95096077957903], [-93.37017846027192, 17.953130119138567], [-93.37114333956018, 17.957276829111112], [-93.37282670988117, 17.959734569780995], [-93.37325397002914, 17.9617202893744], [-93.37573738041871, 17.963150980347198], [-93.37793988010212, 17.964016480215193], [-93.37844834883859, 17.96481714972268], [-93.37897893999244, 17.965977169898704], [-93.37930395149107, 17.96891811837503], [-93.38224264950973, 17.973742259322382], [-93.3829525498184, 17.97402389257159], [-93.38389687820911, 17.9754812532162], [-93.3866157402156, 17.980993800731508], [-93.38696042846095, 17.982902549160823], [-93.39038313993915, 17.98316657956214], [-93.39313177871344, 17.98245777025056], [-93.39706128044442, 17.98086288962388], [-93.39949497959579, 17.97953548919893], [-93.40084768025328, 17.978375049664336], [-93.40260123004835, 17.97836802953427], [-93.40373944978307, 17.977959689533055], [-93.40696496964416, 17.97802404983505], [-93.40817506027038, 17.977860139052225], [-93.41126397020393, 17.976836349433448], [-93.4131774502682, 17.975820889330862], [-93.41558868028143, 17.97560757929521], [-93.41669720012352, 17.97528136979812], [-93.41900712005224, 17.973590149133205], [-93.41977186043117, 17.973671739385505], [-93.41962382039497, 17.974715679352364], [-93.42029195024615, 17.97564576937889], [-93.42032066048762, 17.97623705904173], [-93.42055066009044, 17.97626001977729], [-93.42050183031431, 17.975597429346717], [-93.41984494969533, 17.974680718977883], [-93.41999154953075, 17.9732282003234], [-93.42149761971751, 17.972636519780636], [-93.4216962801079, 17.972263399806994], [-93.42383898011951, 17.972253349410025], [-93.42355524964127, 17.97392037984519], [-93.42417446025584, 17.974157379263353], [-93.42430381979929, 17.97310545938107], [-93.42470389044266, 17.972721629319793], [-93.42463651986901, 17.972263369576062], [-93.42835800012197, 17.97224702975693], [-93.42871415028968, 17.9724997791012], [-93.42832544967017, 17.974111569582586], [-93.4283125097324, 17.97462307955364], [-93.42858554958069, 17.97474901900723], [-93.4293109196447, 17.973912799258635], [-93.42984158014949, 17.974241259410284], [-93.43051935049802, 17.973196779058206], [-93.4290764596529, 17.972494549819707], [-93.42924462030474, 17.972358059784476], [-93.43173811027557, 17.973471749021936], [-93.43319942976458, 17.97514339920357], [-93.4331431199576, 17.97422279968141], [-93.43154213986223, 17.972273829810668], [-93.43260277985281, 17.972276719849887], [-93.43423006041452, 17.973979079222868], [-93.43565042955586, 17.973835109219976], [-93.43449937012535, 17.97227233937666], [-93.43576506039159, 17.97387113906311], [-93.43630362033088, 17.973829679476612], [-93.43551074029008, 17.97228444910038], [-93.43775755028742, 17.972261919850542], [-93.43841569027855, 17.97355837952961], [-93.43899942960259, 17.97343482943794], [-93.43911394011529, 17.972899179645925], [-93.44070197021115, 17.973489479559735], [-93.44153650974553, 17.973456049218253], [-93.44194210992264, 17.972947799826162], [-93.4416761402695, 17.972929679902023], [-93.44168411971636, 17.972261829573664], [-93.44485248970412, 17.972276369137074], [-93.44516235014267, 17.973759399122738], [-93.44596522978746, 17.97368144984329], [-93.44568817012257, 17.972280199316568], [-93.44738891959759, 17.972215199666003], [-93.44738702038698, 17.97426992063506], [-93.4481854203116, 17.97431227901555], [-93.44819408974121, 17.972056169504555], [-93.44881924968946, 17.972083649774024], [-93.44886758013908, 17.974330579484324], [-93.44950990974948, 17.97438007932043], [-93.44946365009885, 17.972158799063806], [-93.45008686029632, 17.972158979837786], [-93.45015350967394, 17.97442584978412], [-93.45382855027103, 17.974745199332123], [-93.45376314014744, 17.972209799541822], [-93.45686225022222, 17.972280259259517], [-93.4568332001707, 17.973424599328542], [-93.45877651976858, 17.973454079599854], [-93.45875035046508, 17.9742901993314], [-93.46444296997731, 17.97435582947187], [-93.46594819962155, 17.974324648977436], [-93.46573662037102, 17.97238868961439], [-93.46617649000646, 17.972427399075134], [-93.4662168002059, 17.972176659187234], [-93.47079142995045, 17.972180539017252], [-93.47073516957991, 17.974266019526524], [-93.47534637034589, 17.974450259060756], [-93.4752851800711, 17.972245489746495], [-93.47556603038036, 17.972224719566384], [-93.47555710980923, 17.971770109461445], [-93.48196733971952, 17.97195853980442], [-93.48219527961041, 17.97199525915078], [-93.48218445008818, 17.97430571926582], [-93.48434748022092, 17.97438733941511], [-93.4865757797732, 17.974812219454193], [-93.48655270961493, 17.972211479725612], [-93.49319965043155, 17.97224665965222], [-93.49321678026051, 17.97470165934168], [-93.49448477046734, 17.974719909377484], [-93.49449167985146, 17.97398527969756], [-93.50709992023175, 17.974465909080752], [-93.50710217959995, 17.9722627997056], [-93.50801207959655, 17.972253629437656], [-93.50851571971597, 17.97498302947276], [-93.508732140238, 17.972228019768878], [-93.50995846023605, 17.972236089312126], [-93.50997217970902, 17.97413299898273], [-93.51175227967065, 17.97427291948649], [-93.51176301997246, 17.974107939851777], [-93.51215841994951, 17.97406771983793], [-93.51397928016969, 17.974330309898416], [-93.51427464956146, 17.97430579919044], [-93.51423531976472, 17.972242889182297], [-93.51504669010323, 17.972254289826], [-93.51510296974071, 17.974257259873745], [-93.51537420039185, 17.974252029867813], [-93.51538542959491, 17.973958258995264], [-93.51682543004347, 17.973960079859314], [-93.51682275008928, 17.972223579253694], [-93.51689434981967, 17.973202919436716], [-93.51799962023466, 17.973207339829507], [-93.5186920296518, 17.97319022971828], [-93.51865642986208, 17.97222094927806], [-93.51995406035917, 17.972228889454243], [-93.51997497023203, 17.974568279099653], [-93.52086876968167, 17.97455050976319], [-93.5208404497313, 17.972226939242802], [-93.52170694995061, 17.972212769073806], [-93.52173838019169, 17.97471091923749], [-93.52264168996403, 17.97470267914763], [-93.5226165400346, 17.975695459716118], [-93.52347820048846, 17.975721449176426], [-93.52354064987762, 17.97221121911219], [-93.52416219989726, 17.97220954940241], [-93.52416125023171, 17.974972649216436], [-93.52507284975519, 17.974881999589048], [-93.52506959982811, 17.975436689371406], [-93.52624460015782, 17.97467024912248], [-93.52626797006752, 17.975688119450254], [-93.52722468014879, 17.975839179350217], [-93.52922354966269, 17.9741096795687], [-93.52925813971294, 17.973035139611692], [-93.53031745018723, 17.972859399624227], [-93.53030902010975, 17.972208659297937], [-93.53108876960292, 17.97220991913273], [-93.53044225965914, 17.97284774904796], [-93.53025323020094, 17.97457684902156], [-93.5310618200658, 17.974644709441684], [-93.5312233795462, 17.972215199682154], [-93.53222135039515, 17.972284349020363], [-93.53223199984666, 17.97620059984865], [-93.53264921973349, 17.976190849838364], [-93.53351553996308, 17.97331364911671], [-93.5351874597269, 17.971899849238625], [-93.53614518016263, 17.96980617935997], [-93.53706893980099, 17.969162599320438], [-93.53780040044695, 17.968939509322805], [-93.53918696971027, 17.969277089407683], [-93.5402492198142, 17.969211919061753], [-93.54114771986382, 17.968461089323153], [-93.54195802036215, 17.967303709765705], [-93.54157923044664, 17.96305001916567], [-93.54141255026931, 17.952921719077167], [-93.54202325020796, 17.951930889285435], [-93.54522471017498, 17.950286769366258], [-93.5472390904215, 17.95030011977626], [-93.54836103038492, 17.949904539262583], [-93.55248027983788, 17.950893969282802], [-93.55537246013112, 17.952876849698892], [-93.55828708030131, 17.95408659932085], [-93.5598341702998, 17.95530233962244], [-93.56244892018273, 17.956117629266615], [-93.56676026005148, 17.955599949760273], [-93.57192444992035, 17.95611868903256], [-93.57433458047724, 17.955131569130955], [-93.57727992035703, 17.954659849321807], [-93.58867034960295, 17.954528799557686], [-93.58869253985667, 17.975312769457034], [-93.5889685095502, 17.97530876950792], [-93.58896506045748, 17.982607919635363], [-93.59296128017546, 17.982988799153], [-93.596921309641, 17.983690719122293], [-93.59830737039123, 17.984134949500305], [-93.59900519981653, 17.983997229573866], [-93.60494937006833, 17.985069319342028], [-93.60601175000131, 17.98510757910247], [-93.60943891962987, 17.98586525971044], [-93.61884878023798, 17.987350399308443], [-93.6206495203022, 17.98789779956604], [-93.62364880012522, 17.98964071933839], [-93.62372704866242, 17.989929520466724], [-93.63193589037807, 17.997441320602803], [-93.60780435017352, 17.997438979492895], [-93.60798320002989, 18.044416279182386], [-93.68343898014662, 18.0443475490279], [-93.68342412019437, 18.0674146294096], [-93.6845510797987, 18.068004109566168], [-93.68473977020716, 18.068422349225695], [-93.68525647987629, 18.072489569252657], [-93.68557692047645, 18.073694079222918], [-93.68728941964193, 18.07651099984722], [-93.68829779966242, 18.081821549559038], [-93.68789214029265, 18.086621749902182], [-93.68641502020643, 18.089581459298497], [-93.72976265920643, 18.08955371920108], [-93.7308003498283, 18.08937584953256], [-93.73065622015642, 18.056975679899598], [-93.73666185972398, 18.057187509387887], [-93.73608297962072, 18.059805689065087], [-93.7485334301854, 18.06025947961572], [-93.74310379962378, 18.07771697980804], [-93.75673191019906, 18.08413610949364], [-93.75910243022142, 18.086592779119254], [-93.790174940194, 18.09109590981876], [-93.80192648959812, 18.09229945902625], [-93.8101372002456, 18.097685089601736], [-93.8187465502558, 18.105074449515428], [-93.82139909035267, 18.10428468922243], [-93.82336580031254, 18.104067319685743], [-93.82333781995311, 18.10372062940603], [-93.82708822032716, 18.098554349693742], [-93.83324246043352, 18.098758369254867], [-93.83591457029176, 18.098899579021694], [-93.83654062960946, 18.100103709587984], [-93.83692018041987, 18.101325119731868], [-93.83470729004843, 18.102730489877032], [-93.83460409030376, 18.10303862980095], [-93.83484151044584, 18.103507779047565], [-93.83593915031116, 18.104204919481692], [-93.83963502034369, 18.10582913901743], [-93.84578211026214, 18.10627819951485], [-93.84848369001081, 18.103987399631343], [-93.84926137018414, 18.102649119759597], [-93.84966662987229, 18.096186199514765], [-93.84992742998577, 18.096254659259465], [-93.85091422017837, 18.09561341940774], [-93.85406891027387, 18.0931029494771], [-93.85837234955964, 18.09207648944324], [-93.86660703012157, 18.09430036923288], [-93.86835886034719, 18.096094719351246], [-93.86934712029573, 18.096494999300774], [-93.87080504965279, 18.097556049388434], [-93.87290618000277, 18.09962268905487], [-93.87759865021486, 18.10063341960957], [-93.87861456973451, 18.100604219204282], [-93.87998902957916, 18.100254029733442], [-93.88118893974745, 18.09969371946139], [-93.8844455498621, 18.095690419668028], [-93.88448093983206, 18.094744399768743], [-93.88676085037623, 18.094046399068176], [-93.88806547996859, 18.095126399540078], [-93.89734914957336, 18.112908619162404], [-93.89181477009451, 18.11642321984162], [-93.90231512042305, 18.11865942970657], [-93.91048650970544, 18.15506836907286], [-93.95603365985454, 18.140492619341288], [-93.95655185974364, 18.15134357919193], [-93.96378114960108, 18.148098739523828], [-93.97408771983962, 18.14634437905982], [-93.99227429034741, 18.138133999158324], [-94.003430770184, 18.124712019842345], [-94.00446994990891, 18.12382667984227], [-94.0080532301887, 18.121515679453992], [-94.00942131024564, 18.121067149409004], [-94.0189206201404, 18.120392309848008], [-94.02502157993864, 18.132385229629023], [-94.0240472897975, 18.140602259759262], [-94.02804030956494, 18.141184879194913], [-94.02722813972065, 18.141675719348907], [-94.02296574961467, 18.14208302907536], [-94.0079421103392, 18.15074979933954], [-93.99042440028879, 18.160461999555835], [-93.98973412029716, 18.167027829894945], [-93.98963102026421, 18.17107313955444], [-93.98917334996888, 18.17319457914216], [-93.99614208001334, 18.193013879781162], [-94.00027589011572, 18.19088053947619], [-94.00366643006873, 18.190973719198176], [-94.010613830056, 18.18996107902568], [-94.01209780032654, 18.19005253923251], [-94.01265931028723, 18.19037027942764], [-94.01292846015909, 18.190943369825728], [-94.01287037005783, 18.19160427967247], [-94.01190063037471, 18.19186894980151], [-94.01036960017667, 18.19132490962417], [-94.00988936966924, 18.1915345194128], [-94.009839780447, 18.192138909147488], [-94.01018065987188, 18.192719619474286], [-94.01177349013582, 18.1933736492583], [-94.01236154993859, 18.194081829517682], [-94.01267536995131, 18.195301549889347], [-94.01266291037042, 18.197395799615222], [-94.01291102037469, 18.198068109050322], [-94.01379395021424, 18.19919554927834], [-94.01439800013875, 18.199540149116604], [-94.01546767983557, 18.199499649214054], [-94.0183046495564, 18.198254079655502], [-94.01875589013737, 18.197803619404258], [-94.0189608800925, 18.197236119294693], [-94.01905071968302, 18.19465968977664], [-94.01993974015002, 18.194014779858765], [-94.02076323049555, 18.193938459038446], [-94.02131308973242, 18.194089659068766], [-94.02201458021858, 18.194826399642114], [-94.0225185201588, 18.196276969576992], [-94.02554190969002, 18.199368799417194], [-94.02651212012269, 18.199610199708268], [-94.02712514019359, 18.199514449525246], [-94.03127534018608, 18.19616777958628], [-94.03580056956122, 18.194364349746944], [-94.03680867963587, 18.19407656906172], [-94.04012215009566, 18.195373259704688], [-94.04205582035355, 18.195645769208788], [-94.04346534965023, 18.194754169862236], [-94.04370514983636, 18.1936958898456], [-94.04304119957555, 18.191813139690453], [-94.03963344997268, 18.189298259236708], [-94.03949957975263, 18.187383569817214], [-94.04130171978686, 18.186961429805905], [-94.04403731014217, 18.188905519402482], [-94.04465494026041, 18.18991121963287], [-94.04656911026089, 18.19068491901174], [-94.04853778001886, 18.187755019200118], [-94.05081724988307, 18.187813619481325], [-94.05156094957485, 18.188302348999045], [-94.0523327999093, 18.189208599431435], [-94.05555385000646, 18.189969719888964], [-94.05668377979322, 18.190423909652182], [-94.05783777040833, 18.190480289879766], [-94.05882768976721, 18.19106194906788], [-94.06062176968359, 18.192747938982304], [-94.06212714005336, 18.195160149082685], [-94.06347537970045, 18.19795805940376], [-94.0659203503487, 18.20030711905823], [-94.07095090959481, 18.20296494984669], [-94.07308427990829, 18.203857169734334], [-94.07996139999173, 18.208099509509694], [-94.08255518042728, 18.20946417946455], [-94.08539090990502, 18.2108396892163], [-94.08700414964899, 18.211337969022257], [-94.09032338028138, 18.21108714939351], [-94.09254256965963, 18.210339879290927], [-94.096650979953, 18.207838089880944], [-94.09841094043877, 18.20623771982806], [-94.09894425971639, 18.20538104986253], [-94.09892530997654, 18.204507549566475], [-94.09863917007158, 18.20371781972442], [-94.0946773702074, 18.19783136914433], [-94.09418095008348, 18.195650429000096], [-94.09451814968659, 18.19467942918432], [-94.10027483028293, 18.192144079093755], [-94.10412373990789, 18.191319349328133], [-94.10789019981495, 18.191525749407983], [-94.11559002001955, 18.194148629624415], [-94.11725797969571, 18.194493519028565], [-94.11884715037738, 18.194284509405602], [-94.12239931985027, 18.192471569254856], [-94.12304378044769, 18.192605949843024], [-94.12864856968578, 18.197530799245015], [-94.12975625997157, 18.198741379749013], [-94.13002516959222, 18.21285119922496], [-94.1294295098648, 18.212924919182214], [-94.12830142007114, 18.213474719626785], [-94.12758796978926, 18.214093889434448], [-94.1276859201048, 18.214493569480673], [-94.12729717969758, 18.215470889612565], [-94.12535783608796, 18.216652880670903], [-94.12387305184654, 18.21715256756847], [-94.12199501670452, 18.217263939907905], [-94.1205465656984, 18.217766467544074], [-94.11772769530403, 18.218278718628223], [-94.11722282033249, 18.218610829146026], [-94.11344474045876, 18.21929571935241], [-94.11210670992178, 18.219853419689578], [-94.10972008013438, 18.220270259414786], [-94.10519445015363, 18.221736539747162], [-94.10345568859384, 18.222014937542017], [-94.08963989045799, 18.22621599954046], [-94.08867748214732, 18.226353994541707], [-94.08467409012071, 18.22785927960028], [-94.08383127388895, 18.227888682715385], [-94.08325514013332, 18.228354779578225], [-94.08229035785705, 18.22837899884706], [-94.08065881930634, 18.22883718474319], [-94.07500502459469, 18.23078729985077], [-94.0737922279797, 18.230961332993786], [-94.06418230288244, 18.233762188213568], [-94.06205039002523, 18.234637795330027], [-94.05979882944416, 18.235100072728613], [-94.05726894484798, 18.236032603533232], [-94.05276555640772, 18.237197597630335], [-94.04924259608016, 18.238482852029325], [-94.04305819194248, 18.240095735811753], [-94.0419005492992, 18.240614765429907], [-94.03022953993298, 18.24405333914531], [-94.02938627988014, 18.244493889448094], [-94.02377384976603, 18.24604788148721], [-94.01604022578333, 18.248593124521868], [-94.01420199452151, 18.24953943268014], [-94.01105039426443, 18.25007719928143], [-94.00271577027138, 18.25291133544541], [-94.00162262003079, 18.253585716324324], [-93.99875650261693, 18.25419483482446], [-93.99639073198092, 18.25516833535604], [-93.99459600879553, 18.255576227573677], [-93.98561695675046, 18.258431467468206], [-93.98444222926805, 18.25904602413421], [-93.98333659944541, 18.259079056004303], [-93.9807344198651, 18.260229629662636], [-93.97723070633397, 18.261112232394026], [-93.9684270125079, 18.26400261368782], [-93.96826141904556, 18.26422570921759], [-93.96780075990625, 18.264237323575635], [-93.96385210107938, 18.26572196884862], [-93.95563430072683, 18.268112687598506], [-93.95097643783794, 18.269776210371777], [-93.94791434462662, 18.27062811039243], [-93.94687685966234, 18.271177879396582], [-93.94364268088754, 18.27200057745149], [-93.94255901460299, 18.27254716322957], [-93.9391813399903, 18.273583879587978], [-93.9385836297522, 18.27401133914458], [-93.93826826044852, 18.273946799452382], [-93.93798475027005, 18.27418853902155], [-93.93137064042114, 18.275969266075446], [-93.92805056793823, 18.27707452177582], [-93.92701211959417, 18.27761391927588], [-93.92290568802414, 18.27851683104418], [-93.92116136642254, 18.279272546790573], [-93.92024424776638, 18.279431235703733], [-93.91851384973245, 18.280294619472222], [-93.91618905127196, 18.280672279619743], [-93.91419833689292, 18.28151117173064], [-93.91301071786829, 18.28165962481164], [-93.91100744993862, 18.282519889792113], [-93.9010821113577, 18.28531087781812], [-93.89906353958477, 18.28625493928844], [-93.89644580046861, 18.28658211917287], [-93.89483179958057, 18.28756091969632], [-93.89374355020169, 18.287590519036954], [-93.89173408961308, 18.288283569629275], [-93.89065897003461, 18.28841579916659], [-93.8891390499971, 18.289250249728603], [-93.88787125506911, 18.28939907506317], [-93.88480911985404, 18.290532049609173], [-93.88369702002157, 18.290614649325963], [-93.88199971386146, 18.2911070409188], [-93.87965193257482, 18.29201650011175], [-93.87785748021813, 18.2923595300606], [-93.87726537990476, 18.29264307955461], [-93.87836232032811, 18.292312249732312], [-93.87742654006718, 18.292785079836264], [-93.87619171020832, 18.29291807952682], [-93.87382937017587, 18.29356107982417], [-93.87315288702044, 18.29382750957322], [-93.8732046502581, 18.293963550742642], [-93.86504543331804, 18.29627174319585], [-93.86301099248678, 18.29704625831347], [-93.86193666661188, 18.297199733458648], [-93.85813547695533, 18.29861313332911], [-93.85017499107653, 18.30061069056116], [-93.84958488523975, 18.302971115877114], [-93.85051057891266, 18.298554621045042], [-93.8492277803663, 18.297691259111808], [-93.84768170961901, 18.298150569027115], [-93.84590917044268, 18.29901490716482], [-93.84513584516095, 18.299847718481132], [-93.84450872374424, 18.30100198873592], [-93.84458262042055, 18.301174268092566], [-93.84508825618008, 18.30110883376947], [-93.8456890698455, 18.299883410531685], [-93.84606383515306, 18.30019868906287], [-93.84571286442923, 18.301459803279837], [-93.84510610168606, 18.30226287102696], [-93.84486220674057, 18.30305999102955], [-93.84522334215413, 18.303302382462675], [-93.84636721645849, 18.305288356037305], [-93.84622444769084, 18.306102131971294], [-93.84401154992419, 18.305973641084545], [-93.84098487537254, 18.306865939893868], [-93.83573459474057, 18.30783319000761], [-93.83378830729231, 18.30831707393372], [-93.83326633932334, 18.30862824894963], [-93.83186202173329, 18.308779025277804], [-93.8310411081957, 18.309239451518813], [-93.8288031237492, 18.30993081565078], [-93.82591240060438, 18.31079611459289], [-93.82467221114459, 18.310942293415007], [-93.82409799753027, 18.311382368836924], [-93.81968605032667, 18.31238067785316], [-93.81893125195793, 18.31281174874482], [-93.81707085758768, 18.313230422371056], [-93.81198730374847, 18.315103970255162], [-93.80965122299389, 18.315591839953868], [-93.80894278418889, 18.316049806686575], [-93.80782919602112, 18.31629251155314], [-93.80666920873817, 18.317049180341268], [-93.80500003364082, 18.31741777109603], [-93.80459907795628, 18.317841540684523], [-93.80040884742854, 18.318947990346338], [-93.79788542782397, 18.320025885247773], [-93.79401642471532, 18.321103781305617], [-93.79077413982125, 18.32256787978568], [-93.78912443540537, 18.32276176351086], [-93.78815224306457, 18.323295265593146], [-93.78447954453412, 18.324244670797192], [-93.78384482353609, 18.324763987585637], [-93.78113565957007, 18.32537087966233], [-93.77937738631869, 18.326084588272888], [-93.77750752942792, 18.32652163351069], [-93.7752079201096, 18.327684339544476], [-93.77179888036612, 18.328477719411445], [-93.77095032624575, 18.328851568516416], [-93.77117889041344, 18.328896519520452], [-93.769219320081, 18.329375539373753], [-93.76695362525543, 18.330436027541662], [-93.76640932278264, 18.330888125770127], [-93.76466042007448, 18.331099302045597], [-93.7628906949783, 18.331994574195587], [-93.7598092929992, 18.332895795878017], [-93.75919955731571, 18.333368713574817], [-93.75767372731681, 18.333591788522185], [-93.75586236333822, 18.334356189411118], [-93.75491057759852, 18.334510854619193], [-93.75333121146117, 18.335379358587193], [-93.74930910967657, 18.336829717607923], [-93.74219235883845, 18.338953903190873], [-93.74172479507271, 18.33920017703583], [-93.74158202711403, 18.339599927602308], [-93.73969392510469, 18.33984263245107], [-93.73843231907291, 18.340616969783], [-93.739786770376, 18.340080479156637], [-93.73949902956198, 18.340377739193453], [-93.73853890979915, 18.340743709416728], [-93.73631017434312, 18.341133472753313], [-93.73341173832839, 18.341975078385918], [-93.72982960038738, 18.343372830359367], [-93.72766117874698, 18.3439212189205], [-93.72680154883851, 18.344477509953798], [-93.72442250998195, 18.345203050459187], [-93.72165088945803, 18.346433519870278], [-93.71869766501867, 18.34693275634478], [-93.71479167598703, 18.348572874444283], [-93.71381014770002, 18.3487263492256], [-93.7120897980204, 18.349461603489633], [-93.71076205910771, 18.349754276554528], [-93.70955567160043, 18.35040386920035], [-93.70671539119333, 18.35116266336852], [-93.70565717848694, 18.35175665156433], [-93.70297997965137, 18.3526924793584], [-93.69920898175307, 18.353782228522036], [-93.69779898699645, 18.354384318608496], [-93.69759260037578, 18.354675619020266], [-93.69612520107111, 18.3548601245264], [-93.6946072145479, 18.355486904523143], [-93.69263589561895, 18.35592524360402], [-93.6907463704213, 18.357052739350706], [-93.68666600020259, 18.358069019414998], [-93.68580580013504, 18.358592539361055], [-93.6843614598477, 18.35887424969274], [-93.6837895698967, 18.35925188929309], [-93.68087037038748, 18.360083049543057], [-93.67950355008557, 18.360730769617874], [-93.67742447984786, 18.36120731932774], [-93.67005324462538, 18.363862905755457], [-93.66968375048, 18.364144849025088], [-93.66824172470632, 18.364404246061465], [-93.66720523202063, 18.365022802232435], [-93.66445040173798, 18.365744342725115], [-93.66323570996948, 18.366248149571287], [-93.66283751992617, 18.366648999823195], [-93.65466469026825, 18.369282889238892], [-93.65102494995921, 18.370751719610922], [-93.6458797803718, 18.372284179602737], [-93.63879446724144, 18.374921360269912], [-93.62948682015673, 18.377943019447798], [-93.62873645022711, 18.378036919518657], [-93.62421887971219, 18.379657599539755], [-93.61405959018965, 18.382630225871313], [-93.60586229022421, 18.385486339830212], [-93.60337537016335, 18.38614497148657], [-93.60260695041543, 18.386175079289554], [-93.59641150832364, 18.3880821584034], [-93.59336579759255, 18.38873650999973], [-93.5859183863756, 18.391445459199836], [-93.58551981979318, 18.392095079603735], [-93.58431542962758, 18.392198889596937], [-93.58172519994758, 18.393180109738868], [-93.57907160618322, 18.393677840557128], [-93.57856800000492, 18.393957549521943], [-93.5782482069897, 18.393843125648942], [-93.57734012827629, 18.394280654155637], [-93.57360437391984, 18.395196747798703], [-93.57333073593598, 18.395470385576335], [-93.57111783731078, 18.39569643426485], [-93.57078471318728, 18.39613663465448], [-93.57027312880376, 18.396326991362105], [-93.56817920276939, 18.396541142352014], [-93.56641261997704, 18.3969846797991], [-93.56606621738563, 18.397088980243957], [-93.56604658186323, 18.397614008430228], [-93.56436812748727, 18.3976002543672], [-93.56250667082254, 18.39809459150022], [-93.56022264585202, 18.39922679001933], [-93.55702253097365, 18.39968251510839], [-93.55615019120151, 18.40033062873308], [-93.55412302077447, 18.40063969848104], [-93.5531648036492, 18.40120488668363], [-93.55229657953653, 18.401115262341698], [-93.55134545226429, 18.4013427051891], [-93.54864369723435, 18.40216288127714], [-93.54833354589539, 18.402411001266145], [-93.54639682863298, 18.402686691523424], [-93.5439914396288, 18.403720525826024], [-93.53989745362246, 18.404416641843287], [-93.53951838198299, 18.40454759337637], [-93.53963554952698, 18.404802606823093], [-93.53931161491687, 18.40495423528862], [-93.53810547437841, 18.404981804705805], [-93.53622389525663, 18.40582265658292], [-93.53148972045717, 18.406822518343137], [-93.53070321730878, 18.407242456725978], [-93.52778091141751, 18.40782829666733], [-93.52692627428763, 18.408241829586952], [-93.52655356355923, 18.40824906709465]]]}}, {"type": "Feature", "properties": {"CVEGEO": "27003", "CVE_ENT": "27", "NOMGEO": "Tabasco", "CVE_MUN": "003", "NOMMUN": "Centla", "cov_": 1987, "cov_id": 1988}, "geometry": {"type": "Polygon", "coordinates": [[[-92.46784752004548, 18.6472779491479], [-92.46582125968642, 18.636681889061943], [-92.46507275023329, 18.63458784978976], [-92.46708900035397, 18.625784739457167], [-92.46710306016149, 18.621274079389536], [-92.46574504963125, 18.616563419288823], [-92.46272554040128, 18.613170179901314], [-92.45850620016911, 18.610364309443668], [-92.45587614018402, 18.608167659311956], [-92.4531918199266, 18.605343049397295], [-92.45194425022468, 18.603515219798954], [-92.45215292001706, 18.600062659419496], [-92.44922115020093, 18.59422482906753], [-92.44658951963123, 18.58984734936204], [-92.44020741952828, 18.581724119850623], [-92.43755429035127, 18.577147219900244], [-92.43667117965391, 18.574398619431612], [-92.4348953500372, 18.571843479397156], [-92.43257147962741, 18.56902516938398], [-92.4304550502981, 18.56574977905649], [-92.42840862007806, 18.562082319115067], [-92.42622964998905, 18.557041449800224], [-92.42389045018032, 18.549298109223052], [-92.42347862032321, 18.545116569076086], [-92.42346975005579, 18.532235819864347], [-92.42560134037434, 18.524662949841737], [-92.42641194979534, 18.520018919596986], [-92.42643102964058, 18.51497356913744], [-92.4259552196598, 18.513024969276234], [-92.4252659395538, 18.511305179071215], [-92.4222707496788, 18.506019979378003], [-92.41977412027515, 18.49896690951748], [-92.41846311039248, 18.496005119793843], [-92.41533282956381, 18.490907059130695], [-92.41405172038026, 18.487291749370243], [-92.41291758034625, 18.485611419523465], [-92.4103293802857, 18.48350047935085], [-92.4033107796887, 18.479964539734308], [-92.401970910128, 18.479534199193505], [-92.40056448020864, 18.479171509498695], [-92.39798035007689, 18.478919999175645], [-92.39067367973279, 18.47935799955434], [-92.38824824994934, 18.479309649470192], [-92.38481722970842, 18.47814410950109], [-92.38241047964881, 18.476317279129248], [-92.37791615017017, 18.471600819664214], [-92.37541604978338, 18.469388909009275], [-92.36549357046458, 18.46462267919536], [-92.36222148033305, 18.46178390936111], [-92.36030491959376, 18.458988569323957], [-92.35965782962256, 18.456946319719556], [-92.35997287958617, 18.454857109696842], [-92.36098229013682, 18.45111556906175], [-92.36111427992263, 18.44866550925369], [-92.36070888029343, 18.446821119440084], [-92.36013722028737, 18.445863649574214], [-92.35831794019334, 18.444350029550147], [-92.35547711021964, 18.44285267925165], [-92.35380194976833, 18.442294399088215], [-92.35163762034182, 18.44215554969436], [-92.35019894965593, 18.442463019206702], [-92.34871364960924, 18.443093679029367], [-92.34744431995372, 18.444529829195428], [-92.34464590950377, 18.449448849783273], [-92.3416021401839, 18.45353348911541], [-92.33894677972086, 18.456469349864506], [-92.33733506019142, 18.45782411943893], [-92.33597950991631, 18.458543179368245], [-92.33157509005146, 18.460299679355465], [-92.32975785980746, 18.460698519841998], [-92.328606119537, 18.460721019313826], [-92.32584646046314, 18.459931479045913], [-92.32490617954126, 18.459388919406233], [-92.32249237975151, 18.457354399429292], [-92.3215428604275, 18.455424489693513], [-92.3211233699081, 18.45334082965739], [-92.32043009003567, 18.45144522963378], [-92.32693848966409, 18.4497964894653], [-92.32285317021001, 18.437063319121172], [-92.3204958795048, 18.43441487978103], [-92.3147841702983, 18.4300733395409], [-92.31356837011256, 18.427453149099406], [-92.32519602971763, 18.42094734953632], [-92.3528224803097, 18.394596909158007], [-92.35254397981558, 18.39420976918882], [-92.3138025200178, 18.374204889829933], [-92.31321895042741, 18.37577116971824], [-92.31226830975966, 18.3763631091792], [-92.31050582027751, 18.374243199653908], [-92.31183366007839, 18.371346029868523], [-92.31251496995091, 18.368885509862697], [-92.31231755042764, 18.36713945916371], [-92.31051211998852, 18.36684577901286], [-92.30871052016674, 18.36495185918388], [-92.30820439986765, 18.3643350598258], [-92.30796614961535, 18.361907849594616], [-92.30583370972714, 18.364672719845416], [-92.30428401993404, 18.36384468955187], [-92.3045604204912, 18.362883879197124], [-92.30410680040934, 18.3588928897996], [-92.30295723026323, 18.358160419180674], [-92.29852942984348, 18.358106619851743], [-92.29842747971608, 18.355737139227877], [-92.29888155009621, 18.354545919085457], [-92.29206786013694, 18.35320599984375], [-92.2947221996708, 18.350293689278892], [-92.29494037036838, 18.348417149326764], [-92.2954240799894, 18.34780497907992], [-92.27229668954455, 18.327680579500186], [-92.29629488008808, 18.30717293961427], [-92.28769348020361, 18.30611588950213], [-92.28254488966847, 18.304668829802797], [-92.26090971032858, 18.30030185930192], [-92.25489528033559, 18.306219119891523], [-92.25166365956925, 18.30282284908357], [-92.25054648972768, 18.301308819702975], [-92.24899208023758, 18.297799879861845], [-92.24627598032205, 18.29614517984893], [-92.25795004972369, 18.293747019554853], [-92.25793614991302, 18.293227769285444], [-92.2500624903703, 18.291342079568455], [-92.24658774002604, 18.289513119143898], [-92.24377837953658, 18.288624149543953], [-92.24291711991833, 18.2903209494833], [-92.23728865992564, 18.29893248939656], [-92.23752497964529, 18.30053874904215], [-92.22277337967006, 18.290789079256268], [-92.21841210979447, 18.28226417932289], [-92.22309671980852, 18.280461219496615], [-92.21460780023727, 18.275872219261583], [-92.21880167971918, 18.2749107994472], [-92.21611644958404, 18.266228519223077], [-92.23550314017746, 18.262366139441358], [-92.25199002003289, 18.26493573981084], [-92.2535970799728, 18.26539107939773], [-92.25473987964403, 18.265369219642132], [-92.26485877964616, 18.26669748971507], [-92.26730178011994, 18.268135569611687], [-92.27035083011314, 18.27059610912722], [-92.28112366003265, 18.27478967937223], [-92.29342172035533, 18.257605179784953], [-92.29543744994632, 18.255327889855444], [-92.30698221992998, 18.257529248984113], [-92.30932181957294, 18.2612099496954], [-92.31599405970543, 18.25746477009373], [-92.31728885023396, 18.25693545980196], [-92.31673483042337, 18.25596539957096], [-92.31754062982647, 18.25415256954841], [-92.31845427970984, 18.253873229534232], [-92.31993096967157, 18.24789719976169], [-92.32122637019587, 18.246840419206766], [-92.32321511989898, 18.245882749584826], [-92.32051799965112, 18.240393999447065], [-92.31597830990334, 18.244492109612104], [-92.31326052020827, 18.241455079544583], [-92.31590458012246, 18.23902457958393], [-92.31230505981024, 18.235761909801294], [-92.31745365986053, 18.23092650941015], [-92.32098434958887, 18.230502459115634], [-92.32100429037139, 18.22759241933298], [-92.33147424962496, 18.21776076899724], [-92.32110854952309, 18.212368049656828], [-92.31668820029557, 18.210394349453537], [-92.3147822498271, 18.213018909659958], [-92.31341594042473, 18.20954662926889], [-92.31295709037845, 18.209232939274536], [-92.32298652042691, 18.186240399697713], [-92.32482395021324, 18.17232737964506], [-92.31802235006607, 18.156177379152304], [-92.31347599982742, 18.15500761961243], [-92.29997933996837, 18.152279489564382], [-92.28485601980852, 18.138506059649774], [-92.28852313994224, 18.132837519332107], [-92.29010777003244, 18.1311610797457], [-92.29155565024308, 18.130733549252927], [-92.29166358032036, 18.130566339674743], [-92.29139973982248, 18.130013799435538], [-92.29296365019444, 18.12996977906304], [-92.29545197014738, 18.13029337911586], [-92.29564047974215, 18.130107829305146], [-92.29915539998615, 18.131600398996817], [-92.30403168971321, 18.133850539333366], [-92.31181116957946, 18.139298059370184], [-92.31395948991569, 18.140170649120286], [-92.31519057014619, 18.140067309091037], [-92.31663005033137, 18.139272249740266], [-92.31711001992133, 18.13823305935725], [-92.31993688007704, 18.14031913942471], [-92.32018150976526, 18.139686219307134], [-92.32028843013403, 18.13581382956292], [-92.32141648038409, 18.13456936969152], [-92.32225093978224, 18.132892919465494], [-92.32320648968802, 18.133531169379616], [-92.32572431034056, 18.134403819901387], [-92.32784185971678, 18.13457450934466], [-92.3303440303465, 18.13396741991155], [-92.33047658043208, 18.134121919100604], [-92.33343281958867, 18.129879619566832], [-92.33565726001194, 18.130514419129693], [-92.33792939972365, 18.130604479204365], [-92.33943316959957, 18.1300443089667], [-92.34037394044447, 18.126290509071712], [-92.34166214029571, 18.123805679174264], [-92.34385566002034, 18.123049169176138], [-92.34797972046267, 18.123367939079834], [-92.34995631961165, 18.124366249365007], [-92.35334011984523, 18.127892539093267], [-92.3547942203465, 18.128817199449294], [-92.36004353968646, 18.13098404923008], [-92.36178166014787, 18.131382579497647], [-92.36617840018013, 18.131700479582744], [-92.37152316972602, 18.133010999651056], [-92.37027089009857, 18.14345684986239], [-92.38337811987714, 18.15657879931166], [-92.38360807977733, 18.15658899944001], [-92.38565908036507, 18.160297769392308], [-92.41373347981195, 18.156520289472432], [-92.41409849025193, 18.154367889480557], [-92.412205770363, 18.152984259154984], [-92.40718873986062, 18.15016981934553], [-92.4060267102301, 18.149132909614103], [-92.40220928974726, 18.147422969016755], [-92.40044680014475, 18.147202259725212], [-92.39937648961215, 18.14653904944802], [-92.39902672043749, 18.14575476967248], [-92.39918551017593, 18.14450505979747], [-92.3997662302974, 18.142897599755067], [-92.39849049013976, 18.141473999228754], [-92.39690097991667, 18.142365649537023], [-92.39405186031546, 18.141149539267786], [-92.39395483034164, 18.138480539098325], [-92.39353321989394, 18.1352051991761], [-92.3939054296728, 18.134984019763092], [-92.39566159955578, 18.139499289661856], [-92.39679519963009, 18.136893319772017], [-92.39721314015156, 18.13398973915003], [-92.39361075038379, 18.131499749752745], [-92.39050911962987, 18.13050824920757], [-92.38899834984105, 18.130262219694313], [-92.38848335002582, 18.128325229144885], [-92.39079363014062, 18.1252797393705], [-92.39267378016356, 18.1241046292756], [-92.39891250994768, 18.12089473977814], [-92.4365585701436, 18.09926917970353], [-92.43878748019304, 18.09757961936927], [-92.44097973987324, 18.096753199258046], [-92.4467388303116, 18.097792339090415], [-92.46333135044803, 18.101734659825468], [-92.46164581987857, 18.113431169152673], [-92.49184514016996, 18.115903689748695], [-92.49090340017923, 18.123014569122354], [-92.47756176987198, 18.117738799209558], [-92.47121784996908, 18.117935949540314], [-92.47316188977216, 18.126099168996685], [-92.4973019200043, 18.146058029193767], [-92.49995754964355, 18.14551151938467], [-92.50488071022983, 18.147049249891992], [-92.49980347963438, 18.157082139418485], [-92.50105857027162, 18.16275504962148], [-92.50196375024386, 18.16533147980117], [-92.5019347403964, 18.166959379597916], [-92.50256493974153, 18.168077339749438], [-92.5030416800067, 18.16845113917565], [-92.5063065795706, 18.16757808937382], [-92.50674038023624, 18.167738779679325], [-92.50783969045914, 18.16876261951245], [-92.51017706010543, 18.169023859303376], [-92.51215030951089, 18.16810356985039], [-92.51375507956107, 18.16756516904909], [-92.51455688978017, 18.167503419533713], [-92.51515683012512, 18.167951649426325], [-92.51565180042424, 18.170122649808103], [-92.51681885004281, 18.170859449073014], [-92.51772068027441, 18.17086170907583], [-92.51942257993898, 18.169619088996228], [-92.52219682039771, 18.168924059261506], [-92.52353440015756, 18.16835304973215], [-92.52380270998424, 18.167970769263587], [-92.52644619981854, 18.166190449090408], [-92.5277837401976, 18.165651319884006], [-92.52919025952926, 18.164282719457056], [-92.53290405983064, 18.16189867962221], [-92.53477478047691, 18.161807479169916], [-92.5354477102698, 18.161608599867556], [-92.53611714035466, 18.16106779945624], [-92.53652082960647, 18.159983879838773], [-92.53710065992455, 18.155454319770115], [-92.53696901982077, 18.153833449092357], [-92.53657144971237, 18.15261996969772], [-92.53547457044299, 18.150639019232884], [-92.53448008018125, 18.147860549431694], [-92.5338805696209, 18.147252849380862], [-92.5331130901618, 18.146995739021072], [-92.53221146040646, 18.146961649816873], [-92.52983864955694, 18.147562109858704], [-92.52820332017869, 18.14714328904018], [-92.52687085999193, 18.14586367972332], [-92.52567297980416, 18.14426530950632], [-92.52530761979585, 18.143446339835464], [-92.52529234006144, 18.141937569555065], [-92.52570503033013, 18.142006079496376], [-92.547407890288, 18.104915319822275], [-92.54828484968257, 18.103814429313736], [-92.54841913977829, 18.10279925899306], [-92.54736185976667, 18.1023578591382], [-92.54754574022618, 18.10004845921719], [-92.55363706041814, 18.096413249822596], [-92.54976308962765, 18.089068399551483], [-92.54979871037723, 18.08126830902858], [-92.54586785957147, 18.080967629298446], [-92.54382937035938, 18.077719429294422], [-92.5314051401521, 18.073837889413895], [-92.53109930962201, 18.065833519237795], [-92.53077639970569, 18.0657471498147], [-92.53082399980921, 18.06473956981827], [-92.5297612200512, 18.05936361934563], [-92.52980792029341, 18.05667074902051], [-92.53122650987989, 18.05711650908857], [-92.53400536967527, 18.058753848972515], [-92.53568857964096, 18.060163659779004], [-92.53586265968268, 18.06098697953753], [-92.53571868020863, 18.061887419071255], [-92.53381344969648, 18.065408569024292], [-92.53343666034684, 18.067002059531323], [-92.5337477101256, 18.06786416945346], [-92.53555768017131, 18.070170079473133], [-92.53588819986538, 18.071725649473507], [-92.53655700045942, 18.073341859537408], [-92.5378095702368, 18.073930169637123], [-92.54079291003706, 18.07315136915791], [-92.54298842993546, 18.073307379016956], [-92.54519509038653, 18.07464117966723], [-92.54887693992698, 18.07836297988149], [-92.54975739959286, 18.078683139563395], [-92.55070634956188, 18.0787227796889], [-92.55257413956534, 18.078259309375404], [-92.55349901978596, 18.07826144910677], [-92.55404615031799, 18.07857207990294], [-92.55472720014376, 18.078407399857984], [-92.55606142015807, 18.06224005983838], [-92.56586166004615, 18.064169969875845], [-92.58658779984621, 18.059318029625082], [-92.59067341968382, 18.05734624931843], [-92.59461567998254, 18.05684501945762], [-92.59526085976572, 18.056539719798717], [-92.59553661974061, 18.05714564980987], [-92.59561115003451, 18.059188889238712], [-92.59612076968122, 18.061422199466904], [-92.5979377700806, 18.063279879180058], [-92.59912485031387, 18.063622879775313], [-92.60031262980804, 18.063625339258493], [-92.60511542024871, 18.061557649765398], [-92.6077891204674, 18.062074779265558], [-92.60943148016153, 18.063238049384694], [-92.61007085006851, 18.06548647966516], [-92.60918494998324, 18.068829859116978], [-92.6103012002294, 18.068820399339124], [-92.60735587971485, 18.078263939329986], [-92.6241050897483, 18.08138671904964], [-92.62246667965542, 18.123579978973915], [-92.62040488977132, 18.124074519110838], [-92.61918311046945, 18.126249019204472], [-92.61869536960728, 18.1306609992332], [-92.62341700027443, 18.137353059009655], [-92.63009817050335, 18.14391082904818], [-92.63105763026486, 18.150127019823497], [-92.6337068200971, 18.14800725906848], [-92.63745620006776, 18.145492399227585], [-92.65103900026514, 18.159043089072714], [-92.65877814014502, 18.143792939112373], [-92.66522636981344, 18.145616249214882], [-92.66989265952101, 18.145343399631876], [-92.67037511959713, 18.14663216947091], [-92.67036362968672, 18.14859793965704], [-92.67011934013445, 18.14950361930465], [-92.6690437201487, 18.150947969712735], [-92.66869862972909, 18.151806199735685], [-92.66890637022945, 18.152317889245154], [-92.66942825985883, 18.152766029595973], [-92.67322341953924, 18.15458967943333], [-92.67423991045445, 18.15547147938851], [-92.6740809397184, 18.156490599302067], [-92.67291649018303, 18.15871824930411], [-92.67287684967138, 18.160545749460553], [-92.67363805015002, 18.16205374913186], [-92.67464034024485, 18.16327762949561], [-92.67705696955345, 18.164749689235464], [-92.67767110991747, 18.165445629154686], [-92.67825736997429, 18.166479719569157], [-92.67835932035703, 18.167076459157077], [-92.67815688021331, 18.168127859037895], [-92.67703512033427, 18.1696363490881], [-92.67566453990733, 18.170411939789126], [-92.67247710985313, 18.171581749305904], [-92.67187128980201, 18.172110179758445], [-92.67115511957745, 18.173450049298072], [-92.67107748013292, 18.1742077791903], [-92.67148108049726, 18.176090509127143], [-92.67118848959122, 18.1783631489781], [-92.67111422028893, 18.178612909124748], [-92.6696560599241, 18.179403479348284], [-92.6721022601663, 18.182596909653252], [-92.67251063011136, 18.18342085981605], [-92.6774405395686, 18.176195799545184], [-92.67855257972717, 18.175189029783876], [-92.67861688028735, 18.174828679195016], [-92.69565501989563, 18.179201749158562], [-92.69584391042571, 18.18175013925348], [-92.69703538014329, 18.180132949586902], [-92.702160399576, 18.17864285910608], [-92.70468521995679, 18.178857259223786], [-92.70810998046132, 18.181774339317723], [-92.71848098012677, 18.186189679297478], [-92.71894261979227, 18.18615973939183], [-92.73128554007742, 18.19559053986494], [-92.7183583201558, 18.20748271949552], [-92.70872674964819, 18.218305629405666], [-92.69513151004864, 18.229468489610124], [-92.69429088016705, 18.230450829161835], [-92.69438340047702, 18.23311034928115], [-92.69567463037858, 18.238551509851], [-92.69602911033486, 18.24186965907735], [-92.69926434021988, 18.242314579501247], [-92.69925549021522, 18.246561279664924], [-92.6982318196446, 18.25172584955374], [-92.69783776978119, 18.25502248963472], [-92.69617687977177, 18.256395019330668], [-92.69491039968567, 18.257901819416382], [-92.69315410994518, 18.25863237937067], [-92.69211238027464, 18.259871339373422], [-92.6901870195958, 18.261422658974464], [-92.6888982500362, 18.26325039958651], [-92.68746889035128, 18.26946691920016], [-92.68207822981856, 18.275531749058146], [-92.67716591970016, 18.284930569830042], [-92.67505683010752, 18.295153149857175], [-92.68916042025575, 18.297373919889615], [-92.70306301966227, 18.29895817947161], [-92.71762185043099, 18.302028849506993], [-92.78276888007366, 18.259840709628804], [-92.79178675024966, 18.25487964933435], [-92.7977766796549, 18.26913931926348], [-92.79842961962635, 18.26881511965478], [-92.8076894504405, 18.289088319264792], [-92.80769442025964, 18.289776029812586], [-92.81101580033729, 18.29115437910769], [-92.81254364963075, 18.29230664959906], [-92.81273224982313, 18.292751019481397], [-92.81263628049732, 18.293241849052908], [-92.8113082197675, 18.295331999829234], [-92.81067418003528, 18.296743879421793], [-92.81053868971355, 18.297329089063343], [-92.8108203398099, 18.29795502922645], [-92.8117705201318, 18.299798689487798], [-92.81260766019102, 18.300700549248702], [-92.81521946024941, 18.302565799782496], [-92.81565984974402, 18.30307896929165], [-92.81575373977526, 18.303522509388333], [-92.81518452002547, 18.30438254939177], [-92.81571140028257, 18.305934369181507], [-92.8162461696203, 18.306442629346076], [-92.8173799704297, 18.306885179173914], [-92.81803268005454, 18.307525169200918], [-92.81930294977614, 18.30998390935123], [-92.8224327097528, 18.31255834910504], [-92.82334857018, 18.31398324987257], [-92.82835217990882, 18.316041289620202], [-92.83207212045552, 18.318941289336426], [-92.83325775040329, 18.320389829095856], [-92.83417539960284, 18.323365829276582], [-92.83500655003996, 18.324770379359318], [-92.83694331014415, 18.326227079191344], [-92.8378184896418, 18.326589539204285], [-92.83835907994747, 18.32636922918235], [-92.84022190979167, 18.32486267947696], [-92.84164528961928, 18.324437578972717], [-92.84430142958121, 18.323212979429265], [-92.84970097029685, 18.322544089391087], [-92.85214361984868, 18.322831829282595], [-92.85359562990097, 18.32347268987979], [-92.85465054991147, 18.325865689566264], [-92.8560063802471, 18.32689716927617], [-92.8572199996875, 18.327259279429025], [-92.8586737503053, 18.32738999941456], [-92.86122976972902, 18.327046709132738], [-92.86236734027356, 18.32753737944724], [-92.86476640021058, 18.32982679901465], [-92.8655498901865, 18.33086813978721], [-92.86577672012584, 18.331763999246814], [-92.8654439504295, 18.332856459394076], [-92.86347801958232, 18.335281909453762], [-92.86263611985346, 18.337870459263772], [-92.86903109011477, 18.341809279469565], [-92.87071675006052, 18.34172357957979], [-92.87198095038777, 18.340756219266414], [-92.87347991987828, 18.338222939097335], [-92.87398048985446, 18.337889799556024], [-92.87646334982898, 18.338319419780596], [-92.87745464962539, 18.337946519379237], [-92.87831620032713, 18.3367287699081], [-92.87897108029061, 18.334942719786298], [-92.88167294953669, 18.33188448944693], [-92.8828903698763, 18.330854179161808], [-92.88569242988389, 18.329906889821398], [-92.88569481974557, 18.328226999327676], [-92.88522657985379, 18.32635068932662], [-92.88511531991229, 18.324878649093638], [-92.88558461965054, 18.322154369164533], [-92.88557103034654, 18.32081785980554], [-92.8865263792494, 18.31952078044044], [-92.88804476913761, 18.32042258053079], [-92.8910541694392, 18.32283812016426], [-92.89647102986918, 18.32831702000412], [-92.89797054037206, 18.32934640009192], [-92.89927015015331, 18.329969140125453], [-92.90328374948587, 18.331244690491438], [-92.90794031965267, 18.332145829395934], [-92.91121261982087, 18.333375919143325], [-92.91261717958454, 18.334803319475792], [-92.9132812800522, 18.335957829704462], [-92.91639685004297, 18.33972714941479], [-92.92259756965541, 18.346278049083825], [-92.92348738029, 18.346898879206375], [-92.92452437005073, 18.347163079662945], [-92.92716857953114, 18.347239749606796], [-92.92890045979314, 18.34759114948252], [-92.9332675401694, 18.348983659068608], [-92.94065079971547, 18.34942962933285], [-92.94902888876965, 18.302786109273924], [-92.98460330925589, 18.30541508959988], [-93.01964356864882, 18.30844351845157], [-93.01170065009585, 18.34490365923786], [-93.00945178043153, 18.356290659627042], [-93.00380115031477, 18.379720739202277], [-92.99883272001043, 18.402939489758047], [-92.99834797046672, 18.40284459916014], [-92.99800222020217, 18.402997799277447], [-92.9974395502394, 18.40371922903817], [-92.99737169010737, 18.404332659708384], [-92.99802192037562, 18.40688362958383], [-92.99785754996269, 18.407803169358594], [-92.99818397989021, 18.40857959988126], [-92.99836675043258, 18.41057742923703], [-93.00011945955397, 18.412431539081172], [-93.00693939962025, 18.416809719259724], [-93.01675148953983, 18.422347939332003], [-93.01968601975386, 18.42313861947116], [-93.02237190959254, 18.423184419849033], [-93.02470360009495, 18.422945139716234], [-93.0275609195659, 18.422301349642563], [-93.03272908009805, 18.420195889646774], [-93.03516972027073, 18.419835219838056], [-93.03714565959471, 18.419973379168475], [-93.03861967970455, 18.42045456905978], [-93.04470149036618, 18.42411304969907], [-93.04700418026789, 18.425159059503407], [-93.0484231195244, 18.42556617975486], [-93.04984691044014, 18.4256818596474], [-93.05324292022445, 18.425468719257967], [-93.0635558599512, 18.42329145938448], [-93.0668853700723, 18.424055319683198], [-93.06977380018276, 18.425163539265196], [-93.07290317998635, 18.426883619810933], [-93.07886713990514, 18.431204509655014], [-93.08408857001476, 18.43536825974071], [-93.09689587100358, 18.442914138794265], [-93.09313721411883, 18.442730746505887], [-93.09317678311814, 18.442354630829534], [-93.08861458243854, 18.441875780587356], [-93.08877097900202, 18.44213259330903], [-93.08863376137218, 18.44218529009123], [-93.08822107880943, 18.441859936833485], [-93.08436552032308, 18.4407424597604], [-93.07673073501017, 18.43781962095825], [-93.07104307682023, 18.43604559999056], [-93.06740413080173, 18.435824979396912], [-93.05672664815333, 18.433865527767917], [-93.05511183594255, 18.433811955496544], [-93.0508705340581, 18.433154367128868], [-93.04948679029869, 18.433169501792534], [-93.04427185095102, 18.43251318140462], [-93.03926682179356, 18.432214613342797], [-93.03837946571618, 18.432341449490313], [-93.03594618857107, 18.431912274363114], [-93.02791459573922, 18.431884592454747], [-93.01971904302356, 18.43153260671787], [-93.00709907091523, 18.432155851358726], [-93.00070240198832, 18.431925895559385], [-92.99099687990991, 18.432176387091296], [-92.9887066492544, 18.432265617298746], [-92.98692800223215, 18.432592793003998], [-92.98262982555039, 18.432755637478866], [-92.98068191583047, 18.4330508390672], [-92.97898060165653, 18.432979456303517], [-92.9724489813149, 18.433663551221493], [-92.97005167433284, 18.4336159614946], [-92.96617315289369, 18.434246518637828], [-92.96306795608615, 18.434436875083158], [-92.96179494511973, 18.434317902884505], [-92.95801755033754, 18.43474025777429], [-92.95601053536403, 18.434710513366067], [-92.94789762502664, 18.43525487335115], [-92.9447877469929, 18.435733682468157], [-92.92684661066778, 18.437595610713647], [-92.92201630498337, 18.438565240482646], [-92.91973797099578, 18.43874964855927], [-92.9146994630384, 18.43977876536149], [-92.90837009740632, 18.440730550379662], [-92.90205857568924, 18.442342635430542], [-92.89798969801213, 18.443151651302866], [-92.89433722473004, 18.444162922333327], [-92.89272945156414, 18.44490655758337], [-92.87989582905944, 18.448341309086032], [-92.87828969327673, 18.448995661592466], [-92.87552951801463, 18.44974519127584], [-92.87489896056822, 18.45017349455033], [-92.87026496136744, 18.451452455691765], [-92.85939825082092, 18.455340514113868], [-92.83826291666192, 18.464217988978415], [-92.83633079540955, 18.46528398745477], [-92.82943511733065, 18.46830114484002], [-92.82737450359136, 18.46957653577293], [-92.82557563090455, 18.470238025325475], [-92.8213259140623, 18.472864950799185], [-92.82090236963212, 18.472893504460266], [-92.8187037483673, 18.473930949652644], [-92.81787569462759, 18.474578162167], [-92.81078966035591, 18.478323434105683], [-92.80837688686826, 18.480027128177067], [-92.80338953722972, 18.48297765937949], [-92.80036762079642, 18.485185799486953], [-92.79535647593474, 18.488398072731396], [-92.78674282666196, 18.494551358650252], [-92.77365579224067, 18.505149477433072], [-92.76376675188504, 18.51398203687726], [-92.75713757350533, 18.520358992795448], [-92.75422035443175, 18.523580782678625], [-92.74474058168416, 18.533127180371118], [-92.73844571777646, 18.540400002303212], [-92.73779136610231, 18.540893740846585], [-92.73576287512796, 18.54342191860036], [-92.72874703213279, 18.551077557074855], [-92.72263394989388, 18.558842289040697], [-92.72184330965905, 18.560012719396354], [-92.72015115007332, 18.563936169409445], [-92.7190429401737, 18.565913709404906], [-92.71452436954105, 18.571875979606773], [-92.71319205992154, 18.574160969384128], [-92.71228864463818, 18.575120578167876], [-92.7133611637379, 18.575272853853196], [-92.71208385512132, 18.575410240768434], [-92.71089441976278, 18.577092599524384], [-92.70993904968176, 18.579459019421744], [-92.70857992001761, 18.581390379605985], [-92.70818634973541, 18.5822973395687], [-92.70739609043454, 18.583085219521053], [-92.70529641973549, 18.586283018978982], [-92.70431731012468, 18.58734713971713], [-92.70291745011441, 18.58971221941232], [-92.70337902962311, 18.590149419466037], [-92.70272610982876, 18.5909997696281], [-92.70162894824752, 18.59315361891471], [-92.701437683458, 18.59973147654433], [-92.70096179138733, 18.600659465863604], [-92.7005742239977, 18.60091183502167], [-92.70089881991618, 18.601995649553665], [-92.70168426042835, 18.603064049437293], [-92.7017319504785, 18.603709289395457], [-92.69939926011759, 18.607165799445582], [-92.69289757006977, 18.61379191939786], [-92.69300618802646, 18.614265064466633], [-92.69290149066828, 18.614369761216537], [-92.69268260178701, 18.614141203799896], [-92.69249150331672, 18.61429253511088], [-92.69207819811038, 18.61585216522987], [-92.69220668920732, 18.617375020085635], [-92.69155709579945, 18.618041269399395], [-92.6906743161231, 18.618250662285693], [-92.68925023460906, 18.617831960871456], [-92.68767204967253, 18.6192891698432], [-92.68664933987719, 18.619324749401663], [-92.68592268026909, 18.619036749886746], [-92.68389020030271, 18.61751288943384], [-92.68044328995471, 18.615485319519408], [-92.67702309002199, 18.612630739136005], [-92.67504912739251, 18.611752337619276], [-92.67218036698061, 18.611360835081378], [-92.66269966919482, 18.611563785770535], [-92.65604566928751, 18.612390941587183], [-92.65040442306965, 18.612578109044463], [-92.64393589354113, 18.613308064852216], [-92.63961231114868, 18.613300578309182], [-92.63100632156488, 18.614352462215322], [-92.61959281229447, 18.616239117478855], [-92.60781619620404, 18.61787496600786], [-92.60394930338784, 18.618702249573712], [-92.58939511242578, 18.620937036808026], [-92.58480949408681, 18.62198517721766], [-92.5695590380291, 18.624777725738475], [-92.56046266908454, 18.62706117653952], [-92.55083099866035, 18.62906387422517], [-92.54392824007206, 18.630785821248207], [-92.53112594183428, 18.63339868754333], [-92.50248173823503, 18.640911614670006], [-92.49275160455866, 18.644138137986964], [-92.4863780123727, 18.64592665863351], [-92.48063360028185, 18.647906059863885], [-92.47639039990202, 18.648857179151594], [-92.4687900200767, 18.650964949771762], [-92.46784752004548, 18.6472779491479]]]}}, {"type": "Feature", "properties": {"CVEGEO": "27004", "CVE_ENT": "27", "NOMGEO": "Tabasco", "CVE_MUN": "004", "NOMMUN": "Centro", "cov_": 1985, "cov_id": 1986}, "geometry": {"type": "Polygon", "coordinates": [[[-92.86263611985346, 18.337870459263772], [-92.86347801958232, 18.335281909453762], [-92.8654439504295, 18.332856459394076], [-92.86577672012584, 18.331763999246814], [-92.8655498901865, 18.33086813978721], [-92.86476640021058, 18.32982679901465], [-92.86236734027356, 18.32753737944724], [-92.86122976972902, 18.327046709132738], [-92.8586737503053, 18.32738999941456], [-92.8572199996875, 18.327259279429025], [-92.8560063802471, 18.32689716927617], [-92.85465054991147, 18.325865689566264], [-92.85359562990097, 18.32347268987979], [-92.85214361984868, 18.322831829282595], [-92.84970097029685, 18.322544089391087], [-92.84430142958121, 18.323212979429265], [-92.84164528961928, 18.324437578972717], [-92.84022190979167, 18.32486267947696], [-92.83835907994747, 18.32636922918235], [-92.8378184896418, 18.326589539204285], [-92.83694331014415, 18.326227079191344], [-92.83500655003996, 18.324770379359318], [-92.83417539960284, 18.323365829276582], [-92.83325775040329, 18.320389829095856], [-92.83207212045552, 18.318941289336426], [-92.82835217990882, 18.316041289620202], [-92.82334857018, 18.31398324987257], [-92.8224327097528, 18.31255834910504], [-92.81930294977614, 18.30998390935123], [-92.81803268005454, 18.307525169200918], [-92.8173799704297, 18.306885179173914], [-92.8162461696203, 18.306442629346076], [-92.81571140028257, 18.305934369181507], [-92.81518452002547, 18.30438254939177], [-92.81575373977526, 18.303522509388333], [-92.81565984974402, 18.30307896929165], [-92.81521946024941, 18.302565799782496], [-92.81342090963571, 18.301418399094803], [-92.8117705201318, 18.299798689487798], [-92.81053868971355, 18.297329089063343], [-92.8113082197675, 18.295331999829234], [-92.81263628049732, 18.293241849052908], [-92.81273224982313, 18.292751019481397], [-92.81254364963075, 18.29230664959906], [-92.81101580033729, 18.29115437910769], [-92.80769442025964, 18.289776029812586], [-92.8076894504405, 18.289088319264792], [-92.79842961962635, 18.26881511965478], [-92.7977766796549, 18.26913931926348], [-92.79178675024966, 18.25487964933435], [-92.78276888007366, 18.259840709628804], [-92.71762185043099, 18.302028849506993], [-92.70306301966227, 18.29895817947161], [-92.68916042025575, 18.297373919889615], [-92.67505683010752, 18.295153149857175], [-92.67716591970016, 18.284930569830042], [-92.68207822981856, 18.275531749058146], [-92.68746889035128, 18.26946691920016], [-92.6888982500362, 18.26325039958651], [-92.6901870195958, 18.261422658974464], [-92.69211238027464, 18.259871339373422], [-92.69315410994518, 18.25863237937067], [-92.69491039968567, 18.257901819416382], [-92.69617687977177, 18.256395019330668], [-92.69783776978119, 18.25502248963472], [-92.6982318196446, 18.25172584955374], [-92.69925549021522, 18.246561279664924], [-92.69926434021988, 18.242314579501247], [-92.69602911033486, 18.24186965907735], [-92.69567463037858, 18.238551509851], [-92.69438340047702, 18.23311034928115], [-92.69429088016705, 18.230450829161835], [-92.69513151004864, 18.229468489610124], [-92.70872674964819, 18.218305629405666], [-92.7183583201558, 18.20748271949552], [-92.73128554007742, 18.19559053986494], [-92.71894261979227, 18.18615973939183], [-92.71848098012677, 18.186189679297478], [-92.70810998046132, 18.181774339317723], [-92.70468521995679, 18.178857259223786], [-92.702160399576, 18.17864285910608], [-92.69703538014329, 18.180132949586902], [-92.69584391042571, 18.18175013925348], [-92.69565501989563, 18.179201749158562], [-92.67861688028735, 18.174828679195016], [-92.67855257972717, 18.175189029783876], [-92.6774405395686, 18.176195799545184], [-92.67251063011136, 18.18342085981605], [-92.6721022601663, 18.182596909653252], [-92.6696560599241, 18.179403479348284], [-92.67111422028893, 18.178612909124748], [-92.67118848959122, 18.1783631489781], [-92.67148108049726, 18.176090509127143], [-92.67107748013292, 18.1742077791903], [-92.67115511957745, 18.173450049298072], [-92.67187128980201, 18.172110179758445], [-92.67247710985313, 18.171581749305904], [-92.67566453990733, 18.170411939789126], [-92.67703512033427, 18.1696363490881], [-92.67815688021331, 18.168127859037895], [-92.67835932035703, 18.167076459157077], [-92.67825736997429, 18.166479719569157], [-92.67767110991747, 18.165445629154686], [-92.67705696955345, 18.164749689235464], [-92.67464034024485, 18.16327762949561], [-92.67363805015002, 18.16205374913186], [-92.67287684967138, 18.160545749460553], [-92.67291649018303, 18.15871824930411], [-92.6740809397184, 18.156490599302067], [-92.67423991045445, 18.15547147938851], [-92.67322341953924, 18.15458967943333], [-92.66942825985883, 18.152766029595973], [-92.66890637022945, 18.152317889245154], [-92.66869862972909, 18.151806199735685], [-92.6690437201487, 18.150947969712735], [-92.67011934013445, 18.14950361930465], [-92.67036362968672, 18.14859793965704], [-92.67037511959713, 18.14663216947091], [-92.66989265952101, 18.145343399631876], [-92.66522636981344, 18.145616249214882], [-92.65877814014502, 18.143792939112373], [-92.65103900026514, 18.159043089072714], [-92.63745620006776, 18.145492399227585], [-92.6337068200971, 18.14800725906848], [-92.63105763026486, 18.150127019823497], [-92.63009817050335, 18.14391082904818], [-92.62341700027443, 18.137353059009655], [-92.61869536960728, 18.1306609992332], [-92.61918311046945, 18.126249019204472], [-92.62040488977132, 18.124074519110838], [-92.62246667965542, 18.123579978973915], [-92.6241050897483, 18.08138671904964], [-92.60735587971485, 18.078263939329986], [-92.6103012002294, 18.068820399339124], [-92.61189344995937, 18.06221042972997], [-92.61293969026792, 18.061196059075755], [-92.61635458038221, 18.058835319763332], [-92.62166897992269, 18.056163109088896], [-92.62349655012689, 18.056855909278944], [-92.62456467967397, 18.058146198989824], [-92.6278922496306, 18.06470804941872], [-92.62953568015483, 18.065744569092306], [-92.6326702302163, 18.067003919146917], [-92.63326290958327, 18.06690521917128], [-92.63410250993076, 18.067556519451507], [-92.6349297700946, 18.068481569472972], [-92.63584554958646, 18.07078457941639], [-92.63727653955414, 18.07312877931819], [-92.63780045998173, 18.07442890988104], [-92.63850063006998, 18.07516268989426], [-92.64041073976459, 18.075991139348666], [-92.67005173980698, 18.047471829111974], [-92.66272629042822, 18.03773479922775], [-92.65438628954911, 18.03569782941911], [-92.64535798021019, 18.032642429138008], [-92.64641050984756, 18.03070831948204], [-92.59532201968541, 18.021978079254268], [-92.59683622015628, 18.00687510930289], [-92.58316771017303, 18.007585106151353], [-92.58354720029484, 18.003201659764176], [-92.5853705796303, 18.000790539777576], [-92.5878569698342, 17.994673429083566], [-92.58873083043262, 17.991931449636812], [-92.58952797008058, 17.988949179143212], [-92.58968304978494, 17.98701282977451], [-92.58938971991184, 17.9847704892503], [-92.59257188959845, 17.980953279528734], [-92.58985653979094, 17.977680179886075], [-92.58890591007653, 17.975115889374305], [-92.59103439966806, 17.971388619454], [-92.5928800196945, 17.970447569603245], [-92.60684444959374, 17.97871696986978], [-92.6081357801526, 17.979033429591087], [-92.60645265004402, 17.986181319370132], [-92.60848093951954, 17.985980819656383], [-92.61088265021026, 17.986643059579173], [-92.6147797798277, 17.98706327934503], [-92.6159988300572, 17.977612449903837], [-92.62256610992303, 17.97309276919632], [-92.6235912900657, 17.973079259455954], [-92.6245442196525, 17.97342621901578], [-92.62686084957643, 17.972603139701526], [-92.63088295003733, 17.97043837909077], [-92.63235481964985, 17.97022781906611], [-92.63377264973785, 17.970805399064723], [-92.64438104962032, 17.96811961978214], [-92.64526404993599, 17.968677569570932], [-92.64728498005132, 17.97123061932633], [-92.65002219972455, 17.969467679325344], [-92.64726379972659, 17.964059539579942], [-92.64722320037254, 17.96304048947237], [-92.64749144966467, 17.96207084928675], [-92.65060083045978, 17.958644679131996], [-92.65204562989156, 17.955846350289455], [-92.65257643027542, 17.95658864996835], [-92.6534859695372, 17.95699824920626], [-92.65374790952393, 17.956867049860968], [-92.6544303985562, 17.955632940410585], [-92.65944714987485, 17.954454659856495], [-92.65953747911124, 17.95686317908132], [-92.65890682919132, 17.95736728020284], [-92.6601889197167, 17.95868456942489], [-92.66036728001339, 17.958567109067058], [-92.66195978008398, 17.959134909278205], [-92.66242349014213, 17.959931549410097], [-92.66358447980556, 17.957964909473286], [-92.6643608896062, 17.958682029340356], [-92.66387439975051, 17.959037259521647], [-92.6643268799849, 17.959825419431645], [-92.66603071972952, 17.958627619134734], [-92.66503874976952, 17.95742047930917], [-92.66595994961679, 17.956310489728644], [-92.6679854203972, 17.955192599116184], [-92.66481116985639, 17.952065169830025], [-92.66393311996397, 17.952137739072313], [-92.66333314010492, 17.95021208971438], [-92.66268828957492, 17.950387029324894], [-92.66132408022362, 17.94920157903884], [-92.66567118004231, 17.946615029330836], [-92.66582774024012, 17.94599213905277], [-92.66635787983374, 17.946016229751088], [-92.66694677963855, 17.94542004914563], [-92.66803245030145, 17.945046619336782], [-92.66839198038242, 17.94468193978272], [-92.66993327963034, 17.94399531954206], [-92.67080604984132, 17.944002599067115], [-92.67241185997658, 17.94334128940011], [-92.67223705977244, 17.94245944919894], [-92.6712207399112, 17.941586169544017], [-92.66882331952493, 17.938776569556637], [-92.67072216962897, 17.938309139773864], [-92.66840729017575, 17.935268369860285], [-92.66717747968305, 17.936151169498938], [-92.66669016970995, 17.934523749494453], [-92.6682805098511, 17.931951719485568], [-92.67099701960665, 17.93262741955337], [-92.67240934960284, 17.93034101926181], [-92.67537691909715, 17.93094442988888], [-92.67774824875578, 17.92740998219495], [-92.69933454891851, 17.929878450110333], [-92.69940781888825, 17.92923729204391], [-92.70414187871197, 17.9296766902502], [-92.7048283793732, 17.924425971335925], [-92.70555957899536, 17.924497460333008], [-92.70593188886187, 17.921349144760956], [-92.70944276914184, 17.921982350160715], [-92.71567845876072, 17.922728180513612], [-92.71600098027089, 17.91694697936185], [-92.7177369802608, 17.917188489906252], [-92.71802843031769, 17.91494628911587], [-92.71891643013835, 17.915435939324563], [-92.72261385000141, 17.914048999239313], [-92.72338786030494, 17.914257629555316], [-92.72453168963062, 17.91275653929694], [-92.72563650993806, 17.913062919724485], [-92.72768187909078, 17.911906199954316], [-92.73151425022579, 17.912257979273882], [-92.73443505034064, 17.912284369459552], [-92.73441874013994, 17.91257256983009], [-92.73562156989853, 17.913484319189728], [-92.73604011981121, 17.91408091925743], [-92.73793514028544, 17.91268810970768], [-92.73835942013149, 17.91116533922127], [-92.73790068974517, 17.906708509471343], [-92.73986782995416, 17.90632177935699], [-92.74049848983711, 17.90286801977425], [-92.74019994036925, 17.90188944953235], [-92.74187651965707, 17.902046029219967], [-92.74318797992915, 17.90303614963672], [-92.74437581962563, 17.902736949838808], [-92.74489444981674, 17.90231739952945], [-92.74676083013014, 17.89985811947064], [-92.74650128042657, 17.896899309808678], [-92.74657954008345, 17.895249459841846], [-92.74723134010907, 17.894217879624904], [-92.74870915042578, 17.892471879311152], [-92.75069814954703, 17.89096476966218], [-92.7524800764241, 17.890335123201954], [-92.75391279904612, 17.890495661386968], [-92.7568118501183, 17.88385870963172], [-92.75783337021046, 17.88338208973648], [-92.76359337029835, 17.88333344967713], [-92.76464265017516, 17.88549373919284], [-92.7657301099811, 17.885569919252628], [-92.76761257035348, 17.886200889367316], [-92.76884514032149, 17.8860139392652], [-92.77020938036975, 17.884356859924193], [-92.772002659999, 17.883494579366666], [-92.77255762007269, 17.88398654943383], [-92.77338450814224, 17.883925579993907], [-92.77374650961242, 17.884133089130025], [-92.7749344802574, 17.88363593946786], [-92.77551053999437, 17.88368013966314], [-92.77573963020525, 17.88475502949592], [-92.77620588003614, 17.885269079265644], [-92.77667605019647, 17.885387109258392], [-92.77766530982137, 17.885150149186707], [-92.77802155001208, 17.885452229640194], [-92.77916851029848, 17.885400599475926], [-92.77987748039772, 17.88579979983286], [-92.78010409013326, 17.88599865972214], [-92.77997774032917, 17.887634059249724], [-92.78063650979256, 17.888121749283368], [-92.7806233195686, 17.888532649340835], [-92.78154947990701, 17.89025919928237], [-92.78222803039475, 17.890557249355616], [-92.78359109043784, 17.890269579288827], [-92.78423101983132, 17.89105687966262], [-92.78485317041212, 17.89081427911638], [-92.78604960032901, 17.889187379465568], [-92.7864092803478, 17.889013879351218], [-92.78678721984802, 17.889004769413027], [-92.7873643501681, 17.889479799431477], [-92.78780831968295, 17.888941049222034], [-92.78831531951701, 17.888879089649045], [-92.78922707960263, 17.88926039960703], [-92.7894332797259, 17.8903352293849], [-92.79130181998974, 17.89049471915816], [-92.79148128906427, 17.890782800264553], [-92.7920353686062, 17.890982540132782], [-92.79346195033567, 17.889967649514865], [-92.79511591031165, 17.889171179680584], [-92.79555582990554, 17.889102339034366], [-92.79640408900983, 17.88954443060555], [-92.79707520043095, 17.888838149825535], [-92.79730074999964, 17.888828149668292], [-92.79761940013739, 17.889120179398095], [-92.79774014015638, 17.89013221925327], [-92.79724018020912, 17.89070504943835], [-92.79735387980705, 17.891152519357505], [-92.79793185033935, 17.891412049860616], [-92.79918354019064, 17.891211619156923], [-92.79951148012412, 17.8914695390336], [-92.79987662018765, 17.892447319252966], [-92.79981400008333, 17.89451436987718], [-92.79998419953428, 17.89478121982274], [-92.80024950960765, 17.89494577919369], [-92.80104913956833, 17.894531279694316], [-92.80166470975597, 17.894553029235965], [-92.80219591962218, 17.895021479748774], [-92.80272548953447, 17.89603916955098], [-92.80576415017924, 17.897478459674772], [-92.80610365016766, 17.897264939422293], [-92.80695245977024, 17.895850399291877], [-92.80777383004295, 17.893604539381577], [-92.80934002004113, 17.89215822909131], [-92.81096385916963, 17.891857120069066], [-92.81336419968717, 17.89299339940997], [-92.81482321867013, 17.892474480155435], [-92.81937497005272, 17.892075819779937], [-92.8197689993849, 17.892240479106047], [-92.8207854600991, 17.89346028917783], [-92.82137630949704, 17.895242770142463], [-92.82084828935666, 17.89582354067946], [-92.82095642000549, 17.89619510998694], [-92.82216041961196, 17.897438619559342], [-92.83094377969873, 17.891121999819223], [-92.83674888015187, 17.88607582984344], [-92.83558231998957, 17.884679379490578], [-92.83545882040563, 17.883799079092743], [-92.83465345979063, 17.882664969602978], [-92.83347688966289, 17.88335124951596], [-92.8318482299904, 17.8797310295324], [-92.8353335702033, 17.87788156971321], [-92.83424583034147, 17.87669747956281], [-92.83485577985766, 17.87636813917147], [-92.83494994021576, 17.87579376943597], [-92.83464451966141, 17.874907879164223], [-92.83505848973184, 17.874634739679706], [-92.83530517980948, 17.873676079449616], [-92.8358438001574, 17.8735854790664], [-92.83614534001921, 17.87317199984291], [-92.83564751017639, 17.872020049701796], [-92.83590865968401, 17.87053608938267], [-92.83783575046526, 17.87191234959791], [-92.83956534960227, 17.870438539374803], [-92.83901430980487, 17.869245719350857], [-92.83944302041056, 17.86695922917154], [-92.8391611197132, 17.864934509763817], [-92.8401130470865, 17.863644824475074], [-92.84534453876854, 17.864347620392827], [-92.84527131858205, 17.864848030530048], [-92.84647403049087, 17.86435511910283], [-92.84665128025144, 17.860272089520603], [-92.85175999999186, 17.859993819205346], [-92.84847079990736, 17.84617868984536], [-92.84850107980661, 17.845212969046948], [-92.84809734999394, 17.84451984915378], [-92.84922323046068, 17.844419319642444], [-92.8502180898424, 17.84378568988006], [-92.85096188990518, 17.844068939522703], [-92.85302688987404, 17.84382608931008], [-92.8534889204552, 17.84407428905718], [-92.85583720007108, 17.843697659430966], [-92.85551511031727, 17.842683629788993], [-92.85568689019387, 17.841790819063316], [-92.85599131977764, 17.841161799658426], [-92.85712409015893, 17.84004079956433], [-92.85750637978707, 17.838413689387817], [-92.85862796986092, 17.836527199064854], [-92.8587006198616, 17.835412379392455], [-92.85989506006891, 17.8343284493239], [-92.86049320019073, 17.83324141903812], [-92.86139549024239, 17.83261659903208], [-92.86204756997812, 17.832354369025875], [-92.86435751029617, 17.832995119440078], [-92.8657022896709, 17.83363408917169], [-92.86687407999902, 17.835195489272916], [-92.86705551998662, 17.83434021944847], [-92.86739505978137, 17.833840629035002], [-92.86873353999925, 17.832635349469918], [-92.871023180052, 17.831476659107366], [-92.87447373972631, 17.83071147915893], [-92.87401987958592, 17.82675281940101], [-92.87739168959607, 17.823253019300168], [-92.87881938006421, 17.822765219805852], [-92.87962239989015, 17.821916079128197], [-92.87963481981572, 17.820685089700653], [-92.87850478024761, 17.818997599244973], [-92.87844243007258, 17.818195619140702], [-92.87872206007027, 17.81711273911093], [-92.87999040005427, 17.815284119777296], [-92.88248628962494, 17.813482089356853], [-92.88264514019882, 17.812888449012686], [-92.88137374008213, 17.810822689311006], [-92.88135326049343, 17.810087289176586], [-92.88204423016631, 17.80923290907597], [-92.8835666297753, 17.808551089753042], [-92.88383289026254, 17.80811656977648], [-92.88344337022501, 17.807498829689262], [-92.88160126029068, 17.807392619074307], [-92.8811787796346, 17.80719834898995], [-92.87993871022485, 17.80596382960699], [-92.87944697976273, 17.80475510914886], [-92.87950611005195, 17.804292549524167], [-92.87875474971919, 17.802220539412218], [-92.87866451028503, 17.801424599587545], [-92.87907502980424, 17.80072451989225], [-92.8807453395874, 17.79928342920506], [-92.88097808994057, 17.798754779495003], [-92.88043442022118, 17.79573622912014], [-92.87987277957912, 17.794609179693364], [-92.87987752017662, 17.794112849137182], [-92.88060285008488, 17.793186649776924], [-92.88191531024893, 17.792607219538674], [-92.88263946005324, 17.79289859970023], [-92.88479221851912, 17.794417950692125], [-92.88526837946544, 17.79450417990572], [-92.8856797402622, 17.79352134978509], [-92.88505610991159, 17.792292289590396], [-92.88528677012499, 17.791259829109826], [-92.88609764979005, 17.790390999873026], [-92.88757982993393, 17.789862379500935], [-92.88957763007015, 17.790035319152725], [-92.89029685015258, 17.790399799863085], [-92.8921802500354, 17.7919760897489], [-92.8926938600064, 17.792113459549523], [-92.8937001997004, 17.791998289565374], [-92.89403144953569, 17.791405999465592], [-92.89388890996426, 17.790866879025295], [-92.89293605004785, 17.789685369820834], [-92.8928487098009, 17.788805229108668], [-92.89332031978306, 17.787951539783883], [-92.89560191000176, 17.786068629365296], [-92.8956555101188, 17.785580399109243], [-92.89520846024246, 17.78527321951498], [-92.8942170600231, 17.785736459543198], [-92.89378185027353, 17.785528919053874], [-92.89415973982985, 17.78323885961632], [-92.89318667978628, 17.781728769577132], [-92.89300405006774, 17.781078599054812], [-92.89317674022291, 17.780427229914327], [-92.89357771000698, 17.780518909135584], [-92.8941171396576, 17.781626109663918], [-92.8945199096667, 17.781970249448065], [-92.89515490956079, 17.782135648993528], [-92.89675264983592, 17.78204905931083], [-92.89761677006635, 17.782476849859176], [-92.89893331952771, 17.784344219580447], [-92.89968758036854, 17.786059719346934], [-92.90131467968519, 17.784730049649582], [-92.90185498017233, 17.785373089504557], [-92.90163871042692, 17.785762849278733], [-92.90238226035804, 17.78636456946767], [-92.90243165039288, 17.787353449190526], [-92.90316561968527, 17.78788694901413], [-92.90332057995859, 17.78896216925138], [-92.90368466037522, 17.789010249901743], [-92.90455735008723, 17.789817889715923], [-92.90420894014348, 17.79017713945326], [-92.90468644964712, 17.79064573983468], [-92.90464574032298, 17.790931019895858], [-92.90502457990046, 17.791137739832052], [-92.90526304956168, 17.792355569310644], [-92.90559223025868, 17.79228601911179], [-92.9056252200636, 17.792649999418355], [-92.90615754025792, 17.79254173963392], [-92.90613132014943, 17.793754629420505], [-92.90728131011103, 17.793751149799498], [-92.90705202973297, 17.794101419750895], [-92.90718492006792, 17.79436525939631], [-92.90800880034533, 17.794779709190266], [-92.9075423797306, 17.795257769598468], [-92.90720048996144, 17.796420479724304], [-92.90748862028931, 17.7966373697233], [-92.90765772018167, 17.79754534991199], [-92.90816168972194, 17.798317249855018], [-92.9084574196747, 17.798393859689643], [-92.90842003016853, 17.79882897906288], [-92.90920723004834, 17.800317539391365], [-92.91113144970367, 17.80119847971705], [-92.91135921962758, 17.80161604958025], [-92.91540392010207, 17.801029629104537], [-92.91872636974671, 17.80203804946861], [-92.92109676964509, 17.79377008948345], [-92.92197334038799, 17.789755999272764], [-92.92305051984415, 17.79033431984778], [-92.92597704984385, 17.796905459657605], [-92.93134383014498, 17.795727090815237], [-92.92853614006569, 17.784821829287583], [-92.93583146013277, 17.783172829318257], [-92.93641911986747, 17.778808819022057], [-92.9356774900411, 17.777354779324583], [-92.93741443009343, 17.77514782982702], [-92.9326282604455, 17.77184770902979], [-92.9264872197347, 17.758529109717113], [-92.92641749038809, 17.757488949732267], [-92.92707211039134, 17.75523001920515], [-92.92705088002036, 17.754284139437964], [-92.92341568020674, 17.749806629426608], [-92.92297585032911, 17.74872633907986], [-92.92366011930908, 17.74051058328927], [-92.923822449047, 17.740532200637553], [-92.92392505043559, 17.73946473968855], [-92.92444613976814, 17.739533029566054], [-92.93010806010614, 17.742390109432367], [-92.9487775396248, 17.752350779062436], [-92.97942025005841, 17.74149877924931], [-92.98153731979515, 17.74152914957845], [-92.98148191986834, 17.741041599479598], [-92.98324434001391, 17.741260719161758], [-92.98544154991689, 17.7442185492394], [-92.98506611979681, 17.752788649182786], [-92.98624414979386, 17.75379017924708], [-92.98687705017338, 17.75292964919925], [-92.98741675000548, 17.74971774918941], [-92.99073485022365, 17.744285939843227], [-92.99065002028213, 17.742998519889383], [-92.9954166001577, 17.738039399066007], [-92.98063084967595, 17.734152999795636], [-92.97917879968327, 17.720975029169683], [-92.97877673977486, 17.72045168937959], [-92.9778245095821, 17.720187949813884], [-92.97698226010701, 17.719565399756153], [-92.97701647954871, 17.718574279513017], [-92.97666987957578, 17.718188509058123], [-92.9773115698421, 17.71748762961678], [-92.9778017497544, 17.71637371950678], [-92.97855981908678, 17.715968550272454], [-92.97890643030635, 17.716015689483903], [-92.9793356896512, 17.71564396948385], [-92.97983929033894, 17.713714819748652], [-92.98320425041308, 17.71483970988204], [-92.98482408967388, 17.71416939965495], [-92.98619266044271, 17.712535739135557], [-92.9999869996643, 17.721623089842033], [-93.01314607957796, 17.73090265906179], [-92.99894325965448, 17.748379179302788], [-93.00600763041906, 17.751645579495655], [-93.00569193960287, 17.752716279248915], [-93.00471462986769, 17.752785619017324], [-93.00417169035397, 17.753132249738954], [-93.00475085009073, 17.75406813990127], [-93.00715234972779, 17.75508851913915], [-93.00997420009307, 17.75726244900961], [-93.01196780019376, 17.757920799022692], [-93.01432732007385, 17.75771974974134], [-93.01457308975836, 17.757536319003915], [-93.01529768038445, 17.757879819319324], [-93.01567959977935, 17.757346719093118], [-93.01652685994743, 17.75721162971928], [-93.01650210982477, 17.756776939543034], [-93.01675774001782, 17.75650791924781], [-93.01798853999911, 17.75578119938477], [-93.0181184300373, 17.754939539063155], [-93.01836365958991, 17.75475781908795], [-93.01897271991282, 17.754839459563883], [-93.02116620036776, 17.75635928976286], [-93.02196985031284, 17.757220549607787], [-93.02223632041532, 17.758250649229577], [-93.02271965016418, 17.75891879936118], [-93.02244353961319, 17.759736909574485], [-93.02306385035737, 17.760824579368798], [-93.02424522986301, 17.760715369616072], [-93.02503137967226, 17.761221429214782], [-93.02572148999754, 17.76105974930612], [-93.02629828002596, 17.761677419203593], [-93.02667875037058, 17.761605089587007], [-93.02707232043844, 17.761942059717178], [-93.02769407985721, 17.761780049059592], [-93.02866297012827, 17.762138889109725], [-93.02977371963156, 17.761772829541485], [-93.03040170956065, 17.76200433928175], [-93.03084811011675, 17.761279599093992], [-93.03146021986768, 17.761130339168076], [-93.03284497037093, 17.762610019446857], [-93.03288607963134, 17.76295445950579], [-93.0316567701113, 17.764788259670418], [-93.03160732012223, 17.766326169139226], [-93.03194385987335, 17.76724259916814], [-93.03350056972266, 17.768288569567584], [-93.03345249016573, 17.770241879206118], [-93.03224433977219, 17.77025399905252], [-93.02953175048022, 17.771418149345145], [-93.02801222961703, 17.771477979452712], [-93.0278005098628, 17.771644949196244], [-93.0276387803564, 17.772885059055536], [-93.0260073702323, 17.774578479750616], [-93.02593265981515, 17.77490042902646], [-93.02660293957867, 17.775923369263918], [-93.02662793999389, 17.776448019901338], [-93.02601765993931, 17.776781969471507], [-93.02341440001031, 17.77659150973137], [-93.02320271038997, 17.777056569253954], [-93.02393775003156, 17.7782607991807], [-93.02385067987053, 17.77911931910253], [-93.02230417977675, 17.77998264902923], [-93.02146977033728, 17.78105588961129], [-93.02088433966792, 17.78105594904915], [-93.02001237048869, 17.78065062922803], [-93.01975087977581, 17.78138993944536], [-93.01984983045512, 17.782373749648485], [-93.01900288999664, 17.78316081904053], [-93.01892825952963, 17.78412665982445], [-93.01680879976801, 17.78416659937647], [-93.01658461988583, 17.78444085959991], [-93.0163480202983, 17.78507285950895], [-93.01591206024226, 17.785347139324443], [-93.01588721974855, 17.786026799263723], [-93.01780553963498, 17.786575139260115], [-93.01837857998642, 17.78705202916583], [-93.01822933964156, 17.787619879080438], [-93.01773108993363, 17.787751089519624], [-93.01776852037364, 17.78833534903419], [-93.01733265006357, 17.78937276975911], [-93.01870299980168, 17.790708119187435], [-93.01767848044581, 17.791487309360154], [-93.01620857969871, 17.7914993697697], [-93.01477611969592, 17.7922029792413], [-93.01426889031343, 17.79297182933458], [-93.01394586011905, 17.79426636914699], [-93.01336442037586, 17.794250049703827], [-93.01244091976044, 17.79356261968701], [-93.01204757973473, 17.793578999644087], [-93.0120081695465, 17.794570919437337], [-93.01401378014288, 17.794940419842952], [-93.01368102031506, 17.795570979175405], [-93.01217022959906, 17.796168709306926], [-93.01193364987388, 17.797694969488422], [-93.01224705037663, 17.79849076966731], [-93.01285747961373, 17.798931909369482], [-93.01396616992085, 17.798824519488157], [-93.01494862001046, 17.79821367924147], [-93.0157352594062, 17.798099029873608], [-93.01591677994864, 17.80114805928782], [-93.01618377991586, 17.8014714494198], [-93.01704628953374, 17.801801229568955], [-93.01769413996787, 17.80245697907934], [-93.01889005988153, 17.80251648979256], [-93.01955037037335, 17.803124549680632], [-93.01957101961762, 17.803721709198467], [-93.01906468001117, 17.804424289577092], [-93.01699640033046, 17.80614396928528], [-93.01657904954054, 17.80686887939771], [-93.01641374881417, 17.808134200720517], [-93.0170297455374, 17.808747278622874], [-93.0194827395275, 17.80936699981404], [-93.01966645019775, 17.81275590919523], [-93.0204652601995, 17.81419668989438], [-93.0252069501654, 17.81879642972231], [-93.02534054968785, 17.819630229584376], [-93.02703707963185, 17.819970879239705], [-93.02725888042345, 17.820324569735497], [-93.02745631037216, 17.822423309680815], [-93.02696364979822, 17.823295889870494], [-93.02560862032973, 17.824451569585165], [-93.02531243028682, 17.82494739903413], [-93.02543627960914, 17.82541844934957], [-93.02622484969925, 17.825984309175517], [-93.02737684966752, 17.827380399043438], [-93.0331644596815, 17.833097259375627], [-93.04027648967714, 17.840934479678253], [-93.04069684966447, 17.839274349532918], [-93.04130617026178, 17.838287619414498], [-93.04218721995724, 17.838607229352384], [-93.04445006016529, 17.840596399430588], [-93.04433831978122, 17.841066459829797], [-93.04336780004535, 17.84188117950308], [-93.04312630905495, 17.842577309883143], [-93.05870783014491, 17.84419068927686], [-93.06407962985867, 17.84387585945417], [-93.06948363039349, 17.843278429781797], [-93.06962434039976, 17.843579199800544], [-93.07003385959317, 17.84322881986196], [-93.07970217965696, 17.842223509070752], [-93.0817908600801, 17.84164533936847], [-93.08278343010986, 17.841999819296323], [-93.08926071947336, 17.841438920081256], [-93.09076273909926, 17.84174852014095], [-93.092412279726, 17.841606829161044], [-93.09408988019494, 17.84117174974681], [-93.09526888006111, 17.841360519049733], [-93.0986876596799, 17.84285839939169], [-93.10164545975965, 17.845828339409316], [-93.10357070958882, 17.842804379750497], [-93.10715851008429, 17.835646829482958], [-93.11054801993758, 17.830120059347827], [-93.1145907998475, 17.82431224944895], [-93.11564074962426, 17.82221262948524], [-93.12040466020798, 17.833884059072233], [-93.129027888607, 17.844741849850482], [-93.12970291038995, 17.84620062987895], [-93.12945615036935, 17.84709974982411], [-93.13046531014832, 17.848948509566444], [-93.13180032006863, 17.85231641924901], [-93.13027219965028, 17.85288057969103], [-93.13087325996906, 17.853883539561412], [-93.12949294924573, 17.85641785964526], [-93.12943142935958, 17.858757309960843], [-93.12690898012256, 17.863243399521632], [-93.12468930962999, 17.865999349506378], [-93.12440470938506, 17.86716089016034], [-93.1236082600198, 17.867770919353674], [-93.12470401971157, 17.868176889301253], [-93.12427152036756, 17.86952994944759], [-93.123904719518, 17.86939708969551], [-93.12362597965269, 17.87445037929906], [-93.12186256965114, 17.874929659126696], [-93.12137621983464, 17.876645309375682], [-93.1174204196369, 17.8755935093173], [-93.11674777004818, 17.87568419910751], [-93.11425425017386, 17.875379539171032], [-93.11431748978227, 17.876526919871083], [-93.11362399970832, 17.877092369095266], [-93.11156480014368, 17.876583219876707], [-93.10950218039083, 17.878295799071285], [-93.10728851009205, 17.87871130908305], [-93.10234534007414, 17.882094709152458], [-93.09901550955189, 17.88333245932196], [-93.09544492027707, 17.8856496798671], [-93.09271827970726, 17.88616861928828], [-93.09195928973368, 17.88657587911747], [-93.09142246043245, 17.88705187902374], [-93.09108568014688, 17.887855979562595], [-93.09029468954989, 17.89005428914211], [-93.0902130198191, 17.891798659236898], [-93.08970463011839, 17.892674949075296], [-93.08988391017996, 17.893403829541153], [-93.09015708998555, 17.893660599379682], [-93.09035383035375, 17.896203629868204], [-93.09137593990953, 17.897561249884895], [-93.09241292043214, 17.89790553980328], [-93.09386485041098, 17.89789270966073], [-93.09598713994853, 17.898486549782113], [-93.09670647982368, 17.899069249609212], [-93.0969671398733, 17.900574949273835], [-93.09734127988327, 17.901090019072917], [-93.09786126042103, 17.90141528902926], [-93.1005553502603, 17.902090969101703], [-93.10137222965137, 17.90308065986189], [-93.10140711026689, 17.90414065913019], [-93.10044100004973, 17.905492399003258], [-93.10081654005108, 17.90574167922143], [-93.10082004888048, 17.90603496571586], [-93.10376234029187, 17.90629799901484], [-93.10411909015721, 17.906528229525172], [-93.10438382995483, 17.907065029429784], [-93.10497502874453, 17.907419321294093], [-93.10765766002952, 17.90761061908442], [-93.10975962014052, 17.908572019527845], [-93.11072416963835, 17.90874039984595], [-93.11406299977206, 17.90859882929103], [-93.11499746011067, 17.90898647916203], [-93.11602057006331, 17.90887827911471], [-93.11965600020196, 17.907814179789447], [-93.12117108008692, 17.907018399070274], [-93.12240705988805, 17.90682271899285], [-93.12807987960515, 17.907284520451924], [-93.12912888984306, 17.907852379568002], [-93.13228357979456, 17.91046156921724], [-93.13288514969518, 17.91156356963065], [-93.13314845004331, 17.913304829046503], [-93.13436973981952, 17.914848909848043], [-93.13613578036941, 17.917721889593246], [-93.13693277957049, 17.918358939465055], [-93.13959019909063, 17.91872655064386], [-93.14254465006113, 17.91871448941781], [-93.14464494881462, 17.91917971042006], [-93.14598207937316, 17.919926659238318], [-93.14698562014034, 17.922072289175336], [-93.14707005919388, 17.923787749396727], [-93.14568150992028, 17.92495567954123], [-93.14486767988568, 17.926040119876962], [-93.14491742892147, 17.928934169703556], [-93.14434872011284, 17.930711880433137], [-93.14440316994575, 17.931322369162242], [-93.14507802859146, 17.93235296933255], [-93.14759282782843, 17.93275418157027], [-93.14889741791954, 17.93450562154374], [-93.14968861831066, 17.934899172315355], [-93.15234665920696, 17.93538579988757], [-93.15345272036235, 17.93509330981529], [-93.15459088783321, 17.935146280695907], [-93.1565558495023, 17.935499769224847], [-93.15787125963412, 17.936362780379998], [-93.1592217699598, 17.93592825949391], [-93.16048968015704, 17.93583150969396], [-93.1614007094089, 17.93637580006229], [-93.16334895005667, 17.936237549142557], [-93.165406150032, 17.935049139821476], [-93.16731053974779, 17.935235979370802], [-93.1683770199033, 17.93546616938594], [-93.16851174032249, 17.936951459809045], [-93.16965098028048, 17.937508309762737], [-93.17051299976333, 17.93867574899962], [-93.1726637103667, 17.93973707954736], [-93.17343511965528, 17.93973064937662], [-93.17567344889746, 17.939083521584998], [-93.17824365983523, 17.939211229670715], [-93.17899231872785, 17.938902820465227], [-93.18314389019318, 17.940309049693024], [-93.18304680048486, 17.941507179061166], [-93.18333214965412, 17.94219542952418], [-93.18431867907162, 17.94333143058313], [-93.18444762613298, 17.944253230773548], [-93.18488688897615, 17.944969420007475], [-93.18504565389053, 17.946144630748886], [-93.18721458010319, 17.94821521932679], [-93.18704857899849, 17.949355479243643], [-93.18718124588075, 17.95029674064223], [-93.18845910963402, 17.95363498679756], [-93.18973367873376, 17.95480763054327], [-93.1920015795348, 17.956135719769804], [-93.1945062599817, 17.955594059564156], [-93.19570399991807, 17.955589369242258], [-93.19712136998744, 17.95609365907758], [-93.19841161954166, 17.955991769480935], [-93.20074339987222, 17.956371429890353], [-93.20151742989779, 17.957288089569932], [-93.20349930971811, 17.95893613986084], [-93.20498816999662, 17.959625749677507], [-93.2061005403513, 17.959872219793525], [-93.20735877023287, 17.960637939375193], [-93.20878490992095, 17.9594108596124], [-93.21109030997923, 17.957918719838993], [-93.2142111099312, 17.95673208970896], [-93.21482162964722, 17.956870249490446], [-93.21571709003467, 17.95749284973851], [-93.21603393970243, 17.95744782920206], [-93.21743125958238, 17.956869109745085], [-93.218547339548, 17.956030479514595], [-93.22014831885298, 17.956621061843826], [-93.22432498025503, 17.95731954956912], [-93.22566516665609, 17.958193312993032], [-93.22788399907154, 17.95798765910272], [-93.22964374983384, 17.958470029896183], [-93.23054663761498, 17.958015022282922], [-93.23165379999287, 17.95650817984407], [-93.23247081990125, 17.956098919592005], [-93.23375524861153, 17.9561373804598], [-93.23548964994572, 17.956981119350903], [-93.23625177929951, 17.957057689586193], [-93.23835174995577, 17.95648793979554], [-93.23893075046233, 17.95528791950727], [-93.2402484595859, 17.95513430930284], [-93.2410966500006, 17.957240139214], [-93.24371556958003, 17.959350569060337], [-93.24675445801162, 17.96339946061967], [-93.248747937591, 17.9648742320709], [-93.25088331808116, 17.96773429074718], [-93.24825713904092, 17.968482690232666], [-93.24275179903307, 17.971368830897596], [-93.2433195673594, 17.9715821594687], [-93.24314717450521, 17.97174060467433], [-93.24336022893104, 17.972162891322906], [-93.24332044686204, 17.97335942085394], [-93.24412805691146, 17.974105831034976], [-93.24419851866125, 17.975162171220784], [-93.24444982021848, 17.975481711156476], [-93.24408377011761, 17.976146320669272], [-93.24330365768165, 17.976485420523378], [-93.24271167655807, 17.976505769928817], [-93.24210421730825, 17.976263749830206], [-93.2414836580395, 17.975699720176696], [-93.24012673697001, 17.973383770150416], [-93.23927831806049, 17.972798451896168], [-93.23907031991082, 17.972123909392018], [-93.23874538012808, 17.971886739237902], [-93.23880098001922, 17.97158190906793], [-93.23713004954746, 17.97080828940436], [-93.23625815039364, 17.970703089498365], [-93.22701274983213, 17.972155019105156], [-93.22412821964625, 17.97293030918161], [-93.22276307962206, 17.969088969851278], [-93.2213591398884, 17.96821204935925], [-93.22007212014098, 17.969053379687733], [-93.2192552899883, 17.96836005899981], [-93.21758926037997, 17.967850659095884], [-93.21535362976898, 17.969241109417133], [-93.21347960024944, 17.968494089285187], [-93.2183580797806, 17.96380701960063], [-93.20588427973723, 17.963152579706815], [-93.20251588963151, 17.963351859514937], [-93.20020165009822, 17.964101459124645], [-93.19353476991513, 17.963047119792037], [-93.19167972047251, 17.963039339420035], [-93.1898303800741, 17.963559309631968], [-93.18844608999093, 17.9643853094708], [-93.18571558031461, 17.966907339757604], [-93.18756459999075, 17.967860089307628], [-93.18909105833636, 17.970246351737334], [-93.19145519965576, 17.970423769690555], [-93.19372687919495, 17.969927052184264], [-93.19494894044763, 17.970149429100726], [-93.19562971033852, 17.97075505972888], [-93.1957633495298, 17.97143716947772], [-93.19517026020604, 17.972052979485838], [-93.1957629703794, 17.97258264949578], [-93.19504548994449, 17.97298953950178], [-93.19303458023045, 17.973416879757206], [-93.19116642020907, 17.97485950948689], [-93.18912436971813, 17.975839979569383], [-93.18894765974403, 17.97543097911016], [-93.18689053982897, 17.97607536934495], [-93.18540038040734, 17.976797149697685], [-93.18469191982591, 17.976055819404475], [-93.18398076956561, 17.976327539163304], [-93.18322848972024, 17.9772013995026], [-93.18255288965334, 17.97749064967704], [-93.1805324604235, 17.97700093956095], [-93.17908763018197, 17.977234419385432], [-93.17780788033548, 17.978523119146825], [-93.17748950971863, 17.97961391987996], [-93.17609593990296, 17.981246859253865], [-93.17488822977525, 17.98197394942654], [-93.17364893978784, 17.98210019954839], [-93.17258203027563, 17.983050259763214], [-93.17130506017935, 17.983822859908663], [-93.16810822013758, 17.9854327093614], [-93.16771011961822, 17.9860222891054], [-93.16608022990464, 17.987028879388607], [-93.16587605023706, 17.987104749360373], [-93.16571137031235, 17.98686314972148], [-93.16381070984482, 17.98769881961675], [-93.16344535006347, 17.98900797920195], [-93.16598029006816, 17.988746949244867], [-93.16612875016607, 17.98946548962942], [-93.16703008009651, 17.989763619327153], [-93.16713949018052, 17.990132679683033], [-93.1677734004055, 17.990158749503973], [-93.16894018014276, 17.992048199296], [-93.16870443026228, 17.993931199274257], [-93.16816939996946, 17.994193079147475], [-93.16799990955047, 17.995315949830577], [-93.16717458009717, 17.99761147966502], [-93.16773703011462, 18.000559719101666], [-93.16754187998214, 18.00263079913584], [-93.16731887963472, 18.00337034915542], [-93.16652754010588, 18.004443379163856], [-93.16552408979715, 18.00521054948211], [-93.16352154004294, 18.005856919776114], [-93.16325635016086, 18.006239719875186], [-93.163285079755, 18.007856258981725], [-93.16396567959939, 18.01023894956554], [-93.16370408958537, 18.01079002909899], [-93.1632193800784, 18.010965949042994], [-93.1620251702929, 18.010658279766364], [-93.1613658804171, 18.009839479265636], [-93.16153769034356, 18.0088727997909], [-93.16232784965293, 18.007829679829694], [-93.16070449015355, 18.00473925953857], [-93.16041144985488, 18.00434096898771], [-93.15975581976254, 18.004060089430013], [-93.15936575011841, 18.00407924963641], [-93.15884730982992, 18.00449028924937], [-93.15846997995149, 18.005065579642547], [-93.15851576960549, 18.005955079583483], [-93.16031257969712, 18.010512049241022], [-93.16003911037072, 18.01112188943099], [-93.15877930972884, 18.011380139032987], [-93.15694546019654, 18.011062629861687], [-93.15588697965887, 18.010572119871043], [-93.15494426042375, 18.00758627958661], [-93.1533057104797, 18.00607450913851], [-93.15274451995121, 18.00434102966488], [-93.15198385040706, 18.004221909814568], [-93.15169033995751, 18.002414339689], [-93.15005262959947, 18.001143859351135], [-93.1478294287772, 17.99761237021979], [-93.1457571096951, 17.99578808944942], [-93.14222874996014, 17.993720539056564], [-93.14170639955321, 17.992154819903597], [-93.14099063040388, 17.99149467954854], [-93.13816934989285, 17.99046091949711], [-93.13700114014858, 17.989425479824945], [-93.13634024947817, 17.986965429659463], [-93.13786788041601, 17.9859693392885], [-93.14033074982068, 17.984832859408396], [-93.14056614020424, 17.984186309598787], [-93.14009424959484, 17.983608019410102], [-93.13942672007158, 17.98350156963515], [-93.13745060018582, 17.984608629589584], [-93.1363034301956, 17.98462104916107], [-93.13592469028296, 17.984323599694804], [-93.13511588021949, 17.982860420259634], [-93.13566219964446, 17.98161617947196], [-93.13681281883328, 17.980725219971713], [-93.13618575000214, 17.979966629653795], [-93.13605560026323, 17.97917361928699], [-93.13567276976724, 17.97860122949159], [-93.13251364977592, 17.978331949113127], [-93.13187151001183, 17.977615149355454], [-93.13060319982957, 17.977685319488938], [-93.12980639956676, 17.978309769637562], [-93.12919048995929, 17.97851813918072], [-93.12784945042394, 17.978207059684223], [-93.12745043032326, 17.97765273982775], [-93.12687968016012, 17.975182819586802], [-93.12642425977745, 17.974178109850676], [-93.12553877953623, 17.97459239983601], [-93.12427646010777, 17.977083709833938], [-93.12366381988242, 17.97782379962072], [-93.12216046046554, 17.977961879357473], [-93.12022856677832, 17.977458287663595], [-93.1194917504241, 17.977010779589055], [-93.11849205988217, 17.975753489751156], [-93.11842724965214, 17.97451748957197], [-93.11766846036718, 17.972938649914077], [-93.11700175008053, 17.972844049304477], [-93.11526798043606, 17.97351881927658], [-93.11464393971754, 17.973557059399013], [-93.11424540028392, 17.972957579732274], [-93.11413939997266, 17.972549379625534], [-93.1144581504228, 17.971594419544807], [-93.11651894992687, 17.970176229064585], [-93.11670388999552, 17.96977271978088], [-93.1168358804769, 17.968919709241035], [-93.11619936962451, 17.96802101974692], [-93.1157229697155, 17.96794624944884], [-93.11238005976261, 17.969153109144415], [-93.1105940202647, 17.969503289147127], [-93.1095719096184, 17.97043362920673], [-93.10888030893177, 17.970734720485098], [-93.10804745982443, 17.970158819006798], [-93.10753412029463, 17.968900339164925], [-93.10669166040135, 17.967850319628695], [-93.10575090998147, 17.96739521931563], [-93.10477962007569, 17.967416169317435], [-93.1040490599861, 17.96798639940071], [-93.10383978025048, 17.968924569884432], [-93.10448929022165, 17.970249279192757], [-93.10474422028727, 17.97134731981048], [-93.10537852017661, 17.972208079110935], [-93.10743531863166, 17.973438600648407], [-93.10843676998766, 17.974363379582087], [-93.10856868960485, 17.974761719186233], [-93.10836285034209, 17.97579747919379], [-93.105873880399, 17.975848089715445], [-93.10357328019249, 17.97507764985575], [-93.10130676882949, 17.97384742121674], [-93.10050028023959, 17.973818139154737], [-93.09955260011148, 17.974237079634122], [-93.09808154973655, 17.97627621958486], [-93.097228649833, 17.976755579078326], [-93.09660383016681, 17.97685342949676], [-93.09607684985934, 17.976610709850792], [-93.09537724992563, 17.97553916902541], [-93.09515380031523, 17.974776199804282], [-93.09418937990137, 17.97439104901131], [-93.09320584973588, 17.974994979754634], [-93.09194059967669, 17.97706542924892], [-93.09106125038976, 17.977624939740554], [-93.08624105983792, 17.977398829740384], [-93.08568121987916, 17.980843259353225], [-93.08674452026422, 17.98137587910869], [-93.08649084991484, 17.98204908935406], [-93.08650164989844, 17.98280725953698], [-93.08544767967632, 17.98275782919887], [-93.08407256891304, 17.985171939211224], [-93.08340077942321, 17.9852331394103], [-93.0829812003011, 17.9857487096833], [-93.07921304962156, 17.986354519293354], [-93.07859550983468, 17.9882760190818], [-93.07762691031338, 17.989056259052525], [-93.0773483503813, 17.989750949341886], [-93.07545285000805, 17.988817369157456], [-93.07498821962815, 17.989421089269076], [-93.07419479997603, 17.989317969877238], [-93.07303338029767, 17.988563919383303], [-93.07208593984332, 17.988757549599743], [-93.07172017040202, 17.989362649485248], [-93.06839385957466, 17.990964519579915], [-93.06473961993652, 17.99036050950557], [-93.06383879970987, 17.99106245987673], [-93.06301462038287, 17.990829489253244], [-93.06225026030815, 17.99195845922566], [-93.06115841951443, 17.991386599867795], [-93.05933028955819, 17.991376399740286], [-93.05877840041863, 17.9906437390485], [-93.05837806031133, 17.990477309076905], [-93.05502842020107, 17.990580539309505], [-93.05441855002955, 17.991514849485664], [-93.0540563799974, 17.993578979694725], [-93.0532708603572, 17.994517919352898], [-93.05300213968296, 17.995331969606795], [-93.0538816502639, 17.996767909502836], [-93.05480194042967, 17.99678614942221], [-93.05503119965505, 17.996881819635124], [-93.0550194498627, 17.99720099908193], [-93.05579964989626, 17.99742901919189], [-93.0554814903598, 17.998055229129584], [-93.05483301975764, 17.99860811948914], [-93.05465416961115, 17.999428089085352], [-93.05501471020108, 18.000178739360724], [-93.05608461958342, 18.001049049420917], [-93.055962049967, 18.00198970988263], [-93.05550891993946, 18.002174799406802], [-93.0549138502963, 18.00204531917297], [-93.05307904971531, 18.004165749418462], [-93.05275992019736, 18.00537077985566], [-93.05279747981301, 18.013007769544373], [-93.05189697040902, 18.013780859728985], [-93.05054263030007, 18.014115109508204], [-93.05288268017647, 18.01814379955481], [-93.05081224981855, 18.018636139722684], [-93.04772957982911, 18.018493349308265], [-93.04502606038156, 18.018680949035744], [-93.04353835009373, 18.019142429298387], [-93.03853622971566, 18.02181496916721], [-93.03343177975022, 18.02409839953503], [-93.03045694993018, 18.026304219644803], [-93.0264144501821, 18.029846599805975], [-93.02310525858823, 18.03382065891551], [-93.0191700484703, 18.02611173975075], [-93.01976964809045, 18.048273918949082], [-93.01261830774274, 18.04711628899183], [-93.01099491825728, 18.047228509753023], [-93.01024205778961, 18.047975109625945], [-93.00358545839491, 18.04952250912429], [-92.99837681838197, 18.048690949075425], [-93.00002301819859, 18.04652182928198], [-92.98987021831805, 18.043508289301222], [-92.99047959797176, 18.04304210970525], [-92.99125713774451, 18.04176359891992], [-92.99358741791174, 18.040262199176887], [-92.9938822482555, 18.03899974934631], [-92.99433368792135, 18.038768138872207], [-92.9956972285199, 18.03880822915632], [-92.99280556810156, 18.034499799488383], [-92.98676414840799, 18.033869219241875], [-92.986533907738, 18.031362369161197], [-92.98615321783463, 18.030224019612895], [-92.98708664769153, 18.028542309671323], [-92.98668133819712, 18.02833561971044], [-92.9867305683747, 18.027535539738917], [-92.9872398784264, 18.027094309165303], [-92.98909694799111, 18.02700721892355], [-92.98896553768125, 18.025856199474763], [-92.98927693825931, 18.025402019677248], [-92.98949484828032, 18.023496979633112], [-92.98934448814332, 18.02269170960012], [-92.98858890846853, 18.02189661938479], [-92.98854127854277, 18.021458279030863], [-92.98886444833504, 18.020282619255386], [-92.98936653766559, 18.019939769094474], [-92.98788282781663, 18.017576849870146], [-92.98600317761193, 18.01642399905981], [-92.98503811740329, 18.01455160027454], [-92.98532468670969, 18.013999179733275], [-92.98570827759687, 18.013775288984974], [-92.98597096688647, 18.01305427944347], [-92.98669348731043, 18.012932280019406], [-92.98677711675806, 18.01265454963237], [-92.98614237668582, 18.011725309599097], [-92.98590047692576, 18.010916249330325], [-92.98439437715882, 18.011324489345743], [-92.98332627720589, 18.011057349740284], [-92.98310067672547, 18.01058185898061], [-92.98236148730943, 18.010455649180834], [-92.98223897681909, 18.00983902960728], [-92.98088881711111, 18.009914599633603], [-92.9806433372583, 18.00900373960785], [-92.98024531708542, 18.00931056891952], [-92.98041410730876, 18.009364309057645], [-92.98030436753238, 18.0096553190121], [-92.98002925719858, 18.00984170953674], [-92.979366856734, 18.008940998927184], [-92.97847021700464, 18.00920124930251], [-92.97825574756403, 18.009083969198127], [-92.97747530684529, 18.00825724911834], [-92.9773599775573, 18.00766310951362], [-92.9763957369388, 18.007595508910182], [-92.97596331744995, 18.00731886162201], [-92.97539648687304, 18.007524658852283], [-92.9753335667431, 18.00795778003395], [-92.97056687485566, 18.00774633938757], [-92.97051244190624, 18.008235922493814], [-92.96990631542583, 18.008535919645606], [-92.96360341745573, 18.010872150241195], [-92.96078827732772, 18.011631000437053], [-92.96101124694718, 18.011820550162035], [-92.96063354647862, 18.0122619499609], [-92.95961905674604, 18.012693309881605], [-92.95803061731533, 18.01227023143772], [-92.95788390737819, 18.012769179580058], [-92.95801285736468, 18.013023113049446], [-92.95769691740746, 18.01346345050145], [-92.95756577685036, 18.01442795069222], [-92.95507327742874, 18.01381178043241], [-92.95438331733251, 18.013867000559653], [-92.95485893754456, 18.01993581978702], [-92.95458122739825, 18.020959859849974], [-92.95355531762576, 18.021934820135325], [-92.95285664992441, 18.02204878100749], [-92.95027454181012, 18.021683091097213], [-92.94410427624474, 18.019141371527763], [-92.94358351028741, 18.01902154220071], [-92.94303487087953, 18.019301719665584], [-92.94289213112117, 18.02023819569948], [-92.94340067401897, 18.022185321345717], [-92.9433634209272, 18.024949340854], [-92.94312647008806, 18.02667026652613], [-92.94276808093451, 18.027446030660947], [-92.9433643286761, 18.0276842906964], [-92.94341727184802, 18.029776971051], [-92.94301154744409, 18.03671280018769], [-92.94221910119026, 18.036748458957366], [-92.94211562120404, 18.036575249639554], [-92.93856073679112, 18.037541059873927], [-92.93739965410819, 18.03632008167725], [-92.93819890016883, 18.03557329029975], [-92.9346026202236, 18.036084059639627], [-92.93359713443333, 18.036029649511356], [-92.93402039803816, 18.033808680260822], [-92.93378224512566, 18.033685572964313], [-92.93364801633466, 18.03299365837185], [-92.93315411259823, 18.033067601403868], [-92.9331547131566, 18.033324340295426], [-92.93278532038518, 18.033378628515827], [-92.93275126732601, 18.033577660025504], [-92.93208370142828, 18.033535090161816], [-92.93179171378908, 18.033759680185305], [-92.93111461324497, 18.034546911601392], [-92.93127788302166, 18.03510897012498], [-92.93079575922776, 18.03521637672559], [-92.92995053395657, 18.032586690925076], [-92.92923671225732, 18.031512566632205], [-92.92698294246254, 18.02908983415044], [-92.9267634573918, 18.026895520628713], [-92.9198904570411, 18.0276286513116], [-92.91984822856651, 18.028815969359556], [-92.92208216860054, 18.035410378979883], [-92.91771277841148, 18.03748836959096], [-92.91395714716123, 18.03368108099644], [-92.911917767175, 18.03459485088514], [-92.91106181805374, 18.034609031040702], [-92.91088924780244, 18.034976200302022], [-92.91091982727048, 18.036476181480932], [-92.91119393800362, 18.036909690717295], [-92.91205490780513, 18.037481629974412], [-92.91246265671288, 18.03849784980637], [-92.91132667664948, 18.040911830804745], [-92.91063988668161, 18.041852860590396], [-92.90954287739343, 18.042567019870013], [-92.908582507109, 18.042515090482286], [-92.90670668841153, 18.04187374084941], [-92.90626882743442, 18.042033460785646], [-92.90611907838294, 18.04294678079368], [-92.90637053707714, 18.04419615087511], [-92.90633959732082, 18.04658925108603], [-92.9037433972141, 18.046965021078073], [-92.90242259677036, 18.047506320216936], [-92.9017828173329, 18.04893654080416], [-92.90152804699551, 18.05112072060267], [-92.89964427819304, 18.052985800368486], [-92.89895950795913, 18.054509219939412], [-92.90082330777246, 18.056518089774595], [-92.90174982810811, 18.058254919895777], [-92.90246756780475, 18.06097125992087], [-92.90270384771213, 18.061041140144464], [-92.90345154806045, 18.061140181080763], [-92.90362825653538, 18.05955863223857], [-92.90523864708766, 18.05974294147964], [-92.90569141658398, 18.057084881688084], [-92.91463085829618, 18.058200748972265], [-92.91463633798223, 18.064400219735663], [-92.91439111840077, 18.06439824891115], [-92.91270053786586, 18.077758149037297], [-92.89436194684988, 18.07595691924857], [-92.89313327781493, 18.07866894000188], [-92.8933454878368, 18.079323490312404], [-92.89242937803195, 18.08054884988225], [-92.89237261800946, 18.081107849879512], [-92.89262084816947, 18.08136285008582], [-92.89263887828301, 18.082528030084788], [-92.89351265762357, 18.085413289819744], [-92.89254017763459, 18.087577420501244], [-92.89171957808749, 18.088832620115316], [-92.89204205776116, 18.089639370257505], [-92.89192245760543, 18.08990825019557], [-92.89225650840127, 18.090394630597395], [-92.89342096828375, 18.09067323042356], [-92.89403905845866, 18.091372830376436], [-92.89429690799241, 18.092109569812564], [-92.89436425826584, 18.09362400049629], [-92.89482319837008, 18.094676890425855], [-92.89447391834665, 18.095724510094445], [-92.89335633832002, 18.09747685004379], [-92.89329236770172, 18.09898305990922], [-92.89363128832613, 18.099458320634174], [-92.89539436849685, 18.100077940003615], [-92.89568887759096, 18.100680710472613], [-92.89544264816409, 18.10138662022463], [-92.89471044840484, 18.1019065705654], [-92.89179310787354, 18.102531080512133], [-92.89136316831289, 18.10313098020009], [-92.89080616817176, 18.10480314000722], [-92.88871199832516, 18.10694043051348], [-92.88867576848813, 18.10793345054993], [-92.88979994775153, 18.108903110294815], [-92.88982861782227, 18.10930063066407], [-92.88911231804067, 18.110643139913396], [-92.88845702786998, 18.11091752042832], [-92.88732876851363, 18.11185401981438], [-92.88581510852266, 18.112025050034084], [-92.88572191787058, 18.11226552031365], [-92.88563991738539, 18.11269359996173], [-92.88594556774838, 18.113269709815263], [-92.88719830747016, 18.114571090328834], [-92.88777305815037, 18.115699970275326], [-92.88991122800584, 18.117736570639988], [-92.89008530687353, 18.118456029936127], [-92.88879301676542, 18.12021359971201], [-92.88608022752962, 18.12191254026148], [-92.88495081682075, 18.12311014045561], [-92.8842476576463, 18.124933829934395], [-92.88410371799543, 18.12594256996272], [-92.88436476844728, 18.126459720353626], [-92.8841804575576, 18.126897200221876], [-92.88421774757293, 18.12819032056344], [-92.88459687712188, 18.129313280067635], [-92.88305659820765, 18.132614920203206], [-92.88160287774215, 18.134276970225507], [-92.88164962773645, 18.13542137988221], [-92.88265314811837, 18.137336480241927], [-92.8819024879078, 18.139549599954623], [-92.88240581758542, 18.142562220566766], [-92.88202068802624, 18.144201250589965], [-92.88203845767717, 18.1467264204708], [-92.88160197819806, 18.148591880189652], [-92.88096294785741, 18.14998488063527], [-92.87907776793197, 18.151603220125413], [-92.87702290763869, 18.151990220141354], [-92.87521802808016, 18.151870689978377], [-92.87383196835579, 18.15224874993683], [-92.87170267817427, 18.1539367801158], [-92.86954362817715, 18.154820020431163], [-92.86597394820747, 18.1558694304402], [-92.86435597790533, 18.158363180349067], [-92.86438788820296, 18.158930570587707], [-92.86473039832715, 18.15958043008089], [-92.86605896846925, 18.160082250619865], [-92.86735831784931, 18.161668800591904], [-92.86897870850541, 18.162590200282988], [-92.86926244781712, 18.163587180445823], [-92.87204336830216, 18.165001940600856], [-92.8722719177724, 18.166464089860977], [-92.8739429381409, 18.16798372020742], [-92.86806087793796, 18.168678910183875], [-92.86765881800773, 18.169440980344064], [-92.86678221866823, 18.17018463043383], [-92.86496661897527, 18.170873479965667], [-92.86465541861004, 18.17129874060383], [-92.87656911924401, 18.173320520493892], [-92.85056679931633, 18.19766585997359], [-92.84741967914744, 18.20116927984648], [-92.84739896925566, 18.201505710753903], [-92.8479357194185, 18.202109380165602], [-92.84918305853739, 18.201235260498635], [-92.84966933852928, 18.201636490638478], [-92.85105393883734, 18.20133376994264], [-92.8524633687847, 18.202239549956513], [-92.85363504906917, 18.20194137052065], [-92.85407325885163, 18.20234791018875], [-92.85403057854823, 18.202958350308975], [-92.85261811867103, 18.204451090415557], [-92.85261168909797, 18.20491895051693], [-92.8526776188941, 18.205484180552375], [-92.85365793852156, 18.206942080347513], [-92.85393499892173, 18.208041430699154], [-92.85345036918994, 18.208627770466563], [-92.8536942588772, 18.210922940597037], [-92.85341874911522, 18.21231085046664], [-92.85464701928794, 18.21547452074624], [-92.85477664867553, 18.216496490529185], [-92.8544592194361, 18.217238319948706], [-92.85365510901202, 18.217815939969835], [-92.85183290891848, 18.21736092047953], [-92.85121831912909, 18.217407650204944], [-92.84883024881064, 18.219033480385892], [-92.84342457882859, 18.224620580188763], [-92.8418298894036, 18.228627430099433], [-92.83850011943247, 18.230364490014377], [-92.83564231905184, 18.23262250987121], [-92.83267624896102, 18.23364249013595], [-92.83140982871637, 18.234333000612686], [-92.83055748931538, 18.235060880244202], [-92.82968105898347, 18.23642691000612], [-92.82979424909894, 18.23701136998058], [-92.83019493920118, 18.237400260070896], [-92.83191642946987, 18.237901720054136], [-92.83321402864914, 18.238643970039757], [-92.83399428930463, 18.23987805034213], [-92.83391105890382, 18.24137884983501], [-92.83259337938537, 18.243953620483826], [-92.83383856929538, 18.25046469047943], [-92.83440717930743, 18.250739550670914], [-92.83493785910694, 18.250734489991597], [-92.83846688909705, 18.250016719882566], [-92.8410975794018, 18.249952490385226], [-92.84421062918203, 18.25069406034747], [-92.84559213869701, 18.251321290702837], [-92.84480151861469, 18.252850310152766], [-92.84502108932477, 18.256044569941892], [-92.84547382861878, 18.25666668045492], [-92.84775622934858, 18.25772716991547], [-92.84861879941484, 18.25868675002754], [-92.84887247887956, 18.259534280257242], [-92.84907821892641, 18.26233432061471], [-92.84891833939066, 18.266182800474244], [-92.84849688857797, 18.26801051013105], [-92.84769639940764, 18.27012043013226], [-92.84621090866828, 18.272434800654448], [-92.84620648900936, 18.273419830059783], [-92.8473625191101, 18.27711141995149], [-92.84840248928613, 18.27941560067737], [-92.85142897919364, 18.284818630083166], [-92.85331165863035, 18.289883110551436], [-92.85439105900696, 18.291820970514372], [-92.85489371932968, 18.29251803023749], [-92.8564406887132, 18.29386102065792], [-92.85728705896034, 18.29431494017459], [-92.85805184856976, 18.294458550273657], [-92.86344776861336, 18.292820910185164], [-92.86434433881769, 18.292916080085124], [-92.86495361880787, 18.293637880097407], [-92.86501622918097, 18.294355449986597], [-92.86490291929074, 18.29577329013743], [-92.86392204904641, 18.29849989041057], [-92.8639162286383, 18.29968442047525], [-92.86416644919984, 18.300164800121745], [-92.86821014872807, 18.301822220704864], [-92.87210319864364, 18.304025120554527], [-92.87356165872755, 18.304127950251903], [-92.87547693784666, 18.30344135176295], [-92.87687447947316, 18.303808740117688], [-92.87741048888232, 18.304186419883745], [-92.87894728851707, 18.306099140702756], [-92.88145108857684, 18.307286599834427], [-92.8817005387595, 18.308114740151346], [-92.880412548645, 18.309828150426338], [-92.88031599884206, 18.311440599976994], [-92.88073174890893, 18.312215179842383], [-92.88216317869852, 18.31377877052503], [-92.88387793885066, 18.31707771004669], [-92.88473950914269, 18.31814717022], [-92.8865263792494, 18.31952078044044], [-92.88557103034654, 18.32081785980554], [-92.88558461965054, 18.322154369164533], [-92.88511531991229, 18.324878649093638], [-92.88522657985379, 18.32635068932662], [-92.88569481974557, 18.328226999327676], [-92.88569242988389, 18.329906889821398], [-92.8828903698763, 18.330854179161808], [-92.88167294953669, 18.33188448944693], [-92.87897108029061, 18.334942719786298], [-92.87831620032713, 18.3367287699081], [-92.87745464962539, 18.337946519379237], [-92.87646334982898, 18.338319419780596], [-92.87398048985446, 18.337889799556024], [-92.87347991987828, 18.338222939097335], [-92.87198095038777, 18.340756219266414], [-92.87071675006052, 18.34172357957979], [-92.86903109011477, 18.341809279469565], [-92.86263611985346, 18.337870459263772]]]}}, {"type": "Feature", "properties": {"CVEGEO": "27005", "CVE_ENT": "27", "NOMGEO": "Tabasco", "CVE_MUN": "005", "NOMMUN": "Comalcalco", "cov_": 1983, "cov_id": 1984}, "geometry": {"type": "Polygon", "coordinates": [[[-93.35427845991356, 18.428574259661804], [-93.35296795007702, 18.42816059960977], [-93.35206867969367, 18.427139339731774], [-93.35188808973304, 18.42610296952189], [-93.35246934965, 18.424678339552322], [-93.35251566029545, 18.423502279586224], [-93.3514265503961, 18.422135709647847], [-93.35072930964175, 18.421694279724637], [-93.34863905997412, 18.421132459704335], [-93.34618370980769, 18.420060889762766], [-93.34314210998258, 18.41735033954482], [-93.3416852302773, 18.41631105926436], [-93.34071097018376, 18.415883599125], [-93.33710734963712, 18.415258259401266], [-93.33659877966856, 18.415005399002094], [-93.33592870993833, 18.41441810929048], [-93.3351285501092, 18.41320284933472], [-93.33350376977896, 18.411885319797683], [-93.33167468012329, 18.41159787934537], [-93.3296249797395, 18.41183922913519], [-93.3269376303812, 18.411843859254464], [-93.32638375005915, 18.411976919105022], [-93.32530477002541, 18.41274497953858], [-93.32411382961217, 18.4129584197173], [-93.32199950961076, 18.41235996937746], [-93.32165214010236, 18.411340449461893], [-93.31979988019485, 18.40975081976924], [-93.31953302037151, 18.409244059092956], [-93.31924265968401, 18.40705968938887], [-93.3182696004583, 18.405797279111376], [-93.31634021997479, 18.40419408950301], [-93.31303387996317, 18.402362859672536], [-93.31063337979624, 18.400238709132402], [-93.31013083039332, 18.399444919715037], [-93.30983855045375, 18.399587279783642], [-93.30618991031685, 18.39275922984789], [-93.30595333996881, 18.391577549874768], [-93.3029626000013, 18.391168999579676], [-93.3011497999335, 18.391638169788386], [-93.3003873397651, 18.38955014900877], [-93.29999887972657, 18.389147248976226], [-93.29893707957852, 18.388805459684225], [-93.2977674601595, 18.389020799721617], [-93.29608933970042, 18.388739799342716], [-93.29551954994002, 18.387217779045102], [-93.29289975014079, 18.38382885968108], [-93.29372250953351, 18.383385779520665], [-93.29512321964661, 18.382174249703866], [-93.29562602045624, 18.38126521960727], [-93.29424968017453, 18.379337549241136], [-93.29373882976236, 18.378879218984057], [-93.29330851960904, 18.378778139359067], [-93.29296109005176, 18.379801419795722], [-93.29233959991704, 18.380272598990928], [-93.29071905029694, 18.380083549678705], [-93.29014355019179, 18.380315779060894], [-93.28853982979382, 18.37950456979739], [-93.28827716972825, 18.378383549110215], [-93.28851311962936, 18.377977029609976], [-93.29062828981891, 18.37526633938989], [-93.2928233200699, 18.373581629457195], [-93.2933879500613, 18.372343169003283], [-93.29327021960958, 18.371642679596604], [-93.29206848036804, 18.37118097979662], [-93.29001651967941, 18.371971749100673], [-93.28852609024685, 18.37190751932896], [-93.28777705006868, 18.372852799764367], [-93.28457365041308, 18.37145591953174], [-93.28406421955428, 18.371120029161105], [-93.28309596986679, 18.3699087197795], [-93.2830586496724, 18.368998319015393], [-93.28259184998558, 18.368138819572966], [-93.2863852600001, 18.365062649553227], [-93.28346862035261, 18.364581059861532], [-93.27930597030709, 18.357130949891534], [-93.28752348018074, 18.352566219648065], [-93.27991961958836, 18.34552087980986], [-93.285173680025, 18.337946179495628], [-93.2781190599766, 18.336992049676926], [-93.27892645999106, 18.325405249586805], [-93.27488582006029, 18.322146489460195], [-93.27562458017663, 18.31859637900349], [-93.27936923007125, 18.32108245930532], [-93.28090828968446, 18.318997139664695], [-93.28286133964379, 18.319437339809465], [-93.28647877955066, 18.318838169124266], [-93.28734325981868, 18.31823110966344], [-93.28922394025842, 18.315485999472546], [-93.29045364985699, 18.315032429279192], [-93.29189975013412, 18.31534845933234], [-93.2924659701024, 18.31577531905643], [-93.29263339993877, 18.31678908922469], [-93.2926175704344, 18.319530309654628], [-93.29316644966129, 18.320171479621887], [-93.2928710002739, 18.321309089087478], [-93.29300131042356, 18.32215893928586], [-93.29422925019931, 18.32268814955809], [-93.29601253969608, 18.323965549520796], [-93.29697338028646, 18.325689259511712], [-93.29697525041703, 18.3274473197214], [-93.3008310203083, 18.332194169346526], [-93.30257981974172, 18.33087870980468], [-93.3026762303588, 18.32952936939542], [-93.30314025050072, 18.328568779065513], [-93.30424968980836, 18.32841307940282], [-93.30510072009787, 18.328954779625253], [-93.30542368964481, 18.328937459268175], [-93.3057479095615, 18.328626419163808], [-93.30605654999037, 18.327291179645687], [-93.30678231043495, 18.326478539516888], [-93.30836073996053, 18.3236095995773], [-93.30854404978041, 18.322080259375404], [-93.30838993958673, 18.32149111926162], [-93.30879602978112, 18.321196369086447], [-93.30856915006233, 18.319557399205276], [-93.30784159969532, 18.317939579130275], [-93.30680841959514, 18.317297889823806], [-93.30423117993233, 18.319466949204934], [-93.30334157035017, 18.320661689900113], [-93.3018628496512, 18.321937169328386], [-93.29999792007644, 18.32216991988329], [-93.29894878027486, 18.321701399340963], [-93.29855949025816, 18.321269569905233], [-93.29754686038186, 18.317909109447204], [-93.29754404972027, 18.31623074901199], [-93.29897576994908, 18.313009379745736], [-93.29902650993847, 18.311784709299495], [-93.29854185028252, 18.309279769066713], [-93.29702337032673, 18.307530599817785], [-93.29709379998914, 18.30676051920031], [-93.29245475007937, 18.304776229279216], [-93.26682871040481, 18.306933779355766], [-93.27085048024415, 18.31563836941957], [-93.27202601981922, 18.319204509451346], [-93.27185151024037, 18.320052739629016], [-93.27139188975659, 18.319946199352962], [-93.27136632028179, 18.32080430912411], [-93.27102766001168, 18.32146034943065], [-93.26889202986126, 18.32213701913086], [-93.26784274039312, 18.322181649016017], [-93.26166497018389, 18.31989981977474], [-93.26091360009028, 18.318821059251455], [-93.25886831974371, 18.31809299934438], [-93.25571587986398, 18.31535584957231], [-93.25431457020309, 18.316853969619462], [-93.25398810983859, 18.31909210960823], [-93.24116516973304, 18.3187578193959], [-93.24041148047827, 18.32152621941805], [-93.23802482999889, 18.320783479453304], [-93.23002646018416, 18.31907633926105], [-93.2280358202327, 18.32218631963785], [-93.22377395033855, 18.32159851982638], [-93.22239380008475, 18.32363742905144], [-93.22560409044884, 18.326928179863042], [-93.22869625987552, 18.330560339503062], [-93.22481923037604, 18.331215919372124], [-93.2246474201109, 18.329979179811307], [-93.22033345013327, 18.33049570981484], [-93.2193384604296, 18.32716825924339], [-93.2183854001912, 18.32683776933705], [-93.21676044977832, 18.321883769198404], [-93.21420011029949, 18.32348596969008], [-93.21154443005817, 18.320415939832078], [-93.20547812033816, 18.323077779469838], [-93.20067781955339, 18.324050999085316], [-93.20056219989941, 18.32513044967888], [-93.19270473993207, 18.323919749672154], [-93.19261984997962, 18.324687800532004], [-93.181490229469, 18.32322613914739], [-93.18082434979368, 18.322638680227723], [-93.18094300036536, 18.320925709895967], [-93.18078694016567, 18.320433109637463], [-93.18042013954634, 18.320108969160817], [-93.17862362997278, 18.319827149487054], [-93.17396649021248, 18.320233519691552], [-93.17232589027803, 18.31953145964439], [-93.16865534010046, 18.316251599520857], [-93.16464160017395, 18.31141097946275], [-93.16301997026582, 18.3105387391766], [-93.16180808012619, 18.30944408924371], [-93.16083466026355, 18.307996539823268], [-93.15964586046456, 18.30535010946322], [-93.15858914014481, 18.304127859209558], [-93.15782562039736, 18.302169969626764], [-93.15606433966158, 18.30021504939621], [-93.15605813968935, 18.298690679269672], [-93.15670774981163, 18.296309569269248], [-93.15714391027268, 18.295258679680593], [-93.15811736996208, 18.29407247960034], [-93.15830564989693, 18.29342857936512], [-93.15775287963132, 18.291814749332094], [-93.15684757002296, 18.290557369405285], [-93.15694120012537, 18.29040501912396], [-93.15546986045727, 18.287843519669703], [-93.15400434954523, 18.284670569832418], [-93.15241182031662, 18.28401959911798], [-93.14888211993774, 18.28142476899245], [-93.14294637018969, 18.277876379137542], [-93.14433070952354, 18.27742344973297], [-93.14380654980826, 18.27707988952706], [-93.13779703025679, 18.27672602944565], [-93.1375414498823, 18.276402059172177], [-93.13835865991938, 18.275575659423154], [-93.13880465017178, 18.274208579376133], [-93.1305756795588, 18.271573339809354], [-93.12983311965034, 18.27178431939768], [-93.1298139797509, 18.272400949301172], [-93.12929182018374, 18.272658019047075], [-93.12884231035635, 18.273350679110077], [-93.12824664965773, 18.273598249613986], [-93.12759419997744, 18.27351939984074], [-93.12766522988936, 18.272973049672746], [-93.12625006017005, 18.27283004955434], [-93.12575103023886, 18.272386289887415], [-93.12514690987153, 18.27316637945737], [-93.12459162979937, 18.273345949391224], [-93.12476317972619, 18.27391228930648], [-93.1246611804283, 18.274947549819345], [-93.12394388016305, 18.275160309079755], [-93.12426515032708, 18.275764519869], [-93.12411863041875, 18.275966249778982], [-93.12305288027353, 18.275873979336765], [-93.12324208968401, 18.27484417922733], [-93.12248618011624, 18.274295399628276], [-93.12245290960935, 18.27360296944539], [-93.12127921973563, 18.272682969177964], [-93.12028445044456, 18.272362379686214], [-93.119365980474, 18.273117979340032], [-93.11793803043807, 18.273607579621068], [-93.11767753982299, 18.274157919687074], [-93.11683367966543, 18.274707139160085], [-93.11608860003456, 18.27556508960833], [-93.11512420011593, 18.275324229035228], [-93.11427545981482, 18.275658059093868], [-93.11393735038406, 18.27492950949577], [-93.11314490987466, 18.2747555396046], [-93.11261838024461, 18.274834969252954], [-93.11221539957413, 18.27528530904669], [-93.11187905047038, 18.27533007902566], [-93.11031048975859, 18.274579109747727], [-93.10799037005513, 18.262889249417203], [-93.09568254019554, 18.26146348965616], [-93.09558821977055, 18.260051579127516], [-93.09947128979132, 18.247412149688945], [-93.09917303042914, 18.24679087946411], [-93.10058562984959, 18.24527365967315], [-93.10143902973506, 18.24595711918644], [-93.1032832798417, 18.246146399309513], [-93.10535394961033, 18.23488184972774], [-93.10903300021994, 18.235463349680728], [-93.11000559989826, 18.236410089073676], [-93.11107865020014, 18.236063509684204], [-93.11204170977923, 18.23634104927538], [-93.11261645962341, 18.235649219655315], [-93.11483808008663, 18.23428059967274], [-93.11487805961511, 18.233164310386158], [-93.12404088001857, 18.227650849262616], [-93.1243634603267, 18.226856489142286], [-93.12422074005254, 18.225381019796636], [-93.12721817961376, 18.219622029767915], [-93.13127177015537, 18.214137449497855], [-93.1354536902735, 18.221545659092843], [-93.13709151977157, 18.22401765941573], [-93.13874182976733, 18.225127689714242], [-93.14265700008447, 18.22843477945867], [-93.14338534028323, 18.227771369339532], [-93.14360857043847, 18.225975539899622], [-93.14283678018452, 18.22585390989906], [-93.1423166496218, 18.22391244984131], [-93.14622108972863, 18.222945579616564], [-93.14679524981123, 18.221624819781844], [-93.15706719971072, 18.22025830918123], [-93.15685047966443, 18.215538709548753], [-93.16327506007873, 18.21468834957102], [-93.16529591984344, 18.219095179870575], [-93.1621162800363, 18.21954454904348], [-93.15895955044427, 18.22600467919217], [-93.16157057952717, 18.22578353950034], [-93.16326476991279, 18.22529241982448], [-93.16368776970283, 18.22550831986442], [-93.16489873985759, 18.227080479723256], [-93.16576570992197, 18.227434998984798], [-93.16632568987625, 18.22739985934006], [-93.16687420012215, 18.22720550981567], [-93.16714611967143, 18.226839029786827], [-93.16757424983099, 18.224357829309337], [-93.16814171009088, 18.22427377983819], [-93.16829917030658, 18.223855429770214], [-93.16862694049172, 18.224092799109034], [-93.16879438047913, 18.224699889398977], [-93.16903501959297, 18.226628619850306], [-93.1714316002899, 18.225723229094587], [-93.17135897005127, 18.225555249507693], [-93.17227694959286, 18.2250645394187], [-93.17269543001912, 18.224271739198944], [-93.1732501199391, 18.223778079385404], [-93.17343181999645, 18.22264584964528], [-93.17407168034256, 18.22184504939893], [-93.17648694035587, 18.220562509093867], [-93.17740403040254, 18.218946249562592], [-93.17688934966257, 18.218384229249803], [-93.17836049004342, 18.217888629519084], [-93.17847640018735, 18.21724004907733], [-93.1796605097465, 18.215493969686698], [-93.18243789036606, 18.212893969390706], [-93.18462477969712, 18.211513479790437], [-93.18612334967696, 18.212164049326546], [-93.18769506019537, 18.212008769599432], [-93.18843621982434, 18.211649479489132], [-93.18924477033431, 18.211932149745795], [-93.1902887199239, 18.207757199393004], [-93.19619371043103, 18.208313279350378], [-93.19355597029262, 18.197418049681037], [-93.1942427095964, 18.197265399021045], [-93.1959930201883, 18.195959109542667], [-93.1980648500381, 18.19580533945259], [-93.19741592037848, 18.194933279570723], [-93.19746885984544, 18.19446599906859], [-93.1994333198049, 18.190878489032755], [-93.20390194995883, 18.18839250960938], [-93.2056228303078, 18.186633489345773], [-93.20657924999071, 18.18634011927894], [-93.20704119959917, 18.185928479503737], [-93.20734942978514, 18.18478736914127], [-93.20912100019962, 18.18283144930069], [-93.20937548015878, 18.181281709027374], [-93.21018601992193, 18.179990309605476], [-93.21048834003635, 18.179786489672974], [-93.21116941955964, 18.179854169335957], [-93.21242214003769, 18.17838428918494], [-93.21235317963071, 18.17627730899024], [-93.21209882977543, 18.17551465942242], [-93.21160021957863, 18.17527368961108], [-93.21145650960229, 18.17476622954644], [-93.21245286014158, 18.1741857990674], [-93.21317322978872, 18.173112349858254], [-93.21444500005677, 18.168917459307302], [-93.21543265988512, 18.16840999983666], [-93.21775286012107, 18.168487119519234], [-93.21809742010929, 18.169011259792814], [-93.21793909007323, 18.17076485975994], [-93.21811267968367, 18.17162505963965], [-93.2185182202078, 18.171682829032786], [-93.21948671994335, 18.17135010944232], [-93.2225404795348, 18.16795884969924], [-93.22459128028227, 18.16430927966187], [-93.22554362996206, 18.163202619450388], [-93.2256106204411, 18.16110881928288], [-93.22586602038533, 18.160586369481138], [-93.23319924953984, 18.154176379431487], [-93.23364814963251, 18.152181629727117], [-93.2345961800897, 18.151237689039164], [-93.23522633953225, 18.15192148951136], [-93.23731137982635, 18.152756799056338], [-93.24198665008196, 18.157830149829433], [-93.24333371977592, 18.156488049739664], [-93.24487156972533, 18.16009891944448], [-93.24524030972943, 18.15988516973929], [-93.24577004961998, 18.16105691961199], [-93.2459353697249, 18.16098193906388], [-93.24640641973293, 18.161567819835348], [-93.24628444976155, 18.161665169161004], [-93.24701951985605, 18.162403859149865], [-93.24717755022269, 18.16230474973993], [-93.24752117966489, 18.16259481942921], [-93.25077470952968, 18.165743420281967], [-93.25389685917064, 18.169331909877414], [-93.25700470898512, 18.16850550902268], [-93.25906885999903, 18.167701979030944], [-93.26089665889594, 18.1668102495587], [-93.26257101941695, 18.165671689247997], [-93.26349113936593, 18.164386819735302], [-93.26416511945692, 18.161554399327926], [-93.26562561939691, 18.15876595004766], [-93.27633645044605, 18.172595909628157], [-93.27314502983326, 18.177215219683887], [-93.27259183031238, 18.178334259743004], [-93.27260142017336, 18.179001879889718], [-93.27365285962867, 18.18103470916711], [-93.27823987873322, 18.179351549487702], [-93.27965817048552, 18.182598979097076], [-93.28093111040597, 18.184153889183133], [-93.28210442020736, 18.181064109154132], [-93.28244725043179, 18.18105481941167], [-93.28591049021466, 18.185746649541095], [-93.28821921989886, 18.18509899908587], [-93.29396662963978, 18.18594734983133], [-93.3157238796517, 18.170619539171334], [-93.31292079962222, 18.182243829301335], [-93.32026797961318, 18.184456320264346], [-93.31853517006466, 18.192394380166345], [-93.31754011878961, 18.19537360025733], [-93.31770926012739, 18.196602149735227], [-93.31537856866223, 18.19767688964394], [-93.31969865030116, 18.203425649557857], [-93.32244752021617, 18.207811799540472], [-93.32317825007542, 18.215769309399427], [-93.3337964804298, 18.22577594949373], [-93.33855624924536, 18.223677149015728], [-93.33881782956985, 18.219324399526236], [-93.33938026041355, 18.218089399676707], [-93.34017074963973, 18.21732974950849], [-93.34078346042064, 18.21711019971687], [-93.34097552036535, 18.21686808964415], [-93.34086303026456, 18.216754909862107], [-93.34174266033162, 18.216076139649804], [-93.34561065012258, 18.214606539306903], [-93.34596602979323, 18.21388965946658], [-93.34658061992522, 18.213274339788825], [-93.34673472033884, 18.21270519959677], [-93.34749939978911, 18.212107949119993], [-93.34808365983135, 18.211141849875386], [-93.34872691006352, 18.209067089881014], [-93.34946042019935, 18.207697119274666], [-93.34971591004961, 18.205054249193743], [-93.35069988047009, 18.203635939029137], [-93.35194044997493, 18.203142999741402], [-93.3531389204408, 18.203129029920056], [-93.35351297016474, 18.20292544934258], [-93.35562788046511, 18.20083751912334], [-93.35555628028735, 18.199040349463626], [-93.35717485967064, 18.19847087937879], [-93.36489896962705, 18.199110459818574], [-93.37041518394338, 18.194854088934846], [-93.37203129031808, 18.193992770358935], [-93.37252632293225, 18.191813675754634], [-93.37376221931925, 18.19064170990611], [-93.37384431719273, 18.189446780149478], [-93.37418670911946, 18.18943647982046], [-93.3742575393131, 18.18914054022904], [-93.37391714956418, 18.18915068949547], [-93.37377171793577, 18.1885589693165], [-93.37392389295621, 18.187673230371786], [-93.37356205803758, 18.1868300583572], [-93.3734993987722, 18.18604314010782], [-93.37459354745184, 18.18487993632212], [-93.37149587938806, 18.181526379383595], [-93.3723959095321, 18.180345369777566], [-93.37537422026239, 18.18211231949712], [-93.37880419907343, 18.17872359989331], [-93.37985642888839, 18.179146199486212], [-93.37981899893587, 18.177524860051438], [-93.3796159482514, 18.177374479314626], [-93.37990089012501, 18.174669859351514], [-93.39703622962278, 18.15200250897649], [-93.4083509496082, 18.154768539305884], [-93.40898247951675, 18.15696247968809], [-93.41268985030808, 18.158789719452976], [-93.41205513976296, 18.161472429869708], [-93.41084580034236, 18.162402659507347], [-93.41033004987105, 18.165208489196214], [-93.41164388006882, 18.165425169427266], [-93.41072660046177, 18.16902034909753], [-93.41226925015027, 18.169953679817038], [-93.41243782040497, 18.170385319246776], [-93.4138814601749, 18.170348049558225], [-93.41509465964437, 18.17072244964739], [-93.4163399798651, 18.171769379836977], [-93.4206431199819, 18.167560859649356], [-93.42108118024535, 18.17273990970044], [-93.42117103033124, 18.189796719241688], [-93.42100320004054, 18.190829509466145], [-93.42304654014687, 18.190718849051414], [-93.42433054037133, 18.190343449692644], [-93.42651717990836, 18.188957399296438], [-93.4302352198815, 18.18755394927882], [-93.43362344992656, 18.1853582796961], [-93.43721584993315, 18.18469827971862], [-93.43878742989021, 18.18467957931811], [-93.4399639099864, 18.184168919307538], [-93.43941182996784, 18.185919649610458], [-93.4395480901898, 18.18648576951731], [-93.4402757801728, 18.18643642961224], [-93.4432753695906, 18.18855476970615], [-93.44580314030195, 18.190738379842813], [-93.44855606006766, 18.19256937973037], [-93.44843998041955, 18.193011459878583], [-93.44891334963495, 18.19318861955848], [-93.45061371979477, 18.193011569261987], [-93.45041211016601, 18.193615089794626], [-93.45179757038318, 18.194463059037197], [-93.45147487990184, 18.195325909326467], [-93.45257830983604, 18.196391228983142], [-93.44990123021091, 18.194956649678236], [-93.44956382987992, 18.196066579038], [-93.44822635002538, 18.19594694923058], [-93.44817251046724, 18.19647699910027], [-93.4490186502117, 18.19655247986839], [-93.4488602002857, 18.197796949530453], [-93.44965902011425, 18.197862679359112], [-93.44971408021587, 18.198322519433315], [-93.44878299995442, 18.198255429601804], [-93.44811518047185, 18.201116479513757], [-93.45430718040093, 18.20118079937713], [-93.45434995032667, 18.201023599651244], [-93.45477548973572, 18.201142849258147], [-93.455285309689, 18.200951659330197], [-93.45615586043907, 18.201277569574255], [-93.45675074985719, 18.200833689277548], [-93.45697158041851, 18.201032079903406], [-93.45755767999347, 18.20055828986113], [-93.45755570997018, 18.200252399086725], [-93.45826114967528, 18.2009317993478], [-93.45836811033763, 18.200814629477346], [-93.45870014966896, 18.201094749657813], [-93.45893251989123, 18.200875849497105], [-93.45943642011981, 18.201345519794902], [-93.46036278045723, 18.19979444967175], [-93.46119528043076, 18.200239179779], [-93.4620525996032, 18.19903241984072], [-93.46393148953149, 18.200336919774216], [-93.46412066045346, 18.19985977927254], [-93.46448384977494, 18.200079059443368], [-93.46436905007496, 18.200286219807346], [-93.46481399971393, 18.200619689356092], [-93.46490464976841, 18.201420679600105], [-93.46480446004355, 18.20174573981772], [-93.46446865973991, 18.201734949346044], [-93.46404903012126, 18.202336579899203], [-93.46440054967401, 18.20305844972908], [-93.4648697704141, 18.202601279353207], [-93.46549111965345, 18.204434619838693], [-93.46739831994468, 18.207552969120663], [-93.46851093954423, 18.20641401983601], [-93.47202098012555, 18.204006939499028], [-93.47299325016226, 18.204960019712438], [-93.47540415041179, 18.206014999204577], [-93.47588408955646, 18.206650999155627], [-93.47561997970843, 18.208256909046156], [-93.47879717034029, 18.211007819493314], [-93.47718934040543, 18.212557629848163], [-93.47472816999903, 18.213705119404153], [-93.47505562042225, 18.21442331911237], [-93.47283687987895, 18.216267179062147], [-93.4719547704829, 18.217720349120988], [-93.4718352801418, 18.220055679434527], [-93.47326436967073, 18.221848739667156], [-93.4765990846891, 18.22534350950736], [-93.47494311969541, 18.227124979571325], [-93.47195497972686, 18.22917053969722], [-93.46929511046267, 18.23320234914304], [-93.46990192028093, 18.233411619660828], [-93.47071083044182, 18.23450721908613], [-93.47168686029187, 18.235212939693657], [-93.47470073968903, 18.236137509104996], [-93.47534790996615, 18.23654073935075], [-93.47654791002797, 18.23830428982269], [-93.47920091956358, 18.240239919734716], [-93.48015301967743, 18.24132245922222], [-93.4818828501817, 18.242753519009273], [-93.48338689018723, 18.24531373972982], [-93.48413127962884, 18.24697777981331], [-93.47964568029336, 18.247061659348727], [-93.48289412010502, 18.257363479061297], [-93.48526726003857, 18.26138941901124], [-93.47981271999885, 18.263722659455624], [-93.47447081955448, 18.26313225942074], [-93.47211817973135, 18.27794216964382], [-93.47532804967825, 18.277785859725917], [-93.47577662034699, 18.281471569550337], [-93.47738611042102, 18.282924549254165], [-93.47960077982849, 18.28247468982464], [-93.48185051011632, 18.28390774905342], [-93.48286926003763, 18.287002079730286], [-93.48522151041082, 18.28748624964331], [-93.4836229695668, 18.300599679337694], [-93.48415237989305, 18.30075877907476], [-93.48570631995159, 18.30712748916074], [-93.48881929039617, 18.30772473901893], [-93.49203654042418, 18.311851119753705], [-93.49777011996774, 18.309026259765567], [-93.49804815007695, 18.312070089383436], [-93.50248103015147, 18.319150429653646], [-93.50754952005794, 18.32785633959519], [-93.50862384965183, 18.32729136969257], [-93.50893648013086, 18.329227799247857], [-93.50780285990973, 18.329689019781142], [-93.5106824504755, 18.336460149371987], [-93.51740108048388, 18.33381422925172], [-93.51896458015224, 18.337548079225556], [-93.52079090962685, 18.337342859026716], [-93.52194451955133, 18.343248569267807], [-93.5236770495137, 18.343136719711943], [-93.52814088990233, 18.343372689842994], [-93.52855628973708, 18.344263579477857], [-93.52842033977781, 18.346525378981966], [-93.52673102967674, 18.347627819779245], [-93.518460480248, 18.380412399695185], [-93.5214369203612, 18.38086882905317], [-93.5119869500468, 18.384902319408912], [-93.51099834041712, 18.384836659338724], [-93.50157502965897, 18.39253024930624], [-93.49912865956401, 18.399640689330976], [-93.50051200005167, 18.400901309011072], [-93.49845245983083, 18.40526013904956], [-93.49828574988808, 18.406300489180865], [-93.49301265991382, 18.410000349711606], [-93.48982128971736, 18.409252659750027], [-93.47651901954514, 18.401540139569885], [-93.47301168008183, 18.392089799567398], [-93.4667112898095, 18.3885418797206], [-93.46229265981124, 18.384648279111182], [-93.46193983017676, 18.38402208912352], [-93.4608161702958, 18.382986119797163], [-93.45999544974369, 18.382505909523935], [-93.43605128018382, 18.395815539854766], [-93.43608068002008, 18.396588719567415], [-93.43501751996055, 18.397006059760265], [-93.43490792041177, 18.397431139495954], [-93.43525058014718, 18.39796810974751], [-93.43561381990095, 18.39797821964087], [-93.43634214037698, 18.397432049864772], [-93.4363909401568, 18.397587819728155], [-93.4358866899823, 18.3980319397867], [-93.43582814006214, 18.398464059439284], [-93.43507301993293, 18.398963199813878], [-93.43441483041197, 18.40048805909532], [-93.43481728956351, 18.400940249500632], [-93.43518974027074, 18.400644659774517], [-93.43540540014469, 18.401017279174383], [-93.43519645983812, 18.401731029234732], [-93.43613515046131, 18.402260419042566], [-93.43588099993617, 18.402756679820254], [-93.43610004956302, 18.403110719244836], [-93.43584191966296, 18.403415429486905], [-93.43725817958767, 18.40425691910827], [-93.43739991010604, 18.40476285986388], [-93.4372391101605, 18.405411119034678], [-93.4379023796402, 18.405846229303638], [-93.43792137964856, 18.40646910934891], [-93.4375297096102, 18.406925739620153], [-93.43751169024073, 18.407389969162068], [-93.43784122976436, 18.40785144960391], [-93.43706838031338, 18.408680909040243], [-93.43720068980947, 18.408998399039728], [-93.43704914000399, 18.40918551939824], [-93.43732976976902, 18.409547459662825], [-93.43697362989455, 18.41024805936359], [-93.43745894025088, 18.410405769484182], [-93.43811974981564, 18.409682649856528], [-93.43843297048163, 18.409901549240534], [-93.43961988004959, 18.40980147983096], [-93.44022355042159, 18.410017109619186], [-93.43980294038045, 18.41047976969337], [-93.43981381980007, 18.411231019721907], [-93.43871701993463, 18.412176519084873], [-93.43767248981396, 18.412080659248705], [-93.43712863034217, 18.411375139902507], [-93.43629465006401, 18.411942819623558], [-93.43613857997359, 18.4124602893278], [-93.43631365953475, 18.412553229797055], [-93.43588393992403, 18.412838378993776], [-93.43583503036763, 18.413130569057632], [-93.4361428799361, 18.41376136963667], [-93.43513724998337, 18.4141108594158], [-93.43570957998743, 18.414778249121916], [-93.43573792035376, 18.415086879023338], [-93.43530511041948, 18.41471327962202], [-93.43508771036483, 18.414726459510216], [-93.43488905015883, 18.415133179167587], [-93.43436245006913, 18.414786089381835], [-93.43369482972462, 18.415579399060785], [-93.43359165012848, 18.416485139320365], [-93.43323375011711, 18.41695131925133], [-93.43409912011671, 18.41769553904261], [-93.43392689031943, 18.418176509721306], [-93.43360974989933, 18.418338629462518], [-93.43360703019601, 18.419208289119815], [-93.43384124960785, 18.419323979808915], [-93.43412060043978, 18.41917688969111], [-93.43458928029399, 18.419812919778703], [-93.4359536802708, 18.419529509867473], [-93.43673741972225, 18.419948339468363], [-93.44047366007675, 18.419139749153803], [-93.44231282047755, 18.41714257935983], [-93.44268950975892, 18.417376719868596], [-93.44299629039764, 18.417161859190056], [-93.44331353976855, 18.41723574955165], [-93.44412337963007, 18.4157940892814], [-93.44400975031685, 18.41544642955093], [-93.44436890959638, 18.414957309638915], [-93.44441463007482, 18.414508349461293], [-93.44473130986331, 18.414296049719475], [-93.44514757010424, 18.41445421978209], [-93.44522837997923, 18.41392117913274], [-93.44494384973355, 18.41330439915965], [-93.4450887801887, 18.413177969266894], [-93.44568240035218, 18.41324585915349], [-93.44622172044137, 18.413582569022868], [-93.44634620013235, 18.413296139786265], [-93.44743831018374, 18.41355857961043], [-93.44759526002895, 18.41385225967162], [-93.44818544984801, 18.414143139785395], [-93.44793624971918, 18.414828259029793], [-93.44815148032, 18.416212999375414], [-93.44810158034547, 18.41654204951077], [-93.44706197002641, 18.4170460593505], [-93.44725519958052, 18.41730014900643], [-93.44686069007716, 18.41753341912878], [-93.44694281990634, 18.417767059340573], [-93.4460400799894, 18.41803722971682], [-93.44573777008462, 18.417570889798633], [-93.44506809045916, 18.417880819032792], [-93.44500206025604, 18.41864481905731], [-93.44446102973853, 18.418852969016676], [-93.44352581959649, 18.41981525908336], [-93.44309281960535, 18.419518479524474], [-93.44278608997435, 18.419631049620364], [-93.44210263018692, 18.419089229692407], [-93.43806335034766, 18.42010559917195], [-93.43839228017895, 18.420327519689874], [-93.437243379565, 18.421014459669095], [-93.43607980039697, 18.42050756932195], [-93.43493068981441, 18.42078928899781], [-93.43464885032826, 18.420999719557255], [-93.43509028980377, 18.421175599379502], [-93.43478438013732, 18.421713149039775], [-93.43448039960855, 18.421624349560624], [-93.43438137028073, 18.421302689760978], [-93.43359914042902, 18.421178289088306], [-93.43129968988292, 18.42157216907204], [-93.43080317043524, 18.422698149634368], [-93.43113080027538, 18.423213539609993], [-93.4318660901676, 18.42577070914891], [-93.43235699959423, 18.426194079013566], [-93.43233954996853, 18.42712334964251], [-93.43187969008451, 18.426815179645065], [-93.43096220033374, 18.4270885195606], [-93.4303863502582, 18.426613259415124], [-93.4286953797996, 18.426094749310476], [-93.42840674007437, 18.42638825956007], [-93.4285756197787, 18.42688977940181], [-93.42812632012908, 18.427617849839432], [-93.42826318009436, 18.427939719003078], [-93.42783455009862, 18.428003889851727], [-93.42764777956208, 18.427741349008535], [-93.42691382963953, 18.427917749628826], [-93.42669589018271, 18.42760633933522], [-93.42704418037934, 18.42684705906553], [-93.42749705039735, 18.426659949864444], [-93.42783773971668, 18.426181819629747], [-93.42809546032274, 18.425607379439153], [-93.42802250996712, 18.425188889358463], [-93.42770231019578, 18.425031259403667], [-93.4269413997162, 18.425610919828827], [-93.4266197203752, 18.42529681937844], [-93.4261314001328, 18.42533134969183], [-93.42467020043415, 18.42488244928927], [-93.42338531994463, 18.42762501947008], [-93.4231620598916, 18.42749561904537], [-93.42414655032796, 18.42498467926598], [-93.42402498004944, 18.424092749761247], [-93.42520988032831, 18.42350154973482], [-93.42556022031049, 18.42408905911421], [-93.42668379962764, 18.42475630906543], [-93.42694943023555, 18.4223625098926], [-93.42615199974642, 18.421236249284203], [-93.42484314968513, 18.420376479416326], [-93.42215991022913, 18.419295579606977], [-93.42009182042696, 18.420115889801814], [-93.42045716982857, 18.419249249135188], [-93.42025862028021, 18.418912089800127], [-93.41843288013654, 18.41854767926479], [-93.41699582029847, 18.418616139064994], [-93.41605804972555, 18.41766827922923], [-93.41429674994549, 18.41739267948193], [-93.41329599999042, 18.416676629226256], [-93.41294757991082, 18.41691667908949], [-93.41133607961194, 18.416920719619306], [-93.41010650988171, 18.417595339819986], [-93.40891939969408, 18.41777061978876], [-93.40633310975598, 18.4193592798616], [-93.40573374984427, 18.419370278992954], [-93.40526701980632, 18.420175859148486], [-93.40438607968467, 18.420311459370797], [-93.4041835095809, 18.420900089345576], [-93.40371917026383, 18.42122794947171], [-93.40333813961406, 18.421236919105652], [-93.40310211005648, 18.421540579614607], [-93.40257066019738, 18.421515889227578], [-93.40263071023924, 18.421879939963002], [-93.403184919717, 18.42245425045206], [-93.40169456922885, 18.422417939988318], [-93.40173630867878, 18.42326368014775], [-93.4012868191269, 18.423065089621492], [-93.40092130930931, 18.423373879395335], [-93.40021988041009, 18.42339797003387], [-93.39957094962973, 18.422875569311042], [-93.39944941993612, 18.42253677922862], [-93.39875174042736, 18.422433509829958], [-93.39802947947973, 18.423018349507576], [-93.39795882961704, 18.423882889951646], [-93.39764684948939, 18.4240076296216], [-93.39716004939133, 18.42359501962594], [-93.39655350930337, 18.423910651467406], [-93.39605014937756, 18.423820689380786], [-93.3954544794147, 18.424094399094376], [-93.39464557992547, 18.42362556955438], [-93.39438557863711, 18.423758060166612], [-93.39364639955599, 18.423583030620563], [-93.39371453907387, 18.42419658002356], [-93.39348511884778, 18.424200749991446], [-93.39232300001245, 18.42357428966559], [-93.39206331903662, 18.423729290014144], [-93.391292999647, 18.42367179921543], [-93.39075973908017, 18.424224739579547], [-93.39009782955391, 18.423805879918557], [-93.38897170933434, 18.42430448906825], [-93.38852342866957, 18.42406271917668], [-93.38659665008446, 18.42407202011017], [-93.38516007920184, 18.42350282041117], [-93.38475754022566, 18.423814660803426], [-93.38411086011888, 18.4236915504337], [-93.3838109492851, 18.424109650188495], [-93.38339424962106, 18.42421539969207], [-93.38310088852371, 18.42376458030635], [-93.38153264861694, 18.424334120637393], [-93.38094542014873, 18.424162049248473], [-93.38046472016215, 18.424337969397346], [-93.37993929031228, 18.424178769314437], [-93.38199596990857, 18.423772149052585], [-93.38213920030802, 18.423253309424684], [-93.38159594004601, 18.423104379827176], [-93.38110991014844, 18.42322134940997], [-93.38148768971678, 18.42283737914183], [-93.38114895016481, 18.422319049586733], [-93.3807817096263, 18.422334719845278], [-93.38034277978277, 18.422781749102267], [-93.37973589019897, 18.421732079436705], [-93.38019247982511, 18.42136267942737], [-93.38076621967062, 18.42159848905445], [-93.38221742952908, 18.421371579770742], [-93.38231970988798, 18.421198889505362], [-93.38208645026147, 18.420946799727755], [-93.38126172036753, 18.421033449150716], [-93.38085359959507, 18.420756309011203], [-93.38027885032366, 18.420873089124967], [-93.37990917976322, 18.420461229641973], [-93.37891713959783, 18.420081619392064], [-93.37768033985006, 18.42080919941611], [-93.37717674015657, 18.420806419352736], [-93.37681500027412, 18.42113290936369], [-93.37573714044227, 18.421234979275088], [-93.37535922969029, 18.419955279783697], [-93.37188025019873, 18.420151969696292], [-93.3698120597163, 18.42314911953569], [-93.36837285009041, 18.42421225948069], [-93.36729962016467, 18.42453659909109], [-93.36512551959136, 18.42468182922822], [-93.36345630997198, 18.42437757960974], [-93.36215154982439, 18.423789349017323], [-93.36040042958979, 18.42338296921621], [-93.35881165994105, 18.423561419407044], [-93.3584312601453, 18.423787689614336], [-93.35759503004635, 18.425202799568996], [-93.35744023007753, 18.426885629063776], [-93.35711783005287, 18.427735449090996], [-93.35596594965307, 18.42855561936597], [-93.35427845991356, 18.428574259661804]]]}}, {"type": "Feature", "properties": {"CVEGEO": "27006", "CVE_ENT": "27", "NOMGEO": "Tabasco", "CVE_MUN": "006", "NOMMUN": "Cunduacán", "cov_": 1982, "cov_id": 1983}, "geometry": {"type": "Polygon", "coordinates": [[[-93.3337964804298, 18.22577594949373], [-93.32317825007542, 18.215769309399427], [-93.32244752021617, 18.207811799540472], [-93.31969865030116, 18.203425649557857], [-93.31537856866223, 18.19767688964394], [-93.31770926012739, 18.196602149735227], [-93.31754011878961, 18.19537360025733], [-93.31853517006466, 18.192394380166345], [-93.32026797961318, 18.184456320264346], [-93.31292079962222, 18.182243829301335], [-93.3157238796517, 18.170619539171334], [-93.29396662963978, 18.18594734983133], [-93.28821921989886, 18.18509899908587], [-93.28591049021466, 18.185746649541095], [-93.28244725043179, 18.18105481941167], [-93.28210442020736, 18.181064109154132], [-93.28093111040597, 18.184153889183133], [-93.27965817048552, 18.182598979097076], [-93.27823987873322, 18.179351549487702], [-93.27365285962867, 18.18103470916711], [-93.27260142017336, 18.179001879889718], [-93.27259183031238, 18.178334259743004], [-93.27314502983326, 18.177215219683887], [-93.27633645044605, 18.172595909628157], [-93.26562561939691, 18.15876595004766], [-93.26416511945692, 18.161554399327926], [-93.26349113936593, 18.164386819735302], [-93.26257101941695, 18.165671689247997], [-93.26089665889594, 18.1668102495587], [-93.25906885999903, 18.167701979030944], [-93.25700470898512, 18.16850550902268], [-93.25389685917064, 18.169331909877414], [-93.25077470952968, 18.165743420281967], [-93.24752117966489, 18.16259481942921], [-93.24717755022269, 18.16230474973993], [-93.24701951985605, 18.162403859149865], [-93.24628444976155, 18.161665169161004], [-93.24640641973293, 18.161567819835348], [-93.2459353697249, 18.16098193906388], [-93.24577004961998, 18.16105691961199], [-93.24524030972943, 18.15988516973929], [-93.24487156972533, 18.16009891944448], [-93.24333371977592, 18.156488049739664], [-93.24198665008196, 18.157830149829433], [-93.23731137982635, 18.152756799056338], [-93.23522633953225, 18.15192148951136], [-93.2345961800897, 18.151237689039164], [-93.23364814963251, 18.152181629727117], [-93.23319924953984, 18.154176379431487], [-93.22586602038533, 18.160586369481138], [-93.2256106204411, 18.16110881928288], [-93.22554362996206, 18.163202619450388], [-93.22459128028227, 18.16430927966187], [-93.2225404795348, 18.16795884969924], [-93.21997673954363, 18.170917689290995], [-93.21917494002834, 18.171520539327652], [-93.2185182202078, 18.171682829032786], [-93.21811267968367, 18.17162505963965], [-93.21801019957621, 18.171428139393207], [-93.21809742010929, 18.169011259792814], [-93.21794607959431, 18.168638149043016], [-93.21730341973421, 18.168433079224247], [-93.20899519971317, 18.159914088977253], [-93.20245960038167, 18.160105149394298], [-93.20306728994012, 18.159129149343013], [-93.20323479961391, 18.1548053389927], [-93.20270417989434, 18.153415079855296], [-93.19869532015365, 18.15213134973635], [-93.19843776980738, 18.152080339602392], [-93.19848684973223, 18.152859849457464], [-93.1965916503691, 18.153363369748337], [-93.19511549035663, 18.154429689409287], [-93.19391533992848, 18.154741108987807], [-93.18963702018947, 18.156540949343718], [-93.18796598028675, 18.157357969663412], [-93.1867066000841, 18.158335859899438], [-93.18543051973154, 18.15856142968049], [-93.18519108004386, 18.157679999629558], [-93.18533614965328, 18.15719361957665], [-93.18557584998334, 18.156808229632052], [-93.18640386045067, 18.15634997967423], [-93.1831293201942, 18.15288757936869], [-93.18302330988388, 18.15278762958364], [-93.1799402597088, 18.154182719651807], [-93.17983342002896, 18.153083949553242], [-93.17949062011489, 18.15245194922795], [-93.1772569498588, 18.150058780111088], [-93.17224179894617, 18.150653032577047], [-93.16918703005864, 18.15174399916073], [-93.16251397945139, 18.151719912060756], [-93.1604482594696, 18.154636549475754], [-93.15915051847452, 18.154726969233103], [-93.15719874026645, 18.15537723013976], [-93.15701002856689, 18.156051220599], [-93.15440045951694, 18.156166599180086], [-93.15359987917473, 18.157183629549444], [-93.15368927911808, 18.15211406005245], [-93.13819271010745, 18.148553909847493], [-93.1359912200522, 18.14677814939632], [-93.13514571988077, 18.145494799304775], [-93.13271206034621, 18.145482849719702], [-93.13127708973542, 18.142282509131665], [-93.13058954888663, 18.142538199891053], [-93.12884128015168, 18.138533689739603], [-93.12743339970771, 18.139054939506394], [-93.12778784960501, 18.14005107898648], [-93.12473187966042, 18.141408549582696], [-93.12447777028066, 18.140651739547074], [-93.12464352009894, 18.139503939733057], [-93.1240870898146, 18.137213319572847], [-93.12601610981135, 18.136365969297824], [-93.12460870884387, 18.133465419475804], [-93.12335614966868, 18.134135229475973], [-93.12296337939424, 18.133309719827555], [-93.12163145007423, 18.134049689340266], [-93.11958852041995, 18.13245717948866], [-93.12293108981524, 18.13175181969361], [-93.12276670999489, 18.130859539007375], [-93.12036380014118, 18.128704619042654], [-93.12001109001585, 18.12815865969097], [-93.1208553203521, 18.128033019322242], [-93.12247347978821, 18.126193909397315], [-93.1234910899493, 18.12438276915502], [-93.12386576956806, 18.124530569774866], [-93.12360844961798, 18.12196887967572], [-93.12493056957493, 18.11987796900736], [-93.1247327797631, 18.119619049570204], [-93.12534577014121, 18.118739819894607], [-93.12502044973228, 18.117700799796225], [-93.12586226042177, 18.116975599021956], [-93.12608511026495, 18.115965819814736], [-93.12652737963316, 18.115817969262732], [-93.12862504982206, 18.113798949007627], [-93.12810788018808, 18.11348944934802], [-93.12903554973418, 18.110818219688355], [-93.13076817965359, 18.1117991693148], [-93.13511047817119, 18.10636447679272], [-93.13668842991972, 18.105451909752894], [-93.14025743013356, 18.102287119834536], [-93.14198793963592, 18.10029434928234], [-93.1425433400068, 18.098994369595854], [-93.14627702038179, 18.09937893952368], [-93.1462371997432, 18.097368579878164], [-93.14938958011541, 18.096168859419034], [-93.14806808005731, 18.092003079064256], [-93.14266250967192, 18.091898799679576], [-93.13793533971577, 18.0928206495532], [-93.13649927969423, 18.081667999351232], [-93.13572074037903, 18.083071089650065], [-93.13189431022823, 18.085067719099445], [-93.12334653983646, 18.08586810921057], [-93.11951380016137, 18.086970199735443], [-93.11612235023433, 18.088622539258125], [-93.10108644870868, 18.089252459687017], [-93.09917965881907, 18.08735782029477], [-93.09791468008471, 18.086911319572486], [-93.09647694954388, 18.088201089913913], [-93.09511033922249, 18.088428889290757], [-93.09379201929845, 18.088237399737334], [-93.08959124979604, 18.08179507958861], [-93.08796662001726, 18.08172605953485], [-93.08686591968367, 18.08206962933929], [-93.08634040044484, 18.081938029512056], [-93.08627834013716, 18.081638489568878], [-93.08593215041215, 18.08175216964765], [-93.08513417029636, 18.08154953910715], [-93.0837887401108, 18.082132829279765], [-93.08318024965277, 18.08280642972925], [-93.0818748501795, 18.08291799988494], [-93.08205739969685, 18.0832079492281], [-93.08276893965372, 18.08320882907761], [-93.08356761960073, 18.084620139656014], [-93.08419734993673, 18.08445697930337], [-93.08518011980611, 18.08525613921167], [-93.08584534940219, 18.085495340116132], [-93.08629246022552, 18.085408599459125], [-93.08725701886755, 18.085909939448115], [-93.08675202035485, 18.087002979110324], [-93.08603076975778, 18.08787870960938], [-93.07330409000997, 18.081305449277934], [-93.07276902956833, 18.082568139714787], [-93.07018278034053, 18.0812821093785], [-93.07035362968412, 18.0810227494265], [-93.0701831501194, 18.080949509153506], [-93.0700207199422, 18.081167019266406], [-93.06676474968971, 18.0795189992386], [-93.06653464988412, 18.0792315097179], [-93.06654891970584, 18.077753109152447], [-93.0579212196493, 18.073193519531923], [-93.05708010959408, 18.072222019159753], [-93.05666252005568, 18.07249376976961], [-93.05547364996305, 18.071855949553367], [-93.05578505970908, 18.0712618591264], [-93.04984079979141, 18.073230749716185], [-93.04966814040567, 18.070547519451875], [-93.0478684198505, 18.070147019320693], [-93.04535450998249, 18.069147859231258], [-93.03567680042997, 18.071917579545516], [-93.0327836901308, 18.07040539966959], [-93.0264246242004, 18.06784154796537], [-93.0305622235569, 18.059762948174047], [-93.02546191313968, 18.059463507815384], [-93.02449971370213, 18.05883461774021], [-93.0254858237256, 18.057896317878036], [-93.02588325314618, 18.054063748439752], [-93.02553716310436, 18.050429938194302], [-93.02574504322949, 18.04948565796893], [-93.02847922322216, 18.047037058066678], [-93.02991221358997, 18.044265047979216], [-93.02752216387373, 18.04330744854875], [-93.02777848349439, 18.042937278518515], [-93.02310525858823, 18.03382065891551], [-93.0264144501821, 18.029846599805975], [-93.03045694993018, 18.026304219644803], [-93.03343177975022, 18.02409839953503], [-93.03853622971566, 18.02181496916721], [-93.04353835009373, 18.019142429298387], [-93.04502606038156, 18.018680949035744], [-93.04772957982911, 18.018493349308265], [-93.05081224981855, 18.018636139722684], [-93.05288268017647, 18.01814379955481], [-93.05054263030007, 18.014115109508204], [-93.05189697040902, 18.013780859728985], [-93.05279747981301, 18.013007769544373], [-93.05275992019736, 18.00537077985566], [-93.05307904971531, 18.004165749418462], [-93.0549138502963, 18.00204531917297], [-93.05550891993946, 18.002174799406802], [-93.055962049967, 18.00198970988263], [-93.05608461958342, 18.001049049420917], [-93.05501471020108, 18.000178739360724], [-93.05465416961115, 17.999428089085352], [-93.05483301975764, 17.99860811948914], [-93.0554814903598, 17.998055229129584], [-93.05579964989626, 17.99742901919189], [-93.0550194498627, 17.99720099908193], [-93.05503119965505, 17.996881819635124], [-93.05480194042967, 17.99678614942221], [-93.0538816502639, 17.996767909502836], [-93.05300213968296, 17.995331969606795], [-93.0532708603572, 17.994517919352898], [-93.0540563799974, 17.993578979694725], [-93.05441855002955, 17.991514849485664], [-93.05502842020107, 17.990580539309505], [-93.05837806031133, 17.990477309076905], [-93.05877840041863, 17.9906437390485], [-93.05933028955819, 17.991376399740286], [-93.06115841951443, 17.991386599867795], [-93.06225026030815, 17.99195845922566], [-93.06301462038287, 17.990829489253244], [-93.06383879970987, 17.99106245987673], [-93.06473961993652, 17.99036050950557], [-93.06839385957466, 17.990964519579915], [-93.07172017040202, 17.989362649485248], [-93.07208593984332, 17.988757549599743], [-93.07303338029767, 17.988563919383303], [-93.07419479997603, 17.989317969877238], [-93.07498821962815, 17.989421089269076], [-93.07545285000805, 17.988817369157456], [-93.0773483503813, 17.989750949341886], [-93.07762691031338, 17.989056259052525], [-93.07859550983468, 17.9882760190818], [-93.07921304962156, 17.986354519293354], [-93.0829812003011, 17.9857487096833], [-93.08340077942321, 17.9852331394103], [-93.08407256891304, 17.985171939211224], [-93.08544767967632, 17.98275782919887], [-93.08650164989844, 17.98280725953698], [-93.08649084991484, 17.98204908935406], [-93.08674452026422, 17.98137587910869], [-93.08568121987916, 17.980843259353225], [-93.08624105983792, 17.977398829740384], [-93.09106125038976, 17.977624939740554], [-93.09194059967669, 17.97706542924892], [-93.09320584973588, 17.974994979754634], [-93.09418937990137, 17.97439104901131], [-93.09515380031523, 17.974776199804282], [-93.09537724992563, 17.97553916902541], [-93.09607684985934, 17.976610709850792], [-93.09660383016681, 17.97685342949676], [-93.097228649833, 17.976755579078326], [-93.09808154973655, 17.97627621958486], [-93.09955260011148, 17.974237079634122], [-93.10050028023959, 17.973818139154737], [-93.10130676882949, 17.97384742121674], [-93.10357328019249, 17.97507764985575], [-93.105873880399, 17.975848089715445], [-93.10836285034209, 17.97579747919379], [-93.10856868960485, 17.974761719186233], [-93.10843676998766, 17.974363379582087], [-93.10743531863166, 17.973438600648407], [-93.10537852017661, 17.972208079110935], [-93.1048550600983, 17.97156956935734], [-93.10383978025048, 17.968924569884432], [-93.10418314953725, 17.967793429694684], [-93.10515393988186, 17.967362289477062], [-93.10575090998147, 17.96739521931563], [-93.10669166040135, 17.967850319628695], [-93.10753412029463, 17.968900339164925], [-93.10804745982443, 17.970158819006798], [-93.10888030893177, 17.970734720485098], [-93.1095719096184, 17.97043362920673], [-93.1105940202647, 17.969503289147127], [-93.11238005976261, 17.969153109144415], [-93.1157229697155, 17.96794624944884], [-93.11619936962451, 17.96802101974692], [-93.1168358804769, 17.968919709241035], [-93.11670388999552, 17.96977271978088], [-93.11651894992687, 17.970176229064585], [-93.1144581504228, 17.971594419544807], [-93.11413939997266, 17.972549379625534], [-93.11424540028392, 17.972957579732274], [-93.11464393971754, 17.973557059399013], [-93.11526798043606, 17.97351881927658], [-93.11700175008053, 17.972844049304477], [-93.11766846036718, 17.972938649914077], [-93.11842724965214, 17.97451748957197], [-93.11849205988217, 17.975753489751156], [-93.1194917504241, 17.977010779589055], [-93.12022856677832, 17.977458287663595], [-93.12216046046554, 17.977961879357473], [-93.12366381988242, 17.97782379962072], [-93.12427646010777, 17.977083709833938], [-93.12553877953623, 17.97459239983601], [-93.12642425977745, 17.974178109850676], [-93.12687968016012, 17.975182819586802], [-93.12745043032326, 17.97765273982775], [-93.12784945042394, 17.978207059684223], [-93.12919048995929, 17.97851813918072], [-93.12980639956676, 17.978309769637562], [-93.13060319982957, 17.977685319488938], [-93.13187151001183, 17.977615149355454], [-93.13251364977592, 17.978331949113127], [-93.13567276976724, 17.97860122949159], [-93.13605560026323, 17.97917361928699], [-93.13618575000214, 17.979966629653795], [-93.13681281883328, 17.980725219971713], [-93.13566219964446, 17.98161617947196], [-93.13511588021949, 17.982860420259634], [-93.13592469028296, 17.984323599694804], [-93.1363034301956, 17.98462104916107], [-93.13745060018582, 17.984608629589584], [-93.13942672007158, 17.98350156963515], [-93.14009424959484, 17.983608019410102], [-93.14056614020424, 17.984186309598787], [-93.14033074982068, 17.984832859408396], [-93.13786788041601, 17.9859693392885], [-93.13634024947817, 17.986965429659463], [-93.13657257922046, 17.988263219268102], [-93.13713911884156, 17.989612710607286], [-93.13816934989285, 17.99046091949711], [-93.14099063040388, 17.99149467954854], [-93.14170639955321, 17.992154819903597], [-93.14222874996014, 17.993720539056564], [-93.1457571096951, 17.99578808944942], [-93.1478294287772, 17.99761237021979], [-93.15005262959947, 18.001143859351135], [-93.15169033995751, 18.002414339689], [-93.15198385040706, 18.004221909814568], [-93.15274451995121, 18.00434102966488], [-93.1533057104797, 18.00607450913851], [-93.15494426042375, 18.00758627958661], [-93.15588697965887, 18.010572119871043], [-93.15694546019654, 18.011062629861687], [-93.15877930972884, 18.011380139032987], [-93.15955855031896, 18.011339969879685], [-93.1601237400987, 18.0109885795108], [-93.160263679535, 18.010030629434336], [-93.15886090975293, 18.006882629017618], [-93.15842729014315, 18.00537962903366], [-93.15884730982992, 18.00449028924937], [-93.15936575011841, 18.00407924963641], [-93.15975581976254, 18.004060089430013], [-93.16041144985488, 18.00434096898771], [-93.16070449015355, 18.00473925953857], [-93.16232784965293, 18.007829679829694], [-93.16135385024081, 18.009401279792], [-93.16152922029461, 18.010202949891088], [-93.16236617034784, 18.010829689822383], [-93.16349028036225, 18.01090436989998], [-93.16385434958674, 18.01062822917038], [-93.16396567959939, 18.01023894956554], [-93.163285079755, 18.007856258981725], [-93.16325635016086, 18.006239719875186], [-93.16352154004294, 18.005856919776114], [-93.16552408979715, 18.00521054948211], [-93.16652754010588, 18.004443379163856], [-93.16731887963472, 18.00337034915542], [-93.16776356962758, 18.001209259868315], [-93.16762909019634, 17.99928701965295], [-93.16717037032507, 17.99811841967547], [-93.16717458009717, 17.99761147966502], [-93.16799990955047, 17.995315949830577], [-93.16816939996946, 17.994193079147475], [-93.16870443026228, 17.993931199274257], [-93.16898044977192, 17.99248627984434], [-93.16880718026366, 17.991660649130345], [-93.16787107958478, 17.990269969604558], [-93.16713949018052, 17.990132679683033], [-93.16703008009651, 17.989763619327153], [-93.16612875016607, 17.98946548962942], [-93.16598029006816, 17.988746949244867], [-93.16344535006347, 17.98900797920195], [-93.16381070984482, 17.98769881961675], [-93.16571137031235, 17.98686314972148], [-93.16587605023706, 17.987104749360373], [-93.16608022990464, 17.987028879388607], [-93.16771011961822, 17.9860222891054], [-93.16810822013758, 17.9854327093614], [-93.17130506017935, 17.983822859908663], [-93.17258203027563, 17.983050259763214], [-93.17364893978784, 17.98210019954839], [-93.17488822977525, 17.98197394942654], [-93.17609593990296, 17.981246859253865], [-93.17748950971863, 17.97961391987996], [-93.17780788033548, 17.978523119146825], [-93.17908763018197, 17.977234419385432], [-93.1805324604235, 17.97700093956095], [-93.18255288965334, 17.97749064967704], [-93.18322848972024, 17.9772013995026], [-93.18398076956561, 17.976327539163304], [-93.18469191982591, 17.976055819404475], [-93.18540038040734, 17.976797149697685], [-93.18689053982897, 17.97607536934495], [-93.18894765974403, 17.97543097911016], [-93.18912436971813, 17.975839979569383], [-93.19116642020907, 17.97485950948689], [-93.19303458023045, 17.973416879757206], [-93.19504548994449, 17.97298953950178], [-93.1957629703794, 17.97258264949578], [-93.19517026020604, 17.972052979485838], [-93.1957633495298, 17.97143716947772], [-93.19562971033852, 17.97075505972888], [-93.19494894044763, 17.970149429100726], [-93.19372687919495, 17.969927052184264], [-93.19145519965576, 17.970423769690555], [-93.18909105833636, 17.970246351737334], [-93.18756459999075, 17.967860089307628], [-93.18571558031461, 17.966907339757604], [-93.18844608999093, 17.9643853094708], [-93.1898303800741, 17.963559309631968], [-93.19167972047251, 17.963039339420035], [-93.19353476991513, 17.963047119792037], [-93.20020165009822, 17.964101459124645], [-93.20251588963151, 17.963351859514937], [-93.20588427973723, 17.963152579706815], [-93.2183580797806, 17.96380701960063], [-93.21347960024944, 17.968494089285187], [-93.21535362976898, 17.969241109417133], [-93.21758926037997, 17.967850659095884], [-93.2192552899883, 17.96836005899981], [-93.22007212014098, 17.969053379687733], [-93.2213591398884, 17.96821204935925], [-93.22276307962206, 17.969088969851278], [-93.22412821964625, 17.97293030918161], [-93.22701274983213, 17.972155019105156], [-93.23625815039364, 17.970703089498365], [-93.23713004954746, 17.97080828940436], [-93.23880098001922, 17.97158190906793], [-93.23874538012808, 17.971886739237902], [-93.23907031991082, 17.972123909392018], [-93.23927831806049, 17.972798451896168], [-93.24012673697001, 17.973383770150416], [-93.24181407737706, 17.976062460392672], [-93.24271167655807, 17.976505769928817], [-93.24330365768165, 17.976485420523378], [-93.24418779758801, 17.976058339070512], [-93.24444982021848, 17.975481711156476], [-93.24419851866125, 17.975162171220784], [-93.24412805691146, 17.974105831034976], [-93.24332044686204, 17.97335942085394], [-93.24336022893104, 17.972162891322906], [-93.24314717450521, 17.97174060467433], [-93.2433195673594, 17.9715821594687], [-93.24275179903307, 17.971368830897596], [-93.24825713904092, 17.968482690232666], [-93.25088331808116, 17.96773429074718], [-93.248747937591, 17.9648742320709], [-93.24675445801162, 17.96339946061967], [-93.24371556958003, 17.959350569060337], [-93.2410966500006, 17.957240139214], [-93.2402484595859, 17.95513430930284], [-93.23893075046233, 17.95528791950727], [-93.23835174995577, 17.95648793979554], [-93.23625177929951, 17.957057689586193], [-93.23548964994572, 17.956981119350903], [-93.23375524861153, 17.9561373804598], [-93.23247081990125, 17.956098919592005], [-93.23165379999287, 17.95650817984407], [-93.23054663761498, 17.958015022282922], [-93.22964374983384, 17.958470029896183], [-93.22788399907154, 17.95798765910272], [-93.22566516665609, 17.958193312993032], [-93.22432498025503, 17.95731954956912], [-93.22014831885298, 17.956621061843826], [-93.218547339548, 17.956030479514595], [-93.219530770055, 17.955152689544345], [-93.2253993698859, 17.951303349254314], [-93.22772491984229, 17.95003239978534], [-93.23096121982117, 17.948752709340038], [-93.23376912002556, 17.948890819399917], [-93.24013327958426, 17.950102249590667], [-93.24092097960018, 17.950094689201602], [-93.2413413998624, 17.950511939181265], [-93.24222354986219, 17.95545808914055], [-93.24437743043346, 17.959108739324925], [-93.2453094296703, 17.960090139000844], [-93.24640124906001, 17.960904309515747], [-93.24808240761446, 17.96157143389157], [-93.25106631555195, 17.962037479183554], [-93.25436579974956, 17.962076289191828], [-93.2567149101899, 17.96304318052456], [-93.25783837344625, 17.964516742726364], [-93.25914908916677, 17.965069540444212], [-93.26048916818175, 17.966069739489885], [-93.26079381909784, 17.966938579778066], [-93.26088462027221, 17.968539950442814], [-93.26146779992425, 17.970136540631657], [-93.26186517758447, 17.970462549722587], [-93.26509896884883, 17.97125582911132], [-93.26815959892882, 17.974289149819825], [-93.26949094944321, 17.976773800623068], [-93.27271578021994, 17.981337019882375], [-93.27336267923981, 17.98196687988545], [-93.27492328849173, 17.982846999970587], [-93.27595633773504, 17.98274265981872], [-93.27737953822727, 17.982281049698013], [-93.2782198891736, 17.982579119845322], [-93.27852590423502, 17.983565749506333], [-93.27832268963984, 17.985287800238687], [-93.27944113994808, 17.98395734960357], [-93.28112709021372, 17.98273913941184], [-93.28141851023041, 17.982359289778437], [-93.2813362895614, 17.98149941922432], [-93.28489963013243, 17.98169936917047], [-93.28729088021711, 17.98218590965703], [-93.29102211993532, 17.984194969540226], [-93.29165499975102, 17.985183889726386], [-93.29078093962742, 17.98517009036501], [-93.28878777973907, 17.988256940705817], [-93.28690484920975, 17.99188834041155], [-93.2868835791509, 17.999133000250286], [-93.29786705962968, 17.999116199638667], [-93.29784370895234, 18.000408250106425], [-93.298988689549, 18.00043437943193], [-93.29999465010236, 18.000114290229877], [-93.30108454974709, 17.999060749378007], [-93.30377306030344, 17.999098479329355], [-93.30388384928625, 17.99985107988489], [-93.30529174939456, 18.001789770207463], [-93.30487469001486, 18.003661569428996], [-93.30483179884635, 18.007064000020847], [-93.30610576901269, 18.00912382027439], [-93.3062455703929, 18.01000337949246], [-93.30885185969228, 18.011451659355206], [-93.30781583007692, 18.01345805976141], [-93.30806865005142, 18.013808939209948], [-93.31066854971318, 18.014623429073463], [-93.31205451044596, 18.017211749562303], [-93.31388545015484, 18.017991379060675], [-93.31434611980752, 18.019202109215932], [-93.31511468017335, 18.01982087966251], [-93.31649836991566, 18.020394369081107], [-93.31910432041464, 18.02024596906537], [-93.31912743043895, 18.022778689417002], [-93.31842328000374, 18.025696199108825], [-93.31791588977123, 18.026436879662334], [-93.31867664970332, 18.026325399798736], [-93.31959778010614, 18.025833169075458], [-93.31977779953584, 18.025998229564575], [-93.32118327966921, 18.02530470933121], [-93.32315913985207, 18.025244659167434], [-93.32367925954716, 18.024972429515046], [-93.32501662023122, 18.024843249850175], [-93.32527256973857, 18.02457136965621], [-93.32741544971302, 18.02432076916905], [-93.32753986000013, 18.023251939750917], [-93.32905837011806, 18.023846229754707], [-93.33069152006878, 18.02556877940845], [-93.32658809029239, 18.033142769184057], [-93.3280904595359, 18.035739659663548], [-93.32491079991905, 18.03569297957219], [-93.32358933964133, 18.03529507970513], [-93.31975993893752, 18.035516059537606], [-93.31433154022795, 18.036527170498704], [-93.31177536864945, 18.038455280192657], [-93.32251696990724, 18.052880549963522], [-93.32839748999241, 18.050333999346073], [-93.32994888859395, 18.059402629663307], [-93.33409415029271, 18.059108029252396], [-93.33708428985621, 18.06234939912858], [-93.3455487403236, 18.053658799263328], [-93.34812821993306, 18.05631787957054], [-93.34663091036641, 18.057064169532335], [-93.34684465958532, 18.057525879744514], [-93.33936905962555, 18.063081279528877], [-93.33914944997966, 18.062861029841365], [-93.3359953097978, 18.065197879832375], [-93.33514077018395, 18.064290369733055], [-93.3325201795937, 18.06518491981896], [-93.33069091974409, 18.06479751916684], [-93.3287374198542, 18.06683117910904], [-93.32770338018942, 18.067363449426463], [-93.32598405966742, 18.06753173938044], [-93.3252882901313, 18.067530049331136], [-93.32393089022908, 18.067062709283825], [-93.32010093943697, 18.064475020327674], [-93.31893072044691, 18.065348509861455], [-93.32232851031287, 18.068902479721146], [-93.32025600028678, 18.0703977190117], [-93.32917384955411, 18.079794829518857], [-93.32483810994783, 18.08440082972467], [-93.33506753454411, 18.097502549200513], [-93.34058879925364, 18.09256889015019], [-93.34138061779085, 18.0930187692013], [-93.34119584906851, 18.093189620239986], [-93.34577336899261, 18.097643370806036], [-93.34708479813577, 18.095642950350534], [-93.34796527276269, 18.093149602961976], [-93.34906287778554, 18.091087556843643], [-93.34962623004958, 18.09061928553644], [-93.35047107876373, 18.090398311431017], [-93.3568122200183, 18.097644799006964], [-93.3683433403703, 18.111491799358358], [-93.36890470983333, 18.111101179478172], [-93.37364821999574, 18.117115979613644], [-93.40271828963874, 18.126408949194293], [-93.40323280043702, 18.127016829877082], [-93.4042433196784, 18.127525749326683], [-93.40413694986837, 18.128594419401956], [-93.40332818049332, 18.130520659071802], [-93.40344700037008, 18.13121321902709], [-93.40324251034889, 18.131581289468844], [-93.40337017028493, 18.132306649095163], [-93.4042498599679, 18.13272679961302], [-93.40424752036591, 18.13334122961157], [-93.40328003034993, 18.13483576979661], [-93.4038717701287, 18.135864149152713], [-93.40385657965606, 18.136521769701716], [-93.40277865030217, 18.137296429617972], [-93.40151394019641, 18.137399769591752], [-93.40292710970009, 18.138235519390385], [-93.40303311011216, 18.13852014947412], [-93.4025116299642, 18.138545779314647], [-93.40063970972588, 18.140123569619313], [-93.40057681955126, 18.14080314949495], [-93.40009752008324, 18.141496379446906], [-93.40124274022945, 18.141094679080517], [-93.4014111403148, 18.141189259127792], [-93.40167170984249, 18.14229916914252], [-93.40267508007675, 18.14435796945421], [-93.4023074002121, 18.145172829458588], [-93.4013109404588, 18.146295919541807], [-93.40236511999004, 18.14665481948114], [-93.40252639964581, 18.146920569532494], [-93.40182881974148, 18.148166549466282], [-93.40251030987397, 18.148083019559696], [-93.40257404992263, 18.148235579456006], [-93.40219107952838, 18.14907645978027], [-93.40233121987605, 18.150208649831338], [-93.40319385034697, 18.150651339070155], [-93.40449534981882, 18.150847249882965], [-93.40535105994114, 18.151551969028898], [-93.40626765038806, 18.15184164962717], [-93.4070520802592, 18.152435629196116], [-93.4083509496082, 18.154768539305884], [-93.39703622962278, 18.15200250897649], [-93.37990089012501, 18.174669859351514], [-93.3796159482514, 18.177374479314626], [-93.37981899893587, 18.177524860051438], [-93.37985642888839, 18.179146199486212], [-93.37880419907343, 18.17872359989331], [-93.37537422026239, 18.18211231949712], [-93.3723959095321, 18.180345369777566], [-93.37149587938806, 18.181526379383595], [-93.37459354745184, 18.18487993632212], [-93.3734993987722, 18.18604314010782], [-93.37356205803758, 18.1868300583572], [-93.37392389295621, 18.187673230371786], [-93.37377171793577, 18.1885589693165], [-93.37391714956418, 18.18915068949547], [-93.3742575393131, 18.18914054022904], [-93.37418670911946, 18.18943647982046], [-93.37384431719273, 18.189446780149478], [-93.37376221931925, 18.19064170990611], [-93.37252632293225, 18.191813675754634], [-93.37203129031808, 18.193992770358935], [-93.37041518394338, 18.194854088934846], [-93.36489896962705, 18.199110459818574], [-93.35717485967064, 18.19847087937879], [-93.35555628028735, 18.199040349463626], [-93.35562788046511, 18.20083751912334], [-93.35351297016474, 18.20292544934258], [-93.3531389204408, 18.203129029920056], [-93.35194044997493, 18.203142999741402], [-93.35069988047009, 18.203635939029137], [-93.34971591004961, 18.205054249193743], [-93.34946042019935, 18.207697119274666], [-93.34872691006352, 18.209067089881014], [-93.34808365983135, 18.211141849875386], [-93.34749939978911, 18.212107949119993], [-93.34673472033884, 18.21270519959677], [-93.34658061992522, 18.213274339788825], [-93.34596602979323, 18.21388965946658], [-93.34561065012258, 18.214606539306903], [-93.34174266033162, 18.216076139649804], [-93.34086303026456, 18.216754909862107], [-93.34097552036535, 18.21686808964415], [-93.34078346042064, 18.21711019971687], [-93.34017074963973, 18.21732974950849], [-93.33938026041355, 18.218089399676707], [-93.33881782956985, 18.219324399526236], [-93.33855624924536, 18.223677149015728], [-93.3337964804298, 18.22577594949373]]]}}, {"type": "Feature", "properties": {"CVEGEO": "27007", "CVE_ENT": "27", "NOMGEO": "Tabasco", "CVE_MUN": "007", "NOMMUN": "Emiliano Zapata", "cov_": 1990, "cov_id": 1991}, "geometry": {"type": "Polygon", "coordinates": [[[-91.76048730989127, 17.957625679201026], [-91.74511457986941, 17.94080510947451], [-91.739537050278, 17.935213949914065], [-91.73869385016768, 17.936182519524262], [-91.73702810971103, 17.934216969200072], [-91.72508715034164, 17.926671219157985], [-91.72510105957454, 17.924494619245237], [-91.71240406001647, 17.92164285932084], [-91.71282722971688, 17.91892721942915], [-91.69775302995502, 17.909614229573386], [-91.6719420501426, 17.894661399656574], [-91.68065105980821, 17.876003719198728], [-91.6750509095755, 17.87258308919462], [-91.68551155037505, 17.862346679903006], [-91.68160820042834, 17.85827757964004], [-91.67849308979014, 17.854516019709386], [-91.68403834018143, 17.85049596928487], [-91.67878434014956, 17.843848859802243], [-91.69168420042672, 17.834479449807475], [-91.69093764972163, 17.832331489429883], [-91.6863243998601, 17.830462199690306], [-91.7101880899977, 17.786001349464062], [-91.71271840011127, 17.78614008912587], [-91.712758539586, 17.76507893938486], [-91.71106158045636, 17.76309668925452], [-91.70458643017422, 17.753409799466198], [-91.70257968023023, 17.750799829589223], [-91.69859096968744, 17.746983749798044], [-91.71050684961584, 17.743178259029715], [-91.71021419961052, 17.741316169699413], [-91.70966005034553, 17.725688349032826], [-91.70908329013932, 17.718464229845164], [-91.70900659963493, 17.714280549228974], [-91.7022531100517, 17.713780649865583], [-91.6933370303694, 17.709891579671186], [-91.69183465005662, 17.709335659209465], [-91.68917425009535, 17.708723629908054], [-91.68527117019028, 17.70841736978075], [-91.68368103011936, 17.708551939879243], [-91.68085951969836, 17.70925082929867], [-91.6781951502293, 17.710926619766433], [-91.67605724976978, 17.713337249391465], [-91.67350306033356, 17.715196369168456], [-91.6725785103838, 17.71637861926231], [-91.67208477013544, 17.7214249197396], [-91.67213302007262, 17.7239875094912], [-91.67180577955644, 17.728660649183333], [-91.66734384963941, 17.734293139162386], [-91.66593360043274, 17.735684719733403], [-91.66395103028566, 17.737193079715485], [-91.66186094958142, 17.738360449182945], [-91.66012481994841, 17.73876422984091], [-91.6579814903427, 17.738757149207864], [-91.6560566504467, 17.738326579324088], [-91.65296088014554, 17.736750749355217], [-91.6424807796561, 17.728822019270783], [-91.64077265994852, 17.727642679390947], [-91.63835712010908, 17.726492619189376], [-91.6294831202367, 17.723726849622512], [-91.62673768006951, 17.72320754924638], [-91.62336065044296, 17.72325673971446], [-91.62110690989736, 17.72398014920809], [-91.61961754990658, 17.72504644931042], [-91.61799009036726, 17.726556709542603], [-91.61719008984214, 17.72811564913398], [-91.61639917002195, 17.730406549317227], [-91.6164343099111, 17.733473949280082], [-91.61748316967916, 17.73673721937664], [-91.61918581958564, 17.739549689634572], [-91.62086446024472, 17.741231879513542], [-91.62249352001852, 17.742458659173025], [-91.6240494297152, 17.74327624913693], [-91.63766821981915, 17.74865076987875], [-91.64380228992016, 17.750850969143862], [-91.65213737001251, 17.754379979615088], [-91.65479227989715, 17.756499829452526], [-91.6552533798461, 17.757359739172106], [-91.65550657014454, 17.759453459790993], [-91.65519531036264, 17.760448999759568], [-91.65401581972009, 17.761476419528186], [-91.65239385020828, 17.762022059826073], [-91.64993478037424, 17.762008999612533], [-91.64014885013972, 17.760536319384666], [-91.63750063037203, 17.76046882952651], [-91.63406294030298, 17.76070701974754], [-91.62715567958183, 17.75964730956168], [-91.62534514959947, 17.759782579015127], [-91.62188187959788, 17.761154599703463], [-91.62048380045223, 17.76200430919912], [-91.61840963025794, 17.764286219816267], [-91.61744405022294, 17.76591016992086], [-91.59837310952047, 17.76161030978311], [-91.57058020031135, 17.761822179287492], [-91.5705400802876, 17.745530739772367], [-91.57004237964382, 17.74399687971418], [-91.57071589000145, 17.743208749504497], [-91.57048299957678, 17.742889549493395], [-91.57084571963885, 17.742170019111928], [-91.57215653967637, 17.741899419465895], [-91.57013642005444, 17.733111289267267], [-91.56940065045225, 17.732453539202897], [-91.56954222036983, 17.732036939196224], [-91.56897843035436, 17.73158591990872], [-91.56822162034113, 17.730278849729867], [-91.56740356993446, 17.72980948930165], [-91.56725917960664, 17.72925676933175], [-91.56679450973394, 17.72875401950505], [-91.56623873980716, 17.729059339848458], [-91.56485161992111, 17.727975539570572], [-91.56463748953607, 17.72746065974673], [-91.56344159957072, 17.72659501977357], [-91.56893050974237, 17.725187029811554], [-91.56846471992486, 17.724964289118848], [-91.56816802049342, 17.72437559906503], [-91.56881010972015, 17.722669119861916], [-91.5664476200427, 17.72198747988554], [-91.56671122986462, 17.712661289156806], [-91.57047382957914, 17.712743649579778], [-91.57393468969752, 17.704696419568762], [-91.5741795401874, 17.702415079048308], [-91.57396388976481, 17.701963199621076], [-91.56197700006405, 17.699054879383166], [-91.56367777003945, 17.6889346593994], [-91.56769214981597, 17.68642271968733], [-91.57140448962397, 17.684417429793097], [-91.57277578036394, 17.68397561976839], [-91.57085860006516, 17.6756497192424], [-91.57105039960034, 17.674238429871707], [-91.57050954022398, 17.664920149352163], [-91.57001538023846, 17.664847219170912], [-91.56973330993267, 17.6570770495547], [-91.57002342954173, 17.655625369571855], [-91.57069175024866, 17.655291339799536], [-91.57050584956271, 17.649512199600977], [-91.57181911959074, 17.649260939801632], [-91.57164937035573, 17.64796447917641], [-91.57083547988138, 17.646417229685756], [-91.57107419965719, 17.645966339817125], [-91.568791709922, 17.642929939124397], [-91.56585913974418, 17.638207539462073], [-91.56603654980474, 17.637857829317483], [-91.56674873954513, 17.63758702928221], [-91.56612314021305, 17.62992053992394], [-91.56523578012991, 17.629657659855372], [-91.55980918003391, 17.62290388964189], [-91.55407774958358, 17.618592549581116], [-91.55548607967583, 17.613135449426125], [-91.56266247974072, 17.595670279702627], [-91.5649608303832, 17.595207349620765], [-91.5743355202134, 17.594790519734506], [-91.57509521977113, 17.589449659685748], [-91.57311128013097, 17.58262034932174], [-91.57502650970517, 17.58233024922067], [-91.57658194041453, 17.58152390933544], [-91.58467623026884, 17.56830488911493], [-91.57908967958824, 17.56216891967984], [-91.57539740000014, 17.557606619243035], [-91.57886369014744, 17.5530819199827], [-91.57729141953038, 17.551069000243377], [-91.57745276887876, 17.550801309189193], [-91.57595597932226, 17.54742941896625], [-91.5774469490897, 17.543510849375252], [-91.56815470925251, 17.49978623071902], [-91.56754701902484, 17.499864120524165], [-91.56678988935722, 17.49628571019916], [-91.56602579997745, 17.49638537970108], [-91.56510084885747, 17.491378890692857], [-91.57856322900219, 17.488847679007367], [-91.57848504970602, 17.48392568041703], [-91.5786829389829, 17.483426059097955], [-91.57932643016274, 17.482224750170836], [-91.5838749404117, 17.478352579871174], [-91.58331830960194, 17.474556489493672], [-91.58825183003816, 17.47600421983313], [-91.58847318011844, 17.47586322978718], [-91.59175670983115, 17.467902649850167], [-91.59138922028133, 17.467477649170313], [-91.5947907096476, 17.461662199289286], [-91.59537601975906, 17.456719549297294], [-91.59579195010693, 17.456432059140656], [-91.59758439962735, 17.456458309370145], [-91.59807702016171, 17.45523814980257], [-91.59705029210815, 17.454709939240793], [-91.59707023010282, 17.45133904922115], [-91.59639829029476, 17.449078169550997], [-91.5954369502202, 17.442614889602773], [-91.59583117000696, 17.440929889634656], [-91.5965994900465, 17.438967059410878], [-91.59853695033316, 17.437724349414594], [-91.60182386032108, 17.436177819898237], [-91.60255776962192, 17.435595229782173], [-91.60297493994086, 17.43462304908606], [-91.60223077958118, 17.43336221920124], [-91.60252643042013, 17.43309399987801], [-91.6110901196904, 17.43232727980269], [-91.61423656957344, 17.4329628496817], [-91.61581544977062, 17.432373799858897], [-91.6201671102413, 17.43166228936685], [-91.62455208030825, 17.43246410941116], [-91.62565114023893, 17.433289229739565], [-91.62829248033796, 17.434089919795884], [-91.63074098045497, 17.43558753910445], [-91.63251237963506, 17.435440769769535], [-91.63488733985157, 17.43649491917278], [-91.63733735013147, 17.42995717915454], [-91.6427396202827, 17.432007739271956], [-91.64332643035412, 17.43098797968326], [-91.64665611959059, 17.43331553949412], [-91.6676764301669, 17.441895139899106], [-91.67204313956364, 17.444058819251797], [-91.6676583397862, 17.454089939150933], [-91.66582891992279, 17.459095229796386], [-91.66463522049597, 17.461233149093143], [-91.66520559980806, 17.461660229306997], [-91.6669594201157, 17.462241079062995], [-91.6716312495978, 17.464493749604827], [-91.6716217499759, 17.464046579099794], [-91.67232321971244, 17.462515369638346], [-91.67326154989647, 17.462528119837103], [-91.672960539721, 17.461808799473822], [-91.67610138032181, 17.462794029619733], [-91.68229522021215, 17.462965679583117], [-91.68317047976565, 17.463147979519636], [-91.69005905969034, 17.465876059855496], [-91.69170471012319, 17.465573059180205], [-91.69364602005575, 17.465724369261775], [-91.69957352022142, 17.4669777091966], [-91.70026731987618, 17.46776436950505], [-91.69725898018096, 17.46821697957027], [-91.69306862960997, 17.466945309856314], [-91.69237372024993, 17.46683597911664], [-91.69209320039243, 17.467021949121243], [-91.69186765016707, 17.46771642960465], [-91.69204922981027, 17.47294431900456], [-91.69128665980344, 17.474275119295104], [-91.68989257966744, 17.475063379059687], [-91.68745265036237, 17.47415839922029], [-91.68581999972142, 17.47320673908491], [-91.68491523029292, 17.472303309898834], [-91.6841053997054, 17.47063854961193], [-91.68361911044693, 17.470073449708064], [-91.68190566023338, 17.469447970539225], [-91.68068870969479, 17.469981629413876], [-91.68015884974574, 17.470530549122614], [-91.68014659957772, 17.471118289800778], [-91.67878424983675, 17.471946979894287], [-91.67780162001716, 17.474084780785503], [-91.67672211981706, 17.47412658049577], [-91.67660854030503, 17.474504690194927], [-91.67713734031712, 17.47526622053124], [-91.67702911046993, 17.475784309346977], [-91.67678861994898, 17.475882429429095], [-91.67606156971777, 17.47557837899303], [-91.67632444955217, 17.474978619955234], [-91.67618825003946, 17.474489370369355], [-91.67592302985379, 17.47395745015264], [-91.6752974602701, 17.47340616931594], [-91.67521649016564, 17.47292675065379], [-91.67564288984342, 17.472138950016006], [-91.67556007993977, 17.4719225704662], [-91.67511300031585, 17.471541979142412], [-91.6746349797506, 17.47153879930366], [-91.67421096962514, 17.471859629281806], [-91.67417853999935, 17.472452849437115], [-91.67475671022238, 17.47379046080675], [-91.67467107956779, 17.474033659631484], [-91.67430718010073, 17.47409917072637], [-91.67378151043424, 17.4734438593287], [-91.67302091982033, 17.473328489047194], [-91.67217509031957, 17.47397754070789], [-91.67145966014645, 17.47365218080511], [-91.67091399954222, 17.474498460736754], [-91.67094834032915, 17.475267939888703], [-91.67118437995796, 17.475658120352357], [-91.67241594019646, 17.47570184972884], [-91.67254871016672, 17.476191460533705], [-91.67200176996683, 17.477067999752943], [-91.67276896966251, 17.47789459901664], [-91.67263800023976, 17.478141879098455], [-91.67230947996907, 17.478159030401066], [-91.67137567961744, 17.47762559979595], [-91.67073265013218, 17.476231090648852], [-91.67020894978442, 17.47640031974923], [-91.67001459995545, 17.47678051903302], [-91.67010388989051, 17.477163909740337], [-91.67090556990581, 17.477999479862248], [-91.67116976998149, 17.47843785951388], [-91.67106100038046, 17.478715459486214], [-91.66941619987861, 17.479743229740357], [-91.66907210986834, 17.47867687997162], [-91.66864270953413, 17.478221850678395], [-91.66785421971737, 17.478210089373505], [-91.66739070973999, 17.47892757939686], [-91.66713457989493, 17.48182050971458], [-91.66685759970154, 17.482120600010656], [-91.66660953984173, 17.482054479056927], [-91.66632572040302, 17.48068008976728], [-91.66601226016772, 17.48029197054597], [-91.66525764994545, 17.479897050635014], [-91.66462402962797, 17.48028298024851], [-91.66443908964136, 17.48087974953312], [-91.66459953960167, 17.4815592891158], [-91.66432508004225, 17.481692399906404], [-91.66376340008794, 17.481131620064595], [-91.6634636201754, 17.48047934958616], [-91.66375042996386, 17.48002335041688], [-91.66317948008408, 17.479741689306476], [-91.66281676972474, 17.479816739513808], [-91.66200811996748, 17.4814944291869], [-91.662653889668, 17.482136320112254], [-91.66199036990855, 17.482440079394156], [-91.6619433801639, 17.482706400519042], [-91.6628945703335, 17.483157910541227], [-91.66274442011307, 17.483834249890783], [-91.6623299195573, 17.484780659912083], [-91.66206237972186, 17.48440790997995], [-91.66153854040532, 17.484306779704575], [-91.66052045043273, 17.485861279681238], [-91.66043542996414, 17.486275620764008], [-91.66100088976363, 17.486829979549864], [-91.66102684959652, 17.48737285974179], [-91.66064178020743, 17.487406800505685], [-91.65934603038934, 17.486585399871533], [-91.6576880298437, 17.486655059866898], [-91.6575668899736, 17.48722796991372], [-91.65782622003951, 17.487996919214478], [-91.65841991959454, 17.48827717974888], [-91.65891991959353, 17.48792307955564], [-91.65917778021633, 17.488067139277153], [-91.65901888979002, 17.488404780290455], [-91.65811348027356, 17.489018819484222], [-91.65725676977495, 17.488462909368124], [-91.6567884795845, 17.488509510632813], [-91.65675762032183, 17.488919429761054], [-91.65749684956717, 17.489582969664312], [-91.6571599997831, 17.491251119202875], [-91.65663645022951, 17.491331879494478], [-91.65621674021254, 17.490438150050185], [-91.65584849037207, 17.490427939191], [-91.65416662967057, 17.4921073204394], [-91.65372479952472, 17.492040550328152], [-91.65322638040678, 17.491438279695814], [-91.65299337025108, 17.491458249078292], [-91.65272270980532, 17.49202784983373], [-91.65221748966749, 17.492193510179376], [-91.65190987991977, 17.49339437074456], [-91.65207577012792, 17.493812199607156], [-91.65305491038536, 17.494738779901603], [-91.65331106033095, 17.49480530983881], [-91.65373375042316, 17.49409157964421], [-91.6540237798259, 17.494190919370553], [-91.65416167994692, 17.494706140191987], [-91.65380525040342, 17.495077290137267], [-91.65288279973466, 17.495371769570166], [-91.65279839993183, 17.49565757028617], [-91.65412245047095, 17.49586733932672], [-91.65465290994767, 17.4963881103932], [-91.6544745203123, 17.49669497079292], [-91.65376729027136, 17.49719544908156], [-91.65192231019196, 17.49747504986161], [-91.6515978501128, 17.496477340163086], [-91.65096595004455, 17.49558486043273], [-91.650224920079, 17.49537497928291], [-91.65007309036378, 17.495685079243977], [-91.65046431989694, 17.497040089855066], [-91.6503518602536, 17.49806165043333], [-91.65065285030623, 17.498425540035132], [-91.65134526042644, 17.498174149747047], [-91.6517730900433, 17.498325460726438], [-91.65182011997169, 17.498716089518766], [-91.65140827945959, 17.49967409042209], [-91.65238934038793, 17.500127580598065], [-91.65244388994736, 17.50040570908726], [-91.65158374983127, 17.50060199929841], [-91.65031359992587, 17.500150429942895], [-91.64966862962106, 17.500801539469553], [-91.64962719974137, 17.501184539718306], [-91.65067966024112, 17.50121939946623], [-91.65089466003701, 17.502149489272604], [-91.65059912030615, 17.50258874907904], [-91.64968316970021, 17.503376939680003], [-91.64864642996979, 17.503188449286966], [-91.64832673965047, 17.503373489329086], [-91.6480865197856, 17.504437830336826], [-91.64763243000539, 17.503919769732697], [-91.64725531978132, 17.504046060574893], [-91.6472230501662, 17.50494599917008], [-91.64837991028149, 17.504948659081474], [-91.64825517960821, 17.505893740689764], [-91.64863642006077, 17.50594582991578], [-91.64966483037924, 17.505434179664473], [-91.649945710227, 17.50578505000232], [-91.64907811985603, 17.507296659578575], [-91.64862647953012, 17.50704651970254], [-91.64800848018271, 17.507195370681135], [-91.64795660044071, 17.507745339314205], [-91.64882578027428, 17.5083629094757], [-91.64831397986259, 17.508982229071524], [-91.64758568971219, 17.50869378024273], [-91.6472925397159, 17.50819881914839], [-91.64659988976842, 17.50914154076184], [-91.64680227992453, 17.509867090011443], [-91.6489595998681, 17.51061545991105], [-91.64924854982435, 17.511351399640773], [-91.64929445963097, 17.512923339874355], [-91.64892498024247, 17.513504629812], [-91.64919466010456, 17.51572316977755], [-91.64889635041692, 17.516201769650714], [-91.64802777971956, 17.516255260113766], [-91.6490771699039, 17.51777274023712], [-91.64848585009688, 17.518133719147993], [-91.64744807990131, 17.517598090042554], [-91.64646971008023, 17.517674140237258], [-91.6460646496027, 17.51800225016377], [-91.6448288896854, 17.51788352056036], [-91.64431915023451, 17.51722912070018], [-91.64388091964823, 17.517739179286863], [-91.6431989794933, 17.517570940357626], [-91.64279541957795, 17.518010919662547], [-91.6425801699736, 17.5188947393918], [-91.64182131038842, 17.518922029822406], [-91.64185008958442, 17.519945599801307], [-91.64127185972818, 17.520355219718624], [-91.6406671103435, 17.52046136973455], [-91.64063260009195, 17.521233150803997], [-91.64103056987742, 17.52228617922166], [-91.64289359989056, 17.524921279100496], [-91.64295471035078, 17.526139310639035], [-91.64185269031823, 17.52668959945515], [-91.64141759968604, 17.52715937906989], [-91.64257790989001, 17.528345939004108], [-91.64249112019898, 17.529016649916358], [-91.64227467985108, 17.529266750244673], [-91.64174062983939, 17.529320999034734], [-91.64104022996806, 17.52841081986658], [-91.64043408030368, 17.52822251934928], [-91.63994884953956, 17.528475019504352], [-91.63968477020215, 17.529347519684567], [-91.63918920014946, 17.529610879439083], [-91.64012125969806, 17.53063199963491], [-91.64048322009252, 17.531642149833825], [-91.6400501198344, 17.53313129037758], [-91.63904829003963, 17.533099120368295], [-91.63749300017014, 17.532053220153568], [-91.63606771028843, 17.53264409074281], [-91.63541227997963, 17.533487710041147], [-91.63471515030578, 17.533174539532162], [-91.6342877396279, 17.53462426072304], [-91.63441507951913, 17.53507143064942], [-91.63527767972079, 17.535673889644737], [-91.6358270204749, 17.53717401923587], [-91.63697174030155, 17.537846450119936], [-91.63612127959244, 17.5382602803342], [-91.63614402016833, 17.538747309102497], [-91.63657329010023, 17.53957448060966], [-91.63749974000471, 17.540396149987693], [-91.6386407502639, 17.54025595038666], [-91.63894492027136, 17.54064907908368], [-91.63845344999592, 17.54119527977032], [-91.63751981945107, 17.541428030666868], [-91.63890565028791, 17.541244340000265], [-91.63918919999409, 17.54159353957367], [-91.63900547991108, 17.541777579752882], [-91.63738924956156, 17.541773549686067], [-91.63693203029186, 17.542223719063323], [-91.63581144954631, 17.542498770304363], [-91.63569105006782, 17.542700779686193], [-91.63610660027918, 17.543132830305794], [-91.6371147998988, 17.54294620027079], [-91.63728794021935, 17.54312194927052], [-91.63643132017724, 17.54437477966008], [-91.63697672006116, 17.5452652203955], [-91.6368139399121, 17.545871059469818], [-91.63630243019118, 17.545860549453167], [-91.63532662033737, 17.544817979041103], [-91.63493857007427, 17.54487434996217], [-91.63482088008568, 17.545114820181087], [-91.63548955024407, 17.546192940478598], [-91.63578004958269, 17.547421949956945], [-91.63631207976903, 17.547559720479313], [-91.636699280054, 17.547340339390647], [-91.63678648017337, 17.546448429182792], [-91.63704697986829, 17.546168629644903], [-91.63781063028989, 17.546611350404373], [-91.63791245968007, 17.547092548992264], [-91.6374498604189, 17.547219540180123], [-91.63682557970427, 17.548475660129547], [-91.63542383018482, 17.548074449877323], [-91.63497515017254, 17.54822214030862], [-91.63476969005491, 17.550501430494748], [-91.63518312032218, 17.55090414965319], [-91.6353149495116, 17.551680550165404], [-91.63576729035894, 17.551922999538096], [-91.63776545955432, 17.552029519530063], [-91.63788543036863, 17.552774229472565], [-91.63727365009605, 17.55364257070722], [-91.63749377961817, 17.554340319740707], [-91.63841066014325, 17.554888539569074], [-91.63854035030792, 17.55546028904926], [-91.63789991965594, 17.556276430639617], [-91.63804017956988, 17.556657219154623], [-91.63847722004812, 17.556850780027258], [-91.63878897976632, 17.556492950411382], [-91.63896309037186, 17.555422080154198], [-91.63965341952819, 17.555304629549436], [-91.64045819969341, 17.556459769200732], [-91.63992195046772, 17.55729744913831], [-91.64086064996614, 17.557721689216876], [-91.6410310802365, 17.55801402908878], [-91.64009188038024, 17.560991750266925], [-91.6403160894631, 17.56151285050338], [-91.6413314001335, 17.562059579693212], [-91.6408518303357, 17.5629547406803], [-91.64076277967463, 17.563934429434216], [-91.64161302959364, 17.56634242974519], [-91.64115984966227, 17.56796871077712], [-91.64038394987611, 17.568506740803898], [-91.64048654996758, 17.56997422903888], [-91.63905846032989, 17.5705044295924], [-91.63877789020933, 17.570831750742975], [-91.63877856943716, 17.571259820759032], [-91.63916508027243, 17.571971910006383], [-91.64055653979779, 17.57263803032172], [-91.63984908955668, 17.57356927991606], [-91.63975975019628, 17.574190119997933], [-91.63996769004187, 17.574869280308217], [-91.64048519995166, 17.575247599507357], [-91.64055524993942, 17.57554873975674], [-91.63925461981877, 17.5772621492721], [-91.63924210989276, 17.577808750251794], [-91.63860185048006, 17.57903487927024], [-91.63882740021951, 17.58146942952347], [-91.63924677980273, 17.58178442029661], [-91.640216350043, 17.5817753495496], [-91.64066663017667, 17.582183739436342], [-91.64051136965804, 17.582574909323966], [-91.6410701504743, 17.583482829159262], [-91.64120045009845, 17.584750139853536], [-91.64139975030656, 17.585012429727897], [-91.6417474196667, 17.584848090764858], [-91.64211256971276, 17.58423717974877], [-91.64262891958232, 17.584023799155], [-91.6432496303601, 17.58420818072357], [-91.64316882000524, 17.58505261938239], [-91.64215588969263, 17.586132449027307], [-91.64234554036231, 17.586748909761866], [-91.6434801397498, 17.587707480447644], [-91.6440301502033, 17.58787978047319], [-91.6447077997085, 17.58682391979616], [-91.6452231497901, 17.58750191904691], [-91.64500534021921, 17.588571250212908], [-91.64597039991817, 17.589045820780452], [-91.64646731949033, 17.590053740031827], [-91.64714776966561, 17.590191309596953], [-91.646916720019, 17.590590950268933], [-91.64615761968463, 17.591007579519722], [-91.64480792029457, 17.591105749269513], [-91.64433334970256, 17.59145331078483], [-91.64439265976941, 17.59190817079295], [-91.6449524197542, 17.592341859381666], [-91.64553173967651, 17.592345029648413], [-91.6463047501797, 17.591658289905773], [-91.64692979993455, 17.59173866070275], [-91.64708010981573, 17.592402969118986], [-91.64692925019156, 17.59305688071097], [-91.64649004964669, 17.593562090715714], [-91.64561894986846, 17.593690340449932], [-91.64496452037338, 17.593358619307427], [-91.64433654019442, 17.593385019221287], [-91.64391511972711, 17.593715629415147], [-91.64389187997222, 17.59402390971549], [-91.64471425016362, 17.594740690778014], [-91.6446207499306, 17.59570380039936], [-91.64510104975353, 17.595837079907906], [-91.64579396983049, 17.595365340637056], [-91.6462840602903, 17.595369339189098], [-91.64652374993578, 17.59509609031044], [-91.64607745034093, 17.59446397982614], [-91.64616998045675, 17.59418419927183], [-91.647688519568, 17.594177280075243], [-91.64776350972772, 17.594982140656036], [-91.6474064501938, 17.595735890824084], [-91.64794388029674, 17.5961737496811], [-91.64938950956345, 17.59649249060836], [-91.64900398022276, 17.597434229371654], [-91.64922594039133, 17.598003260041875], [-91.650894420009, 17.59774023064658], [-91.65124414996798, 17.598028750417463], [-91.65146971037967, 17.59889627911824], [-91.65274222045203, 17.59841456974404], [-91.65308488961404, 17.598665280770987], [-91.65228581975536, 17.599672940792257], [-91.65213285994248, 17.60037899929275], [-91.65248745018772, 17.60074193936477], [-91.65295650983947, 17.601880349184718], [-91.65285296987149, 17.60321301910195], [-91.65380494016922, 17.60292345035932], [-91.6546838298284, 17.60313102044205], [-91.6558357101342, 17.60423050934887], [-91.65637131001606, 17.604348489028204], [-91.65663136958612, 17.604021569214424], [-91.65694730964776, 17.60399479912581], [-91.65634954991471, 17.605466230371253], [-91.65672909023331, 17.605823319358688], [-91.65785901960649, 17.606055849861978], [-91.65826469023732, 17.606509309228212], [-91.65926185041563, 17.60660599919548], [-91.65977917976366, 17.606885309466232], [-91.66028366024692, 17.607781350160977], [-91.66090160021241, 17.60815742028684], [-91.66172901972251, 17.60818779915969], [-91.66219178042935, 17.60856286000794], [-91.66236324993642, 17.609853260687522], [-91.6622286597571, 17.610571320372486], [-91.66071728968855, 17.61066034933346], [-91.66063777025234, 17.6112732607285], [-91.6611772500614, 17.611130230172847], [-91.66172490965462, 17.611482479485172], [-91.662294579534, 17.612303400360673], [-91.66332952037607, 17.6118959695534], [-91.66356320006008, 17.612167139175803], [-91.66306644995072, 17.612709169286166], [-91.66045102031023, 17.613038179878096], [-91.65948196980412, 17.613633769674887], [-91.65679622001399, 17.612203980010815], [-91.65662893971499, 17.612573890779863], [-91.65708177001841, 17.61324897950817], [-91.65699560032358, 17.615336659504564], [-91.65570313978125, 17.615179579424858], [-91.65503662037364, 17.61534677966439], [-91.65448369035921, 17.615789659164438], [-91.65224252020877, 17.615928749275042], [-91.65188911978085, 17.616138420414817], [-91.6522278903837, 17.616935969489262], [-91.65196415003551, 17.61716879922199], [-91.65157109015796, 17.617161689063867], [-91.65108892040111, 17.616907619382616], [-91.65079060035549, 17.61725748031169], [-91.65066024958662, 17.61759966030063], [-91.65219367959216, 17.619759170281938], [-91.65182025968832, 17.619903019348364], [-91.65115719948629, 17.619305490591195], [-91.65064126003857, 17.619149599616144], [-91.64970443033319, 17.619312049547847], [-91.64951831009814, 17.619120419198257], [-91.65008160030092, 17.61852127954976], [-91.6500609999358, 17.618124629344585], [-91.64971622032546, 17.61775311916635], [-91.64897992001978, 17.617887969025023], [-91.64862704956126, 17.6186599193187], [-91.64789618015068, 17.619010829833673], [-91.64749298032585, 17.618130049499168], [-91.64674237006213, 17.61790146059428], [-91.64644385003622, 17.61800071922456], [-91.64627854029689, 17.61845731965085], [-91.64631117985047, 17.619344849151755], [-91.64646412007453, 17.6197579092532], [-91.64726609029694, 17.62055755081459], [-91.64732061987856, 17.620999120729614], [-91.6468355097113, 17.621301480666855], [-91.6454381800356, 17.621117619378797], [-91.64491505952518, 17.6213174496554], [-91.6445674904246, 17.621924550112734], [-91.64487962022721, 17.6227484899022], [-91.64621163026519, 17.623162750361576], [-91.64654643009477, 17.623664289398373], [-91.64687901986989, 17.62378538065773], [-91.6473907503646, 17.6235106302568], [-91.64987787970774, 17.623731369139367], [-91.65064788964393, 17.6250307092616], [-91.65182015009555, 17.62590919999885], [-91.65239586023884, 17.62578992029499], [-91.65219148998698, 17.62483702050985], [-91.6530973995647, 17.62480799998528], [-91.65369908023952, 17.625184259226977], [-91.65402304985415, 17.62576219903831], [-91.65559337986788, 17.625654749522067], [-91.65603488964811, 17.62608670946614], [-91.65624193962633, 17.626063290161497], [-91.65656931992959, 17.62527716916681], [-91.65703688029566, 17.62543232010026], [-91.657201489819, 17.62572271917878], [-91.65706621993417, 17.62616025911799], [-91.65657694995318, 17.626581620637577], [-91.65672413977282, 17.627779379912074], [-91.6577969099375, 17.629148199312578], [-91.65946947996527, 17.629578949913828], [-91.65989858000624, 17.630447460654086], [-91.65980188036617, 17.6308477707563], [-91.65934151976639, 17.631005849778944], [-91.65840591982439, 17.63073911937108], [-91.6566363095446, 17.62958160068218], [-91.65490494955182, 17.630548199778058], [-91.65594374031694, 17.631470999728418], [-91.65591604959846, 17.631838569616104], [-91.65424620033927, 17.632351059264117], [-91.65411577965182, 17.632615119209344], [-91.65431825012725, 17.633016570060335], [-91.6550126302022, 17.632989079402357], [-91.65724152018552, 17.63177283006149], [-91.65790654001245, 17.63199042059051], [-91.65759903015763, 17.63308335001834], [-91.65808112010158, 17.634539339533237], [-91.65764547978902, 17.634476649133113], [-91.65676665020975, 17.63367034957131], [-91.65591550996967, 17.633333600127678], [-91.65444956998283, 17.633962000030213], [-91.65416319967, 17.6343857797208], [-91.65427013952585, 17.634875369744606], [-91.65580892019486, 17.63537316947264], [-91.65624274011336, 17.635692549494504], [-91.65617540009535, 17.63601648079201], [-91.65576264957318, 17.636183780262357], [-91.65379342993752, 17.635680449202763], [-91.65325211957705, 17.63582933957786], [-91.6532219402771, 17.63630100058259], [-91.65360017000708, 17.63671817915401], [-91.65364911016346, 17.637591950637542], [-91.65343264953063, 17.637945379596292], [-91.65282114953102, 17.638260250376014], [-91.65281126016137, 17.63857073954774], [-91.65430937017688, 17.63933525020074], [-91.65601467998036, 17.63955402902564], [-91.65627594035485, 17.639940980659166], [-91.65567309001915, 17.6409573496575], [-91.65558373997202, 17.641600749690678], [-91.65594968990497, 17.641929179322638], [-91.65683536963367, 17.64139153921594], [-91.6570679697667, 17.640731249524112], [-91.65810947972885, 17.639637319870555], [-91.65878759964185, 17.63970798039822], [-91.65888677959467, 17.64004036984528], [-91.65818232007562, 17.641629110353456], [-91.65851304978072, 17.642464519147413], [-91.65804374966827, 17.64285984899794], [-91.65671629007132, 17.64267254028752], [-91.65652668969163, 17.643139949724628], [-91.65645645009782, 17.6435971199076], [-91.65678314969252, 17.64449701977389], [-91.65673318010555, 17.645631199172946], [-91.65598659955306, 17.645486800450854], [-91.65538821972497, 17.644864080788583], [-91.65537988001714, 17.644414019645062], [-91.65583377952525, 17.643694370371055], [-91.65563019978585, 17.64321888957211], [-91.65526370961751, 17.643004200098325], [-91.65484974016984, 17.643140680432424], [-91.65431425011842, 17.64404014953504], [-91.65403501965054, 17.644589949379252], [-91.65405457007216, 17.64522943024473], [-91.65444041953636, 17.646750149939173], [-91.65649508971153, 17.649533229247535], [-91.65704557016056, 17.649762000638315], [-91.65863942955713, 17.648862649610717], [-91.65942366036072, 17.64892402066892], [-91.65976448984024, 17.649194769051938], [-91.66022063037518, 17.650308920292236], [-91.66020474983344, 17.650790139213008], [-91.65952277976018, 17.65188915002139], [-91.66064248951555, 17.652936850379653], [-91.66027842042577, 17.65345333957833], [-91.65878034008907, 17.65418690914362], [-91.65849424987888, 17.65484840065529], [-91.65865877982937, 17.656454709408187], [-91.65925765021598, 17.65673366060787], [-91.6604219501479, 17.656680079888183], [-91.66193553982284, 17.6577275394042], [-91.66324728011104, 17.65804045957505], [-91.66288930989231, 17.65863795049034], [-91.66115063030011, 17.65887065971607], [-91.66075334994571, 17.65940922934329], [-91.66057922015233, 17.660280749749457], [-91.660773379462, 17.660941110754347], [-91.66152071986656, 17.661672579427176], [-91.66128102003046, 17.662417280804643], [-91.6614102297038, 17.66268990931468], [-91.66215717033202, 17.662664050727834], [-91.66302761979749, 17.661948340612902], [-91.66343577987082, 17.661945860073033], [-91.66360745959601, 17.66215482948148], [-91.66360463031144, 17.662441979810804], [-91.66295371984752, 17.663176779237293], [-91.66244755009325, 17.664189059885352], [-91.66204199951652, 17.66415989033626], [-91.66144772034211, 17.66331593912769], [-91.66057221986344, 17.663595689766634], [-91.66039151013553, 17.665524399171638], [-91.66186113982815, 17.665251659728533], [-91.66298447982885, 17.665551460312464], [-91.66419663026399, 17.66623634941312], [-91.66433928959106, 17.666660629375436], [-91.66394710964403, 17.666951650049473], [-91.6614163503542, 17.666836969291534], [-91.6595516498028, 17.665912859041754], [-91.65900758002887, 17.665935229490398], [-91.65850934978755, 17.666619859928062], [-91.6582964599282, 17.667517999881145], [-91.65874870957606, 17.66935714026674], [-91.65930756958932, 17.67030198059238], [-91.65773917995274, 17.67181492051109], [-91.65474351009169, 17.67615711936872], [-91.65526128992853, 17.676421999632154], [-91.65613629010055, 17.675528349405784], [-91.65679263044825, 17.675184739091033], [-91.65854411989075, 17.67480963069492], [-91.66021714991709, 17.678053319302624], [-91.66092183035833, 17.67821662030512], [-91.66099994034158, 17.67876588980406], [-91.663334290382, 17.679549139107102], [-91.66370750993136, 17.679422550684915], [-91.66487342977422, 17.67959622927122], [-91.66573245005983, 17.67999784903899], [-91.66519314003847, 17.681400309733462], [-91.66451431959452, 17.682053260507406], [-91.66582253951722, 17.683518550745188], [-91.66616845003884, 17.68364814974025], [-91.67299249037391, 17.683472429436897], [-91.67354168024887, 17.683058860313725], [-91.67482762961852, 17.67910222961587], [-91.67688502014128, 17.675294550337632], [-91.6779469997134, 17.675545089656147], [-91.67922928962473, 17.674464080031903], [-91.67842999971626, 17.67125563002025], [-91.68054311032247, 17.670070780637943], [-91.68137725964971, 17.670133719175134], [-91.68236441979535, 17.67111826062499], [-91.68321709008481, 17.67266559963272], [-91.68302110998067, 17.67557424954118], [-91.6851927801895, 17.67814462028969], [-91.68744260021899, 17.679107249326258], [-91.68842287995237, 17.679996089669125], [-91.68954857010957, 17.681498799707615], [-91.68991211015205, 17.682721550747964], [-91.69049254019247, 17.683309649176312], [-91.692891920305, 17.684418379771152], [-91.69371122957546, 17.685001200603708], [-91.69655781961981, 17.685391510496185], [-91.69693386010172, 17.685071829260448], [-91.69663336953835, 17.68367801969167], [-91.69694867997212, 17.683181139447107], [-91.69853174954802, 17.683220979780753], [-91.69914188994159, 17.682760340673184], [-91.69850048956702, 17.681815739671734], [-91.69748417957749, 17.68113659998094], [-91.69686074012908, 17.680224919515233], [-91.69669878010538, 17.679606679534913], [-91.69779712007062, 17.679147089904724], [-91.69923084973833, 17.6792581504657], [-91.70036994041605, 17.67880814963002], [-91.70095797970414, 17.678939780100258], [-91.70112391987038, 17.679228660708528], [-91.70100811981798, 17.679516280453793], [-91.70007818008452, 17.681011510717052], [-91.70020328954026, 17.681483980546137], [-91.70161993974611, 17.681699889355794], [-91.70177395043738, 17.68239648915258], [-91.70185957994373, 17.68717896956776], [-91.70103767997513, 17.689679649484276], [-91.70140874990051, 17.69049653899717], [-91.70280399997179, 17.690924540353915], [-91.70403576978151, 17.69222508953157], [-91.70455006020788, 17.69201875055561], [-91.70430252033627, 17.690430369329604], [-91.70452455033372, 17.689859910588055], [-91.70611389015447, 17.68929322945056], [-91.70823175046799, 17.688130059123523], [-91.70977170952918, 17.688106660516198], [-91.71272436984938, 17.689336479653548], [-91.71421434990191, 17.68907552028477], [-91.7170774897683, 17.687746509407127], [-91.71756471966579, 17.688174619099886], [-91.71765166021005, 17.68961551927733], [-91.71724048974687, 17.69277624904158], [-91.71685460011011, 17.693471709535682], [-91.71528654981267, 17.694353289422903], [-91.71464083039653, 17.695014049715635], [-91.71468730969524, 17.69555676953438], [-91.71514422039743, 17.69562270958388], [-91.71762736995346, 17.694479089130738], [-91.71847344997741, 17.6947682494775], [-91.71857322996237, 17.695506539855593], [-91.71764362995171, 17.69659571975905], [-91.71725254025834, 17.697442569796863], [-91.71754541974404, 17.69840922964319], [-91.7186392501468, 17.69862819967949], [-91.71946243018348, 17.69839631906204], [-91.71985741998247, 17.69750922969269], [-91.71937845971442, 17.695664999002428], [-91.71921292043153, 17.69327067922784], [-91.7197969399786, 17.692980739618275], [-91.72127737982188, 17.693191549092564], [-91.72244879979333, 17.693053049621852], [-91.72476354049377, 17.69206388909182], [-91.72612794009325, 17.692825749326055], [-91.72773714009894, 17.69424950962705], [-91.72910128958007, 17.694972969501663], [-91.73329400034021, 17.69658034075087], [-91.73365204964789, 17.69725758040072], [-91.73403342964376, 17.70019373930569], [-91.73458101993475, 17.700633309308614], [-91.73609972042469, 17.70039501969867], [-91.7365212597854, 17.700574579337044], [-91.73730894002588, 17.701364029688435], [-91.73824762029027, 17.70284694917849], [-91.73835629028187, 17.70357814934401], [-91.73791720042341, 17.7047537998802], [-91.73793217993048, 17.705393149198983], [-91.73833289041, 17.70538397007267], [-91.73901562038591, 17.704815549237367], [-91.73968552048085, 17.704708999132357], [-91.74099792028042, 17.705243419896387], [-91.74138352039947, 17.70577402911832], [-91.74124437988479, 17.706259749467353], [-91.74006540008678, 17.706171829628726], [-91.73900199982312, 17.706522059964804], [-91.7385521204845, 17.706884969297498], [-91.7384052000857, 17.707547909435966], [-91.73880622990058, 17.710808649567944], [-91.73915342009077, 17.710914249854945], [-91.74437524960274, 17.706724459408093], [-91.74769748004864, 17.701674479182234], [-91.74794295026943, 17.70047764927018], [-91.74824396964948, 17.70017701906359], [-91.74905278011393, 17.700286309431156], [-91.75082617031238, 17.701308719085755], [-91.75207647982458, 17.70267474074427], [-91.75289865989154, 17.704551029063833], [-91.75391477994764, 17.705347320170755], [-91.76785262032831, 17.703115450183194], [-91.7699508900508, 17.707002149715947], [-91.7710222901625, 17.708381629067407], [-91.77149259974605, 17.70998659912308], [-91.77367508009665, 17.71236370971126], [-91.77383509002068, 17.712829379598208], [-91.77461725978876, 17.71358311039933], [-91.77512437020981, 17.714437509342222], [-91.77660258016104, 17.715431680822856], [-91.77563468039237, 17.71227239965131], [-91.77565701969782, 17.710646599873634], [-91.77595616997077, 17.70915832063412], [-91.77661292020282, 17.708359539435403], [-91.77862432020379, 17.707336659084714], [-91.7805316899112, 17.707819479310057], [-91.78152529020143, 17.70852096939198], [-91.78226751036307, 17.709500520358315], [-91.78273711955157, 17.710592799179537], [-91.78354499973143, 17.71319897986572], [-91.784014539918, 17.716741200255594], [-91.78651587994439, 17.719025679484925], [-91.79542962016475, 17.72274285036531], [-91.80403797005549, 17.724553719594688], [-91.80473020029552, 17.724354400038592], [-91.80821087952478, 17.724842259704104], [-91.81033119962173, 17.725752740288147], [-91.81280495041631, 17.726198509799527], [-91.81557610961634, 17.727756890347667], [-91.81843395021558, 17.727432229330102], [-91.82131814038944, 17.73196077944837], [-91.82556613960567, 17.734723939004578], [-91.825267819767, 17.73486313962007], [-91.82999934006631, 17.737156089426534], [-91.83066169038466, 17.737677229432396], [-91.82694182007457, 17.740567169271444], [-91.8224110804159, 17.74315650976997], [-91.81982951994934, 17.745191259004184], [-91.8131318496425, 17.74933833937609], [-91.81398627960891, 17.749835369300587], [-91.81284594016392, 17.750317819130146], [-91.81207677002581, 17.75037830904405], [-91.81032502965121, 17.751323339458438], [-91.80907247962259, 17.749694489815784], [-91.80694071015301, 17.74887637960699], [-91.80315652041591, 17.745999079872963], [-91.801052629603, 17.745021719622446], [-91.79981367972222, 17.744785259057686], [-91.79836866016713, 17.744183479096513], [-91.79601582014664, 17.744019999546584], [-91.79338928034706, 17.744483819740925], [-91.79016173997131, 17.746018109642343], [-91.7902283501448, 17.747597649099294], [-91.79174205014651, 17.749345199031335], [-91.7920459196023, 17.75012816923523], [-91.79115888969149, 17.75653902900302], [-91.78859435032228, 17.756515479114448], [-91.78859478029545, 17.759637059765968], [-91.78717185989626, 17.764185319643357], [-91.78529339967791, 17.768599289041838], [-91.78296586044462, 17.77760593903764], [-91.78225311995837, 17.782484629000248], [-91.78203006035619, 17.786730289323888], [-91.78222100022961, 17.79195225936073], [-91.78361303007925, 17.79721710916822], [-91.78853278027094, 17.80819019919132], [-91.79082421970091, 17.814187419103035], [-91.79174067971339, 17.817572119005604], [-91.79237157977047, 17.82451693963244], [-91.79181220021482, 17.83062051919931], [-91.79127765029553, 17.83303522926739], [-91.79038699993636, 17.835416719192192], [-91.78903942956435, 17.837789149548005], [-91.78609757016785, 17.84170790936496], [-91.78257737008663, 17.844909979572638], [-91.78068343029774, 17.84713016938803], [-91.77996297008791, 17.848272659275814], [-91.77953255027413, 17.849633979900297], [-91.77969046019696, 17.85129857953299], [-91.78042642854862, 17.852636179435837], [-91.78187293939928, 17.85428822067193], [-91.78816665022995, 17.857737429396835], [-91.79796680018978, 17.862131049579165], [-91.80057711964622, 17.86419313915596], [-91.80436874000935, 17.868866449296707], [-91.8055510600693, 17.87132270974405], [-91.80780531957807, 17.87857461938192], [-91.80887417040384, 17.88355621985527], [-91.80914365971594, 17.886874889355184], [-91.80886854960333, 17.894180679392065], [-91.80927197991839, 17.896849149239856], [-91.8099431200978, 17.898248279699747], [-91.8109075495433, 17.899401169341143], [-91.81252126011246, 17.90037202913263], [-91.81450302016118, 17.900493059762773], [-91.80289397992331, 17.909481219421732], [-91.78546641943333, 17.92343673959257], [-91.77617775022509, 17.937692769038], [-91.7680060297397, 17.94854757938425], [-91.76226654015505, 17.939014279769218], [-91.7571006900636, 17.939733649188994], [-91.76138936979453, 17.94600136941018], [-91.76048730989127, 17.957625679201026]]]}}, {"type": "Feature", "properties": {"CVEGEO": "27008", "CVE_ENT": "27", "NOMGEO": "Tabasco", "CVE_MUN": "008", "NOMMUN": "Huimanguillo", "cov_": 1984, "cov_id": 1985}, "geometry": {"type": "Polygon", "coordinates": [[[-94.08539090990502, 18.2108396892163], [-94.07996139999173, 18.208099509509694], [-94.07308427990829, 18.203857169734334], [-94.07095090959481, 18.20296494984669], [-94.0659203503487, 18.20030711905823], [-94.06347537970045, 18.19795805940376], [-94.06212714005336, 18.195160149082685], [-94.06062176968359, 18.192747938982304], [-94.05882768976721, 18.19106194906788], [-94.05783777040833, 18.190480289879766], [-94.05668377979322, 18.190423909652182], [-94.05555385000646, 18.189969719888964], [-94.0523327999093, 18.189208599431435], [-94.05156094957485, 18.188302348999045], [-94.05081724988307, 18.187813619481325], [-94.04853778001886, 18.187755019200118], [-94.04656911026089, 18.19068491901174], [-94.04465494026041, 18.18991121963287], [-94.04403731014217, 18.188905519402482], [-94.04130171978686, 18.186961429805905], [-94.03949957975263, 18.187383569817214], [-94.03963344997268, 18.189298259236708], [-94.04304119957555, 18.191813139690453], [-94.04370514983636, 18.1936958898456], [-94.04346534965023, 18.194754169862236], [-94.04205582035355, 18.195645769208788], [-94.04012215009566, 18.195373259704688], [-94.03680867963587, 18.19407656906172], [-94.03580056956122, 18.194364349746944], [-94.03127534018608, 18.19616777958628], [-94.02712514019359, 18.199514449525246], [-94.02651212012269, 18.199610199708268], [-94.02554190969002, 18.199368799417194], [-94.0225185201588, 18.196276969576992], [-94.02201458021858, 18.194826399642114], [-94.02131308973242, 18.194089659068766], [-94.02076323049555, 18.193938459038446], [-94.01993974015002, 18.194014779858765], [-94.01905071968302, 18.19465968977664], [-94.0189608800925, 18.197236119294693], [-94.01875589013737, 18.197803619404258], [-94.0183046495564, 18.198254079655502], [-94.01546767983557, 18.199499649214054], [-94.01439800013875, 18.199540149116604], [-94.01379395021424, 18.19919554927834], [-94.01291102037469, 18.198068109050322], [-94.01266291037042, 18.197395799615222], [-94.01267536995131, 18.195301549889347], [-94.01236154993859, 18.194081829517682], [-94.01177349013582, 18.1933736492583], [-94.01018065987188, 18.192719619474286], [-94.009839780447, 18.192138909147488], [-94.00988936966924, 18.1915345194128], [-94.01036960017667, 18.19132490962417], [-94.01190063037471, 18.19186894980151], [-94.01287037005783, 18.19160427967247], [-94.01292846015909, 18.190943369825728], [-94.01265931028723, 18.19037027942764], [-94.01209780032654, 18.19005253923251], [-94.010613830056, 18.18996107902568], [-94.00366643006873, 18.190973719198176], [-94.00027589011572, 18.19088053947619], [-93.99614208001334, 18.193013879781162], [-93.98917334996888, 18.17319457914216], [-93.98963102026421, 18.17107313955444], [-93.98973412029716, 18.167027829894945], [-93.99042440028879, 18.160461999555835], [-94.0079421103392, 18.15074979933954], [-94.02296574961467, 18.14208302907536], [-94.02722813972065, 18.141675719348907], [-94.02804030956494, 18.141184879194913], [-94.0240472897975, 18.140602259759262], [-94.02502157993864, 18.132385229629023], [-94.0189206201404, 18.120392309848008], [-94.00942131024564, 18.121067149409004], [-94.0080532301887, 18.121515679453992], [-94.00446994990891, 18.12382667984227], [-94.003430770184, 18.124712019842345], [-93.99227429034741, 18.138133999158324], [-93.97408771983962, 18.14634437905982], [-93.96378114960108, 18.148098739523828], [-93.95655185974364, 18.15134357919193], [-93.95603365985454, 18.140492619341288], [-93.91048650970544, 18.15506836907286], [-93.90231512042305, 18.11865942970657], [-93.89181477009451, 18.11642321984162], [-93.89734914957336, 18.112908619162404], [-93.88806547996859, 18.095126399540078], [-93.88676085037623, 18.094046399068176], [-93.88448093983206, 18.094744399768743], [-93.8844455498621, 18.095690419668028], [-93.88118893974745, 18.09969371946139], [-93.87998902957916, 18.100254029733442], [-93.87861456973451, 18.100604219204282], [-93.87759865021486, 18.10063341960957], [-93.87290618000277, 18.09962268905487], [-93.87080504965279, 18.097556049388434], [-93.86934712029573, 18.096494999300774], [-93.86835886034719, 18.096094719351246], [-93.86660703012157, 18.09430036923288], [-93.85837234955964, 18.09207648944324], [-93.85406891027387, 18.0931029494771], [-93.85091422017837, 18.09561341940774], [-93.84992742998577, 18.096254659259465], [-93.84966662987229, 18.096186199514765], [-93.84926137018414, 18.102649119759597], [-93.84848369001081, 18.103987399631343], [-93.84578211026214, 18.10627819951485], [-93.83963502034369, 18.10582913901743], [-93.83593915031116, 18.104204919481692], [-93.83484151044584, 18.103507779047565], [-93.83460409030376, 18.10303862980095], [-93.83470729004843, 18.102730489877032], [-93.83692018041987, 18.101325119731868], [-93.83654062960946, 18.100103709587984], [-93.83591457029176, 18.098899579021694], [-93.83324246043352, 18.098758369254867], [-93.82708822032716, 18.098554349693742], [-93.82333781995311, 18.10372062940603], [-93.82336580031254, 18.104067319685743], [-93.82139909035267, 18.10428468922243], [-93.8187465502558, 18.105074449515428], [-93.8101372002456, 18.097685089601736], [-93.80192648959812, 18.09229945902625], [-93.790174940194, 18.09109590981876], [-93.75910243022142, 18.086592779119254], [-93.75673191019906, 18.08413610949364], [-93.74310379962378, 18.07771697980804], [-93.7485334301854, 18.06025947961572], [-93.73608297962072, 18.059805689065087], [-93.73666185972398, 18.057187509387887], [-93.73065622015642, 18.056975679899598], [-93.7308003498283, 18.08937584953256], [-93.72976265920643, 18.08955371920108], [-93.68641502020643, 18.089581459298497], [-93.68789214029265, 18.086621749902182], [-93.68829779966242, 18.081821549559038], [-93.68728941964193, 18.07651099984722], [-93.68557692047645, 18.073694079222918], [-93.68525647987629, 18.072489569252657], [-93.68473977020716, 18.068422349225695], [-93.6845510797987, 18.068004109566168], [-93.68342412019437, 18.0674146294096], [-93.68343898014662, 18.0443475490279], [-93.60798320002989, 18.044416279182386], [-93.60780435017352, 17.997438979492895], [-93.63193589037807, 17.997441320602803], [-93.62372704866242, 17.989929520466724], [-93.62364880012522, 17.98964071933839], [-93.6206495203022, 17.98789779956604], [-93.61884878023798, 17.987350399308443], [-93.60943891962987, 17.98586525971044], [-93.60601175000131, 17.98510757910247], [-93.60494937006833, 17.985069319342028], [-93.59900519981653, 17.983997229573866], [-93.59830737039123, 17.984134949500305], [-93.596921309641, 17.983690719122293], [-93.59296128017546, 17.982988799153], [-93.58896506045748, 17.982607919635363], [-93.5889685095502, 17.97530876950792], [-93.58869253985667, 17.975312769457034], [-93.58867034960295, 17.954528799557686], [-93.57727992035703, 17.954659849321807], [-93.57433458047724, 17.955131569130955], [-93.57192444992035, 17.95611868903256], [-93.56676026005148, 17.955599949760273], [-93.56244892018273, 17.956117629266615], [-93.5598341702998, 17.95530233962244], [-93.55828708030131, 17.95408659932085], [-93.55537246013112, 17.952876849698892], [-93.55248027983788, 17.950893969282802], [-93.54836103038492, 17.949904539262583], [-93.5472390904215, 17.95030011977626], [-93.54522471017498, 17.950286769366258], [-93.54202325020796, 17.951930889285435], [-93.54141255026931, 17.952921719077167], [-93.54157923044664, 17.96305001916567], [-93.54195802036215, 17.967303709765705], [-93.54114771986382, 17.968461089323153], [-93.5402492198142, 17.969211919061753], [-93.53918696971027, 17.969277089407683], [-93.53780040044695, 17.968939509322805], [-93.53706893980099, 17.969162599320438], [-93.53614518016263, 17.96980617935997], [-93.5351874597269, 17.971899849238625], [-93.53351553996308, 17.97331364911671], [-93.53264921973349, 17.976190849838364], [-93.53223199984666, 17.97620059984865], [-93.53222135039515, 17.972284349020363], [-93.5312233795462, 17.972215199682154], [-93.5310618200658, 17.974644709441684], [-93.53025323020094, 17.97457684902156], [-93.53044225965914, 17.97284774904796], [-93.53108876960292, 17.97220991913273], [-93.53030902010975, 17.972208659297937], [-93.53031745018723, 17.972859399624227], [-93.52925813971294, 17.973035139611692], [-93.52922354966269, 17.9741096795687], [-93.52722468014879, 17.975839179350217], [-93.52626797006752, 17.975688119450254], [-93.52624460015782, 17.97467024912248], [-93.52506959982811, 17.975436689371406], [-93.52507284975519, 17.974881999589048], [-93.52416125023171, 17.974972649216436], [-93.52416219989726, 17.97220954940241], [-93.52354064987762, 17.97221121911219], [-93.52347820048846, 17.975721449176426], [-93.5226165400346, 17.975695459716118], [-93.52264168996403, 17.97470267914763], [-93.52173838019169, 17.97471091923749], [-93.52170694995061, 17.972212769073806], [-93.5208404497313, 17.972226939242802], [-93.52086876968167, 17.97455050976319], [-93.51997497023203, 17.974568279099653], [-93.51995406035917, 17.972228889454243], [-93.51865642986208, 17.97222094927806], [-93.5186920296518, 17.97319022971828], [-93.51799962023466, 17.973207339829507], [-93.51689434981967, 17.973202919436716], [-93.51682275008928, 17.972223579253694], [-93.51682543004347, 17.973960079859314], [-93.51538542959491, 17.973958258995264], [-93.51537420039185, 17.974252029867813], [-93.51510296974071, 17.974257259873745], [-93.51504669010323, 17.972254289826], [-93.51423531976472, 17.972242889182297], [-93.51427464956146, 17.97430579919044], [-93.51397928016969, 17.974330309898416], [-93.51215841994951, 17.97406771983793], [-93.51176301997246, 17.974107939851777], [-93.51175227967065, 17.97427291948649], [-93.50997217970902, 17.97413299898273], [-93.50995846023605, 17.972236089312126], [-93.508732140238, 17.972228019768878], [-93.50851571971597, 17.97498302947276], [-93.50801207959655, 17.972253629437656], [-93.50710217959995, 17.9722627997056], [-93.50709992023175, 17.974465909080752], [-93.49449167985146, 17.97398527969756], [-93.49448477046734, 17.974719909377484], [-93.49321678026051, 17.97470165934168], [-93.49319965043155, 17.97224665965222], [-93.48655270961493, 17.972211479725612], [-93.4865757797732, 17.974812219454193], [-93.48434748022092, 17.97438733941511], [-93.48218445008818, 17.97430571926582], [-93.48219527961041, 17.97199525915078], [-93.48196733971952, 17.97195853980442], [-93.47555710980923, 17.971770109461445], [-93.47556603038036, 17.972224719566384], [-93.4752851800711, 17.972245489746495], [-93.47534637034589, 17.974450259060756], [-93.47073516957991, 17.974266019526524], [-93.47079142995045, 17.972180539017252], [-93.4662168002059, 17.972176659187234], [-93.46617649000646, 17.972427399075134], [-93.46573662037102, 17.97238868961439], [-93.46594819962155, 17.974324648977436], [-93.46444296997731, 17.97435582947187], [-93.45875035046508, 17.9742901993314], [-93.45877651976858, 17.973454079599854], [-93.4568332001707, 17.973424599328542], [-93.45686225022222, 17.972280259259517], [-93.45376314014744, 17.972209799541822], [-93.45382855027103, 17.974745199332123], [-93.45015350967394, 17.97442584978412], [-93.45008686029632, 17.972158979837786], [-93.44946365009885, 17.972158799063806], [-93.44950990974948, 17.97438007932043], [-93.44886758013908, 17.974330579484324], [-93.44881924968946, 17.972083649774024], [-93.44819408974121, 17.972056169504555], [-93.4481854203116, 17.97431227901555], [-93.44738702038698, 17.97426992063506], [-93.44738891959759, 17.972215199666003], [-93.44568817012257, 17.972280199316568], [-93.44596522978746, 17.97368144984329], [-93.44516235014267, 17.973759399122738], [-93.44485248970412, 17.972276369137074], [-93.44168411971636, 17.972261829573664], [-93.4416761402695, 17.972929679902023], [-93.44194210992264, 17.972947799826162], [-93.44153650974553, 17.973456049218253], [-93.44070197021115, 17.973489479559735], [-93.43911394011529, 17.972899179645925], [-93.43899942960259, 17.97343482943794], [-93.43841569027855, 17.97355837952961], [-93.43775755028742, 17.972261919850542], [-93.43551074029008, 17.97228444910038], [-93.43630362033088, 17.973829679476612], [-93.43576506039159, 17.97387113906311], [-93.43449937012535, 17.97227233937666], [-93.43565042955586, 17.973835109219976], [-93.43423006041452, 17.973979079222868], [-93.43260277985281, 17.972276719849887], [-93.43154213986223, 17.972273829810668], [-93.4331431199576, 17.97422279968141], [-93.43319942976458, 17.97514339920357], [-93.43173811027557, 17.973471749021936], [-93.42924462030474, 17.972358059784476], [-93.4290764596529, 17.972494549819707], [-93.43051935049802, 17.973196779058206], [-93.42984158014949, 17.974241259410284], [-93.4293109196447, 17.973912799258635], [-93.42858554958069, 17.97474901900723], [-93.4283125097324, 17.97462307955364], [-93.42832544967017, 17.974111569582586], [-93.42871415028968, 17.9724997791012], [-93.42835800012197, 17.97224702975693], [-93.42463651986901, 17.972263369576062], [-93.42470389044266, 17.972721629319793], [-93.42430381979929, 17.97310545938107], [-93.42417446025584, 17.974157379263353], [-93.42355524964127, 17.97392037984519], [-93.42383898011951, 17.972253349410025], [-93.4216962801079, 17.972263399806994], [-93.42149761971751, 17.972636519780636], [-93.41999154953075, 17.9732282003234], [-93.41984494969533, 17.974680718977883], [-93.42050183031431, 17.975597429346717], [-93.42055066009044, 17.97626001977729], [-93.42032066048762, 17.97623705904173], [-93.42029195024615, 17.97564576937889], [-93.41962382039497, 17.974715679352364], [-93.41977186043117, 17.973671739385505], [-93.41900712005224, 17.973590149133205], [-93.41669720012352, 17.97528136979812], [-93.41558868028143, 17.97560757929521], [-93.4131774502682, 17.975820889330862], [-93.41126397020393, 17.976836349433448], [-93.40817506027038, 17.977860139052225], [-93.40696496964416, 17.97802404983505], [-93.40373944978307, 17.977959689533055], [-93.40260123004835, 17.97836802953427], [-93.40084768025328, 17.978375049664336], [-93.39949497959579, 17.97953548919893], [-93.39706128044442, 17.98086288962388], [-93.39313177871344, 17.98245777025056], [-93.39038313993915, 17.98316657956214], [-93.38696042846095, 17.982902549160823], [-93.3866157402156, 17.980993800731508], [-93.38389687820911, 17.9754812532162], [-93.3829525498184, 17.97402389257159], [-93.38224264950973, 17.973742259322382], [-93.37930395149107, 17.96891811837503], [-93.37897893999244, 17.965977169898704], [-93.37844834883859, 17.96481714972268], [-93.37793988010212, 17.964016480215193], [-93.37573738041871, 17.963150980347198], [-93.37325397002914, 17.9617202893744], [-93.37282670988117, 17.959734569780995], [-93.37114333956018, 17.957276829111112], [-93.37017846027192, 17.953130119138567], [-93.36874732014222, 17.95096077957903], [-93.36820939962429, 17.94976379900859], [-93.3680347202955, 17.9450003494893], [-93.3813083795096, 17.944980399778807], [-93.3809220896924, 17.942303139236426], [-93.38016845873851, 17.941956430289387], [-93.37390355008931, 17.94072744987357], [-93.36720628937486, 17.94128855047433], [-93.3665195798025, 17.938683819519785], [-93.36670507980546, 17.935469629366832], [-93.36610983012349, 17.932019429725003], [-93.36581862901762, 17.931955800075283], [-93.36599194862265, 17.930788649566477], [-93.36167301974416, 17.930386199734368], [-93.36183762952554, 17.931902519607558], [-93.36232890980027, 17.933028489832306], [-93.36243771028592, 17.934849919550228], [-93.36219571993868, 17.935094569825495], [-93.3612134501273, 17.938872849216093], [-93.35904353976086, 17.942328859708528], [-93.35842570993266, 17.942830799765623], [-93.35573931008763, 17.939102019652346], [-93.35510676964144, 17.94058616979635], [-93.35109762025742, 17.93867490983393], [-93.34767588972166, 17.944313919210654], [-93.34370229007601, 17.94873824943924], [-93.34114943043643, 17.950622429365012], [-93.33874311038586, 17.952036399202658], [-93.33736787976233, 17.95274365958288], [-93.33458122046265, 17.953552369117613], [-93.33347683022728, 17.953691089357417], [-93.32601742019422, 17.953245859550133], [-93.32342015007269, 17.952922109842458], [-93.32219462986886, 17.95254917983303], [-93.32004222000474, 17.949745549154056], [-93.31803591044837, 17.94837557929206], [-93.31604905017218, 17.94755228935983], [-93.31428556962452, 17.94747650907769], [-93.3122380504267, 17.947873339146373], [-93.30993137976432, 17.948006939348804], [-93.30747042969249, 17.947696489625187], [-93.30515848023369, 17.94770733915384], [-93.30048241979397, 17.946876049548763], [-93.29823765047877, 17.947362059109793], [-93.29644102970065, 17.9437810493382], [-93.29561579956432, 17.942587509251933], [-93.29536102030407, 17.941788909539405], [-93.2955274898206, 17.94124531946026], [-93.29711421977449, 17.940004379260877], [-93.29800969006274, 17.938581779752173], [-93.30019296979441, 17.93787685924098], [-93.30112217970964, 17.937302149401344], [-93.30170171004409, 17.936259659044477], [-93.30295243037378, 17.93582313922285], [-93.30514023047125, 17.93554224945878], [-93.3069418800211, 17.935972029634346], [-93.3077038803586, 17.935870219647132], [-93.30890075045963, 17.935010059503206], [-93.3114021704346, 17.93187490919461], [-93.31409705000048, 17.93069347952674], [-93.31722134042722, 17.93052090946193], [-93.31969438014885, 17.929318059819526], [-93.32220436996097, 17.929245819691108], [-93.32347675013573, 17.928549749217506], [-93.32526703015093, 17.92794273901317], [-93.32647330977808, 17.927954199420594], [-93.32765779955348, 17.928225059634947], [-93.3285500502187, 17.928781579623447], [-93.33073008985247, 17.93229404955161], [-93.33381245976204, 17.933894749420503], [-93.33509449001778, 17.93608445959971], [-93.33615338025824, 17.936648859364038], [-93.33667019979391, 17.936601249873206], [-93.33706368974053, 17.936318169625345], [-93.33927631025088, 17.933960219503437], [-93.33993965005111, 17.932852339260336], [-93.34089685011982, 17.930330659593643], [-93.34116589005237, 17.928751979042442], [-93.34062127962675, 17.92573705953231], [-93.3407667404357, 17.923640229905367], [-93.33970728989702, 17.922486889685523], [-93.33884384996063, 17.920485279559866], [-93.33921115015224, 17.918718049670332], [-93.33906593973788, 17.91714247934911], [-93.33930565024677, 17.91494861947787], [-93.33895002016753, 17.913569109273794], [-93.33813709025867, 17.91306024912491], [-93.33799488038102, 17.912142339230208], [-93.33729007958866, 17.911423139397026], [-93.33645188954847, 17.9090288593369], [-93.33617303008019, 17.907860539467666], [-93.33602245015074, 17.904986549629555], [-93.33639100027064, 17.904444369090925], [-93.33759618022235, 17.903877819542945], [-93.34101612026602, 17.903403349339936], [-93.34126191956412, 17.903143969685182], [-93.34236424979244, 17.898431219851798], [-93.34312510959735, 17.89659290907866], [-93.34400961999424, 17.895366999528658], [-93.34459847955237, 17.89378799965851], [-93.34462151979574, 17.892327349602848], [-93.34410235028466, 17.890042709441506], [-93.34429751038846, 17.888464089207474], [-93.3451083702274, 17.887426719305036], [-93.34788664979007, 17.88549214945186], [-93.34997485995216, 17.882592349797743], [-93.34997175012195, 17.879765339494803], [-93.35058276965414, 17.876066029196576], [-93.35026201994896, 17.875241819187714], [-93.34952294952912, 17.874370909871246], [-93.34932521970602, 17.8735465489853], [-93.34944690982267, 17.872344949513536], [-93.35001062968101, 17.87038902955299], [-93.35005876983337, 17.869423079200377], [-93.34971272032611, 17.867962799274213], [-93.34845665027638, 17.866715479832703], [-93.34729857006329, 17.86509110926295], [-93.34515598034926, 17.863043649897953], [-93.34468777006816, 17.862313799120397], [-93.34200462973928, 17.860832249459154], [-93.34067457990692, 17.85934934919172], [-93.33882837992857, 17.858290999717482], [-93.33656314954858, 17.856408479548737], [-93.33429511001872, 17.851698889888972], [-93.33473525995636, 17.849083479277656], [-93.33470885980852, 17.847316619150313], [-93.33527351989211, 17.846208829142004], [-93.33615807962988, 17.845194969557593], [-93.33741188999184, 17.844463479545677], [-93.33999454006526, 17.844201859502515], [-93.34060914994598, 17.843847889300726], [-93.34095290985586, 17.843235029580548], [-93.34060784999654, 17.84259927945675], [-93.34045922015248, 17.84160996968488], [-93.33920396957821, 17.840927968977258], [-93.3398175698832, 17.839608109630426], [-93.3394221199632, 17.83781802940447], [-93.33949368979229, 17.83567411983531], [-93.34057508972144, 17.8348014195367], [-93.34195033994587, 17.832679819205183], [-93.34244127999723, 17.8317134296352], [-93.3430529996309, 17.828673769557312], [-93.34334762042852, 17.82815517989871], [-93.34695855017533, 17.82369904975503], [-93.34830614996238, 17.818915289835793], [-93.34867280009495, 17.81681819966514], [-93.34931076969298, 17.815427599240135], [-93.34928560042555, 17.81490933991473], [-93.34733826034528, 17.81090631914108], [-93.34573678030497, 17.808269339066218], [-93.34346922042312, 17.803654059689496], [-93.34295224997079, 17.80318337985402], [-93.3410553804642, 17.800169719131862], [-93.34063640031366, 17.799298449633206], [-93.34058598002649, 17.79812054917241], [-93.3409297198416, 17.79757837905456], [-93.3418881997444, 17.79696491981372], [-93.34309288962899, 17.796633939667714], [-93.34474054033906, 17.796585199331965], [-93.35005140030333, 17.795519769190715], [-93.35209248037997, 17.795423459890767], [-93.36260110974476, 17.801985319229928], [-93.36503717874098, 17.80311350976506], [-93.36661095019068, 17.802923319702867], [-93.36685656961619, 17.80266390970823], [-93.3668551400173, 17.801462420284267], [-93.36648545939352, 17.80080317989503], [-93.36559913912455, 17.79997959946087], [-93.3655002595923, 17.799555650621997], [-93.36736845914251, 17.798823290611747], [-93.36761365884863, 17.798210489888124], [-93.36739905919961, 17.79692074960775], [-93.36908751924757, 17.796795340249812], [-93.37048596991418, 17.794037429555257], [-93.37193619934659, 17.793446849480585], [-93.37351028970195, 17.79360998078509], [-93.37402704992681, 17.79386854034629], [-93.37422424904227, 17.794245259742688], [-93.3739312296762, 17.795941819235455], [-93.37582143001312, 17.796083650459597], [-93.37640878036545, 17.795852340574115], [-93.37636254016368, 17.7938466007456], [-93.37735747895599, 17.793383687569488], [-93.37760655036726, 17.79306836907012], [-93.37692762034891, 17.792333350704652], [-93.37636780031507, 17.79119655059853], [-93.3766763392042, 17.79100311047157], [-93.37746881985518, 17.79133585902527], [-93.37783294894204, 17.791073349192327], [-93.37743871952198, 17.78940351951525], [-93.37829474021096, 17.784793569949073], [-93.37890905946607, 17.78443949050228], [-93.38033524864542, 17.784367150538074], [-93.3808017793101, 17.78382477014845], [-93.38094848899358, 17.783164950720447], [-93.3805040502687, 17.78172838064173], [-93.37956814960967, 17.78057509040555], [-93.37868301968712, 17.780670349080122], [-93.37747899964397, 17.78140205955988], [-93.37347063034795, 17.781312379048895], [-93.37216716952973, 17.78117250963007], [-93.36916587989433, 17.780139259620668], [-93.36441870970874, 17.77908431983352], [-93.36419751987468, 17.779202349489392], [-93.36402628041286, 17.77995641972623], [-93.36375854036301, 17.782312569761373], [-93.3610076602008, 17.785142569562264], [-93.35956423033863, 17.78730711990161], [-93.35850308001852, 17.78839631990204], [-93.35707679989937, 17.788421379484358], [-93.35552666002529, 17.787645549321503], [-93.35432148018586, 17.787458319049883], [-93.35360845961682, 17.787576859482154], [-93.34778003003586, 17.787347169622215], [-93.34311187975909, 17.787516679253287], [-93.34411274032625, 17.784358829540817], [-93.34619360019299, 17.775616479340545], [-93.34771429033248, 17.772034029252076], [-93.34913509010765, 17.76708527944517], [-93.34969980016311, 17.766330819602967], [-93.35078136986468, 17.76602345980199], [-93.35163972002266, 17.763996539737303], [-93.3520082899664, 17.763760579334992], [-93.35281967960039, 17.763736199366186], [-93.35626254001501, 17.764203829081918], [-93.36174609003591, 17.764527879834215], [-93.3754199500906, 17.766798019211432], [-93.37654875040674, 17.770216659610707], [-93.37728479970882, 17.771523799062884], [-93.37759839981159, 17.771822830071226], [-93.37896974874246, 17.771934310457592], [-93.37926833913605, 17.77217628954088], [-93.3795089791329, 17.773217350167954], [-93.38061767958081, 17.774354380410323], [-93.38106885885708, 17.774505679798008], [-93.38254387997368, 17.774288780104868], [-93.38327181880837, 17.77318875014701], [-93.3836440497135, 17.773016820432264], [-93.38439334988612, 17.773085289971934], [-93.38608265962316, 17.775317020550684], [-93.38617310947744, 17.776027830326754], [-93.38558897931495, 17.776792049977594], [-93.38564211971789, 17.777177489540787], [-93.38657054976898, 17.77756528969412], [-93.38736625985038, 17.777577319552964], [-93.38815546029532, 17.777247600581216], [-93.3896591486616, 17.77595537977179], [-93.39054783037051, 17.773399709942517], [-93.39027365901285, 17.77126825017419], [-93.38957067927325, 17.77009969042729], [-93.38926250964646, 17.76792853989917], [-93.38746348913742, 17.763085229917614], [-93.38679794019743, 17.761790289867143], [-93.38487766024387, 17.75990787910034], [-93.38450765954458, 17.75898951974781], [-93.3837649198596, 17.75498541988339], [-93.38262714030186, 17.75079799965602], [-93.38156611959, 17.748539649355134], [-93.38076645026102, 17.747298259463975], [-93.37679454991003, 17.743659569018245], [-93.3747922595776, 17.74264151926361], [-93.37375714034287, 17.742415579467654], [-93.37311156990346, 17.74180896968966], [-93.37233490956694, 17.74040236924408], [-93.37115142024123, 17.73928196940793], [-93.37106077970614, 17.737804219674324], [-93.36984887999424, 17.737383049218604], [-93.36984843040267, 17.736897739856033], [-93.37023617037046, 17.73651708982817], [-93.37027175020029, 17.73573342980641], [-93.3707121703477, 17.73465781980698], [-93.37111657007044, 17.734344399366165], [-93.37332446038435, 17.733953679394595], [-93.37392692018831, 17.733485539110738], [-93.37394657027698, 17.732994769581257], [-93.37334691019572, 17.732817819467726], [-93.37215790987904, 17.733469109594175], [-93.37184773958536, 17.733148969836087], [-93.37170619980752, 17.732561429543725], [-93.37124983013116, 17.732402739070054], [-93.37065959980106, 17.73253541983723], [-93.37010405964708, 17.7330081697948], [-93.36950537976429, 17.733006059170474], [-93.36907876986817, 17.73216171974486], [-93.36909400024608, 17.73124256950944], [-93.36861556955787, 17.730139509466284], [-93.36892991997733, 17.729618149060656], [-93.36959111980315, 17.729352749037613], [-93.3695646196404, 17.729164489240627], [-93.36870192007984, 17.728960479197003], [-93.3684712797261, 17.72804361917194], [-93.36809791954649, 17.727599379725504], [-93.36741022004412, 17.727676509475234], [-93.36672586016758, 17.72808348936807], [-93.36561155028349, 17.72731627914785], [-93.36524227998103, 17.727272579198452], [-93.36484985011693, 17.727370509206562], [-93.36373201963963, 17.728676979141806], [-93.36304502012322, 17.72882477959965], [-93.36255184960048, 17.728687979562583], [-93.36254897002503, 17.728405249591514], [-93.36345413989542, 17.727949079800858], [-93.36340257017152, 17.727713909904423], [-93.36295761955218, 17.72748241960599], [-93.3630294800519, 17.727293229152522], [-93.36413347971701, 17.72704728945623], [-93.36449845042014, 17.726666849661918], [-93.36429864976428, 17.726362379292347], [-93.36385632032075, 17.726390059326935], [-93.36370140045373, 17.72566101967019], [-93.36244318023523, 17.725248579525548], [-93.36241692041438, 17.725083879453976], [-93.36310390966688, 17.72493607960622], [-93.36312682021172, 17.72477091944049], [-93.36239994974514, 17.723410949641966], [-93.36252072046962, 17.723197739270276], [-93.36286541976718, 17.72324165915124], [-93.36377988003083, 17.72370442914623], [-93.36397441993107, 17.723490519430662], [-93.36281121955801, 17.722747309637356], [-93.36287971969118, 17.722228249724733], [-93.36270546047886, 17.722017799299117], [-93.36189913969069, 17.722520169445254], [-93.36156474017955, 17.72348942938858], [-93.36005447980968, 17.722466649736475], [-93.35985348980489, 17.72204434956219], [-93.35996637966284, 17.721053599734486], [-93.35976732038917, 17.720819799611018], [-93.35968448979429, 17.71992511913334], [-93.3593596298791, 17.71940971966702], [-93.35827166045466, 17.718807149517254], [-93.35802054959902, 17.718291079236128], [-93.35877483041325, 17.717506429903164], [-93.35869534970422, 17.716941619587395], [-93.35798928965029, 17.717631549457032], [-93.3576837799545, 17.716597549757356], [-93.35505947988368, 17.71422779924721], [-93.35430235031865, 17.712882179020863], [-93.35461838044108, 17.712525779269487], [-93.35540436994029, 17.712447799806622], [-93.35554878015859, 17.712140119450186], [-93.3551029401812, 17.711814349840534], [-93.35482583008782, 17.711157119706286], [-93.35509411998348, 17.7109425497734], [-93.35627536985413, 17.711049399623032], [-93.35646775039176, 17.71062345955276], [-93.35562046024172, 17.70950021968355], [-93.35519569025453, 17.706393649714038], [-93.35497276990804, 17.706230749642017], [-93.35441590987713, 17.707084249458592], [-93.3537798199362, 17.707396489086427], [-93.35313610992331, 17.706954719080013], [-93.35292825971848, 17.705849119529855], [-93.35324617958702, 17.70568121951434], [-93.35403786007718, 17.706168739464132], [-93.35403428955007, 17.705815289693586], [-93.35323596954187, 17.70466802981485], [-93.35342953958781, 17.704359909196924], [-93.35421645987317, 17.704376169239197], [-93.35440955014776, 17.704020909428944], [-93.35357522981856, 17.701742879192476], [-93.35374565002026, 17.70157634965299], [-93.35455736963678, 17.701615949248545], [-93.35524237023621, 17.70127968941626], [-93.3556053999014, 17.700710769390263], [-93.35579254017634, 17.699766449425407], [-93.35526606007122, 17.69875804985427], [-93.35455078045834, 17.698529049033965], [-93.35373977990481, 17.698560139386696], [-93.35336843034187, 17.698304369385227], [-93.35319183009764, 17.697858279556524], [-93.35322983002439, 17.696750379901378], [-93.35370317042224, 17.694931519211984], [-93.35594403045553, 17.692860599298136], [-93.356274600349, 17.691514349485587], [-93.35654720006092, 17.68929673975647], [-93.35641570982716, 17.688449629529146], [-93.35672216971062, 17.687150739217905], [-93.35636946046806, 17.68630567926034], [-93.35497983019226, 17.685022519611703], [-93.35490545044546, 17.682525349724788], [-93.35378457015236, 17.68107474937244], [-93.35491939979303, 17.679037659223635], [-93.35509605017955, 17.67705657971663], [-93.35697017012313, 17.67277397933927], [-93.36013232019107, 17.667041919360358], [-93.36050386015512, 17.66489407922072], [-93.360204400116, 17.662021969355816], [-93.35682340038694, 17.650954399907356], [-93.35627776997019, 17.648037449750632], [-93.36196219988437, 17.646287919627646], [-93.37894564988699, 17.64543377954656], [-93.38478871998568, 17.644377939253463], [-93.38459481957308, 17.640130139071026], [-93.38411729035725, 17.637205349369797], [-93.38441297955248, 17.635502169671806], [-93.38496828956622, 17.634176109017787], [-93.38627057964428, 17.63298365899776], [-93.38948845990083, 17.631358399162547], [-93.39494159962503, 17.63022399912422], [-93.39658619988147, 17.629594419410942], [-93.39749509014615, 17.628650849538143], [-93.39857713959607, 17.626449739073138], [-93.39918115025132, 17.625850749819257], [-93.40410339971321, 17.62414225952956], [-93.40767080024094, 17.62145033943405], [-93.40959928996313, 17.61929785984267], [-93.41107992012145, 17.616757479277258], [-93.41177972040848, 17.6146248895741], [-93.41370571043359, 17.604957949897], [-93.41451075032445, 17.602650379306784], [-93.41537037022343, 17.600979679380806], [-93.4163088801092, 17.59804604965414], [-93.4181784000935, 17.593807969589395], [-93.41882726015828, 17.592487280396963], [-93.42048990868427, 17.590047940643732], [-93.4231307792262, 17.58857005949796], [-93.42735924999975, 17.587364340399255], [-93.43275408868395, 17.58713070986039], [-93.43783864978421, 17.587331740507047], [-93.44275756912434, 17.587160999597693], [-93.44447303009099, 17.586897150328], [-93.44524791875455, 17.586579430046328], [-93.44594562024666, 17.585985689658656], [-93.44689317910347, 17.584410430761515], [-93.44796987908174, 17.58076043021617], [-93.44848782921932, 17.576987919101654], [-93.44901976936738, 17.56995728041507], [-93.44999665039497, 17.566392169979213], [-93.4506253693117, 17.56235452022954], [-93.45083575029629, 17.55593931058386], [-93.45067848950671, 17.55239987924761], [-93.45116396871308, 17.54762994070968], [-93.45170704942818, 17.546484229305445], [-93.45239890990443, 17.54598068929299], [-93.45592836870532, 17.54536797975928], [-93.4586495387754, 17.545614179495097], [-93.4603855994097, 17.546528179811638], [-93.46689793899479, 17.551064490116566], [-93.46881097879495, 17.552169548995153], [-93.47297524994099, 17.553493679050455], [-93.4757077787326, 17.553559149103826], [-93.48156122876182, 17.551992199210765], [-93.48263471924355, 17.551419769904246], [-93.4841458201019, 17.5498765494005], [-93.48771162878494, 17.54410545037131], [-93.48816036863563, 17.54295425896264], [-93.48863237913523, 17.539903460620046], [-93.48910902938, 17.538301278978036], [-93.49062643002577, 17.53512905081427], [-93.49231075043485, 17.533667449607314], [-93.49428114007678, 17.53125609069677], [-93.4947193399633, 17.529771550784456], [-93.49561682861585, 17.522728969671565], [-93.49612664895768, 17.52248137932702], [-93.49794021920896, 17.522892320720207], [-93.49847214870616, 17.522674090721303], [-93.49880691916472, 17.52224946009791], [-93.49888668906335, 17.52185760008662], [-93.49862854916005, 17.521641749425633], [-93.49746973977895, 17.52181832037009], [-93.49715362907152, 17.521741169143418], [-93.49712448018056, 17.521514659019584], [-93.49802314893715, 17.51996121972252], [-93.49866017964601, 17.519573519606247], [-93.49974508966561, 17.519305050454093], [-93.49978082867268, 17.51904427984324], [-93.49897048870244, 17.51810954939375], [-93.49856067961476, 17.516579859868738], [-93.49867951972156, 17.516440350497582], [-93.49906753919487, 17.51660872020371], [-93.49927960038812, 17.51783996922643], [-93.49978245898566, 17.51793359903596], [-93.50001208958135, 17.516825050669706], [-93.49928474978789, 17.514142630469166], [-93.50047085935185, 17.513823289035788], [-93.50135417887653, 17.51302565032061], [-93.50130567975131, 17.5125105491373], [-93.50023193858102, 17.5125765401245], [-93.4991454200256, 17.511413259738642], [-93.499445820452, 17.511032879546022], [-93.50032276942403, 17.511347029732246], [-93.50081127902769, 17.510857689385666], [-93.50140888873726, 17.508930919043323], [-93.50230859995861, 17.5072474297566], [-93.50235421938955, 17.506704979146974], [-93.50201270971054, 17.505838120538037], [-93.5023365388468, 17.503704149309005], [-93.5016095094526, 17.503082310026993], [-93.50157107928916, 17.50281125008087], [-93.50249290897003, 17.500421919581203], [-93.5025212797491, 17.49952257952269], [-93.50304218016832, 17.499460829482466], [-93.50374716962594, 17.499722919793907], [-93.50432002001715, 17.499481320684293], [-93.50474645963027, 17.499720950339068], [-93.5047195197313, 17.500200080639665], [-93.50371236925845, 17.50072635048122], [-93.50334724901786, 17.501288229432866], [-93.50453337924866, 17.501014049766496], [-93.50544789019119, 17.501300969506943], [-93.50622899976173, 17.501036849389205], [-93.50755819955853, 17.501404050372], [-93.50750037896539, 17.500934179565093], [-93.50588008018707, 17.499779019215925], [-93.50521631021913, 17.4984094200997], [-93.50439938029568, 17.497531649619955], [-93.5044949701534, 17.497335349978], [-93.50523018023048, 17.49751426026115], [-93.50542756924256, 17.497360090102596], [-93.5054252787583, 17.49652853910067], [-93.50501539990016, 17.495421319553486], [-93.50589950944013, 17.495154060762648], [-93.50580136878634, 17.494281619899898], [-93.50637623008737, 17.493807949965376], [-93.50703562962265, 17.49413728003173], [-93.50762128037694, 17.495226279169977], [-93.50734216870237, 17.4967037999981], [-93.50751725877514, 17.496765249731485], [-93.50858901907343, 17.496086580287457], [-93.50961894969961, 17.49386039978351], [-93.50922237893793, 17.493517950098557], [-93.50782859994118, 17.493620940074095], [-93.50765857915411, 17.493449649038748], [-93.50886967857575, 17.492009370641217], [-93.50916682988465, 17.49048105007756], [-93.50986404866019, 17.490551569616574], [-93.51199902919411, 17.49144694042336], [-93.51318000028031, 17.490687649289793], [-93.51455376933735, 17.49062413956457], [-93.51487859864378, 17.490322819753647], [-93.51403622973463, 17.489669909883897], [-93.51422868900706, 17.489032620703096], [-93.51403053933822, 17.488335370155177], [-93.51287946007449, 17.48842002992212], [-93.51397627923957, 17.487090850059996], [-93.51402235003786, 17.486344400183153], [-93.51338048030225, 17.486042850380233], [-93.51247957860295, 17.486115820486074], [-93.51117850884594, 17.485667229878853], [-93.51110245938942, 17.485414339936955], [-93.51145893999156, 17.48489821941042], [-93.51165325992444, 17.483870310575444], [-93.51155990995136, 17.48324268987226], [-93.51103917902809, 17.482992110335402], [-93.50997608876524, 17.483437739985604], [-93.51074156960594, 17.482493179844795], [-93.51062243026203, 17.482161599613924], [-93.50989151933565, 17.48186862957895], [-93.5089063792091, 17.481098110271002], [-93.50759281897729, 17.48117320012843], [-93.50759486017026, 17.480668910039057], [-93.50863856912144, 17.48003351975318], [-93.5084958603846, 17.479518679572536], [-93.50826842984733, 17.479022120040895], [-93.50773083032695, 17.478752339339408], [-93.50749797026252, 17.47969297021997], [-93.50730027966164, 17.47972963003516], [-93.50616664996487, 17.47850322971497], [-93.50604141990915, 17.477491200349444], [-93.5061908286153, 17.477029850065463], [-93.50750614887863, 17.47585144988225], [-93.50813708016231, 17.476444740287473], [-93.5091347794544, 17.475844630185062], [-93.50899190970934, 17.474998000169403], [-93.5074462502177, 17.47462232015912], [-93.5071628503736, 17.47431571992778], [-93.50720926010243, 17.474071550070594], [-93.50772702038472, 17.473979850177184], [-93.50936731022803, 17.474517969326158], [-93.50983742037744, 17.473994679918064], [-93.50940433875854, 17.47090234997847], [-93.50909070963216, 17.4707255106731], [-93.50880163003681, 17.470921970270652], [-93.50845173881724, 17.471933740246826], [-93.50796317877489, 17.47206728015213], [-93.50770783017374, 17.471730089286837], [-93.50816302943272, 17.469962220149835], [-93.50777224965104, 17.46991225024272], [-93.50719957038939, 17.470573549981747], [-93.50702024971596, 17.470438419216507], [-93.50699910921199, 17.469606909535774], [-93.50816628963956, 17.469368910541615], [-93.50832539869268, 17.469006949137178], [-93.5072186300843, 17.4672562503279], [-93.50713175041517, 17.466488169136266], [-93.5075910193338, 17.465691580535793], [-93.50770165967243, 17.46483259977904], [-93.50846364885899, 17.46452334017187], [-93.50804677898438, 17.463629550733764], [-93.50838288878191, 17.462571149148765], [-93.50895694033076, 17.462416029156], [-93.5094999199061, 17.46124863037003], [-93.5116329802978, 17.45954385004646], [-93.51081007887151, 17.45826244906659], [-93.51180085862246, 17.455584399867217], [-93.51153402953588, 17.454455230249444], [-93.5121230192071, 17.453608459970614], [-93.51170919920727, 17.453107999725127], [-93.5122630496925, 17.452473860394868], [-93.51151581917303, 17.45130072059834], [-93.51148627870185, 17.450839819541287], [-93.51120188932144, 17.45071287999421], [-93.51130134972551, 17.450117260594244], [-93.51101155037311, 17.448369370627475], [-93.51179594946535, 17.44696788979477], [-93.51333156951102, 17.446143449927902], [-93.5136853499328, 17.445536349947474], [-93.51347231017654, 17.44360117016981], [-93.51380472021215, 17.442805260146596], [-93.51515737872153, 17.441176949580065], [-93.51524242917333, 17.44049502929297], [-93.51544148902332, 17.44033317964932], [-93.51831796911078, 17.440047710244013], [-93.51943122929282, 17.439522980113185], [-93.51972593880258, 17.438043259212737], [-93.51942231022385, 17.43711974973394], [-93.5199167795785, 17.435432119197653], [-93.5204447402256, 17.434685290164296], [-93.52141624898141, 17.433828540282967], [-93.5233847191796, 17.433529000200554], [-93.52435267981438, 17.432884230416096], [-93.525183619258, 17.431624780340368], [-93.52532005043936, 17.43080228995303], [-93.52476139897742, 17.429938599943], [-93.52410443008128, 17.429646140572505], [-93.52604009013548, 17.42678587975605], [-93.5392284790611, 17.40890458015006], [-93.54354484921916, 17.402597939516696], [-93.55236682906795, 17.390810139922444], [-93.55539308748345, 17.386331739922987], [-93.57105212430527, 17.365261800632545], [-93.58408718348096, 17.347023362239124], [-93.58970672092725, 17.339852955623854], [-93.59771197101833, 17.328269820298193], [-93.60793981603138, 17.314930020144054], [-93.6185547503835, 17.321726419215366], [-93.62438667967834, 17.322481309062475], [-93.62438398042279, 17.32168462979613], [-93.62464533987242, 17.3211397496829], [-93.6259978303045, 17.319765149429685], [-93.62635814967415, 17.31855928985754], [-93.62662041972995, 17.318286449757625], [-93.62649188031759, 17.316207689770877], [-93.62503312018546, 17.315881909094877], [-93.62551649034626, 17.31514201931812], [-93.62725440003057, 17.314203889377165], [-93.62743197029485, 17.31284314952632], [-93.63586809007941, 17.31435451947887], [-93.64150289030925, 17.317953139908457], [-93.64103034986029, 17.319108259396927], [-93.6429821801383, 17.321839819164897], [-93.64280675012681, 17.32256379991359], [-93.642147290033, 17.323092769364564], [-93.64216257037438, 17.323443999479498], [-93.64309267964074, 17.323873309765293], [-93.64324081962336, 17.32503744982514], [-93.64533454988947, 17.32777322978398], [-93.64542998015733, 17.32909496986767], [-93.64513014999095, 17.33003982939708], [-93.64519833984016, 17.330685709832444], [-93.64452781988916, 17.330766939697426], [-93.64425485042365, 17.331488339647542], [-93.64359148008761, 17.331794749347456], [-93.64281677032469, 17.33125911918792], [-93.64174525958153, 17.331246089143264], [-93.64151459962083, 17.331500939197728], [-93.64161719983676, 17.332474519485416], [-93.64084677972829, 17.332879259114428], [-93.64028323033719, 17.332521119163264], [-93.6396776196216, 17.332755939081256], [-93.63953641974423, 17.333370429853815], [-93.63993480031363, 17.333782029162897], [-93.6399916501379, 17.334279379637877], [-93.63956407993817, 17.334979459767784], [-93.63839754020707, 17.335618339077424], [-93.6370016600643, 17.337151309156567], [-93.63544154008024, 17.336845349506834], [-93.63503693975146, 17.336943799719972], [-93.63495855031108, 17.337701859380473], [-93.63572747984924, 17.33842099935877], [-93.66682533956346, 17.36028864973032], [-93.66930206011848, 17.361915889295908], [-93.67394374985642, 17.364126999237925], [-93.6744757398327, 17.364619799550745], [-93.67492105956302, 17.365579219130225], [-93.67530443010193, 17.36570508966862], [-93.67598062976028, 17.365363659664002], [-93.67699890970572, 17.36575928923109], [-93.67787518032408, 17.36635062965902], [-93.67974431046197, 17.368731939388756], [-93.68142525035984, 17.370091369805763], [-93.68245046033492, 17.370713799782877], [-93.68369900004703, 17.371102459858086], [-93.68574717968855, 17.372367569136888], [-93.68588288974958, 17.373214949513216], [-93.68566821978372, 17.374184259267935], [-93.68509441964103, 17.37423339905907], [-93.68497319955847, 17.374458849123414], [-93.68516192025072, 17.37498534925811], [-93.68428783041485, 17.376097599524986], [-93.68389243000544, 17.37614262972236], [-93.68381582954633, 17.375808139540815], [-93.68425849025583, 17.37498142991311], [-93.68389729024001, 17.374021859435146], [-93.68297065007698, 17.373563779535065], [-93.6827650202726, 17.375255139685944], [-93.6831469803587, 17.376413089719904], [-93.68460230992878, 17.378192679209885], [-93.68580774021885, 17.37712945977496], [-93.68673788965019, 17.37802821905305], [-93.68802840001268, 17.37885159970532], [-93.6893283802667, 17.379139769793447], [-93.69009331990925, 17.379547819478407], [-93.690112430016, 17.38022750926279], [-93.68936311969297, 17.38194807944195], [-93.68948377009372, 17.382332169345343], [-93.68987184984297, 17.382845909846033], [-93.69044834975058, 17.38300057920003], [-93.6911248495816, 17.382244949572755], [-93.69170303045479, 17.38229268966014], [-93.69155585037714, 17.38324245913243], [-93.69181060000687, 17.38520179946243], [-93.6926052804712, 17.38574941937987], [-93.69346562026843, 17.385816539614254], [-93.69400265039799, 17.38682051971809], [-93.69476706023767, 17.387241679887985], [-93.69492021973613, 17.387804369657], [-93.69466277041303, 17.38846741962117], [-93.69412882019023, 17.38873741986385], [-93.69307104995934, 17.38799665915537], [-93.69214954016464, 17.38831525957162], [-93.69176156998334, 17.389114089489578], [-93.69175482965963, 17.390465349807055], [-93.69148207964764, 17.390719489195508], [-93.69059191961894, 17.390343449055877], [-93.68796960042182, 17.391440449077955], [-93.68877250961154, 17.393212459617054], [-93.68761144963025, 17.39516627939619], [-93.6871261203501, 17.395574739854396], [-93.68640800047753, 17.39552970922171], [-93.68609593959499, 17.39529276952129], [-93.68608640025246, 17.394383429343925], [-93.68551521999304, 17.394042629419708], [-93.68504047986052, 17.394016169669886], [-93.6843987696653, 17.39495562904419], [-93.68353873994029, 17.39562817961122], [-93.68339656956697, 17.396482579077404], [-93.68289577974323, 17.397263229756778], [-93.68283217011682, 17.39831519921893], [-93.68237685001712, 17.399001319204256], [-93.68190227986646, 17.40157187935369], [-93.68227235016877, 17.40219621960255], [-93.6835300495629, 17.403373569131958], [-93.68373937007036, 17.40445661910905], [-93.68162675019683, 17.405846429891994], [-93.6795105998918, 17.40945387916936], [-93.67899604976648, 17.41096685976832], [-93.67827766003577, 17.411090829738306], [-93.67772616969854, 17.410483539321604], [-93.67713085010942, 17.410253219261826], [-93.67602346007861, 17.411214019358848], [-93.67341873985724, 17.412273339459954], [-93.67332508011627, 17.41274179944189], [-93.67223422035258, 17.414098109864884], [-93.67301561956833, 17.414972569247777], [-93.67312779996078, 17.41592624976892], [-93.67290415023803, 17.41627671925035], [-93.67226224979058, 17.416337399122327], [-93.67173782001375, 17.41745141990869], [-93.67384634963562, 17.418196739672027], [-93.6738725404519, 17.41906344923478], [-93.67335781971607, 17.419365629553617], [-93.67299630979612, 17.419918309494737], [-93.67237157989692, 17.41990745916758], [-93.6715907203386, 17.418816419165687], [-93.67073975041019, 17.41882648972062], [-93.66981068008185, 17.419312249765316], [-93.66929571018855, 17.420060449558814], [-93.66897228976273, 17.4201662594937], [-93.66706454030034, 17.42000704949038], [-93.66676083035156, 17.419787399781526], [-93.6663358904086, 17.418817799274642], [-93.66622825969868, 17.416161709598565], [-93.66573974018256, 17.41600053972133], [-93.66507226030267, 17.416114879554197], [-93.6653739697195, 17.417105689759648], [-93.66478883040341, 17.418307679294205], [-93.66422220029226, 17.418657819170065], [-93.66394568987701, 17.419398819532077], [-93.66308391015433, 17.419703849319973], [-93.66185948048683, 17.41925990908071], [-93.66127505001181, 17.419265019166435], [-93.66063064980546, 17.418463709859772], [-93.66096282033496, 17.41774719945187], [-93.6609491502582, 17.417006709362486], [-93.66021769035197, 17.416255939244465], [-93.65757929002429, 17.41690673948434], [-93.65653662018637, 17.419085349459568], [-93.65573829011282, 17.41991236940886], [-93.65294986013467, 17.419630319370956], [-93.65285677025919, 17.42008451922162], [-93.65357795029179, 17.421015399748786], [-93.65355414997872, 17.421407419817452], [-93.65124253975883, 17.424650949394188], [-93.65067532011561, 17.429664229152607], [-93.65048192008288, 17.430410519818885], [-93.64930974971023, 17.43247137981541], [-93.64876711970425, 17.4324636592113], [-93.64763908978547, 17.43190962974229], [-93.64700442035206, 17.43109853976651], [-93.64675252000725, 17.43108442950549], [-93.64656288991961, 17.430609369564017], [-93.6456270202349, 17.43032648987203], [-93.64556922038169, 17.431279919542323], [-93.6461581199604, 17.43201977906279], [-93.64534573962284, 17.43296811916953], [-93.6402270504735, 17.43499004917831], [-93.63935642018807, 17.435022319200545], [-93.63820632033374, 17.43608625909264], [-93.6378890001457, 17.437968859245508], [-93.63732602035692, 17.438347059811175], [-93.6371746801712, 17.439124259297774], [-93.6385669101991, 17.439489829315942], [-93.64123716974264, 17.439145349065633], [-93.64213830986961, 17.439416459238355], [-93.64221715004032, 17.43980730942177], [-93.64397078044524, 17.44087584986226], [-93.6447885201491, 17.441616719040464], [-93.64516515045254, 17.442035909373573], [-93.64517988040713, 17.44240157980879], [-93.64494107956811, 17.442636089701317], [-93.64401309008406, 17.44262464953204], [-93.64397448026018, 17.442830289365563], [-93.64304829042919, 17.44314853924618], [-93.64279054043156, 17.44343705975228], [-93.64268265995021, 17.443751509292902], [-93.6440142898328, 17.446002419065234], [-93.64398062993418, 17.446556369164632], [-93.64194133989804, 17.447904549773916], [-93.64132650977676, 17.449121629572964], [-93.64014664973159, 17.44993787914664], [-93.63911550993137, 17.450296489192898], [-93.63692441977656, 17.450065259204937], [-93.63513512018798, 17.451247029223474], [-93.63499686008127, 17.45150216934648], [-93.63539126036157, 17.45167182920597], [-93.6353478195655, 17.45238607928618], [-93.63604698007975, 17.452472829091594], [-93.63639147965861, 17.45275410912819], [-93.63647433975842, 17.45329467921793], [-93.63614984986249, 17.45441053980122], [-93.63659739965485, 17.455276879101735], [-93.6372856897592, 17.455726229013937], [-93.63766105993595, 17.455747259213542], [-93.63955924967142, 17.454692109796106], [-93.64181952028275, 17.456033979586003], [-93.64246234022174, 17.456069969628196], [-93.64323460011447, 17.455236319521973], [-93.64333062032844, 17.4546638797102], [-93.64290444988286, 17.453298459691514], [-93.64294805974211, 17.452348419068077], [-93.64335231966875, 17.45212614974614], [-93.64415711967376, 17.452171199596748], [-93.6449321104557, 17.45266601918044], [-93.64647873988602, 17.453189569055287], [-93.64686237041217, 17.454230909115395], [-93.64580522031028, 17.45574613967952], [-93.64414142017937, 17.456414139708382], [-93.64396251009713, 17.456821819098632], [-93.64463511009053, 17.457843969144584], [-93.6446315696274, 17.458597969004366], [-93.6457941798463, 17.4590362797526], [-93.64739360046511, 17.459188629242067], [-93.64789980000299, 17.45891599913604], [-93.64865765959829, 17.4573046289919], [-93.64949226041675, 17.457101179595558], [-93.65019254017453, 17.457438659404705], [-93.65041402956469, 17.458854659207045], [-93.64980639960183, 17.459823459503255], [-93.64916785035942, 17.460187939158118], [-93.6477124202217, 17.461744089034394], [-93.64741231988789, 17.461505169689133], [-93.6461037499539, 17.461825429413132], [-93.64494019957577, 17.461688659027253], [-93.64302367980225, 17.46079884944444], [-93.6422792597576, 17.459995829831644], [-93.64194154961477, 17.459281909297214], [-93.6404435199135, 17.458820829312614], [-93.63934251990541, 17.45958519982083], [-93.63937522985734, 17.460153079318456], [-93.64017107969859, 17.460837549648137], [-93.64027014972702, 17.461323509437737], [-93.64029945980977, 17.461672339882973], [-93.63958912008194, 17.462122659058966], [-93.6392093203256, 17.463267919155903], [-93.63919035021904, 17.46358001943942], [-93.63995645995554, 17.464631029879182], [-93.63973863004011, 17.46501422960042], [-93.63928893986302, 17.465189779014295], [-93.63867026001674, 17.466256019122653], [-93.63717651961191, 17.466932939283105], [-93.63570125005916, 17.468063679658936], [-93.63559332001516, 17.46971516965438], [-93.6357931099188, 17.470794679435485], [-93.63712096992519, 17.471946859166795], [-93.63696348008189, 17.473872949666337], [-93.63606295038117, 17.47604405907531], [-93.63546531023167, 17.476385949547737], [-93.6351252298969, 17.476854049478554], [-93.63433680045473, 17.479055289352416], [-93.63323954995346, 17.480483909471225], [-93.63218946048072, 17.48127824915773], [-93.63164195015366, 17.48197397969839], [-93.63124776968579, 17.48693219914752], [-93.63004733983455, 17.48861450926309], [-93.62704735046647, 17.49152331930032], [-93.62410485035248, 17.493457229032483], [-93.6242739496486, 17.49454476976258], [-93.62609275047818, 17.496035829128697], [-93.62728297008614, 17.49843693936345], [-93.62829134036369, 17.499166579553986], [-93.62990926024317, 17.50087662948127], [-93.62996576983038, 17.50141341944485], [-93.62946188994641, 17.502005079436596], [-93.6291699498865, 17.502025049512838], [-93.6262863702462, 17.50095133988904], [-93.62567179996795, 17.50083348929006], [-93.62545394969736, 17.500998349718905], [-93.62604877040181, 17.502977549581242], [-93.62607155014874, 17.50442127950805], [-93.62720473976005, 17.50556685950131], [-93.62903702027495, 17.50647751930894], [-93.63346169018578, 17.50729910982297], [-93.63385347995516, 17.507059509125124], [-93.63455384995228, 17.507216429766174], [-93.63677439969976, 17.50863822940955], [-93.63734107987119, 17.509813629613426], [-93.6369589396725, 17.510339719324048], [-93.63652567958626, 17.510444059714402], [-93.63333028973602, 17.5097693195858], [-93.63093285996135, 17.51037673982538], [-93.63001481996743, 17.51161059983922], [-93.6299737396371, 17.512285109213614], [-93.62934322017819, 17.51309157908059], [-93.62767027966534, 17.514224179315413], [-93.62609174011631, 17.514209979112383], [-93.62502077004521, 17.51463707988774], [-93.6254598504695, 17.51677662943403], [-93.62648174017889, 17.51951331903621], [-93.62665606038472, 17.52399736964851], [-93.62524531952411, 17.52571093970423], [-93.62512217995256, 17.526283169282145], [-93.62559302044492, 17.52689807944662], [-93.62693685964673, 17.527419089172238], [-93.62788126030941, 17.528546139482543], [-93.62756022992403, 17.52867624988326], [-93.62747442957824, 17.528952049577114], [-93.62726325007937, 17.53168221950642], [-93.62547994874805, 17.536957289586013], [-93.62469184947462, 17.538263525442687], [-93.62415586042557, 17.53865051009569], [-93.62352596880838, 17.53850993915491], [-93.62030522847077, 17.53682997596576], [-93.6195647490731, 17.53755860063665], [-93.61930530974695, 17.538946029692276], [-93.61818474865963, 17.542104970036615], [-93.61871972038928, 17.54279998082783], [-93.62086434882899, 17.543299629568157], [-93.62152959942419, 17.544826219644523], [-93.62002662980575, 17.54650241950351], [-93.61762953929559, 17.548380570252444], [-93.61657734915278, 17.549868140769078], [-93.61547345895355, 17.55099166027874], [-93.61349702236474, 17.55220768699147], [-93.61449402931451, 17.55350454069249], [-93.61524660003772, 17.555111780259313], [-93.61639193859638, 17.555336660507198], [-93.61752250888954, 17.55516506023789], [-93.61843451912578, 17.554921599197975], [-93.61949064978496, 17.55429528938103], [-93.62197341963783, 17.552443109762866], [-93.624169429842, 17.54917431971339], [-93.62501373912484, 17.54873590995304], [-93.62679819865963, 17.54927894924922], [-93.62946897891456, 17.54936627950952], [-93.63133881899186, 17.549981980298202], [-93.63172308660079, 17.550789816913994], [-93.63161001868154, 17.551304509399657], [-93.63116334012946, 17.55185927968958], [-93.63033965977067, 17.551947680715315], [-93.62999467888272, 17.552175139987547], [-93.62887495415916, 17.55417388467531], [-93.6293225396837, 17.555099019422563], [-93.63019951953636, 17.556124249283705], [-93.6311435495603, 17.55673474065293], [-93.63177967866062, 17.55687994046318], [-93.6333917502801, 17.556945969907716], [-93.63484507888981, 17.556716049435323], [-93.63788940018962, 17.555309429060863], [-93.63829179906786, 17.555288280425124], [-93.63932309029454, 17.55562636941238], [-93.64175331876226, 17.55783239925141], [-93.64237927906711, 17.55810766046982], [-93.64276356974837, 17.55804445076654], [-93.64311773993052, 17.557688090782115], [-93.64382968815254, 17.55559907693901], [-93.64848234045101, 17.55534564977097], [-93.64887645040471, 17.555450660159135], [-93.64884411992772, 17.55695639910128], [-93.64942837912088, 17.557761429257045], [-93.65010297995124, 17.55786734031841], [-93.65303111907224, 17.55979857910221], [-93.65369006018604, 17.559972690184182], [-93.65444302876759, 17.559678200687507], [-93.65468825911417, 17.559299690015415], [-93.65477868840611, 17.558494318958335], [-93.65442194920817, 17.55621519902346], [-93.65456351034527, 17.55549933931175], [-93.65654206005267, 17.555238079473693], [-93.6594339198053, 17.559073369041997], [-93.65964474995708, 17.56109948917305], [-93.65877927991315, 17.564842459493438], [-93.65916927977578, 17.56548633973572], [-93.66192265965253, 17.56615779922607], [-93.66345268006022, 17.566799679474258], [-93.66696934981671, 17.568963909583942], [-93.66785634036884, 17.569756879318028], [-93.66903231034561, 17.569809119373943], [-93.6705407098674, 17.56937245943156], [-93.67121858043531, 17.56956061966779], [-93.67199191973543, 17.57133714953605], [-93.67216051986038, 17.572717279325445], [-93.67191711984148, 17.57323317935109], [-93.67070753999951, 17.574409779360238], [-93.67016362976628, 17.575449539222138], [-93.67015354960083, 17.575615679503944], [-93.67109973987682, 17.576252819885685], [-93.6724926904086, 17.576780649707256], [-93.6731664601478, 17.576782419250794], [-93.67503023037204, 17.5760391792015], [-93.67596017993239, 17.576091019822595], [-93.67682355016045, 17.575702429296275], [-93.67731027955134, 17.57576674981292], [-93.67782608998144, 17.576983629659882], [-93.67727778026233, 17.579164619154277], [-93.67823297961954, 17.57969071981281], [-93.67958374027349, 17.58162091919225], [-93.68071145023598, 17.584211289598723], [-93.68081337981957, 17.584927619016735], [-93.68051134042267, 17.585531889636737], [-93.67963274000365, 17.585899479028438], [-93.67774547983497, 17.58477239967038], [-93.67731084966049, 17.58472077954846], [-93.67712418041992, 17.584997919033256], [-93.6776103198423, 17.585869519276205], [-93.67986246011452, 17.587014909907527], [-93.68162210988376, 17.587178979390178], [-93.68390278034163, 17.58696941990614], [-93.68541884955127, 17.587086349716152], [-93.68616988011489, 17.58909528926099], [-93.68627778008636, 17.590308659485355], [-93.68494233968919, 17.592433799469003], [-93.68720937015844, 17.593694369077834], [-93.69148017003977, 17.59395885964195], [-93.69231262046632, 17.593869679045213], [-93.69320857962873, 17.593495399861546], [-93.6933102797429, 17.59326416966957], [-93.6931335503566, 17.593021259638995], [-93.69155087964775, 17.59138813981522], [-93.69140392001883, 17.590716489728923], [-93.69165128016375, 17.5901759991373], [-93.69311852003447, 17.589495519671893], [-93.69333431981832, 17.589555169628362], [-93.695595399705, 17.592108739270845], [-93.69692775035261, 17.59310482905521], [-93.69946416992917, 17.596023889378348], [-93.699993649553, 17.597104649306385], [-93.69945118013078, 17.599940339116507], [-93.701324149997, 17.607761539777314], [-93.7007033697996, 17.61060942924086], [-93.69965744958884, 17.613685619564365], [-93.69999454041347, 17.613926049814836], [-93.70026853986367, 17.61373277944418], [-93.70162491010527, 17.611395799371394], [-93.70276997046064, 17.611098909174682], [-93.70413097030746, 17.610299139065418], [-93.7056719703892, 17.610835259734234], [-93.70653477007619, 17.61208885980724], [-93.7069968204629, 17.61225344949148], [-93.70909087959136, 17.611356649198665], [-93.70969133958786, 17.611632979704442], [-93.71008956986455, 17.612346799527472], [-93.71047297991016, 17.614080799168843], [-93.70975269027315, 17.616648509563337], [-93.70947218042264, 17.619635429391067], [-93.70887831992741, 17.62068511986326], [-93.70871873964474, 17.621405689499195], [-93.70849269023967, 17.62341584935656], [-93.7097146798897, 17.624988519814682], [-93.709954489942, 17.626927579475858], [-93.71023492042433, 17.62728945958286], [-93.71163394983785, 17.62814679942061], [-93.71325165008906, 17.628701319893974], [-93.7132783497297, 17.629112739845468], [-93.7126561996854, 17.62991422915107], [-93.71318359981784, 17.630670029654762], [-93.7151314001423, 17.632423799596783], [-93.71622152007919, 17.633107849327676], [-93.71835730963629, 17.63389945947438], [-93.71884230962247, 17.63381121910494], [-93.71917041989215, 17.633463519579553], [-93.71885814026898, 17.63189696908567], [-93.7170089403877, 17.62872008958082], [-93.7160266598793, 17.627591949707575], [-93.71552784998381, 17.626209119462406], [-93.71480711021465, 17.62587408970873], [-93.71354011955297, 17.62593431971724], [-93.71318234002112, 17.625507219812025], [-93.71298648020338, 17.624987859486694], [-93.71391694022277, 17.624093739780648], [-93.71355077033816, 17.622813019409183], [-93.71293459954106, 17.62278157966527], [-93.71245971009313, 17.624010139625693], [-93.71206105999985, 17.623844739907685], [-93.71182458020047, 17.622934619360944], [-93.71251431015949, 17.622008309456056], [-93.71302223024128, 17.62169108911243], [-93.71379075012307, 17.621584799030487], [-93.71472817013972, 17.62085307984492], [-93.71570471016375, 17.621101889273504], [-93.71833177975076, 17.62295488961245], [-93.71964532003764, 17.623049149625917], [-93.72115143017642, 17.62275862933102], [-93.72234188993811, 17.623148119111672], [-93.72344053980832, 17.623152629129027], [-93.72360560040755, 17.62373547964613], [-93.72315485019183, 17.625429879045768], [-93.72354656968662, 17.626206339501305], [-93.7249361798914, 17.626048539362515], [-93.72634334962025, 17.626592939380338], [-93.72699182983675, 17.62717274965534], [-93.72861776970264, 17.629612739240823], [-93.72911916954578, 17.62986524955563], [-93.72960911972845, 17.629365419481385], [-93.73024060023421, 17.627707569676243], [-93.73146469035692, 17.62585416980338], [-93.7320376200669, 17.625431829738748], [-93.73288260046881, 17.625760229538955], [-93.73362111008218, 17.627412619123035], [-93.73357938014419, 17.629153259359438], [-93.73238630973088, 17.632367229444956], [-93.73128561996158, 17.63438396946808], [-93.73102468977784, 17.635833339705815], [-93.7315120296516, 17.636208149371484], [-93.73234520024535, 17.635850279904485], [-93.73230622028116, 17.633887779206137], [-93.73250694961223, 17.633506249579483], [-93.73395329028605, 17.632845999655633], [-93.73430821996455, 17.631998119080798], [-93.73457809005251, 17.630279119300614], [-93.73528022024522, 17.630081879107347], [-93.73773463011766, 17.63161964945564], [-93.73798754958354, 17.634950479156394], [-93.73775273956831, 17.636758709350328], [-93.7371878899574, 17.637430249260138], [-93.73250720023286, 17.63920024963741], [-93.72999173978363, 17.64128973977355], [-93.72996494032189, 17.641891739375364], [-93.73043277043156, 17.643105489808047], [-93.73243312016352, 17.64761270906489], [-93.73269195025802, 17.649162219830064], [-93.73344748982171, 17.64971674931163], [-93.73743397004043, 17.651697349191632], [-93.73835557032604, 17.65118402932602], [-93.73943117977733, 17.64989662943082], [-93.7403960799808, 17.649355979499994], [-93.74089090983627, 17.649405709637726], [-93.74116324971415, 17.650833489317993], [-93.74215756999205, 17.653212999450922], [-93.74161812012181, 17.655055649817374], [-93.7425039803592, 17.657095079307215], [-93.74276894998965, 17.657469799828068], [-93.74309145974057, 17.657487629859638], [-93.74406172011628, 17.65699139973833], [-93.74482502976407, 17.65712999960294], [-93.74511954013417, 17.658076179017954], [-93.74651039963777, 17.659540539544405], [-93.74658265960193, 17.660114709458103], [-93.74639749045853, 17.660789629717783], [-93.74287502965021, 17.660728689488174], [-93.74223575012233, 17.66229842955336], [-93.74135557986648, 17.663721119500963], [-93.74108124951101, 17.664782429859592], [-93.74140723007488, 17.665749569693638], [-93.7418295700959, 17.666287619532017], [-93.74241167957352, 17.6665399394812], [-93.7448186903777, 17.662635349319178], [-93.7450957098971, 17.662333619678755], [-93.74562029012203, 17.66222033948187], [-93.74594256985765, 17.66289659958668], [-93.74590734026094, 17.66348282942878], [-93.74707931028361, 17.66835056991148], [-93.74396377001999, 17.670727799874946], [-93.74330724957062, 17.672311259503285], [-93.74300045045186, 17.67402357967166], [-93.74223088000326, 17.675232349479906], [-93.74122601965982, 17.67570467978902], [-93.74047368964078, 17.67466157963966], [-93.73969389017317, 17.67519934941989], [-93.73936023032923, 17.676421429868373], [-93.737990620189, 17.677700349843672], [-93.73819388996252, 17.678860819339256], [-93.73851086012886, 17.67937014984735], [-93.73957824997038, 17.679047819656255], [-93.74117556971235, 17.678125079685074], [-93.7454392896036, 17.67665664976329], [-93.74783534022187, 17.6753843193208], [-93.74855025995376, 17.67564937911873], [-93.74862368001222, 17.677496569241704], [-93.74907598030892, 17.679245419260532], [-93.75032531954672, 17.67955884982308], [-93.75103275008539, 17.679324339407582], [-93.75127441971973, 17.67884830916367], [-93.75131737008638, 17.677179619539604], [-93.75183631995215, 17.67656356929528], [-93.75206154962333, 17.67663459980824], [-93.75233282018048, 17.67734379960763], [-93.7520741103528, 17.678145049666202], [-93.75206336957035, 17.679151779686567], [-93.75257437978358, 17.679851879249853], [-93.75319396977306, 17.680171779143944], [-93.75347192025957, 17.67993804956603], [-93.7534517402863, 17.67900153975426], [-93.75364004967582, 17.67879579937932], [-93.7567191402573, 17.676872459093527], [-93.75711314986239, 17.67726881906126], [-93.7572882203697, 17.67823736923586], [-93.75653472023818, 17.682624349185474], [-93.75620501986144, 17.68274688959339], [-93.75428738029659, 17.682145059755424], [-93.75269071004585, 17.682213629439435], [-93.75179014019102, 17.682820509688586], [-93.75178888966278, 17.683986549507246], [-93.75222628028038, 17.68465762938469], [-93.752998939925, 17.68527694984539], [-93.75469930968285, 17.685919859092476], [-93.75539300034744, 17.685902569135898], [-93.75644971010466, 17.68542636909158], [-93.75701350973469, 17.684787649565422], [-93.75693619969147, 17.68428876942629], [-93.75723342017422, 17.683713769667907], [-93.75755595041771, 17.683626999723156], [-93.75976808010931, 17.685116709023664], [-93.75999237994827, 17.68501799918685], [-93.76038756974972, 17.684011619313388], [-93.76097029004606, 17.683237659588997], [-93.76265164990706, 17.682212949357886], [-93.76398219987888, 17.68193014935877], [-93.76535740004093, 17.68052202926957], [-93.76464870978715, 17.678207059442858], [-93.76374507995567, 17.676482379016264], [-93.76329783002808, 17.6750779197357], [-93.76353762987064, 17.67460684965286], [-93.76504126018297, 17.674573249786803], [-93.76549482984764, 17.67481676919473], [-93.7657833698764, 17.675347029868995], [-93.76526714986178, 17.67624522974631], [-93.76542750965348, 17.677231429706787], [-93.76595906008112, 17.67838454990289], [-93.76721922991965, 17.68008641946582], [-93.76760193986348, 17.681106259645734], [-93.76820831969711, 17.684134109339634], [-93.7681824900003, 17.68456502906965], [-93.76765554961686, 17.685210969116536], [-93.76763599971675, 17.68553714968203], [-93.76820180017266, 17.687954179859204], [-93.76883028020742, 17.688108719465117], [-93.76993958021816, 17.686919719383127], [-93.77035812013293, 17.68678410912194], [-93.77191908974162, 17.68702319918179], [-93.77293286023504, 17.687653539835924], [-93.77276488017137, 17.690867449883246], [-93.77242715023876, 17.692207349726868], [-93.77256987974405, 17.69270897970682], [-93.77311891968468, 17.692721289135527], [-93.77461254029123, 17.692027619222724], [-93.77544992016301, 17.690623939044006], [-93.77608233976231, 17.690345449062495], [-93.77713245971455, 17.690846949451714], [-93.77779724967913, 17.692454818996076], [-93.77830185998587, 17.69242984913204], [-93.77862775009831, 17.691719259786446], [-93.77797982048364, 17.69043273910267], [-93.7779350902867, 17.689927949401962], [-93.77896942015107, 17.688904519103605], [-93.78052297963704, 17.688672349734272], [-93.78157017031403, 17.68898579981421], [-93.7822241400069, 17.69006005957698], [-93.78219728022543, 17.691359599647413], [-93.78102332014345, 17.69252362918809], [-93.78094300029075, 17.692841919037633], [-93.78123222983908, 17.693237509214693], [-93.78240217036848, 17.693096479277397], [-93.78334260048568, 17.692293109196598], [-93.78379554983633, 17.691380179376324], [-93.78478631003892, 17.69090248921534], [-93.78528836964925, 17.691046279861727], [-93.78555616980212, 17.691365049854404], [-93.785874719966, 17.69270445911515], [-93.78708279994997, 17.69424654989713], [-93.78754823013968, 17.694381459613894], [-93.78949267991787, 17.69399447944393], [-93.79046557037178, 17.69470424982711], [-93.7910652300033, 17.694737179699732], [-93.79150853986366, 17.69403182958886], [-93.79135976972431, 17.693724939566206], [-93.7915371797772, 17.692961859270117], [-93.79204512018408, 17.692619049106018], [-93.79496508009456, 17.692468939631215], [-93.79561127996075, 17.69260841963559], [-93.79762181985357, 17.69241205946488], [-93.79784967962195, 17.692244579598743], [-93.79797243044757, 17.691635229029284], [-93.79744856979232, 17.691109799462595], [-93.79664425992998, 17.690779199140316], [-93.79626193989368, 17.689904289554786], [-93.79647854993317, 17.689214819875616], [-93.79793256977287, 17.688427599267747], [-93.7988911503802, 17.687403319348736], [-93.8001250602865, 17.687517999560026], [-93.80205716968706, 17.68807122949784], [-93.80392631012236, 17.689493629637255], [-93.80477347977296, 17.689250649151276], [-93.80515465965863, 17.689355509221766], [-93.80539807990253, 17.68973173902543], [-93.80612685023843, 17.69296028902573], [-93.80697711955814, 17.694576079557006], [-93.80724051028368, 17.697259819093002], [-93.80705920007135, 17.698272219569343], [-93.8061180904284, 17.700193249536607], [-93.80632371960326, 17.700945259224234], [-93.80621272019354, 17.701509719651533], [-93.80531290990288, 17.7026339794515], [-93.80516485042895, 17.70337344953898], [-93.80556646044425, 17.703747109430008], [-93.8068762900743, 17.704309829668], [-93.80708126001183, 17.704768779127484], [-93.80698908024641, 17.705919029139054], [-93.80714061996375, 17.706106509355372], [-93.80778866024893, 17.706153709560148], [-93.81054819981652, 17.70459157970894], [-93.81204042025922, 17.702860779839476], [-93.81260943034823, 17.702517939652054], [-93.81302870958379, 17.70290116911987], [-93.81286187994947, 17.703917019845044], [-93.81238452022482, 17.704520149549353], [-93.81111579996455, 17.705331939662486], [-93.81066328971532, 17.70617470946108], [-93.81123074045098, 17.706814679666508], [-93.8125406002752, 17.706923169776264], [-93.8128982798285, 17.706547349260106], [-93.81409316999473, 17.70389625910543], [-93.8143874298055, 17.703628919119172], [-93.81596593968575, 17.703413949294497], [-93.81685514036461, 17.70176091943838], [-93.81843339979058, 17.700769399180402], [-93.81932611988688, 17.69946793922627], [-93.82011094034841, 17.699398369511478], [-93.82062494032684, 17.700676059226087], [-93.82145338023314, 17.70108359925986], [-93.8216939801148, 17.700822579808843], [-93.82185979955368, 17.69956945986684], [-93.82234068042165, 17.699576509725684], [-93.82327124988936, 17.70148341921736], [-93.8228867803624, 17.704100049440477], [-93.82356429006421, 17.704843739877415], [-93.8258062297483, 17.705523749496493], [-93.82599556952502, 17.705959399708167], [-93.82374370985202, 17.708524739449494], [-93.82351080002472, 17.70942859989196], [-93.82416037995195, 17.709734259248705], [-93.82538622034771, 17.709696549610864], [-93.82650355000116, 17.710787259049567], [-93.82755437968083, 17.71104411959132], [-93.82864664993384, 17.71294014906995], [-93.8284291098344, 17.713727939778394], [-93.82745723046743, 17.714028659395126], [-93.82671592039269, 17.714738739564194], [-93.82663703043222, 17.715344049587575], [-93.8270377096132, 17.71657294961015], [-93.82707148014886, 17.717458369589405], [-93.82610265989646, 17.71878219950761], [-93.82658643027229, 17.71919161984815], [-93.82769445022329, 17.718924349276524], [-93.82849648038862, 17.718470569358626], [-93.82879612019323, 17.71800582906315], [-93.82864305042621, 17.716470969151676], [-93.82887295029906, 17.715072179724853], [-93.82981051038747, 17.714066999190674], [-93.83045722011896, 17.713701689269808], [-93.83143880015756, 17.71411896944689], [-93.83279181954204, 17.715704479498374], [-93.83375088004959, 17.71642656933341], [-93.83415153987963, 17.71662339950232], [-93.83490717024776, 17.716549739789038], [-93.83621451029029, 17.715638379297328], [-93.83675743036783, 17.714184259226364], [-93.8373805700236, 17.7136110798462], [-93.83772697009863, 17.71353031949944], [-93.83851634017434, 17.713898219345058], [-93.83936302990621, 17.714973249282675], [-93.83991214029713, 17.714900449175573], [-93.8399770202051, 17.71452085979562], [-93.8397280600636, 17.713999889120547], [-93.83876557037294, 17.712831689041117], [-93.83866442989185, 17.712176909754387], [-93.83883586025625, 17.711490059705948], [-93.84066257975512, 17.71190196899562], [-93.84302008978953, 17.711366579353125], [-93.84359648001765, 17.711541309040353], [-93.84418395003578, 17.712334679609036], [-93.84589042008062, 17.71718725913686], [-93.84638282981079, 17.71709364968541], [-93.84664600010058, 17.716679029076683], [-93.84641445026946, 17.714930509725598], [-93.8469961699324, 17.714093259791692], [-93.84740331026322, 17.714151219730475], [-93.8479309701352, 17.71461905987138], [-93.84848986003931, 17.715738569822772], [-93.84888089042953, 17.71609936978342], [-93.85040267982075, 17.716656219890115], [-93.8505337795632, 17.71719919922561], [-93.85039604976471, 17.71739722905009], [-93.8498787800032, 17.71764336914912], [-93.84843563023308, 17.717770199360338], [-93.84819757019018, 17.718000619453967], [-93.84797608033976, 17.71874405974453], [-93.84803153991646, 17.72001097912244], [-93.8485813097316, 17.72070888901972], [-93.84951322997213, 17.72084267935089], [-93.85042434978715, 17.719911799437526], [-93.85109462985321, 17.719626629835915], [-93.8533031404772, 17.72020585929886], [-93.85617631984299, 17.719503479863192], [-93.8568654202873, 17.71905844951914], [-93.8587182499316, 17.717139049753527], [-93.8592859203805, 17.716852719504303], [-93.86029439964817, 17.717132179738023], [-93.86040493970143, 17.717831479356132], [-93.85867857963144, 17.72089053987411], [-93.86164292030954, 17.720943879708297], [-93.8629875701048, 17.72171304973092], [-93.86499603046698, 17.722186629523033], [-93.86525389020657, 17.72201919932067], [-93.86507383033197, 17.72106368904337], [-93.86522296983574, 17.720663619526253], [-93.86590974957564, 17.720165349127036], [-93.86647725039423, 17.719309769506957], [-93.86696365954404, 17.718941319568682], [-93.86871056959366, 17.718423979682722], [-93.86918279978292, 17.717978718996314], [-93.86892284992548, 17.71754311930122], [-93.86832347953587, 17.717417969588052], [-93.866103339697, 17.718063779673585], [-93.86461927983322, 17.71671567907616], [-93.86498169002216, 17.716473149624246], [-93.86591020030637, 17.71662002919726], [-93.86667931041754, 17.716488369562125], [-93.86721758042404, 17.71614627950371], [-93.86726956977313, 17.71544182944093], [-93.86638955043712, 17.71463561960939], [-93.86640882045188, 17.71407302914677], [-93.8670240899224, 17.713907369414052], [-93.86810277984155, 17.714287549098287], [-93.86863366019351, 17.714121219229774], [-93.86935125043297, 17.713497059348544], [-93.86999707985721, 17.71353602910401], [-93.87120664955916, 17.71539173952698], [-93.87182545001026, 17.71585896966253], [-93.87311365987105, 17.71626559983318], [-93.87441640008007, 17.71788847905725], [-93.87480426042397, 17.71978674952456], [-93.87541592024564, 17.720518399688675], [-93.87562142007938, 17.721126679537495], [-93.87593211030772, 17.72387845926026], [-93.87566461955082, 17.725636399163164], [-93.87586297988393, 17.726528879169493], [-93.8762772801401, 17.726674939070744], [-93.87660263007405, 17.72650679939813], [-93.87680394006179, 17.724867689489322], [-93.87713577992923, 17.72446481939908], [-93.87749351967106, 17.72440814925053], [-93.87974490957109, 17.724992309233222], [-93.88046606003097, 17.725678859342192], [-93.88072222030696, 17.726277619876512], [-93.88039516990541, 17.7288406791937], [-93.87993395020274, 17.729180799107997], [-93.87879951982362, 17.72917613902256], [-93.87764313979491, 17.73078773974463], [-93.87670153984287, 17.7313073491853], [-93.87601277983956, 17.732181969351863], [-93.87592945024895, 17.73275405914714], [-93.87616260012737, 17.733298939062518], [-93.87684748032181, 17.73343707903623], [-93.87884052044846, 17.733256199362867], [-93.88204323028774, 17.73402205962049], [-93.88333797975935, 17.734853849738453], [-93.88366160037745, 17.735533779505953], [-93.88328068956037, 17.736149709583025], [-93.8828149395474, 17.73627828983776], [-93.87999291007301, 17.73608544921608], [-93.87952071032737, 17.736277029340208], [-93.87822399961861, 17.737518799557698], [-93.87765237011784, 17.736894649424823], [-93.877426000128, 17.735907819467744], [-93.87712085019983, 17.735585909357827], [-93.87657714981735, 17.735362709432067], [-93.87536353972249, 17.735580779216647], [-93.873760169651, 17.734662969144114], [-93.8734434602966, 17.73514945925356], [-93.87327768030384, 17.73687444941118], [-93.87351125002039, 17.73728270905077], [-93.87435568996538, 17.737752859367472], [-93.87476301978222, 17.738292969418993], [-93.87478575010117, 17.7393415191025], [-93.87432615022331, 17.739929089134282], [-93.87263522002522, 17.740884819170088], [-93.87046859987248, 17.739026999558153], [-93.8700335204652, 17.73888354961431], [-93.86960851031962, 17.73932330953412], [-93.87027158021597, 17.74147928939557], [-93.87040245962409, 17.74389324928074], [-93.87105440032956, 17.74445333975349], [-93.87371131023845, 17.745862419685164], [-93.87441731027234, 17.746614679470614], [-93.87466808972434, 17.747206309474073], [-93.87448625982815, 17.748175199616707], [-93.87325682010133, 17.748422999101688], [-93.8706413204891, 17.749628919060193], [-93.8699927398688, 17.75016971903472], [-93.87003317026277, 17.750609649710203], [-93.8714872197666, 17.752950339517152], [-93.87278307952882, 17.754240459483164], [-93.87423610968503, 17.75529019956103], [-93.87461963000005, 17.755386289432924], [-93.87519332034728, 17.755200349454846], [-93.87720259970492, 17.753616969496886], [-93.87744532043043, 17.753640339355535], [-93.8777149396537, 17.75394474969799], [-93.87764011982006, 17.754311849704088], [-93.87659661952493, 17.75603265969482], [-93.87704877986347, 17.75656357939326], [-93.87739122994162, 17.75654153978182], [-93.87775476961396, 17.75620874926087], [-93.88005085001474, 17.753117709077454], [-93.88075346047683, 17.75163045917882], [-93.8812370303177, 17.75129821927741], [-93.88442445976814, 17.75361021918399], [-93.88488735012487, 17.754268289760603], [-93.88477502036682, 17.754794479715752], [-93.88307031997918, 17.75608581911772], [-93.8830982604543, 17.756574689559912], [-93.8840072804262, 17.757071829543968], [-93.88534877044981, 17.757224719581917], [-93.88579278027798, 17.756635909442526], [-93.88627144977232, 17.75530117911341], [-93.88756116962564, 17.754288079842745], [-93.88790340006338, 17.75377307945094], [-93.88787575012054, 17.75334530907322], [-93.88658706000288, 17.75184911963355], [-93.8866589197664, 17.75101579918869], [-93.88895934045635, 17.748732859222834], [-93.89128016979524, 17.74808077973812], [-93.8923370603759, 17.748245659899315], [-93.89335251035726, 17.748818649584187], [-93.89388492021399, 17.74964625976211], [-93.89386325006214, 17.751438449562684], [-93.89332206022125, 17.751496059181495], [-93.89227786013723, 17.750832889326606], [-93.89157508979062, 17.75066947971719], [-93.89068558027195, 17.751126909052196], [-93.89045382982117, 17.75250342937819], [-93.89220574028177, 17.753677349581956], [-93.89434096982932, 17.75308956899726], [-93.89756961987166, 17.753585309039185], [-93.89907136954552, 17.753512259304006], [-93.89977711984076, 17.753974119413524], [-93.90039547984536, 17.755526569140866], [-93.90106888022137, 17.755669319387774], [-93.90150367959673, 17.755071689507623], [-93.90138858025871, 17.75316945970732], [-93.90172377972378, 17.751931399259085], [-93.90353122966587, 17.750486279041862], [-93.90433336971981, 17.750122489661276], [-93.90530144992961, 17.750441539240587], [-93.90626031998495, 17.751873829597013], [-93.90787089023468, 17.752926279831787], [-93.90795019968799, 17.7546352490514], [-93.90863022024598, 17.75486887927051], [-93.91011941973298, 17.75469101913439], [-93.9114193198568, 17.753904619835154], [-93.91292708981221, 17.753845919606533], [-93.91329631029691, 17.753668599870906], [-93.91348331031361, 17.75319234960752], [-93.91360357969276, 17.750736399399457], [-93.91428734986525, 17.749827849455965], [-93.91546828977575, 17.749649029575842], [-93.91781713962341, 17.750473769433142], [-93.91834720044665, 17.7502641693861], [-93.9187665502289, 17.749272419844203], [-93.92011561986145, 17.749704229664417], [-93.92121576964472, 17.748528289475527], [-93.9218412203287, 17.746578459724216], [-93.92231462957295, 17.746328339049057], [-93.92283480042478, 17.74678037963531], [-93.92333941998274, 17.747965769770754], [-93.92393930959561, 17.74838028972986], [-93.92638405008175, 17.747936489036267], [-93.92709681976315, 17.7480943790502], [-93.92720031016734, 17.748497229299005], [-93.9267349396666, 17.749478249668506], [-93.92461376969467, 17.750913429539644], [-93.92490636972748, 17.75137337946601], [-93.9273215395785, 17.752132739512362], [-93.9291255095294, 17.75325679960816], [-93.93210345986832, 17.75320971923379], [-93.93330425994658, 17.751761079566336], [-93.93487046008983, 17.752925169151162], [-93.93579837037989, 17.752997339204626], [-93.938374020153, 17.752468029354105], [-93.94010725983132, 17.75316990909157], [-93.94063831977766, 17.754261779418748], [-93.94155931959202, 17.75525453902268], [-93.94142983043544, 17.75558007982681], [-93.94020109027714, 17.755798279470387], [-93.93901337034963, 17.755548449664968], [-93.93772199993491, 17.755782279668328], [-93.93532988009889, 17.758369549822795], [-93.93525945961537, 17.759096849097176], [-93.93587930995773, 17.75963097949813], [-93.93656725005008, 17.759775399576906], [-93.93737597960195, 17.75965404936743], [-93.93847910996809, 17.759145259376414], [-93.93953847983252, 17.75905490983452], [-93.94114362955688, 17.75984971902172], [-93.94157945971622, 17.76054714983357], [-93.94148360013693, 17.760878879080746], [-93.94047517045715, 17.76133882911558], [-93.93988662009778, 17.7622583098013], [-93.9400263204801, 17.763187219322653], [-93.94084802045869, 17.765106019079795], [-93.94165368033735, 17.765722089111623], [-93.94416633973246, 17.766669599423732], [-93.94665994038095, 17.76822434957681], [-93.94775320021796, 17.768399819016018], [-93.94886171031192, 17.768910879082863], [-93.94949857017342, 17.76948877982007], [-93.94963798017088, 17.770353109121555], [-93.94907305004638, 17.772181819673346], [-93.94924722028634, 17.773178289289593], [-93.9521869404193, 17.776459459132894], [-93.95327632037721, 17.77931639979985], [-93.95382811981652, 17.77996373959475], [-93.9561038195543, 17.781720179490954], [-93.95617797004513, 17.782316719238914], [-93.95591223013035, 17.783043119491275], [-93.95349170975871, 17.785422619408305], [-93.9529470895886, 17.786687949707], [-93.95292797974861, 17.78726005905928], [-93.95335349004844, 17.788343779608315], [-93.9529566601522, 17.79025768971556], [-93.95310894991947, 17.792123919342266], [-93.9545649799567, 17.795097399475967], [-93.95488062997383, 17.797204349765412], [-93.95537502978621, 17.798759749605072], [-93.9553397203185, 17.79958614937687], [-93.95513253963482, 17.7998055793072], [-93.95450711031341, 17.799732659415206], [-93.95284443014536, 17.79863913902296], [-93.95222861978105, 17.798509179421476], [-93.95149602957687, 17.79881276923517], [-93.95066757043277, 17.799747479802495], [-93.95063139967353, 17.80041241983501], [-93.95126997959616, 17.801093079040907], [-93.95444613935648, 17.80133403594546], [-93.95636589489527, 17.802255348722586], [-93.95770688991874, 17.80243973987947], [-93.95915354011349, 17.802081279039694], [-93.96006344966857, 17.801544999518633], [-93.96058266014373, 17.80030319909964], [-93.960601740018, 17.798299289365335], [-93.96118637006363, 17.798163479096743], [-93.96184237019504, 17.798388169175528], [-93.96262873992539, 17.798868629208204], [-93.9631678801084, 17.799502259019455], [-93.9630134895696, 17.80031585959159], [-93.96067058017172, 17.801903819250615], [-93.9595902899704, 17.803052689712395], [-93.95782751956598, 17.805573449101605], [-93.95725632002454, 17.806580689043365], [-93.95670388996749, 17.808729949603272], [-93.9568009703481, 17.810640249201583], [-93.95768877971861, 17.811824419314213], [-93.95858481998933, 17.81216624971994], [-93.95989623040049, 17.812482709638203], [-93.96339845039347, 17.812715649887036], [-93.96447558021158, 17.813667259762685], [-93.96517188982068, 17.81484668954241], [-93.9670430901635, 17.81592956945873], [-93.9677811100343, 17.81662867975687], [-93.9680121195966, 17.817149849189843], [-93.96799617028881, 17.817871679658488], [-93.96756625032374, 17.819108369602542], [-93.96712142974756, 17.819423949516207], [-93.96616514029503, 17.81945997927745], [-93.9635761995695, 17.81852174959429], [-93.96246678037383, 17.818399339076276], [-93.95976765964097, 17.819111849514886], [-93.95832778015615, 17.819728999415272], [-93.95828054963964, 17.82045437905314], [-93.95884045009439, 17.82119761924494], [-93.96187413955501, 17.82280951912048], [-93.96311777031633, 17.824042449717187], [-93.96345619988452, 17.825092768999706], [-93.9635138300613, 17.82769421967846], [-93.96499469020381, 17.829967549375233], [-93.96457852001403, 17.830499339621955], [-93.96387441991821, 17.830629279806065], [-93.96098194008236, 17.830732689579236], [-93.95934854028576, 17.83061299957047], [-93.95844455024212, 17.83024384968121], [-93.95830081959248, 17.82952753945527], [-93.95898422974761, 17.827531879318396], [-93.95915548040898, 17.82615401962618], [-93.95906405032629, 17.82575559960681], [-93.9583012303948, 17.825179649412974], [-93.95744272009668, 17.825315279355074], [-93.95688721990807, 17.826819169411788], [-93.95595002978916, 17.833395179703757], [-93.95620902012823, 17.83415610951309], [-93.95784941987625, 17.834516399765466], [-93.95891422961905, 17.83516301964549], [-93.95954882993306, 17.8369951095738], [-93.95983877045381, 17.83727104949761], [-93.96052762990082, 17.837263399326083], [-93.96173557992051, 17.83522847932904], [-93.96239597045592, 17.834505419236223], [-93.96289505029199, 17.834308049143946], [-93.96361317966141, 17.8344712796974], [-93.96547541972096, 17.83576981901032], [-93.96787886021892, 17.837046659109372], [-93.96863057979961, 17.83798876946418], [-93.96858740019455, 17.83891507991243], [-93.96795773970712, 17.83965324903259], [-93.96700082960616, 17.84011159973271], [-93.9656236499544, 17.841404259133476], [-93.96659081953668, 17.843615629529058], [-93.96778616956792, 17.845252339860593], [-93.96826445015523, 17.845281089505697], [-93.97109263046812, 17.84256136920119], [-93.97212676976692, 17.842301779458403], [-93.97317926027524, 17.8423359194218], [-93.97389037969538, 17.842864999451994], [-93.9742598796721, 17.84362494971048], [-93.97380100027169, 17.846253429476196], [-93.97398131970826, 17.84746045912626], [-93.97440012023334, 17.848509819166484], [-93.9759483697681, 17.850372249436823], [-93.97809652011307, 17.851602319084662], [-93.9812377402021, 17.851178679164843], [-93.98376731977822, 17.851765109147692], [-93.9845672598232, 17.85157493927475], [-93.98532954956393, 17.850782739535223], [-93.98629305015471, 17.847726599528627], [-93.98624361991672, 17.84705893968778], [-93.98596745027471, 17.84677564981326], [-93.98544087991816, 17.84673450942662], [-93.98164462031387, 17.847202549132472], [-93.98116220036982, 17.84686553961288], [-93.98116908961983, 17.84603333962765], [-93.98220481980998, 17.84151401941541], [-93.98270513964533, 17.840155139388703], [-93.98317261994363, 17.83985714964531], [-93.98367693992911, 17.84001885953495], [-93.98430542963968, 17.840729369585475], [-93.98528082978696, 17.843575139766894], [-93.98596040007085, 17.84439291916323], [-93.98735959994032, 17.84498807965013], [-93.98823918023574, 17.84472084959127], [-93.98838225009057, 17.843690859088184], [-93.98824139998005, 17.842014149439258], [-93.98691193981361, 17.838923459785544], [-93.9862685095921, 17.83634819933495], [-93.98650132014573, 17.834989289805872], [-93.9869341503469, 17.834636719201967], [-93.98787082041021, 17.834358249297367], [-93.98949683022599, 17.83460185943453], [-93.99035975038369, 17.835473449846088], [-93.99120908023589, 17.839483109512265], [-93.99176734007476, 17.840878569479795], [-93.99461467988894, 17.84602010954085], [-93.99508766019392, 17.845993879507063], [-93.99562192028013, 17.845466649405253], [-93.99608792047437, 17.8444174891276], [-93.99676623016296, 17.841141519724893], [-93.99763751022829, 17.839520339128768], [-93.99724490971693, 17.83887633900338], [-93.99652448004835, 17.83894570955584], [-93.99550923007865, 17.83949834932771], [-93.99457177035575, 17.83963451903697], [-93.9938730598688, 17.83949571975397], [-93.99374332025894, 17.838795629423327], [-93.99412589043776, 17.837633049358136], [-93.9949160296559, 17.836788429353945], [-93.99561230992919, 17.836618079566477], [-93.997484260325, 17.836817059173768], [-93.99792662999839, 17.83710428981626], [-93.99910104982413, 17.83873877988726], [-94.001498310445, 17.841112859836166], [-94.00296837975557, 17.842255139210998], [-94.00393101990475, 17.842227689670896], [-94.00448849013182, 17.84174147938034], [-94.00517852026967, 17.84033182983143], [-94.00622608045158, 17.839954779167694], [-94.00784509006034, 17.840307249513767], [-94.01279245041192, 17.842493659546978], [-94.01634295000476, 17.844492379045086], [-94.01720977985927, 17.844147139166264], [-94.01755997027549, 17.843109479635025], [-94.01754325966958, 17.842673419158935], [-94.01676431020972, 17.8409329098568], [-94.01671757033688, 17.84022441957728], [-94.01702711000983, 17.839554969882702], [-94.01758183016766, 17.839429419358293], [-94.01877969023045, 17.839695769067344], [-94.02126451028384, 17.840868539880077], [-94.02226290956435, 17.841122279768527], [-94.02377224958668, 17.841059859444197], [-94.02594743044567, 17.840380619927775], [-94.02627546012666, 17.84046065906264], [-94.02663462015316, 17.841003949087927], [-94.02666521982879, 17.841371779431547], [-94.02632660039666, 17.841932369587447], [-94.02579323023683, 17.842433659551187], [-94.02383005003873, 17.84313019934451], [-94.0232539698613, 17.843505979893287], [-94.02279679985242, 17.84418647937654], [-94.02268778010307, 17.84529816907662], [-94.02303867974726, 17.846257249340507], [-94.023833019896, 17.84645170980048], [-94.02807057032311, 17.845319059898387], [-94.0290304600058, 17.84537196976303], [-94.02944750960496, 17.845669539869906], [-94.02979555022273, 17.84661427950461], [-94.0295916496996, 17.84756967940598], [-94.02845713983257, 17.849119979110217], [-94.02855611044504, 17.850638549117196], [-94.02913502009208, 17.85239904981869], [-94.02982281995043, 17.853309849277483], [-94.03045112016119, 17.853763739496827], [-94.03271574953136, 17.854692169714596], [-94.03286497018352, 17.854919979438503], [-94.03315494025648, 17.855887309465917], [-94.03321508011413, 17.857360259510298], [-94.03233031964007, 17.860878749415757], [-94.03268201996717, 17.86212641974447], [-94.03316917966693, 17.862305379796336], [-94.03639871955617, 17.862048769225936], [-94.03715262032965, 17.862157369869717], [-94.03753443008004, 17.862658779800018], [-94.03704742034431, 17.8661328597311], [-94.03722326022853, 17.867176419175777], [-94.03805520018285, 17.869135059304035], [-94.03799323044255, 17.86997208954045], [-94.03724579982998, 17.87080625926869], [-94.03653004986312, 17.870984249408643], [-94.03427173971104, 17.870016489093683], [-94.03315859989516, 17.870338089273734], [-94.03261425995159, 17.871331369282547], [-94.03263845008537, 17.871731149145237], [-94.03315848025302, 17.872557219190593], [-94.03526678041841, 17.87300219959561], [-94.03769974027647, 17.872330369692065], [-94.03875883007761, 17.872261369319858], [-94.04162716996565, 17.87358924966478], [-94.04289809019109, 17.873506429493506], [-94.0433465196571, 17.873187249577434], [-94.04330222966375, 17.872196049315935], [-94.04180063005381, 17.86933424912161], [-94.04162425977448, 17.868305349571276], [-94.04203719999845, 17.867830229549984], [-94.0428764301955, 17.86743990974876], [-94.04378418015153, 17.867417979188037], [-94.04509142043126, 17.86807554971952], [-94.04606084961664, 17.868935369193103], [-94.04686430966824, 17.87024293934483], [-94.04742157007105, 17.870580629626158], [-94.04936823032664, 17.87085333989921], [-94.0519823804427, 17.870743199196163], [-94.05245926001012, 17.87030717986042], [-94.05274237037392, 17.86862291953526], [-94.05374878041614, 17.86764862917559], [-94.05523700013177, 17.867079679106503], [-94.05723231003462, 17.866686449007283], [-94.05889271962783, 17.865963539744435], [-94.06006100021878, 17.865345289142425], [-94.06209942964146, 17.863243539356002], [-94.06260454953188, 17.863087799541493], [-94.0637767398241, 17.863132419015216], [-94.06484814022802, 17.864146419913613], [-94.0645495803226, 17.867691979535206], [-94.06468547975868, 17.86815016963915], [-94.06511345008175, 17.86845377954575], [-94.0657001703161, 17.86857805985636], [-94.06688414958158, 17.868367619366097], [-94.07065208037108, 17.86597584970786], [-94.0723009404666, 17.86555885959927], [-94.07360814031398, 17.865908619305745], [-94.07479492040001, 17.867803459920122], [-94.0762725800844, 17.868756909521476], [-94.07778994959583, 17.86926311959008], [-94.07956756986097, 17.869545289106394], [-94.08277432043826, 17.86956853949512], [-94.08343075018955, 17.86986848942077], [-94.08386554983765, 17.872945349011477], [-94.08337530974676, 17.874364649726633], [-94.0815839102371, 17.877108449439902], [-94.08142160004022, 17.878069829412294], [-94.08165391964563, 17.878870939820974], [-94.0827542902558, 17.880172429280297], [-94.08308959980448, 17.881194059571285], [-94.08329299965344, 17.883487149866717], [-94.08288377001807, 17.885771969750145], [-94.08205070997764, 17.887867149691683], [-94.07952627951927, 17.890300059740184], [-94.07930882044083, 17.89104584976323], [-94.07984482020329, 17.89208337939624], [-94.08107862995223, 17.89245450969974], [-94.08434983017969, 17.892287949197122], [-94.08513514012368, 17.892874089436802], [-94.08550996975042, 17.89361993970268], [-94.08542061966806, 17.89427979951323], [-94.08182211999028, 17.899911019508632], [-94.08213361968569, 17.90106139940914], [-94.0833429096725, 17.902270549091885], [-94.08744557018947, 17.904975909738322], [-94.08800992020463, 17.906480819235], [-94.08815667955251, 17.907824309634094], [-94.0879952601312, 17.90891294904651], [-94.08631092047459, 17.912383429229216], [-94.08552690985086, 17.913067599448276], [-94.08503014005801, 17.914244689523574], [-94.084973369661, 17.915530579403267], [-94.08622614977467, 17.921827649595595], [-94.08667107986264, 17.922739829173366], [-94.08809994007885, 17.923980279652998], [-94.08942870986995, 17.925740459278206], [-94.08994645962163, 17.9269342896922], [-94.09119794044274, 17.93403708986321], [-94.09132710978483, 17.93657233908306], [-94.0908583703762, 17.937673019686066], [-94.08959758036366, 17.939630819811445], [-94.089095489826, 17.939955379234224], [-94.08864136976163, 17.940922079623032], [-94.08867477972052, 17.94280827979497], [-94.09004634036393, 17.94500136923029], [-94.09023310998877, 17.94688670952686], [-94.08967163014638, 17.948210319601845], [-94.08893129029417, 17.94894367988556], [-94.0871959495552, 17.951762019239375], [-94.087148769945, 17.95839593961019], [-94.08737141969537, 17.958981569827248], [-94.08805347995845, 17.959459819774246], [-94.08996182001987, 17.959847349254666], [-94.0914987798512, 17.96040462989199], [-94.09202918032902, 17.96115619963204], [-94.09199012009456, 17.961931939397196], [-94.0903423396325, 17.96474979930744], [-94.09008940013273, 17.966379629126603], [-94.0901273403861, 17.968999379843357], [-94.08969428973235, 17.969840199848726], [-94.08888843028534, 17.97062022946632], [-94.08777377963912, 17.971066649572034], [-94.08698457000459, 17.970987229206244], [-94.08357230984456, 17.9683024898879], [-94.08177278044795, 17.967809489033186], [-94.08135677967778, 17.96785371954621], [-94.08074628034855, 17.968339199157118], [-94.0801638900613, 17.96985154904948], [-94.08014432040274, 17.97239779941655], [-94.08070068029977, 17.973819969694365], [-94.08253797023262, 17.976911769171494], [-94.08250048028773, 17.977953509094554], [-94.08180308019008, 17.97856522919876], [-94.08038148998519, 17.97899233955778], [-94.078897229961, 17.979922829073626], [-94.07623831955073, 17.982264139421446], [-94.07482808978983, 17.98457751915078], [-94.07353268968578, 17.98777057949297], [-94.07289928969192, 17.98810944956303], [-94.07218182967334, 17.98794573905259], [-94.07160925977838, 17.98746682969274], [-94.0712989702707, 17.986881662915113], [-94.0711176301068, 17.985876599044484], [-94.07169004960899, 17.982687549759646], [-94.07155214890187, 17.981619354370288], [-94.07119731014964, 17.980908689549597], [-94.0700518896883, 17.979898579095604], [-94.06945869037955, 17.979629369619282], [-94.0685163195798, 17.97959264937506], [-94.06228873972027, 17.98609696935224], [-94.06152676960613, 17.98728525910737], [-94.06140031011981, 17.98812433900495], [-94.06179819970629, 17.988709049802758], [-94.06419062011983, 17.989387599491742], [-94.06548725028472, 17.99003022914921], [-94.06659094997403, 17.99138654968177], [-94.06699228003426, 17.992537139041964], [-94.06709262022271, 17.99465351952272], [-94.06670663045966, 17.996220169353382], [-94.06501938005466, 17.99898513980884], [-94.06424603019428, 18.002338369832945], [-94.0642989399938, 18.00419553934596], [-94.06470791981987, 18.006210539326776], [-94.0651540197754, 18.00744639965711], [-94.0665236302071, 18.00939619909969], [-94.06771906031945, 18.01016853928879], [-94.06918367970002, 18.01053994973397], [-94.07127272011687, 18.010528419597318], [-94.0727327501306, 18.01014084983705], [-94.0746410297239, 18.009389649664108], [-94.07595185004578, 18.0086037697241], [-94.08027283017405, 18.00490631945233], [-94.08116840005721, 18.00452201790607], [-94.08282028994782, 18.00489210951764], [-94.0834926200316, 18.005567139589914], [-94.08374866044987, 18.006464089113383], [-94.08373477991549, 18.00761393910294], [-94.08342874955478, 18.0087935390999], [-94.08215137021052, 18.011635579547615], [-94.0798527096251, 18.022327459417717], [-94.07992748982322, 18.024323449001066], [-94.08020649012198, 18.025559659517167], [-94.08105409002344, 18.02757130939236], [-94.08326851982623, 18.031110309576174], [-94.0835917700199, 18.03274553929277], [-94.08355706017471, 18.03390364933016], [-94.08310833990856, 18.035662999732356], [-94.08242755009972, 18.037044319802742], [-94.08014442974921, 18.0393906492484], [-94.07801559955462, 18.043075909332703], [-94.07497172045733, 18.05339545953393], [-94.07446114990613, 18.056238309221612], [-94.07435811972209, 18.058593089557434], [-94.07471622010964, 18.05961873914329], [-94.07569770992406, 18.06028590977977], [-94.07813708019468, 18.061383119813023], [-94.07927658017921, 18.062310979151793], [-94.0803005095316, 18.0635197194918], [-94.08221599961044, 18.06666270898388], [-94.0832211099794, 18.067983649058874], [-94.08461744994706, 18.06933974902244], [-94.08783167994152, 18.070648259352364], [-94.0911802799401, 18.0715448896502], [-94.09428192001378, 18.073601279351372], [-94.09508070954895, 18.07443545931628], [-94.09618637019129, 18.076185489527912], [-94.09715948994854, 18.07862757926603], [-94.09698087969274, 18.081356459648028], [-94.09589900026002, 18.083455219858628], [-94.09415046044299, 18.084844489597266], [-94.09013883016719, 18.086539859422892], [-94.0846089804183, 18.08966722930571], [-94.08305160037627, 18.090779229651414], [-94.08198118029624, 18.09235113955849], [-94.08117577004846, 18.094633319420264], [-94.08110824982052, 18.095772539818242], [-94.08119556969164, 18.097871779586946], [-94.08158826009291, 18.09991428966657], [-94.08206825041286, 18.10081831959547], [-94.08340667980183, 18.102442909141836], [-94.09055827967005, 18.10806956956137], [-94.0948446801703, 18.110674749547105], [-94.09565548015675, 18.111350179151675], [-94.09656428018272, 18.11252373953641], [-94.09757445954418, 18.11473944932439], [-94.0986981700309, 18.119946629394885], [-94.10044356958736, 18.12591593976777], [-94.10103530978093, 18.12949407962001], [-94.10100254962565, 18.131851709101618], [-94.09825637976934, 18.14809168966583], [-94.09637136977832, 18.150233199835746], [-94.0955679796896, 18.150781799548902], [-94.09472248016185, 18.1521920196405], [-94.09388792023059, 18.155370249859647], [-94.09404942971196, 18.158452119519183], [-94.09468018036783, 18.160669969115524], [-94.09699749014837, 18.166958379680374], [-94.09990723042795, 18.171090749476214], [-94.10142693995236, 18.17246522980761], [-94.10288125978208, 18.173449179738636], [-94.10467886000316, 18.173950029553396], [-94.10606571983288, 18.17421267940068], [-94.10785861989683, 18.173961799719894], [-94.10946071971453, 18.173411319303785], [-94.11055743015905, 18.172593119251456], [-94.11443398005186, 18.168300859777702], [-94.11734767969264, 18.16608888933319], [-94.11885467981647, 18.165448679687383], [-94.1202996495882, 18.16495916944047], [-94.12171602019937, 18.164920879090925], [-94.12366825047638, 18.16557728918715], [-94.12563851110414, 18.166690999176843], [-94.126918780212, 18.168250029407893], [-94.12785302048034, 18.16987717931301], [-94.1279303698795, 18.171134399600323], [-94.12915442994267, 18.175140419354445], [-94.12975625997157, 18.198741379749013], [-94.12864856968578, 18.197530799245015], [-94.12304378044769, 18.192605949843024], [-94.12239931985027, 18.192471569254856], [-94.11884715037738, 18.194284509405602], [-94.11725797969571, 18.194493519028565], [-94.11559002001955, 18.194148629624415], [-94.10789019981495, 18.191525749407983], [-94.10412373990789, 18.191319349328133], [-94.10027483028293, 18.192144079093755], [-94.09451814968659, 18.19467942918432], [-94.09418095008348, 18.195650429000096], [-94.0946773702074, 18.19783136914433], [-94.09863917007158, 18.20371781972442], [-94.09892530997654, 18.204507549566475], [-94.09894425971639, 18.20538104986253], [-94.09841094043877, 18.20623771982806], [-94.096650979953, 18.207838089880944], [-94.09254256965963, 18.210339879290927], [-94.09032338028138, 18.21108714939351], [-94.08844679984061, 18.211346059130083], [-94.08700414964899, 18.211337969022257], [-94.08539090990502, 18.2108396892163]]]}}, {"type": "Feature", "properties": {"CVEGEO": "27009", "CVE_ENT": "27", "NOMGEO": "Tabasco", "CVE_MUN": "009", "NOMMUN": "Jalapa", "cov_": 1996, "cov_id": 1997}, "geometry": {"type": "Polygon", "coordinates": [[[-92.71891643013835, 17.915435939324563], [-92.7180856901888, 17.915030109417], [-92.71774991001519, 17.91442230910938], [-92.71745783002093, 17.911293519272654], [-92.71575926034231, 17.90865442982222], [-92.71349514003731, 17.906331259596946], [-92.7117342496808, 17.905037449800687], [-92.71138324979832, 17.906139539401554], [-92.71012991977018, 17.90662244923196], [-92.70812361956085, 17.906279379820976], [-92.70770491990932, 17.905398229406593], [-92.7079668002768, 17.9047729794501], [-92.70754275005646, 17.904612999811107], [-92.70757733954233, 17.903753379681028], [-92.7071678202599, 17.902942179471268], [-92.70775544968836, 17.89890744966549], [-92.70756477007022, 17.89716588956177], [-92.70984077010858, 17.89662437951458], [-92.70931770952795, 17.894781769530734], [-92.7060403103796, 17.894935769275005], [-92.70361764990956, 17.895543489852322], [-92.7040233400835, 17.894227049842844], [-92.70221502982245, 17.894325719246016], [-92.69983620031421, 17.89479128911726], [-92.69744788976566, 17.89563936963083], [-92.69729031041331, 17.89323954981406], [-92.6928670002974, 17.89380616926344], [-92.69492894024236, 17.892331139229114], [-92.69240675043659, 17.88454801946345], [-92.69278473997245, 17.87689237981438], [-92.69401445042064, 17.877351969473256], [-92.6942475801876, 17.87554219964289], [-92.69045166030259, 17.87113173947245], [-92.68926274979485, 17.872476629293892], [-92.68868341981907, 17.872288569222203], [-92.68754854998166, 17.873280849224514], [-92.68699915026731, 17.874558859627808], [-92.68579710976871, 17.87412961979219], [-92.68496542997273, 17.874832309474918], [-92.68474521994523, 17.87276750973164], [-92.68228083025319, 17.872724019494957], [-92.68234238018026, 17.87160694975225], [-92.68198201978367, 17.871703179773007], [-92.6817739396998, 17.87071916936222], [-92.68195554038388, 17.869863449741917], [-92.68162922039117, 17.86999185960563], [-92.68140883018849, 17.869246629812388], [-92.68090428035178, 17.86901308969541], [-92.67778933955454, 17.868668709622607], [-92.67806991008648, 17.867706279091454], [-92.67685842992078, 17.867340379591845], [-92.677768050446, 17.86605382955568], [-92.68219498026622, 17.866534399772863], [-92.682885399962, 17.866086939849563], [-92.6839885397549, 17.864025029508223], [-92.68367297966547, 17.862867719549946], [-92.68241974006888, 17.861290149345642], [-92.68254465965308, 17.860555629869506], [-92.68214360021499, 17.8599995498625], [-92.68129467968672, 17.859630769069494], [-92.67832821966547, 17.859556579479083], [-92.68213864977977, 17.85623604929839], [-92.67378349001373, 17.852350509305037], [-92.67307695043418, 17.85111621958916], [-92.67350597969808, 17.850553219343603], [-92.67443768960521, 17.847599259816324], [-92.67361803039233, 17.845891399687517], [-92.67463645973362, 17.84531137967104], [-92.6759318500094, 17.845283549512654], [-92.67629664973242, 17.84360817963614], [-92.6767086498157, 17.843073219123163], [-92.6776222301814, 17.84326610912156], [-92.67775197010516, 17.84396444934792], [-92.67746745979441, 17.844288709882093], [-92.68403897973003, 17.84943139975365], [-92.68870353961294, 17.842680979675265], [-92.69028991023828, 17.843990279068016], [-92.69107414998112, 17.84323390947358], [-92.69192111014299, 17.84196774926132], [-92.69447109041037, 17.839817229490382], [-92.69368374988021, 17.83952474961355], [-92.69139432002905, 17.83967931943736], [-92.69019289010454, 17.840187169460624], [-92.68918468037091, 17.839531679736684], [-92.68850654033295, 17.839455919684443], [-92.68821382977406, 17.836539939591574], [-92.68453545011397, 17.83690313913255], [-92.68396918039564, 17.835217799753593], [-92.68404653986465, 17.834279879329618], [-92.68379213990168, 17.834031429352496], [-92.68436622998325, 17.833154219408605], [-92.68465714039576, 17.833038019141423], [-92.68470302029097, 17.83252253931036], [-92.68515137018021, 17.832321089850016], [-92.68524815046803, 17.831801429515764], [-92.6857458798832, 17.831491999486214], [-92.685544819932, 17.83107690954429], [-92.68569245961581, 17.830573289021668], [-92.6864098300478, 17.82939271945905], [-92.68707942976643, 17.827599259679523], [-92.68669607957418, 17.824565599082625], [-92.6862669698564, 17.823531429730426], [-92.68585697001032, 17.823194579025472], [-92.68505104971759, 17.82299128902253], [-92.68412683036934, 17.821988829730852], [-92.68309597013203, 17.82228290959369], [-92.68193787971849, 17.821934338991152], [-92.68200231967998, 17.821503649856126], [-92.68124234954949, 17.820783169331342], [-92.68053188981783, 17.820333659637676], [-92.67923655012304, 17.81996214954744], [-92.67909905025193, 17.819750109073702], [-92.68092434038891, 17.814631679447732], [-92.68056351986905, 17.814401349776553], [-92.67838317024092, 17.814024619607817], [-92.67815057032189, 17.812679019061036], [-92.6776113496141, 17.812124879663962], [-92.67714585994261, 17.81085667951545], [-92.67807070965083, 17.811197819103022], [-92.67851418022273, 17.80965422949908], [-92.67935908998932, 17.809920829124792], [-92.67955994015404, 17.80920613973387], [-92.68145532000904, 17.80977611910255], [-92.68446801994956, 17.801409879568943], [-92.68016242045144, 17.79995034934059], [-92.6821048303789, 17.794977109274786], [-92.68176561982573, 17.793832059162956], [-92.68140894958492, 17.789745829562577], [-92.67717197036309, 17.78995271939296], [-92.67335202003916, 17.796909979263834], [-92.6705424901129, 17.79605125988427], [-92.6684337697132, 17.791548369333793], [-92.66937001982865, 17.783973749586465], [-92.6770563504692, 17.781508859109735], [-92.67721491014687, 17.77986065957098], [-92.67912926009774, 17.77938453963177], [-92.67165646038191, 17.773533659213363], [-92.67234057978877, 17.770394029826736], [-92.67618814008401, 17.770642549575967], [-92.67666637971662, 17.76804545928335], [-92.67767485029347, 17.7677185996925], [-92.67686251027527, 17.765416119891967], [-92.677309660264, 17.764115249360792], [-92.67732742008164, 17.763307509642754], [-92.68197523013544, 17.76262365965292], [-92.68138742989767, 17.764910289583717], [-92.6818555397433, 17.765200909318658], [-92.68229268009446, 17.76497121971725], [-92.68279246034642, 17.76511490957253], [-92.68440456965497, 17.764754369187386], [-92.68627957958635, 17.76614981949072], [-92.68692791982038, 17.76461804977817], [-92.68768485012696, 17.763806769690067], [-92.68824640004703, 17.762785689188377], [-92.68858948039605, 17.761374679034727], [-92.69098624978355, 17.76160031982527], [-92.69146355011584, 17.759200059057555], [-92.68786002040126, 17.75857976985982], [-92.68704771996926, 17.758262399185814], [-92.68743795026064, 17.756186949914948], [-92.68708045966798, 17.755978339154844], [-92.68694040028059, 17.752805339759618], [-92.68440045958621, 17.75264102973223], [-92.68403695026647, 17.75036850978812], [-92.68556834038509, 17.74760727986014], [-92.68306436959725, 17.74569982925565], [-92.68468373958682, 17.7428385693652], [-92.68574688977367, 17.740139679468694], [-92.6840583499253, 17.739775219029468], [-92.68219423002861, 17.73858473925035], [-92.68172294025914, 17.73807913915732], [-92.6828785203317, 17.73514411966333], [-92.68364073953093, 17.731733569556475], [-92.68338527992101, 17.7305987191856], [-92.6834261403236, 17.729258939657466], [-92.68290868037916, 17.727262749652205], [-92.68305498021756, 17.72508744962148], [-92.68287191986987, 17.72494564979715], [-92.68337489046229, 17.72244744936575], [-92.68477522009198, 17.724026199654368], [-92.68508069024237, 17.72356667931463], [-92.6856918496738, 17.72417041975804], [-92.68786738028975, 17.72167699926147], [-92.6877667497337, 17.721215088994175], [-92.68840246002758, 17.720892719459872], [-92.69129050990679, 17.72429414916226], [-92.69524975025563, 17.71890282933281], [-92.69493661989667, 17.718735579554703], [-92.69284782964785, 17.718874019696596], [-92.69249798042368, 17.718656749247923], [-92.69217119996615, 17.717723089804313], [-92.69256897951519, 17.7160538597602], [-92.69356463010747, 17.715320429165992], [-92.69343704986771, 17.711821419049524], [-92.69403951033354, 17.711592449804154], [-92.69399116998345, 17.710499819094505], [-92.69450531876399, 17.70958240016239], [-92.694652949832, 17.70800458036907], [-92.69427608925514, 17.70713475038353], [-92.69377888988716, 17.706763920751126], [-92.69006165046092, 17.705625569127363], [-92.68952425253622, 17.70508283621258], [-92.68961527992387, 17.704730369491884], [-92.69073095025182, 17.703586060122262], [-92.69241528969154, 17.702791549671126], [-92.69382511881557, 17.70282322055899], [-92.6954696190479, 17.703571290239783], [-92.69596564859246, 17.70358705969929], [-92.6969020592029, 17.70290724909869], [-92.69739005010379, 17.701858429134543], [-92.69738427899243, 17.70064482031085], [-92.69719545950875, 17.700193219257592], [-92.6963960301749, 17.699620489984078], [-92.69417045949719, 17.69916712054845], [-92.6939090496174, 17.698437910005683], [-92.69431921977933, 17.6974555503551], [-92.69531525028289, 17.696301750124608], [-92.6962140294996, 17.69650045950662], [-92.69865069011162, 17.697829719658788], [-92.69996165006846, 17.69758511075705], [-92.70080153925137, 17.69647821983635], [-92.70115776998264, 17.695590949249823], [-92.70173020017153, 17.69316794995334], [-92.7017066297928, 17.69106249062131], [-92.70190030966967, 17.690568400379398], [-92.70316196948961, 17.68956542068821], [-92.70362897005643, 17.68869133994927], [-92.70356353943413, 17.687597690549307], [-92.70287662943034, 17.686462019360896], [-92.70179341979778, 17.6859087701532], [-92.70007922871862, 17.685545059498672], [-92.69973803005692, 17.685266579910902], [-92.69960328861781, 17.684507579817783], [-92.6990642603415, 17.684070169183716], [-92.69553903024557, 17.68180656969359], [-92.69258314995533, 17.679517969902758], [-92.69195428044394, 17.673492149434253], [-92.68650254044125, 17.66847556971592], [-92.6862077496885, 17.664614749541286], [-92.68644317039134, 17.663238949171138], [-92.68808151001252, 17.662141889728936], [-92.68511195007663, 17.656683779420426], [-92.68321542959904, 17.65260227927981], [-92.68621551027985, 17.651261489356134], [-92.68584668035558, 17.64948559951873], [-92.68879855035804, 17.649645519434493], [-92.70513738048166, 17.651668879301287], [-92.70903784971443, 17.652247059354295], [-92.70895907962016, 17.65271004920592], [-92.71837055026761, 17.653221479191327], [-92.71888708028698, 17.64187910929506], [-92.72208652036541, 17.64256259984889], [-92.72537690973726, 17.64231990915508], [-92.72638297961126, 17.64180067966148], [-92.72858277000776, 17.641901629014527], [-92.72870545974841, 17.633769219054464], [-92.73349577956856, 17.635053289272303], [-92.73302484977772, 17.637447949383397], [-92.73467257031635, 17.63752933920544], [-92.73449172006772, 17.638684229259173], [-92.7376324197039, 17.638906779259806], [-92.73723937976715, 17.644336799430985], [-92.74626618022285, 17.644963019726795], [-92.74693830983415, 17.640149979711957], [-92.75627888968043, 17.631309659135205], [-92.7635637496525, 17.632256749257266], [-92.76137205041898, 17.626032489109736], [-92.78206607967428, 17.63759213929687], [-92.78605814979511, 17.64007485968767], [-92.78854788029273, 17.639427599311325], [-92.78856163000523, 17.64325365947173], [-92.78828960044936, 17.644522539042324], [-92.78842981981217, 17.647282819525], [-92.7886957699823, 17.647568859463956], [-92.79253105999474, 17.648014889566554], [-92.79521986007289, 17.646678339843103], [-92.81488952041947, 17.638789689106048], [-92.8153118003563, 17.638804739262916], [-92.81424722992826, 17.63984661988722], [-92.8108658496556, 17.641987629014217], [-92.81040237994829, 17.643103059105094], [-92.8101851498289, 17.645449219485933], [-92.81081581959543, 17.645408709156726], [-92.8109523801291, 17.64513153937192], [-92.8113717201802, 17.64517239939591], [-92.81273542011014, 17.644488909698097], [-92.82229988024193, 17.639094969325164], [-92.82978814035052, 17.641143619677695], [-92.83370856976589, 17.640386259076955], [-92.8348576002882, 17.641671819843694], [-92.83538513999338, 17.642059549133922], [-92.83607896985238, 17.642230689320588], [-92.83633338041486, 17.642530979129535], [-92.83651787987691, 17.64573734932152], [-92.837618399983, 17.645105059354485], [-92.83924581991774, 17.634698029464683], [-92.87132576993635, 17.638545079315772], [-92.87590592033503, 17.660720889602125], [-92.87421575030251, 17.673149119432544], [-92.88410175022433, 17.674170479764655], [-92.88631449027181, 17.68134133975599], [-92.88787151997106, 17.68139977978024], [-92.88889215025922, 17.680925249531565], [-92.89046669043408, 17.6826545696598], [-92.88947835026633, 17.684284519910136], [-92.88957916986689, 17.68524939950098], [-92.89092466009276, 17.68582836910129], [-92.89232089036601, 17.685580119851284], [-92.89338459970996, 17.685765169482718], [-92.89351351976924, 17.68597422951396], [-92.89272877998982, 17.68696185920632], [-92.89272001973092, 17.68752839911396], [-92.89528240033613, 17.687874079194394], [-92.89538663004902, 17.68911856922707], [-92.89633807964839, 17.68919799925363], [-92.89686154022839, 17.688626539481476], [-92.8984223195738, 17.689216029146966], [-92.90123644959858, 17.68891453963281], [-92.90219481979355, 17.689023379023673], [-92.90354304968044, 17.69049016928192], [-92.90481542972074, 17.690803169009765], [-92.90567057024342, 17.691743379452586], [-92.90610417963887, 17.69319681926461], [-92.9057928298871, 17.69391579960856], [-92.90443490968829, 17.694879089531046], [-92.90387431023905, 17.694880819054166], [-92.90378413957158, 17.694435679672942], [-92.90432164973919, 17.69316937962259], [-92.90387371006295, 17.69271661954992], [-92.9029424804669, 17.692766969329455], [-92.90270746023205, 17.693027779754807], [-92.90263933959405, 17.694378579311106], [-92.90208314985554, 17.69587573941669], [-92.90244669001781, 17.696373229889943], [-92.90382653962236, 17.695907949622352], [-92.90452782986338, 17.69607413907026], [-92.90537718040775, 17.69793828991216], [-92.90535056959561, 17.698530289066213], [-92.90501931007752, 17.69905387974703], [-92.90358563046117, 17.70068601951977], [-92.90396168034883, 17.701314339680486], [-92.90513381986895, 17.701006849084973], [-92.90538755032875, 17.70121170932278], [-92.90547346026148, 17.701482119547897], [-92.9051183698193, 17.70214621912887], [-92.90499542966606, 17.703116878997754], [-92.90282811983253, 17.705089689449306], [-92.90287994017092, 17.705716119711653], [-92.90316834954918, 17.705971619698317], [-92.90400846032806, 17.705528879364028], [-92.90445771014676, 17.705784739605495], [-92.90489131956159, 17.70704139913333], [-92.90533681994395, 17.709636709212145], [-92.90512005980271, 17.71170074943551], [-92.9052747500231, 17.712424349355516], [-92.90602608988922, 17.71387134968293], [-92.9064738304435, 17.715940539518076], [-92.90767857975156, 17.717365139452873], [-92.9081900003046, 17.718592219110423], [-92.90789900011282, 17.719567309779634], [-92.90688571983826, 17.719933569102025], [-92.90680332045633, 17.720272769161696], [-92.90732971961437, 17.721107819651344], [-92.90786673979717, 17.723050879291808], [-92.9083311698839, 17.72376013981069], [-92.90932314035743, 17.72464374903643], [-92.9096598497361, 17.72577810983905], [-92.91122786038179, 17.72628077905252], [-92.91154438036095, 17.726834479595723], [-92.91243154988776, 17.72760207910297], [-92.91293245992938, 17.729614579433452], [-92.9127377203345, 17.730592719640093], [-92.91298675036658, 17.73263622934217], [-92.91269577041642, 17.734110259617413], [-92.91362182970444, 17.735551509433357], [-92.91377084974724, 17.736198419267463], [-92.91352665962461, 17.73640785929909], [-92.91269499978242, 17.73650024903308], [-92.91220251970924, 17.73696470963631], [-92.9131893802473, 17.738573249412475], [-92.91302057015224, 17.740161779373913], [-92.91314406024452, 17.740419859051055], [-92.9141289796999, 17.740995519058362], [-92.91429673991969, 17.74208979971359], [-92.907531219697, 17.743189119850573], [-92.9050072798649, 17.74334299910148], [-92.90038929046372, 17.74333636904349], [-92.90038400017852, 17.742242749467184], [-92.89615753999588, 17.743695179728345], [-92.89354251958781, 17.740665999129618], [-92.892836289984, 17.741541949876183], [-92.8918991097747, 17.750485679088943], [-92.88970249030534, 17.75621087909217], [-92.88931183019974, 17.76117459977809], [-92.89008900028848, 17.76154197982913], [-92.89120586000622, 17.761435349279942], [-92.89515342978856, 17.761731279296157], [-92.90575929012759, 17.762574509379668], [-92.90729049008115, 17.762908689624904], [-92.90837117043067, 17.76289873987706], [-92.90900089033849, 17.762682089167], [-92.90993281957917, 17.76322611901654], [-92.91063295017744, 17.76467061983766], [-92.91070814952936, 17.765611919635113], [-92.91022536963646, 17.768434349845943], [-92.91105597988675, 17.768507819302766], [-92.91184317043597, 17.768208229628822], [-92.91249004963349, 17.7675543092368], [-92.91282744961057, 17.766820199837767], [-92.91283410972802, 17.766153369334468], [-92.9115740003699, 17.764144999623742], [-92.91223210964931, 17.76304504925069], [-92.9143196202808, 17.76145764916959], [-92.91518968026867, 17.76139581915717], [-92.91686172046892, 17.761924479484257], [-92.918009579604, 17.761627819481323], [-92.91808663037106, 17.761382139061087], [-92.91671643022906, 17.759359169867803], [-92.91685773989346, 17.758656819740626], [-92.91733296974462, 17.75823937908067], [-92.92056388002375, 17.757302199712004], [-92.92452809017566, 17.754770979509786], [-92.92672391040165, 17.756236619430652], [-92.92641749038809, 17.757488949732267], [-92.9264872197347, 17.758529109717113], [-92.93244573958796, 17.771553049619282], [-92.93300073962496, 17.772205598989455], [-92.93741443009343, 17.77514782982702], [-92.9356774900411, 17.777354779324583], [-92.93641911986747, 17.778808819022057], [-92.93583146013277, 17.783172829318257], [-92.92853614006569, 17.784821829287583], [-92.93134383014498, 17.795727090815237], [-92.92597704984385, 17.796905459657605], [-92.92305051984415, 17.79033431984778], [-92.92197334038799, 17.789755999272764], [-92.92109676964509, 17.79377008948345], [-92.91872636974671, 17.80203804946861], [-92.91540392010207, 17.801029629104537], [-92.91135921962758, 17.80161604958025], [-92.91113144970367, 17.80119847971705], [-92.90920723004834, 17.800317539391365], [-92.90842003016853, 17.79882897906288], [-92.9084574196747, 17.798393859689643], [-92.90816168972194, 17.798317249855018], [-92.90765772018167, 17.79754534991199], [-92.90748862028931, 17.7966373697233], [-92.90720048996144, 17.796420479724304], [-92.9075423797306, 17.795257769598468], [-92.90800880034533, 17.794779709190266], [-92.90718492006792, 17.79436525939631], [-92.90705202973297, 17.794101419750895], [-92.90728131011103, 17.793751149799498], [-92.90613132014943, 17.793754629420505], [-92.90615754025792, 17.79254173963392], [-92.9056252200636, 17.792649999418355], [-92.90559223025868, 17.79228601911179], [-92.90526304956168, 17.792355569310644], [-92.90502457990046, 17.791137739832052], [-92.90464574032298, 17.790931019895858], [-92.90468644964712, 17.79064573983468], [-92.90420894014348, 17.79017713945326], [-92.90455735008723, 17.789817889715923], [-92.90368466037522, 17.789010249901743], [-92.90332057995859, 17.78896216925138], [-92.90316561968527, 17.78788694901413], [-92.90243165039288, 17.787353449190526], [-92.90238226035804, 17.78636456946767], [-92.90163871042692, 17.785762849278733], [-92.90185498017233, 17.785373089504557], [-92.90131467968519, 17.784730049649582], [-92.89968758036854, 17.786059719346934], [-92.89893331952771, 17.784344219580447], [-92.89761677006635, 17.782476849859176], [-92.89675264983592, 17.78204905931083], [-92.89515490956079, 17.782135648993528], [-92.8945199096667, 17.781970249448065], [-92.8941171396576, 17.781626109663918], [-92.89357771000698, 17.780518909135584], [-92.89317674022291, 17.780427229914327], [-92.89300405006774, 17.781078599054812], [-92.89318667978628, 17.781728769577132], [-92.89415973982985, 17.78323885961632], [-92.89378185027353, 17.785528919053874], [-92.8942170600231, 17.785736459543198], [-92.89520846024246, 17.78527321951498], [-92.8956555101188, 17.785580399109243], [-92.89560191000176, 17.786068629365296], [-92.89332031978306, 17.787951539783883], [-92.8928487098009, 17.788805229108668], [-92.89293605004785, 17.789685369820834], [-92.89388890996426, 17.790866879025295], [-92.89403144953569, 17.791405999465592], [-92.8937001997004, 17.791998289565374], [-92.8926938600064, 17.792113459549523], [-92.8921802500354, 17.7919760897489], [-92.89029685015258, 17.790399799863085], [-92.88957763007015, 17.790035319152725], [-92.88757982993393, 17.789862379500935], [-92.88609764979005, 17.790390999873026], [-92.88528677012499, 17.791259829109826], [-92.88505610991159, 17.792292289590396], [-92.8856797402622, 17.79352134978509], [-92.88526837946544, 17.79450417990572], [-92.88479221851912, 17.794417950692125], [-92.88263946005324, 17.79289859970023], [-92.88191531024893, 17.792607219538674], [-92.88060285008488, 17.793186649776924], [-92.87987752017662, 17.794112849137182], [-92.87987277957912, 17.794609179693364], [-92.88043442022118, 17.79573622912014], [-92.88097808994057, 17.798754779495003], [-92.8807453395874, 17.79928342920506], [-92.87907502980424, 17.80072451989225], [-92.87866451028503, 17.801424599587545], [-92.87875474971919, 17.802220539412218], [-92.87950611005195, 17.804292549524167], [-92.87944697976273, 17.80475510914886], [-92.87993871022485, 17.80596382960699], [-92.8811787796346, 17.80719834898995], [-92.88160126029068, 17.807392619074307], [-92.88344337022501, 17.807498829689262], [-92.88383289026254, 17.80811656977648], [-92.8835666297753, 17.808551089753042], [-92.88204423016631, 17.80923290907597], [-92.88135326049343, 17.810087289176586], [-92.88137374008213, 17.810822689311006], [-92.88264514019882, 17.812888449012686], [-92.88248628962494, 17.813482089356853], [-92.87999040005427, 17.815284119777296], [-92.87872206007027, 17.81711273911093], [-92.87844243007258, 17.818195619140702], [-92.87850478024761, 17.818997599244973], [-92.87963481981572, 17.820685089700653], [-92.87962239989015, 17.821916079128197], [-92.87881938006421, 17.822765219805852], [-92.87739168959607, 17.823253019300168], [-92.87401987958592, 17.82675281940101], [-92.87447373972631, 17.83071147915893], [-92.871023180052, 17.831476659107366], [-92.86873353999925, 17.832635349469918], [-92.86739505978137, 17.833840629035002], [-92.86705551998662, 17.83434021944847], [-92.86687407999902, 17.835195489272916], [-92.8657022896709, 17.83363408917169], [-92.86435751029617, 17.832995119440078], [-92.86204756997812, 17.832354369025875], [-92.86139549024239, 17.83261659903208], [-92.86049320019073, 17.83324141903812], [-92.85989506006891, 17.8343284493239], [-92.8587006198616, 17.835412379392455], [-92.85862796986092, 17.836527199064854], [-92.85750637978707, 17.838413689387817], [-92.85712409015893, 17.84004079956433], [-92.85599131977764, 17.841161799658426], [-92.85568689019387, 17.841790819063316], [-92.85551511031727, 17.842683629788993], [-92.85583720007108, 17.843697659430966], [-92.8534889204552, 17.84407428905718], [-92.85302688987404, 17.84382608931008], [-92.85096188990518, 17.844068939522703], [-92.8502180898424, 17.84378568988006], [-92.84922323046068, 17.844419319642444], [-92.84809734999394, 17.84451984915378], [-92.84850107980661, 17.845212969046948], [-92.84847079990736, 17.84617868984536], [-92.85175999999186, 17.859993819205346], [-92.84665128025144, 17.860272089520603], [-92.84647403049087, 17.86435511910283], [-92.84527131858205, 17.864848030530048], [-92.84534453876854, 17.864347620392827], [-92.8401130470865, 17.863644824475074], [-92.8391611197132, 17.864934509763817], [-92.83944302041056, 17.86695922917154], [-92.83901430980487, 17.869245719350857], [-92.83956534960227, 17.870438539374803], [-92.83783575046526, 17.87191234959791], [-92.83590865968401, 17.87053608938267], [-92.83564751017639, 17.872020049701796], [-92.83614534001921, 17.87317199984291], [-92.8358438001574, 17.8735854790664], [-92.83530517980948, 17.873676079449616], [-92.83505848973184, 17.874634739679706], [-92.83464451966141, 17.874907879164223], [-92.83494994021576, 17.87579376943597], [-92.83485577985766, 17.87636813917147], [-92.83424583034147, 17.87669747956281], [-92.8353335702033, 17.87788156971321], [-92.8318482299904, 17.8797310295324], [-92.83347688966289, 17.88335124951596], [-92.83465345979063, 17.882664969602978], [-92.83545882040563, 17.883799079092743], [-92.83558231998957, 17.884679379490578], [-92.83674888015187, 17.88607582984344], [-92.83094377969873, 17.891121999819223], [-92.82216041961196, 17.897438619559342], [-92.82095642000549, 17.89619510998694], [-92.82084828935666, 17.89582354067946], [-92.82137630949704, 17.895242770142463], [-92.8207854600991, 17.89346028917783], [-92.8197689993849, 17.892240479106047], [-92.81937497005272, 17.892075819779937], [-92.81482321867013, 17.892474480155435], [-92.81336419968717, 17.89299339940997], [-92.81096385916963, 17.891857120069066], [-92.80934002004113, 17.89215822909131], [-92.80777383004295, 17.893604539381577], [-92.80695245977024, 17.895850399291877], [-92.80610365016766, 17.897264939422293], [-92.80576415017924, 17.897478459674772], [-92.80272548953447, 17.89603916955098], [-92.80219591962218, 17.895021479748774], [-92.80166470975597, 17.894553029235965], [-92.80104913956833, 17.894531279694316], [-92.80024950960765, 17.89494577919369], [-92.79998419953428, 17.89478121982274], [-92.79981400008333, 17.89451436987718], [-92.79987662018765, 17.892447319252966], [-92.79951148012412, 17.8914695390336], [-92.79918354019064, 17.891211619156923], [-92.79793185033935, 17.891412049860616], [-92.79735387980705, 17.891152519357505], [-92.79724018020912, 17.89070504943835], [-92.79774014015638, 17.89013221925327], [-92.79761940013739, 17.889120179398095], [-92.79730074999964, 17.888828149668292], [-92.79707520043095, 17.888838149825535], [-92.79640408900983, 17.88954443060555], [-92.79555582990554, 17.889102339034366], [-92.79511591031165, 17.889171179680584], [-92.79346195033567, 17.889967649514865], [-92.7920353686062, 17.890982540132782], [-92.79148128906427, 17.890782800264553], [-92.79130181998974, 17.89049471915816], [-92.7894332797259, 17.8903352293849], [-92.78922707960263, 17.88926039960703], [-92.78831531951701, 17.888879089649045], [-92.78780831968295, 17.888941049222034], [-92.7873643501681, 17.889479799431477], [-92.78678721984802, 17.889004769413027], [-92.7864092803478, 17.889013879351218], [-92.78604960032901, 17.889187379465568], [-92.78485317041212, 17.89081427911638], [-92.78423101983132, 17.89105687966262], [-92.78359109043784, 17.890269579288827], [-92.78222803039475, 17.890557249355616], [-92.78154947990701, 17.89025919928237], [-92.7806233195686, 17.888532649340835], [-92.78063650979256, 17.888121749283368], [-92.77997774032917, 17.887634059249724], [-92.78010409013326, 17.88599865972214], [-92.77987748039772, 17.88579979983286], [-92.77916851029848, 17.885400599475926], [-92.77802155001208, 17.885452229640194], [-92.77766530982137, 17.885150149186707], [-92.77667605019647, 17.885387109258392], [-92.77620588003614, 17.885269079265644], [-92.77573963020525, 17.88475502949592], [-92.77551053999437, 17.88368013966314], [-92.7749344802574, 17.88363593946786], [-92.77374650961242, 17.884133089130025], [-92.77338450814224, 17.883925579993907], [-92.77255762007269, 17.88398654943383], [-92.772002659999, 17.883494579366666], [-92.77020938036975, 17.884356859924193], [-92.76884514032149, 17.8860139392652], [-92.76761257035348, 17.886200889367316], [-92.7657301099811, 17.885569919252628], [-92.76464265017516, 17.88549373919284], [-92.76359337029835, 17.88333344967713], [-92.75783337021046, 17.88338208973648], [-92.7568118501183, 17.88385870963172], [-92.75391279904612, 17.890495661386968], [-92.7524800764241, 17.890335123201954], [-92.75069814954703, 17.89096476966218], [-92.74870915042578, 17.892471879311152], [-92.74723134010907, 17.894217879624904], [-92.74657954008345, 17.895249459841846], [-92.74650128042657, 17.896899309808678], [-92.74676083013014, 17.89985811947064], [-92.74489444981674, 17.90231739952945], [-92.74437581962563, 17.902736949838808], [-92.74318797992915, 17.90303614963672], [-92.74187651965707, 17.902046029219967], [-92.74019994036925, 17.90188944953235], [-92.74049848983711, 17.90286801977425], [-92.73986782995416, 17.90632177935699], [-92.73790068974517, 17.906708509471343], [-92.73835942013149, 17.91116533922127], [-92.73793514028544, 17.91268810970768], [-92.73604011981121, 17.91408091925743], [-92.73562156989853, 17.913484319189728], [-92.73441874013994, 17.91257256983009], [-92.73443505034064, 17.912284369459552], [-92.73151425022579, 17.912257979273882], [-92.72768187909078, 17.911906199954316], [-92.72563650993806, 17.913062919724485], [-92.72453168963062, 17.91275653929694], [-92.72338786030494, 17.914257629555316], [-92.72261385000141, 17.914048999239313], [-92.71891643013835, 17.915435939324563]]]}}, {"type": "Feature", "properties": {"CVEGEO": "27010", "CVE_ENT": "27", "NOMGEO": "Tabasco", "CVE_MUN": "010", "NOMMUN": "Jalpa de Méndez", "cov_": 1986, "cov_id": 1987}, "geometry": {"type": "Polygon", "coordinates": [[[-93.00756311010011, 18.407594199197675], [-93.00662477024414, 18.40451794907018], [-93.00516858033139, 18.404338799188597], [-93.00290400024222, 18.40345970979729], [-93.00257877033528, 18.40341579959355], [-93.00205865982132, 18.403820859333052], [-92.99887220026817, 18.402698049512665], [-93.00380115031477, 18.379720739202277], [-93.00945178043153, 18.356290659627042], [-93.01170065009585, 18.34490365923786], [-93.01732728864731, 18.319586538747785], [-93.03194267915809, 18.315485857249772], [-93.0288111978335, 18.28687162860272], [-93.03716544866413, 18.27742944731815], [-93.0358408581038, 18.271515477106295], [-93.03454334862393, 18.2690839476322], [-93.03306125858617, 18.265171287516456], [-93.0393728478639, 18.25919710722967], [-93.03030888736852, 18.246966318069006], [-93.04257684687147, 18.242677707527285], [-93.04266819760831, 18.24324265775449], [-93.04310722701595, 18.242952277808683], [-93.04346141765102, 18.242081737193534], [-93.04417425725192, 18.24243505770309], [-93.04508357725265, 18.241732797871556], [-93.04571093695787, 18.241662197816087], [-93.04667293701974, 18.24197244728957], [-93.0482418476096, 18.241116567173496], [-93.05029610753762, 18.241324137551146], [-93.05075867770074, 18.241176107736365], [-93.052550597169, 18.238280907012587], [-93.05284056736654, 18.23730868772488], [-93.05225621688969, 18.23563904748143], [-93.05244813695066, 18.2314343774536], [-93.05219642775286, 18.230372797095974], [-93.05287527682073, 18.229238857731005], [-93.05392751770805, 18.228420077727513], [-93.0576112573566, 18.22701902735063], [-93.06205133754423, 18.22931450750424], [-93.06040502734938, 18.227454307332202], [-93.05115464760841, 18.214169277221195], [-93.04515790668596, 18.19921416757015], [-93.04268136653182, 18.199522847126], [-93.03953574681819, 18.200833917253185], [-93.03600805678956, 18.201190447187493], [-93.03272728631715, 18.20178202785743], [-93.0313757959497, 18.196706978276673], [-93.03036845656402, 18.19426064795556], [-93.03009441610476, 18.19307645822113], [-93.02932793655941, 18.19165636871771], [-93.02929205637992, 18.188748828568254], [-93.02971477623026, 18.18755699860836], [-93.02994464670408, 18.185068248505733], [-93.02967628597315, 18.183573998518384], [-93.03482048660348, 18.184720337777538], [-93.03517024727671, 18.182158520297207], [-93.03766385822455, 18.181479350410186], [-93.03748691818822, 18.179544400022344], [-93.03901736659336, 18.178399780449986], [-93.0399874484589, 18.178313380562884], [-93.03987504753464, 18.176900739487067], [-93.03880748689056, 18.17712759952657], [-93.03802213587781, 18.17644967846668], [-93.03575601840477, 18.175859260678614], [-93.03539391804304, 18.176397290375885], [-93.03255865578143, 18.17558201843905], [-93.02992511514273, 18.176847688713334], [-93.02960748628412, 18.17747430952274], [-93.02841557712394, 18.177373599169993], [-93.02788273735555, 18.177767219106883], [-93.02620217660808, 18.17741861884328], [-93.02492282767194, 18.176114170210006], [-93.02747164730052, 18.169349150489715], [-93.02759545563323, 18.16712848918606], [-93.03147776486698, 18.165984627857345], [-93.03188834063484, 18.1654556989904], [-93.03100251494298, 18.16495027847321], [-93.03398536417181, 18.160592818290514], [-93.03460545569686, 18.15821702763013], [-93.03454171470888, 18.15663922800668], [-93.03921791506905, 18.156126027410416], [-93.0396898156271, 18.155733107077793], [-93.03924656541318, 18.155376507531663], [-93.03920639585772, 18.153616537202257], [-93.0383426855889, 18.153302377668854], [-93.03440361536299, 18.152961767167067], [-93.02950125524156, 18.151037108384568], [-93.03092173537883, 18.148664228168318], [-93.03111996512102, 18.147943687834605], [-93.03049404543847, 18.14787317832942], [-93.03074974595332, 18.14725430910324], [-93.03051931503776, 18.145906309017544], [-93.03021853559078, 18.145883517965924], [-93.0289591751103, 18.14683794811743], [-93.0283009151732, 18.146803318016282], [-93.02799508506052, 18.146350878445755], [-93.02549728754279, 18.146593059458677], [-93.02546230520373, 18.146136167850823], [-93.02377111526046, 18.145993447970692], [-93.0237295152682, 18.145660247818167], [-93.02258661505468, 18.145257597801766], [-93.02152202559866, 18.14452639802127], [-93.0193959656338, 18.144171618534905], [-93.01877937513409, 18.142397678625866], [-93.01951714516755, 18.142230998591046], [-93.01876245853181, 18.140691830075973], [-93.02135722491197, 18.13974179815127], [-93.02281713501219, 18.139879478627844], [-93.02233370537756, 18.139182618181316], [-93.02133793666208, 18.136797919973965], [-93.02087734688268, 18.137936829403287], [-93.02049081583203, 18.13816628796089], [-93.01720693529496, 18.13820833791508], [-93.01626305564275, 18.138145198239872], [-93.0152611954674, 18.137604998249554], [-93.0131957954064, 18.137242678172434], [-93.0121054551122, 18.13636234788897], [-93.0120924248721, 18.13461337834681], [-93.01240531500437, 18.134007678174168], [-93.01299288525377, 18.13357317801701], [-93.01490631496344, 18.133785798109994], [-93.01563833516826, 18.133521218079544], [-93.01655057463086, 18.13241501807565], [-93.01703227413384, 18.130886888516166], [-93.0155170540049, 18.131035317760844], [-93.01690696391417, 18.12935690837457], [-93.02182582401218, 18.120310018197735], [-93.019399774264, 18.119361998111646], [-93.02002322431437, 18.11820731806369], [-93.01861699445014, 18.117721918094457], [-93.0183742743242, 18.11715416785955], [-93.01591667401816, 18.116952628477847], [-93.01382627468101, 18.115471088347313], [-93.01247305429584, 18.115170628361547], [-93.01211330460994, 18.114571628633044], [-93.01237850456852, 18.113260087959574], [-93.01246414425903, 18.11093431818487], [-93.0120109146204, 18.109688118235862], [-93.01148444431259, 18.11018027795138], [-93.00786128419703, 18.110327148493507], [-93.00630147414614, 18.107655538537998], [-93.02070653322771, 18.079088078483114], [-93.02185830337672, 18.078448428157], [-93.02162490371623, 18.077341748567555], [-93.0264246242004, 18.06784154796537], [-93.0327836901308, 18.07040539966959], [-93.03567680042997, 18.071917579545516], [-93.04535450998249, 18.069147859231258], [-93.0478684198505, 18.070147019320693], [-93.04966814040567, 18.070547519451875], [-93.04984079979141, 18.073230749716185], [-93.05578505970908, 18.0712618591264], [-93.05547364996305, 18.071855949553367], [-93.05666252005568, 18.07249376976961], [-93.05708010959408, 18.072222019159753], [-93.0579212196493, 18.073193519531923], [-93.06654891970584, 18.077753109152447], [-93.06653464988412, 18.0792315097179], [-93.06676474968971, 18.0795189992386], [-93.0700207199422, 18.081167019266406], [-93.0701831501194, 18.080949509153506], [-93.07035362968412, 18.0810227494265], [-93.07018278034053, 18.0812821093785], [-93.07276902956833, 18.082568139714787], [-93.07330409000997, 18.081305449277934], [-93.08603076975778, 18.08787870960938], [-93.08675202035485, 18.087002979110324], [-93.08725701886755, 18.085909939448115], [-93.08629246022552, 18.085408599459125], [-93.08584534940219, 18.085495340116132], [-93.08518011980611, 18.08525613921167], [-93.08419734993673, 18.08445697930337], [-93.08356761960073, 18.084620139656014], [-93.08276893965372, 18.08320882907761], [-93.08205739969685, 18.0832079492281], [-93.0818748501795, 18.08291799988494], [-93.08318024965277, 18.08280642972925], [-93.0837887401108, 18.082132829279765], [-93.08513417029636, 18.08154953910715], [-93.08593215041215, 18.08175216964765], [-93.08627834013716, 18.081638489568878], [-93.08634040044484, 18.081938029512056], [-93.08686591968367, 18.08206962933929], [-93.08796662001726, 18.08172605953485], [-93.08959124979604, 18.08179507958861], [-93.09379201929845, 18.088237399737334], [-93.09511033922249, 18.088428889290757], [-93.09647694954388, 18.088201089913913], [-93.09791468008471, 18.086911319572486], [-93.09917965881907, 18.08735782029477], [-93.10108644870868, 18.089252459687017], [-93.11612235023433, 18.088622539258125], [-93.11951380016137, 18.086970199735443], [-93.12334653983646, 18.08586810921057], [-93.13189431022823, 18.085067719099445], [-93.13572074037903, 18.083071089650065], [-93.13649927969423, 18.081667999351232], [-93.13793533971577, 18.0928206495532], [-93.14266250967192, 18.091898799679576], [-93.14806808005731, 18.092003079064256], [-93.14938958011541, 18.096168859419034], [-93.1462371997432, 18.097368579878164], [-93.14627702038179, 18.09937893952368], [-93.1425433400068, 18.098994369595854], [-93.14198793963592, 18.10029434928234], [-93.14025743013356, 18.102287119834536], [-93.13668842991972, 18.105451909752894], [-93.13511047817119, 18.10636447679272], [-93.13076817965359, 18.1117991693148], [-93.12903554973418, 18.110818219688355], [-93.12810788018808, 18.11348944934802], [-93.12862504982206, 18.113798949007627], [-93.12652737963316, 18.115817969262732], [-93.12608511026495, 18.115965819814736], [-93.12586226042177, 18.116975599021956], [-93.12517922039684, 18.117405749435598], [-93.12502044973228, 18.117700799796225], [-93.12534577014121, 18.118739819894607], [-93.1247327797631, 18.119619049570204], [-93.12493056957493, 18.11987796900736], [-93.12360844961798, 18.12196887967572], [-93.12386576956806, 18.124530569774866], [-93.1234910899493, 18.12438276915502], [-93.12247347978821, 18.126193909397315], [-93.1208553203521, 18.128033019322242], [-93.12001109001585, 18.12815865969097], [-93.12036380014118, 18.128704619042654], [-93.12276670999489, 18.130859539007375], [-93.12293108981524, 18.13175181969361], [-93.11958852041995, 18.13245717948866], [-93.12163145007423, 18.134049689340266], [-93.12296337939424, 18.133309719827555], [-93.12335614966868, 18.134135229475973], [-93.12460870884387, 18.133465419475804], [-93.12601610981135, 18.136365969297824], [-93.1240870898146, 18.137213319572847], [-93.12464352009894, 18.139503939733057], [-93.12447777028066, 18.140651739547074], [-93.12473187966042, 18.141408549582696], [-93.12778784960501, 18.14005107898648], [-93.12743339970771, 18.139054939506394], [-93.12884128015168, 18.138533689739603], [-93.13058954888663, 18.142538199891053], [-93.13127708973542, 18.142282509131665], [-93.13271206034621, 18.145482849719702], [-93.13514571988077, 18.145494799304775], [-93.1359912200522, 18.14677814939632], [-93.13819271010745, 18.148553909847493], [-93.15368927911808, 18.15211406005245], [-93.15359987917473, 18.157183629549444], [-93.15440045951694, 18.156166599180086], [-93.15701002856689, 18.156051220599], [-93.15719874026645, 18.15537723013976], [-93.15915051847452, 18.154726969233103], [-93.1604482594696, 18.154636549475754], [-93.16251397945139, 18.151719912060756], [-93.16918703005864, 18.15174399916073], [-93.17224179894617, 18.150653032577047], [-93.1772569498588, 18.150058780111088], [-93.17949062011489, 18.15245194922795], [-93.17983342002896, 18.153083949553242], [-93.1799402597088, 18.154182719651807], [-93.18302330988388, 18.15278762958364], [-93.1831293201942, 18.15288757936869], [-93.18640386045067, 18.15634997967423], [-93.18557584998334, 18.156808229632052], [-93.18533614965328, 18.15719361957665], [-93.18519108004386, 18.157679999629558], [-93.18543051973154, 18.15856142968049], [-93.1867066000841, 18.158335859899438], [-93.18796598028675, 18.157357969663412], [-93.18963702018947, 18.156540949343718], [-93.19391533992848, 18.154741108987807], [-93.19511549035663, 18.154429689409287], [-93.1965916503691, 18.153363369748337], [-93.19848684973223, 18.152859849457464], [-93.19843776980738, 18.152080339602392], [-93.19869532015365, 18.15213134973635], [-93.20270417989434, 18.153415079855296], [-93.20323479961391, 18.1548053389927], [-93.20306728994012, 18.159129149343013], [-93.20245960038167, 18.160105149394298], [-93.20899519971317, 18.159914088977253], [-93.21730341973421, 18.168433079224247], [-93.21543265988512, 18.16840999983666], [-93.21444500005677, 18.168917459307302], [-93.21317322978872, 18.173112349858254], [-93.21245286014158, 18.1741857990674], [-93.21145650960229, 18.17476622954644], [-93.21160021957863, 18.17527368961108], [-93.21209882977543, 18.17551465942242], [-93.21235317963071, 18.17627730899024], [-93.21242214003769, 18.17838428918494], [-93.21116941955964, 18.179854169335957], [-93.21048834003635, 18.179786489672974], [-93.21018601992193, 18.179990309605476], [-93.20937548015878, 18.181281709027374], [-93.20912100019962, 18.18283144930069], [-93.20734942978514, 18.18478736914127], [-93.20704119959917, 18.185928479503737], [-93.20657924999071, 18.18634011927894], [-93.2056228303078, 18.186633489345773], [-93.20390194995883, 18.18839250960938], [-93.1994333198049, 18.190878489032755], [-93.19746885984544, 18.19446599906859], [-93.19741592037848, 18.194933279570723], [-93.1980648500381, 18.19580533945259], [-93.1959930201883, 18.195959109542667], [-93.1942427095964, 18.197265399021045], [-93.19355597029262, 18.197418049681037], [-93.19619371043103, 18.208313279350378], [-93.1902887199239, 18.207757199393004], [-93.18924477033431, 18.211932149745795], [-93.18843621982434, 18.211649479489132], [-93.18769506019537, 18.212008769599432], [-93.18612334967696, 18.212164049326546], [-93.18462477969712, 18.211513479790437], [-93.18243789036606, 18.212893969390706], [-93.1796605097465, 18.215493969686698], [-93.17847640018735, 18.21724004907733], [-93.17836049004342, 18.217888629519084], [-93.17688934966257, 18.218384229249803], [-93.17740403040254, 18.218946249562592], [-93.17648694035587, 18.220562509093867], [-93.17407168034256, 18.22184504939893], [-93.17343181999645, 18.22264584964528], [-93.1732501199391, 18.223778079385404], [-93.17269543001912, 18.224271739198944], [-93.17227694959286, 18.2250645394187], [-93.17135897005127, 18.225555249507693], [-93.1714316002899, 18.225723229094587], [-93.16903501959297, 18.226628619850306], [-93.16879438047913, 18.224699889398977], [-93.16862694049172, 18.224092799109034], [-93.16829917030658, 18.223855429770214], [-93.16814171009088, 18.22427377983819], [-93.16757424983099, 18.224357829309337], [-93.16714611967143, 18.226839029786827], [-93.16687420012215, 18.22720550981567], [-93.16632568987625, 18.22739985934006], [-93.16576570992197, 18.227434998984798], [-93.16489873985759, 18.227080479723256], [-93.16368776970283, 18.22550831986442], [-93.16326476991279, 18.22529241982448], [-93.16157057952717, 18.22578353950034], [-93.15895955044427, 18.22600467919217], [-93.1621162800363, 18.21954454904348], [-93.16529591984344, 18.219095179870575], [-93.16327506007873, 18.21468834957102], [-93.15685047966443, 18.215538709548753], [-93.15706719971072, 18.22025830918123], [-93.14679524981123, 18.221624819781844], [-93.14622108972863, 18.222945579616564], [-93.1423166496218, 18.22391244984131], [-93.14283678018452, 18.22585390989906], [-93.14360857043847, 18.225975539899622], [-93.14338534028323, 18.227771369339532], [-93.14265700008447, 18.22843477945867], [-93.13874182976733, 18.225127689714242], [-93.13709151977157, 18.22401765941573], [-93.1354536902735, 18.221545659092843], [-93.13127177015537, 18.214137449497855], [-93.12721817961376, 18.219622029767915], [-93.12422074005254, 18.225381019796636], [-93.1243634603267, 18.226856489142286], [-93.12404088001857, 18.227650849262616], [-93.11487805961511, 18.233164310386158], [-93.11483808008663, 18.23428059967274], [-93.11261645962341, 18.235649219655315], [-93.11204170977923, 18.23634104927538], [-93.11107865020014, 18.236063509684204], [-93.11000559989826, 18.236410089073676], [-93.10903300021994, 18.235463349680728], [-93.10535394961033, 18.23488184972774], [-93.1032832798417, 18.246146399309513], [-93.10143902973506, 18.24595711918644], [-93.10058562984959, 18.24527365967315], [-93.09917303042914, 18.24679087946411], [-93.09947128979132, 18.247412149688945], [-93.09558821977055, 18.260051579127516], [-93.09568254019554, 18.26146348965616], [-93.10799037005513, 18.262889249417203], [-93.11031048975859, 18.274579109747727], [-93.11000890961925, 18.274286539608575], [-93.10962313992634, 18.274274539556004], [-93.10926018006629, 18.27456274900877], [-93.10919842977239, 18.274936229057108], [-93.1096044302288, 18.275619349819763], [-93.10853394023941, 18.27565356946349], [-93.10811811022029, 18.275881649195643], [-93.10824446015394, 18.276394779812225], [-93.10878666007672, 18.27668081978346], [-93.10844424959642, 18.27741436902802], [-93.10849775010334, 18.277924399360586], [-93.10883107975916, 18.27838105985762], [-93.1094322802967, 18.278326369601714], [-93.11022798039072, 18.27880874971066], [-93.11096242001821, 18.2796158190063], [-93.11101848963715, 18.279939249206816], [-93.11131147986652, 18.279967999542336], [-93.11188531005757, 18.279510309644035], [-93.11225058034547, 18.279469719440367], [-93.1133115503599, 18.279968089840082], [-93.11383865026667, 18.28148813923009], [-93.11521775027961, 18.28220108982626], [-93.11553537012084, 18.282680749046598], [-93.11557651001242, 18.283204169397678], [-93.11356034997597, 18.28509574932877], [-93.11073142995343, 18.28570085943607], [-93.10872427960369, 18.285697059542525], [-93.10814638036047, 18.28592345970101], [-93.10759556978186, 18.2864307092557], [-93.10714366008362, 18.28770336925588], [-93.10681502008492, 18.28795733975834], [-93.10646622978419, 18.28796841973887], [-93.10598963026852, 18.287619909669054], [-93.10579866006059, 18.286900829826266], [-93.10338401976574, 18.286216949633424], [-93.10261931978845, 18.286811739054272], [-93.1023835702603, 18.28731462985481], [-93.10272907983354, 18.2881522891665], [-93.10162982957243, 18.289337909554696], [-93.09960402000624, 18.289978909272104], [-93.09804571037724, 18.29169187947355], [-93.09631552018388, 18.292756059697087], [-93.09598004988656, 18.29362628933356], [-93.09598788028414, 18.294598339631925], [-93.09644052027788, 18.2952626898547], [-93.09733683013528, 18.295959229892937], [-93.09740091041354, 18.296339379492863], [-93.09693775031764, 18.296725799703726], [-93.09649625005304, 18.296693939696226], [-93.09507732030653, 18.295955219566896], [-93.09476244981747, 18.296186539405316], [-93.09479229046012, 18.296997029691077], [-93.09455791965615, 18.297526979371238], [-93.0941031096083, 18.2975376494528], [-93.09343691962802, 18.297155649594565], [-93.0931311197075, 18.297565349518724], [-93.09350209025338, 18.298016739836463], [-93.09482284979254, 18.298689508984356], [-93.09557908032238, 18.29857173923929], [-93.09604186044555, 18.29881487960024], [-93.09714742988878, 18.30020816952088], [-93.09784072041725, 18.300710919267644], [-93.09785441975413, 18.30104676937027], [-93.09741708037022, 18.301791419468678], [-93.09756484969972, 18.302213599277078], [-93.0985432203626, 18.30249461904834], [-93.09899576960811, 18.302885709382927], [-93.09745170963187, 18.30474014965184], [-93.09628730989549, 18.30528721946725], [-93.09499931031597, 18.306543289792188], [-93.09455359999662, 18.307960769582905], [-93.09325982035934, 18.30958385922522], [-93.09290032015173, 18.31097739962069], [-93.09355805015501, 18.312606339198734], [-93.09364711968279, 18.31394193986046], [-93.09329081974414, 18.314762119346703], [-93.09141897987554, 18.315824977780444], [-93.09086438041253, 18.316556229082405], [-93.09072634029451, 18.317608029302868], [-93.09151664914528, 18.318894489744284], [-93.09135938042219, 18.319493510051007], [-93.08684841936011, 18.32125632036056], [-93.08568034996622, 18.32226664921307], [-93.08513067920335, 18.323310220388127], [-93.08491741888726, 18.325808779600294], [-93.08441979987425, 18.32824605056936], [-93.08483877961156, 18.328673940117437], [-93.08613687948136, 18.329049319152084], [-93.08656711940387, 18.32969048940776], [-93.08614268970149, 18.330450169266264], [-93.08523909032901, 18.331220309836166], [-93.08538017009054, 18.33228265236983], [-93.08630739988891, 18.333331259675862], [-93.08538259982708, 18.334076999239358], [-93.08514594034266, 18.334848339443706], [-93.08441302952662, 18.335769619624156], [-93.08446985034121, 18.336378889832986], [-93.08561259959272, 18.33782064919989], [-93.08575704958685, 18.33836224942969], [-93.08500738038842, 18.341191109027836], [-93.08797308998655, 18.344773449515287], [-93.08891025028788, 18.345387059333916], [-93.09112322964423, 18.348185909619954], [-93.09145727961723, 18.348358679201304], [-93.0922423395555, 18.349723459623743], [-93.09201888026746, 18.351277709351745], [-93.09283533963011, 18.352444179377255], [-93.0929582896034, 18.352940259150508], [-93.0926984304423, 18.353694119159968], [-93.09142786020104, 18.354949769839035], [-93.09115252042145, 18.355893709779668], [-93.09118862008157, 18.3564660492953], [-93.09198985033116, 18.35708173907084], [-93.09211597965853, 18.357399979785864], [-93.09172755037723, 18.359474119909507], [-93.0922971499533, 18.35977191959778], [-93.09509356967516, 18.359919109711445], [-93.09540830959958, 18.360252349442643], [-93.09436582047805, 18.362612149359126], [-93.09363948997455, 18.36305267959192], [-93.09285036973067, 18.36301621909948], [-93.09282712028302, 18.36272945909559], [-93.09321772034667, 18.362225259786353], [-93.09294362978721, 18.36164359918262], [-93.09135180026075, 18.361725739199304], [-93.09016912045574, 18.362783709307664], [-93.08982349037912, 18.36278705966603], [-93.08930392038535, 18.362418749913644], [-93.08896785044593, 18.362536369154043], [-93.08887314998091, 18.363243909874033], [-93.088484199956, 18.363869749702783], [-93.08880951975226, 18.364953939645773], [-93.0884814302932, 18.365790649006655], [-93.08807182959961, 18.36571662927273], [-93.08747007976035, 18.365177549426054], [-93.08689014043043, 18.36529316962343], [-93.08623024971929, 18.365771349215677], [-93.08430084986013, 18.365333229509094], [-93.08392705012398, 18.365579489540192], [-93.08381768993293, 18.36625893933001], [-93.08325645016163, 18.366899379601556], [-93.08329378017962, 18.367343399713864], [-93.08458507975143, 18.36915831922972], [-93.08684134008755, 18.36974468955982], [-93.0868296499049, 18.370065879589095], [-93.08580943026993, 18.370859709473773], [-93.08563605043564, 18.371261539313135], [-93.08618046035514, 18.37173099982773], [-93.08754896997941, 18.371713779543697], [-93.08765428962005, 18.37338391965824], [-93.08800351995748, 18.37422828924181], [-93.08441245970981, 18.374238769341066], [-93.08274174040166, 18.37455464949307], [-93.07954191991969, 18.37596504932292], [-93.07524757991175, 18.378536059295914], [-93.0743124301282, 18.37965479918561], [-93.07322971045473, 18.380291719339926], [-93.07239771048482, 18.381285909124042], [-93.07160050988907, 18.381563679329023], [-93.07106603040256, 18.382271539838648], [-93.07057201956775, 18.382421679375092], [-93.06969614980545, 18.383336059424565], [-93.06858076966374, 18.38406156968226], [-93.06644481999624, 18.382943199674415], [-93.0624651198728, 18.38136056956012], [-93.0617505701622, 18.380816179299593], [-93.06047768986285, 18.380674308986443], [-93.05979789022363, 18.380180349190873], [-93.05860850984354, 18.380487719656205], [-93.05608197965387, 18.382026709095303], [-93.05529923038328, 18.383170479426152], [-93.05416748026302, 18.383086079671347], [-93.05352701986988, 18.38393450925341], [-93.05319282965179, 18.384059649197656], [-93.05170925005277, 18.384079059547517], [-93.05119445002308, 18.383077079535813], [-93.05090179981065, 18.383021318991446], [-93.05014457979853, 18.383694999140747], [-93.04992904988842, 18.384550119177337], [-93.04925371044843, 18.384594219469484], [-93.04873193970553, 18.384076349187808], [-93.04845265031284, 18.382963949857572], [-93.0478212595382, 18.382360519420008], [-93.04721719984678, 18.382329719342895], [-93.04713466029611, 18.383665459655965], [-93.04618610992017, 18.38351371915741], [-93.04550240023794, 18.383817749792186], [-93.04498267954806, 18.38422937920825], [-93.04477774974343, 18.385135489720913], [-93.0437642497162, 18.38558744973508], [-93.04311788044839, 18.386515289658455], [-93.04229900000612, 18.38579916939232], [-93.04140577023269, 18.38555627903968], [-93.03696922978814, 18.387236179357707], [-93.03592315019954, 18.38837474975139], [-93.03548813965406, 18.388463519252134], [-93.03468866040728, 18.38931225982503], [-93.0332725104295, 18.391532079499108], [-93.0318369098081, 18.392354819757283], [-93.03174782989751, 18.39323428936075], [-93.03118697028692, 18.39364779910464], [-93.02936204978297, 18.39335116969832], [-93.02876789029933, 18.393488399109344], [-93.02769600002294, 18.39316882979807], [-93.02601189043394, 18.39355101942602], [-93.02541442989305, 18.393469779705033], [-93.02450377020203, 18.393788849847592], [-93.02305905006527, 18.396241379554162], [-93.02392481964837, 18.399025888972727], [-93.02396713991675, 18.40076411960653], [-93.02361503030656, 18.40179979958737], [-93.02306308980408, 18.40239219982502], [-93.0228607403494, 18.402328059847036], [-93.02220720037798, 18.399448979307795], [-93.02176929031356, 18.398670019461147], [-93.02081150961378, 18.397789319221953], [-93.01807109008847, 18.396852079410237], [-93.0136733797881, 18.396379599849027], [-93.01112646032745, 18.39837719902177], [-93.0108302903341, 18.39871453938037], [-93.01057717980564, 18.39967891936054], [-93.01052058010404, 18.401359139159897], [-93.01094649028732, 18.402651599032914], [-93.01097562019253, 18.406878089153285], [-93.00927763033354, 18.407620229601157], [-93.00803469046264, 18.407763109029712], [-93.00756311010011, 18.407594199197675]]]}}, {"type": "Feature", "properties": {"CVEGEO": "27011", "CVE_ENT": "27", "NOMGEO": "Tabasco", "CVE_MUN": "011", "NOMMUN": "Jonuta", "cov_": 1991, "cov_id": 1992}, "geometry": {"type": "Polygon", "coordinates": [[[-92.32149248968427, 18.47068797916471], [-92.32155228029275, 18.46752767944749], [-92.31055568974224, 18.46052862930861], [-92.31028748032392, 18.455579369630172], [-92.30819408985523, 18.45662233924361], [-92.30819190988618, 18.45716573946412], [-92.27624639966345, 18.457823859295967], [-92.24106282987401, 18.458084719388893], [-92.22340761970416, 18.457858219222917], [-92.20451719957731, 18.456857029569264], [-92.17614774018136, 18.45823321938738], [-92.17647377973402, 18.41578934942945], [-92.1773602195644, 18.37588268951695], [-92.18194871969177, 18.375902429768384], [-92.17135754957783, 18.338954309309774], [-92.18042882018818, 18.2898235697254], [-92.17955415021034, 18.289633429338053], [-92.17919019958624, 18.28848807934541], [-92.17722786020803, 18.28874485983134], [-92.17519754972915, 18.294043429569847], [-92.17442584959817, 18.293303309529268], [-92.17425197038783, 18.29010153960605], [-92.17528812012193, 18.288067139200688], [-92.17530683007638, 18.287531709517154], [-92.17495654001334, 18.287043109259617], [-92.17295137020842, 18.275337689848637], [-92.18324385034552, 18.27406322968219], [-92.18119492030952, 18.2711616590309], [-92.18181704968593, 18.27101357899344], [-92.1801052896261, 18.26997334929595], [-92.17925708018483, 18.268665799010886], [-92.17126689001779, 18.252953219579194], [-92.14893752025249, 18.210406079792808], [-92.16442397014711, 18.197865619199497], [-92.1617243197443, 18.193748659428323], [-92.16056212045247, 18.188668569708994], [-92.16090300023569, 18.155424169780204], [-92.1487820504821, 18.149296379347803], [-92.14904346021021, 18.136730369610678], [-92.1313038598936, 18.12228354909829], [-92.12833568998383, 18.120149859385307], [-92.12742457015814, 18.108657859582095], [-92.1216619772465, 18.101754629989244], [-92.11988712046323, 18.10215697904742], [-92.1182556800039, 18.102007719279975], [-92.11638145023845, 18.100959059621182], [-92.11478375015417, 18.099265249328194], [-92.11200626041192, 18.095644089049486], [-92.11010835011014, 18.094406199727107], [-92.10828145973252, 18.09380681968931], [-92.10375774976282, 18.093488819231975], [-92.10016472045594, 18.092867169073486], [-92.09509713981836, 18.09251254905789], [-92.09223100027974, 18.092049969760414], [-92.09062676963694, 18.091134319069962], [-92.08552305958744, 18.08673654973778], [-92.08414163025263, 18.085861479680368], [-92.08297380037988, 18.085688309902565], [-92.08155829039328, 18.085689689825923], [-92.08044151022189, 18.086056319043657], [-92.0795436596225, 18.086941179521148], [-92.07883251978717, 18.0879377998746], [-92.07776966014646, 18.092589319250422], [-92.0767963496326, 18.094286599400576], [-92.07481722970148, 18.09444256979536], [-92.07296485954785, 18.09400819967961], [-92.0694135500322, 18.09208942918833], [-92.06802258034874, 18.092113289879553], [-92.06217168034361, 18.098163939572643], [-92.06027481969711, 18.098534179677852], [-92.05922834019697, 18.09849457909785], [-92.05814805973473, 18.098023569296377], [-92.05503514001173, 18.094738659168545], [-92.05388324983907, 18.094248569630096], [-92.05260144981506, 18.094085219298066], [-92.04915433953471, 18.094323459546622], [-92.04578565034234, 18.095278519136684], [-92.04398539997305, 18.096892089026902], [-92.0416611198853, 18.09807654935889], [-92.03993882015128, 18.097950339069737], [-92.03875385015567, 18.097081749510732], [-92.03701739978011, 18.0949548498418], [-92.03590122020208, 18.09114074955919], [-92.03598625012174, 18.087363339078617], [-92.03729853973479, 18.08520068963825], [-92.04246913993822, 18.08126164898885], [-92.04272260017268, 18.079910059471096], [-92.04258435020034, 18.07892904977429], [-92.04209542958185, 18.07831881972717], [-92.04002806025555, 18.077563509713954], [-92.03797632044258, 18.07736384930236], [-92.0348417098488, 18.078148749253565], [-92.0321520500792, 18.078236719590965], [-92.02998716999655, 18.0779802791272], [-92.02824216970706, 18.077172049297737], [-92.02663093960088, 18.075863799858936], [-92.02580617984749, 18.073718619596953], [-92.02446683047147, 18.067762679114423], [-92.02286517003084, 18.06470554969051], [-92.01874434993559, 18.060675429883712], [-92.01693370996111, 18.058089479488164], [-92.01442874000827, 18.052613319676002], [-92.01302045956615, 18.051483248995076], [-92.01181754969497, 18.050944999592627], [-92.00734437997629, 18.049981799156786], [-91.99960770970849, 18.04425936978], [-91.9937900901895, 18.040666709041002], [-91.99215460025658, 18.039256909771858], [-91.99079872032482, 18.038739049030873], [-91.98879897969964, 18.038668859776738], [-91.98736247969549, 18.038880849546626], [-91.985462769865, 18.04036773908116], [-91.98280124979881, 18.043104459540288], [-91.98168274026465, 18.043600979267918], [-91.98064537974899, 18.04368965918179], [-91.97967972045834, 18.043445939325114], [-91.9787785800062, 18.042829719231143], [-91.97540173997469, 18.036941109661708], [-91.97459408962315, 18.033356229602745], [-91.97295932025251, 18.030185509847982], [-91.96961307989967, 18.025229149328826], [-91.96841952002492, 18.020797489814953], [-91.96674770993761, 18.015988449881302], [-91.94012158003731, 18.01256396915725], [-91.93535562986742, 18.01020244978927], [-91.91349326015725, 18.013091599065145], [-91.90972267977827, 18.013786309054307], [-91.90035476999157, 18.012146999439622], [-91.88811014005198, 18.0063375794758], [-91.86720785976617, 17.983266349631624], [-91.85555615007722, 17.98106073943855], [-91.80464421970152, 17.972550509674672], [-91.77118527980855, 17.944366919012683], [-91.77617775022509, 17.937692769038], [-91.78546641943333, 17.92343673959257], [-91.80289397992331, 17.909481219421732], [-91.81450302016118, 17.900493059762773], [-91.81618438024539, 17.90014633903585], [-91.82072779959542, 17.897652349460294], [-91.82583941966432, 17.893963199792914], [-91.83163994957897, 17.88894502979385], [-91.83540556968508, 17.886592818994288], [-91.83810228023664, 17.885461909527216], [-91.84125251021403, 17.884333649828303], [-91.84534092022037, 17.883427909108068], [-91.8496862901712, 17.88286459978277], [-91.8543812803987, 17.88335727921983], [-91.85793715025387, 17.884649169113306], [-91.86512868996101, 17.888795349696696], [-91.8681983199649, 17.89014624943174], [-91.87068930969164, 17.89078071953172], [-91.8784705400025, 17.890050659553314], [-91.88683593980184, 17.8879235497004], [-91.89115088992418, 17.88704913963954], [-91.89416148027819, 17.887500259638117], [-91.89583885981381, 17.88871881930109], [-91.89883704994061, 17.893127829409266], [-91.90296682018007, 17.896034229912726], [-91.90739307997366, 17.898167179563043], [-91.91247057011887, 17.89980765958363], [-91.91583902980693, 17.900074449647935], [-91.91812768997885, 17.89951964987034], [-91.9208576499268, 17.898201769484913], [-91.92343342001728, 17.89558091903549], [-91.92549683002967, 17.891934169731496], [-91.92566684956071, 17.890602059023127], [-91.92455948952318, 17.88679097983195], [-91.92390556963993, 17.882385199554545], [-91.92441248970496, 17.878915859050107], [-91.92662035004925, 17.87338767981903], [-91.92806134004353, 17.87082250917229], [-91.93063565989203, 17.868356539448083], [-91.93398669025362, 17.866018799223827], [-91.9375920500387, 17.86448839953526], [-91.94141116959092, 17.86330148954256], [-91.94423210953791, 17.86291374973876], [-91.94840916963808, 17.86330834900195], [-91.9505747104498, 17.86418804946598], [-91.95260864975869, 17.865408049591803], [-91.95434905993179, 17.86696745946243], [-91.95611901956322, 17.869023049865504], [-91.9570815699049, 17.87064025966405], [-91.95746257962757, 17.87197536911501], [-91.9574182298226, 17.8740212297534], [-91.95683276972407, 17.87992990977994], [-91.95542561957596, 17.882309489217832], [-91.95010233988626, 17.888036139737896], [-91.94689917014995, 17.892731059888746], [-91.93943417998577, 17.901114949510745], [-91.93900517986233, 17.902414679237975], [-91.93915283034868, 17.9048335796645], [-91.93959785010291, 17.906293059885833], [-91.94030411995273, 17.907412949362058], [-91.9415276199537, 17.908752659434736], [-91.94307665040394, 17.90984613982765], [-91.94498617975695, 17.910259509403303], [-91.9527313696945, 17.910270339118586], [-91.9582016298119, 17.910053799799353], [-91.9699309704085, 17.91039525929332], [-91.97363682009473, 17.911431179576613], [-91.97609416982824, 17.912405179450225], [-91.97845257027952, 17.913688649688332], [-91.98139025043338, 17.91568813962791], [-91.98399915037916, 17.918522939372448], [-91.98515525007383, 17.920389059354644], [-91.9865984503627, 17.923062719555972], [-91.98784597044899, 17.926906049455805], [-91.98882162998821, 17.93202637919574], [-91.99048981970851, 17.93602177971804], [-91.99296459965962, 17.93972381900141], [-91.99567108984552, 17.942589969139558], [-91.99988789004729, 17.94334464988992], [-91.99980263031037, 17.942513449656072], [-91.9954516200916, 17.92900276954789], [-91.9933299497416, 17.925001769150544], [-91.99128974013934, 17.91961230915957], [-91.99351262002227, 17.911079709106048], [-91.99840254972246, 17.898965779514274], [-92.00050161974723, 17.89873693902927], [-92.00335506009046, 17.890518179814297], [-92.01554662955077, 17.89750111918877], [-92.0192496598514, 17.89547207943085], [-92.02060819966836, 17.891803999012602], [-92.01970790986104, 17.887823919645], [-92.02969894000063, 17.88914393975831], [-92.06707322961505, 17.87640576937953], [-92.06911561990057, 17.876887579594197], [-92.07054672002084, 17.87772850973339], [-92.0717970501804, 17.877673649207235], [-92.07234122000995, 17.877054139838226], [-92.07244955029967, 17.876588429652863], [-92.07206829033541, 17.874518229818175], [-92.07038866032707, 17.872771049897946], [-92.06730769047097, 17.870352919153614], [-92.06664872027739, 17.870185029250262], [-92.06548198043642, 17.870420179518334], [-92.0633206001239, 17.871899119883267], [-92.0617695798348, 17.872060029595968], [-92.06054175019459, 17.871871679158016], [-92.05908276994727, 17.87132745902741], [-92.05582470991084, 17.869593569539273], [-92.05416677976457, 17.868612539330393], [-92.05245798034183, 17.86724610914212], [-92.05164677961494, 17.866091229609534], [-92.05123942998883, 17.865004769449374], [-92.05031468995901, 17.86131510957907], [-92.04844938031985, 17.85803805905429], [-92.04865912030174, 17.856743569117775], [-92.04940708005584, 17.854772029710844], [-92.05054614972305, 17.853490739205856], [-92.05171942980945, 17.852978119120742], [-92.05266056962124, 17.85318027918296], [-92.05339769013064, 17.852679339882254], [-92.0535685796994, 17.85172517987494], [-92.05307370985133, 17.84952602954437], [-92.05342868974421, 17.848493939240633], [-92.0543664297875, 17.847613569111925], [-92.05630822036281, 17.846754449056984], [-92.05806498032366, 17.84668997974431], [-92.05959185028277, 17.847103779648506], [-92.06233027987578, 17.848661399227215], [-92.06303743007949, 17.848800279383198], [-92.06405702021391, 17.848439399021665], [-92.06829520005577, 17.848689849504353], [-92.0724734297812, 17.850554519296573], [-92.08488781956682, 17.855195259194577], [-92.09046882000469, 17.85659948969244], [-92.09049762980584, 17.85072777972622], [-92.10203335038659, 17.850880169305658], [-92.10646289002068, 17.838127049479144], [-92.09939826011541, 17.834633569237553], [-92.104601309577, 17.82762601973242], [-92.10380929038013, 17.82766994985935], [-92.10385966025864, 17.825522119353398], [-92.10447894041467, 17.823614109364843], [-92.10553518028534, 17.812938719766414], [-92.11167629021601, 17.806256489427433], [-92.12048163012761, 17.7959726897745], [-92.12101864974335, 17.79684164948482], [-92.13987387998218, 17.809788889729642], [-92.13864694047454, 17.810065059176182], [-92.13813754981472, 17.81038385959882], [-92.13800242017521, 17.81088274953125], [-92.13836948962343, 17.811747569833734], [-92.13891389036462, 17.812216649588855], [-92.13886216986923, 17.812983879718285], [-92.13954672022014, 17.815794059528166], [-92.14066305969666, 17.81801557930903], [-92.14034019966122, 17.819186449481435], [-92.14043973992804, 17.819597979454976], [-92.14079201993842, 17.820167019538342], [-92.14236801979482, 17.82116271961522], [-92.14485631963801, 17.823541629090236], [-92.14544151015849, 17.82484930921178], [-92.14538488041387, 17.825292149173034], [-92.14483941970576, 17.82587150933757], [-92.14493579976897, 17.827259449780485], [-92.14420696982577, 17.82913217921982], [-92.14408288044632, 17.83093754955924], [-92.14509146017977, 17.83328570965134], [-92.14699657957219, 17.8340057492787], [-92.14898762027343, 17.835685109826425], [-92.14975138019916, 17.83789325908759], [-92.15001922959611, 17.84005156948731], [-92.14894300008197, 17.842687419221285], [-92.14877626012384, 17.84384351914343], [-92.14952828027076, 17.84554214923323], [-92.14988593986152, 17.84579268925074], [-92.15271385003412, 17.845953149173425], [-92.15386847973232, 17.84634424958847], [-92.15428495000205, 17.847207879793437], [-92.1549633500161, 17.84771127975076], [-92.1560949498724, 17.849549549351014], [-92.15683941958763, 17.849744509295554], [-92.15884097957809, 17.850901369418224], [-92.1593980503013, 17.85147841965821], [-92.15994257033523, 17.852527879916806], [-92.16157389007631, 17.852701969687846], [-92.16305274020479, 17.85365862947732], [-92.16343556974158, 17.8541689492536], [-92.16358414978838, 17.855156909161376], [-92.16407942960359, 17.85620750976811], [-92.16511308040417, 17.857103819612128], [-92.16538479963243, 17.857896339327766], [-92.17826065032448, 17.866391519199546], [-92.17039088021964, 17.902537479646035], [-92.19334073960896, 17.906906939110247], [-92.2031785096443, 17.903866029750944], [-92.20315256957527, 17.90223293930884], [-92.21060916982803, 17.89932116961925], [-92.21453447994747, 17.893333459794576], [-92.21703851976409, 17.888729819839917], [-92.2190553403591, 17.88284311931842], [-92.22840248016827, 17.88678639938834], [-92.24356282042226, 17.892738489442134], [-92.26412731013798, 17.907543719506638], [-92.26408556999458, 17.90180050979019], [-92.29584097021363, 17.914322179876986], [-92.28924047960813, 17.923886979209904], [-92.30822277960594, 17.926613519369056], [-92.30911396982981, 17.927234419052063], [-92.31038653997061, 17.927222349617747], [-92.31183844965771, 17.928179019735932], [-92.3122758801724, 17.928184569347675], [-92.31338962007598, 17.92728239920362], [-92.3139300297802, 17.927196029063932], [-92.31895423031689, 17.93059333907758], [-92.3196149498812, 17.93140613910756], [-92.31961246013061, 17.932666579845094], [-92.31522562971506, 17.939716939219984], [-92.31471144998108, 17.94091410912031], [-92.31418045010125, 17.94378171924639], [-92.3135603795925, 17.944499279670197], [-92.31284337035338, 17.944906169369077], [-92.31273368995016, 17.94529385913767], [-92.31276541954666, 17.945977999840796], [-92.31312504977413, 17.946548289285687], [-92.31442248005973, 17.94764873966165], [-92.31492432013792, 17.94872919949251], [-92.31506594971795, 17.949402279586756], [-92.31460120021164, 17.951810169650965], [-92.31450848004182, 17.95415536985049], [-92.31497387963336, 17.955146709615104], [-92.31640218038986, 17.95683434931289], [-92.31636034968135, 17.957798509242807], [-92.31553988976727, 17.958992909627277], [-92.31241418010417, 17.96000711982024], [-92.31163083006777, 17.961204569381795], [-92.31027674992873, 17.961986229822294], [-92.30957153974299, 17.962155448998622], [-92.30701417036289, 17.96161282910397], [-92.30650959980174, 17.96171108941062], [-92.3059692503625, 17.962286429755366], [-92.30592426000001, 17.962619229510892], [-92.30636666029727, 17.963872569848377], [-92.30785797988979, 17.96482061965208], [-92.30867281990301, 17.96613630960918], [-92.30899747955456, 17.966352979681947], [-92.3103050204139, 17.96649285913476], [-92.31051363020138, 17.966713569626325], [-92.3106356904353, 17.96693888935766], [-92.31022943034465, 17.9680398496813], [-92.31052705005337, 17.968960799808613], [-92.31237253880256, 17.969073140338658], [-92.3129355094474, 17.969530350643666], [-92.31286160000059, 17.970872619589528], [-92.31257224960258, 17.971476179641655], [-92.31146484920781, 17.97219373986479], [-92.31155201987356, 17.972822770283308], [-92.31201256917899, 17.97313982037624], [-92.31325095015579, 17.973329979083182], [-92.31373874991918, 17.97394557020732], [-92.31401953986031, 17.975170890028743], [-92.3159097497551, 17.977284289147608], [-92.31661569037125, 17.97939210982851], [-92.31839743038131, 17.981070719432893], [-92.31866857037122, 17.981558029457894], [-92.31867155026417, 17.982250249391473], [-92.31779622991296, 17.98348370929014], [-92.31690389010676, 17.986237139508805], [-92.31821784996282, 17.988850149796136], [-92.31816422010047, 17.98910684950734], [-92.31694068038662, 17.990039909246267], [-92.31695601981157, 17.990728289100236], [-92.31721302029057, 17.9911887494635], [-92.3171199498925, 17.99177948981207], [-92.31641241991419, 17.992910109306333], [-92.31503741979847, 17.99343370970983], [-92.31385207983685, 17.993410079514277], [-92.31366950996019, 17.993638399886233], [-92.31365261966049, 17.994333419683258], [-92.31406954033312, 17.99543210929935], [-92.31404668978617, 17.99655044943027], [-92.31330970990996, 17.997443419620165], [-92.31200733956082, 17.998428339477435], [-92.31171819998636, 18.00057084920753], [-92.31075185961538, 18.001986619031854], [-92.31022272026674, 18.003630779044148], [-92.3093567201152, 18.004363859353482], [-92.3081229198412, 18.004638249328494], [-92.30753005967185, 18.005251829149042], [-92.30756718033285, 18.005591109197486], [-92.31009902042695, 18.007588459711812], [-92.31218255035337, 18.00862527975706], [-92.31265485969293, 18.009126339609217], [-92.31307786036511, 18.011925379314853], [-92.31282342036535, 18.0132744291186], [-92.31160344975993, 18.015060219320628], [-92.3108910500442, 18.015533049159878], [-92.30910832024482, 18.015804509655393], [-92.30471778047115, 18.01742081947338], [-92.30322022011381, 18.017749509731235], [-92.29929213984086, 18.022022279214138], [-92.3166760495668, 18.02884647975447], [-92.30757690985264, 18.037883829094906], [-92.30738065010019, 18.045912139036453], [-92.31582720016131, 18.041942309528526], [-92.3135453703196, 18.047901619015448], [-92.32227244990568, 18.04862939984463], [-92.32287632037881, 18.058690249506054], [-92.32283013955191, 18.060981719218532], [-92.32951299957267, 18.062314379319286], [-92.33906119993534, 18.06190785915561], [-92.33920462026968, 18.06350207931607], [-92.33955317998414, 18.06393359988606], [-92.34276691022194, 18.064205429879372], [-92.3429118504618, 18.06463631927628], [-92.34127785961479, 18.06691876973017], [-92.34114368991924, 18.067822689489454], [-92.34128179966699, 18.069360489266906], [-92.34109423036585, 18.07007842904598], [-92.34069886033008, 18.07030905939405], [-92.33859368009094, 18.070557749079416], [-92.33757190999306, 18.071195739550742], [-92.33672084980643, 18.073809339014367], [-92.33626235026176, 18.0746090794939], [-92.33191561978016, 18.07623759948567], [-92.33036142042594, 18.077086859137648], [-92.3284684301714, 18.079143979480833], [-92.32611125990918, 18.08054214901275], [-92.32537097969897, 18.081827879345298], [-92.3244390204147, 18.082714689445808], [-92.32001081993594, 18.084739579257775], [-92.31959697996972, 18.08521121975886], [-92.31895516958889, 18.087223169501062], [-92.31840878031247, 18.08777291928699], [-92.31637791032546, 18.088094179741898], [-92.31275312019626, 18.090185649774956], [-92.31044734043594, 18.09117781947496], [-92.31002709016956, 18.091974319638975], [-92.31018238021261, 18.093351049518155], [-92.3085465797993, 18.093666179219206], [-92.30741981993923, 18.09340241983974], [-92.30696844978846, 18.09305367950528], [-92.30695533991246, 18.092216949882776], [-92.30788387985618, 18.090619549861206], [-92.30757580025826, 18.089957179673075], [-92.306615859798, 18.089041819680418], [-92.30645077973244, 18.0872729196891], [-92.3059075503337, 18.086479179685863], [-92.30540637974337, 18.086205119032204], [-92.3041231701726, 18.08607961957145], [-92.30341432007732, 18.08622281920425], [-92.30299540028011, 18.086713819353964], [-92.30239451978132, 18.08800539930447], [-92.30337580047507, 18.09293339943459], [-92.3034491998688, 18.095140569559355], [-92.30367365049477, 18.095660449129298], [-92.3050431504665, 18.096472229503345], [-92.30584033989142, 18.09721854916187], [-92.30623502984052, 18.098109719122977], [-92.30592477970036, 18.09881282951522], [-92.30475381984351, 18.099316549681546], [-92.30442456992957, 18.099648739330874], [-92.30566644981663, 18.10088125979227], [-92.30443941994459, 18.10258521977827], [-92.30425821990319, 18.10380741959623], [-92.30474200023002, 18.109002229453385], [-92.30438143011762, 18.109344619140014], [-92.30307368037681, 18.10965414914284], [-92.29941173999761, 18.11006899977476], [-92.29722286015435, 18.110075279077787], [-92.29635065033328, 18.110297909848516], [-92.29164257008044, 18.11494277956867], [-92.29133537044544, 18.11656361987032], [-92.29156820008869, 18.116914859258163], [-92.29373879951491, 18.118347289862367], [-92.29392748040968, 18.11888604936501], [-92.29114257002323, 18.12271721947186], [-92.29108090997532, 18.124298429750898], [-92.29144842041926, 18.12484864983604], [-92.29155827971879, 18.125505139319905], [-92.29024288003676, 18.126827349869604], [-92.28984786015968, 18.128127219653418], [-92.29019467962642, 18.12886362932637], [-92.29139973982248, 18.130013799435538], [-92.29166358032036, 18.130566339674743], [-92.29140410993894, 18.13083187965478], [-92.29010777003244, 18.1311610797457], [-92.28852313994224, 18.132837519332107], [-92.28485601980852, 18.138506059649774], [-92.29997933996837, 18.152279489564382], [-92.31347599982742, 18.15500761961243], [-92.31802235006607, 18.156177379152304], [-92.32482395021324, 18.17232737964506], [-92.32298652042691, 18.186240399697713], [-92.31295709037845, 18.209232939274536], [-92.31341594042473, 18.20954662926889], [-92.3147822498271, 18.213018909659958], [-92.31668820029557, 18.210394349453537], [-92.32110854952309, 18.212368049656828], [-92.33147424962496, 18.21776076899724], [-92.32100429037139, 18.22759241933298], [-92.32098434958887, 18.230502459115634], [-92.31745365986053, 18.23092650941015], [-92.31230505981024, 18.235761909801294], [-92.31590458012246, 18.23902457958393], [-92.31326052020827, 18.241455079544583], [-92.31597830990334, 18.244492109612104], [-92.32051799965112, 18.240393999447065], [-92.32321511989898, 18.245882749584826], [-92.32122637019587, 18.246840419206766], [-92.31993096967157, 18.24789719976169], [-92.31845427970984, 18.253873229534232], [-92.31754062982647, 18.25415256954841], [-92.31673483042337, 18.25596539957096], [-92.31728885023396, 18.25693545980196], [-92.31599405970543, 18.25746477009373], [-92.30932181957294, 18.2612099496954], [-92.30698221992998, 18.257529248984113], [-92.29543744994632, 18.255327889855444], [-92.29342172035533, 18.257605179784953], [-92.28112366003265, 18.27478967937223], [-92.27035083011314, 18.27059610912722], [-92.26730178011994, 18.268135569611687], [-92.26485877964616, 18.26669748971507], [-92.25473987964403, 18.265369219642132], [-92.2535970799728, 18.26539107939773], [-92.25199002003289, 18.26493573981084], [-92.23550314017746, 18.262366139441358], [-92.21611644958404, 18.266228519223077], [-92.21880167971918, 18.2749107994472], [-92.21460780023727, 18.275872219261583], [-92.22309671980852, 18.280461219496615], [-92.21841210979447, 18.28226417932289], [-92.22277337967006, 18.290789079256268], [-92.23752497964529, 18.30053874904215], [-92.23728865992564, 18.29893248939656], [-92.24291711991833, 18.2903209494833], [-92.24377837953658, 18.288624149543953], [-92.24658774002604, 18.289513119143898], [-92.2500624903703, 18.291342079568455], [-92.25793614991302, 18.293227769285444], [-92.25795004972369, 18.293747019554853], [-92.24627598032205, 18.29614517984893], [-92.24899208023758, 18.297799879861845], [-92.25054648972768, 18.301308819702975], [-92.25166365956925, 18.30282284908357], [-92.25489528033559, 18.306219119891523], [-92.26090971032858, 18.30030185930192], [-92.28254488966847, 18.304668829802797], [-92.28769348020361, 18.30611588950213], [-92.29629488008808, 18.30717293961427], [-92.27229668954455, 18.327680579500186], [-92.2954240799894, 18.34780497907992], [-92.29494037036838, 18.348417149326764], [-92.2947221996708, 18.350293689278892], [-92.29206786013694, 18.35320599984375], [-92.29888155009621, 18.354545919085457], [-92.29842747971608, 18.355737139227877], [-92.29852942984348, 18.358106619851743], [-92.30295723026323, 18.358160419180674], [-92.30410680040934, 18.3588928897996], [-92.3045604204912, 18.362883879197124], [-92.30428401993404, 18.36384468955187], [-92.30583370972714, 18.364672719845416], [-92.30796614961535, 18.361907849594616], [-92.30820439986765, 18.3643350598258], [-92.30871052016674, 18.36495185918388], [-92.31051211998852, 18.36684577901286], [-92.31231755042764, 18.36713945916371], [-92.31251496995091, 18.368885509862697], [-92.31183366007839, 18.371346029868523], [-92.31050582027751, 18.374243199653908], [-92.31226830975966, 18.3763631091792], [-92.31321895042741, 18.37577116971824], [-92.3138025200178, 18.374204889829933], [-92.35254397981558, 18.39420976918882], [-92.3528224803097, 18.394596909158007], [-92.32519602971763, 18.42094734953632], [-92.31356837011256, 18.427453149099406], [-92.3147841702983, 18.4300733395409], [-92.3204958795048, 18.43441487978103], [-92.32285317021001, 18.437063319121172], [-92.32693848966409, 18.4497964894653], [-92.32043009003567, 18.45144522963378], [-92.3211233699081, 18.45334082965739], [-92.3215428604275, 18.455424489693513], [-92.32249237975151, 18.457354399429292], [-92.32490617954126, 18.459388919406233], [-92.32662562989, 18.460279119836894], [-92.328606119537, 18.460721019313826], [-92.32975785980746, 18.460698519841998], [-92.33157509005146, 18.460299679355465], [-92.32252893978793, 18.473080889294874], [-92.32149248968427, 18.47068797916471]]]}}, {"type": "Feature", "properties": {"CVEGEO": "27012", "CVE_ENT": "27", "NOMGEO": "Tabasco", "CVE_MUN": "012", "NOMMUN": "Macuspana", "cov_": 1998, "cov_id": 1999}, "geometry": {"type": "Polygon", "coordinates": [[[-92.51681885004281, 18.170859449073014], [-92.51565180042424, 18.170122649808103], [-92.51515683012512, 18.167951649426325], [-92.51455688978017, 18.167503419533713], [-92.51375507956107, 18.16756516904909], [-92.51215030951089, 18.16810356985039], [-92.51017706010543, 18.169023859303376], [-92.50937533968437, 18.169053739394776], [-92.50783969045914, 18.16876261951245], [-92.50674038023624, 18.167738779679325], [-92.5063065795706, 18.16757808937382], [-92.5030416800067, 18.16845113917565], [-92.50227360019157, 18.167727739154014], [-92.5019347403964, 18.166959379597916], [-92.50196375024386, 18.16533147980117], [-92.50105857027162, 18.16275504962148], [-92.49980347963438, 18.157082139418485], [-92.50488071022983, 18.147049249891992], [-92.49995754964355, 18.14551151938467], [-92.4973019200043, 18.146058029193767], [-92.47316188977216, 18.126099168996685], [-92.47121784996908, 18.117935949540314], [-92.47756176987198, 18.117738799209558], [-92.49090340017923, 18.123014569122354], [-92.49184514016996, 18.115903689748695], [-92.46164581987857, 18.113431169152673], [-92.46333135044803, 18.101734659825468], [-92.4467388303116, 18.097792339090415], [-92.44097973987324, 18.096753199258046], [-92.43878748019304, 18.09757961936927], [-92.4365585701436, 18.09926917970353], [-92.39891250994768, 18.12089473977814], [-92.39267378016356, 18.1241046292756], [-92.39079363014062, 18.1252797393705], [-92.38848335002582, 18.128325229144885], [-92.38899834984105, 18.130262219694313], [-92.39050911962987, 18.13050824920757], [-92.39361075038379, 18.131499749752745], [-92.39721314015156, 18.13398973915003], [-92.39679519963009, 18.136893319772017], [-92.39566159955578, 18.139499289661856], [-92.3939054296728, 18.134984019763092], [-92.39353321989394, 18.1352051991761], [-92.39395483034164, 18.138480539098325], [-92.39405186031546, 18.141149539267786], [-92.39690097991667, 18.142365649537023], [-92.39849049013976, 18.141473999228754], [-92.3997662302974, 18.142897599755067], [-92.39918551017593, 18.14450505979747], [-92.39902672043749, 18.14575476967248], [-92.39937648961215, 18.14653904944802], [-92.40044680014475, 18.147202259725212], [-92.40220928974726, 18.147422969016755], [-92.4060267102301, 18.149132909614103], [-92.40718873986062, 18.15016981934553], [-92.412205770363, 18.152984259154984], [-92.41409849025193, 18.154367889480557], [-92.41373347981195, 18.156520289472432], [-92.38565908036507, 18.160297769392308], [-92.38360807977733, 18.15658899944001], [-92.38337811987714, 18.15657879931166], [-92.37027089009857, 18.14345684986239], [-92.37152316972602, 18.133010999651056], [-92.36617840018013, 18.131700479582744], [-92.36178166014787, 18.131382579497647], [-92.36004353968646, 18.13098404923008], [-92.3547942203465, 18.128817199449294], [-92.35334011984523, 18.127892539093267], [-92.34995631961165, 18.124366249365007], [-92.34797972046267, 18.123367939079834], [-92.34385566002034, 18.123049169176138], [-92.34166214029571, 18.123805679174264], [-92.34037394044447, 18.126290509071712], [-92.33943316959957, 18.1300443089667], [-92.33792939972365, 18.130604479204365], [-92.33565726001194, 18.130514419129693], [-92.33343281958867, 18.129879619566832], [-92.33047658043208, 18.134121919100604], [-92.3303440303465, 18.13396741991155], [-92.32784185971678, 18.13457450934466], [-92.32572431034056, 18.134403819901387], [-92.32320648968802, 18.133531169379616], [-92.32225093978224, 18.132892919465494], [-92.32141648038409, 18.13456936969152], [-92.32028843013403, 18.13581382956292], [-92.32018150976526, 18.139686219307134], [-92.31993688007704, 18.14031913942471], [-92.31711001992133, 18.13823305935725], [-92.31663005033137, 18.139272249740266], [-92.31519057014619, 18.140067309091037], [-92.31395948991569, 18.140170649120286], [-92.31181116957946, 18.139298059370184], [-92.30403168971321, 18.133850539333366], [-92.29564047974215, 18.130107829305146], [-92.29545197014738, 18.13029337911586], [-92.29296365019444, 18.12996977906304], [-92.29139973982248, 18.130013799435538], [-92.29037849008338, 18.129103939710195], [-92.28984786015968, 18.128127219653418], [-92.29008547957945, 18.12724213907274], [-92.29054508992672, 18.126404519070928], [-92.29142869042359, 18.12581247909768], [-92.29155827971879, 18.125505139319905], [-92.29144842041926, 18.12484864983604], [-92.29108090997532, 18.124298429750898], [-92.29114257002323, 18.12271721947186], [-92.29392748040968, 18.11888604936501], [-92.29373879951491, 18.118347289862367], [-92.29156820008869, 18.116914859258163], [-92.29133537044544, 18.11656361987032], [-92.29164257008044, 18.11494277956867], [-92.29635065033328, 18.110297909848516], [-92.29722286015435, 18.110075279077787], [-92.29941173999761, 18.11006899977476], [-92.30307368037681, 18.10965414914284], [-92.30438143011762, 18.109344619140014], [-92.30474200023002, 18.109002229453385], [-92.30425821990319, 18.10380741959623], [-92.30443941994459, 18.10258521977827], [-92.30566644981663, 18.10088125979227], [-92.30442456992957, 18.099648739330874], [-92.30475381984351, 18.099316549681546], [-92.30592477970036, 18.09881282951522], [-92.30623502984052, 18.098109719122977], [-92.30584033989142, 18.09721854916187], [-92.3050431504665, 18.096472229503345], [-92.30367365049477, 18.095660449129298], [-92.3034491998688, 18.095140569559355], [-92.30337580047507, 18.09293339943459], [-92.30239451978132, 18.08800539930447], [-92.30299540028011, 18.086713819353964], [-92.30341432007732, 18.08622281920425], [-92.3041231701726, 18.08607961957145], [-92.30540637974337, 18.086205119032204], [-92.3059075503337, 18.086479179685863], [-92.30645077973244, 18.0872729196891], [-92.306615859798, 18.089041819680418], [-92.30757580025826, 18.089957179673075], [-92.30788387985618, 18.090619549861206], [-92.30695533991246, 18.092216949882776], [-92.30696844978846, 18.09305367950528], [-92.30741981993923, 18.09340241983974], [-92.3085465797993, 18.093666179219206], [-92.31018238021261, 18.093351049518155], [-92.31002709016956, 18.091974319638975], [-92.31044734043594, 18.09117781947496], [-92.31275312019626, 18.090185649774956], [-92.31637791032546, 18.088094179741898], [-92.31840878031247, 18.08777291928699], [-92.31895516958889, 18.087223169501062], [-92.31959697996972, 18.08521121975886], [-92.32001081993594, 18.084739579257775], [-92.3244390204147, 18.082714689445808], [-92.32537097969897, 18.081827879345298], [-92.32611125990918, 18.08054214901275], [-92.3284684301714, 18.079143979480833], [-92.33036142042594, 18.077086859137648], [-92.33191561978016, 18.07623759948567], [-92.33626235026176, 18.0746090794939], [-92.33672084980643, 18.073809339014367], [-92.33757190999306, 18.071195739550742], [-92.33859368009094, 18.070557749079416], [-92.34069886033008, 18.07030905939405], [-92.34109423036585, 18.07007842904598], [-92.34128179966699, 18.069360489266906], [-92.34114368991924, 18.067822689489454], [-92.34127785961479, 18.06691876973017], [-92.3429118504618, 18.06463631927628], [-92.34276691022194, 18.064205429879372], [-92.33955317998414, 18.06393359988606], [-92.33920462026968, 18.06350207931607], [-92.33906119993534, 18.06190785915561], [-92.32951299957267, 18.062314379319286], [-92.32283013955191, 18.060981719218532], [-92.32287632037881, 18.058690249506054], [-92.32227244990568, 18.04862939984463], [-92.3135453703196, 18.047901619015448], [-92.31582720016131, 18.041942309528526], [-92.30738065010019, 18.045912139036453], [-92.30757690985264, 18.037883829094906], [-92.3166760495668, 18.02884647975447], [-92.29929213984086, 18.022022279214138], [-92.30322022011381, 18.017749509731235], [-92.30471778047115, 18.01742081947338], [-92.30910832024482, 18.015804509655393], [-92.3108910500442, 18.015533049159878], [-92.31160344975993, 18.015060219320628], [-92.31282342036535, 18.0132744291186], [-92.31307786036511, 18.011925379314853], [-92.31265485969293, 18.009126339609217], [-92.31218255035337, 18.00862527975706], [-92.31009902042695, 18.007588459711812], [-92.30756718033285, 18.005591109197486], [-92.30753005967185, 18.005251829149042], [-92.3081229198412, 18.004638249328494], [-92.3093567201152, 18.004363859353482], [-92.31022272026674, 18.003630779044148], [-92.31075185961538, 18.001986619031854], [-92.31171819998636, 18.00057084920753], [-92.31200733956082, 17.998428339477435], [-92.31385993987611, 17.996908719724704], [-92.31413284987592, 17.996113309267507], [-92.31365261966049, 17.994333419683258], [-92.31366950996019, 17.993638399886233], [-92.31385207983685, 17.993410079514277], [-92.31503741979847, 17.99343370970983], [-92.31641241991419, 17.992910109306333], [-92.3171199498925, 17.99177948981207], [-92.31721302029057, 17.9911887494635], [-92.31695601981157, 17.990728289100236], [-92.31694068038662, 17.990039909246267], [-92.317969649949, 17.989293519043336], [-92.31821784996282, 17.988850149796136], [-92.31690389010676, 17.986237139508805], [-92.31779622991296, 17.98348370929014], [-92.31873422957258, 17.98200797924799], [-92.31839743038131, 17.981070719432893], [-92.31661569037125, 17.97939210982851], [-92.3159097497551, 17.977284289147608], [-92.31401953986031, 17.975170890028743], [-92.31373874991918, 17.97394557020732], [-92.31325095015579, 17.973329979083182], [-92.31201256917899, 17.97313982037624], [-92.31155201987356, 17.972822770283308], [-92.31146484920781, 17.97219373986479], [-92.31257224960258, 17.971476179641655], [-92.31286160000059, 17.970872619589528], [-92.3129355094474, 17.969530350643666], [-92.31237253880256, 17.969073140338658], [-92.31052705005337, 17.968960799808613], [-92.31022943034465, 17.9680398496813], [-92.3106356904353, 17.96693888935766], [-92.31051363020138, 17.966713569626325], [-92.3103050204139, 17.96649285913476], [-92.30899747955456, 17.966352979681947], [-92.30867281990301, 17.96613630960918], [-92.30785797988979, 17.96482061965208], [-92.30636666029727, 17.963872569848377], [-92.30592426000001, 17.962619229510892], [-92.3059692503625, 17.962286429755366], [-92.30650959980174, 17.96171108941062], [-92.30701417036289, 17.96161282910397], [-92.30957153974299, 17.962155448998622], [-92.31027674992873, 17.961986229822294], [-92.31163083006777, 17.961204569381795], [-92.31241418010417, 17.96000711982024], [-92.31553988976727, 17.958992909627277], [-92.31636034968135, 17.957798509242807], [-92.31640218038986, 17.95683434931289], [-92.31497387963336, 17.955146709615104], [-92.31450848004182, 17.95415536985049], [-92.31460120021164, 17.951810169650965], [-92.31506594971795, 17.949402279586756], [-92.31492432013792, 17.94872919949251], [-92.31442248005973, 17.94764873966165], [-92.31312504977413, 17.946548289285687], [-92.31276541954666, 17.945977999840796], [-92.31273368995016, 17.94529385913767], [-92.31284337035338, 17.944906169369077], [-92.3135603795925, 17.944499279670197], [-92.31418045010125, 17.94378171924639], [-92.31471144998108, 17.94091410912031], [-92.31522562971506, 17.939716939219984], [-92.31961246013061, 17.932666579845094], [-92.3196149498812, 17.93140613910756], [-92.3181624198842, 17.929946939288], [-92.3139300297802, 17.927196029063932], [-92.31338962007598, 17.92728239920362], [-92.3122758801724, 17.928184569347675], [-92.31183844965771, 17.928179019735932], [-92.31038653997061, 17.927222349617747], [-92.30911396982981, 17.927234419052063], [-92.30822277960594, 17.926613519369056], [-92.28924047960813, 17.923886979209904], [-92.29584097021363, 17.914322179876986], [-92.26408556999458, 17.90180050979019], [-92.26412731013798, 17.907543719506638], [-92.24356282042226, 17.892738489442134], [-92.22840248016827, 17.88678639938834], [-92.2190553403591, 17.88284311931842], [-92.21703851976409, 17.888729819839917], [-92.21453447994747, 17.893333459794576], [-92.21060916982803, 17.89932116961925], [-92.20315256957527, 17.90223293930884], [-92.2031785096443, 17.903866029750944], [-92.19334073960896, 17.906906939110247], [-92.17039088021964, 17.902537479646035], [-92.17826065032448, 17.866391519199546], [-92.16538479963243, 17.857896339327766], [-92.16511308040417, 17.857103819612128], [-92.16407942960359, 17.85620750976811], [-92.16358414978838, 17.855156909161376], [-92.16343556974158, 17.8541689492536], [-92.16305274020479, 17.85365862947732], [-92.16157389007631, 17.852701969687846], [-92.15994257033523, 17.852527879916806], [-92.1593980503013, 17.85147841965821], [-92.15884097957809, 17.850901369418224], [-92.15683941958763, 17.849744509295554], [-92.1560949498724, 17.849549549351014], [-92.1549633500161, 17.84771127975076], [-92.15428495000205, 17.847207879793437], [-92.15386847973232, 17.84634424958847], [-92.15271385003412, 17.845953149173425], [-92.14988593986152, 17.84579268925074], [-92.14952828027076, 17.84554214923323], [-92.14877626012384, 17.84384351914343], [-92.14894300008197, 17.842687419221285], [-92.15001922959611, 17.84005156948731], [-92.14975138019916, 17.83789325908759], [-92.14929693976342, 17.836356089293403], [-92.14898762027343, 17.835685109826425], [-92.14783253967389, 17.834589489759814], [-92.146602819696, 17.83377145934851], [-92.1454034603144, 17.83349988912381], [-92.14484820009626, 17.832953029198162], [-92.14465904972187, 17.832048309565945], [-92.14408288044632, 17.83093754955924], [-92.14409435002207, 17.829699169234107], [-92.14493579976897, 17.827259449780485], [-92.14483941970576, 17.82587150933757], [-92.14538488041387, 17.825292149173034], [-92.1453353103713, 17.824435029727262], [-92.14485631963801, 17.823541629090236], [-92.14236801979482, 17.82116271961522], [-92.14058871977088, 17.819895509635224], [-92.14034019966122, 17.819186449481435], [-92.14066305969666, 17.81801557930903], [-92.13954672022014, 17.815794059528166], [-92.13886216986923, 17.812983879718285], [-92.13891389036462, 17.812216649588855], [-92.13836948962343, 17.811747569833734], [-92.13802162983602, 17.81066984928638], [-92.13864694047454, 17.810065059176182], [-92.13987387998218, 17.809788889729642], [-92.146582769552, 17.814675999592552], [-92.14662262958818, 17.812419569518063], [-92.12713807965689, 17.78589837908798], [-92.13597188972463, 17.779012309584843], [-92.1357572497774, 17.778465489360023], [-92.13255447116093, 17.77506394007302], [-92.13204722032023, 17.77027814908796], [-92.1299134298354, 17.766974419616258], [-92.13082541976287, 17.766080349678685], [-92.15170817048093, 17.764568879150257], [-92.15245401978585, 17.77906556906877], [-92.15507815018744, 17.780162749123686], [-92.15669579965612, 17.780537719233905], [-92.16132558033168, 17.782467519907424], [-92.16543207967456, 17.783717549533048], [-92.17195018020946, 17.78656784984291], [-92.18848715039184, 17.768134629792158], [-92.18893301955546, 17.76828554957363], [-92.19449939974473, 17.776641179044386], [-92.20335357000573, 17.7691070891339], [-92.22375166000504, 17.750664709618576], [-92.22605983012843, 17.748778259544174], [-92.22933756976224, 17.7455808594691], [-92.2473956303711, 17.72454962945509], [-92.25771311022443, 17.71198537991193], [-92.27462289029185, 17.692258049556447], [-92.28868154006408, 17.70266733943722], [-92.29480095016123, 17.699929419259057], [-92.29701303000638, 17.70106528921774], [-92.29835468999065, 17.70323693915187], [-92.2988677503613, 17.70305519971121], [-92.30066328965754, 17.703297059348007], [-92.30231428994269, 17.70431428981947], [-92.3064738496617, 17.705407149638294], [-92.30867153960702, 17.706284779052325], [-92.31045939984807, 17.704990769460398], [-92.31127544985013, 17.704625219335792], [-92.31228655035771, 17.704356509074152], [-92.31331591959564, 17.70451181929048], [-92.3146467396174, 17.70587194952841], [-92.31510111990163, 17.706702169811138], [-92.31527811976848, 17.709671058991024], [-92.32031528039748, 17.709574879147052], [-92.32158925014922, 17.709804109319705], [-92.32573583030955, 17.711791049761928], [-92.32808997014348, 17.713730029333366], [-92.32955930972726, 17.710712859069904], [-92.33685428007189, 17.71220182937003], [-92.33734726015608, 17.712089629601415], [-92.33823065965969, 17.7062336494354], [-92.33923374953176, 17.70461950986846], [-92.34012921982294, 17.703757979512076], [-92.34158440018044, 17.703350419369407], [-92.34365120029909, 17.704066259697573], [-92.34423055043749, 17.703661379309672], [-92.34433230999454, 17.703277249739713], [-92.34380103039862, 17.702074349627388], [-92.3440180499454, 17.701887619726516], [-92.3454192604302, 17.701823229669383], [-92.3458893497423, 17.701557149798145], [-92.34663271955779, 17.701974629332174], [-92.34793184965991, 17.702097969051607], [-92.34839291032672, 17.702790089346486], [-92.34989703010535, 17.70278471930798], [-92.35019487983512, 17.687631909158394], [-92.35000582983174, 17.674044779245637], [-92.34915948959514, 17.654727519289278], [-92.35477201991486, 17.65428910927425], [-92.35494145041167, 17.654056059472307], [-92.35479476966415, 17.646305599774397], [-92.35580135023274, 17.64605979968205], [-92.35585768977984, 17.642013369114956], [-92.35813167997506, 17.641959139805945], [-92.35802893981432, 17.63629599936755], [-92.35627970992839, 17.6360050293108], [-92.35618154976606, 17.635242969582883], [-92.35488606037725, 17.632684089079934], [-92.3536633496914, 17.628194249627416], [-92.35265348958868, 17.62639244986163], [-92.35119543033613, 17.624739429750704], [-92.35149818017342, 17.619632079454338], [-92.35067370964094, 17.61793405973686], [-92.35955182479825, 17.612735340343377], [-92.36240127502793, 17.610741248744088], [-92.37285871659589, 17.6042814196625], [-92.3883863066802, 17.594136170179237], [-92.3964799397818, 17.589091279142178], [-92.400858139972, 17.586032549421596], [-92.40207859998455, 17.578040109624048], [-92.4065684603674, 17.580349679780706], [-92.40821958000842, 17.580620059397678], [-92.41781178036157, 17.576364799816293], [-92.42066414030037, 17.576816889763162], [-92.42123687955424, 17.577243709311155], [-92.42853117042233, 17.574122829873684], [-92.43576977045855, 17.570232919103702], [-92.43677564958888, 17.57009687945507], [-92.43812218036538, 17.570464819737776], [-92.44092951976307, 17.57193224927436], [-92.4441687099266, 17.574002449192072], [-92.44504987981242, 17.57433219959058], [-92.44595991978905, 17.574525679127753], [-92.4483946300638, 17.5743662796297], [-92.45457357977637, 17.573128829057683], [-92.4562243998848, 17.573024279385415], [-92.45736220023501, 17.573191049600485], [-92.46173501971634, 17.575995909566544], [-92.46315368990989, 17.576505799341945], [-92.46427986017564, 17.57682410935958], [-92.4676169104415, 17.57711885961214], [-92.46842844953055, 17.577033279873636], [-92.47178238003566, 17.575867509370596], [-92.47381147974079, 17.574569799066143], [-92.47987397996702, 17.574940429843835], [-92.48468836995019, 17.5749207396576], [-92.48805834998393, 17.574485179644984], [-92.49054986040483, 17.573545569121038], [-92.49719637007547, 17.572249149873016], [-92.50063376982988, 17.572355939069215], [-92.50859260030876, 17.57395482962589], [-92.51344462951754, 17.573267449648498], [-92.51998488955643, 17.573049769405774], [-92.52029704967039, 17.57279121906004], [-92.52037225955596, 17.572097219728477], [-92.52010470961663, 17.571879339717402], [-92.53007342016382, 17.54999841988671], [-92.53317666033726, 17.54888982983754], [-92.53541167998537, 17.54834264930713], [-92.53619663039768, 17.54794233974863], [-92.5539235197935, 17.54268327952633], [-92.55390244955797, 17.542437509334874], [-92.5544167504199, 17.541980399399677], [-92.55602028044426, 17.541614179076216], [-92.55633794988287, 17.541150249630586], [-92.55803053985564, 17.540225419257904], [-92.55843716987273, 17.54043290970384], [-92.55870285973864, 17.54091845935285], [-92.5589871998457, 17.541971659820582], [-92.55878787995827, 17.54257810937186], [-92.55967777973662, 17.542760259507624], [-92.55940954997911, 17.543844999626533], [-92.55979446035893, 17.5446897997078], [-92.56306774979195, 17.545700579051324], [-92.56242003041771, 17.546585539062864], [-92.56075637954223, 17.54719987980143], [-92.55939232033373, 17.548159179212675], [-92.55932269020501, 17.54851494912039], [-92.56112817042828, 17.54867047941155], [-92.56283152040491, 17.548078489200158], [-92.56351291974971, 17.548136719701393], [-92.56487448974768, 17.54866699954853], [-92.56535916975676, 17.549563289552793], [-92.56530014986103, 17.549808379450916], [-92.56502774013208, 17.55028879902376], [-92.56401057985576, 17.549983369290686], [-92.56270354983542, 17.550099119576796], [-92.56249674984737, 17.550296419425102], [-92.5625797399335, 17.55068442948842], [-92.56364977989041, 17.551300829205303], [-92.56382771967799, 17.551670339881625], [-92.56371717958633, 17.551881019819803], [-92.56301528011377, 17.552037659819902], [-92.56197100015342, 17.552935339872136], [-92.56155749043546, 17.552824229895684], [-92.560693370162, 17.55172493985037], [-92.56018700013595, 17.55157162968327], [-92.55928025021294, 17.552915509546352], [-92.55869176974618, 17.553008349339862], [-92.55812762982497, 17.551739689019858], [-92.55747310994737, 17.551688949507295], [-92.5573018503183, 17.55269844939189], [-92.5598464796221, 17.55490288968142], [-92.55977189037084, 17.555239219727724], [-92.55823783032947, 17.55542679933534], [-92.55660831988723, 17.554293719478522], [-92.55619589018157, 17.554200519214927], [-92.556001060292, 17.555122859655306], [-92.55569802016329, 17.555293549497073], [-92.55516482967376, 17.55394771988998], [-92.55466982961778, 17.55386751936847], [-92.55428403023049, 17.554130309540362], [-92.55376257979769, 17.553615019657666], [-92.55325632007724, 17.553715859182336], [-92.5535423404636, 17.555727459490384], [-92.55409195029074, 17.556268379375613], [-92.55562091045881, 17.55700570946254], [-92.55635586005482, 17.558045939349437], [-92.55454264985288, 17.559178419803683], [-92.55244634006075, 17.55924070901731], [-92.55225278007212, 17.558957999335142], [-92.55215729039593, 17.55734865904088], [-92.55178237955582, 17.55727388979003], [-92.55124702962217, 17.557715139516546], [-92.55073822979472, 17.559055709794578], [-92.5508847197735, 17.56051364955071], [-92.55343313961197, 17.560497259759252], [-92.5537958796242, 17.560784999006906], [-92.55375710959062, 17.561080119617284], [-92.55032549025049, 17.56217204928834], [-92.55114820006293, 17.56387171960364], [-92.55124790966718, 17.56440970955674], [-92.55103745977434, 17.564890089471422], [-92.54852497034337, 17.564877819676973], [-92.54812268966175, 17.56463773972175], [-92.54815388964376, 17.56399957915833], [-92.54769646012808, 17.563831779387176], [-92.54667631045227, 17.56429397971834], [-92.54592404959114, 17.564911819601246], [-92.5456960901094, 17.56590759903593], [-92.5462605102578, 17.567364289727777], [-92.54690968030431, 17.567834029440814], [-92.54826021990532, 17.56777330939278], [-92.5490049996409, 17.568407879819947], [-92.54900311985274, 17.568627089840113], [-92.5480260302613, 17.56863962952377], [-92.54747067987243, 17.56890631938053], [-92.54721874043325, 17.569193289578113], [-92.54728064959006, 17.56963864935707], [-92.54960210974667, 17.57031337936691], [-92.55122847963719, 17.569287739560426], [-92.5516425498313, 17.56948804956418], [-92.55178222997408, 17.570037719111994], [-92.57485742988887, 17.572664709565192], [-92.57448987953126, 17.57506961947449], [-92.57465428012922, 17.575540849298804], [-92.57438518001203, 17.57586708965517], [-92.57443597975941, 17.57700321969609], [-92.57422255039177, 17.57741936952328], [-92.57299511958242, 17.578104289432627], [-92.57270718043812, 17.578731199134552], [-92.57419692000481, 17.58171102933363], [-92.5747831197238, 17.583623619000203], [-92.57453948031885, 17.585088019550966], [-92.57327740031737, 17.586309799695613], [-92.57284224996778, 17.587587919302248], [-92.57303677974234, 17.588343949308687], [-92.57408397961413, 17.590131689681602], [-92.57408857998685, 17.590649339344083], [-92.5735472201195, 17.591387419388404], [-92.57350999973387, 17.59180353939955], [-92.57428830972074, 17.592585119519317], [-92.57710596962927, 17.59383867971365], [-92.57772157969934, 17.593786879065053], [-92.57833402957645, 17.59252841899982], [-92.57850042981751, 17.592315599174913], [-92.57876786022277, 17.592397719126858], [-92.57952104977628, 17.593993029573877], [-92.5791575195966, 17.596132749154958], [-92.58042288972739, 17.596875249566185], [-92.58193076979866, 17.596840679114223], [-92.58291804967836, 17.596335779590067], [-92.58298790956397, 17.595684769171406], [-92.58197024958638, 17.594969549213644], [-92.58120714017087, 17.593970549717735], [-92.5813062801395, 17.59364091976851], [-92.58156257032252, 17.59354721957289], [-92.58219739985861, 17.59367639929228], [-92.58407697020156, 17.595267139092304], [-92.58678331023766, 17.59633368922841], [-92.58764031961994, 17.59719751965099], [-92.58782818040287, 17.597925509369432], [-92.58719700020232, 17.599339889097468], [-92.58621111983459, 17.60026182972161], [-92.58738916994443, 17.60116822975615], [-92.58856262941056, 17.60249552456961], [-92.59033369038929, 17.602889749928377], [-92.5902221704715, 17.60308411944547], [-92.59253323040731, 17.60557199984099], [-92.60586715003704, 17.604938919615886], [-92.60554510971399, 17.60562902988092], [-92.60583531009254, 17.605967249235835], [-92.60596893994529, 17.607051949548264], [-92.60711535007438, 17.606656779586075], [-92.60854794988497, 17.608969629283543], [-92.60913709038653, 17.609174749212553], [-92.60961648021897, 17.609826519854426], [-92.61145674010604, 17.610090599554493], [-92.61252282027723, 17.611033849790925], [-92.6126847197612, 17.61164419978444], [-92.61255910952865, 17.61216310984261], [-92.61351691958701, 17.613344549851938], [-92.61486956955765, 17.6144700193725], [-92.61558254011518, 17.611016679335524], [-92.6256878504295, 17.61277661986552], [-92.62678975016983, 17.606237459756027], [-92.62767508995593, 17.602756569628074], [-92.6289428797756, 17.602977049529247], [-92.62868729018791, 17.60451624950976], [-92.63454726024476, 17.60507999907712], [-92.63426857959668, 17.606363079788732], [-92.63861272026989, 17.60691041903079], [-92.63639219969522, 17.62516725959454], [-92.63131000043188, 17.624347709729506], [-92.63140677973034, 17.625197179470806], [-92.63049439974307, 17.6257852497707], [-92.6302466301737, 17.62653971926856], [-92.62965408016923, 17.62726994980219], [-92.6275819502923, 17.62898822989905], [-92.62674222972173, 17.630166199555738], [-92.62664762957561, 17.63135851926218], [-92.62851632023157, 17.632801119304215], [-92.62917937983347, 17.633722449351744], [-92.63067982978151, 17.63459811902018], [-92.63112131954209, 17.635471849607637], [-92.63541273990339, 17.63502201914502], [-92.63564600033696, 17.635220079719627], [-92.63622926023332, 17.6370445492185], [-92.63587290960437, 17.638042379751532], [-92.63633900020244, 17.63923077946559], [-92.63700526040583, 17.63983759904816], [-92.63999546015025, 17.641310889727304], [-92.64012765969399, 17.641543739749373], [-92.63962409045376, 17.642026629270696], [-92.63948387977476, 17.64343807959501], [-92.63839851007727, 17.647004419374788], [-92.63803328029331, 17.649209309223203], [-92.63826386029574, 17.649726779025997], [-92.63872965991695, 17.64987065936236], [-92.63918738038168, 17.649632719872272], [-92.63938895031689, 17.650088229490624], [-92.64153267989938, 17.65033956948542], [-92.64233737980604, 17.651318819100574], [-92.64323038034794, 17.65172396940947], [-92.64404662962089, 17.65167827937863], [-92.64727819958718, 17.652631349795342], [-92.64787894012655, 17.6526842895103], [-92.64951364956386, 17.652282379306286], [-92.65055961969819, 17.652523889526456], [-92.65114340001638, 17.65335530969841], [-92.65186408025914, 17.656070019562048], [-92.65277468006028, 17.657634949421052], [-92.65304094971683, 17.658488689287317], [-92.65294760008588, 17.659704369101142], [-92.65318159962008, 17.660078279414684], [-92.65381520002782, 17.660302229538114], [-92.65506786007104, 17.65977510903322], [-92.65759868977341, 17.656362749163783], [-92.65645920027725, 17.656680599623044], [-92.65517337002952, 17.65647828921477], [-92.65442637002975, 17.655508919105344], [-92.65446283015073, 17.65467399980192], [-92.65618074984046, 17.652932829178756], [-92.65602097968643, 17.652507919248663], [-92.65643372033561, 17.652014459640974], [-92.65590868025305, 17.65153108927443], [-92.65675434962402, 17.649559819439823], [-92.65708564984168, 17.64916051957691], [-92.65853844994615, 17.649105659513083], [-92.66164328015935, 17.650922149179177], [-92.66277497006513, 17.6518172298169], [-92.66411285039676, 17.6510333997066], [-92.66538599995894, 17.65110344955149], [-92.66608255013172, 17.649670049219985], [-92.66635144963384, 17.647846249459743], [-92.6679285502547, 17.642293459622266], [-92.67310888021663, 17.64288108918451], [-92.67412526005637, 17.643432769166363], [-92.67426053972481, 17.643758939357006], [-92.67404378029926, 17.644734709572276], [-92.68091919988888, 17.645887169135992], [-92.6777852500823, 17.648995369655687], [-92.68369342969767, 17.650852119675847], [-92.68455322983115, 17.649325418998675], [-92.68584668035558, 17.64948559951873], [-92.68621551027985, 17.651261489356134], [-92.68321542959904, 17.65260227927981], [-92.68511195007663, 17.656683779420426], [-92.68808151001252, 17.662141889728936], [-92.68644317039134, 17.663238949171138], [-92.6862077496885, 17.664614749541286], [-92.68650254044125, 17.66847556971592], [-92.69195428044394, 17.673492149434253], [-92.69258314995533, 17.679517969902758], [-92.69553903024557, 17.68180656969359], [-92.6990642603415, 17.684070169183716], [-92.69960328861781, 17.684507579817783], [-92.69973803005692, 17.685266579910902], [-92.70007922871862, 17.685545059498672], [-92.70179341979778, 17.6859087701532], [-92.70287662943034, 17.686462019360896], [-92.70329633968463, 17.686916650063413], [-92.70356353943413, 17.687597690549307], [-92.70354477854762, 17.689075910093088], [-92.7022580600909, 17.690160540702177], [-92.7017066297928, 17.69106249062131], [-92.70160455007967, 17.693818449899744], [-92.70115776998264, 17.695590949249823], [-92.70044821877865, 17.697056119902026], [-92.69996165006846, 17.69758511075705], [-92.69865069011162, 17.697829719658788], [-92.6962140294996, 17.69650045950662], [-92.69531525028289, 17.696301750124608], [-92.6946935991862, 17.696861449736083], [-92.6939090496174, 17.698437910005683], [-92.69417045949719, 17.69916712054845], [-92.6963960301749, 17.699620489984078], [-92.69719545950875, 17.700193219257592], [-92.69738427899243, 17.70064482031085], [-92.69739005010379, 17.701858429134543], [-92.6969020592029, 17.70290724909869], [-92.69596564859246, 17.70358705969929], [-92.6954696190479, 17.703571290239783], [-92.69382511881557, 17.70282322055899], [-92.69241528969154, 17.702791549671126], [-92.69073095025182, 17.703586060122262], [-92.68961527992387, 17.704730369491884], [-92.68952425253622, 17.70508283621258], [-92.69006165046092, 17.705625569127363], [-92.69377888988716, 17.706763920751126], [-92.69427608925514, 17.70713475038353], [-92.694652949832, 17.70800458036907], [-92.69450531876399, 17.70958240016239], [-92.69399116998345, 17.710499819094505], [-92.69403951033354, 17.711592449804154], [-92.69343704986771, 17.711821419049524], [-92.69356463010747, 17.715320429165992], [-92.69256897951519, 17.7160538597602], [-92.69217119996615, 17.717723089804313], [-92.69249798042368, 17.718656749247923], [-92.69284782964785, 17.718874019696596], [-92.69493661989667, 17.718735579554703], [-92.69524975025563, 17.71890282933281], [-92.69129050990679, 17.72429414916226], [-92.68840246002758, 17.720892719459872], [-92.6877667497337, 17.721215088994175], [-92.68786738028975, 17.72167699926147], [-92.6856918496738, 17.72417041975804], [-92.68508069024237, 17.72356667931463], [-92.68477522009198, 17.724026199654368], [-92.68337489046229, 17.72244744936575], [-92.68287191986987, 17.72494564979715], [-92.68305498021756, 17.72508744962148], [-92.68290868037916, 17.727262749652205], [-92.6834261403236, 17.729258939657466], [-92.68338527992101, 17.7305987191856], [-92.68364073953093, 17.731733569556475], [-92.6828785203317, 17.73514411966333], [-92.68172294025914, 17.73807913915732], [-92.68219423002861, 17.73858473925035], [-92.6840583499253, 17.739775219029468], [-92.68574688977367, 17.740139679468694], [-92.68468373958682, 17.7428385693652], [-92.68306436959725, 17.74569982925565], [-92.68556834038509, 17.74760727986014], [-92.68403695026647, 17.75036850978812], [-92.68440045958621, 17.75264102973223], [-92.68694040028059, 17.752805339759618], [-92.68708045966798, 17.755978339154844], [-92.68743795026064, 17.756186949914948], [-92.68704771996926, 17.758262399185814], [-92.68786002040126, 17.75857976985982], [-92.69146355011584, 17.759200059057555], [-92.69098624978355, 17.76160031982527], [-92.68858948039605, 17.761374679034727], [-92.68824640004703, 17.762785689188377], [-92.68768485012696, 17.763806769690067], [-92.68692791982038, 17.76461804977817], [-92.68627957958635, 17.76614981949072], [-92.68440456965497, 17.764754369187386], [-92.68279246034642, 17.76511490957253], [-92.68229268009446, 17.76497121971725], [-92.6818555397433, 17.765200909318658], [-92.68138742989767, 17.764910289583717], [-92.68197523013544, 17.76262365965292], [-92.67732742008164, 17.763307509642754], [-92.677309660264, 17.764115249360792], [-92.67686251027527, 17.765416119891967], [-92.67767485029347, 17.7677185996925], [-92.67666637971662, 17.76804545928335], [-92.67618814008401, 17.770642549575967], [-92.67234057978877, 17.770394029826736], [-92.67165646038191, 17.773533659213363], [-92.67912926009774, 17.77938453963177], [-92.67721491014687, 17.77986065957098], [-92.6770563504692, 17.781508859109735], [-92.66937001982865, 17.783973749586465], [-92.6684337697132, 17.791548369333793], [-92.6705424901129, 17.79605125988427], [-92.67335202003916, 17.796909979263834], [-92.67717197036309, 17.78995271939296], [-92.68140894958492, 17.789745829562577], [-92.68176561982573, 17.793832059162956], [-92.6821048303789, 17.794977109274786], [-92.68016242045144, 17.79995034934059], [-92.68446801994956, 17.801409879568943], [-92.68145532000904, 17.80977611910255], [-92.67955994015404, 17.80920613973387], [-92.67935908998932, 17.809920829124792], [-92.67851418022273, 17.80965422949908], [-92.67807070965083, 17.811197819103022], [-92.67714585994261, 17.81085667951545], [-92.6776113496141, 17.812124879663962], [-92.67815057032189, 17.812679019061036], [-92.67838317024092, 17.814024619607817], [-92.68056351986905, 17.814401349776553], [-92.68092434038891, 17.814631679447732], [-92.67909905025193, 17.819750109073702], [-92.67923655012304, 17.81996214954744], [-92.68053188981783, 17.820333659637676], [-92.68124234954949, 17.820783169331342], [-92.68200231967998, 17.821503649856126], [-92.68193787971849, 17.821934338991152], [-92.68309597013203, 17.82228290959369], [-92.68412683036934, 17.821988829730852], [-92.68505104971759, 17.82299128902253], [-92.68585697001032, 17.823194579025472], [-92.6862669698564, 17.823531429730426], [-92.68669607957418, 17.824565599082625], [-92.68707942976643, 17.827599259679523], [-92.6864098300478, 17.82939271945905], [-92.68569245961581, 17.830573289021668], [-92.685544819932, 17.83107690954429], [-92.6857458798832, 17.831491999486214], [-92.68524815046803, 17.831801429515764], [-92.68515137018021, 17.832321089850016], [-92.68470302029097, 17.83252253931036], [-92.68465714039576, 17.833038019141423], [-92.68436622998325, 17.833154219408605], [-92.68379213990168, 17.834031429352496], [-92.68404653986465, 17.834279879329618], [-92.68396918039564, 17.835217799753593], [-92.68453545011397, 17.83690313913255], [-92.68821382977406, 17.836539939591574], [-92.68850654033295, 17.839455919684443], [-92.68918468037091, 17.839531679736684], [-92.69019289010454, 17.840187169460624], [-92.69139432002905, 17.83967931943736], [-92.69368374988021, 17.83952474961355], [-92.69447109041037, 17.839817229490382], [-92.69192111014299, 17.84196774926132], [-92.69107414998112, 17.84323390947358], [-92.69028991023828, 17.843990279068016], [-92.68870353961294, 17.842680979675265], [-92.68403897973003, 17.84943139975365], [-92.67746745979441, 17.844288709882093], [-92.67778782041, 17.84370470947316], [-92.6776222301814, 17.84326610912156], [-92.67716556982187, 17.843091509731213], [-92.6767086498157, 17.843073219123163], [-92.67629664973242, 17.84360817963614], [-92.6759318500094, 17.845283549512654], [-92.67463645973362, 17.84531137967104], [-92.67361803039233, 17.845891399687517], [-92.67443768960521, 17.847599259816324], [-92.67350597969808, 17.850553219343603], [-92.67308663031294, 17.850911369426083], [-92.67378349001373, 17.852350509305037], [-92.68213864977977, 17.85623604929839], [-92.67832821966547, 17.859556579479083], [-92.68129467968672, 17.859630769069494], [-92.68214360021499, 17.8599995498625], [-92.68254465965308, 17.860555629869506], [-92.68241974006888, 17.861290149345642], [-92.68367297966547, 17.862867719549946], [-92.68399771029064, 17.8637845197835], [-92.682885399962, 17.866086939849563], [-92.68219498026622, 17.866534399772863], [-92.677768050446, 17.86605382955568], [-92.67685842992078, 17.867340379591845], [-92.67806991008648, 17.867706279091454], [-92.67778933955454, 17.868668709622607], [-92.68090428035178, 17.86901308969541], [-92.68140883018849, 17.869246629812388], [-92.68162922039117, 17.86999185960563], [-92.68195554038388, 17.869863449741917], [-92.6817739396998, 17.87071916936222], [-92.68198201978367, 17.871703179773007], [-92.68234238018026, 17.87160694975225], [-92.68228083025319, 17.872724019494957], [-92.68474521994523, 17.87276750973164], [-92.68496542997273, 17.874832309474918], [-92.68579710976871, 17.87412961979219], [-92.68699915026731, 17.874558859627808], [-92.68754854998166, 17.873280849224514], [-92.68868341981907, 17.872288569222203], [-92.68926274979485, 17.872476629293892], [-92.69045166030259, 17.87113173947245], [-92.6942475801876, 17.87554219964289], [-92.69401445042064, 17.877351969473256], [-92.69278473997245, 17.87689237981438], [-92.69240675043659, 17.88454801946345], [-92.69492894024236, 17.892331139229114], [-92.6928670002974, 17.89380616926344], [-92.69729031041331, 17.89323954981406], [-92.69744788976566, 17.89563936963083], [-92.69983620031421, 17.89479128911726], [-92.70221502982245, 17.894325719246016], [-92.7040233400835, 17.894227049842844], [-92.70361764990956, 17.895543489852322], [-92.7060403103796, 17.894935769275005], [-92.70931770952795, 17.894781769530734], [-92.70984077010858, 17.89662437951458], [-92.70756477007022, 17.89716588956177], [-92.70775544968836, 17.89890744966549], [-92.7071678202599, 17.902942179471268], [-92.70757733954233, 17.903753379681028], [-92.70754275005646, 17.904612999811107], [-92.7079668002768, 17.9047729794501], [-92.70770491990932, 17.905398229406593], [-92.70812361956085, 17.906279379820976], [-92.71012991977018, 17.90662244923196], [-92.71138324979832, 17.906139539401554], [-92.7117342496808, 17.905037449800687], [-92.71349514003731, 17.906331259596946], [-92.71575926034231, 17.90865442982222], [-92.71745783002093, 17.911293519272654], [-92.71762611015359, 17.91178374965289], [-92.71760849037473, 17.913973369167795], [-92.71802843031769, 17.91494628911587], [-92.7177369802608, 17.917188489906252], [-92.71600098027089, 17.91694697936185], [-92.71567845876072, 17.922728180513612], [-92.70944276914184, 17.921982350160715], [-92.70593188886187, 17.921349144760956], [-92.70555957899536, 17.924497460333008], [-92.7048283793732, 17.924425971335925], [-92.70414187871197, 17.9296766902502], [-92.69940781888825, 17.92923729204391], [-92.69933454891851, 17.929878450110333], [-92.67774824875578, 17.92740998219495], [-92.67537691909715, 17.93094442988888], [-92.67240934960284, 17.93034101926181], [-92.67099701960665, 17.93262741955337], [-92.6682805098511, 17.931951719485568], [-92.66669016970995, 17.934523749494453], [-92.66717747968305, 17.936151169498938], [-92.66840729017575, 17.935268369860285], [-92.67072216962897, 17.938309139773864], [-92.66882331952493, 17.938776569556637], [-92.6712207399112, 17.941586169544017], [-92.67223705977244, 17.94245944919894], [-92.67241185997658, 17.94334128940011], [-92.67080604984132, 17.944002599067115], [-92.66993327963034, 17.94399531954206], [-92.66839198038242, 17.94468193978272], [-92.66803245030145, 17.945046619336782], [-92.66694677963855, 17.94542004914563], [-92.66635787983374, 17.946016229751088], [-92.66582774024012, 17.94599213905277], [-92.66567118004231, 17.946615029330836], [-92.66132408022362, 17.94920157903884], [-92.66268828957492, 17.950387029324894], [-92.66333314010492, 17.95021208971438], [-92.66393311996397, 17.952137739072313], [-92.66481116985639, 17.952065169830025], [-92.6679854203972, 17.955192599116184], [-92.66595994961679, 17.956310489728644], [-92.66503874976952, 17.95742047930917], [-92.66603071972952, 17.958627619134734], [-92.6643268799849, 17.959825419431645], [-92.66387439975051, 17.959037259521647], [-92.6643608896062, 17.958682029340356], [-92.66358447980556, 17.957964909473286], [-92.66242349014213, 17.959931549410097], [-92.66195978008398, 17.959134909278205], [-92.66036728001339, 17.958567109067058], [-92.6601889197167, 17.95868456942489], [-92.65890682919132, 17.95736728020284], [-92.65953747911124, 17.95686317908132], [-92.65944714987485, 17.954454659856495], [-92.6544303985562, 17.955632940410585], [-92.65374790952393, 17.956867049860968], [-92.6534859695372, 17.95699824920626], [-92.65257643027542, 17.95658864996835], [-92.65204562989156, 17.955846350289455], [-92.65060083045978, 17.958644679131996], [-92.64749144966467, 17.96207084928675], [-92.64722320037254, 17.96304048947237], [-92.64726379972659, 17.964059539579942], [-92.65002219972455, 17.969467679325344], [-92.64728498005132, 17.97123061932633], [-92.64526404993599, 17.968677569570932], [-92.64438104962032, 17.96811961978214], [-92.63377264973785, 17.970805399064723], [-92.63235481964985, 17.97022781906611], [-92.63088295003733, 17.97043837909077], [-92.62686084957643, 17.972603139701526], [-92.6245442196525, 17.97342621901578], [-92.6235912900657, 17.973079259455954], [-92.62256610992303, 17.97309276919632], [-92.6159988300572, 17.977612449903837], [-92.6147797798277, 17.98706327934503], [-92.61088265021026, 17.986643059579173], [-92.60848093951954, 17.985980819656383], [-92.60645265004402, 17.986181319370132], [-92.6081357801526, 17.979033429591087], [-92.60684444959374, 17.97871696986978], [-92.5928800196945, 17.970447569603245], [-92.59103439966806, 17.971388619454], [-92.58890591007653, 17.975115889374305], [-92.58985653979094, 17.977680179886075], [-92.59257188959845, 17.980953279528734], [-92.58938971991184, 17.9847704892503], [-92.58968304978494, 17.98701282977451], [-92.58952797008058, 17.988949179143212], [-92.58873083043262, 17.991931449636812], [-92.5878569698342, 17.994673429083566], [-92.5853705796303, 18.000790539777576], [-92.58354720029484, 18.003201659764176], [-92.58316771017303, 18.007585106151353], [-92.59683622015628, 18.00687510930289], [-92.59532201968541, 18.021978079254268], [-92.64641050984756, 18.03070831948204], [-92.64535798021019, 18.032642429138008], [-92.65438628954911, 18.03569782941911], [-92.66272629042822, 18.03773479922775], [-92.67005173980698, 18.047471829111974], [-92.64041073976459, 18.075991139348666], [-92.63850063006998, 18.07516268989426], [-92.63780045998173, 18.07442890988104], [-92.63727653955414, 18.07312877931819], [-92.63584554958646, 18.07078457941639], [-92.6349297700946, 18.068481569472972], [-92.63410250993076, 18.067556519451507], [-92.63326290958327, 18.06690521917128], [-92.6326702302163, 18.067003919146917], [-92.62953568015483, 18.065744569092306], [-92.6278922496306, 18.06470804941872], [-92.62456467967397, 18.058146198989824], [-92.62349655012689, 18.056855909278944], [-92.62166897992269, 18.056163109088896], [-92.61635458038221, 18.058835319763332], [-92.61293969026792, 18.061196059075755], [-92.61189344995937, 18.06221042972997], [-92.6103012002294, 18.068820399339124], [-92.60918494998324, 18.068829859116978], [-92.61007085006851, 18.06548647966516], [-92.60943148016153, 18.063238049384694], [-92.60894827966624, 18.062781569351102], [-92.6077891204674, 18.062074779265558], [-92.60511542024871, 18.061557649765398], [-92.60031262980804, 18.063625339258493], [-92.59912485031387, 18.063622879775313], [-92.5979377700806, 18.063279879180058], [-92.59612076968122, 18.061422199466904], [-92.59561115003451, 18.059188889238712], [-92.59553661974061, 18.05714564980987], [-92.59526085976572, 18.056539719798717], [-92.59461567998254, 18.05684501945762], [-92.59067341968382, 18.05734624931843], [-92.58658779984621, 18.059318029625082], [-92.56586166004615, 18.064169969875845], [-92.55606142015807, 18.06224005983838], [-92.55472720014376, 18.078407399857984], [-92.55404615031799, 18.07857207990294], [-92.55349901978596, 18.07826144910677], [-92.55257413956534, 18.078259309375404], [-92.5513242498424, 18.07863065969531], [-92.54975739959286, 18.078683139563395], [-92.54887693992698, 18.07836297988149], [-92.54785405009422, 18.07749641955491], [-92.54519509038653, 18.07464117966723], [-92.54298842993546, 18.073307379016956], [-92.54079291003706, 18.07315136915791], [-92.5378095702368, 18.073930169637123], [-92.53655700045942, 18.073341859537408], [-92.53588819986538, 18.071725649473507], [-92.53555768017131, 18.070170079473133], [-92.5337477101256, 18.06786416945346], [-92.53343666034684, 18.067002059531323], [-92.53381344969648, 18.065408569024292], [-92.53571868020863, 18.061887419071255], [-92.53586265968268, 18.06098697953753], [-92.53568857964096, 18.060163659779004], [-92.53400536967527, 18.058753848972515], [-92.53122650987989, 18.05711650908857], [-92.52980792029341, 18.05667074902051], [-92.5297612200512, 18.05936361934563], [-92.53082399980921, 18.06473956981827], [-92.53077639970569, 18.0657471498147], [-92.53109930962201, 18.065833519237795], [-92.5314051401521, 18.073837889413895], [-92.54382937035938, 18.077719429294422], [-92.54586785957147, 18.080967629298446], [-92.54979871037723, 18.08126830902858], [-92.54976308962765, 18.089068399551483], [-92.55363706041814, 18.096413249822596], [-92.54754574022618, 18.10004845921719], [-92.54736185976667, 18.1023578591382], [-92.54841913977829, 18.10279925899306], [-92.54828484968257, 18.103814429313736], [-92.547407890288, 18.104915319822275], [-92.52570503033013, 18.142006079496376], [-92.52529234006144, 18.141937569555065], [-92.52530761979585, 18.143446339835464], [-92.52567297980416, 18.14426530950632], [-92.52687085999193, 18.14586367972332], [-92.52820332017869, 18.14714328904018], [-92.52983864955694, 18.147562109858704], [-92.53221146040646, 18.146961649816873], [-92.5331130901618, 18.146995739021072], [-92.5338805696209, 18.147252849380862], [-92.53448008018125, 18.147860549431694], [-92.53547457044299, 18.150639019232884], [-92.53657144971237, 18.15261996969772], [-92.53696901982077, 18.153833449092357], [-92.53710065992455, 18.155454319770115], [-92.53652082960647, 18.159983879838773], [-92.53611714035466, 18.16106779945624], [-92.5354477102698, 18.161608599867556], [-92.53477478047691, 18.161807479169916], [-92.53360591963526, 18.161740799147392], [-92.53240230999386, 18.162184599323574], [-92.52919025952926, 18.164282719457056], [-92.5277837401976, 18.165651319884006], [-92.52644619981854, 18.166190449090408], [-92.52380270998424, 18.167970769263587], [-92.52353440015756, 18.16835304973215], [-92.52219682039771, 18.168924059261506], [-92.51942257993898, 18.169619088996228], [-92.51772068027441, 18.17086170907583], [-92.51681885004281, 18.170859449073014]]]}}, {"type": "Feature", "properties": {"CVEGEO": "27013", "CVE_ENT": "27", "NOMGEO": "Tabasco", "CVE_MUN": "013", "NOMMUN": "Nacajuca", "cov_": 1992, "cov_id": 1993}, "geometry": {"type": "Polygon", "coordinates": [[[-92.9332675401694, 18.348983659068608], [-92.92890045979314, 18.34759114948252], [-92.92716857953114, 18.347239749606796], [-92.92452437005073, 18.347163079662945], [-92.92348738029, 18.346898879206375], [-92.92259756965541, 18.346278049083825], [-92.91639685004297, 18.33972714941479], [-92.9132812800522, 18.335957829704462], [-92.91261717958454, 18.334803319475792], [-92.91121261982087, 18.333375919143325], [-92.90896957038068, 18.33243688935977], [-92.90328374948587, 18.331244690491438], [-92.89927015015331, 18.329969140125453], [-92.89647102986918, 18.32831702000412], [-92.89216541935691, 18.323811940744307], [-92.88804476913761, 18.32042258053079], [-92.88473950914269, 18.31814717022], [-92.88387793885066, 18.31707771004669], [-92.88216317869852, 18.31377877052503], [-92.88073174890893, 18.312215179842383], [-92.8802824187186, 18.311306799963905], [-92.880412548645, 18.309828150426338], [-92.8817005387595, 18.308114740151346], [-92.88145108857684, 18.307286599834427], [-92.87894728851707, 18.306099140702756], [-92.87741048888232, 18.304186419883745], [-92.87687447947316, 18.303808740117688], [-92.87547693784666, 18.30344135176295], [-92.87356165872755, 18.304127950251903], [-92.87210319864364, 18.304025120554527], [-92.86821014872807, 18.301822220704864], [-92.86416644919984, 18.300164800121745], [-92.8639162286383, 18.29968442047525], [-92.86392204904641, 18.29849989041057], [-92.86490291929074, 18.29577329013743], [-92.86501622918097, 18.294355449986597], [-92.86495361880787, 18.293637880097407], [-92.86434433881769, 18.292916080085124], [-92.86344776861336, 18.292820910185164], [-92.85805184856976, 18.294458550273657], [-92.85728705896034, 18.29431494017459], [-92.8564406887132, 18.29386102065792], [-92.85489371932968, 18.29251803023749], [-92.85331165863035, 18.289883110551436], [-92.85142897919364, 18.284818630083166], [-92.8482017687783, 18.27897692038517], [-92.8473625191101, 18.27711141995149], [-92.84620648900936, 18.273419830059783], [-92.84621090866828, 18.272434800654448], [-92.84769639940764, 18.27012043013226], [-92.84849688857797, 18.26801051013105], [-92.84891833939066, 18.266182800474244], [-92.84907821892641, 18.26233432061471], [-92.84887247887956, 18.259534280257242], [-92.84861879941484, 18.25868675002754], [-92.84775622934858, 18.25772716991547], [-92.84547382861878, 18.25666668045492], [-92.84502108932477, 18.256044569941892], [-92.84480151861469, 18.252850310152766], [-92.84559213869701, 18.251321290702837], [-92.84421062918203, 18.25069406034747], [-92.8410975794018, 18.249952490385226], [-92.83846688909705, 18.250016719882566], [-92.83493785910694, 18.250734489991597], [-92.83440717930743, 18.250739550670914], [-92.83383856929538, 18.25046469047943], [-92.83259337938537, 18.243953620483826], [-92.83391105890382, 18.24137884983501], [-92.83399428930463, 18.23987805034213], [-92.83321402864914, 18.238643970039757], [-92.83191642946987, 18.237901720054136], [-92.83019493920118, 18.237400260070896], [-92.82979424909894, 18.23701136998058], [-92.82968105898347, 18.23642691000612], [-92.83055748931538, 18.235060880244202], [-92.83140982871637, 18.234333000612686], [-92.83267624896102, 18.23364249013595], [-92.83564231905184, 18.23262250987121], [-92.83850011943247, 18.230364490014377], [-92.8418298894036, 18.228627430099433], [-92.84342457882859, 18.224620580188763], [-92.84883024881064, 18.219033480385892], [-92.85121831912909, 18.217407650204944], [-92.85183290891848, 18.21736092047953], [-92.85365510901202, 18.217815939969835], [-92.8544592194361, 18.217238319948706], [-92.85477664867553, 18.216496490529185], [-92.85464701928794, 18.21547452074624], [-92.85341874911522, 18.21231085046664], [-92.8536942588772, 18.210922940597037], [-92.85345036918994, 18.208627770466563], [-92.85393499892173, 18.208041430699154], [-92.85365793852156, 18.206942080347513], [-92.8526776188941, 18.205484180552375], [-92.85261168909797, 18.20491895051693], [-92.85261811867103, 18.204451090415557], [-92.85403057854823, 18.202958350308975], [-92.85407325885163, 18.20234791018875], [-92.85363504906917, 18.20194137052065], [-92.8524633687847, 18.202239549956513], [-92.85105393883734, 18.20133376994264], [-92.84966933852928, 18.201636490638478], [-92.84918305853739, 18.201235260498635], [-92.8479357194185, 18.202109380165602], [-92.84739896925566, 18.201505710753903], [-92.84741967914744, 18.20116927984648], [-92.85056679931633, 18.19766585997359], [-92.87656911924401, 18.173320520493892], [-92.86465541861004, 18.17129874060383], [-92.86496661897527, 18.170873479965667], [-92.86678221866823, 18.17018463043383], [-92.86765881800773, 18.169440980344064], [-92.86806087793796, 18.168678910183875], [-92.8739429381409, 18.16798372020742], [-92.8722719177724, 18.166464089860977], [-92.87204336830216, 18.165001940600856], [-92.86926244781712, 18.163587180445823], [-92.86897870850541, 18.162590200282988], [-92.86735831784931, 18.161668800591904], [-92.86605896846925, 18.160082250619865], [-92.86473039832715, 18.15958043008089], [-92.86438788820296, 18.158930570587707], [-92.86435597790533, 18.158363180349067], [-92.86597394820747, 18.1558694304402], [-92.86954362817715, 18.154820020431163], [-92.87170267817427, 18.1539367801158], [-92.87383196835579, 18.15224874993683], [-92.87521802808016, 18.151870689978377], [-92.87702290763869, 18.151990220141354], [-92.87907776793197, 18.151603220125413], [-92.88096294785741, 18.14998488063527], [-92.88160197819806, 18.148591880189652], [-92.88203845767717, 18.1467264204708], [-92.88202068802624, 18.144201250589965], [-92.88240581758542, 18.142562220566766], [-92.8819024879078, 18.139549599954623], [-92.88265314811837, 18.137336480241927], [-92.88164962773645, 18.13542137988221], [-92.88160287774215, 18.134276970225507], [-92.88305659820765, 18.132614920203206], [-92.88459687712188, 18.129313280067635], [-92.88421774757293, 18.12819032056344], [-92.8841804575576, 18.126897200221876], [-92.88436476844728, 18.126459720353626], [-92.88410371799543, 18.12594256996272], [-92.8842476576463, 18.124933829934395], [-92.88495081682075, 18.12311014045561], [-92.88608022752962, 18.12191254026148], [-92.88879301676542, 18.12021359971201], [-92.89008530687353, 18.118456029936127], [-92.88991122800584, 18.117736570639988], [-92.88777305815037, 18.115699970275326], [-92.88719830747016, 18.114571090328834], [-92.88594556774838, 18.113269709815263], [-92.88563991738539, 18.11269359996173], [-92.88572191787058, 18.11226552031365], [-92.88581510852266, 18.112025050034084], [-92.88732876851363, 18.11185401981438], [-92.88845702786998, 18.11091752042832], [-92.88911231804067, 18.110643139913396], [-92.88982861782227, 18.10930063066407], [-92.88979994775153, 18.108903110294815], [-92.88867576848813, 18.10793345054993], [-92.88871199832516, 18.10694043051348], [-92.89080616817176, 18.10480314000722], [-92.89136316831289, 18.10313098020009], [-92.89179310787354, 18.102531080512133], [-92.89471044840484, 18.1019065705654], [-92.89544264816409, 18.10138662022463], [-92.89568887759096, 18.100680710472613], [-92.89539436849685, 18.100077940003615], [-92.89363128832613, 18.099458320634174], [-92.89329236770172, 18.09898305990922], [-92.89335633832002, 18.09747685004379], [-92.89447391834665, 18.095724510094445], [-92.89482319837008, 18.094676890425855], [-92.89436425826584, 18.09362400049629], [-92.89429690799241, 18.092109569812564], [-92.89403905845866, 18.091372830376436], [-92.89342096828375, 18.09067323042356], [-92.89225650840127, 18.090394630597395], [-92.89192245760543, 18.08990825019557], [-92.89204205776116, 18.089639370257505], [-92.89171957808749, 18.088832620115316], [-92.89254017763459, 18.087577420501244], [-92.89351265762357, 18.085413289819744], [-92.89263887828301, 18.082528030084788], [-92.89262084816947, 18.08136285008582], [-92.89237261800946, 18.081107849879512], [-92.89242937803195, 18.08054884988225], [-92.8933454878368, 18.079323490312404], [-92.89313327781493, 18.07866894000188], [-92.89436194684988, 18.07595691924857], [-92.91270053786586, 18.077758149037297], [-92.91439111840077, 18.06439824891115], [-92.91463633798223, 18.064400219735663], [-92.91463085829618, 18.058200748972265], [-92.90569141658398, 18.057084881688084], [-92.90523864708766, 18.05974294147964], [-92.90362825653538, 18.05955863223857], [-92.90345154806045, 18.061140181080763], [-92.90246756780475, 18.06097125992087], [-92.90174982810811, 18.058254919895777], [-92.90082330777246, 18.056518089774595], [-92.89895950795913, 18.054509219939412], [-92.89964427819304, 18.052985800368486], [-92.90152804699551, 18.05112072060267], [-92.9017828173329, 18.04893654080416], [-92.90228976814075, 18.047695540702893], [-92.90256217720605, 18.047396850541023], [-92.9037433972141, 18.046965021078073], [-92.90633959732082, 18.04658925108603], [-92.90637053707714, 18.04419615087511], [-92.90611513751305, 18.042588260364973], [-92.90634950757871, 18.04195412073695], [-92.90703945707419, 18.041939451198353], [-92.908582507109, 18.042515090482286], [-92.90936297715172, 18.042595631011736], [-92.91031831687576, 18.04210785106853], [-92.91106477731954, 18.04132418056548], [-92.9121421481557, 18.039481781087733], [-92.91246265671288, 18.03849784980637], [-92.91205490780513, 18.037481629974412], [-92.91119393800362, 18.036909690717295], [-92.91091982727048, 18.036476181480932], [-92.91088924780244, 18.034976200302022], [-92.91106181805374, 18.034609031040702], [-92.911917767175, 18.03459485088514], [-92.91395714716123, 18.03368108099644], [-92.91771277841148, 18.03748836959096], [-92.92208216860054, 18.035410378979883], [-92.91984822856651, 18.028815969359556], [-92.9198904570411, 18.0276286513116], [-92.9267634573918, 18.026895520628713], [-92.92698294246254, 18.02908983415044], [-92.92923671225732, 18.031512566632205], [-92.92995053395657, 18.032586690925076], [-92.93079575922776, 18.03521637672559], [-92.93127788302166, 18.03510897012498], [-92.93111461324497, 18.034546911601392], [-92.93179171378908, 18.033759680185305], [-92.93208370142828, 18.033535090161816], [-92.93275126732601, 18.033577660025504], [-92.93278532038518, 18.033378628515827], [-92.9331547131566, 18.033324340295426], [-92.93315411259823, 18.033067601403868], [-92.93364801633466, 18.03299365837185], [-92.93378224512566, 18.033685572964313], [-92.93402039803816, 18.033808680260822], [-92.93359713443333, 18.036029649511356], [-92.9346026202236, 18.036084059639627], [-92.93819890016883, 18.03557329029975], [-92.93739965410819, 18.03632008167725], [-92.93856073679112, 18.037541059873927], [-92.94211562120404, 18.036575249639554], [-92.94221910119026, 18.036748458957366], [-92.94301154744409, 18.03671280018769], [-92.94341727184802, 18.029776971051], [-92.9433643286761, 18.0276842906964], [-92.94276808093451, 18.027446030660947], [-92.94312647008806, 18.02667026652613], [-92.9433634209272, 18.024949340854], [-92.94340067401897, 18.022185321345717], [-92.94289213112117, 18.02023819569948], [-92.94303487087953, 18.019301719665584], [-92.94358351028741, 18.01902154220071], [-92.94410427624474, 18.019141371527763], [-92.95027454181012, 18.021683091097213], [-92.95285664992441, 18.02204878100749], [-92.95355531762576, 18.021934820135325], [-92.95458122739825, 18.020959859849974], [-92.95485893754456, 18.01993581978702], [-92.95438331733251, 18.013867000559653], [-92.95507327742874, 18.01381178043241], [-92.95756577685036, 18.01442795069222], [-92.95769691740746, 18.01346345050145], [-92.95801285736468, 18.013023113049446], [-92.95788390737819, 18.012769179580058], [-92.95803061731533, 18.01227023143772], [-92.95961905674604, 18.012693309881605], [-92.96063354647862, 18.0122619499609], [-92.96101124694718, 18.011820550162035], [-92.96078827732772, 18.011631000437053], [-92.96360341745573, 18.010872150241195], [-92.96990631542583, 18.008535919645606], [-92.97051244190624, 18.008235922493814], [-92.97056687485566, 18.00774633938757], [-92.9753335667431, 18.00795778003395], [-92.97539648687304, 18.007524658852283], [-92.97596331744995, 18.00731886162201], [-92.9763957369388, 18.007595508910182], [-92.9773599775573, 18.00766310951362], [-92.97747530684529, 18.00825724911834], [-92.97825574756403, 18.009083969198127], [-92.97847021700464, 18.00920124930251], [-92.979366856734, 18.008940998927184], [-92.98002925719858, 18.00984170953674], [-92.98030436753238, 18.0096553190121], [-92.98041410730876, 18.009364309057645], [-92.98024531708542, 18.00931056891952], [-92.9806433372583, 18.00900373960785], [-92.98088881711111, 18.009914599633603], [-92.98223897681909, 18.00983902960728], [-92.98236148730943, 18.010455649180834], [-92.98310067672547, 18.01058185898061], [-92.98332627720589, 18.011057349740284], [-92.98439437715882, 18.011324489345743], [-92.98590047692576, 18.010916249330325], [-92.98614237668582, 18.011725309599097], [-92.98677711675806, 18.01265454963237], [-92.98669348731043, 18.012932280019406], [-92.98597096688647, 18.01305427944347], [-92.98570827759687, 18.013775288984974], [-92.98532468670969, 18.013999179733275], [-92.98503811740329, 18.01455160027454], [-92.98600317761193, 18.01642399905981], [-92.98788282781663, 18.017576849870146], [-92.98936653766559, 18.019939769094474], [-92.98886444833504, 18.020282619255386], [-92.98854127854277, 18.021458279030863], [-92.98858890846853, 18.02189661938479], [-92.98934448814332, 18.02269170960012], [-92.98949484828032, 18.023496979633112], [-92.98927693825931, 18.025402019677248], [-92.98896553768125, 18.025856199474763], [-92.98909694799111, 18.02700721892355], [-92.9872398784264, 18.027094309165303], [-92.9867305683747, 18.027535539738917], [-92.98668133819712, 18.02833561971044], [-92.98708664769153, 18.028542309671323], [-92.98615321783463, 18.030224019612895], [-92.986533907738, 18.031362369161197], [-92.98676414840799, 18.033869219241875], [-92.99280556810156, 18.034499799488383], [-92.9956972285199, 18.03880822915632], [-92.99433368792135, 18.038768138872207], [-92.9938822482555, 18.03899974934631], [-92.99358741791174, 18.040262199176887], [-92.99125713774451, 18.04176359891992], [-92.99047959797176, 18.04304210970525], [-92.98987021831805, 18.043508289301222], [-93.00002301819859, 18.04652182928198], [-92.99837681838197, 18.048690949075425], [-93.00358545839491, 18.04952250912429], [-93.01024205778961, 18.047975109625945], [-93.01099491825728, 18.047228509753023], [-93.01261830774274, 18.04711628899183], [-93.01976964809045, 18.048273918949082], [-93.0191700484703, 18.02611173975075], [-93.02777848349439, 18.042937278518515], [-93.02752216387373, 18.04330744854875], [-93.02991221358997, 18.044265047979216], [-93.02847922322216, 18.047037058066678], [-93.02574504322949, 18.04948565796893], [-93.02553716310436, 18.050429938194302], [-93.02588325314618, 18.054063748439752], [-93.0254858237256, 18.057896317878036], [-93.02449971370213, 18.05883461774021], [-93.02546191313968, 18.059463507815384], [-93.0305622235569, 18.059762948174047], [-93.02162490371623, 18.077341748567555], [-93.02185830337672, 18.078448428157], [-93.02070653322771, 18.079088078483114], [-93.00630147414614, 18.107655538537998], [-93.00786128419703, 18.110327148493507], [-93.01148444431259, 18.11018027795138], [-93.0120109146204, 18.109688118235862], [-93.01246414425903, 18.11093431818487], [-93.01237850456852, 18.113260087959574], [-93.01211330460994, 18.114571628633044], [-93.01247305429584, 18.115170628361547], [-93.01382627468101, 18.115471088347313], [-93.01591667401816, 18.116952628477847], [-93.0183742743242, 18.11715416785955], [-93.01861699445014, 18.117721918094457], [-93.02002322431437, 18.11820731806369], [-93.019399774264, 18.119361998111646], [-93.02182582401218, 18.120310018197735], [-93.01690696391417, 18.12935690837457], [-93.0155170540049, 18.131035317760844], [-93.01703227413384, 18.130886888516166], [-93.01655057463086, 18.13241501807565], [-93.01563833516826, 18.133521218079544], [-93.01490631496344, 18.133785798109994], [-93.01299288525377, 18.13357317801701], [-93.01240531500437, 18.134007678174168], [-93.0120924248721, 18.13461337834681], [-93.0121054551122, 18.13636234788897], [-93.0131957954064, 18.137242678172434], [-93.0152611954674, 18.137604998249554], [-93.01626305564275, 18.138145198239872], [-93.01720693529496, 18.13820833791508], [-93.02049081583203, 18.13816628796089], [-93.02087734688268, 18.137936829403287], [-93.02133793666208, 18.136797919973965], [-93.02233370537756, 18.139182618181316], [-93.02281713501219, 18.139879478627844], [-93.02135722491197, 18.13974179815127], [-93.01876245853181, 18.140691830075973], [-93.01951714516755, 18.142230998591046], [-93.01877937513409, 18.142397678625866], [-93.0193959656338, 18.144171618534905], [-93.02152202559866, 18.14452639802127], [-93.02258661505468, 18.145257597801766], [-93.0237295152682, 18.145660247818167], [-93.02377111526046, 18.145993447970692], [-93.02546230520373, 18.146136167850823], [-93.02549728754279, 18.146593059458677], [-93.02799508506052, 18.146350878445755], [-93.0283009151732, 18.146803318016282], [-93.0289591751103, 18.14683794811743], [-93.03021853559078, 18.145883517965924], [-93.03051931503776, 18.145906309017544], [-93.03074974595332, 18.14725430910324], [-93.03049404543847, 18.14787317832942], [-93.03111996512102, 18.147943687834605], [-93.03092173537883, 18.148664228168318], [-93.02950125524156, 18.151037108384568], [-93.03440361536299, 18.152961767167067], [-93.0383426855889, 18.153302377668854], [-93.03920639585772, 18.153616537202257], [-93.03924656541318, 18.155376507531663], [-93.0396898156271, 18.155733107077793], [-93.03921791506905, 18.156126027410416], [-93.03454171470888, 18.15663922800668], [-93.03460545569686, 18.15821702763013], [-93.03398536417181, 18.160592818290514], [-93.03100251494298, 18.16495027847321], [-93.03188834063484, 18.1654556989904], [-93.03147776486698, 18.165984627857345], [-93.02759545563323, 18.16712848918606], [-93.02747164730052, 18.169349150489715], [-93.02492282767194, 18.176114170210006], [-93.02620217660808, 18.17741861884328], [-93.02788273735555, 18.177767219106883], [-93.02841557712394, 18.177373599169993], [-93.02960748628412, 18.17747430952274], [-93.02992511514273, 18.176847688713334], [-93.03255865578143, 18.17558201843905], [-93.03539391804304, 18.176397290375885], [-93.03575601840477, 18.175859260678614], [-93.03802213587781, 18.17644967846668], [-93.03880748689056, 18.17712759952657], [-93.03987504753464, 18.176900739487067], [-93.0399874484589, 18.178313380562884], [-93.03901736659336, 18.178399780449986], [-93.03748691818822, 18.179544400022344], [-93.03766385822455, 18.181479350410186], [-93.03517024727671, 18.182158520297207], [-93.03482048660348, 18.184720337777538], [-93.02967628597315, 18.183573998518384], [-93.02994464670408, 18.185068248505733], [-93.02971477623026, 18.18755699860836], [-93.02929205637992, 18.188748828568254], [-93.02932793655941, 18.19165636871771], [-93.03009441610476, 18.19307645822113], [-93.03036845656402, 18.19426064795556], [-93.0313757959497, 18.196706978276673], [-93.03272728631715, 18.20178202785743], [-93.03600805678956, 18.201190447187493], [-93.03953574681819, 18.200833917253185], [-93.04268136653182, 18.199522847126], [-93.04515790668596, 18.19921416757015], [-93.05115464760841, 18.214169277221195], [-93.06040502734938, 18.227454307332202], [-93.06205133754423, 18.22931450750424], [-93.0576112573566, 18.22701902735063], [-93.05392751770805, 18.228420077727513], [-93.05287527682073, 18.229238857731005], [-93.05219642775286, 18.230372797095974], [-93.05244813695066, 18.2314343774536], [-93.05225621688969, 18.23563904748143], [-93.05284056736654, 18.23730868772488], [-93.052550597169, 18.238280907012587], [-93.05075867770074, 18.241176107736365], [-93.05029610753762, 18.241324137551146], [-93.0482418476096, 18.241116567173496], [-93.04667293701974, 18.24197244728957], [-93.04571093695787, 18.241662197816087], [-93.04508357725265, 18.241732797871556], [-93.04417425725192, 18.24243505770309], [-93.04346141765102, 18.242081737193534], [-93.04310722701595, 18.242952277808683], [-93.04266819760831, 18.24324265775449], [-93.04257684687147, 18.242677707527285], [-93.03030888736852, 18.246966318069006], [-93.0393728478639, 18.25919710722967], [-93.03306125858617, 18.265171287516456], [-93.03454334862393, 18.2690839476322], [-93.0358408581038, 18.271515477106295], [-93.03716544866413, 18.27742944731815], [-93.0288111978335, 18.28687162860272], [-93.03194267915809, 18.315485857249772], [-93.01732728864731, 18.319586538747785], [-93.01964356864882, 18.30844351845157], [-92.98460330925589, 18.30541508959988], [-92.94902888876965, 18.302786109273924], [-92.94065079971547, 18.34942962933285], [-92.9332675401694, 18.348983659068608]]]}}, {"type": "Feature", "properties": {"CVEGEO": "27014", "CVE_ENT": "27", "NOMGEO": "Tabasco", "CVE_MUN": "014", "NOMMUN": "Paraíso", "cov_": 1989, "cov_id": 1990}, "geometry": {"type": "Polygon", "coordinates": [[[-93.19826469040267, 18.453112754144513], [-93.18977197968096, 18.448594750211928], [-93.18935116787269, 18.448165088698072], [-93.18878073729064, 18.44686640289024], [-93.18881441953097, 18.44300310935014], [-93.18820483216301, 18.442195802731653], [-93.18507768622904, 18.44125668859794], [-93.18398330722209, 18.44139630385184], [-93.18401288077926, 18.442627568363545], [-93.1837673953675, 18.442621378209626], [-93.1836778374727, 18.441404687126152], [-93.18320407128088, 18.441210608920557], [-93.18197834253363, 18.440995138586317], [-93.18128842764557, 18.4411009332589], [-93.18107709402017, 18.441592028778814], [-93.18097433894278, 18.441218717244574], [-93.17973614596451, 18.441274528167632], [-93.1793308394871, 18.44154593164186], [-93.17923076472087, 18.443122480760298], [-93.17910479455725, 18.441776406824278], [-93.17801385863152, 18.441800671465558], [-93.17792400200663, 18.44313240065761], [-93.17786570732164, 18.441955336463998], [-93.17667346285317, 18.441550652050555], [-93.17586284341779, 18.441837284568013], [-93.17467254330366, 18.4415504813882], [-93.17392067883058, 18.441700495084202], [-93.17367249935884, 18.441858913448613], [-93.17364516830133, 18.44252144149031], [-93.17344529361733, 18.442664209727397], [-93.17337745786969, 18.441997729182507], [-93.17232426827044, 18.44196174660598], [-93.1721746612568, 18.442735593248393], [-93.1718831339683, 18.441981587205955], [-93.170846446379, 18.44155819230876], [-93.16703446831247, 18.441606399015246], [-93.16523570698358, 18.44192567005914], [-93.16456270529771, 18.441867576010324], [-93.16399976368919, 18.44256427861443], [-93.16391092499772, 18.44317241231696], [-93.16395223692166, 18.44339394870694], [-93.16460160821971, 18.44343134812281], [-93.16462995483269, 18.443638804994], [-93.16378681172202, 18.443707804202326], [-93.16301761713189, 18.4435503842278], [-93.16367652847883, 18.443397555348298], [-93.16379822032228, 18.44287806885465], [-93.16344139126325, 18.442222481744796], [-93.16295131036009, 18.441914722159716], [-93.15939855043963, 18.44173687986731], [-93.14976122997008, 18.442164659801577], [-93.14926435004261, 18.441945139115838], [-93.14652822000194, 18.441783749257265], [-93.14247420042605, 18.44243242974618], [-93.13327329026083, 18.44259161967574], [-93.12766192026892, 18.442457059489662], [-93.11462306746289, 18.442809949334382], [-93.11141969402594, 18.44264892686469], [-93.09990808387653, 18.443207996149194], [-93.09689587100358, 18.442914138794265], [-93.08408857001476, 18.43536825974071], [-93.07886713990514, 18.431204509655014], [-93.07290317998635, 18.426883619810933], [-93.06977380018276, 18.425163539265196], [-93.0668853700723, 18.424055319683198], [-93.0635558599512, 18.42329145938448], [-93.05324292022445, 18.425468719257967], [-93.04984691044014, 18.4256818596474], [-93.0484231195244, 18.42556617975486], [-93.04700418026789, 18.425159059503407], [-93.04470149036618, 18.42411304969907], [-93.03861967970455, 18.42045456905978], [-93.03714565959471, 18.419973379168475], [-93.03516972027073, 18.419835219838056], [-93.03272908009805, 18.420195889646774], [-93.0275609195659, 18.422301349642563], [-93.02470360009495, 18.422945139716234], [-93.02237190959254, 18.423184419849033], [-93.01968601975386, 18.42313861947116], [-93.01675148953983, 18.422347939332003], [-93.00693939962025, 18.416809719259724], [-93.00011945955397, 18.412431539081172], [-92.99836675043258, 18.41057742923703], [-92.99818397989021, 18.40857959988126], [-92.99785754996269, 18.407803169358594], [-92.99802192037562, 18.40688362958383], [-92.99737169010737, 18.404332659708384], [-92.9974395502394, 18.40371922903817], [-92.99800222020217, 18.402997799277447], [-92.99834797046672, 18.40284459916014], [-92.99883272001043, 18.402939489758047], [-92.99887220026817, 18.402698049512665], [-92.99906124963495, 18.402693249486234], [-93.00205865982132, 18.403820859333052], [-93.00257877033528, 18.40341579959355], [-93.00516858033139, 18.404338799188597], [-93.00622962971688, 18.40434167947367], [-93.00662477024414, 18.40451794907018], [-93.00756311010011, 18.407594199197675], [-93.00803469046264, 18.407763109029712], [-93.01023594969894, 18.40731964981759], [-93.01097562019253, 18.406878089153285], [-93.01108905975151, 18.405641429850558], [-93.01094649028732, 18.402651599032914], [-93.01048815003067, 18.400919849766424], [-93.0108302903341, 18.39871453938037], [-93.01202126030624, 18.39752954963718], [-93.0136733797881, 18.396379599849027], [-93.01807109008847, 18.396852079410237], [-93.02081150961378, 18.397789319221953], [-93.02176929031356, 18.398670019461147], [-93.02220720037798, 18.399448979307795], [-93.0228607403494, 18.402328059847036], [-93.02306308980408, 18.40239219982502], [-93.02361503030656, 18.40179979958737], [-93.02396713991675, 18.40076411960653], [-93.02392481964837, 18.399025888972727], [-93.02305905006527, 18.396241379554162], [-93.02450377020203, 18.393788849847592], [-93.02541442989305, 18.393469779705033], [-93.02601189043394, 18.39355101942602], [-93.02769600002294, 18.39316882979807], [-93.02876789029933, 18.393488399109344], [-93.02936204978297, 18.39335116969832], [-93.03118697028692, 18.39364779910464], [-93.03174782989751, 18.39323428936075], [-93.0318369098081, 18.392354819757283], [-93.0332725104295, 18.391532079499108], [-93.03468866040728, 18.38931225982503], [-93.03548813965406, 18.388463519252134], [-93.03592315019954, 18.38837474975139], [-93.03696922978814, 18.387236179357707], [-93.04140577023269, 18.38555627903968], [-93.04229900000612, 18.38579916939232], [-93.04311788044839, 18.386515289658455], [-93.0437642497162, 18.38558744973508], [-93.04477774974343, 18.385135489720913], [-93.04498267954806, 18.38422937920825], [-93.04550240023794, 18.383817749792186], [-93.04618610992017, 18.38351371915741], [-93.04713466029611, 18.383665459655965], [-93.04721719984678, 18.382329719342895], [-93.0478212595382, 18.382360519420008], [-93.04845265031284, 18.382963949857572], [-93.04873193970553, 18.384076349187808], [-93.04925371044843, 18.384594219469484], [-93.04992904988842, 18.384550119177337], [-93.05014457979853, 18.383694999140747], [-93.05090179981065, 18.383021318991446], [-93.05119445002308, 18.383077079535813], [-93.05170925005277, 18.384079059547517], [-93.05319282965179, 18.384059649197656], [-93.05352701986988, 18.38393450925341], [-93.05416748026302, 18.383086079671347], [-93.05529923038328, 18.383170479426152], [-93.05608197965387, 18.382026709095303], [-93.05860850984354, 18.380487719656205], [-93.05979789022363, 18.380180349190873], [-93.06047768986285, 18.380674308986443], [-93.0617505701622, 18.380816179299593], [-93.0624651198728, 18.38136056956012], [-93.06644481999624, 18.382943199674415], [-93.06858076966374, 18.38406156968226], [-93.06969614980545, 18.383336059424565], [-93.07057201956775, 18.382421679375092], [-93.07106603040256, 18.382271539838648], [-93.07160050988907, 18.381563679329023], [-93.07239771048482, 18.381285909124042], [-93.07322971045473, 18.380291719339926], [-93.0743124301282, 18.37965479918561], [-93.07524757991175, 18.378536059295914], [-93.07954191991969, 18.37596504932292], [-93.08274174040166, 18.37455464949307], [-93.08441245970981, 18.374238769341066], [-93.08800351995748, 18.37422828924181], [-93.08765428962005, 18.37338391965824], [-93.08754896997941, 18.371713779543697], [-93.08618046035514, 18.37173099982773], [-93.08563605043564, 18.371261539313135], [-93.08580943026993, 18.370859709473773], [-93.0868296499049, 18.370065879589095], [-93.08684134008755, 18.36974468955982], [-93.08458507975143, 18.36915831922972], [-93.08329378017962, 18.367343399713864], [-93.08325645016163, 18.366899379601556], [-93.08381768993293, 18.36625893933001], [-93.08392705012398, 18.365579489540192], [-93.08430084986013, 18.365333229509094], [-93.08623024971929, 18.365771349215677], [-93.08689014043043, 18.36529316962343], [-93.08747007976035, 18.365177549426054], [-93.08807182959961, 18.36571662927273], [-93.0884814302932, 18.365790649006655], [-93.08880951975226, 18.364953939645773], [-93.088484199956, 18.363869749702783], [-93.08887314998091, 18.363243909874033], [-93.08896785044593, 18.362536369154043], [-93.08930392038535, 18.362418749913644], [-93.08982349037912, 18.36278705966603], [-93.09016912045574, 18.362783709307664], [-93.09135180026075, 18.361725739199304], [-93.09294362978721, 18.36164359918262], [-93.09321772034667, 18.362225259786353], [-93.09282712028302, 18.36272945909559], [-93.09285036973067, 18.36301621909948], [-93.09363948997455, 18.36305267959192], [-93.09436582047805, 18.362612149359126], [-93.09540830959958, 18.360252349442643], [-93.09509356967516, 18.359919109711445], [-93.0922971499533, 18.35977191959778], [-93.09172755037723, 18.359474119909507], [-93.09211597965853, 18.357399979785864], [-93.09198985033116, 18.35708173907084], [-93.09118862008157, 18.3564660492953], [-93.09115252042145, 18.355893709779668], [-93.09142786020104, 18.354949769839035], [-93.0926984304423, 18.353694119159968], [-93.0929582896034, 18.352940259150508], [-93.09283533963011, 18.352444179377255], [-93.09201888026746, 18.351277709351745], [-93.0922423395555, 18.349723459623743], [-93.09145727961723, 18.348358679201304], [-93.09112322964423, 18.348185909619954], [-93.08891025028788, 18.345387059333916], [-93.08797308998655, 18.344773449515287], [-93.08500738038842, 18.341191109027836], [-93.08575704958685, 18.33836224942969], [-93.08561259959272, 18.33782064919989], [-93.08446985034121, 18.336378889832986], [-93.08441302952662, 18.335769619624156], [-93.08514594034266, 18.334848339443706], [-93.08538259982708, 18.334076999239358], [-93.08630739988891, 18.333331259675862], [-93.08538017009054, 18.33228265236983], [-93.08523909032901, 18.331220309836166], [-93.08614268970149, 18.330450169266264], [-93.08656711940387, 18.32969048940776], [-93.08613687948136, 18.329049319152084], [-93.08483877961156, 18.328673940117437], [-93.08441979987425, 18.32824605056936], [-93.08491741888726, 18.325808779600294], [-93.08498456987365, 18.323918000668403], [-93.08568034996622, 18.32226664921307], [-93.08684841936011, 18.32125632036056], [-93.09135938042219, 18.319493510051007], [-93.09151664914528, 18.318894489744284], [-93.09072634029451, 18.317608029302868], [-93.09086438041253, 18.316556229082405], [-93.09141897987554, 18.315824977780444], [-93.09329081974414, 18.314762119346703], [-93.09364711968279, 18.31394193986046], [-93.09355805015501, 18.312606339198734], [-93.09290032015173, 18.31097739962069], [-93.09325982035934, 18.30958385922522], [-93.09455359999662, 18.307960769582905], [-93.09499931031597, 18.306543289792188], [-93.09628730989549, 18.30528721946725], [-93.09745170963187, 18.30474014965184], [-93.09899576960811, 18.302885709382927], [-93.0985432203626, 18.30249461904834], [-93.09756484969972, 18.302213599277078], [-93.09741708037022, 18.301791419468678], [-93.09785441975413, 18.30104676937027], [-93.09784072041725, 18.300710919267644], [-93.09714742988878, 18.30020816952088], [-93.09604186044555, 18.29881487960024], [-93.09557908032238, 18.29857173923929], [-93.09482284979254, 18.298689508984356], [-93.09350209025338, 18.298016739836463], [-93.0931311197075, 18.297565349518724], [-93.09343691962802, 18.297155649594565], [-93.0941031096083, 18.2975376494528], [-93.09455791965615, 18.297526979371238], [-93.09479229046012, 18.296997029691077], [-93.09476244981747, 18.296186539405316], [-93.09507732030653, 18.295955219566896], [-93.09649625005304, 18.296693939696226], [-93.09693775031764, 18.296725799703726], [-93.09740091041354, 18.296339379492863], [-93.09733683013528, 18.295959229892937], [-93.09644052027788, 18.2952626898547], [-93.09598788028414, 18.294598339631925], [-93.09598004988656, 18.29362628933356], [-93.09631552018388, 18.292756059697087], [-93.09804571037724, 18.29169187947355], [-93.09960402000624, 18.289978909272104], [-93.10162982957243, 18.289337909554696], [-93.10272907983354, 18.2881522891665], [-93.1023835702603, 18.28731462985481], [-93.10261931978845, 18.286811739054272], [-93.10338401976574, 18.286216949633424], [-93.10579866006059, 18.286900829826266], [-93.10598963026852, 18.287619909669054], [-93.10646622978419, 18.28796841973887], [-93.10681502008492, 18.28795733975834], [-93.10714366008362, 18.28770336925588], [-93.10759556978186, 18.2864307092557], [-93.10814638036047, 18.28592345970101], [-93.10872427960369, 18.285697059542525], [-93.11073142995343, 18.28570085943607], [-93.1134404502099, 18.28513710899901], [-93.11511799965838, 18.283534049252992], [-93.11548846005078, 18.28340321973205], [-93.11544033998317, 18.282478949494973], [-93.11477486019227, 18.281832139344456], [-93.11383865026667, 18.28148813923009], [-93.1133115503599, 18.279968089840082], [-93.11225058034547, 18.279469719440367], [-93.11188531005757, 18.279510309644035], [-93.11131147986652, 18.279967999542336], [-93.11101848963715, 18.279939249206816], [-93.11096242001821, 18.2796158190063], [-93.11022798039072, 18.27880874971066], [-93.1094322802967, 18.278326369601714], [-93.10883107975916, 18.27838105985762], [-93.1086356602538, 18.278222629769235], [-93.108431249627, 18.277516849826394], [-93.10878666007672, 18.27668081978346], [-93.10824446015394, 18.276394779812225], [-93.10811811022029, 18.275881649195643], [-93.10853394023941, 18.27565356946349], [-93.1096044302288, 18.275619349819763], [-93.10919842977239, 18.274936229057108], [-93.10926018006629, 18.27456274900877], [-93.10962313992634, 18.274274539556004], [-93.11000890961925, 18.274286539608575], [-93.11187905047038, 18.27533007902566], [-93.11221539957413, 18.27528530904669], [-93.11261838024461, 18.274834969252954], [-93.11314490987466, 18.2747555396046], [-93.11393735038406, 18.27492950949577], [-93.11427545981482, 18.275658059093868], [-93.11512420011593, 18.275324229035228], [-93.11608860003456, 18.27556508960833], [-93.11683367966543, 18.274707139160085], [-93.11767753982299, 18.274157919687074], [-93.11793803043807, 18.273607579621068], [-93.119365980474, 18.273117979340032], [-93.11994409008196, 18.272494819269617], [-93.12039636993282, 18.272371769880724], [-93.12127921973563, 18.272682969177964], [-93.12245290960935, 18.27360296944539], [-93.12248618011624, 18.274295399628276], [-93.12324208968401, 18.27484417922733], [-93.12305288027353, 18.275873979336765], [-93.12384855042644, 18.27600904985028], [-93.12426515032708, 18.275764519869], [-93.12394388016305, 18.275160309079755], [-93.1246611804283, 18.274947549819345], [-93.12476317972619, 18.27391228930648], [-93.12459162979937, 18.273345949391224], [-93.12514690987153, 18.27316637945737], [-93.12575103023886, 18.272386289887415], [-93.12625006017005, 18.27283004955434], [-93.12766522988936, 18.272973049672746], [-93.12759419997744, 18.27351939984074], [-93.12824664965773, 18.273598249613986], [-93.12884231035635, 18.273350679110077], [-93.12929182018374, 18.272658019047075], [-93.1298139797509, 18.272400949301172], [-93.12983311965034, 18.27178431939768], [-93.1305756795588, 18.271573339809354], [-93.13880465017178, 18.274208579376133], [-93.13835865991938, 18.275575659423154], [-93.1375414498823, 18.276402059172177], [-93.13779703025679, 18.27672602944565], [-93.14380654980826, 18.27707988952706], [-93.14433070952354, 18.27742344973297], [-93.14294637018969, 18.277876379137542], [-93.14888211993774, 18.28142476899245], [-93.15241182031662, 18.28401959911798], [-93.15400434954523, 18.284670569832418], [-93.15546986045727, 18.287843519669703], [-93.15694120012537, 18.29040501912396], [-93.15684757002296, 18.290557369405285], [-93.15775287963132, 18.291814749332094], [-93.15830564989693, 18.29342857936512], [-93.15811736996208, 18.29407247960034], [-93.15714391027268, 18.295258679680593], [-93.15670774981163, 18.296309569269248], [-93.15605813968935, 18.298690679269672], [-93.15612078034485, 18.300361309308162], [-93.15782562039736, 18.302169969626764], [-93.15858914014481, 18.304127859209558], [-93.15964586046456, 18.30535010946322], [-93.16083466026355, 18.307996539823268], [-93.16180808012619, 18.30944408924371], [-93.16301997026582, 18.3105387391766], [-93.16464160017395, 18.31141097946275], [-93.16865534010046, 18.316251599520857], [-93.17232589027803, 18.31953145964439], [-93.17396649021248, 18.320233519691552], [-93.17862362997278, 18.319827149487054], [-93.18042013954634, 18.320108969160817], [-93.18078694016567, 18.320433109637463], [-93.18094300036536, 18.320925709895967], [-93.18082434979368, 18.322638680227723], [-93.18172092029114, 18.323288690509415], [-93.19261984997962, 18.324687800532004], [-93.19270473993207, 18.323919749672154], [-93.20056219989941, 18.32513044967888], [-93.20067781955339, 18.324050999085316], [-93.20547812033816, 18.323077779469838], [-93.21154443005817, 18.320415939832078], [-93.21420011029949, 18.32348596969008], [-93.21676044977832, 18.321883769198404], [-93.2183854001912, 18.32683776933705], [-93.2193384604296, 18.32716825924339], [-93.22033345013327, 18.33049570981484], [-93.2246474201109, 18.329979179811307], [-93.22481923037604, 18.331215919372124], [-93.22869625987552, 18.330560339503062], [-93.22560409044884, 18.326928179863042], [-93.22239380008475, 18.32363742905144], [-93.22377395033855, 18.32159851982638], [-93.2280358202327, 18.32218631963785], [-93.23002646018416, 18.31907633926105], [-93.23802482999889, 18.320783479453304], [-93.24041148047827, 18.32152621941805], [-93.24116516973304, 18.3187578193959], [-93.25398810983859, 18.31909210960823], [-93.25431457020309, 18.316853969619462], [-93.25571587986398, 18.31535584957231], [-93.25886831974371, 18.31809299934438], [-93.26091360009028, 18.318821059251455], [-93.26166497018389, 18.31989981977474], [-93.26784274039312, 18.322181649016017], [-93.26889202986126, 18.32213701913086], [-93.27102766001168, 18.32146034943065], [-93.27136632028179, 18.32080430912411], [-93.27139188975659, 18.319946199352962], [-93.27185151024037, 18.320052739629016], [-93.27202601981922, 18.319204509451346], [-93.27085048024415, 18.31563836941957], [-93.26682871040481, 18.306933779355766], [-93.29245475007937, 18.304776229279216], [-93.29709379998914, 18.30676051920031], [-93.29702337032673, 18.307530599817785], [-93.29854185028252, 18.309279769066713], [-93.29902650993847, 18.311784709299495], [-93.29897576994908, 18.313009379745736], [-93.29754404972027, 18.31623074901199], [-93.29754686038186, 18.317909109447204], [-93.29855949025816, 18.321269569905233], [-93.29894878027486, 18.321701399340963], [-93.29999792007644, 18.32216991988329], [-93.3018628496512, 18.321937169328386], [-93.30334157035017, 18.320661689900113], [-93.30423117993233, 18.319466949204934], [-93.30680841959514, 18.317297889823806], [-93.30784159969532, 18.317939579130275], [-93.30856915006233, 18.319557399205276], [-93.30879602978112, 18.321196369086447], [-93.30838993958673, 18.32149111926162], [-93.30854404978041, 18.322080259375404], [-93.30836073996053, 18.3236095995773], [-93.30678231043495, 18.326478539516888], [-93.30605654999037, 18.327291179645687], [-93.3057479095615, 18.328626419163808], [-93.30542368964481, 18.328937459268175], [-93.30510072009787, 18.328954779625253], [-93.30424968980836, 18.32841307940282], [-93.30314025050072, 18.328568779065513], [-93.3026762303588, 18.32952936939542], [-93.30257981974172, 18.33087870980468], [-93.3008310203083, 18.332194169346526], [-93.29697525041703, 18.3274473197214], [-93.29697338028646, 18.325689259511712], [-93.29601253969608, 18.323965549520796], [-93.29422925019931, 18.32268814955809], [-93.29300131042356, 18.32215893928586], [-93.2928710002739, 18.321309089087478], [-93.29316644966129, 18.320171479621887], [-93.2926175704344, 18.319530309654628], [-93.29263339993877, 18.31678908922469], [-93.2924659701024, 18.31577531905643], [-93.29189975013412, 18.31534845933234], [-93.29045364985699, 18.315032429279192], [-93.28922394025842, 18.315485999472546], [-93.28734325981868, 18.31823110966344], [-93.28647877955066, 18.318838169124266], [-93.28286133964379, 18.319437339809465], [-93.28090828968446, 18.318997139664695], [-93.27936923007125, 18.32108245930532], [-93.27562458017663, 18.31859637900349], [-93.27488582006029, 18.322146489460195], [-93.27892645999106, 18.325405249586805], [-93.2781190599766, 18.336992049676926], [-93.285173680025, 18.337946179495628], [-93.27991961958836, 18.34552087980986], [-93.28752348018074, 18.352566219648065], [-93.27930597030709, 18.357130949891534], [-93.28346862035261, 18.364581059861532], [-93.2863852600001, 18.365062649553227], [-93.28259184998558, 18.368138819572966], [-93.2830586496724, 18.368998319015393], [-93.28309596986679, 18.3699087197795], [-93.28406421955428, 18.371120029161105], [-93.28457365041308, 18.37145591953174], [-93.28777705006868, 18.372852799764367], [-93.28852609024685, 18.37190751932896], [-93.29001651967941, 18.371971749100673], [-93.29206848036804, 18.37118097979662], [-93.29327021960958, 18.371642679596604], [-93.2933879500613, 18.372343169003283], [-93.2928233200699, 18.373581629457195], [-93.29062828981891, 18.37526633938989], [-93.28851311962936, 18.377977029609976], [-93.28827716972825, 18.378383549110215], [-93.28853982979382, 18.37950456979739], [-93.29014355019179, 18.380315779060894], [-93.29071905029694, 18.380083549678705], [-93.29233959991704, 18.380272598990928], [-93.29296109005176, 18.379801419795722], [-93.29330851960904, 18.378778139359067], [-93.29373882976236, 18.378879218984057], [-93.29424968017453, 18.379337549241136], [-93.29562602045624, 18.38126521960727], [-93.29512321964661, 18.382174249703866], [-93.29372250953351, 18.383385779520665], [-93.29289975014079, 18.38382885968108], [-93.29551954994002, 18.387217779045102], [-93.29608933970042, 18.388739799342716], [-93.2977674601595, 18.389020799721617], [-93.29893707957852, 18.388805459684225], [-93.29999887972657, 18.389147248976226], [-93.3003873397651, 18.38955014900877], [-93.3011497999335, 18.391638169788386], [-93.3029626000013, 18.391168999579676], [-93.30595333996881, 18.391577549874768], [-93.30618991031685, 18.39275922984789], [-93.30983855045375, 18.399587279783642], [-93.31013083039332, 18.399444919715037], [-93.31063337979624, 18.400238709132402], [-93.31303387996317, 18.402362859672536], [-93.31634021997479, 18.40419408950301], [-93.3182696004583, 18.405797279111376], [-93.31924265968401, 18.40705968938887], [-93.31953302037151, 18.409244059092956], [-93.31979988019485, 18.40975081976924], [-93.32165214010236, 18.411340449461893], [-93.32199950961076, 18.41235996937746], [-93.32411382961217, 18.4129584197173], [-93.32530477002541, 18.41274497953858], [-93.32638375005915, 18.411976919105022], [-93.3269376303812, 18.411843859254464], [-93.3296249797395, 18.41183922913519], [-93.33167468012329, 18.41159787934537], [-93.33350376977896, 18.411885319797683], [-93.3351285501092, 18.41320284933472], [-93.33592870993833, 18.41441810929048], [-93.33659877966856, 18.415005399002094], [-93.33710734963712, 18.415258259401266], [-93.34071097018376, 18.415883599125], [-93.3416852302773, 18.41631105926436], [-93.34314210998258, 18.41735033954482], [-93.34618370980769, 18.420060889762766], [-93.34863905997412, 18.421132459704335], [-93.35072930964175, 18.421694279724637], [-93.3514265503961, 18.422135709647847], [-93.35251566029545, 18.423502279586224], [-93.35246934965, 18.424678339552322], [-93.35188808973304, 18.42610296952189], [-93.35206867969367, 18.427139339731774], [-93.35296795007702, 18.42816059960977], [-93.35371019954422, 18.42842059920481], [-93.3548464196721, 18.428619649647167], [-93.35596594965307, 18.42855561936597], [-93.35711783005287, 18.427735449090996], [-93.35744023007753, 18.426885629063776], [-93.35759503004635, 18.425202799568996], [-93.3584312601453, 18.423787689614336], [-93.35881165994105, 18.423561419407044], [-93.36040042958979, 18.42338296921621], [-93.36215154982439, 18.423789349017323], [-93.36345630997198, 18.42437757960974], [-93.36512551959136, 18.42468182922822], [-93.36729962016467, 18.42453659909109], [-93.36837285009041, 18.42421225948069], [-93.3698120597163, 18.42314911953569], [-93.37188025019873, 18.420151969696292], [-93.37535922969029, 18.419955279783697], [-93.37573714044227, 18.421234979275088], [-93.37681500027412, 18.42113290936369], [-93.37717674015657, 18.420806419352736], [-93.37768033985006, 18.42080919941611], [-93.37891713959783, 18.420081619392064], [-93.37990917976322, 18.420461229641973], [-93.38027885032366, 18.420873089124967], [-93.38085359959507, 18.420756309011203], [-93.38126172036753, 18.421033449150716], [-93.38208645026147, 18.420946799727755], [-93.38231970988798, 18.421198889505362], [-93.38221742952908, 18.421371579770742], [-93.38076621967062, 18.42159848905445], [-93.38019247982511, 18.42136267942737], [-93.37973589019897, 18.421732079436705], [-93.38034277978277, 18.422781749102267], [-93.3807817096263, 18.422334719845278], [-93.38114895016481, 18.422319049586733], [-93.38148768971678, 18.42283737914183], [-93.38110991014844, 18.42322134940997], [-93.38159594004601, 18.423104379827176], [-93.38213920030802, 18.423253309424684], [-93.38199596990857, 18.423772149052585], [-93.37993929031228, 18.424178769314437], [-93.38046472016215, 18.424337969397346], [-93.38094542014873, 18.424162049248473], [-93.38153264861694, 18.424334120637393], [-93.38310088852371, 18.42376458030635], [-93.38339424962106, 18.42421539969207], [-93.3838109492851, 18.424109650188495], [-93.38411086011888, 18.4236915504337], [-93.38475754022566, 18.423814660803426], [-93.38516007920184, 18.42350282041117], [-93.38659665008446, 18.42407202011017], [-93.38852342866957, 18.42406271917668], [-93.38897170933434, 18.42430448906825], [-93.39009782955391, 18.423805879918557], [-93.39075973908017, 18.424224739579547], [-93.391292999647, 18.42367179921543], [-93.39206331903662, 18.423729290014144], [-93.39232300001245, 18.42357428966559], [-93.39348511884778, 18.424200749991446], [-93.39371453907387, 18.42419658002356], [-93.39364639955599, 18.423583030620563], [-93.39438557863711, 18.423758060166612], [-93.39464557992547, 18.42362556955438], [-93.3954544794147, 18.424094399094376], [-93.39605014937756, 18.423820689380786], [-93.39655350930337, 18.423910651467406], [-93.39716004939133, 18.42359501962594], [-93.39764684948939, 18.4240076296216], [-93.39795882961704, 18.423882889951646], [-93.39802947947973, 18.423018349507576], [-93.39875174042736, 18.422433509829958], [-93.39944941993612, 18.42253677922862], [-93.39957094962973, 18.422875569311042], [-93.40021988041009, 18.42339797003387], [-93.40092130930931, 18.423373879395335], [-93.4012868191269, 18.423065089621492], [-93.40173630867878, 18.42326368014775], [-93.40169456922885, 18.422417939988318], [-93.403184919717, 18.42245425045206], [-93.40263071023924, 18.421879939963002], [-93.40257066019738, 18.421515889227578], [-93.40310211005648, 18.421540579614607], [-93.40333813961406, 18.421236919105652], [-93.40371917026383, 18.42122794947171], [-93.4041835095809, 18.420900089345576], [-93.40438607968467, 18.420311459370797], [-93.40526701980632, 18.420175859148486], [-93.40573374984427, 18.419370278992954], [-93.40633310975598, 18.4193592798616], [-93.40891939969408, 18.41777061978876], [-93.41010650988171, 18.417595339819986], [-93.41133607961194, 18.416920719619306], [-93.41294757991082, 18.41691667908949], [-93.41329599999042, 18.416676629226256], [-93.41429674994549, 18.41739267948193], [-93.41605804972555, 18.41766827922923], [-93.41699582029847, 18.418616139064994], [-93.41843288013654, 18.41854767926479], [-93.42025862028021, 18.418912089800127], [-93.42045716982857, 18.419249249135188], [-93.42009182042696, 18.420115889801814], [-93.42215991022913, 18.419295579606977], [-93.42484314968513, 18.420376479416326], [-93.42615199974642, 18.421236249284203], [-93.42694943023555, 18.4223625098926], [-93.42668379962764, 18.42475630906543], [-93.42556022031049, 18.42408905911421], [-93.42520988032831, 18.42350154973482], [-93.42402498004944, 18.424092749761247], [-93.42414655032796, 18.42498467926598], [-93.4231620598916, 18.42749561904537], [-93.42338531994463, 18.42762501947008], [-93.42467020043415, 18.42488244928927], [-93.4261314001328, 18.42533134969183], [-93.4266197203752, 18.42529681937844], [-93.4269413997162, 18.425610919828827], [-93.42770231019578, 18.425031259403667], [-93.42802250996712, 18.425188889358463], [-93.42809546032274, 18.425607379439153], [-93.42783773971668, 18.426181819629747], [-93.42749705039735, 18.426659949864444], [-93.42704418037934, 18.42684705906553], [-93.42669589018271, 18.42760633933522], [-93.42691382963953, 18.427917749628826], [-93.42764777956208, 18.427741349008535], [-93.42783455009862, 18.428003889851727], [-93.42826318009436, 18.427939719003078], [-93.42812632012908, 18.427617849839432], [-93.4285756197787, 18.42688977940181], [-93.42840674007437, 18.42638825956007], [-93.4286953797996, 18.426094749310476], [-93.4303863502582, 18.426613259415124], [-93.43096220033374, 18.4270885195606], [-93.43187969008451, 18.426815179645065], [-93.43233954996853, 18.42712334964251], [-93.43235699959423, 18.426194079013566], [-93.4318660901676, 18.42577070914891], [-93.43113080027538, 18.423213539609993], [-93.43080317043524, 18.422698149634368], [-93.43129968988292, 18.42157216907204], [-93.43359914042902, 18.421178289088306], [-93.43438137028073, 18.421302689760978], [-93.43448039960855, 18.421624349560624], [-93.43478438013732, 18.421713149039775], [-93.43509028980377, 18.421175599379502], [-93.43464885032826, 18.420999719557255], [-93.43493068981441, 18.42078928899781], [-93.43607980039697, 18.42050756932195], [-93.437243379565, 18.421014459669095], [-93.43839228017895, 18.420327519689874], [-93.43806335034766, 18.42010559917195], [-93.44210263018692, 18.419089229692407], [-93.44278608997435, 18.419631049620364], [-93.44309281960535, 18.419518479524474], [-93.44352581959649, 18.41981525908336], [-93.44446102973853, 18.418852969016676], [-93.44500206025604, 18.41864481905731], [-93.44506809045916, 18.417880819032792], [-93.44573777008462, 18.417570889798633], [-93.4460400799894, 18.41803722971682], [-93.44694281990634, 18.417767059340573], [-93.44686069007716, 18.41753341912878], [-93.44725519958052, 18.41730014900643], [-93.44706197002641, 18.4170460593505], [-93.44810158034547, 18.41654204951077], [-93.44815148032, 18.416212999375414], [-93.44793624971918, 18.414828259029793], [-93.44818544984801, 18.414143139785395], [-93.44759526002895, 18.41385225967162], [-93.44743831018374, 18.41355857961043], [-93.44634620013235, 18.413296139786265], [-93.44622172044137, 18.413582569022868], [-93.44568240035218, 18.41324585915349], [-93.4450887801887, 18.413177969266894], [-93.44494384973355, 18.41330439915965], [-93.44522837997923, 18.41392117913274], [-93.44514757010424, 18.41445421978209], [-93.44473130986331, 18.414296049719475], [-93.44441463007482, 18.414508349461293], [-93.44436890959638, 18.414957309638915], [-93.44400975031685, 18.41544642955093], [-93.44412337963007, 18.4157940892814], [-93.44331353976855, 18.41723574955165], [-93.44299629039764, 18.417161859190056], [-93.44268950975892, 18.417376719868596], [-93.44231282047755, 18.41714257935983], [-93.44047366007675, 18.419139749153803], [-93.43673741972225, 18.419948339468363], [-93.4359536802708, 18.419529509867473], [-93.43458928029399, 18.419812919778703], [-93.43412060043978, 18.41917688969111], [-93.43384124960785, 18.419323979808915], [-93.43360703019601, 18.419208289119815], [-93.43360974989933, 18.418338629462518], [-93.43392689031943, 18.418176509721306], [-93.43409912011671, 18.41769553904261], [-93.43323375011711, 18.41695131925133], [-93.43359165012848, 18.416485139320365], [-93.43369482972462, 18.415579399060785], [-93.43436245006913, 18.414786089381835], [-93.43488905015883, 18.415133179167587], [-93.43508771036483, 18.414726459510216], [-93.43530511041948, 18.41471327962202], [-93.43573792035376, 18.415086879023338], [-93.43570957998743, 18.414778249121916], [-93.43513724998337, 18.4141108594158], [-93.4361428799361, 18.41376136963667], [-93.43583503036763, 18.413130569057632], [-93.43588393992403, 18.412838378993776], [-93.43631365953475, 18.412553229797055], [-93.43613857997359, 18.4124602893278], [-93.43629465006401, 18.411942819623558], [-93.43712863034217, 18.411375139902507], [-93.43767248981396, 18.412080659248705], [-93.43871701993463, 18.412176519084873], [-93.43981381980007, 18.411231019721907], [-93.43980294038045, 18.41047976969337], [-93.44022355042159, 18.410017109619186], [-93.43961988004959, 18.40980147983096], [-93.43843297048163, 18.409901549240534], [-93.43811974981564, 18.409682649856528], [-93.43745894025088, 18.410405769484182], [-93.43697362989455, 18.41024805936359], [-93.43732976976902, 18.409547459662825], [-93.43704914000399, 18.40918551939824], [-93.43720068980947, 18.408998399039728], [-93.43706838031338, 18.408680909040243], [-93.43784122976436, 18.40785144960391], [-93.43751169024073, 18.407389969162068], [-93.4375297096102, 18.406925739620153], [-93.43792137964856, 18.40646910934891], [-93.4379023796402, 18.405846229303638], [-93.4372391101605, 18.405411119034678], [-93.43739991010604, 18.40476285986388], [-93.43725817958767, 18.40425691910827], [-93.43584191966296, 18.403415429486905], [-93.43610004956302, 18.403110719244836], [-93.43588099993617, 18.402756679820254], [-93.43613515046131, 18.402260419042566], [-93.43519645983812, 18.401731029234732], [-93.43540540014469, 18.401017279174383], [-93.43518974027074, 18.400644659774517], [-93.43481728956351, 18.400940249500632], [-93.43441483041197, 18.40048805909532], [-93.43507301993293, 18.398963199813878], [-93.43582814006214, 18.398464059439284], [-93.4358866899823, 18.3980319397867], [-93.4363909401568, 18.397587819728155], [-93.43634214037698, 18.397432049864772], [-93.43561381990095, 18.39797821964087], [-93.43525058014718, 18.39796810974751], [-93.43490792041177, 18.397431139495954], [-93.43501751996055, 18.397006059760265], [-93.43608068002008, 18.396588719567415], [-93.43605128018382, 18.395815539854766], [-93.45999544974369, 18.382505909523935], [-93.4608161702958, 18.382986119797163], [-93.46193983017676, 18.38402208912352], [-93.46229265981124, 18.384648279111182], [-93.4667112898095, 18.3885418797206], [-93.47301168008183, 18.392089799567398], [-93.47651901954514, 18.401540139569885], [-93.48982128971736, 18.409252659750027], [-93.49168497022248, 18.40955837977564], [-93.49281964973953, 18.409975489203962], [-93.49334971962328, 18.409898859128564], [-93.49828574988808, 18.406300489180865], [-93.49845245983083, 18.40526013904956], [-93.50051200005167, 18.400901309011072], [-93.49912865956401, 18.399640689330976], [-93.50157502965897, 18.39253024930624], [-93.51099834041712, 18.384836659338724], [-93.51333977980457, 18.384992169367045], [-93.5182920000064, 18.3890181797282], [-93.5168486804516, 18.392522169169897], [-93.5163059403747, 18.392800199458186], [-93.51582774040844, 18.39357008956638], [-93.51573849029499, 18.394598419889757], [-93.51489287986757, 18.395532259674827], [-93.51384177965441, 18.395976549434295], [-93.51370511037211, 18.396662779192404], [-93.5126498799507, 18.39758721930715], [-93.51252311046984, 18.398125489276826], [-93.51198518031364, 18.398877349346343], [-93.51195188049164, 18.399413779096204], [-93.51333461994034, 18.400508199601514], [-93.51445534037595, 18.40106510905761], [-93.51474991958585, 18.40103436952913], [-93.51567724994162, 18.401649659059796], [-93.51815114031622, 18.40246571956078], [-93.5193493796972, 18.40258016904266], [-93.52125894976133, 18.40312627982168], [-93.52488710983148, 18.403253139077904], [-93.52615732008421, 18.4035567190586], [-93.52655356355923, 18.40824906709465], [-93.5247414367658, 18.408462381292434], [-93.52147451914381, 18.409585815864766], [-93.51831787634849, 18.410164762594647], [-93.5174494548087, 18.410626542553796], [-93.51438930372122, 18.411019399065175], [-93.51282476770365, 18.41159834617138], [-93.51203905299445, 18.41155010120129], [-93.5100540903288, 18.412432306514322], [-93.50793817478791, 18.41288719471314], [-93.50638093628257, 18.41291128531202], [-93.50509857629518, 18.413417896119913], [-93.50212113234825, 18.41413468850324], [-93.50114243528417, 18.414120903863438], [-93.5004601043123, 18.4144103771041], [-93.4991230107937, 18.414499976652753], [-93.49672451380694, 18.415361505617945], [-93.49405722025965, 18.415513134114967], [-93.49280283361118, 18.41618168111626], [-93.48850897368833, 18.41678819706877], [-93.48484210819748, 18.417538838303077], [-93.48455283331784, 18.417780678393406], [-93.48311629325495, 18.417844679898927], [-93.48273099957109, 18.418167579234492], [-93.48115971970843, 18.41854494986182], [-93.47954527717702, 18.41860881281339], [-93.4772057797617, 18.4194369496256], [-93.47476245988376, 18.419778399240773], [-93.47309625038828, 18.42023597982853], [-93.47197258031383, 18.420800549560123], [-93.47131221666737, 18.42073446282782], [-93.47115365672788, 18.420912931848925], [-93.46912577035427, 18.421133879130714], [-93.46760880033713, 18.421679549330367], [-93.46501664056443, 18.421732460554875], [-93.46202462629387, 18.4223988940439], [-93.46164771037124, 18.42275106587667], [-93.46077137338322, 18.42267750488086], [-93.45821517024912, 18.42342102910078], [-93.4572254296775, 18.423278999491405], [-93.45645561961722, 18.423408019714152], [-93.45572302991414, 18.423785259482685], [-93.44896481441548, 18.424994410473328], [-93.4481062300491, 18.42544796921674], [-93.44724552000021, 18.425400679022513], [-93.44467178342381, 18.425837118571536], [-93.44321033032604, 18.426352159233385], [-93.44129248416166, 18.42658534619162], [-93.43986956709179, 18.427237318413397], [-93.43622079000166, 18.427487977229287], [-93.43526129028088, 18.427913049141438], [-93.4322966198153, 18.428164708976063], [-93.43143754020434, 18.42848701912185], [-93.42741128009403, 18.429077849240077], [-93.42610422040669, 18.42953639910579], [-93.41725891983495, 18.430939219037192], [-93.41562973980999, 18.430960289615076], [-93.41314722969184, 18.431467998993835], [-93.41225262004909, 18.431369619714175], [-93.41151468006062, 18.431670179480708], [-93.408123830269, 18.431817489717517], [-93.40777058047343, 18.432035319265385], [-93.406175830392, 18.432143969548452], [-93.40577103011933, 18.43238741906582], [-93.40518928002095, 18.432268399491388], [-93.40465331992758, 18.432532879447724], [-93.40277475006562, 18.432769419432038], [-93.40166557954046, 18.43262016942687], [-93.40114237012187, 18.43299964925734], [-93.39555512045628, 18.433595019440926], [-93.39148102021717, 18.4338343696289], [-93.39078880562663, 18.433671057062014], [-93.38951685997037, 18.434043729690053], [-93.38554304009784, 18.434035627234767], [-93.37396184611278, 18.434752616804335], [-93.37240229390488, 18.43461894074214], [-93.37025537840307, 18.43484173316721], [-93.36912520874894, 18.43469185440625], [-93.36104794389425, 18.43489439427745], [-93.35751971013323, 18.43531162430616], [-93.35507014963706, 18.435267319397514], [-93.34820743243176, 18.435728569540625], [-93.33791648041787, 18.43667070966591], [-93.32708211293566, 18.4374787945981], [-93.31695037070291, 18.43796372737312], [-93.3158474914735, 18.43817074022006], [-93.30940087934651, 18.43823395162573], [-93.30631418099014, 18.438481260476156], [-93.30403703711607, 18.438352769739808], [-93.30044286074421, 18.438734673851375], [-93.29809790200902, 18.43866685809693], [-93.29435738924157, 18.438920271893828], [-93.29195361201398, 18.438805486224442], [-93.28823265683009, 18.43904519272898], [-93.25618845523893, 18.43900236285589], [-93.25559596924147, 18.43919509870884], [-93.2521909614372, 18.439091592842015], [-93.25139146244828, 18.439259344215532], [-93.25041350307839, 18.43909516103427], [-93.23755197455314, 18.439490428520884], [-93.23529148701904, 18.439799758100925], [-93.23226362314193, 18.43990088572681], [-93.23093378385158, 18.440302241615104], [-93.22782592788106, 18.440584980799716], [-93.22593148117623, 18.4405257386113], [-93.22439950445161, 18.44107276923631], [-93.21908583989176, 18.441534950275138], [-93.2147686356507, 18.44227439715853], [-93.21457062434959, 18.442377708363757], [-93.21449099590419, 18.44593358804447], [-93.21386599074131, 18.44696662640287], [-93.21368943316284, 18.44668908782574], [-93.21413807813683, 18.445974459740814], [-93.21416137814101, 18.441203995852113], [-93.2103678217706, 18.439899993542475], [-93.20643219439073, 18.439228985472194], [-93.20541980707621, 18.43931701339277], [-93.20525565675761, 18.44119053649996], [-93.20501046621966, 18.44121167079526], [-93.2053212385085, 18.437760660782413], [-93.20599425051127, 18.43679017172837], [-93.20570314176449, 18.435048074709975], [-93.20684764794954, 18.432497489790485], [-93.20708081779428, 18.432326483245898], [-93.2084157615768, 18.43234268175873], [-93.21036092208112, 18.431896675465694], [-93.21064555638618, 18.43148717799817], [-93.21052747100296, 18.430471803987615], [-93.21027299236601, 18.430501351870586], [-93.21031385624205, 18.430872642220553], [-93.20973108216441, 18.431168796315465], [-93.209590376077, 18.43067452608124], [-93.20950103950432, 18.430875382835712], [-93.20881218083109, 18.431018142840067], [-93.20877421398222, 18.43085679536611], [-93.20663662688295, 18.431195757509602], [-93.20520199220148, 18.430915701447415], [-93.20485065525057, 18.43177508717007], [-93.20501099723437, 18.432149576675442], [-93.20459340039976, 18.432385149775538], [-93.2041972215515, 18.4319389941847], [-93.20396878505107, 18.432406563907993], [-93.20326209274349, 18.432727790747695], [-93.20269854849334, 18.43229688613346], [-93.20119165880247, 18.434587811410527], [-93.20092070374838, 18.434574283444306], [-93.20102064018464, 18.43531901837492], [-93.2017335694051, 18.43575130166887], [-93.20182370699054, 18.436114956257352], [-93.20149113491827, 18.43642774500579], [-93.20146261363925, 18.43708163812235], [-93.20198550901922, 18.437920423583677], [-93.20227072471273, 18.44155510397334], [-93.2020259617688, 18.441495801522475], [-93.20178994628196, 18.43878977593837], [-93.20154817797015, 18.43847059086876], [-93.19956916928913, 18.4383608684209], [-93.19675184519102, 18.438787681784948], [-93.19342629841233, 18.440608180097236], [-93.19299646237482, 18.443336340703034], [-93.19275878168511, 18.443638472203297], [-93.19256941818043, 18.443495536142148], [-93.1932246335303, 18.44036910676779], [-93.19407470064185, 18.43838933221681], [-93.1939378821322, 18.43815733533391], [-93.19415383797438, 18.438043750295222], [-93.19368127975245, 18.43739752049846], [-93.19333800761837, 18.43596441265008], [-93.19408659755345, 18.435325776223483], [-93.19422773553897, 18.434829306637447], [-93.1940925175493, 18.434659518603503], [-93.19429514360654, 18.434645986545988], [-93.19421349461265, 18.434060364068067], [-93.19399008036241, 18.433950569102652], [-93.19432077437065, 18.43335891842351], [-93.19357680600159, 18.432815215273273], [-93.19010137473292, 18.432818724280374], [-93.18873847053247, 18.43319391751187], [-93.18836761506314, 18.43286511702353], [-93.18890261105136, 18.43266595612405], [-93.18897729757254, 18.431171706505825], [-93.18679279861762, 18.431162245383682], [-93.1867988595382, 18.433356110295698], [-93.18369275887282, 18.433292155655387], [-93.1836971239183, 18.437675854104352], [-93.19033437971504, 18.437878719525546], [-93.19029059709138, 18.440370008280965], [-93.18920915419461, 18.44089705652447], [-93.18919605821378, 18.44666442905601], [-93.18950008080263, 18.447556587501232], [-93.18993232356436, 18.448097168974485], [-93.1985948289222, 18.452887549856303], [-93.19826469040267, 18.453112754144513]]]}}, {"type": "Feature", "properties": {"CVEGEO": "27015", "CVE_ENT": "27", "NOMGEO": "Tabasco", "CVE_MUN": "015", "NOMMUN": "Tacotalpa", "cov_": 1988, "cov_id": 1989}, "geometry": {"type": "Polygon", "coordinates": [[[-92.89633807964839, 17.68919799925363], [-92.89538663004902, 17.68911856922707], [-92.89528240033613, 17.687874079194394], [-92.89272001973092, 17.68752839911396], [-92.89272877998982, 17.68696185920632], [-92.89351351976924, 17.68597422951396], [-92.89338459970996, 17.685765169482718], [-92.89232089036601, 17.685580119851284], [-92.89092466009276, 17.68582836910129], [-92.88957916986689, 17.68524939950098], [-92.88947835026633, 17.684284519910136], [-92.89046669043408, 17.6826545696598], [-92.88889215025922, 17.680925249531565], [-92.88787151997106, 17.68139977978024], [-92.88631449027181, 17.68134133975599], [-92.88410175022433, 17.674170479764655], [-92.87421575030251, 17.673149119432544], [-92.87590592033503, 17.660720889602125], [-92.87132576993635, 17.638545079315772], [-92.84271572048647, 17.635109509080706], [-92.83924581991774, 17.634698029464683], [-92.837618399983, 17.645105059354485], [-92.83651787987691, 17.64573734932152], [-92.83633338041486, 17.642530979129535], [-92.83607896985238, 17.642230689320588], [-92.83538513999338, 17.642059549133922], [-92.8348576002882, 17.641671819843694], [-92.83370856976589, 17.640386259076955], [-92.82978814035052, 17.641143619677695], [-92.82229988024193, 17.639094969325164], [-92.81273542011014, 17.644488909698097], [-92.8113717201802, 17.64517239939591], [-92.8109523801291, 17.64513153937192], [-92.81081581959543, 17.645408709156726], [-92.8101851498289, 17.645449219485933], [-92.81040237994829, 17.643103059105094], [-92.8108658496556, 17.641987629014217], [-92.81424722992826, 17.63984661988722], [-92.8153118003563, 17.638804739262916], [-92.81488952041947, 17.638789689106048], [-92.79521986007289, 17.646678339843103], [-92.79253105999474, 17.648014889566554], [-92.7886957699823, 17.647568859463956], [-92.78842981981217, 17.647282819525], [-92.78828960044936, 17.644522539042324], [-92.78856163000523, 17.64325365947173], [-92.78854788029273, 17.639427599311325], [-92.78605814979511, 17.64007485968767], [-92.78206607967428, 17.63759213929687], [-92.76137205041898, 17.626032489109736], [-92.7635637496525, 17.632256749257266], [-92.75627888968043, 17.631309659135205], [-92.74693830983415, 17.640149979711957], [-92.74626618022285, 17.644963019726795], [-92.73723937976715, 17.644336799430985], [-92.7376324197039, 17.638906779259806], [-92.73449172006772, 17.638684229259173], [-92.73467257031635, 17.63752933920544], [-92.73302484977772, 17.637447949383397], [-92.73349577956856, 17.635053289272303], [-92.72870545974841, 17.633769219054464], [-92.72858277000776, 17.641901629014527], [-92.72638297961126, 17.64180067966148], [-92.72537690973726, 17.64231990915508], [-92.72208652036541, 17.64256259984889], [-92.71888708028698, 17.64187910929506], [-92.71837055026761, 17.653221479191327], [-92.70895907962016, 17.65271004920592], [-92.70903784971443, 17.652247059354295], [-92.70513738048166, 17.651668879301287], [-92.68879855035804, 17.649645519434493], [-92.68455322983115, 17.649325418998675], [-92.68369342969767, 17.650852119675847], [-92.6777852500823, 17.648995369655687], [-92.68091919988888, 17.645887169135992], [-92.67404378029926, 17.644734709572276], [-92.67426053972481, 17.643758939357006], [-92.67412526005637, 17.643432769166363], [-92.67310888021663, 17.64288108918451], [-92.6679285502547, 17.642293459622266], [-92.66635144963384, 17.647846249459743], [-92.66608255013172, 17.649670049219985], [-92.66538599995894, 17.65110344955149], [-92.66411285039676, 17.6510333997066], [-92.66277497006513, 17.6518172298169], [-92.66164328015935, 17.650922149179177], [-92.65853844994615, 17.649105659513083], [-92.65708564984168, 17.64916051957691], [-92.65675434962402, 17.649559819439823], [-92.65590868025305, 17.65153108927443], [-92.65643372033561, 17.652014459640974], [-92.65602097968643, 17.652507919248663], [-92.65618074984046, 17.652932829178756], [-92.65446283015073, 17.65467399980192], [-92.65442637002975, 17.655508919105344], [-92.65517337002952, 17.65647828921477], [-92.65645920027725, 17.656680599623044], [-92.65759868977341, 17.656362749163783], [-92.65506786007104, 17.65977510903322], [-92.65449344981793, 17.660135429757393], [-92.65357226042849, 17.660262259684334], [-92.65294760008588, 17.659704369101142], [-92.65304094971683, 17.658488689287317], [-92.65277468006028, 17.657634949421052], [-92.65186408025914, 17.656070019562048], [-92.65114340001638, 17.65335530969841], [-92.65055961969819, 17.652523889526456], [-92.64951364956386, 17.652282379306286], [-92.64787894012655, 17.6526842895103], [-92.64727819958718, 17.652631349795342], [-92.64404662962089, 17.65167827937863], [-92.64323038034794, 17.65172396940947], [-92.64233737980604, 17.651318819100574], [-92.64153267989938, 17.65033956948542], [-92.63938895031689, 17.650088229490624], [-92.63918738038168, 17.649632719872272], [-92.63872965991695, 17.64987065936236], [-92.63826386029574, 17.649726779025997], [-92.63803328029331, 17.649209309223203], [-92.63839851007727, 17.647004419374788], [-92.63948387977476, 17.64343807959501], [-92.63962409045376, 17.642026629270696], [-92.64012765969399, 17.641543739749373], [-92.63999546015025, 17.641310889727304], [-92.63700526040583, 17.63983759904816], [-92.63633900020244, 17.63923077946559], [-92.63587290960437, 17.638042379751532], [-92.63622926023332, 17.6370445492185], [-92.63564600033696, 17.635220079719627], [-92.63541273990339, 17.63502201914502], [-92.63112131954209, 17.635471849607637], [-92.63067982978151, 17.63459811902018], [-92.62917937983347, 17.633722449351744], [-92.62851632023157, 17.632801119304215], [-92.62664762957561, 17.63135851926218], [-92.62674222972173, 17.630166199555738], [-92.6275819502923, 17.62898822989905], [-92.62965408016923, 17.62726994980219], [-92.6302466301737, 17.62653971926856], [-92.63049439974307, 17.6257852497707], [-92.63140677973034, 17.625197179470806], [-92.63131000043188, 17.624347709729506], [-92.63639219969522, 17.62516725959454], [-92.63861272026989, 17.60691041903079], [-92.63426857959668, 17.606363079788732], [-92.63454726024476, 17.60507999907712], [-92.62868729018791, 17.60451624950976], [-92.6289428797756, 17.602977049529247], [-92.62767508995593, 17.602756569628074], [-92.62678975016983, 17.606237459756027], [-92.6256878504295, 17.61277661986552], [-92.61558254011518, 17.611016679335524], [-92.61486956955765, 17.6144700193725], [-92.61351691958701, 17.613344549851938], [-92.61255910952865, 17.61216310984261], [-92.6126847197612, 17.61164419978444], [-92.61252282027723, 17.611033849790925], [-92.61145674010604, 17.610090599554493], [-92.60961648021897, 17.609826519854426], [-92.60913709038653, 17.609174749212553], [-92.60854794988497, 17.608969629283543], [-92.60711535007438, 17.606656779586075], [-92.60596893994529, 17.607051949548264], [-92.60583531009254, 17.605967249235835], [-92.60554510971399, 17.60562902988092], [-92.60586715003704, 17.604938919615886], [-92.59253323040731, 17.60557199984099], [-92.5902221704715, 17.60308411944547], [-92.59033369038929, 17.602889749928377], [-92.58856262941056, 17.60249552456961], [-92.58738916994443, 17.60116822975615], [-92.58621111983459, 17.60026182972161], [-92.58719700020232, 17.599339889097468], [-92.58782818040287, 17.597925509369432], [-92.58764031961994, 17.59719751965099], [-92.58678331023766, 17.59633368922841], [-92.58407697020156, 17.595267139092304], [-92.58219739985861, 17.59367639929228], [-92.58156257032252, 17.59354721957289], [-92.5813062801395, 17.59364091976851], [-92.58120714017087, 17.593970549717735], [-92.58197024958638, 17.594969549213644], [-92.58298790956397, 17.595684769171406], [-92.58291804967836, 17.596335779590067], [-92.58193076979866, 17.596840679114223], [-92.58042288972739, 17.596875249566185], [-92.5791575195966, 17.596132749154958], [-92.57952104977628, 17.593993029573877], [-92.57876786022277, 17.592397719126858], [-92.57850042981751, 17.592315599174913], [-92.57833402957645, 17.59252841899982], [-92.57772157969934, 17.593786879065053], [-92.57710596962927, 17.59383867971365], [-92.57428830972074, 17.592585119519317], [-92.57350999973387, 17.59180353939955], [-92.5735472201195, 17.591387419388404], [-92.57408857998685, 17.590649339344083], [-92.57408397961413, 17.590131689681602], [-92.57303677974234, 17.588343949308687], [-92.57284224996778, 17.587587919302248], [-92.57327740031737, 17.586309799695613], [-92.57453948031885, 17.585088019550966], [-92.5747831197238, 17.583623619000203], [-92.57419692000481, 17.58171102933363], [-92.57270718043812, 17.578731199134552], [-92.57299511958242, 17.578104289432627], [-92.57422255039177, 17.57741936952328], [-92.57443597975941, 17.57700321969609], [-92.57438518001203, 17.57586708965517], [-92.57465428012922, 17.575540849298804], [-92.57448987953126, 17.57506961947449], [-92.57485742988887, 17.572664709565192], [-92.55178222997408, 17.570037719111994], [-92.5516425498313, 17.56948804956418], [-92.55122847963719, 17.569287739560426], [-92.54960210974667, 17.57031337936691], [-92.54791432015449, 17.569908909355746], [-92.54720132000325, 17.569484859630204], [-92.54721874043325, 17.569193289578113], [-92.54769295014331, 17.56876679910014], [-92.54900311985274, 17.568627089840113], [-92.5490049996409, 17.568407879819947], [-92.54826021990532, 17.56777330939278], [-92.54690968030431, 17.567834029440814], [-92.5462605102578, 17.567364289727777], [-92.5456960901094, 17.56590759903593], [-92.54592404959114, 17.564911819601246], [-92.54667631045227, 17.56429397971834], [-92.54769646012808, 17.563831779387176], [-92.54815388964376, 17.56399957915833], [-92.54812268966175, 17.56463773972175], [-92.54852497034337, 17.564877819676973], [-92.55103745977434, 17.564890089471422], [-92.55124790966718, 17.56440970955674], [-92.55114820006293, 17.56387171960364], [-92.55032549025049, 17.56217204928834], [-92.55375710959062, 17.561080119617284], [-92.5537958796242, 17.560784999006906], [-92.55343313961197, 17.560497259759252], [-92.5508847197735, 17.56051364955071], [-92.55073822979472, 17.559055709794578], [-92.55124702962217, 17.557715139516546], [-92.55178237955582, 17.55727388979003], [-92.55215729039593, 17.55734865904088], [-92.55225278007212, 17.558957999335142], [-92.55244634006075, 17.55924070901731], [-92.55454264985288, 17.559178419803683], [-92.55635586005482, 17.558045939349437], [-92.55562091045881, 17.55700570946254], [-92.55409195029074, 17.556268379375613], [-92.5535423404636, 17.555727459490384], [-92.55325632007724, 17.553715859182336], [-92.55376257979769, 17.553615019657666], [-92.55428403023049, 17.554130309540362], [-92.55466982961778, 17.55386751936847], [-92.55516482967376, 17.55394771988998], [-92.55569802016329, 17.555293549497073], [-92.556001060292, 17.555122859655306], [-92.55619589018157, 17.554200519214927], [-92.55660831988723, 17.554293719478522], [-92.55823783032947, 17.55542679933534], [-92.55977189037084, 17.555239219727724], [-92.5598464796221, 17.55490288968142], [-92.5573018503183, 17.55269844939189], [-92.55747310994737, 17.551688949507295], [-92.55812762982497, 17.551739689019858], [-92.55869176974618, 17.553008349339862], [-92.55928025021294, 17.552915509546352], [-92.56018700013595, 17.55157162968327], [-92.560693370162, 17.55172493985037], [-92.56155749043546, 17.552824229895684], [-92.56197100015342, 17.552935339872136], [-92.56301528011377, 17.552037659819902], [-92.56371717958633, 17.551881019819803], [-92.56382771967799, 17.551670339881625], [-92.56364977989041, 17.551300829205303], [-92.5625797399335, 17.55068442948842], [-92.56249674984737, 17.550296419425102], [-92.56270354983542, 17.550099119576796], [-92.56401057985576, 17.549983369290686], [-92.56502774013208, 17.55028879902376], [-92.56530014986103, 17.549808379450916], [-92.56535916975676, 17.549563289552793], [-92.56487448974768, 17.54866699954853], [-92.56351291974971, 17.548136719701393], [-92.56283152040491, 17.548078489200158], [-92.56112817042828, 17.54867047941155], [-92.55932269020501, 17.54851494912039], [-92.55939232033373, 17.548159179212675], [-92.56075637954223, 17.54719987980143], [-92.56242003041771, 17.546585539062864], [-92.5630733496938, 17.545737819042255], [-92.56326118005852, 17.546019539283037], [-92.5714109198015, 17.549608619612208], [-92.57376616971456, 17.546670879463502], [-92.59342873981234, 17.524821819692875], [-92.59698968986544, 17.520359649242224], [-92.59230737014278, 17.512891599031935], [-92.59204833971967, 17.511875949733117], [-92.59234301967311, 17.509617249656326], [-92.59308982987713, 17.506420689622214], [-92.59391433959551, 17.505109649318577], [-92.59465605008185, 17.50445914955103], [-92.59740122011199, 17.502812199124936], [-92.59990143000658, 17.50080001930849], [-92.59439340001516, 17.49424397912897], [-92.59404331987776, 17.49344656960469], [-92.5940636603203, 17.492952229096424], [-92.59476267980088, 17.491511279822948], [-92.59624557981238, 17.489970089845098], [-92.59725999974886, 17.488174519845085], [-92.59958750986202, 17.484978599631965], [-92.60058208992274, 17.483700059677403], [-92.60172598041073, 17.482679199592393], [-92.60208821969584, 17.482017449621885], [-92.60325799962528, 17.481161119820406], [-92.6058251398569, 17.47737573971806], [-92.60831095041944, 17.475567739456867], [-92.60972688028048, 17.47482710967615], [-92.61130962027948, 17.47352034982972], [-92.61655411022386, 17.47030210986456], [-92.6191446600364, 17.46929325961798], [-92.62267785965557, 17.46670021979583], [-92.62433803023956, 17.465863399369272], [-92.63065917010377, 17.465271949781084], [-92.6378115202155, 17.463661449206274], [-92.6398895702303, 17.463692169238325], [-92.64135902969026, 17.463492139065547], [-92.64886586024492, 17.460699419439674], [-92.65246825008956, 17.45808431955471], [-92.65453248998195, 17.455662599828514], [-92.65812323021667, 17.445918949871444], [-92.65887648043726, 17.44461719937757], [-92.6589563996243, 17.444757569255934], [-92.6592718801296, 17.44461882959479], [-92.65940827955488, 17.444284739253366], [-92.65960901959964, 17.445376859044977], [-92.66344902992688, 17.452088569423886], [-92.66579586023344, 17.456846749638895], [-92.66678869044007, 17.4570978292531], [-92.66818515044102, 17.456694569512532], [-92.66807135018172, 17.455068179890382], [-92.66746423036109, 17.452933429516996], [-92.66738573989268, 17.451286509655116], [-92.66769928013913, 17.450212679358785], [-92.66777872036673, 17.44851719978816], [-92.66790537036741, 17.42595482946714], [-92.6699547801345, 17.42172844966444], [-92.67033845023661, 17.42151407954904], [-92.67249587997193, 17.418008799805282], [-92.67409991040515, 17.415258279504904], [-92.674595349595, 17.41384671975125], [-92.67486617038733, 17.41351419924061], [-92.67514344966155, 17.41361374965111], [-92.67591245962925, 17.41260921975332], [-92.67586116969869, 17.41225324929369], [-92.67623874966746, 17.411619419727327], [-92.67582766033976, 17.410813619219436], [-92.67632677971199, 17.4100271195905], [-92.67613269006763, 17.4088969390563], [-92.67701831019161, 17.406232509325154], [-92.67803893987296, 17.401271969465466], [-92.67782062969432, 17.401093909306468], [-92.67851537955548, 17.397749349830974], [-92.67855104997881, 17.390741679621886], [-92.67893777978291, 17.38516104899801], [-92.67877005971313, 17.38352476975243], [-92.67770274028678, 17.379988619785333], [-92.67879428032515, 17.378838679651615], [-92.67876503002786, 17.378493569887603], [-92.67991237040165, 17.378055649670095], [-92.68057215009789, 17.377563419548164], [-92.681002889619, 17.37760134901741], [-92.68125626012741, 17.37707553903062], [-92.68221874007673, 17.37719041902323], [-92.68332517958386, 17.376779519286636], [-92.68603408007527, 17.375115659210163], [-92.68727537008462, 17.37409277953629], [-92.68897591027925, 17.373249249075727], [-92.69113556974575, 17.372614549249253], [-92.69427033966326, 17.37124865970327], [-92.69478123033088, 17.370455599520454], [-92.69623232040117, 17.36923528990656], [-92.6970606001625, 17.36974339942613], [-92.69811977040999, 17.36826344930186], [-92.69988840020015, 17.36680053921635], [-92.70160120038685, 17.364999079295735], [-92.70292302024677, 17.364217679105828], [-92.70478062962856, 17.36328936901614], [-92.70524902978038, 17.36384290917025], [-92.70647821987738, 17.363271649517472], [-92.70660281965431, 17.363480979098693], [-92.70727210973715, 17.363241149055188], [-92.70749636994026, 17.36358602940587], [-92.70851934009193, 17.363407539901527], [-92.70952628960296, 17.362419849736803], [-92.71149027932059, 17.36100960035048], [-92.71271716970064, 17.3605167495603], [-92.7153886497872, 17.358548259375187], [-92.71692954017915, 17.35783067970118], [-92.71798142963513, 17.35642365920925], [-92.71854759980043, 17.35598114955878], [-92.71851941957978, 17.355452649475264], [-92.72037885981601, 17.3553355993604], [-92.72505503002616, 17.351362549723493], [-92.72688157956823, 17.350221019291965], [-92.72950834022163, 17.34812850960765], [-92.73048940035464, 17.347988479220987], [-92.73099674042317, 17.348244179466395], [-92.73259792012554, 17.348118979586978], [-92.73407025045842, 17.34749851919756], [-92.73586092004584, 17.347053349516585], [-92.73988314023586, 17.3465403092279], [-92.75175521975653, 17.343658109861806], [-92.75418020019355, 17.34329865976179], [-92.75500625961662, 17.343406969331486], [-92.75561174993962, 17.34377591953941], [-92.75610164971383, 17.344734569495415], [-92.75601585977523, 17.347104659584563], [-92.75747758011586, 17.348621689907787], [-92.7583286000026, 17.34911313976339], [-92.75839622028982, 17.349624579600274], [-92.75760797011907, 17.350354089695045], [-92.75879211973154, 17.355721709188078], [-92.75846424993733, 17.357499919860416], [-92.75873741971547, 17.358197779336646], [-92.76357665967457, 17.358562539442026], [-92.76551482030514, 17.35917759934106], [-92.7688545503423, 17.35972622942025], [-92.77066330989365, 17.36039631921371], [-92.76926548992911, 17.365135539616876], [-92.76925445032909, 17.3671812590885], [-92.77001767994886, 17.368047909777253], [-92.76916973967361, 17.370844719586486], [-92.7685663997145, 17.373736859054286], [-92.76838391027795, 17.375830779363415], [-92.7670565500314, 17.381237889568215], [-92.76729038015328, 17.38340441911155], [-92.76877118018973, 17.386188919609726], [-92.7702962801131, 17.387113459614493], [-92.77095121965009, 17.388842649875315], [-92.77140934033287, 17.389214399509154], [-92.77310746007335, 17.38949351909531], [-92.77340996971708, 17.390704369714538], [-92.7743680199893, 17.392252539832345], [-92.77493466047864, 17.392278179258227], [-92.77606304968695, 17.39347331909656], [-92.77943296996995, 17.396007859829048], [-92.78051775006648, 17.39718816964037], [-92.78191597014327, 17.39801144929775], [-92.7837698195766, 17.399687399017804], [-92.79000173999108, 17.404170229887946], [-92.79079422973278, 17.404985139640186], [-92.79055082037183, 17.406028629612187], [-92.78998700042837, 17.406490029882036], [-92.79006939987727, 17.40750227949454], [-92.7898734901144, 17.408343249706935], [-92.78863203005626, 17.409638019728284], [-92.78874959990654, 17.410221279816433], [-92.78825254965645, 17.411536999853343], [-92.78753520034557, 17.412781079659794], [-92.78700533968647, 17.412396619338264], [-92.78622011003, 17.413168779656175], [-92.7868665097319, 17.414095979203168], [-92.7856482897332, 17.41458722973427], [-92.78575525972268, 17.41613184958688], [-92.78519052023381, 17.41665793904906], [-92.78579470985403, 17.417527289480805], [-92.78606768963154, 17.417614488999856], [-92.78630818036861, 17.417249489707274], [-92.78693368006141, 17.41694279902405], [-92.78757131030007, 17.41709959985002], [-92.78857126031988, 17.416340049444912], [-92.79105428978943, 17.415010139852637], [-92.79581530997625, 17.414091029596953], [-92.79839840016236, 17.413168199036164], [-92.7995899096503, 17.413400569122526], [-92.80016374033492, 17.413844519708885], [-92.80269074012581, 17.41198124962606], [-92.80627730960467, 17.410562139084067], [-92.81027462028551, 17.410328889847246], [-92.81102113962666, 17.410989979404977], [-92.81293254965055, 17.410369089233587], [-92.8207948902968, 17.409056689489923], [-92.82422803046897, 17.408647879349434], [-92.82822223040841, 17.4088060896662], [-92.82939960045789, 17.408599339499393], [-92.83056529020972, 17.406287279899498], [-92.83064291048724, 17.405006799163168], [-92.83037588045168, 17.40438067972269], [-92.82948874963344, 17.403519119600837], [-92.82950253976915, 17.40219971979901], [-92.82894373971524, 17.401138519115673], [-92.82904154982795, 17.3997626191875], [-92.82758174008659, 17.398953849257044], [-92.82859221984374, 17.396627459095242], [-92.82875083007696, 17.39637184983566], [-92.82921631978921, 17.39630048944338], [-92.83115867986814, 17.399124379713538], [-92.8380742797388, 17.403530109073223], [-92.84064170975175, 17.40483501962388], [-92.84624638029159, 17.406552579297585], [-92.84964657006776, 17.40800202928141], [-92.8515540001403, 17.408951119676104], [-92.85367762010324, 17.410889319707266], [-92.85426446046489, 17.411197629477016], [-92.85619101985256, 17.418876219638342], [-92.85064527999337, 17.420312139190585], [-92.8445376298112, 17.42132202932687], [-92.84267528965883, 17.42122013959958], [-92.83786907965869, 17.421694079342], [-92.83397174962438, 17.421724709802888], [-92.83173777975324, 17.422491719628585], [-92.82582474977808, 17.423784219746956], [-92.82227976957333, 17.427110249322887], [-92.82124266027661, 17.428752859030176], [-92.8201775399933, 17.43114828906617], [-92.81948071005085, 17.433404139841], [-92.8194695397617, 17.435804109041854], [-92.82098087953312, 17.442892979878796], [-92.82237960012536, 17.44786370929963], [-92.82263953967731, 17.449958949558283], [-92.822255720104, 17.45220162959998], [-92.8229527504532, 17.452615999210845], [-92.82647023004972, 17.453036149092082], [-92.82690888986649, 17.453627199139024], [-92.8275348895919, 17.455938749477102], [-92.82793234984538, 17.459709689854026], [-92.82801491993607, 17.467365879351426], [-92.82831756961727, 17.470500339192984], [-92.8287728000261, 17.47262259911467], [-92.82959646020252, 17.474699539711846], [-92.83062628032532, 17.4796042194989], [-92.83155248034201, 17.480857169221515], [-92.83353290954133, 17.482043889316788], [-92.83269755034874, 17.484208119845277], [-92.82709041994151, 17.488822689009446], [-92.82674057002806, 17.489693349706336], [-92.82617676974624, 17.490275079466816], [-92.82600116996012, 17.491055219236163], [-92.82654380039438, 17.493760109070873], [-92.82785599970087, 17.496870139798048], [-92.82753925000559, 17.500483249462068], [-92.8286607200622, 17.500636969862967], [-92.82870220037053, 17.502681679917956], [-92.82823154005672, 17.50468508937813], [-92.82931743006851, 17.505431429839195], [-92.8310784295553, 17.50874282973246], [-92.83213668990227, 17.50935293948116], [-92.83418803011578, 17.51229402916919], [-92.8341434895774, 17.514550309693096], [-92.8334654802201, 17.520511769622384], [-92.8350432899641, 17.51956867944697], [-92.83937021958359, 17.525339649524557], [-92.84091742985925, 17.52681597961516], [-92.84389048950923, 17.529181769840047], [-92.8443707196673, 17.529180879231497], [-92.84695862037987, 17.53088701933301], [-92.84821781982033, 17.533972229385927], [-92.8475819502705, 17.534785539301495], [-92.84871304994662, 17.53450104941611], [-92.84987737010465, 17.533356419125937], [-92.85148336994402, 17.53290499968706], [-92.85180862041359, 17.533963819407013], [-92.85139643033314, 17.534377879182202], [-92.8521665100569, 17.53449302919766], [-92.85301447991662, 17.533920229442423], [-92.85331686022393, 17.532793569850057], [-92.85421089030895, 17.532715539805572], [-92.8545213797506, 17.53358513971754], [-92.85477058038282, 17.533952829219587], [-92.85508788980685, 17.53402741989527], [-92.85514839958925, 17.534661579581154], [-92.85589162020841, 17.534799799741737], [-92.85663863045093, 17.53553542959468], [-92.86248770996104, 17.542141999859165], [-92.85898348989743, 17.544599109655014], [-92.86506916985809, 17.561685319610053], [-92.86519591979499, 17.564326629820247], [-92.86386608005732, 17.56648197946989], [-92.86346752024771, 17.567878689104255], [-92.86114214968043, 17.571968779238897], [-92.86223770956417, 17.5742301393178], [-92.86118921981254, 17.574760169690222], [-92.86156467975094, 17.576839949119773], [-92.86438377991946, 17.580387749423725], [-92.86475091020253, 17.581796229887903], [-92.8646539202652, 17.582457709672966], [-92.86378559955743, 17.584432889698878], [-92.86103290986026, 17.587334549148302], [-92.86049966007882, 17.589494479161424], [-92.86162111029712, 17.59230641916138], [-92.86156788017294, 17.59268691953469], [-92.87158426023834, 17.593934889631527], [-92.87282732006119, 17.59362024978308], [-92.87333618033581, 17.593262969895832], [-92.87599780013126, 17.606710999230913], [-92.88889746000095, 17.607153779814553], [-92.89374986023753, 17.611777339669093], [-92.89625769025464, 17.614897659203184], [-92.90571464988018, 17.623508579405552], [-92.9052222499152, 17.62569630954606], [-92.9096411500962, 17.636407489496747], [-92.90094977963567, 17.6401161793307], [-92.90200275038238, 17.642400339518023], [-92.90087891013752, 17.642871279227027], [-92.9032407996492, 17.64729097940649], [-92.90428158007109, 17.64682341955264], [-92.90499215016503, 17.64786339960146], [-92.90538513983657, 17.647728319543944], [-92.90591387996729, 17.648840419411105], [-92.90748072002451, 17.648372139470972], [-92.90806363029218, 17.65086853989097], [-92.90915624958572, 17.650631229882435], [-92.90994319975186, 17.653155769083174], [-92.91262215036998, 17.65320570989755], [-92.9125279197819, 17.660843419613656], [-92.91106435000067, 17.662901179581365], [-92.91072870981642, 17.66265264983705], [-92.9101130902684, 17.663439199637768], [-92.91067478013416, 17.663875719412673], [-92.90961065010676, 17.665552179066133], [-92.91040146014365, 17.666227119784775], [-92.90899322973848, 17.667495879768833], [-92.91018743014503, 17.668799309134894], [-92.90892238033295, 17.670132219833828], [-92.90846677973367, 17.66964959984411], [-92.90710206002406, 17.6708205190534], [-92.90786328035362, 17.67164087948804], [-92.90651046039251, 17.672781149098725], [-92.90519445040408, 17.671378539569876], [-92.90464990961776, 17.67213121977275], [-92.9051319703683, 17.672675089211815], [-92.90355379988723, 17.67380334974587], [-92.90134284996708, 17.67144596966524], [-92.89902161982008, 17.6782367493005], [-92.90296406009563, 17.679206369851848], [-92.90214760009141, 17.680361259623826], [-92.89993847999396, 17.679823399376563], [-92.90002645986652, 17.681004139355345], [-92.89939002973496, 17.683617509506927], [-92.89866463008798, 17.689188089653005], [-92.8977647495624, 17.689101149104363], [-92.89686154022839, 17.688626539481476], [-92.89633807964839, 17.68919799925363]]]}}, {"type": "Feature", "properties": {"CVEGEO": "27016", "CVE_ENT": "27", "NOMGEO": "Tabasco", "CVE_MUN": "016", "NOMMUN": "Teapa", "cov_": 1997, "cov_id": 1998}, "geometry": {"type": "Polygon", "coordinates": [[[-92.91105597988675, 17.768507819302766], [-92.91022536963646, 17.768434349845943], [-92.91070814952936, 17.765611919635113], [-92.91063295017744, 17.76467061983766], [-92.90993281957917, 17.76322611901654], [-92.90900089033849, 17.762682089167], [-92.90837117043067, 17.76289873987706], [-92.90729049008115, 17.762908689624904], [-92.90575929012759, 17.762574509379668], [-92.89515342978856, 17.761731279296157], [-92.89120586000622, 17.761435349279942], [-92.89008900028848, 17.76154197982913], [-92.88931183019974, 17.76117459977809], [-92.88970249030534, 17.75621087909217], [-92.8918991097747, 17.750485679088943], [-92.892836289984, 17.741541949876183], [-92.89354251958781, 17.740665999129618], [-92.89615753999588, 17.743695179728345], [-92.90038400017852, 17.742242749467184], [-92.90038929046372, 17.74333636904349], [-92.9050072798649, 17.74334299910148], [-92.907531219697, 17.743189119850573], [-92.91429673991969, 17.74208979971359], [-92.9141289796999, 17.740995519058362], [-92.91314406024452, 17.740419859051055], [-92.91302057015224, 17.740161779373913], [-92.9131893802473, 17.738573249412475], [-92.91220251970924, 17.73696470963631], [-92.91269499978242, 17.73650024903308], [-92.91352665962461, 17.73640785929909], [-92.91377084974724, 17.736198419267463], [-92.91362182970444, 17.735551509433357], [-92.91269577041642, 17.734110259617413], [-92.91298675036658, 17.73263622934217], [-92.9127377203345, 17.730592719640093], [-92.91293245992938, 17.729614579433452], [-92.91258897960185, 17.72877076946969], [-92.9125406300706, 17.72787405972225], [-92.91122786038179, 17.72628077905252], [-92.9096598497361, 17.72577810983905], [-92.90932314035743, 17.72464374903643], [-92.9083311698839, 17.72376013981069], [-92.90786673979717, 17.723050879291808], [-92.90732971961437, 17.721107819651344], [-92.90680332045633, 17.720272769161696], [-92.90688571983826, 17.719933569102025], [-92.90789900011282, 17.719567309779634], [-92.9081900003046, 17.718592219110423], [-92.90767857975156, 17.717365139452873], [-92.9064738304435, 17.715940539518076], [-92.90602608988922, 17.71387134968293], [-92.9052747500231, 17.712424349355516], [-92.90512005980271, 17.71170074943551], [-92.90533681994395, 17.709636709212145], [-92.90489131956159, 17.70704139913333], [-92.90445771014676, 17.705784739605495], [-92.90400846032806, 17.705528879364028], [-92.90316834954918, 17.705971619698317], [-92.90287994017092, 17.705716119711653], [-92.90282811983253, 17.705089689449306], [-92.9041354804538, 17.703817219536962], [-92.90487207975757, 17.703404829797982], [-92.9051183698193, 17.70214621912887], [-92.90547346026148, 17.701482119547897], [-92.90513381986895, 17.701006849084973], [-92.9041410300966, 17.701358399854772], [-92.90381780048367, 17.70125822931846], [-92.90363124957283, 17.700853829846675], [-92.90371003013955, 17.700410909440834], [-92.90437529008426, 17.699892859138192], [-92.90535056959561, 17.698530289066213], [-92.90537718040775, 17.69793828991216], [-92.90452782986338, 17.69607413907026], [-92.90382653962236, 17.695907949622352], [-92.90278384987232, 17.69633997924724], [-92.90220615043906, 17.69619410972329], [-92.90208314985554, 17.69587573941669], [-92.90263933959405, 17.694378579311106], [-92.90270746023205, 17.693027779754807], [-92.90317702035802, 17.692685719091347], [-92.90387371006295, 17.69271661954992], [-92.904154489556, 17.692916029079193], [-92.90428917033238, 17.693536579674486], [-92.90373522030296, 17.69466508929887], [-92.90420319979347, 17.69494494975842], [-92.9057928298871, 17.69391579960856], [-92.90610417963887, 17.69319681926461], [-92.9059557196118, 17.692529319090657], [-92.90567057024342, 17.691743379452586], [-92.90481542972074, 17.690803169009765], [-92.90354304968044, 17.69049016928192], [-92.90219481979355, 17.689023379023673], [-92.90123644959858, 17.68891453963281], [-92.89866463008798, 17.689188089653005], [-92.89939002973496, 17.683617509506927], [-92.90002645986652, 17.681004139355345], [-92.89993847999396, 17.679823399376563], [-92.90214760009141, 17.680361259623826], [-92.90296406009563, 17.679206369851848], [-92.89902161982008, 17.6782367493005], [-92.90134284996708, 17.67144596966524], [-92.90355379988723, 17.67380334974587], [-92.9051319703683, 17.672675089211815], [-92.90464990961776, 17.67213121977275], [-92.90519445040408, 17.671378539569876], [-92.90651046039251, 17.672781149098725], [-92.90786328035362, 17.67164087948804], [-92.90710206002406, 17.6708205190534], [-92.90846677973367, 17.66964959984411], [-92.90892238033295, 17.670132219833828], [-92.91018743014503, 17.668799309134894], [-92.90899322973848, 17.667495879768833], [-92.91040146014365, 17.666227119784775], [-92.90961065010676, 17.665552179066133], [-92.91067478013416, 17.663875719412673], [-92.9101130902684, 17.663439199637768], [-92.91072870981642, 17.66265264983705], [-92.91106435000067, 17.662901179581365], [-92.9125279197819, 17.660843419613656], [-92.91262215036998, 17.65320570989755], [-92.90994319975186, 17.653155769083174], [-92.90915624958572, 17.650631229882435], [-92.90806363029218, 17.65086853989097], [-92.90748072002451, 17.648372139470972], [-92.90591387996729, 17.648840419411105], [-92.90538513983657, 17.647728319543944], [-92.90499215016503, 17.64786339960146], [-92.90428158007109, 17.64682341955264], [-92.9032407996492, 17.64729097940649], [-92.90087891013752, 17.642871279227027], [-92.90200275038238, 17.642400339518023], [-92.90094977963567, 17.6401161793307], [-92.9096411500962, 17.636407489496747], [-92.9052222499152, 17.62569630954606], [-92.90571464988018, 17.623508579405552], [-92.89625769025464, 17.614897659203184], [-92.89374986023753, 17.611777339669093], [-92.88889746000095, 17.607153779814553], [-92.87599780013126, 17.606710999230913], [-92.87333618033581, 17.593262969895832], [-92.87282732006119, 17.59362024978308], [-92.87158426023834, 17.593934889631527], [-92.86156788017294, 17.59268691953469], [-92.86162111029712, 17.59230641916138], [-92.86049966007882, 17.589494479161424], [-92.86103290986026, 17.587334549148302], [-92.86378559955743, 17.584432889698878], [-92.8646539202652, 17.582457709672966], [-92.86475091020253, 17.581796229887903], [-92.86438377991946, 17.580387749423725], [-92.86156467975094, 17.576839949119773], [-92.86118921981254, 17.574760169690222], [-92.86223770956417, 17.5742301393178], [-92.86114214968043, 17.571968779238897], [-92.86346752024771, 17.567878689104255], [-92.86386608005732, 17.56648197946989], [-92.86519591979499, 17.564326629820247], [-92.86506916985809, 17.561685319610053], [-92.85898348989743, 17.544599109655014], [-92.86248770996104, 17.542141999859165], [-92.85663863045093, 17.53553542959468], [-92.85589162020841, 17.534799799741737], [-92.85514839958925, 17.534661579581154], [-92.85508788980685, 17.53402741989527], [-92.85477058038282, 17.533952829219587], [-92.8545213797506, 17.53358513971754], [-92.85421089030895, 17.532715539805572], [-92.85331686022393, 17.532793569850057], [-92.85301447991662, 17.533920229442423], [-92.8521665100569, 17.53449302919766], [-92.85139643033314, 17.534377879182202], [-92.85180862041359, 17.533963819407013], [-92.85148336994402, 17.53290499968706], [-92.84987737010465, 17.533356419125937], [-92.84871304994662, 17.53450104941611], [-92.8475819502705, 17.534785539301495], [-92.84821781982033, 17.533972229385927], [-92.84695862037987, 17.53088701933301], [-92.8443707196673, 17.529180879231497], [-92.84389048950923, 17.529181769840047], [-92.84091742985925, 17.52681597961516], [-92.83937021958359, 17.525339649524557], [-92.8350432899641, 17.51956867944697], [-92.8334654802201, 17.520511769622384], [-92.83428116989819, 17.51294957905119], [-92.83413224983832, 17.512087769207433], [-92.83213668990227, 17.50935293948116], [-92.8310784295553, 17.50874282973246], [-92.82931743006851, 17.505431429839195], [-92.82823154005672, 17.50468508937813], [-92.82870220037053, 17.502681679917956], [-92.8286607200622, 17.500636969862967], [-92.82753925000559, 17.500483249462068], [-92.82785599970087, 17.496870139798048], [-92.82654380039438, 17.493760109070873], [-92.82600116996012, 17.491055219236163], [-92.82617676974624, 17.490275079466816], [-92.82674057002806, 17.489693349706336], [-92.82709041994151, 17.488822689009446], [-92.83269755034874, 17.484208119845277], [-92.83353290954133, 17.482043889316788], [-92.83390200023089, 17.482187649381583], [-92.83451761967187, 17.481813709025822], [-92.83584985010135, 17.480524509227624], [-92.835486679734, 17.479556949121058], [-92.83431695049839, 17.477925949055784], [-92.83429498013386, 17.4774311690847], [-92.8347430599776, 17.476231949615165], [-92.83568141991013, 17.475152879694974], [-92.83730580011704, 17.47431264954664], [-92.83927220027579, 17.473780279362195], [-92.84180666018108, 17.472567459529], [-92.84702564993297, 17.46957708950821], [-92.84864845968954, 17.469019429053276], [-92.84987592032381, 17.468978139422017], [-92.85102479963479, 17.46990225925349], [-92.85323825011464, 17.473846619442323], [-92.85568949019873, 17.478965939703816], [-92.85649198034751, 17.485616509399346], [-92.8589374799477, 17.497099879585015], [-92.85942208960148, 17.498350619095255], [-92.85931113977134, 17.499051419774283], [-92.8598087502674, 17.500281549835186], [-92.86218547963983, 17.501968399626342], [-92.86527255017889, 17.503532979136597], [-92.86618975025353, 17.504327309053018], [-92.86805442010731, 17.504896949127744], [-92.87069842969227, 17.505308659603024], [-92.87185365973784, 17.505962649000942], [-92.8778783498014, 17.507981379017203], [-92.88320445966406, 17.50932748944412], [-92.8859367400422, 17.510225579201965], [-92.88735617040312, 17.51046353988192], [-92.88829637014382, 17.51010373981163], [-92.89395628032169, 17.50575410991793], [-92.89580799967452, 17.503997289802825], [-92.89682644978578, 17.503403279649884], [-92.89806204993599, 17.50300168909119], [-92.89909805005605, 17.502761379096892], [-92.90206607959746, 17.502909619623694], [-92.90455030958215, 17.50327273965199], [-92.90500751034571, 17.50391688990825], [-92.90611536984373, 17.50482539978824], [-92.90729191038248, 17.50520274063857], [-92.90799537994312, 17.504021599537307], [-92.90873134013617, 17.50373177936672], [-92.90911587980125, 17.50286250961341], [-92.91003176987225, 17.50283637938169], [-92.91065597030881, 17.502372419049767], [-92.91076725040689, 17.50162414918425], [-92.90998072002772, 17.50053524965016], [-92.9099671496836, 17.500077979851127], [-92.91034841981673, 17.499483549743463], [-92.91080173985567, 17.499241249269627], [-92.91120535003155, 17.499573769750352], [-92.91162977046324, 17.498820949411257], [-92.91293754047128, 17.498213059274807], [-92.91629468037246, 17.49890287984897], [-92.91612346035178, 17.4994119794308], [-92.91683131992852, 17.499779779731437], [-92.91737165028735, 17.500366819059913], [-92.91838895019309, 17.500803769289753], [-92.92046113977968, 17.50267779921923], [-92.92969178049354, 17.502750339052618], [-92.9378724596654, 17.50264682921437], [-92.93919943014093, 17.502447309628494], [-92.93948334010155, 17.50217984984539], [-92.93945183020519, 17.501399339895563], [-92.93869184985572, 17.50039911954652], [-92.93850240004446, 17.49981387974736], [-92.9387552297087, 17.499536219386215], [-92.9398454898866, 17.499981919859025], [-92.9402974296925, 17.499940379629564], [-92.94030294003522, 17.49942797969689], [-92.93969154012098, 17.49835676976509], [-92.94069518035067, 17.49735168957489], [-92.94149558007146, 17.497022199185036], [-92.9417984499324, 17.49663114924492], [-92.94177487978317, 17.496161219340795], [-92.9409316801562, 17.49483070985013], [-92.94113719978941, 17.49398264904886], [-92.94219585009681, 17.493174169214225], [-92.94228769011961, 17.492889479693726], [-92.94195655016256, 17.492368919202615], [-92.94155364965866, 17.49078108925987], [-92.94209502985824, 17.490011349353352], [-92.94335489036692, 17.48963850929832], [-92.9434909696148, 17.48816076980934], [-92.9444810499352, 17.487266599371207], [-92.94443998034887, 17.486871969103355], [-92.94393126029622, 17.486654679724513], [-92.94366360024937, 17.486137029088297], [-92.94393350961838, 17.485721709147057], [-92.94473488968161, 17.485340369414395], [-92.9447287403251, 17.48491004990118], [-92.94439505042263, 17.484476369461074], [-92.94484356994738, 17.48304234913284], [-92.94524082986263, 17.482796249820037], [-92.94644124992482, 17.48285021983838], [-92.94691770971905, 17.482133779202673], [-92.9481198302127, 17.48274301916664], [-92.94907765027885, 17.48372897977793], [-92.95273513989594, 17.48654428953025], [-92.95484561959002, 17.487880829506402], [-92.95568050964454, 17.488655339549386], [-92.955449149901, 17.489604659479518], [-92.9559035795965, 17.490766419695998], [-92.95806751975269, 17.49197422920834], [-92.95796877989612, 17.492931339019464], [-92.95877995041367, 17.494058659806058], [-92.95892819979845, 17.49462281926408], [-92.95900757973243, 17.497397859211414], [-92.96257832035275, 17.50326554914688], [-92.96286232011552, 17.504559629201417], [-92.9625255696929, 17.50524670914516], [-92.96246382044683, 17.506379089647968], [-92.9626934304326, 17.507178539245114], [-92.96405782973108, 17.50839136941594], [-92.96570101980616, 17.510403139763017], [-92.96607883003757, 17.511271879649495], [-92.9666385696435, 17.515392739072407], [-92.96737291980564, 17.51743693900574], [-92.96804211979531, 17.517972719431246], [-92.97040635026492, 17.51844479910951], [-92.97506458001624, 17.518638739862816], [-92.9747520202943, 17.517674059572872], [-92.9748880900048, 17.516953879406337], [-92.9754889103604, 17.516397249324434], [-92.97724125026495, 17.516073339098345], [-92.97839411997089, 17.514812339642813], [-92.97864380003158, 17.51419076976743], [-92.97842488021557, 17.512990549465474], [-92.978659150475, 17.512591029211], [-92.98118642048944, 17.512052249211546], [-92.98341337970204, 17.511842679164484], [-92.9848734197658, 17.51130785903982], [-92.98563478010998, 17.515170219150352], [-92.98458838021148, 17.515880889717742], [-92.98299669039237, 17.518913919054043], [-92.98416310989062, 17.520243399255833], [-92.98830215028399, 17.52350368924809], [-92.99002857009252, 17.526363289857777], [-92.99048379989748, 17.5275613199033], [-92.99264832044145, 17.53001571945914], [-92.99085031982739, 17.531943369440313], [-92.98795130998748, 17.5320427091283], [-92.98483590984382, 17.532592119819995], [-92.98219067996055, 17.53344339950508], [-92.98094592022333, 17.534257309812148], [-92.98016734011206, 17.53499588908666], [-92.97975736972947, 17.53573085909614], [-92.9804896803626, 17.537562829719484], [-92.98734985993086, 17.54013617949002], [-92.9883706004108, 17.541352229200033], [-92.98938219953185, 17.544006659836857], [-92.98858806013578, 17.547881429268255], [-92.98793562033067, 17.54892531933394], [-92.98801667978874, 17.549608309236476], [-92.9883404803187, 17.55000594906359], [-92.9905758002254, 17.551182429279176], [-92.99192109044796, 17.551071279461457], [-92.9938031196622, 17.5505650897882], [-92.99454448018817, 17.550935019603536], [-92.9965400300126, 17.551363279662734], [-92.99673894021672, 17.551573509912792], [-92.99764777981265, 17.551517349558075], [-92.99805915025482, 17.552126749032425], [-92.99859022981933, 17.55216302959659], [-92.9989563504567, 17.552675399439664], [-92.99949091037114, 17.55252799932981], [-92.99976184981693, 17.551952479125426], [-93.00006205997829, 17.55193142971457], [-93.00081628977992, 17.55253501941105], [-93.00075176977109, 17.553276219642786], [-93.00095493966579, 17.55348545982342], [-93.0023548196039, 17.553755029810056], [-93.00363204997927, 17.55506556906489], [-93.00464988976412, 17.5551708291117], [-93.00473043029608, 17.554525109854588], [-93.00533090973569, 17.5549251493736], [-93.00599357037741, 17.556435369038926], [-93.00561417003102, 17.558269179908063], [-93.00581002014496, 17.559282770584332], [-93.00631921965024, 17.5596081102046], [-93.00732449001887, 17.559532979389747], [-93.00769397974865, 17.5613313191773], [-93.0070237689481, 17.561435419626637], [-93.00676565918825, 17.562434720519242], [-93.00720001998133, 17.562840220384555], [-93.00651454965849, 17.563220000115916], [-93.00575735013746, 17.56434625019955], [-93.00608374945875, 17.564659060217693], [-93.0067887696127, 17.56453390987378], [-93.00657988897413, 17.565259689652542], [-93.00711521940215, 17.565422350388545], [-93.00711521887288, 17.565647599029365], [-93.00600548976632, 17.566561120333127], [-93.00583424943203, 17.567405420096616], [-93.00525979957672, 17.567855910492533], [-93.00510313984464, 17.568519139493596], [-93.00448884867902, 17.56917381934213], [-93.00537670887077, 17.570262460625898], [-93.00548313998438, 17.571170830755467], [-93.006149020024, 17.571408569274006], [-93.00584873986602, 17.571834029925174], [-93.00599236869968, 17.572447200181955], [-93.00522208030966, 17.573686059233996], [-93.00519597981024, 17.57449942961353], [-93.0044125792023, 17.575012520384888], [-93.0042428797599, 17.575875949523056], [-93.0043427785749, 17.5760562601027], [-93.00523253997582, 17.57611644906657], [-93.00592341978049, 17.57668825941317], [-93.00435165000266, 17.577631139502163], [-93.00453951018498, 17.57810064944591], [-93.0057059498699, 17.57865953988523], [-93.00581296952463, 17.578890289602615], [-93.00559360010118, 17.57914154954652], [-93.00449674023236, 17.579023649646007], [-93.00443254027456, 17.57949539961641], [-93.0048557195864, 17.579866289830242], [-93.00551517978822, 17.579535229330947], [-93.0060176597809, 17.579545249216096], [-93.0061157098615, 17.58066294949068], [-93.00709973963237, 17.581495579366365], [-93.00831344967024, 17.581617229122806], [-93.00863454042931, 17.581186379916964], [-93.00963458017031, 17.581203919795534], [-93.00977220005255, 17.581098419581675], [-93.00962537033013, 17.580482939614924], [-93.0097996902508, 17.580307089925384], [-93.01031347970678, 17.58030705915634], [-93.0107538798301, 17.58059717951775], [-93.01040527968964, 17.58145007906527], [-93.01051545974848, 17.582821709568933], [-93.01114263019346, 17.583676909828228], [-93.01147767990022, 17.58463996953453], [-93.01304054009051, 17.58573759958104], [-93.01367918035047, 17.5867006490334], [-93.01409948019175, 17.587998569616794], [-93.01403674023028, 17.58879110907588], [-93.01496665963967, 17.591469579811815], [-93.01542786014761, 17.591582119510143], [-93.01687450988618, 17.593122739647605], [-93.01780872014612, 17.593167879118333], [-93.01928095027587, 17.594334289786357], [-93.02113048961338, 17.594098969311066], [-93.02149754952069, 17.594665029795888], [-93.02330000046555, 17.59508077952184], [-93.02381253980813, 17.595903029174767], [-93.0243570503457, 17.596238169735166], [-93.02512243014363, 17.5961323391831], [-93.0253176803541, 17.596378579230752], [-93.02566874982492, 17.596219909376906], [-93.02592363033874, 17.596870979662835], [-93.02881634971247, 17.59736250920277], [-93.02964686000414, 17.597868799617544], [-93.02969414029909, 17.59841136990055], [-93.03062842049158, 17.59861016912548], [-93.03083611015836, 17.59906227959236], [-93.03157435041045, 17.599366289849822], [-93.03232945036711, 17.6001529090744], [-93.03214077994313, 17.600632219613935], [-93.03242394960245, 17.600912509672135], [-93.03232968998077, 17.60153648967961], [-93.03305970958658, 17.60227921961215], [-93.0328427502549, 17.602652679511703], [-93.03326765007932, 17.602840049450347], [-93.03383033968616, 17.603918859184464], [-93.03498338020354, 17.604536919364676], [-93.03532088997311, 17.604480399869292], [-93.03544719971059, 17.6050306292401], [-93.0359658897509, 17.605202849345847], [-93.03631142996093, 17.60566617986276], [-93.0368133704181, 17.606953749825887], [-93.03726140019488, 17.607485909540905], [-93.03953958016972, 17.608506349353448], [-93.03955765988293, 17.609278949485724], [-93.04052533994961, 17.609828149764553], [-93.04054348002101, 17.610892599107167], [-93.04023912013308, 17.612008629743855], [-93.04145767977654, 17.612609289348594], [-93.0419416798558, 17.613553459083487], [-93.0419069397406, 17.61395625944137], [-93.04086779983179, 17.61436853947623], [-93.04088590990506, 17.615261309464213], [-93.04120848988852, 17.615484419288055], [-93.04165674010618, 17.616754819749207], [-93.04199721978394, 17.61696076961022], [-93.04289312030367, 17.61690905979543], [-93.04310819991778, 17.61714937966075], [-93.04323488020842, 17.61851813945341], [-93.04396974984003, 17.619427919213976], [-93.04414908959855, 17.620045949589617], [-93.04397034983914, 17.621865879157596], [-93.04305693958368, 17.623771799617046], [-93.04298557962748, 17.625093799119227], [-93.0426029502916, 17.626112519681076], [-93.04281485957878, 17.62894817898705], [-93.0430880903933, 17.629597019535268], [-93.04350374968801, 17.629900969234463], [-93.0437155096187, 17.630733449505293], [-93.04360247958182, 17.63206550916966], [-93.04396605041929, 17.6331289695142], [-93.04411765987214, 17.63515593940682], [-93.04394393974148, 17.635452779332184], [-93.04439007994866, 17.636840579372343], [-93.04426931007434, 17.637390819457096], [-93.0448821200702, 17.63767790907249], [-93.0445951501602, 17.63839465963585], [-93.04501396997757, 17.63909347954726], [-93.04514929006507, 17.640017679447187], [-93.04545765001103, 17.659105449481697], [-93.04408262958147, 17.659518659799325], [-93.04365960018714, 17.66002053933069], [-93.04338979981235, 17.663428119188158], [-93.0442328298832, 17.66476851940304], [-93.04429362974594, 17.666576649764508], [-93.04514399975677, 17.667095379179866], [-93.04428641962434, 17.667866779476782], [-93.04341362984708, 17.66800391948775], [-93.04110824969305, 17.667106138991947], [-93.0407696896647, 17.667358479627627], [-93.04051402996004, 17.66807927983059], [-93.04061224974146, 17.669794629480382], [-93.04129848956916, 17.671147679387484], [-93.0419757996009, 17.671572769226277], [-93.04327760020898, 17.671846379678435], [-93.04395487968304, 17.67220659965076], [-93.0443470003513, 17.67276479949792], [-93.0444299195603, 17.673406249063568], [-93.04379049035438, 17.67401902971211], [-93.043173539817, 17.674257019185436], [-93.04145591019451, 17.6741587992717], [-93.04040145002647, 17.67468104969968], [-93.04031892022022, 17.675783819193395], [-93.04083929012099, 17.677561629693212], [-93.04095250968231, 17.679060769757633], [-93.04190842021949, 17.680192139380726], [-93.04181597032233, 17.680677919136066], [-93.04090557970508, 17.68118262933476], [-93.03986718028143, 17.68135582915347], [-93.037903049842, 17.680657079248103], [-93.03809102973901, 17.681496549627656], [-93.0386404499288, 17.681979349722493], [-93.04028088014618, 17.682000649832524], [-93.04070234036014, 17.682310479200353], [-93.04055945962723, 17.68277899958932], [-93.0401757401816, 17.68293764979587], [-93.03825679958379, 17.682505569202974], [-93.03797085972604, 17.682592119476546], [-93.03788070995499, 17.683248029036353], [-93.03854483014543, 17.68421128901478], [-93.03974154967159, 17.685371459495173], [-93.04120903015959, 17.685709909615653], [-93.0420310603912, 17.686385249273464], [-93.04181331971223, 17.68848987901421], [-93.0411198198744, 17.690492279751723], [-93.04070604951578, 17.6909680498579], [-93.0391184300462, 17.691962999554512], [-93.03869689011682, 17.69148737946929], [-93.0388975101095, 17.68842196966516], [-93.03826529001384, 17.687924769340583], [-93.03792675027225, 17.688364509830084], [-93.03810755046506, 17.689265399436053], [-93.03764877962487, 17.690584459386248], [-93.03840180033461, 17.69250585964078], [-93.03816108019494, 17.69284465923167], [-93.0373418302443, 17.693229369290687], [-93.03714626009968, 17.693669079145604], [-93.03804181993318, 17.693755379494103], [-93.04027657955675, 17.692551289812275], [-93.04072178015363, 17.692978519666347], [-93.04080469003821, 17.693562309642978], [-93.04048139963116, 17.694902969609103], [-93.03948625962667, 17.696257319020507], [-93.03993068043101, 17.698102349794627], [-93.03945660026613, 17.698203349092314], [-93.03822981960643, 17.697727909192793], [-93.03788383003871, 17.698607279459825], [-93.03809465019042, 17.699046889775254], [-93.03891462962311, 17.69958676927725], [-93.04023193958459, 17.701042419018727], [-93.03983314028933, 17.701338019824693], [-93.03754526041271, 17.700999709798143], [-93.0372218301245, 17.701821419521952], [-93.03711608036856, 17.70338190970713], [-93.03775808013363, 17.704919649541452], [-93.03826233960682, 17.705006049749834], [-93.03906746043043, 17.704335579511067], [-93.03940045015582, 17.704504049543303], [-93.03943816998782, 17.70497251906283], [-93.03912222042422, 17.705606849134977], [-93.0382569097029, 17.70634937982598], [-93.03830962972876, 17.706587219090373], [-93.03885153978918, 17.70681774957142], [-93.04003305033659, 17.706507579790713], [-93.0404845103683, 17.706067829604805], [-93.04031294015711, 17.70464484925304], [-93.04075685010507, 17.70412581926081], [-93.04165238018125, 17.70401030915666], [-93.04314481974085, 17.704370229831767], [-93.04296434039816, 17.704939649101348], [-93.04215180001133, 17.705707969075945], [-93.04149746004771, 17.707481149811514], [-93.04343148956274, 17.706889709509362], [-93.0439056595561, 17.707019339104054], [-93.04479591971682, 17.707975049773793], [-93.0449692199279, 17.70872457899872], [-93.04478156962814, 17.71107701925909], [-93.04436012021213, 17.711127549227058], [-93.04374934955217, 17.710656779475944], [-93.04356836989513, 17.709157659557157], [-93.04333496979324, 17.708797339115304], [-93.0420554800434, 17.710330169901916], [-93.04397503009338, 17.711958629527743], [-93.04427622041078, 17.712527969352127], [-93.04436798000827, 17.71338794901806], [-93.04463142988867, 17.713467179295584], [-93.04761422030587, 17.71242677982348], [-93.04798265030648, 17.711078889413276], [-93.04859988989746, 17.71148234915553], [-93.04909191005497, 17.71237851906839], [-93.0488966503153, 17.71392816961673], [-93.04925796987257, 17.714194769543916], [-93.04978479970858, 17.714187418989688], [-93.05071037982361, 17.71366824971738], [-93.05212488987715, 17.712204769288117], [-93.05352705953793, 17.711387259642752], [-93.05384316989397, 17.711415999063515], [-93.05478626026813, 17.71319931971825], [-93.05362069004985, 17.71611653922893], [-93.05389177034667, 17.716527309892953], [-93.05501335017725, 17.717067539084336], [-93.05375753958602, 17.7181330494704], [-93.05347174038236, 17.718781799111238], [-93.05375781970511, 17.719048379637353], [-93.0548266604263, 17.71935079951646], [-93.0566330498422, 17.71946561927773], [-93.0577321395549, 17.720186049843317], [-93.05762561978909, 17.720659539543316], [-93.05716660006473, 17.72097679977193], [-93.0557216497232, 17.721460119148986], [-93.05535294020952, 17.721777349084093], [-93.05556383034964, 17.722260179204238], [-93.05700914035974, 17.72287961942717], [-93.05724370974657, 17.723439549168802], [-93.0563710201005, 17.724686689505816], [-93.05597179957323, 17.726066649173294], [-93.054692570141, 17.727054429760592], [-93.05466258024963, 17.727450849530218], [-93.05516605001968, 17.728377719228824], [-93.05412010978363, 17.72931497918228], [-93.05539321954987, 17.730370459597857], [-93.05436984959638, 17.731386999503627], [-93.05411322961679, 17.73203973928536], [-93.05423385959898, 17.73270999924351], [-93.05511542041535, 17.733859599796236], [-93.05522857016113, 17.734702829863426], [-93.05475467954372, 17.73571201979861], [-93.05363939976151, 17.736242849487763], [-93.05304494999271, 17.73687005961844], [-93.05303753966025, 17.73726645986663], [-93.05379034045967, 17.737518519553362], [-93.0541970901687, 17.73828610979587], [-93.0534598302712, 17.73964851943233], [-93.05370820039741, 17.740893089366626], [-93.05350505021704, 17.74120307932275], [-93.05259430973557, 17.74142674944939], [-93.05233728995776, 17.7417319993528], [-93.05259335004601, 17.742113919462525], [-93.05420417979266, 17.742070249062706], [-93.05427956986394, 17.742401749827323], [-93.05339169030155, 17.743591229662645], [-93.05280462973542, 17.743886889538512], [-93.0521873195586, 17.74371407956694], [-93.05177316979334, 17.74322408938975], [-93.05135911977041, 17.743072829510357], [-93.05132916995645, 17.743656649251744], [-93.05195994023258, 17.744944879179002], [-93.0519902300989, 17.74559353976881], [-93.05156870971251, 17.74569456921913], [-93.05047705996658, 17.74513987985791], [-93.05001790976584, 17.745204859129036], [-93.04951111037488, 17.747501719314933], [-93.04893154969277, 17.747732489518665], [-93.04759917047188, 17.747776079397347], [-93.0468691698682, 17.748432119482374], [-93.04661408028674, 17.750059059075507], [-93.04776585960869, 17.750202938988203], [-93.04869202007735, 17.751089219813423], [-93.04844250988948, 17.75136573962905], [-93.04774241964013, 17.751394749593725], [-93.04717039976913, 17.751769679354144], [-93.04606415026764, 17.753067279121847], [-93.04570271034433, 17.75465788975883], [-93.04568801976026, 17.75604170900657], [-93.04601938038417, 17.756618229882914], [-93.04699791975068, 17.756214399666288], [-93.04753330997515, 17.7566158494249], [-93.0477744004331, 17.757350949467103], [-93.04776713982051, 17.7583527697999], [-93.04573298034828, 17.75990781965757], [-93.04437054032914, 17.76048470942905], [-93.04434054963514, 17.76101805983162], [-93.04523009044554, 17.761871419344835], [-93.0453422798362, 17.762229089850347], [-93.0450434799245, 17.76269419961908], [-93.04316312034503, 17.76391085912504], [-93.04292688024401, 17.765592199253437], [-93.04221442960272, 17.766789949829253], [-93.04263827970942, 17.768411509127816], [-93.0410193100873, 17.769222689595935], [-93.04019745039861, 17.769997909503722], [-93.03986113980181, 17.769926429300785], [-93.0398233702793, 17.768149779462924], [-93.03951169006422, 17.766742829330862], [-93.0389012897189, 17.76626597946035], [-93.0365904300617, 17.766354119031412], [-93.03629157998579, 17.766711889083442], [-93.0373380604524, 17.76795177975928], [-93.03722618005182, 17.768989179665212], [-93.03406279953465, 17.770217919749353], [-93.03345249016573, 17.770241879206118], [-93.03350056972266, 17.768288569567584], [-93.03194385987335, 17.76724259916814], [-93.03160732012223, 17.766326169139226], [-93.0316567701113, 17.764788259670418], [-93.03288607963134, 17.76295445950579], [-93.03284497037093, 17.762610019446857], [-93.03146021986768, 17.761130339168076], [-93.03084811011675, 17.761279599093992], [-93.03040170956065, 17.76200433928175], [-93.02977371963156, 17.761772829541485], [-93.02866297012827, 17.762138889109725], [-93.02769407985721, 17.761780049059592], [-93.02707232043844, 17.761942059717178], [-93.02667875037058, 17.761605089587007], [-93.02629828002596, 17.761677419203593], [-93.02572148999754, 17.76105974930612], [-93.02503137967226, 17.761221429214782], [-93.02424522986301, 17.760715369616072], [-93.02306385035737, 17.760824579368798], [-93.02244353961319, 17.759736909574485], [-93.02271965016418, 17.75891879936118], [-93.02223632041532, 17.758250649229577], [-93.02196985031284, 17.757220549607787], [-93.02116620036776, 17.75635928976286], [-93.01897271991282, 17.754839459563883], [-93.01836365958991, 17.75475781908795], [-93.0181184300373, 17.754939539063155], [-93.01798853999911, 17.75578119938477], [-93.01675774001782, 17.75650791924781], [-93.01650210982477, 17.756776939543034], [-93.01652685994743, 17.75721162971928], [-93.01567959977935, 17.757346719093118], [-93.01529768038445, 17.757879819319324], [-93.01457308975836, 17.757536319003915], [-93.01432732007385, 17.75771974974134], [-93.01196780019376, 17.757920799022692], [-93.00997420009307, 17.75726244900961], [-93.00715234972779, 17.75508851913915], [-93.00475085009073, 17.75406813990127], [-93.00417169035397, 17.753132249738954], [-93.00471462986769, 17.752785619017324], [-93.00569193960287, 17.752716279248915], [-93.00600763041906, 17.751645579495655], [-92.99894325965448, 17.748379179302788], [-93.01314607957796, 17.73090265906179], [-92.9999869996643, 17.721623089842033], [-92.98619266044271, 17.712535739135557], [-92.98482408967388, 17.71416939965495], [-92.98320425041308, 17.71483970988204], [-92.97983929033894, 17.713714819748652], [-92.9793356896512, 17.71564396948385], [-92.97890643030635, 17.716015689483903], [-92.97855981908678, 17.715968550272454], [-92.9778017497544, 17.71637371950678], [-92.9773115698421, 17.71748762961678], [-92.97666987957578, 17.718188509058123], [-92.97701647954871, 17.718574279513017], [-92.97698226010701, 17.719565399756153], [-92.9778245095821, 17.720187949813884], [-92.97877673977486, 17.72045168937959], [-92.97917879968327, 17.720975029169683], [-92.98063084967595, 17.734152999795636], [-92.9954166001577, 17.738039399066007], [-92.99065002028213, 17.742998519889383], [-92.99073485022365, 17.744285939843227], [-92.98741675000548, 17.74971774918941], [-92.98687705017338, 17.75292964919925], [-92.98624414979386, 17.75379017924708], [-92.98506611979681, 17.752788649182786], [-92.98544154991689, 17.7442185492394], [-92.98324434001391, 17.741260719161758], [-92.98148191986834, 17.741041599479598], [-92.98153731979515, 17.74152914957845], [-92.97942025005841, 17.74149877924931], [-92.9487775396248, 17.752350779062436], [-92.93010806010614, 17.742390109432367], [-92.92444613976814, 17.739533029566054], [-92.92392505043559, 17.73946473968855], [-92.923822449047, 17.740532200637553], [-92.92366011930908, 17.74051058328927], [-92.92297585032911, 17.74872633907986], [-92.92367473986214, 17.75015747914324], [-92.92689019973425, 17.75393794974475], [-92.92713176990732, 17.754688979477574], [-92.92672391040165, 17.756236619430652], [-92.92452809017566, 17.754770979509786], [-92.92056388002375, 17.757302199712004], [-92.91733296974462, 17.75823937908067], [-92.91685773989346, 17.758656819740626], [-92.91671643022906, 17.759359169867803], [-92.91808663037106, 17.761382139061087], [-92.918009579604, 17.761627819481323], [-92.91686172046892, 17.761924479484257], [-92.91518968026867, 17.76139581915717], [-92.9143196202808, 17.76145764916959], [-92.91223210964931, 17.76304504925069], [-92.9115740003699, 17.764144999623742], [-92.91283410972802, 17.766153369334468], [-92.91282744961057, 17.766820199837767], [-92.91249004963349, 17.7675543092368], [-92.91184317043597, 17.768208229628822], [-92.91105597988675, 17.768507819302766]]]}}, {"type": "Feature", "properties": {"CVEGEO": "27017", "CVE_ENT": "27", "NOMGEO": "Tabasco", "CVE_MUN": "017", "NOMMUN": "Tenosique", "cov_": 1993, "cov_id": 1994}, "geometry": {"type": "Polygon", "coordinates": [[[-91.46738374041576, 17.665052119611545], [-91.46468913975461, 17.657445429127577], [-91.46743701985544, 17.654143179048653], [-91.4779577802445, 17.642478219606293], [-91.47364342022237, 17.639893449672527], [-91.47303705021615, 17.63977847929059], [-91.47149131012338, 17.638812549711925], [-91.46905045026794, 17.63788017917551], [-91.46858780025173, 17.637216459640644], [-91.4669251797898, 17.636555199427775], [-91.4643121195676, 17.634925819339404], [-91.4638561698951, 17.634861909118968], [-91.46253713958262, 17.634075719427084], [-91.46226168991006, 17.633677569622442], [-91.46192722036507, 17.63374307922002], [-91.4591002897045, 17.631830889452882], [-91.45609123041028, 17.630353279384554], [-91.45478368037628, 17.62923996932375], [-91.45446623013135, 17.628680679126045], [-91.4524184297093, 17.627481579467716], [-91.44831188040143, 17.624410429553166], [-91.44379995011734, 17.621508399692917], [-91.44024204953152, 17.618729289608332], [-91.43928026048138, 17.618393369205943], [-91.43910470963606, 17.61821271968665], [-91.43915212004825, 17.6176021191203], [-91.43820642016762, 17.61967602923552], [-91.43571517014432, 17.618443649908336], [-91.4290554301032, 17.617319319382197], [-91.4251845201456, 17.616061459653743], [-91.42243011995143, 17.616426569429503], [-91.42202501971937, 17.619351549456066], [-91.41936242991004, 17.619531939742796], [-91.41610011013542, 17.624024479648796], [-91.4133693399871, 17.624002519702497], [-91.4106599201135, 17.62602234912727], [-91.40949737993716, 17.62564531922164], [-91.40624357979975, 17.62523728959733], [-91.39763893973003, 17.625413289266664], [-91.39248132025412, 17.625107999147602], [-91.38829460005044, 17.62416511936067], [-91.38347180026652, 17.622083579288468], [-91.37372646000674, 17.61682407903327], [-91.37112812040925, 17.61521382991851], [-91.3668197995333, 17.61308501944262], [-91.3614498202151, 17.60901913937672], [-91.35863499978099, 17.60626025936867], [-91.35628654005066, 17.603341549396987], [-91.35442294962375, 17.600663779424096], [-91.353702490257, 17.598507689713887], [-91.35348814960557, 17.597385679774323], [-91.35353878031357, 17.595022829326833], [-91.35404425979793, 17.592880519292784], [-91.3560146301996, 17.58962644918639], [-91.35880642966916, 17.58634411922891], [-91.3553118897132, 17.58354825945711], [-91.35434535046119, 17.58107267962879], [-91.35539902045399, 17.580384319283862], [-91.35540670971176, 17.579973519420232], [-91.35304183002478, 17.579092889901375], [-91.3542125799469, 17.577833799408147], [-91.35492774001777, 17.576702749730952], [-91.35569448028282, 17.576659089861458], [-91.35587633956506, 17.575696999874268], [-91.35709124972014, 17.57464022939062], [-91.35798122020317, 17.57344527974279], [-91.35814905968486, 17.572690999545507], [-91.35898965042267, 17.572338149406644], [-91.35883025001667, 17.571239149840462], [-91.35212326020078, 17.55961665920479], [-91.35171824977748, 17.55923211916911], [-91.35068856965651, 17.55906633972985], [-91.34842027987945, 17.55919744907313], [-91.34808375013442, 17.55958302969143], [-91.34849986026279, 17.56077962927066], [-91.34801537025221, 17.561084779208247], [-91.34707745034848, 17.560844219235115], [-91.34647834003714, 17.560041089265034], [-91.34595142003514, 17.560099719197094], [-91.34578532004765, 17.561272219038926], [-91.34614628022821, 17.56162981918943], [-91.34686628027823, 17.561762849838058], [-91.34695988044706, 17.562382399247994], [-91.34667962000633, 17.562638149853587], [-91.3453952299471, 17.561925769438147], [-91.34498338000182, 17.562147279451377], [-91.34500819952794, 17.562899109719538], [-91.34555260001177, 17.563147519066955], [-91.34575056998725, 17.563512769465714], [-91.34488795032682, 17.56433957991663], [-91.34406888954717, 17.5658557995792], [-91.34393978044763, 17.56570084978746], [-91.3442557504707, 17.56513211936673], [-91.34398962975342, 17.564836909254037], [-91.34337294016304, 17.56499707984418], [-91.34227852001787, 17.564451509730368], [-91.34222682980683, 17.563960449882824], [-91.34296400014564, 17.562946949574865], [-91.34268728959269, 17.562467049610177], [-91.34238697039915, 17.56254816985613], [-91.34227858035963, 17.56313196904231], [-91.34202174040448, 17.56323528985568], [-91.34117967984548, 17.562497089629048], [-91.33990284982615, 17.56251191932347], [-91.339720799628, 17.56236467910092], [-91.33986831959417, 17.56183139984462], [-91.34104705969652, 17.56112202969923], [-91.34110943012621, 17.56071177906108], [-91.34086750969153, 17.560328819554968], [-91.33993278034283, 17.55982899971261], [-91.33959888983416, 17.559927149723805], [-91.33900348990193, 17.560717519668735], [-91.3382038504018, 17.56084033924015], [-91.33814502021801, 17.56060290942113], [-91.33855582966305, 17.56001736913464], [-91.33815808028973, 17.55901556971803], [-91.33758460028697, 17.558779219317373], [-91.33724289000943, 17.559323999665587], [-91.33657881994218, 17.55952391929493], [-91.33659464999475, 17.559808349622884], [-91.33595763026725, 17.559459749372124], [-91.3356688204402, 17.558979689158146], [-91.33534975023439, 17.557326199464374], [-91.3345252599103, 17.55740794947147], [-91.33383709012152, 17.556301739518116], [-91.33098182001677, 17.557811459329397], [-91.33186697009761, 17.562155709699148], [-91.33286194987691, 17.563647859225398], [-91.33241562036282, 17.563969889321015], [-91.33218311019607, 17.564043119913578], [-91.33181028039733, 17.56374544942492], [-91.33190511005962, 17.563165939452528], [-91.32964478030186, 17.561595149164308], [-91.32969484955838, 17.561982139857218], [-91.32944080013645, 17.562175949431907], [-91.32880236990712, 17.561734149836283], [-91.32873237964046, 17.56194685951342], [-91.32835436991186, 17.561759399371557], [-91.32782051983394, 17.561814779780715], [-91.32687244993238, 17.562443309608458], [-91.32658607987472, 17.562275019396193], [-91.32604589030272, 17.562453769611288], [-91.32531191958975, 17.562176398991333], [-91.32501388992928, 17.562458829089927], [-91.32451223023631, 17.562355489026785], [-91.32378923032935, 17.562759399249366], [-91.32308951042741, 17.56278547917599], [-91.32282319954729, 17.563451109644685], [-91.32247544971624, 17.563553629028252], [-91.32195324964935, 17.56423577925649], [-91.3222711401362, 17.56442894916171], [-91.3225067500109, 17.565235999857975], [-91.3230679502637, 17.565668709382845], [-91.32331145017604, 17.566146719914208], [-91.32341882017283, 17.56706845968625], [-91.32314252031428, 17.567443419758227], [-91.32358271976491, 17.567709059339574], [-91.32379239999483, 17.568610379567986], [-91.32314633982897, 17.568980739828337], [-91.32304260016085, 17.56935784979916], [-91.32343188954817, 17.569741109245232], [-91.32162848968558, 17.570002419022686], [-91.32103269032214, 17.57030242934954], [-91.32078071954922, 17.570701349861757], [-91.32085113960896, 17.570962379158363], [-91.32131750986883, 17.571120049848748], [-91.32163174027998, 17.571799379584398], [-91.32116087967691, 17.572868339071555], [-91.32165684994733, 17.572948429868394], [-91.32172980025642, 17.573303739125464], [-91.32119032017053, 17.57398236908281], [-91.32049374004183, 17.573831599186576], [-91.31995951960828, 17.574074649693472], [-91.3195369198345, 17.573590019120658], [-91.31909070963614, 17.574121029417103], [-91.31878215036843, 17.57399816987475], [-91.3184405997511, 17.574172369007286], [-91.31824191029806, 17.573550819917674], [-91.31835934968474, 17.572438539837755], [-91.31738102997086, 17.572057849208587], [-91.31521514993683, 17.57202714956736], [-91.31510850976048, 17.572617079405337], [-91.31602254998174, 17.574587309893644], [-91.31565811979642, 17.575502749544437], [-91.315217320138, 17.575378829448834], [-91.31510480046366, 17.574589309453867], [-91.31489784971915, 17.574439119890393], [-91.31433369004246, 17.57486124959763], [-91.31436485998931, 17.575928489610217], [-91.31394068993261, 17.57627547930482], [-91.31176649028453, 17.576772829396823], [-91.31060282959943, 17.57623527975458], [-91.3101583703675, 17.577612539816265], [-91.30856702984762, 17.57893202912348], [-91.30782657986713, 17.579051679070787], [-91.3065702899821, 17.578095369021483], [-91.30600633959008, 17.577901379551275], [-91.30536030976826, 17.578248149240856], [-91.30442925049316, 17.57961476917952], [-91.30341660010608, 17.582204509550568], [-91.30350477985374, 17.58284847915664], [-91.30402149042693, 17.58317641958282], [-91.30538240030097, 17.583313649470504], [-91.30758274964302, 17.58643456943549], [-91.30737653963666, 17.587274259178695], [-91.30594619962795, 17.58831585931592], [-91.30532461996098, 17.588355479727785], [-91.3040740804267, 17.587913449852966], [-91.3028669502897, 17.588664849134513], [-91.3027642198587, 17.589346629801224], [-91.30323454041267, 17.589970149917423], [-91.30520830980444, 17.590908369534795], [-91.30654622042094, 17.592348519788665], [-91.30621621963222, 17.59353962905837], [-91.3059083196816, 17.593821229495227], [-91.30546388006469, 17.59380841903899], [-91.3041627200886, 17.59262104978412], [-91.30135440026821, 17.591445419821046], [-91.29905792020097, 17.591837849638498], [-91.29690568015646, 17.591467049905877], [-91.2962765499215, 17.59104422926174], [-91.29614669000082, 17.590442909435602], [-91.29710763026539, 17.59042031949437], [-91.29802584961108, 17.5900267990329], [-91.29908238026523, 17.58896119922446], [-91.29946811974189, 17.588154629156598], [-91.29916998044686, 17.587572569802997], [-91.2984497999057, 17.58743048976658], [-91.297476179794, 17.58755045981115], [-91.29719753989988, 17.58729282974769], [-91.29638169036107, 17.58712393933934], [-91.29698877036058, 17.585885819319387], [-91.29862683037732, 17.584003979083466], [-91.29798197024245, 17.58327588952702], [-91.29710902003958, 17.583274649873886], [-91.29561697021165, 17.58438647956812], [-91.28371774005656, 17.583644749337886], [-91.280665940328, 17.582536449475246], [-91.28003131039374, 17.581711259578352], [-91.27978774977312, 17.58062142946042], [-91.27929729017983, 17.579754079860326], [-91.27639528982247, 17.57926748973989], [-91.27574581963131, 17.578719539180096], [-91.2752868198684, 17.57865605923517], [-91.27305486046295, 17.579709859594505], [-91.2727568600956, 17.580371059497242], [-91.27172900011283, 17.580657619371078], [-91.26820893969884, 17.581167259831712], [-91.26721228982716, 17.580536859318038], [-91.2666807702707, 17.580661449239113], [-91.26653327973453, 17.58162922964562], [-91.26474770958855, 17.58343614921614], [-91.2642218001619, 17.58371074950827], [-91.26376918044915, 17.58363899919498], [-91.26273299975986, 17.582577369241115], [-91.26183554965152, 17.582519619464545], [-91.26161572032306, 17.582227449308725], [-91.26057162956684, 17.582493859226116], [-91.25983464982606, 17.57694059940109], [-91.25927788009257, 17.565035819155707], [-91.25946477983273, 17.564591349461523], [-91.25299634003008, 17.538842369089153], [-91.24762804970516, 17.53968867949721], [-91.23936614968441, 17.55472556925244], [-91.23913450979002, 17.555433519643223], [-91.2398552295461, 17.55518447963703], [-91.24120894980291, 17.55609673923736], [-91.24137715034809, 17.556433379657907], [-91.22563176996434, 17.560202229241156], [-91.21810366031099, 17.561257749399566], [-91.21169661963947, 17.56180213935579], [-91.21055262977278, 17.56291787939857], [-91.20704829033075, 17.562187489379042], [-91.20801687978117, 17.566109979232518], [-91.20962082968576, 17.566293649414813], [-91.20665335011407, 17.578682549679694], [-91.18811660008157, 17.562167599898924], [-91.17323783040798, 17.561226249691316], [-91.17181011961894, 17.539388319452083], [-91.17271982004092, 17.528013539581835], [-91.17660042044722, 17.51975836946022], [-91.16003296990509, 17.51321670945717], [-91.15228130967843, 17.509634109126605], [-91.15093389002881, 17.508646519408156], [-91.1503176495742, 17.50726385973262], [-91.15000935037169, 17.505699779150277], [-91.14935017976447, 17.505616519378293], [-91.14853737954121, 17.50516847974687], [-91.14623174037055, 17.5058104791982], [-91.1453703398772, 17.505769829626878], [-91.14495414955059, 17.505254199541348], [-91.14483830950776, 17.50453528987639], [-91.14399780022941, 17.504381849357525], [-91.14436400038124, 17.503779219415193], [-91.1440069504445, 17.503468059418513], [-91.14336074003398, 17.503515459814608], [-91.14359753987854, 17.503029019265362], [-91.14089817997957, 17.50186064935934], [-91.14048635033578, 17.50100434988061], [-91.14005718013931, 17.500855349357234], [-91.14077582046714, 17.499354549333876], [-91.14072068983714, 17.497627749290988], [-91.1410622000996, 17.49747544964343], [-91.14042371015819, 17.494008599643735], [-91.1399699399483, 17.4937784497486], [-91.13990030975671, 17.492900859677288], [-91.13737817996166, 17.491105019754656], [-91.13657314985416, 17.490871979800257], [-91.13477106049832, 17.49144887905579], [-91.13417214039558, 17.490837279866632], [-91.1341274301354, 17.490313139571168], [-91.13442928956187, 17.48986133981907], [-91.1357431097643, 17.489369939469857], [-91.13649401954376, 17.488752549532023], [-91.13718110971533, 17.486277169572258], [-91.13759331048236, 17.485635339087324], [-91.1387875698119, 17.4848684193592], [-91.14006374950264, 17.484964599833805], [-91.14073248985275, 17.484792889015505], [-91.14120462956859, 17.484128749094296], [-91.14155120033858, 17.482512509844163], [-91.14147956985995, 17.481392509328135], [-91.13883541972494, 17.479270079146346], [-91.13868674977505, 17.477840059250894], [-91.13066357984633, 17.47767510917284], [-91.10893525969581, 17.477727619381117], [-91.1089570597983, 17.479438739252746], [-91.0977506599825, 17.478848999125], [-91.09794676982774, 17.481402579641895], [-91.09558344962073, 17.481562049102077], [-91.09526329039983, 17.4776885096513], [-91.09044527961285, 17.477092949198383], [-91.09083341954964, 17.479095889375927], [-91.088500969541, 17.479140369819284], [-91.08917597005888, 17.481712249037948], [-91.0817437701628, 17.480877079333215], [-91.08174200019808, 17.48507033988117], [-91.07963334012979, 17.48465093941819], [-91.07974248033486, 17.483844719728367], [-91.07926049011152, 17.483681569665528], [-91.07907593990664, 17.484604089788625], [-91.07342568012952, 17.483665979813967], [-91.05794008965839, 17.483038709522308], [-91.05793300044445, 17.470115819637016], [-91.03174718007678, 17.467298089515253], [-91.03176063008009, 17.451058619459587], [-91.03218459973841, 17.422258679676823], [-91.02705583006254, 17.421405079242547], [-91.02696788024362, 17.42359187932958], [-91.0225283097293, 17.423423429016157], [-91.02176952042015, 17.42564210990507], [-91.01804902986595, 17.42549641979216], [-91.01917834968283, 17.42342967904887], [-91.01692132028322, 17.423434339368765], [-91.01289425031318, 17.4287766198014], [-91.00962605954984, 17.428561019773934], [-91.01086461986321, 17.423676059544512], [-91.00149102040064, 17.424040249729877], [-91.0014490202525, 17.42483933929464], [-90.99696194040706, 17.424331199717855], [-90.9967871504037, 17.42842837923631], [-90.99210500042054, 17.427965399149922], [-90.9920963700645, 17.42354908909307], [-90.98961217046218, 17.423523909433463], [-90.98784945000072, 17.42309750936101], [-90.98745919993034, 17.25102488968048], [-91.05324957954313, 17.251272149779748], [-91.20870344989363, 17.25119942941272], [-91.27852436967429, 17.25173341989503], [-91.28232646033135, 17.25148488972879], [-91.29576767968771, 17.251314049886098], [-91.344909279961, 17.25093827903738], [-91.34657916977943, 17.251098169239672], [-91.3559670901913, 17.250899379853106], [-91.36855406028974, 17.250902089151392], [-91.37016982009013, 17.25105139987875], [-91.43969685990427, 17.25096687968794], [-91.43933185961512, 17.25317877898782], [-91.43746706042768, 17.257006569169917], [-91.43520457012337, 17.259795579025738], [-91.43391395025672, 17.262501139544064], [-91.43231757034799, 17.264360659357216], [-91.43122287974707, 17.266494459247504], [-91.43099582029457, 17.268762799164197], [-91.42881684982287, 17.27455824903347], [-91.42749635034957, 17.276583619058748], [-91.42716249019641, 17.27920036955695], [-91.42757408035112, 17.28323076989098], [-91.42749802996832, 17.28598284959913], [-91.42681640022059, 17.28870757981075], [-91.42676867964755, 17.292302089103877], [-91.4262408202042, 17.29625888931862], [-91.42647662037086, 17.297063019071462], [-91.42574245974271, 17.301161379552884], [-91.42518087970628, 17.302305308997244], [-91.42454814044622, 17.302631479271998], [-91.42327730965077, 17.30267088985178], [-91.41868174972292, 17.303475509860327], [-91.41790999990178, 17.303903249508338], [-91.41711905024573, 17.305180979579408], [-91.41567437966798, 17.30644539970544], [-91.41358721958008, 17.307470119380724], [-91.41259251027384, 17.307548999477238], [-91.41092199955864, 17.307405599590293], [-91.40797550992541, 17.306510909374268], [-91.4040005703991, 17.30406693946288], [-91.39843648032061, 17.30169753913196], [-91.39253083022604, 17.29954036918926], [-91.39031872021339, 17.299349119184196], [-91.38886968025143, 17.29972794908366], [-91.38854999973111, 17.30011579920157], [-91.38817834995871, 17.30128424967222], [-91.38820469040209, 17.303453709766035], [-91.3877377404397, 17.305185369351097], [-91.38682170961891, 17.3066096897785], [-91.38481754030593, 17.308459119783013], [-91.38389957958543, 17.31010037906329], [-91.383664219819, 17.311183109016227], [-91.38353974983721, 17.31508674961908], [-91.38375122975307, 17.316737109480634], [-91.38473369011554, 17.319642319089066], [-91.38571549047283, 17.321038579245545], [-91.38836005981587, 17.32348942914589], [-91.39009990996708, 17.32606314914479], [-91.39059048018002, 17.326804649473942], [-91.39143013969682, 17.328980679559503], [-91.39516793957743, 17.334906949697444], [-91.39576981984986, 17.33634259953217], [-91.3969974203038, 17.33794505986717], [-91.40017216962059, 17.340275919381213], [-91.40510405995892, 17.342696319596413], [-91.41360178042343, 17.34387270969625], [-91.41555297007162, 17.344655709519024], [-91.41677534971348, 17.345627119739405], [-91.417495430428, 17.347196449763], [-91.41677088026346, 17.35205521980707], [-91.41491400022255, 17.35588845993171], [-91.41437796991549, 17.35763779917955], [-91.4143758902721, 17.359185509154887], [-91.4168135101648, 17.363624859747347], [-91.41729928033331, 17.369691829813092], [-91.41766611015292, 17.370915679260012], [-91.41865391972732, 17.372638179221312], [-91.4198326198436, 17.374070679902015], [-91.42207865012229, 17.375345799253786], [-91.42344939974804, 17.37586867916015], [-91.42909374042893, 17.37716487977412], [-91.43032070962234, 17.377712949860772], [-91.43198139965102, 17.379063339760744], [-91.43402445973622, 17.38131113947626], [-91.43572761977747, 17.382823289197702], [-91.4376367999281, 17.383883139437316], [-91.43929846039185, 17.384287369721715], [-91.44449963013733, 17.38400504936277], [-91.44717644988039, 17.38289936965137], [-91.4504340802114, 17.379312749509793], [-91.4527158897344, 17.375823169665782], [-91.45385360006166, 17.37545936918392], [-91.45649562985359, 17.37572153988756], [-91.46232968016162, 17.37824413956222], [-91.46785265010111, 17.380341179802173], [-91.46878944990314, 17.38125479912636], [-91.46985468035538, 17.381867249668733], [-91.47255579983087, 17.38261308955546], [-91.47617188017475, 17.385522289605362], [-91.48006729040739, 17.386518879415988], [-91.48427308011479, 17.388061599384024], [-91.49351729045496, 17.39296048967454], [-91.4949630298128, 17.39398748938804], [-91.49781602999877, 17.395052919900962], [-91.49873932020797, 17.395767659124036], [-91.49893302019133, 17.396816429771153], [-91.50050034000257, 17.398330079282875], [-91.50500477028885, 17.399482449545964], [-91.50993553981658, 17.392202709849624], [-91.5144687102042, 17.394690859808556], [-91.51508457984501, 17.394823419644386], [-91.51724425037844, 17.398232719922937], [-91.5272750204541, 17.402356749432435], [-91.52869788025099, 17.403475549418875], [-91.52949762952686, 17.404715259675704], [-91.53032305015137, 17.405499739679776], [-91.53310179983457, 17.40580294929685], [-91.53684713951296, 17.40736267972299], [-91.53724421979051, 17.419736169172698], [-91.55209323003656, 17.422566939401378], [-91.55243332020024, 17.42150627991449], [-91.5578566902564, 17.422244149530496], [-91.5581396498188, 17.41089288963529], [-91.55864525038527, 17.407900749588265], [-91.55879354023487, 17.40052957910333], [-91.57433692005213, 17.406017619466], [-91.57968832035469, 17.407343819335416], [-91.60689818010415, 17.416891379442383], [-91.60894816956717, 17.425499829322618], [-91.61259713975433, 17.42546837927131], [-91.61449406048459, 17.425680859136392], [-91.61662528985565, 17.426293429087764], [-91.61748593956942, 17.426242489731905], [-91.61797199964387, 17.428665289237546], [-91.61835120021982, 17.42952184956567], [-91.6201671102413, 17.43166228936685], [-91.61581544977062, 17.432373799858897], [-91.61423656957344, 17.4329628496817], [-91.6110901196904, 17.43232727980269], [-91.60252643042013, 17.43309399987801], [-91.60223077958118, 17.43336221920124], [-91.60297493994086, 17.43462304908606], [-91.60283714046554, 17.43515667945775], [-91.60227931982192, 17.435877999046642], [-91.59853695033316, 17.437724349414594], [-91.5965994900465, 17.438967059410878], [-91.59583117000696, 17.440929889634656], [-91.5954369502202, 17.442614889602773], [-91.59639829029476, 17.449078169550997], [-91.59707023010282, 17.45133904922115], [-91.59705029210815, 17.454709939240793], [-91.59807702016171, 17.45523814980257], [-91.59758439962735, 17.456458309370145], [-91.59579195010693, 17.456432059140656], [-91.59537601975906, 17.456719549297294], [-91.5947907096476, 17.461662199289286], [-91.59138922028133, 17.467477649170313], [-91.59175670983115, 17.467902649850167], [-91.58847318011844, 17.47586322978718], [-91.58825183003816, 17.47600421983313], [-91.58331830960194, 17.474556489493672], [-91.5838749404117, 17.478352579871174], [-91.57932643016274, 17.482224750170836], [-91.5786829389829, 17.483426059097955], [-91.57848504970602, 17.48392568041703], [-91.57856322900219, 17.488847679007367], [-91.56510084885747, 17.491378890692857], [-91.56602579997745, 17.49638537970108], [-91.56678988935722, 17.49628571019916], [-91.56754701902484, 17.499864120524165], [-91.56815470925251, 17.49978623071902], [-91.5774469490897, 17.543510849375252], [-91.57595597932226, 17.54742941896625], [-91.57745276887876, 17.550801309189193], [-91.57729141953038, 17.551069000243377], [-91.57886369014744, 17.5530819199827], [-91.57539740000014, 17.557606619243035], [-91.57908967958824, 17.56216891967984], [-91.58467623026884, 17.56830488911493], [-91.57658194041453, 17.58152390933544], [-91.57502650970517, 17.58233024922067], [-91.57311128013097, 17.58262034932174], [-91.57509521977113, 17.589449659685748], [-91.5743355202134, 17.594790519734506], [-91.5649608303832, 17.595207349620765], [-91.56266247974072, 17.595670279702627], [-91.55548607967583, 17.613135449426125], [-91.55407774958358, 17.618592549581116], [-91.55107737955763, 17.613627079269357], [-91.54178000041473, 17.616371169448044], [-91.52947671042452, 17.64164274976514], [-91.52004760045655, 17.640587399590007], [-91.51384168003663, 17.65695342900769], [-91.50875386044459, 17.65641874904084], [-91.50915890995205, 17.65915625907135], [-91.49284936978334, 17.660797169461464], [-91.48251290983846, 17.66224791906924], [-91.46738374041576, 17.665052119611545]]]}}]}