{"type": "FeatureCollection", "name": "municipalities_simple", "crs": {"type": "name", "properties": {"name": "urn:ogc:def:crs:OGC:1.3:CRS84"}}, "features": [{"type": "Feature", "properties": {"CVEGEO": "28001", "CVE_ENT": "28", "NOMGEO": "Tamaulipas", "CVE_MUN": "001", "NOMMUN": "Abasolo", "cov_": 2021, "cov_id": 2022}, "geometry": {"type": "Polygon", "coordinates": [[[-98.18447341952408, 24.422847968966764], [-98.14459294021083, 24.42312881941825], [-98.11148770997693, 24.41829770887862], [-98.11096721986306, 24.402468938842805], [-98.08110437019359, 24.403295919036204], [-98.01923901978616, 24.404176029271248], [-98.01172921994996, 24.36465459892333], [-98.03278371034544, 24.346827649726155], [-98.068626379858, 24.32457073936624], [-98.053655109787, 24.30054117915386], [-98.01955675014024, 24.322247348988007], [-98.01942431850897, 24.262969820105006], [-98.01909496990538, 24.26274137039022], [-98.01908214016687, 24.262324199801096], [-98.0184311801944, 24.26224505995728], [-98.01771713921961, 24.261181980110777], [-98.01721474045283, 24.260836719660468], [-98.0152773391733, 24.261612800007654], [-98.0149061991041, 24.261477249943884], [-98.01481939932621, 24.261039379491194], [-98.01510619886685, 24.260244179989513], [-98.01439312046749, 24.259137579753887], [-98.01446967862695, 24.258064849727397], [-98.0133523095707, 24.25707574906394], [-98.013081938492, 24.257100030536275], [-98.0139316894486, 24.255209549824272], [-98.00190481932806, 24.23365194958099], [-98.03560768907613, 24.233471348840023], [-98.03714562997816, 24.19761488928591], [-98.05989159955485, 24.19747042905388], [-98.05987099940022, 24.184658140100506], [-98.0746820498324, 24.170134279800703], [-98.0010092804724, 24.12253485940493], [-98.04892824980408, 24.122900888970783], [-98.04899991961526, 24.11473051929586], [-98.13292453888477, 24.115066289739193], [-98.13546434975325, 24.08612993998643], [-98.14180245883345, 24.07680794027975], [-98.13996974907803, 24.056877289673725], [-98.17292947920114, 24.057271119951498], [-98.20043513959165, 24.056481519805928], [-98.19931140039685, 24.05573794063158], [-98.19831426038552, 24.05445383024886], [-98.19819057945844, 24.0539131799394], [-98.19837957033728, 24.051559540555914], [-98.19758477968671, 24.04791580017422], [-98.19290291978135, 24.04244797997445], [-98.19147408936128, 24.042445600566403], [-98.19091167989555, 24.04208117950056], [-98.19063611852691, 24.041580910077442], [-98.19084111031916, 24.040118219903373], [-98.18834674891869, 24.037142539336553], [-98.18818270902992, 24.036634860005297], [-98.19069884932874, 24.031087980285097], [-98.19149108013077, 24.020798370209274], [-98.19357529019628, 24.017195580110524], [-98.19413699970046, 24.014968860155637], [-98.19379674992639, 24.009531850402208], [-98.1940043794343, 24.009166369963662], [-98.19494886008354, 24.008629308875935], [-98.19531348027363, 24.008026378860013], [-98.19442714994494, 24.003627320377515], [-98.19453267863788, 24.002897448917427], [-98.19489621944557, 24.002656419892034], [-98.19592771030163, 24.004763220445792], [-98.19659465869606, 24.00545992057575], [-98.19954767891736, 24.006769059314543], [-98.2012809085099, 24.008333000005134], [-98.20166714978609, 24.00840394884367], [-98.202047489669, 24.006400169954667], [-98.20395391882113, 24.00656803059421], [-98.20491336881051, 24.00703506030597], [-98.20650973969089, 24.007189109862704], [-98.20752725019058, 24.007561849359707], [-98.20834757924904, 24.00753267965883], [-98.20923223008603, 24.0077984298254], [-98.21086411023052, 24.007551740185967], [-98.21209522990002, 24.00629625061364], [-98.21219542950728, 24.005192980337295], [-98.21348730989263, 24.003574620514243], [-98.21493816876719, 24.003263179943268], [-98.21565742957213, 24.003573459647765], [-98.21603174858102, 24.003507919853014], [-98.21672451034837, 24.00267751054327], [-98.21798344936862, 24.00207687920101], [-98.21907847903061, 24.0009725403671], [-98.22006954887611, 24.00049317043529], [-98.22037659871052, 23.999352970048065], [-98.22065161950152, 23.999038650566582], [-98.2209962591868, 23.999065230190208], [-98.22146687935131, 23.99978716974531], [-98.22196911030778, 23.999950920484817], [-98.22250127884315, 23.99943074979074], [-98.22557910955477, 23.99878052001919], [-98.22612248946756, 23.99855928989502], [-98.22632831956331, 23.998169549934463], [-98.22564761848524, 23.99685792059675], [-98.22617404860009, 23.996056539775022], [-98.22676313897466, 23.995879580307676], [-98.22747434907184, 23.996359350401047], [-98.22953058002469, 23.995816950172603], [-98.23096836874899, 23.994130940440034], [-98.23137152006537, 23.992944169564826], [-98.23035102948239, 23.99119264994036], [-98.2304405387642, 23.990674769432566], [-98.23320651938236, 23.989533740233966], [-98.2339600200464, 23.987906029163412], [-98.23543119987106, 23.986660679410093], [-98.23520394034625, 23.985939968967468], [-98.23360508907831, 23.984883970634314], [-98.23336994976384, 23.983595000322207], [-98.23434919879978, 23.981818550190088], [-98.23487079984892, 23.981615829850078], [-98.23689685924832, 23.981604399219957], [-98.23714643040937, 23.981403709364802], [-98.23737156995011, 23.97911928915892], [-98.23709303010406, 23.978035970127955], [-98.23772360030459, 23.973749219800013], [-98.23710894002235, 23.972549480580987], [-98.23674358040358, 23.9723334893112], [-98.23540645918537, 23.97222811980554], [-98.23421527873786, 23.971210628981876], [-98.23457194954089, 23.9693421397952], [-98.23397797993731, 23.969015229983285], [-98.23373588998487, 23.965175139265806], [-98.23341085018578, 23.96529804989871], [-98.23285898007401, 23.96488209059598], [-98.23251190900719, 23.96514020044936], [-98.21684150929653, 23.965726999945094], [-98.2109221101468, 23.96847619945917], [-98.20858734796218, 23.971232449337915], [-98.20108837894014, 23.97291143007323], [-98.19909762853165, 23.97424256900534], [-98.19776651011098, 23.97455238027109], [-98.19536493926208, 23.973341689513553], [-98.19197734024173, 23.97274192015323], [-98.19172162894637, 23.97186707924385], [-98.19050307971187, 23.970943400022563], [-98.1903839697956, 23.970112289366334], [-98.19122105923483, 23.967430660041018], [-98.1882555487455, 23.963949248895258], [-98.18801131008404, 23.96249721956597], [-98.18831217989751, 23.9619918805635], [-98.189577769966, 23.96138632005134], [-98.18984265999477, 23.961630600499227], [-98.19038192044134, 23.96163591002081], [-98.20629604955306, 23.961353219785938], [-98.21216479998543, 23.955936709203915], [-98.22092239957018, 23.9536666000529], [-98.22279730853757, 23.950012060497013], [-98.22765797047379, 23.950842659772587], [-98.23781682876319, 23.951966169583333], [-98.2383094499469, 23.95029955061762], [-98.24044274937367, 23.939043289880736], [-98.24139386026474, 23.93246716934694], [-98.24377937876912, 23.931996049512836], [-98.24515549031668, 23.931168660273194], [-98.24767127933927, 23.93051228017866], [-98.2487567387541, 23.929845340381], [-98.25018604988139, 23.928063490046934], [-98.25046430943266, 23.92742493920923], [-98.25036151943645, 23.92646655049113], [-98.2506911091025, 23.92585313995463], [-98.25138525004928, 23.925224580154556], [-98.25333585916273, 23.924315539865525], [-98.25732580005254, 23.92370715002986], [-98.25873916915532, 23.92402589052941], [-98.26033197925409, 23.924821680455196], [-98.26341234034233, 23.925550050550424], [-98.3307408599412, 23.892320170299982], [-98.4737794487054, 23.821031969068237], [-98.52734029045747, 23.793544349812283], [-98.54069753960752, 23.821571569302403], [-98.54830571013642, 23.821810798962016], [-98.55926167969515, 23.819145019666482], [-98.54788788977956, 23.82412257889764], [-98.53592711028061, 23.829760769672937], [-98.5379189099068, 23.857038399341082], [-98.54036672015228, 23.877607448937564], [-98.48711148957501, 23.906455380098766], [-98.48556746016313, 23.913990259145084], [-98.48784391952132, 23.914388629439355], [-98.49048393985814, 23.91583641965985], [-98.49239637026803, 23.91842293925104], [-98.49516064957581, 23.925589879663683], [-98.49669871009344, 23.930844000106195], [-98.49714253963403, 23.93364885892545], [-98.49759285952236, 23.934723999950073], [-98.49713509035871, 23.937072319656735], [-98.49719602988361, 23.93808664944848], [-98.49777569044001, 23.93934113960277], [-98.50116234968091, 23.941822109748784], [-98.50485888028379, 23.943205949007034], [-98.50583257983824, 23.943328398959363], [-98.50669636990614, 23.943024449225618], [-98.50805154043383, 23.941985828948237], [-98.50942921969798, 23.941413260130588], [-98.51145213997754, 23.94101396901958], [-98.5128816004174, 23.940958258868655], [-98.51428354958854, 23.94126788950566], [-98.51544337004617, 23.941814920418736], [-98.5165523696434, 23.942528169906275], [-98.51860970979087, 23.945021649241855], [-98.5198559796873, 23.947928769183786], [-98.52048859967113, 23.953147570062377], [-98.52044107987895, 23.955695049192336], [-98.51919408954831, 23.96360551938982], [-98.51684526015863, 23.975159849425648], [-98.51117602017281, 24.01179884944094], [-98.50294711039453, 24.068127149171907], [-98.48924378024778, 24.078193549233106], [-98.49128104985613, 24.078738909482112], [-98.49611673958447, 24.082714369713813], [-98.49314493969871, 24.084065138982126], [-98.49179493969238, 24.08947481932249], [-98.48453271999581, 24.08947888944851], [-98.48271463011795, 24.088168889398645], [-98.47876919985461, 24.085994779241183], [-98.47828415006303, 24.086562319270815], [-98.47746164958474, 24.08630634973069], [-98.4638201400469, 24.096970689684557], [-98.46427851031896, 24.097962769584445], [-98.4699845098027, 24.098444569333513], [-98.47108764972977, 24.100922509543324], [-98.47178004973095, 24.112048939177377], [-98.46916762975945, 24.116032479551826], [-98.46926880041934, 24.117615019688543], [-98.46624834978225, 24.117991569007334], [-98.46359470991216, 24.117997539732325], [-98.46222803037341, 24.117745979276265], [-98.46130039954548, 24.117856059170293], [-98.4606176804042, 24.118228309276184], [-98.45977847970154, 24.119330768924637], [-98.45874713953728, 24.121287918942393], [-98.4577291801157, 24.12268559961616], [-98.45613118035206, 24.12432344904352], [-98.45497728008883, 24.124698659559787], [-98.45227922996742, 24.124546918931063], [-98.4489401403151, 24.123879479112826], [-98.44788414975683, 24.123981479687885], [-98.44650807967757, 24.124764079377528], [-98.44019208011338, 24.13832057906412], [-98.44027305014963, 24.139181339173298], [-98.4412533799955, 24.140589678866], [-98.44322849029894, 24.142359818963143], [-98.44311261998219, 24.142825539245198], [-98.43470809024761, 24.147547349002906], [-98.43446301983592, 24.148285179178945], [-98.43291494037088, 24.149153548992462], [-98.4318270796973, 24.14947239903696], [-98.426227919572, 24.15016002925348], [-98.4254846000626, 24.150440739493774], [-98.42373988966042, 24.1534387990683], [-98.42161458003928, 24.15082041928434], [-98.40369180006205, 24.153829628862216], [-98.40533204981776, 24.16177842963526], [-98.3980025503562, 24.1629304589601], [-98.397040850403, 24.16302582956706], [-98.39589919967017, 24.162511019511893], [-98.39073658034826, 24.155484889131255], [-98.39001381970394, 24.154856199092457], [-98.38880928983797, 24.154567968879537], [-98.38744803035914, 24.15476093937389], [-98.38110032021433, 24.157313769050912], [-98.38063123008388, 24.158013379548148], [-98.37891508994653, 24.16613230954585], [-98.37819921980916, 24.167093169356818], [-98.37751797984978, 24.167317178973782], [-98.37657723025745, 24.16732716941882], [-98.3663487998131, 24.165144539098325], [-98.36434010982545, 24.1649094892639], [-98.35215587987437, 24.16519844943194], [-98.35113699995658, 24.16491061936653], [-98.35049142978525, 24.164170879291046], [-98.34966516982801, 24.161651289465635], [-98.31822762041453, 24.231299059346586], [-98.30346711015375, 24.276754459136065], [-98.28465556980656, 24.333054859509996], [-98.29523869029707, 24.344636229020992], [-98.29002458043185, 24.3438220588547], [-98.28790009004477, 24.35601702927554], [-98.28353382951873, 24.3843283796019], [-98.27799237982885, 24.417611549581824], [-98.23690614966848, 24.41116833937142], [-98.23706685031516, 24.423122449413654], [-98.18460873954393, 24.46262233966229], [-98.18447341952408, 24.422847968966764]]]}}, {"type": "Feature", "properties": {"CVEGEO": "28002", "CVE_ENT": "28", "NOMGEO": "Tamaulipas", "CVE_MUN": "002", "NOMMUN": "Aldama", "cov_": 2020, "cov_id": 2021}, "geometry": {"type": "Polygon", "coordinates": [[[-98.11522085957567, 23.36878130931074], [-98.09827759860886, 23.365982050065316], [-98.09945817944312, 23.36244229064107], [-98.09773379960889, 23.361148150644517], [-98.09696116861137, 23.360952520593713], [-98.09560179919909, 23.361230109445593], [-98.09326276902733, 23.362618968996166], [-98.09104576881933, 23.363091820435287], [-98.09015651876902, 23.36286612003693], [-98.08918174899767, 23.362055418867307], [-98.08782891028835, 23.359089629884398], [-98.08792164974471, 23.35841893986037], [-98.08950355041127, 23.356708909841686], [-98.08989071918577, 23.355944658952627], [-98.08973270906317, 23.353887949850982], [-98.08919150929938, 23.35246097010774], [-98.0872748303608, 23.350696480266233], [-98.08618978000581, 23.35039990968829], [-98.08534687997816, 23.350546920463557], [-98.08451191875052, 23.350424909546845], [-98.08231842997303, 23.34939370933098], [-98.08076978005133, 23.346017379660207], [-98.07975427902475, 23.345279769560932], [-98.07866162044817, 23.344752979319487], [-98.07765210938389, 23.344711110012483], [-98.0760383699794, 23.34501404902919], [-98.07495881960627, 23.344643058955608], [-98.0724093491919, 23.342985170397593], [-98.07132673880928, 23.34273030898828], [-98.07053254994413, 23.34286649060564], [-98.06956953957089, 23.343936140566313], [-98.06891284894206, 23.344193019052724], [-98.0659833195552, 23.344025000594737], [-98.06598493999284, 23.344467629634398], [-98.0611658598269, 23.343492620165755], [-98.05941055031687, 23.341986709208864], [-98.05472796971796, 23.33905114029955], [-98.04863494906108, 23.333545149073156], [-98.04722921886302, 23.334353319387077], [-98.04716683048461, 23.334091679297664], [-98.04653094915473, 23.333733879114227], [-98.04498954011282, 23.333285339586652], [-98.04321588934285, 23.333531309004066], [-98.04067948869351, 23.332913460248722], [-98.03773922975431, 23.333248860527245], [-98.03493813909218, 23.332941649844027], [-98.03376853872496, 23.333028229903384], [-98.03209041878654, 23.33429556883895], [-98.03115208883673, 23.336135029894123], [-98.03052756918485, 23.338291939696102], [-98.02883844933908, 23.340023919988496], [-98.02796090907049, 23.340566819590347], [-98.0251251102142, 23.340034910393914], [-98.02408707885799, 23.340185020342183], [-98.02355479946691, 23.340701369776554], [-98.02400962886634, 23.342126349799045], [-98.02375305047009, 23.342384779040625], [-98.01911262990704, 23.34330822014019], [-98.0179842497846, 23.343279290330205], [-98.01674591016659, 23.34372452061015], [-98.01557396862862, 23.343235120317022], [-98.0134441987278, 23.34150213999222], [-98.01142033922737, 23.34089454052881], [-98.00905245999743, 23.341159649226082], [-98.00640619996783, 23.34211691914044], [-97.9870390285871, 23.30239862966372], [-97.96465618005625, 23.299321970215455], [-97.96189677022372, 23.293859920531737], [-97.96152373920167, 23.292441080085062], [-97.96144454999038, 23.28964300013124], [-97.9459230904608, 23.2884985801323], [-97.94563199964882, 23.2930908295695], [-97.94866859997492, 23.29337395004663], [-97.94383074993507, 23.295404780245196], [-97.94344902850808, 23.295694680462454], [-97.9429962289458, 23.29710802059158], [-97.9421448795165, 23.29690402001208], [-97.94151908895553, 23.29711276973711], [-97.94129248973108, 23.29675285044365], [-97.94082202899946, 23.296930649244494], [-97.94036642945255, 23.296839019230504], [-97.93946833932412, 23.29784944987384], [-97.9370201203056, 23.298161890050263], [-97.93637342956998, 23.298712459778816], [-97.93578582899103, 23.299768880165114], [-97.93558333854445, 23.300715859975757], [-97.93443294869326, 23.30131782054632], [-97.93363162852035, 23.300672720498312], [-97.93375941870417, 23.302123749742783], [-97.93311817965306, 23.303324349535433], [-97.93249897004868, 23.30360152065735], [-97.93229722915986, 23.304004819146666], [-97.9323191688891, 23.304814109397164], [-97.93023265855632, 23.308195110021604], [-97.92855154955062, 23.30877334939112], [-97.92690264900055, 23.30901113981207], [-97.92622211010132, 23.309575460537026], [-97.9254868899947, 23.309797059723152], [-97.92401991002676, 23.30962112032123], [-97.92254355030136, 23.30990354984245], [-97.92049493971238, 23.310763139649755], [-97.91857034958515, 23.31299914027153], [-97.91813131871568, 23.31303190936411], [-97.91765745859867, 23.312443348855073], [-97.91737670957974, 23.312402720205352], [-97.9163558791612, 23.31328408062533], [-97.91261947896552, 23.315029739529766], [-97.91145951908796, 23.314814879599393], [-97.91065637853055, 23.314306399716212], [-97.91000291003003, 23.312774459358856], [-97.90983513898354, 23.31107825033894], [-97.90939443004392, 23.31066551060424], [-97.90920182925701, 23.309546449870393], [-97.9086228196696, 23.30877876957471], [-97.90660591874737, 23.308634339023673], [-97.90532021887567, 23.30960871022006], [-97.90493604953359, 23.309699249831414], [-97.90423734892715, 23.308476180180783], [-97.90190184935301, 23.308515148940874], [-97.90069397988539, 23.309749749600524], [-97.89927611999941, 23.310391769176046], [-97.89703530874374, 23.312909369439623], [-97.88758019952856, 23.31640876940381], [-97.89018502982253, 23.29999432017686], [-97.86787082976868, 23.29694084940156], [-97.8675679785914, 23.298953619579272], [-97.86262153896509, 23.29773971931031], [-97.85973311018306, 23.314837909531864], [-97.85087431904955, 23.313593319164536], [-97.85018211959965, 23.317072250178615], [-97.85326367937287, 23.317589289959454], [-97.8525050887224, 23.32228219943102], [-97.8549436796688, 23.32269078026893], [-97.85454884920998, 23.325384770203136], [-97.8552793702644, 23.325490600622107], [-97.85575632019248, 23.327981919284653], [-97.85347281883082, 23.32860227942494], [-97.83762288853923, 23.32628995022575], [-97.83627492007089, 23.333691109984855], [-97.83450942892134, 23.33390350981608], [-97.83293084872246, 23.33488397927697], [-97.83176162045605, 23.33459285045999], [-97.83094965875942, 23.334684690023973], [-97.82961579969333, 23.33437687907608], [-97.82840171986054, 23.334392970225103], [-97.8265935993479, 23.335222629174417], [-97.82528602007798, 23.335414779877677], [-97.82281998046278, 23.336647308934335], [-97.82019384987943, 23.336820150228984], [-97.8198031498163, 23.33693952058455], [-97.81882601855878, 23.33780618022379], [-97.81708945014734, 23.338214000042], [-97.81672398000565, 23.338090510299928], [-97.81635428994768, 23.337544770260358], [-97.81631102029621, 23.33613110888083], [-97.81564051951848, 23.335642200084262], [-97.81536331956357, 23.334952829676276], [-97.81501492034849, 23.33484604921021], [-97.81375748878725, 23.335120619891562], [-97.81306461933674, 23.33497995037555], [-97.80831154021782, 23.3313777105646], [-97.81173301934191, 23.311332169350862], [-97.80211062950825, 23.30977688011505], [-97.80591853877837, 23.29208759933056], [-97.78948284932692, 23.288775110420545], [-97.791903680023, 23.27355938049451], [-97.7908969697037, 23.27449324947954], [-97.78866631977506, 23.27437143066186], [-97.78526873987572, 23.276158940242546], [-97.78411277997827, 23.27633185048245], [-97.78212851896438, 23.27541979962953], [-97.77901562903973, 23.274517889792538], [-97.77225640032736, 23.27279902959817], [-97.76896359005285, 23.27231360312485], [-97.76878518911691, 23.266243823927855], [-97.7689563176422, 23.260295797877813], [-97.7685997982692, 23.252762125040825], [-97.76881370984555, 23.24479562143831], [-97.76834310403291, 23.237863851657234], [-97.76840014693082, 23.235151321041883], [-97.76802936685498, 23.231128289084], [-97.76778693408829, 23.22268870098503], [-97.76794380165244, 23.221587846323086], [-97.76748745693352, 23.214641765689738], [-97.7673883069073, 23.205598351970824], [-97.76681719976177, 23.199096962331343], [-97.76674856279615, 23.190517998476768], [-97.76613268322235, 23.178208244933096], [-97.76627529077079, 23.176871046008245], [-97.76606137928991, 23.175874693614773], [-97.76603285710794, 23.1711419161957], [-97.76561929472844, 23.165687870998596], [-97.76549094848114, 23.160181158699206], [-97.76517721046297, 23.158148860912767], [-97.76453547457014, 23.147541084103427], [-97.76486347325908, 23.143108908990765], [-97.76470660402393, 23.141522206997948], [-97.76494903758727, 23.139463400748596], [-97.76453547491242, 23.1346244243933], [-97.76464956124009, 23.133903153614344], [-97.76398110388527, 23.119319729223026], [-97.76289548454854, 23.106295211521232], [-97.76205409943547, 23.089544064087534], [-97.7618401874171, 23.07576904221166], [-97.76138384184218, 23.06934021650028], [-97.76154071023294, 23.06815937711029], [-97.76132679923545, 23.062163182962646], [-97.76164169554085, 23.055470094194376], [-97.76161758685132, 23.05530399830967], [-97.7604153290074, 23.05556997337641], [-97.76036541564913, 23.055435476235516], [-97.76141001935339, 23.055182882259658], [-97.76171090049954, 23.051534998993883], [-97.76156284976405, 23.04280684911447], [-97.76071264453634, 23.0277999434368], [-97.76085881778849, 23.026759829604188], [-97.76060212372953, 23.020601009285883], [-97.76071940137668, 23.018747170358253], [-97.76095388973748, 23.01810721459575], [-97.7609776575522, 23.015498524662274], [-97.76073997844817, 23.01070759037796], [-97.76076374644356, 22.99725815816223], [-97.7613520029974, 22.98812337649259], [-97.76170925725137, 22.985756468289036], [-97.76234963679266, 22.963565699888022], [-97.76470979704412, 22.946796806571683], [-97.76500214278364, 22.943165679416534], [-97.76532378947682, 22.933893232725158], [-97.76532000010678, 22.931395079491768], [-97.7650492500198, 22.92980957941351], [-97.765326392068, 22.92897526473509], [-97.76576960164186, 22.924302800068368], [-97.76569022620181, 22.90436411125186], [-97.76587323857072, 22.902319195653206], [-97.76583580481851, 22.89555148700041], [-97.76609130991334, 22.892653049376086], [-97.76663175906344, 22.890231817289838], [-97.76882462659556, 22.875395249640164], [-97.76973672330487, 22.8713247714947], [-97.77120483021481, 22.86714276196576], [-97.77278211325088, 22.860967633762773], [-97.77561715679566, 22.842643141142034], [-97.77689539864666, 22.836095452887992], [-97.77739214934759, 22.834833718104704], [-97.77870150013858, 22.829102138687865], [-97.77980935236242, 22.82566388768522], [-97.7821848133903, 22.814211626886166], [-97.78306794125656, 22.81139531236396], [-97.78632177744032, 22.79854289432546], [-97.78885450316878, 22.790604853184597], [-97.78995114634749, 22.788110643591438], [-97.79120609510474, 22.784225461754268], [-97.792772405347, 22.7810414144996], [-97.79807028557701, 22.76802395715761], [-97.80067446571587, 22.760490762038735], [-97.80721382468832, 22.74610624347736], [-97.81050331179645, 22.740253619763067], [-97.8149146484117, 22.72960865329301], [-97.82067362826582, 22.717336101513105], [-97.8223397634627, 22.712815281093345], [-97.82665364991071, 22.697559149208352], [-97.8274070939316, 22.69578960960869], [-97.82863352244216, 22.69389067144566], [-97.83001919514805, 22.69223291654535], [-97.83255999090149, 22.687320933699763], [-97.83528617655078, 22.679557886912196], [-97.83616083889373, 22.67596349152155], [-97.83708303582547, 22.673222124924404], [-97.83711144205085, 22.673012520661693], [-97.8367673444634, 22.672765670017835], [-97.83764667928176, 22.673115819372892], [-97.83833080691909, 22.674227784245765], [-97.83990392016415, 22.671879599609746], [-97.84090594970465, 22.671886859220173], [-97.84123003017194, 22.671480339061635], [-97.84130840562543, 22.670959676814057], [-97.83995036323232, 22.67072502602233], [-97.83989925356423, 22.67056237735917], [-97.84055003337053, 22.670606948548706], [-97.84051354543547, 22.669383442773505], [-97.84111065110068, 22.66746143323904], [-97.8427644897604, 22.665193779678752], [-97.8449749118811, 22.660258894427237], [-97.84545027097657, 22.657473347463142], [-97.84590749165494, 22.656361399362183], [-97.84608725300112, 22.654972886920053], [-97.84671797987536, 22.653218243706505], [-97.84864910924412, 22.645732195382905], [-97.85057405379459, 22.63713921425923], [-97.85060316831458, 22.63633644438919], [-97.8516446228199, 22.63286668666508], [-97.85174097527249, 22.63137484969939], [-97.85314634133404, 22.624766363159058], [-97.8540257557084, 22.61695151032165], [-97.85476021209605, 22.613259150335118], [-97.85483862111444, 22.611176746044304], [-97.85550412386058, 22.606520776540133], [-97.85577507859385, 22.605787918221754], [-97.85770503789095, 22.587781207564436], [-97.85806155754506, 22.5859334445611], [-97.8587793509449, 22.577343873044164], [-97.85932601373334, 22.566409720225895], [-97.85952091136805, 22.560444074271846], [-97.85939067087861, 22.55935014112214], [-97.85976809830882, 22.55420598841964], [-97.85952096929331, 22.549014474363656], [-97.86063367997971, 22.549101380691447], [-97.86491590967562, 22.551737139218194], [-97.86559461950523, 22.55175514000176], [-97.86578168010108, 22.551939108990616], [-97.865909799631, 22.55298645904157], [-97.8664882800013, 22.55401605950109], [-97.86687941943232, 22.55590561923032], [-97.86764219880432, 22.55720858056693], [-97.868490880005, 22.55988588047212], [-97.8694407703476, 22.561372819416427], [-97.87024748862132, 22.563333120468894], [-97.8707643491126, 22.56531551983363], [-97.87200763033965, 22.567705080386762], [-97.87227633866844, 22.569203600352434], [-97.87200193956222, 22.57148771992232], [-97.87242718033522, 22.573323780562315], [-97.87267862005197, 22.573588720052676], [-97.87259329014589, 22.573947919742444], [-97.87299134863564, 22.57426842997577], [-97.87326928875727, 22.57427586028388], [-97.87457025971443, 22.57211873942281], [-97.8750079401453, 22.57035121918702], [-97.87567653995154, 22.569302939640426], [-97.8761277186218, 22.568069089008603], [-97.87748581964618, 22.567554310673525], [-97.87751101863559, 22.566740349139994], [-97.87669779977868, 22.565496709713706], [-97.87634948990878, 22.56424148964636], [-97.87634462877517, 22.562731918875617], [-97.87668285034071, 22.562645120030798], [-97.87963296902092, 22.563227029371927], [-97.88054210991184, 22.563874250488485], [-97.88088388034791, 22.56450631045748], [-97.88155068987325, 22.564643889788336], [-97.8834127802851, 22.56368726036082], [-97.886059519317, 22.56323070949074], [-97.88705868974034, 22.56263438045085], [-97.88771967930188, 22.56250665035416], [-97.88881361917332, 22.561587570255657], [-97.88918387981195, 22.561644259893797], [-97.8894916185624, 22.561972799859657], [-97.89027096902875, 22.565595059902673], [-97.89130604859888, 22.568018568893812], [-97.89198243007505, 22.568683479499686], [-97.89316568969005, 22.570487949023093], [-97.89380233901666, 22.570768448958923], [-97.89575647944609, 22.571012080655944], [-97.90091819863663, 22.57102942037691], [-97.90406954014315, 22.57197089067244], [-97.90504290979442, 22.573005909704257], [-97.90585230975097, 22.574745090594384], [-97.9073611498888, 22.576630219945315], [-97.90991749028989, 22.579044679049144], [-97.91020991855977, 22.579689939894767], [-97.91017093937033, 22.5809593499597], [-97.90961161943257, 22.585066680412694], [-97.90814301890123, 22.5889132201822], [-97.9081139794595, 22.590283849900114], [-97.90898137884072, 22.592728510334858], [-97.91108719854041, 22.594342460460208], [-97.9121576587123, 22.595482619942093], [-97.91238644884794, 22.596609750375112], [-97.91223313917133, 22.598010249197735], [-97.91078416966768, 22.60104171911801], [-97.91002957974571, 22.604386260337666], [-97.90898010971969, 22.612973889562777], [-97.90943778013857, 22.615180740635143], [-97.9134943688219, 22.61886648061465], [-97.91686125905363, 22.625717920405688], [-97.91716378027964, 22.627541780643533], [-97.91654281974573, 22.629976379189685], [-97.91397495000298, 22.63429617041947], [-97.9133597692037, 22.635996229291266], [-97.91330887971083, 22.638434740056155], [-97.91392011928276, 22.64127428011842], [-97.91539391918573, 22.64428057956516], [-97.9189426791308, 22.648271520285885], [-97.92093779936903, 22.652458020276466], [-97.9222327392664, 22.652966219146418], [-97.92429924925618, 22.652370520164666], [-97.92641036893785, 22.649963399407074], [-97.92785236977025, 22.647761430233587], [-97.9290592004234, 22.64442886028302], [-97.92955984866629, 22.641141259719237], [-97.93172922900466, 22.639157539036052], [-97.9331921396638, 22.638403350031897], [-97.93471190984879, 22.63850158029114], [-97.93559339959033, 22.639212620234222], [-97.93596374050014, 22.6404785788939], [-97.93573279960972, 22.641681769396953], [-97.93346336881503, 22.64431117950378], [-97.93215599935162, 22.64541905060916], [-97.93068245984135, 22.647533779132754], [-97.92968128995955, 22.64999534053635], [-97.92924861858663, 22.65269570959073], [-97.92982785899669, 22.655608489999103], [-97.93137011883765, 22.656911720523585], [-97.93411240013792, 22.656990110380896], [-97.93728551853486, 22.656057339743974], [-97.93926688037625, 22.655233460464466], [-97.94196107979924, 22.653161920409374], [-97.94343319934669, 22.651318780636547], [-97.9447925798277, 22.64745082058528], [-97.94616996862942, 22.645461690220166], [-97.94833091000312, 22.64456497016912], [-97.95051755036972, 22.64443239969277], [-97.9537425500191, 22.645246690685155], [-97.95543285993901, 22.64541585065439], [-97.95945884996773, 22.645371968922845], [-97.96062697974517, 22.64596719944118], [-97.96112811874157, 22.646734450505377], [-97.96109021969686, 22.64755682976671], [-97.96046285025365, 22.649015200056457], [-97.95839981956108, 22.651459318943964], [-97.95737324892426, 22.65315690959723], [-97.9564363985583, 22.65556034051652], [-97.95615148999178, 22.658046280606477], [-97.95632454932637, 22.659172380291984], [-97.95706719970545, 22.660879569035966], [-97.95828780022563, 22.66239627919882], [-97.95926045916104, 22.662977169052834], [-97.96076516863566, 22.663101979212605], [-97.96196162870528, 22.662759380485685], [-97.96306390886491, 22.66210457012149], [-97.96508221988296, 22.659721830612398], [-97.96782248925503, 22.653841489796612], [-97.96921179940783, 22.651360079777568], [-97.96978164893251, 22.650850950003267], [-97.97089422026242, 22.650957120668203], [-97.9712582495331, 22.65186671925224], [-97.97117016926806, 22.653856919454313], [-97.97039030911499, 22.65559716891156], [-97.96967599864234, 22.657942949831494], [-97.96887277911355, 22.662595620570578], [-97.96873247911758, 22.66549717011408], [-97.9694864603907, 22.667844420159017], [-97.97034895020789, 22.669651198932694], [-97.97192570985045, 22.67063098004998], [-97.97335208955816, 22.670551949018016], [-97.97437293932153, 22.669618140096937], [-97.97460513918531, 22.66823263064675], [-97.9722859088281, 22.660569090493304], [-97.97223578019343, 22.658776649675012], [-97.97281588937379, 22.65671391056044], [-97.97423823032427, 22.653938680129492], [-97.97779513965308, 22.65059016898484], [-97.97901589048283, 22.65018097903063], [-97.98040871918175, 22.65030734061985], [-97.98170028947902, 22.65131457052821], [-97.98219595015293, 22.652644649304307], [-97.98193517936863, 22.6538137496552], [-97.98145968957608, 22.654604288911308], [-97.97623502860827, 22.658546649918748], [-97.97539324864506, 22.66097970897853], [-97.97578864897838, 22.663186629375986], [-97.97738827899963, 22.6653711400745], [-97.97975007946575, 22.667325519004464], [-97.98347530900345, 22.669141549382125], [-97.98522411902529, 22.6692113198748], [-97.98817034988956, 22.668382169464273], [-97.99079045030841, 22.666190569481547], [-97.99210157013403, 22.664523910389395], [-97.99306690890303, 22.66250207981373], [-97.99378545920284, 22.659539149553762], [-97.99445287956425, 22.659249489783026], [-97.99546591011436, 22.659343999006655], [-97.99802416930801, 22.660388200333955], [-97.99960630964455, 22.66072152004989], [-98.00027568881771, 22.66037457946052], [-98.00092837041993, 22.66035813990006], [-98.00216961948304, 22.659649279873392], [-98.00301530930689, 22.658712660443218], [-98.00328202887582, 22.652326380379524], [-98.00191743036295, 22.6517855999397], [-98.00061028860404, 22.65245313946943], [-97.99968667974439, 22.652487140178007], [-97.99930231017329, 22.651945739759196], [-97.99941799894887, 22.65060388966974], [-98.00027568920734, 22.64879822040036], [-98.00251911961955, 22.645320910232776], [-98.00682834941986, 22.639218889978782], [-98.00877251917653, 22.63589185055292], [-98.00992916929192, 22.632828740385495], [-98.01056634034238, 22.632064580545798], [-98.01163387899287, 22.63128717912453], [-98.01314284910906, 22.63088238008132], [-98.01362273917998, 22.630993259677794], [-98.0141448299514, 22.631530769526645], [-98.01415979888144, 22.632146550425606], [-98.01353265934881, 22.633443549680667], [-98.01162205854357, 22.6345465806205], [-98.01122088954831, 22.635223399689334], [-98.01140498025168, 22.63668182052044], [-98.01211485016285, 22.637824259995327], [-98.01421122984577, 22.640136919900623], [-98.01583464865638, 22.64072752020248], [-98.0171118295125, 22.640688909219755], [-98.01824259869694, 22.640138379108226], [-98.02145661869982, 22.637536519252436], [-98.02213937983215, 22.636565109226694], [-98.02204806037226, 22.63566442045794], [-98.0222757793889, 22.634986510141584], [-98.02285402924866, 22.63466483051348], [-98.02327962893875, 22.634667430251696], [-98.02372934970563, 22.634809539124557], [-98.0241015695045, 22.635276370137866], [-98.02468854945697, 22.637230340094266], [-98.02515889027825, 22.638023580318322], [-98.02590721869147, 22.638422948891428], [-98.02835666006625, 22.639064850532435], [-98.02892908899368, 22.639556089269835], [-98.02996422011417, 22.64190832015375], [-98.03083567890873, 22.64261037978088], [-98.0318862598337, 22.64277931025877], [-98.03308980031045, 22.64253102005081], [-98.03460043013544, 22.641355508942535], [-98.03843254900731, 22.661430849276503], [-98.0409415201674, 22.67268609026078], [-98.05708153907469, 22.752031660368672], [-98.05623098043561, 22.75379174006087], [-98.04947124984893, 22.799822119952136], [-98.08833504903822, 22.804452259381296], [-98.08968145009005, 22.794898629412405], [-98.11025467998694, 22.79761684963067], [-98.11613592023177, 22.758536679095865], [-98.1620587795075, 22.743135659391765], [-98.2082417098061, 22.748457380287473], [-98.21763636994352, 22.679145170552665], [-98.21761666008389, 22.674814709227952], [-98.21449320047245, 22.67101117927349], [-98.21552162888929, 22.67064535026875], [-98.21595071931452, 22.67074528910729], [-98.21672091867346, 22.671596680446257], [-98.2167719688703, 22.672140050503167], [-98.2172881786481, 22.67282745892857], [-98.21801262999593, 22.67268424962503], [-98.21925324957155, 22.673370510284283], [-98.22006490900266, 22.672948799944066], [-98.22026725985057, 22.67315246049023], [-98.21994574872386, 22.674024480103764], [-98.22024714925624, 22.674404649873075], [-98.2197200500729, 22.674726739963887], [-98.21973851041301, 22.674907199883428], [-98.22076767860749, 22.675242880473828], [-98.2210291395299, 22.675583089107604], [-98.22103033934623, 22.67602974975306], [-98.22143091045837, 22.676296250088924], [-98.22116830958333, 22.67686009061701], [-98.2204291696572, 22.676838460275054], [-98.2202260599794, 22.67720420044275], [-98.2207691496917, 22.677486738888827], [-98.22146993868667, 22.678560289453287], [-98.22227370977421, 22.678624309217263], [-98.22323216942682, 22.67790116960186], [-98.22584116923886, 22.67880609064061], [-98.22706494040824, 22.67878581958534], [-98.22790951944765, 22.679243660475386], [-98.22891321901835, 22.67872777961676], [-98.22885284972608, 22.67796441975364], [-98.22906694969244, 22.677617419299203], [-98.2300682189857, 22.676985200045216], [-98.231070629327, 22.676715978952462], [-98.23155494885354, 22.675950399744732], [-98.23173406042004, 22.675898909724793], [-98.2322763494334, 22.676555980617476], [-98.23308866025448, 22.676558648987005], [-98.23357265976856, 22.677001719023895], [-98.23369808887837, 22.67631557035632], [-98.23445863002266, 22.675740079704585], [-98.23448278026659, 22.67537118038086], [-98.23498387863013, 22.67513593898512], [-98.23619054903122, 22.67584893969714], [-98.23658991986694, 22.675604850563296], [-98.23672674933783, 22.675851508976894], [-98.23727421953456, 22.6758182290584], [-98.23749033864816, 22.675721890642915], [-98.2373096190006, 22.675413519783575], [-98.24005002934506, 22.67403551056182], [-98.2413059094759, 22.674207920119265], [-98.24189554009834, 22.67335406022715], [-98.24184085858339, 22.6729033998666], [-98.24070294948658, 22.671970569255688], [-98.24133687924015, 22.67125080007842], [-98.24199365033195, 22.67110223004371], [-98.24280294910838, 22.67165343026369], [-98.24328168899528, 22.67234234943099], [-98.24336176887353, 22.67299847993294], [-98.2444145497069, 22.672517969276015], [-98.24479817013548, 22.67205819958834], [-98.24628004901784, 22.671940340146737], [-98.24686207969523, 22.672213579445703], [-98.2499734295874, 22.67166636922011], [-98.25073290987342, 22.671805690185554], [-98.25179918047066, 22.671487079593877], [-98.2611334294944, 22.680606580309213], [-98.25577221856366, 22.718651349546736], [-98.26579568954529, 22.719796780038838], [-98.26475404964573, 22.728314220584853], [-98.27919033944235, 22.72998426008889], [-98.27550685911193, 22.758281000249315], [-98.29721191044743, 22.778204769594765], [-98.30257498010866, 22.78336861922966], [-98.30070334969217, 22.797265319142806], [-98.32050507974498, 22.79960827902863], [-98.31960925980353, 22.805280949687845], [-98.32859297951435, 22.80716947973483], [-98.33019073967398, 22.797261718868285], [-98.33623851039091, 22.798357259352017], [-98.33430162042326, 22.81021428950395], [-98.33749862017721, 22.810178799126614], [-98.33605959972337, 22.819103339166475], [-98.34518785985085, 22.82034348973643], [-98.34454939978146, 22.824915419044366], [-98.34143586007926, 22.824494948914353], [-98.33863626010722, 22.84271059947614], [-98.32336515014845, 22.84064559939409], [-98.32211960007172, 22.850978889665054], [-98.35250100004444, 22.854533628956293], [-98.35219848025102, 22.856617939529084], [-98.3273205499093, 22.886984459387786], [-98.34563125028463, 22.88955268908251], [-98.34457443022308, 22.896768419784568], [-98.3413849500458, 22.896503489021807], [-98.3399718897676, 22.907434399073548], [-98.33913511035733, 22.907598969544978], [-98.33217705004887, 22.90683837974397], [-98.33132437041809, 22.914981739516417], [-98.34173057978815, 22.917628689174897], [-98.32758375036964, 23.02321919931353], [-98.33110179956886, 23.02820288895329], [-98.34558790988058, 23.046253909549172], [-98.35220414978059, 23.051817548924017], [-98.36770074984382, 23.06222201921341], [-98.36243570996673, 23.066206889377067], [-98.35812271995495, 23.069050879410018], [-98.33035104963822, 23.08577401964684], [-98.33260692011952, 23.107987489032325], [-98.31734548995499, 23.112997519482708], [-98.31245418004414, 23.124724229252482], [-98.33958837959676, 23.14497119908829], [-98.32849231963097, 23.166076829376117], [-98.30398774021745, 23.146141828902955], [-98.29707602033616, 23.16203828903967], [-98.29078429038512, 23.178860969487218], [-98.27791077047436, 23.201171849405014], [-98.26697645992803, 23.215585689584444], [-98.26106035041894, 23.234894968936313], [-98.23229848967733, 23.226273419066455], [-98.23059480000286, 23.24568091919487], [-98.21785186029535, 23.25046922931799], [-98.20984508001435, 23.25325141909471], [-98.21277754029234, 23.29303005887365], [-98.2058906498783, 23.322798110056755], [-98.21088868917941, 23.347392369711393], [-98.19887941992347, 23.349088119692414], [-98.18266878018255, 23.35783512042128], [-98.17247397909603, 23.356140849869046], [-98.1663571994691, 23.353895570259077], [-98.15469001982383, 23.352985060530013], [-98.13574176940429, 23.34936948887245], [-98.12974565925089, 23.349491909062657], [-98.1267859487101, 23.36423015008281], [-98.1264897192691, 23.366845999572693], [-98.1259470902754, 23.367485170487594], [-98.12505657928439, 23.36805699907555], [-98.12364487995988, 23.369781019597237], [-98.122847488662, 23.36997366061027], [-98.12041879860888, 23.370140749581594], [-98.11522085957567, 23.36878130931074]]]}}, {"type": "Feature", "properties": {"CVEGEO": "28003", "CVE_ENT": "28", "NOMGEO": "Tamaulipas", "CVE_MUN": "003", "NOMMUN": "Altamira", "cov_": 2000, "cov_id": 2001}, "geometry": {"type": "Polygon", "coordinates": [[[-98.04947124984893, 22.799822119952136], [-98.05623098043561, 22.75379174006087], [-98.05708153907469, 22.752031660368672], [-98.0409415201674, 22.67268609026078], [-98.03843254900731, 22.661430849276503], [-98.03460043013544, 22.641355508942535], [-98.03308980031045, 22.64253102005081], [-98.0318862598337, 22.64277931025877], [-98.03083567890873, 22.64261037978088], [-98.02996422011417, 22.64190832015375], [-98.02892908899368, 22.639556089269835], [-98.02835666006625, 22.639064850532435], [-98.02590721869147, 22.638422948891428], [-98.02515889027825, 22.638023580318322], [-98.02468854945697, 22.637230340094266], [-98.0241015695045, 22.635276370137866], [-98.02372934970563, 22.634809539124557], [-98.02327962893875, 22.634667430251696], [-98.02285402924866, 22.63466483051348], [-98.0222757793889, 22.634986510141584], [-98.02204806037226, 22.63566442045794], [-98.02213937983215, 22.636565109226694], [-98.02145661869982, 22.637536519252436], [-98.01824259869694, 22.640138379108226], [-98.0171118295125, 22.640688909219755], [-98.01583464865638, 22.64072752020248], [-98.01421122984577, 22.640136919900623], [-98.01211485016285, 22.637824259995327], [-98.01140498025168, 22.63668182052044], [-98.01122088954831, 22.635223399689334], [-98.01162205854357, 22.6345465806205], [-98.01353265934881, 22.633443549680667], [-98.01415979888144, 22.632146550425606], [-98.0141448299514, 22.631530769526645], [-98.01362273917998, 22.630993259677794], [-98.01314284910906, 22.63088238008132], [-98.01163387899287, 22.63128717912453], [-98.01056634034238, 22.632064580545798], [-98.00992916929192, 22.632828740385495], [-98.00877251917653, 22.63589185055292], [-98.00682834941986, 22.639218889978782], [-98.00251911961955, 22.645320910232776], [-98.00027568920734, 22.64879822040036], [-97.99941799894887, 22.65060388966974], [-97.99930231017329, 22.651945739759196], [-97.99968667974439, 22.652487140178007], [-98.00061028860404, 22.65245313946943], [-98.00191743036295, 22.6517855999397], [-98.00328202887582, 22.652326380379524], [-98.00301530930689, 22.658712660443218], [-98.00216961948304, 22.659649279873392], [-98.00092837041993, 22.66035813990006], [-98.00027568881771, 22.66037457946052], [-97.99960630964455, 22.66072152004989], [-97.99802416930801, 22.660388200333955], [-97.99546591011436, 22.659343999006655], [-97.99445287956425, 22.659249489783026], [-97.99378545920284, 22.659539149553762], [-97.99306690890303, 22.66250207981373], [-97.99210157013403, 22.664523910389395], [-97.99079045030841, 22.666190569481547], [-97.98817034988956, 22.668382169464273], [-97.98522411902529, 22.6692113198748], [-97.98347530900345, 22.669141549382125], [-97.97975007946575, 22.667325519004464], [-97.97738827899963, 22.6653711400745], [-97.97578864897838, 22.663186629375986], [-97.97539324864506, 22.66097970897853], [-97.97623502860827, 22.658546649918748], [-97.98145968957608, 22.654604288911308], [-97.98193517936863, 22.6538137496552], [-97.98219595015293, 22.652644649304307], [-97.98170028947902, 22.65131457052821], [-97.98040871918175, 22.65030734061985], [-97.97901589048283, 22.65018097903063], [-97.97779513965308, 22.65059016898484], [-97.97423823032427, 22.653938680129492], [-97.97281588937379, 22.65671391056044], [-97.97223578019343, 22.658776649675012], [-97.9722859088281, 22.660569090493304], [-97.97460513918531, 22.66823263064675], [-97.97437293932153, 22.669618140096937], [-97.97335208955816, 22.670551949018016], [-97.97192570985045, 22.67063098004998], [-97.97034895020789, 22.669651198932694], [-97.9694864603907, 22.667844420159017], [-97.96873247911758, 22.66549717011408], [-97.96887277911355, 22.662595620570578], [-97.96967599864234, 22.657942949831494], [-97.97039030911499, 22.65559716891156], [-97.97117016926806, 22.653856919454313], [-97.9712582495331, 22.65186671925224], [-97.97089422026242, 22.650957120668203], [-97.96978164893251, 22.650850950003267], [-97.96921179940783, 22.651360079777568], [-97.96782248925503, 22.653841489796612], [-97.96508221988296, 22.659721830612398], [-97.96306390886491, 22.66210457012149], [-97.96196162870528, 22.662759380485685], [-97.96076516863566, 22.663101979212605], [-97.95926045916104, 22.662977169052834], [-97.95828780022563, 22.66239627919882], [-97.95706719970545, 22.660879569035966], [-97.95632454932637, 22.659172380291984], [-97.95615148999178, 22.658046280606477], [-97.9564363985583, 22.65556034051652], [-97.95737324892426, 22.65315690959723], [-97.95839981956108, 22.651459318943964], [-97.96046285025365, 22.649015200056457], [-97.96109021969686, 22.64755682976671], [-97.96112811874157, 22.646734450505377], [-97.96062697974517, 22.64596719944118], [-97.95945884996773, 22.645371968922845], [-97.95543285993901, 22.64541585065439], [-97.9537425500191, 22.645246690685155], [-97.95051755036972, 22.64443239969277], [-97.94833091000312, 22.64456497016912], [-97.94616996862942, 22.645461690220166], [-97.9447925798277, 22.64745082058528], [-97.94343319934669, 22.651318780636547], [-97.94196107979924, 22.653161920409374], [-97.93926688037625, 22.655233460464466], [-97.93728551853486, 22.656057339743974], [-97.93411240013792, 22.656990110380896], [-97.93137011883765, 22.656911720523585], [-97.92982785899669, 22.655608489999103], [-97.92924861858663, 22.65269570959073], [-97.92968128995955, 22.64999534053635], [-97.93068245984135, 22.647533779132754], [-97.93215599935162, 22.64541905060916], [-97.93346336881503, 22.64431117950378], [-97.93573279960972, 22.641681769396953], [-97.93596374050014, 22.6404785788939], [-97.93559339959033, 22.639212620234222], [-97.93471190984879, 22.63850158029114], [-97.9331921396638, 22.638403350031897], [-97.93172922900466, 22.639157539036052], [-97.92955984866629, 22.641141259719237], [-97.9290592004234, 22.64442886028302], [-97.92785236977025, 22.647761430233587], [-97.92641036893785, 22.649963399407074], [-97.92429924925618, 22.652370520164666], [-97.9222327392664, 22.652966219146418], [-97.92093779936903, 22.652458020276466], [-97.9189426791308, 22.648271520285885], [-97.91539391918573, 22.64428057956516], [-97.91392011928276, 22.64127428011842], [-97.91330887971083, 22.638434740056155], [-97.9133597692037, 22.635996229291266], [-97.91397495000298, 22.63429617041947], [-97.91654281974573, 22.629976379189685], [-97.91716378027964, 22.627541780643533], [-97.91686125905363, 22.625717920405688], [-97.9134943688219, 22.61886648061465], [-97.90943778013857, 22.615180740635143], [-97.90898010971969, 22.612973889562777], [-97.91002957974571, 22.604386260337666], [-97.91078416966768, 22.60104171911801], [-97.91223313917133, 22.598010249197735], [-97.91238644884794, 22.596609750375112], [-97.9121576587123, 22.595482619942093], [-97.91108719854041, 22.594342460460208], [-97.90898137884072, 22.592728510334858], [-97.9081139794595, 22.590283849900114], [-97.90814301890123, 22.5889132201822], [-97.90961161943257, 22.585066680412694], [-97.91017093937033, 22.5809593499597], [-97.91020991855977, 22.579689939894767], [-97.90991749028989, 22.579044679049144], [-97.9073611498888, 22.576630219945315], [-97.90585230975097, 22.574745090594384], [-97.90504290979442, 22.573005909704257], [-97.90406954014315, 22.57197089067244], [-97.90091819863663, 22.57102942037691], [-97.89575647944609, 22.571012080655944], [-97.89380233901666, 22.570768448958923], [-97.89316568969005, 22.570487949023093], [-97.89198243007505, 22.568683479499686], [-97.89130604859888, 22.568018568893812], [-97.89027096902875, 22.565595059902673], [-97.8894916185624, 22.561972799859657], [-97.88918387981195, 22.561644259893797], [-97.88881361917332, 22.561587570255657], [-97.88771967930188, 22.56250665035416], [-97.88705868974034, 22.56263438045085], [-97.886059519317, 22.56323070949074], [-97.8834127802851, 22.56368726036082], [-97.88155068987325, 22.564643889788336], [-97.88088388034791, 22.56450631045748], [-97.88054210991184, 22.563874250488485], [-97.87963296902092, 22.563227029371927], [-97.87668285034071, 22.562645120030798], [-97.87634462877517, 22.562731918875617], [-97.87634948990878, 22.56424148964636], [-97.87669779977868, 22.565496709713706], [-97.87751101863559, 22.566740349139994], [-97.87748581964618, 22.567554310673525], [-97.8761277186218, 22.568069089008603], [-97.87567653995154, 22.569302939640426], [-97.8750079401453, 22.57035121918702], [-97.87457025971443, 22.57211873942281], [-97.87326928875727, 22.57427586028388], [-97.87299134863564, 22.57426842997577], [-97.87259329014589, 22.573947919742444], [-97.87267862005197, 22.573588720052676], [-97.87242718033522, 22.573323780562315], [-97.87200193956222, 22.57148771992232], [-97.87227633866844, 22.569203600352434], [-97.87200763033965, 22.567705080386762], [-97.8707643491126, 22.56531551983363], [-97.87024748862132, 22.563333120468894], [-97.8694407703476, 22.561372819416427], [-97.868490880005, 22.55988588047212], [-97.86764219880432, 22.55720858056693], [-97.86687941943232, 22.55590561923032], [-97.8664882800013, 22.55401605950109], [-97.865909799631, 22.55298645904157], [-97.86578168010108, 22.551939108990616], [-97.86559461950523, 22.55175514000176], [-97.86491590967562, 22.551737139218194], [-97.86063367997971, 22.549101380691447], [-97.85952096929331, 22.549014474363656], [-97.85911431726757, 22.536399833169877], [-97.85855646023356, 22.531799462212646], [-97.85787616772404, 22.51985854417939], [-97.85660240824438, 22.509864340679734], [-97.85484337449815, 22.50411109809893], [-97.8527565459399, 22.49903868651811], [-97.85134948221254, 22.496315756619065], [-97.8503271555877, 22.493010626736176], [-97.83353116176593, 22.49304246742742], [-97.83350739379178, 22.492625230142067], [-97.85756876755609, 22.49257749638761], [-97.8584388506094, 22.490109469336325], [-97.85831270644378, 22.489785264045814], [-97.85778684044872, 22.489604091447312], [-97.85861289174139, 22.489510363045767], [-97.85820331024081, 22.485264578617652], [-97.85696812606069, 22.485266992361392], [-97.85695353359822, 22.485043493388797], [-97.85802192920637, 22.485039482300834], [-97.85801411518024, 22.4832136529238], [-97.8574640307406, 22.48217531769265], [-97.83443331540808, 22.4822610731535], [-97.83437269593591, 22.481881685462653], [-97.83452546597637, 22.481751564786784], [-97.85676629722896, 22.48179164403744], [-97.85766294396645, 22.47905977290345], [-97.85829873741378, 22.4761580051383], [-97.85875329876968, 22.471084568134398], [-97.85870279221912, 22.467197004249982], [-97.85721135202803, 22.454520481294193], [-97.8568875131998, 22.452505090110034], [-97.8562784594282, 22.45059401089719], [-97.85602295311999, 22.447990947617615], [-97.85517324833953, 22.445000658766606], [-97.85444832511072, 22.440538445223215], [-97.85389274913781, 22.438061512291217], [-97.85347680907988, 22.437405199771604], [-97.851759573026, 22.42949899992605], [-97.85130203985364, 22.428447186393548], [-97.8452412070138, 22.40537228645751], [-97.84331243639903, 22.398849229477644], [-97.8401114844635, 22.389705228428443], [-97.8366455999691, 22.376455480491543], [-97.82880565392186, 22.35084476273425], [-97.82659523213621, 22.345028111616095], [-97.82488453887728, 22.33928402666839], [-97.81959175970027, 22.325787915640113], [-97.83530548910976, 22.326088650522895], [-97.83515314033276, 22.323132539527496], [-97.84317242936247, 22.323192620057366], [-97.84478695003756, 22.322456570649816], [-97.84613304794918, 22.326470280360674], [-97.84637822669447, 22.326446891379504], [-97.84907494927963, 22.325460350542652], [-97.85142542801975, 22.324006550737288], [-97.85567253906957, 22.321903427819247], [-97.85723573879396, 22.321694460357552], [-97.86449165025894, 22.321563801043673], [-97.86492250997048, 22.322073539872182], [-97.86580813879378, 22.324208540631048], [-97.88314893960711, 22.323017000001293], [-97.88682610910364, 22.323561020164387], [-97.89020068945494, 22.323798280223965], [-97.89647571923452, 22.324820690150514], [-97.89980332025368, 22.325514489670383], [-97.90222644920559, 22.326534490101583], [-97.92514234972968, 22.32484197050291], [-97.95002890939304, 22.323288380313375], [-97.95197090857228, 22.324250820414807], [-97.95378777886607, 22.324856220570673], [-97.95631544958988, 22.326575630587936], [-97.9572798003001, 22.326565799284527], [-97.96135077881186, 22.325606378904297], [-97.96264045003781, 22.325804509828853], [-97.96367416879232, 22.32648059990731], [-97.96439681858848, 22.327942769118856], [-97.96464138042279, 22.32992670970425], [-97.9660788599519, 22.33193561976745], [-97.96776937970616, 22.33273691006122], [-97.96961919908854, 22.333046820187764], [-97.97040542980835, 22.33289777947973], [-97.9721017198426, 22.333007980037504], [-97.9734601396707, 22.333638049708643], [-97.9746284000616, 22.334689459177557], [-97.97677050916214, 22.33836202045557], [-97.97759419971497, 22.33902594989858], [-97.98303061933491, 22.340343890108336], [-97.98524296903595, 22.34117808059326], [-97.98636778035996, 22.342713879335577], [-97.98891882901414, 22.349775630117623], [-97.99002024906108, 22.350863819508415], [-97.99128599909862, 22.351406140450994], [-97.99269751862161, 22.35133288999877], [-97.99379081886815, 22.350626279148123], [-97.99625125938806, 22.348482708960848], [-97.99763228000508, 22.347991649025147], [-97.99912139856832, 22.34792351981714], [-98.00071010857987, 22.34815705022583], [-98.00625668024735, 22.349893079157834], [-98.0113177502355, 22.352821140056054], [-98.01290141982858, 22.353279508990717], [-98.01440868033711, 22.353279660249644], [-98.01809040006881, 22.35234148038377], [-98.01949292036514, 22.35223790927867], [-98.0210744591133, 22.352783579693817], [-98.02212507894252, 22.353683459105245], [-98.02461491928916, 22.35683600060028], [-98.02606007872275, 22.357772750451193], [-98.02847211016802, 22.3583920899178], [-98.03135998006647, 22.357627550600316], [-98.03493973900594, 22.35623723005331], [-98.03872447877126, 22.355764280371183], [-98.04424701967334, 22.35593942000382], [-98.0493548293759, 22.356348309547762], [-98.05166953975043, 22.35624430978932], [-98.05396049017732, 22.355540170119387], [-98.05545470935176, 22.354326420452537], [-98.056727449914, 22.352048339506318], [-98.05737611885732, 22.34907565893434], [-98.0582178303015, 22.34714054996403], [-98.05945171910061, 22.34637702970176], [-98.06139210950062, 22.34678691053202], [-98.06355365938738, 22.348314230304922], [-98.06495170876605, 22.348641219300802], [-98.07080182873266, 22.34695411951514], [-98.07278145877774, 22.347161489287586], [-98.07426330984582, 22.347781200258073], [-98.07571098035483, 22.349251120475632], [-98.07709821949724, 22.351640739275815], [-98.07796010871573, 22.355286509267867], [-98.0791404191821, 22.35832282907834], [-98.08471019870917, 22.368684629728104], [-98.08601530907187, 22.37015365904393], [-98.08823757945044, 22.37122921970386], [-98.09253387998966, 22.372266060460685], [-98.09549367896273, 22.372694450187065], [-98.09685155013105, 22.372374849679247], [-98.09794626016435, 22.371515509138312], [-98.10058773960802, 22.367964770254044], [-98.10245293896408, 22.366695540062327], [-98.10394588017958, 22.3660910296447], [-98.10513535007188, 22.366023079198392], [-98.10621311907538, 22.36671231014606], [-98.10727157953282, 22.36833315056742], [-98.10884122907493, 22.372039448885626], [-98.11186567932906, 22.378152180487238], [-98.11226346007847, 22.38073837939733], [-98.1120185985397, 22.385727880136955], [-98.11114762981414, 22.39031965033336], [-98.11127007874828, 22.39207820021705], [-98.11203442855384, 22.39375950892544], [-98.11353596959117, 22.39530328026968], [-98.11590528927434, 22.39676974982895], [-98.11927261921926, 22.39806957955858], [-98.12588031911213, 22.400172169364], [-98.12878682927432, 22.401819149992498], [-98.13365396969114, 22.4050507102193], [-98.13837945949666, 22.407559619158995], [-98.15156020042275, 22.412944629266427], [-98.15300011941981, 22.41307394005379], [-98.15758885878554, 22.41052345998111], [-98.16013565863929, 22.40994265987805], [-98.16328724973276, 22.409984829812547], [-98.16604622867823, 22.411086740392207], [-98.16818338026214, 22.41301597029899], [-98.1714667998207, 22.416835829466137], [-98.17345765878349, 22.418348970357574], [-98.17654505926227, 22.419869320491827], [-98.18576099867197, 22.422862568970725], [-98.18748548936175, 22.423868509471546], [-98.18898752031981, 22.425339449906375], [-98.1900613400351, 22.427426019395018], [-98.19045320031273, 22.429563720484676], [-98.19041976865661, 22.431659769641907], [-98.18913659911412, 22.439987909942182], [-98.18974319973562, 22.44179051893914], [-98.19122878037707, 22.443448819606058], [-98.19343336956406, 22.44490345016075], [-98.19783268014865, 22.44692950939404], [-98.19912533894262, 22.447865370076237], [-98.19988467879662, 22.449035878924327], [-98.19989791038346, 22.450439999770442], [-98.19935480020403, 22.45237531028892], [-98.19341475017883, 22.46316363043517], [-98.19261542952654, 22.465216259436705], [-98.19256221942378, 22.46705511059678], [-98.19355285027687, 22.468721200437642], [-98.19499521912132, 22.46955896991494], [-98.19677091874175, 22.469547830311086], [-98.19881877948043, 22.4687274602576], [-98.20335559971461, 22.46522981914246], [-98.20538241853897, 22.464349919550845], [-98.20700247916818, 22.464023830323054], [-98.20882776912687, 22.46476236933455], [-98.21083953887937, 22.46653222948442], [-98.2140857793672, 22.469953169063647], [-98.21597367886068, 22.471069779482285], [-98.21782202915176, 22.471652250457986], [-98.21984364878101, 22.471750909681415], [-98.221514949717, 22.47124225990864], [-98.22373738011676, 22.469503029817776], [-98.2254075197436, 22.46769170999346], [-98.22967911883252, 22.462148749013124], [-98.23117294898323, 22.461404419611583], [-98.23236513901672, 22.461330980161826], [-98.23382982984765, 22.46201030931105], [-98.23482472036434, 22.46298403064544], [-98.23787481990846, 22.467139290206447], [-98.24030822944452, 22.469721578917486], [-98.24285427899758, 22.471177169609632], [-98.24519062859576, 22.47171463036307], [-98.24793142889261, 22.471656629351155], [-98.25004034968235, 22.47091481985649], [-98.25200759940442, 22.469203479509527], [-98.2533843991169, 22.466461060587775], [-98.2544715685503, 22.462154999733233], [-98.25499596915974, 22.457314169313133], [-98.25547502930881, 22.45527949065498], [-98.2566341702391, 22.453406149857887], [-98.25842359898695, 22.45205622913219], [-98.26210677892118, 22.45031655041504], [-98.26923167877652, 22.448059170644434], [-98.27293688985205, 22.44729105024828], [-98.27554262893217, 22.447673999403747], [-98.2776214293239, 22.448948970045684], [-98.27929013936493, 22.451349289929013], [-98.28084577035862, 22.45505428044955], [-98.28224697888072, 22.460015319112294], [-98.28361297914067, 22.463383260143857], [-98.2853132596853, 22.465397459806542], [-98.2873693193068, 22.467028170398514], [-98.28959983014994, 22.467848799133204], [-98.29166450990897, 22.467798549063872], [-98.2926895793942, 22.468876309767], [-98.29314594926996, 22.46971484978263], [-98.29365753867867, 22.47201891935417], [-98.29428479933547, 22.47361276996197], [-98.29396585045714, 22.475067258909792], [-98.29526059945417, 22.47493516940305], [-98.29657702910153, 22.476002119290413], [-98.29752847921723, 22.47631962984672], [-98.30035587942308, 22.476698050423042], [-98.30454113896216, 22.47863124998378], [-98.3053330892507, 22.483832580114708], [-98.30737601974283, 22.49405491965847], [-98.30940351987354, 22.493731550353175], [-98.31024414982585, 22.49856045045715], [-98.30651421894186, 22.499210970227892], [-98.31129011997002, 22.50028362999442], [-98.30783153954484, 22.510042599186924], [-98.3162374194643, 22.511716889644017], [-98.3163321187744, 22.511177290182403], [-98.32900922033224, 22.51281939982118], [-98.32211567991592, 22.55968711950963], [-98.34348494867209, 22.561906249849798], [-98.33212859908812, 22.65393501939833], [-98.30930364924265, 22.651562659050683], [-98.30396993909308, 22.69184308919366], [-98.30879936985997, 22.692454378924385], [-98.30538488967731, 22.71799386067111], [-98.3053354788037, 22.71817416999719], [-98.30342460431227, 22.71613695287591], [-98.3031349799352, 22.719581979883035], [-98.30228013886106, 22.718773539216667], [-98.30172514464164, 22.719287538921318], [-98.29953656948179, 22.717207380640165], [-98.29935551887579, 22.718401339742883], [-98.30134996949964, 22.720261660661563], [-98.30205965302736, 22.719605460113392], [-98.30477185900895, 22.722183149977205], [-98.30090799941347, 22.751157250350268], [-98.29205324932309, 22.750062200439], [-98.28924946015852, 22.770914709130064], [-98.27550685911193, 22.758281000249315], [-98.27919033944235, 22.72998426008889], [-98.26475404964573, 22.728314220584853], [-98.26579568954529, 22.719796780038838], [-98.25577221856366, 22.718651349546736], [-98.2611334294944, 22.680606580309213], [-98.25179918047066, 22.671487079593877], [-98.25073290987342, 22.671805690185554], [-98.2499734295874, 22.67166636922011], [-98.24686207969523, 22.672213579445703], [-98.24628004901784, 22.671940340146737], [-98.24479817013548, 22.67205819958834], [-98.2444145497069, 22.672517969276015], [-98.24336176887353, 22.67299847993294], [-98.24328168899528, 22.67234234943099], [-98.24280294910838, 22.67165343026369], [-98.24199365033195, 22.67110223004371], [-98.24133687924015, 22.67125080007842], [-98.24070294948658, 22.671970569255688], [-98.24184085858339, 22.6729033998666], [-98.24189554009834, 22.67335406022715], [-98.2413059094759, 22.674207920119265], [-98.24005002934506, 22.67403551056182], [-98.2373096190006, 22.675413519783575], [-98.23749033864816, 22.675721890642915], [-98.23727421953456, 22.6758182290584], [-98.23672674933783, 22.675851508976894], [-98.23658991986694, 22.675604850563296], [-98.23619054903122, 22.67584893969714], [-98.23498387863013, 22.67513593898512], [-98.23448278026659, 22.67537118038086], [-98.23445863002266, 22.675740079704585], [-98.23369808887837, 22.67631557035632], [-98.23357265976856, 22.677001719023895], [-98.23308866025448, 22.676558648987005], [-98.2322763494334, 22.676555980617476], [-98.23173406042004, 22.675898909724793], [-98.23155494885354, 22.675950399744732], [-98.231070629327, 22.676715978952462], [-98.2300682189857, 22.676985200045216], [-98.22906694969244, 22.677617419299203], [-98.22885284972608, 22.67796441975364], [-98.22891321901835, 22.67872777961676], [-98.22790951944765, 22.679243660475386], [-98.22706494040824, 22.67878581958534], [-98.22584116923886, 22.67880609064061], [-98.22323216942682, 22.67790116960186], [-98.22227370977421, 22.678624309217263], [-98.22146993868667, 22.678560289453287], [-98.2207691496917, 22.677486738888827], [-98.2202260599794, 22.67720420044275], [-98.2204291696572, 22.676838460275054], [-98.22116830958333, 22.67686009061701], [-98.22143091045837, 22.676296250088924], [-98.22103033934623, 22.67602974975306], [-98.2210291395299, 22.675583089107604], [-98.22076767860749, 22.675242880473828], [-98.21973851041301, 22.674907199883428], [-98.2197200500729, 22.674726739963887], [-98.22024714925624, 22.674404649873075], [-98.21994574872386, 22.674024480103764], [-98.22026725985057, 22.67315246049023], [-98.22006490900266, 22.672948799944066], [-98.21925324957155, 22.673370510284283], [-98.21801262999593, 22.67268424962503], [-98.2172881786481, 22.67282745892857], [-98.2167719688703, 22.672140050503167], [-98.21647874032426, 22.671290719779076], [-98.21595071931452, 22.67074528910729], [-98.21552162888929, 22.67064535026875], [-98.21449320047245, 22.67101117927349], [-98.21761666008389, 22.674814709227952], [-98.21763636994352, 22.679145170552665], [-98.2082417098061, 22.748457380287473], [-98.1620587795075, 22.743135659391765], [-98.11613592023177, 22.758536679095865], [-98.11025467998694, 22.79761684963067], [-98.08968145009005, 22.794898629412405], [-98.08833504903822, 22.804452259381296], [-98.04947124984893, 22.799822119952136]]]}}, {"type": "Feature", "properties": {"CVEGEO": "28004", "CVE_ENT": "28", "NOMGEO": "Tamaulipas", "CVE_MUN": "004", "NOMMUN": "Antiguo Morelos", "cov_": 2022, "cov_id": 2023}, "geometry": {"type": "Polygon", "coordinates": [[[-99.13395945959583, 22.76724701947094], [-99.1164010002954, 22.765008829008995], [-99.11704316968749, 22.757825139525536], [-99.11911741962642, 22.75811367955255], [-99.11650748028707, 22.75148917952678], [-99.086507740387, 22.746916509617698], [-99.07552974046075, 22.717425719262703], [-99.08133633982175, 22.717200619136065], [-99.07874500021296, 22.702542369140957], [-99.07612404970774, 22.689211859686417], [-99.07432368019798, 22.681274169163448], [-99.07063417972913, 22.662205249083662], [-99.06505774996825, 22.637436519702664], [-99.06387478014294, 22.628646969225418], [-99.05158042960961, 22.636236229011214], [-99.03631294026039, 22.636100739743355], [-99.02488183040099, 22.619418379324514], [-99.02451993972927, 22.618510739769402], [-99.02258653973149, 22.616463798882407], [-99.02245602026186, 22.61675056977179], [-99.02170097975726, 22.615582379244305], [-99.01953085022802, 22.615523459151653], [-99.01700979762163, 22.61283939984881], [-99.01772416978729, 22.612821849051954], [-99.01749534003143, 22.611517279346277], [-99.01577067972559, 22.611568848985847], [-99.01436762043949, 22.61005911919312], [-99.01605449011782, 22.6091004590477], [-99.01355688047634, 22.606419479533105], [-99.0143414204523, 22.606168249290914], [-99.01300351042686, 22.604805489467964], [-99.01186725968711, 22.60415417901452], [-99.0272816595621, 22.59961147963838], [-99.0261859999475, 22.59780297974521], [-99.02508955023049, 22.598383479102495], [-99.01400214988907, 22.586295819008658], [-99.01844309026255, 22.58502079944396], [-98.96873571984595, 22.502897349213075], [-98.9590805203515, 22.456675819050314], [-98.93875376974832, 22.455803539462256], [-98.93510701999564, 22.436517429740057], [-98.92534648018506, 22.372903619211314], [-98.91268071959831, 22.374216248983817], [-98.91159373983683, 22.37349190943563], [-98.91063631037811, 22.37252644910582], [-98.90986602987564, 22.372247658904694], [-98.91002225981455, 22.371704849291884], [-98.91228263002883, 22.373797919732063], [-98.91350977961366, 22.37402171954198], [-98.91711285993168, 22.37161851905498], [-98.91882038022075, 22.371421079252205], [-98.91941289007346, 22.371106739451783], [-98.92554486042138, 22.371746779124205], [-98.9300715999437, 22.38255867947095], [-98.93197271978379, 22.392775139411743], [-99.00546100048668, 22.405270748916145], [-99.06039944954024, 22.41526851972629], [-99.11256727958009, 22.406761649465754], [-99.1146291198018, 22.40672948961089], [-99.11366258002857, 22.415104049193257], [-99.11234656964955, 22.4166385096455], [-99.1118720803125, 22.417783919306693], [-99.10959379956805, 22.430122889769383], [-99.1098984596035, 22.44200874913049], [-99.11403954002834, 22.453476019164825], [-99.11817381986532, 22.463041739271606], [-99.12263220027477, 22.472052419762168], [-99.12317418046507, 22.475940289253852], [-99.12273648989658, 22.480086079735106], [-99.12381734971005, 22.487711059016544], [-99.12694396967332, 22.49734205919428], [-99.12712734008618, 22.499144489696754], [-99.12845814974415, 22.502518749439712], [-99.12998053988248, 22.504423919694023], [-99.13356250953312, 22.510212399407774], [-99.1422952796101, 22.528375229243636], [-99.14669533978582, 22.538887149492037], [-99.14781793991112, 22.54229313929511], [-99.16165089045825, 22.553948888943587], [-99.16253863015497, 22.556781249569607], [-99.17345865981167, 22.57630277892992], [-99.17895429004415, 22.587162769429284], [-99.18373896992254, 22.59944497968898], [-99.18460918002299, 22.604772999748842], [-99.1883512798172, 22.621141829765588], [-99.1891448595823, 22.62032628947361], [-99.1905991104113, 22.61993717895531], [-99.19967102988254, 22.613637859374812], [-99.20095685000175, 22.610945739259012], [-99.21047604960505, 22.614189489186288], [-99.20719447959723, 22.642381619108434], [-99.20296417018092, 22.641924079213904], [-99.20280242985784, 22.64376571913947], [-99.20135937031438, 22.64732011916376], [-99.2009457495814, 22.664555049237798], [-99.20520012003914, 22.674182059570736], [-99.19615069028258, 22.673335119146152], [-99.19393878023942, 22.687263509211924], [-99.20016319982254, 22.687843908932088], [-99.19904576977869, 22.69340661928977], [-99.1886374796034, 22.692494379219273], [-99.19099906014442, 22.697315219000476], [-99.1903776804795, 22.702154799659816], [-99.19787650960242, 22.702915199294722], [-99.19706647964196, 22.71079279953537], [-99.19060031023854, 22.71013534896606], [-99.18496287982302, 22.709040289492687], [-99.18184367991836, 22.70869128943607], [-99.18072352013532, 22.715994979506313], [-99.16707401952664, 22.714196309379908], [-99.16621885043149, 22.721379749668703], [-99.16283117034779, 22.72090477930752], [-99.16229101983056, 22.72457604895195], [-99.1616246504041, 22.733185479462463], [-99.16065613956651, 22.741151749772076], [-99.15110068011313, 22.73852427976183], [-99.15014042972206, 22.745895768876284], [-99.14909037026429, 22.74567207919527], [-99.14879944957978, 22.747461169198022], [-99.14464462045376, 22.746459599625428], [-99.14310250964266, 22.753897999603673], [-99.1411203495347, 22.753566229351105], [-99.13917703008204, 22.767111539395913], [-99.13395945959583, 22.76724701947094]]]}}, {"type": "Feature", "properties": {"CVEGEO": "28005", "CVE_ENT": "28", "NOMGEO": "Tamaulipas", "CVE_MUN": "005", "NOMMUN": "Burgos", "cov_": 2012, "cov_id": 2013}, "geometry": {"type": "Polygon", "coordinates": [[[-98.86384361966977, 25.12712501961487], [-98.8633699199795, 25.099589709031942], [-98.85272469047821, 25.099211488944693], [-98.85272368982035, 25.099083259603542], [-98.85056531011959, 25.098995319156685], [-98.85056028994667, 25.098772709408276], [-98.84302519973046, 25.09886573910984], [-98.84327348969602, 25.0886199395384], [-98.84295757987574, 25.08871225946542], [-98.84296933986192, 25.086823949341063], [-98.84140276983285, 25.08685331934636], [-98.84128274977974, 25.085967969068637], [-98.84083530985926, 25.085508418994312], [-98.83916764970597, 25.086400949242066], [-98.83585000030713, 25.087236679431122], [-98.83385869011427, 25.08845825959753], [-98.83295945040867, 25.08851121918876], [-98.8326565996224, 25.093803058907216], [-98.83292662048449, 25.096207889354755], [-98.82306377952051, 25.0985544892605], [-98.82312141992948, 25.081197878921454], [-98.81770706028391, 25.08114771909565], [-98.81633250980816, 25.08333171928269], [-98.8150120299703, 25.084688888854853], [-98.81421410976468, 25.08607777956134], [-98.81110588963777, 25.086953889557165], [-98.80913447995458, 25.08791216893925], [-98.8076637502989, 25.088115859207278], [-98.80586389029949, 25.08879099918219], [-98.80318193958081, 25.089325909491798], [-98.80070540023698, 25.090198518959124], [-98.79800594014453, 25.09225202883408], [-98.79648187997724, 25.094050078841157], [-98.79396424984911, 25.09539521914209], [-98.79236502971732, 25.0968746590737], [-98.79164653986682, 25.097196919543045], [-98.79071853966299, 25.097297919050902], [-98.79226464992401, 25.08764379929091], [-98.73873337013887, 25.079504739120203], [-98.74056860032206, 25.050358749229083], [-98.7531287103787, 25.056998849070546], [-98.76127731003858, 25.02735467958605], [-98.7178792500205, 25.014628059207887], [-98.71664904976622, 25.01661050964571], [-98.71331063016504, 25.01833502894484], [-98.71099736979842, 25.02034408892816], [-98.70969479982702, 25.02053664883294], [-98.70862958011016, 25.02000534936507], [-98.70831387961401, 25.019279979716366], [-98.70798227996208, 25.019087179600998], [-98.70643802048646, 25.019309139247916], [-98.70451237041104, 25.019899859186946], [-98.70307657979481, 25.02072099933781], [-98.70136141961589, 25.022547279033052], [-98.70146857962803, 25.02431476927182], [-98.70073527997222, 25.02498221963127], [-98.70045912048138, 25.025836228924113], [-98.70137761979812, 25.027025199055995], [-98.70265660046121, 25.029678168988003], [-98.70230122034991, 25.031391249142505], [-98.70125975031749, 25.032421369348278], [-98.70076219989957, 25.032675459545267], [-98.69977658016815, 25.032661619157526], [-98.69838657996229, 25.031456029295697], [-98.69480954956366, 25.031020249365188], [-98.69388048960829, 25.030468139424457], [-98.69249846050644, 25.03053959897078], [-98.69062966037048, 25.03273908896909], [-98.69077714984812, 25.033509718949475], [-98.68841435005714, 25.035242199365516], [-98.68805616982964, 25.03582259896129], [-98.68835849006264, 25.037250649444545], [-98.68695965983541, 25.03780930950354], [-98.68607008043088, 25.03744116931159], [-98.68554514953665, 25.03687479934263], [-98.68463213977871, 25.036550349484564], [-98.68372690997596, 25.037994019655635], [-98.68244271006306, 25.038867539361565], [-98.68244745041856, 25.04075194944057], [-98.68140585020481, 25.04667494957189], [-98.67774001951881, 25.046432518900655], [-98.67725136994403, 25.046781509143113], [-98.67529367991791, 25.046865489598996], [-98.67426396967555, 25.0462190791174], [-98.67410835040147, 25.046327619150407], [-98.6730703695849, 25.045057259427708], [-98.67302250964542, 25.04449270939349], [-98.67254269030464, 25.04387850923265], [-98.67170377033793, 25.043859149665636], [-98.67148592047148, 25.044620179607534], [-98.67066982035396, 25.04431950919725], [-98.65545988960929, 25.041891859497877], [-98.59074590983913, 25.031841149276012], [-98.59697871008973, 24.97180796922178], [-98.60452927970445, 24.973000229386177], [-98.60673507998291, 24.959109419288847], [-98.57124875032042, 24.95301274954105], [-98.57069882952005, 24.95352704947739], [-98.57031688018759, 24.953405919554907], [-98.57000300033938, 24.952785079677817], [-98.56157386020045, 24.951269119187273], [-98.5602800203093, 24.959285079548025], [-98.55049527960855, 24.95759364951462], [-98.5542669203184, 24.930774428890356], [-98.55678056999754, 24.914662228997617], [-98.5573232902201, 24.91442993956989], [-98.55737089012786, 24.91280177931841], [-98.55562048017418, 24.914171029097137], [-98.55340962026636, 24.915595689677335], [-98.5528312899515, 24.915730318992384], [-98.54742540048238, 24.914714379456324], [-98.54634812034831, 24.914260259517185], [-98.54554754992441, 24.91442111946862], [-98.54508882998202, 24.914759909676714], [-98.54431891038902, 24.91642234914046], [-98.54527918041114, 24.917585509091722], [-98.54611395006657, 24.918065889183904], [-98.54628944962239, 24.918551569679614], [-98.54690591955806, 24.918796119591484], [-98.5478224603878, 24.91974691916407], [-98.54753111981397, 24.921727249464627], [-98.54703031957595, 24.92203967932588], [-98.54688232034013, 24.922432459292896], [-98.54571350996652, 24.923627859704556], [-98.54409755042279, 24.924747418971545], [-98.54300388009626, 24.925291029242725], [-98.54093954970223, 24.9254238295774], [-98.53936596994963, 24.926036049041432], [-98.5390910004793, 24.926340858997474], [-98.53898689009768, 24.926713349634355], [-98.53961432047753, 24.928588139272463], [-98.54027165953707, 24.929776569411885], [-98.54119505044567, 24.930599289079208], [-98.5415025098099, 24.931598109328394], [-98.54133092032163, 24.934399148890897], [-98.54085220001616, 24.93517708936111], [-98.5401008300267, 24.93548524894171], [-98.53756575005644, 24.93548508889438], [-98.53572151999492, 24.935156919340177], [-98.53501695044125, 24.934773539333587], [-98.53417848964966, 24.93385013928797], [-98.53397686049527, 24.93224350915168], [-98.53305242000074, 24.930264909340433], [-98.53176781982013, 24.92897559960217], [-98.525218579602, 24.926542539248626], [-98.52465425004338, 24.926463859044922], [-98.52380832022128, 24.92668611893419], [-98.5214082196878, 24.92638528925848], [-98.52067662004123, 24.926280798929266], [-98.5200036301217, 24.925878819424945], [-98.51808278041646, 24.9214373097371], [-98.51761871984921, 24.919478739221805], [-98.51731045002073, 24.91904277935982], [-98.51596167954276, 24.91819030940757], [-98.51402082985945, 24.917895229036912], [-98.51411718018737, 24.919089429031896], [-98.51272554034578, 24.919067769044076], [-98.50794527953711, 24.918474649170737], [-98.50387905974222, 24.91843034950775], [-98.50273243041086, 24.918203819107376], [-98.5012892199286, 24.91732291887139], [-98.49967650957478, 24.917235198907218], [-98.49720632034321, 24.917821619103613], [-98.49589887968583, 24.91873901939233], [-98.49553666009989, 24.919614199527153], [-98.49636615020361, 24.923430579193255], [-98.49425091970795, 24.923459769593446], [-98.48918178033531, 24.927095399035792], [-98.48735812017829, 24.927700449632525], [-98.48543237977931, 24.927683349504], [-98.48443994036136, 24.927185629186326], [-98.48362302966423, 24.926490288982276], [-98.48185434047741, 24.926518649143684], [-98.48122642970475, 24.926972429422094], [-98.47763588976585, 24.927786519608066], [-98.47695794974322, 24.92700470939759], [-98.47675093960439, 24.925561119454557], [-98.474622020316, 24.924531049284727], [-98.4743441397629, 24.92369444908202], [-98.4730490200428, 24.922424379181386], [-98.47285998030416, 24.921635349657635], [-98.472346660425, 24.920989659541828], [-98.47119885033959, 24.920662779222297], [-98.47036155001196, 24.920703289269248], [-98.4700736002169, 24.921353849541198], [-98.4704541695712, 24.92240731939829], [-98.47011051023692, 24.922677829410553], [-98.46941848953004, 24.922737799603134], [-98.4692051399457, 24.923162379187154], [-98.46986398043812, 24.924311818922888], [-98.4715082495757, 24.925763419437807], [-98.47088537023676, 24.928846858972943], [-98.4711813399976, 24.92938274971926], [-98.47072729004361, 24.92987899950524], [-98.4700401099171, 24.930293549121764], [-98.46808412038214, 24.930591829308433], [-98.46707785025058, 24.93120501933605], [-98.46561270966745, 24.931313539676445], [-98.46395008968736, 24.932134309159274], [-98.46303628002696, 24.932206079308408], [-98.46208557033081, 24.93257831942675], [-98.45980870950571, 24.932685249361867], [-98.45892357994335, 24.932011969052237], [-98.45831791990395, 24.931800659416087], [-98.45806544988987, 24.93129182886153], [-98.45549465038339, 24.931548349136026], [-98.45480540013767, 24.931874248852033], [-98.45429682995054, 24.93244681895929], [-98.45419071994178, 24.932722939519294], [-98.45483895011085, 24.933546199706317], [-98.4548200900521, 24.933878219237364], [-98.45394398021762, 24.93486367970662], [-98.45191288970109, 24.934808399626007], [-98.45124750973305, 24.93434131889764], [-98.45086594980566, 24.9337751790329], [-98.4502738602918, 24.93243577904111], [-98.44970645005006, 24.928860919474882], [-98.45012283015188, 24.92714231901671], [-98.44957615041298, 24.92695933944296], [-98.44786428992099, 24.92666451900901], [-98.44679631975649, 24.92701710915509], [-98.44462801981393, 24.928872849517198], [-98.44460580003997, 24.929425349598024], [-98.44375214025291, 24.930022889396056], [-98.442749000169, 24.930269939358457], [-98.44009142969576, 24.931564519433493], [-98.43788371042218, 24.93202882926226], [-98.43477984962428, 24.931638478832966], [-98.4314525202505, 24.93084301935849], [-98.43088991952006, 24.930315939414307], [-98.43052364968995, 24.928570449136622], [-98.42962061999938, 24.92803371955369], [-98.4292420600123, 24.92811656939733], [-98.42833184964351, 24.929295908994856], [-98.42802542978247, 24.932193779129722], [-98.4284906498186, 24.934532289404594], [-98.42885424971261, 24.9353222292527], [-98.42896287997316, 24.936473259045837], [-98.42818565038631, 24.937311079716082], [-98.42825331969537, 24.93760867911857], [-98.42860165033068, 24.937693489029744], [-98.42730162023466, 24.938130779336294], [-98.42510737997098, 24.93646785908461], [-98.42030617014278, 24.928385719265926], [-98.41984295010235, 24.924052019339722], [-98.41936874045166, 24.92425844919868], [-98.41881913981759, 24.924215969224075], [-98.41750822974998, 24.92280496962086], [-98.41685040003262, 24.9225128195336], [-98.416654249963, 24.92199536944724], [-98.41492861980741, 24.920934249239696], [-98.41301397036428, 24.91888573894653], [-98.41327320039888, 24.914035679282563], [-98.41393611992193, 24.91414068917248], [-98.41715130988622, 24.915734419633882], [-98.41800584974428, 24.915746399004085], [-98.41879403025784, 24.915369028948824], [-98.43041494000636, 24.90453273902705], [-98.42967209047603, 24.902134279615783], [-98.42691303009133, 24.898306449707068], [-98.42993975042077, 24.896654418953542], [-98.4308522895116, 24.8956948893169], [-98.43313970998516, 24.89435230926973], [-98.43517250968792, 24.894346799157162], [-98.43524971011075, 24.895026679603024], [-98.43556848022652, 24.895426049512782], [-98.43747412003847, 24.895819919010442], [-98.4378413796245, 24.89616761884105], [-98.43845143022986, 24.895747289115498], [-98.4391567998465, 24.89459310956478], [-98.4397322196188, 24.894629739701298], [-98.44000575003665, 24.89430544936048], [-98.440062880454, 24.893595108996877], [-98.43884980020366, 24.893326769681064], [-98.43866549001439, 24.893106709247625], [-98.43846655012356, 24.8913423189872], [-98.4385355497461, 24.89027656966211], [-98.43869300018048, 24.890112319551605], [-98.4398741696558, 24.89005334901669], [-98.44054183027876, 24.88916456897646], [-98.44048837973003, 24.886157829575446], [-98.44088515033759, 24.885537178853223], [-98.44319965005221, 24.8835992291879], [-98.44644608005859, 24.881286769315135], [-98.44729512008765, 24.88365294942592], [-98.44854107995428, 24.88405533910786], [-98.45032085048861, 24.8834081192584], [-98.45174865965448, 24.883092419660876], [-98.45221861994249, 24.88317828883179], [-98.45352521971793, 24.881912629490056], [-98.45358609000816, 24.881452569607653], [-98.45520695026727, 24.879108739174807], [-98.4563347204135, 24.87893996959649], [-98.458570060264, 24.88009867953792], [-98.45939013982228, 24.880788049464876], [-98.45955681955644, 24.881402969125958], [-98.45944908002024, 24.88208787959393], [-98.46109262988541, 24.88282010969566], [-98.46214623022793, 24.882728969230033], [-98.46349688040144, 24.881511349276465], [-98.46388926039788, 24.87857513902649], [-98.46306217959388, 24.877229418923395], [-98.46317105957927, 24.8764873090998], [-98.46401423021251, 24.876076279689006], [-98.46570002993144, 24.876171309407177], [-98.46677575002852, 24.876691569102647], [-98.46728313972964, 24.87805311939958], [-98.4688832899987, 24.879425309532344], [-98.46994734991968, 24.879007419408016], [-98.47045093951509, 24.87838811928537], [-98.47195617010178, 24.877983139584924], [-98.47314776967632, 24.877883619626303], [-98.47388505033594, 24.878478089532628], [-98.47458132025062, 24.87833459887274], [-98.4759584303525, 24.877546419681117], [-98.47586299969639, 24.876357249320087], [-98.47730595009061, 24.875432139473414], [-98.47848630952544, 24.87591585941219], [-98.48085360029152, 24.876098519502612], [-98.48151600017597, 24.87594430943102], [-98.48265747984782, 24.873954369466944], [-98.48534865992374, 24.87193941908922], [-98.48585533984364, 24.869869109501128], [-98.48647228974282, 24.86857462886633], [-98.4864764601194, 24.86579916903134], [-98.48845256990666, 24.865947319642217], [-98.48904527968126, 24.865736599272935], [-98.48970362025251, 24.865064879640578], [-98.49002011981537, 24.864029228879712], [-98.49063473957855, 24.86415014910645], [-98.49210214966104, 24.86139325892626], [-98.49269048986886, 24.860680149079418], [-98.49313153981326, 24.860553169533173], [-98.49286910995323, 24.858913549727777], [-98.49039364950721, 24.85878824934366], [-98.4893343696272, 24.86050433942317], [-98.4856998299285, 24.8644605095516], [-98.48373971959259, 24.863231948969826], [-98.48326665012958, 24.862377879177757], [-98.48275372020052, 24.86042837960022], [-98.48239782964976, 24.859927248914182], [-98.48205190963753, 24.859906568976776], [-98.48267493986303, 24.857505288977553], [-98.48219751968308, 24.85635145970049], [-98.48344074000107, 24.851059088833676], [-98.48323623009777, 24.847311648927636], [-98.48242602960119, 24.844305778840265], [-98.48281482046869, 24.843811978891157], [-98.48295251039681, 24.842946598921227], [-98.48607773961214, 24.843829369249136], [-98.48612723005323, 24.843645569320483], [-98.50326738038694, 24.845818780115756], [-98.52947131989546, 24.849540089798044], [-98.53291091034448, 24.86276771058917], [-98.56088837973402, 24.85592715016692], [-98.56721602983353, 24.851596420234987], [-98.5616462895761, 24.841626819891534], [-98.57386277028915, 24.835746549965354], [-98.57835632027229, 24.84358326015043], [-98.59516159987325, 24.83936887988061], [-98.59658869021601, 24.82807783016072], [-98.59295986035885, 24.821261660302174], [-98.59223648976976, 24.82063122007062], [-98.59462531989494, 24.819631019673892], [-98.59521690983951, 24.817424218939237], [-98.60488683007776, 24.81095611887504], [-98.62612331957195, 24.80657444966234], [-98.66701518030914, 24.775203369510674], [-98.671507540244, 24.772096818924638], [-98.68495831019023, 24.76178871901261], [-98.69581666021314, 24.75041007952679], [-98.70278030952412, 24.74352305920123], [-98.71144975006129, 24.731800889592055], [-98.70741794989672, 24.724423909147365], [-98.71367848034383, 24.72661864910604], [-98.71668195034323, 24.727428149053697], [-98.71904662952582, 24.727109739642554], [-98.7212261204811, 24.727497659092446], [-98.72153716956166, 24.728807779124807], [-98.73643565980682, 24.73237510925253], [-98.737918660054, 24.73222868897405], [-98.73863691966012, 24.733060848826327], [-98.74430344989543, 24.733829289413965], [-98.7450666597006, 24.73509724961096], [-98.74899731018265, 24.736122179051932], [-98.74956411964098, 24.737021768916318], [-98.7501561101858, 24.735812549205402], [-98.75196460031951, 24.735808779425454], [-98.75291150996296, 24.736390539565114], [-98.75651729041911, 24.737319999689237], [-98.75786155006229, 24.738320149738424], [-98.75779527951536, 24.739672509533417], [-98.75986389040352, 24.741023779649012], [-98.76131812024771, 24.741220288930194], [-98.76138618005612, 24.741841309582036], [-98.76777742019195, 24.74509139958821], [-98.78731691960314, 24.74745757906851], [-98.80270597013303, 24.74336248902805], [-98.81511068995793, 24.742330319328666], [-98.84253198044696, 24.740546089556005], [-98.83849766002767, 24.768118938865772], [-98.86634250976716, 24.771734349035135], [-98.86656854954856, 24.770632139132694], [-98.90193553954462, 24.774664999517334], [-98.92468446045525, 24.780391829204817], [-98.92474925035935, 24.769558519381984], [-98.95490146001922, 24.777108689328685], [-98.95534475006163, 24.853411858836463], [-98.96886774031967, 24.861120769494356], [-99.00011762008072, 24.879643579320465], [-98.99907655040614, 24.846522149528322], [-99.02075624989182, 24.84176608907418], [-99.02407527956481, 24.851937228941317], [-99.02947902974236, 24.85378813946197], [-99.03005510999024, 24.853599709595898], [-99.03518125017621, 24.853976949120348], [-99.04134566015806, 24.854749949232307], [-99.04262691957837, 24.855356688874917], [-99.04374397962381, 24.855040399622485], [-99.05762542021763, 24.856775429431973], [-99.06256508969508, 24.857416079581768], [-99.07194206041751, 24.859221179235394], [-99.07615325032606, 24.85912922972398], [-99.07189312027677, 24.848996769255432], [-99.08099082971802, 24.85160261960007], [-99.09597588988798, 24.846139719326747], [-99.11359733999699, 24.840354679318718], [-99.15818090978303, 24.84529802941207], [-99.16003472030565, 24.852207739550717], [-99.18077580046962, 24.857915219192826], [-99.2049467995929, 24.864193309147694], [-99.15894291034144, 24.915988169244073], [-99.17988582034447, 25.005375999204094], [-99.18085297977964, 25.010173429102835], [-99.18094954041212, 25.011541549300006], [-99.1795282001411, 25.012548569408846], [-99.1792941200575, 25.01300548905581], [-99.17902217026871, 25.01605024921699], [-99.17830811971653, 25.017664548910236], [-99.17740348038262, 25.018129569433725], [-99.17473229045704, 25.018372518908354], [-99.17340917048902, 25.019141949313926], [-99.17174207994957, 25.01972762896919], [-99.17098473986141, 25.020571768924643], [-99.17053480019864, 25.02157231949338], [-99.17057037967427, 25.022483689353407], [-99.17151464969314, 25.023761579350158], [-99.17149466010167, 25.024156799162945], [-99.17106895018684, 25.024804969501247], [-99.17037798017381, 25.025450508837825], [-99.1680216901747, 25.025941649699213], [-99.16714699981901, 25.026656908868038], [-99.16580254024156, 25.028699999071826], [-99.16490474962268, 25.029511399468262], [-99.16408244952648, 25.02969468931514], [-99.16351099969896, 25.029549679363623], [-99.16305905969695, 25.02905290945277], [-99.16305680008935, 25.02786608972217], [-99.16277385997927, 25.027337798953276], [-99.15991866036825, 25.025831539655886], [-99.15944111981872, 25.025873969552137], [-99.157724969546, 25.026787309039417], [-99.15692909008065, 25.027283349627805], [-99.15651650969477, 25.027847829031064], [-99.15663648995861, 25.028795689175457], [-99.15795069026275, 25.02981011890169], [-99.15915294047778, 25.03167764909799], [-99.16020174049208, 25.03259619941917], [-99.16295629025238, 25.03425664969337], [-99.16361117991222, 25.034924049468916], [-99.16422296955989, 25.037201579511795], [-99.16401817976814, 25.038209489609986], [-99.16310590965658, 25.0396717693581], [-99.16270725042652, 25.040770969553925], [-99.16290592028588, 25.043559859162166], [-99.16367391038388, 25.044810719385513], [-99.16403327974697, 25.044867688853397], [-99.16470473966098, 25.04460208966885], [-99.16522993950618, 25.044687289642965], [-99.16671305957595, 25.04585054950009], [-99.1669775797678, 25.046289459251444], [-99.16666279978, 25.046786599062607], [-99.16560939985824, 25.047133149226102], [-99.16366886006266, 25.047343849565802], [-99.16227859977641, 25.047059749251922], [-99.16114641998661, 25.048407378960665], [-99.159989020475, 25.05102864927164], [-99.1601578600647, 25.052036539562327], [-99.16104180032829, 25.05394562926692], [-99.16104496985197, 25.054457259494228], [-99.16047945975045, 25.055363369111156], [-99.15765076987722, 25.056450379059], [-99.15611854042035, 25.056369708969587], [-99.15325804987097, 25.054901149470513], [-99.15183943007635, 25.054836179366827], [-99.15008476976321, 25.055180479172222], [-99.14876421954669, 25.05501939900138], [-99.14624321981732, 25.052997178928567], [-99.14522158007294, 25.052712709332724], [-99.14432996993011, 25.05293496960787], [-99.14329368018446, 25.053996028984756], [-99.14264953956877, 25.054170819222545], [-99.14136509040927, 25.053564769059385], [-99.14029985012235, 25.053475489359077], [-99.13958946011627, 25.05316733922292], [-99.13825907974709, 25.05097370911215], [-99.13785672015914, 25.050681918831383], [-99.13509279957673, 25.050380019206766], [-99.13386366027848, 25.050887519258396], [-99.13346157951543, 25.051566949634147], [-99.1340152204666, 25.053009579672235], [-99.13385628035007, 25.053527249687786], [-99.13281935021472, 25.05354005911283], [-99.1319643798327, 25.052222708923868], [-99.13140967982946, 25.05189754926602], [-99.13090818031095, 25.051888419015], [-99.13008677955258, 25.052660509099287], [-99.12929178041512, 25.05416124973368], [-99.1274220003918, 25.05593044968631], [-99.12628477041184, 25.055853878858322], [-99.12566702992837, 25.05526056887888], [-99.1252645502349, 25.05443999919349], [-99.12492532010172, 25.05433014945459], [-99.12455645992497, 25.0543712596919], [-99.12326677974968, 25.056045919232037], [-99.12088217018297, 25.056796689054437], [-99.1201700903616, 25.057310479302775], [-99.1189713502911, 25.0574410489847], [-99.11809958016333, 25.057251799551405], [-99.11579882017988, 25.05597436962066], [-99.11378674030142, 25.056141509409485], [-99.11309954044398, 25.056495679669315], [-99.11236864973219, 25.058232349142113], [-99.11163734978675, 25.059062369112947], [-99.109735169901, 25.058953309326053], [-99.10874036998503, 25.059603689331908], [-99.1079998495295, 25.05973825970411], [-99.10626986037131, 25.059532019159043], [-99.10519942019636, 25.06007164890126], [-99.10400123000547, 25.061938219541105], [-99.1032883395151, 25.062181369505154], [-99.10191430974824, 25.06187530911764], [-99.10142720000148, 25.061977859097315], [-99.10064025978598, 25.062865179092572], [-99.10028598033026, 25.064420909339713], [-99.0999523503187, 25.064759349437942], [-99.09944302999122, 25.06472125903319], [-99.09832611027664, 25.06336339938329], [-99.09790271954452, 25.063086028990355], [-99.09761311001306, 25.063121119007178], [-99.09631734963378, 25.064108138850827], [-99.09554143044925, 25.06503057901147], [-99.09545789018671, 25.066000889682996], [-99.09577188027959, 25.06700459915899], [-99.09637215050755, 25.06762771883766], [-99.09724584958187, 25.067907339288865], [-99.1010216204371, 25.06818048908303], [-99.10139349007117, 25.06866017912704], [-99.1014644302263, 25.06936447949553], [-99.10138834020994, 25.069819379644496], [-99.10059237042914, 25.071060448945737], [-99.09773225014823, 25.07374808958698], [-99.09620250960663, 25.074227909293775], [-99.09517693982204, 25.073560049649146], [-99.09486661989988, 25.07355431960962], [-99.09419171030545, 25.074473289157694], [-99.09413084990597, 25.07494551883324], [-99.09482154971244, 25.076348749087387], [-99.09534582966258, 25.07668093968548], [-99.09654364955624, 25.076477278937595], [-99.09736654949916, 25.076664449586918], [-99.09768945990947, 25.076986599663446], [-99.09769522032816, 25.078036338970417], [-99.09720971978939, 25.078382649100092], [-99.09442389002302, 25.07855044915627], [-99.09198076977452, 25.078085968944094], [-99.08985957999434, 25.078259288883192], [-99.08936347991175, 25.077996369625136], [-99.08925777974663, 25.07773341949183], [-99.08936028985535, 25.07742356912041], [-99.0899687702321, 25.076934579369027], [-99.09002948967742, 25.07635570931933], [-99.08968775011171, 25.07595788934528], [-99.08904843016309, 25.07573297942484], [-99.08797277973409, 25.07599937910822], [-99.0866266901945, 25.077258679044668], [-99.08545782037163, 25.077237049723962], [-99.08455674955795, 25.07669233968988], [-99.08398734963737, 25.07475282907005], [-99.08354165037454, 25.07406488965796], [-99.08265846038148, 25.073605848994763], [-99.08194445019096, 25.07371179897265], [-99.08139993981922, 25.07468684896923], [-99.08174240024093, 25.07628707930021], [-99.08132708953947, 25.077681138955572], [-99.08077564980641, 25.07818961919987], [-99.07902305988318, 25.07884525947174], [-99.0785719398211, 25.07976934950461], [-99.07857102957614, 25.080736849217256], [-99.07888903040512, 25.08159447925229], [-99.07948851965872, 25.082244089497095], [-99.08028219997422, 25.082711059575715], [-99.08028075026759, 25.083429348925936], [-99.0799826304847, 25.083775799646133], [-99.0776712000095, 25.08488362941116], [-99.07561874992994, 25.085268969345478], [-99.07548070985733, 25.086865749293477], [-99.07502577967774, 25.087933149583222], [-99.07505194958829, 25.088737998927595], [-99.0759662201871, 25.090353679079062], [-99.07649270953499, 25.090738339323295], [-99.07736848024169, 25.090649889158676], [-99.07850194953326, 25.09114285928159], [-99.07884228025667, 25.091536259363867], [-99.07876375015276, 25.092120399050692], [-99.0765359401926, 25.09347071910532], [-99.07542250979661, 25.093655819545877], [-99.07314577011647, 25.093368569242518], [-99.0720925501043, 25.094361819717243], [-99.07145846027471, 25.096112109316053], [-99.07155968048647, 25.097215569507448], [-99.07244702978949, 25.097693859165823], [-99.07378640037479, 25.09815553892538], [-99.07606822986297, 25.0981048794613], [-99.07729899996559, 25.098717349122804], [-99.07783051002714, 25.09920448923673], [-99.07822551990117, 25.1000267694384], [-99.07820962984682, 25.100737169307987], [-99.07786924959957, 25.101433549262843], [-99.07683893984995, 25.101973399022857], [-99.0753819203455, 25.10234982929286], [-99.07225046009245, 25.101999478875435], [-99.07059542020782, 25.102265229585793], [-99.06995097000384, 25.10321264927354], [-99.06987245044745, 25.104538479471408], [-99.07067058036397, 25.105670919080833], [-99.07269522001211, 25.10716368915279], [-99.07296611990225, 25.108159479151936], [-99.07252796960258, 25.108551419562808], [-99.07214061996905, 25.10854421908979], [-99.07148247962664, 25.108173279309735], [-99.07015038039151, 25.108564369220353], [-99.06798025026968, 25.109829769307645], [-99.06727722985849, 25.110691519582463], [-99.06629829006206, 25.112584969432284], [-99.06615638038163, 25.113810119446267], [-99.06632706011007, 25.11430684923232], [-99.06679329034164, 25.114664749464062], [-99.06827906022728, 25.11437399914537], [-99.06833457992215, 25.114919418999765], [-99.06773728048198, 25.11613391968851], [-99.06691703022283, 25.116788059463232], [-99.06594743047357, 25.117005199249167], [-99.06150262989011, 25.117326719682506], [-99.0599923099634, 25.11769145910567], [-99.05930871028391, 25.11840202922604], [-99.05972497047601, 25.12020622953477], [-99.05929960006891, 25.121292259634966], [-99.0583877802753, 25.121994059564816], [-99.05658339975776, 25.122350688873194], [-99.0542381696333, 25.123813138841534], [-99.0536915802817, 25.124616259253997], [-99.05355905016513, 25.12635674905255], [-99.05260908951992, 25.127113219159384], [-99.05157502041776, 25.126945229578627], [-99.05097292027027, 25.12641262929849], [-99.05081039964556, 25.125751689201238], [-99.05090729042927, 25.123879169488035], [-99.04936948001354, 25.122619249553885], [-99.04847721961107, 25.12090905957877], [-99.04793286022863, 25.12028196951045], [-99.04702616974683, 25.120385939020654], [-99.0460997099508, 25.121953149476035], [-99.04572227964833, 25.12217590886768], [-99.04523042991728, 25.122166679343316], [-99.04457135011393, 25.121319679607968], [-99.04332947980491, 25.121363489314934], [-99.04249433962809, 25.121982629109553], [-99.04202009038445, 25.122981979382843], [-99.04142868963805, 25.122627318875242], [-99.04028926002947, 25.11990864910992], [-99.03997034031464, 25.119674108893545], [-99.0393881798604, 25.119611569657437], [-99.03629551979004, 25.120320679139624], [-99.03537403000041, 25.12022176956735], [-99.03439543048651, 25.119477339322245], [-99.0341351398271, 25.118697479444236], [-99.0341138798722, 25.117413539448943], [-99.03444455038834, 25.11570761967249], [-99.03355938023569, 25.113468579048398], [-99.03323463003343, 25.113078049258796], [-99.0301881397402, 25.11160570953012], [-99.02921647998244, 25.110837679189352], [-99.02866343022856, 25.11007082917603], [-99.02879797002294, 25.108833219336955], [-99.02924037014368, 25.107784289585265], [-99.03053122997758, 25.10784848912059], [-99.03331605011883, 25.107482889313772], [-99.03363665979951, 25.107375139332788], [-99.03374135013578, 25.107063679058463], [-99.03255396977103, 25.10453004904923], [-99.03089848044851, 25.102543829301688], [-99.03023928969147, 25.10099196903284], [-99.02946963010785, 25.098833629118086], [-99.02965941956165, 25.097084949656132], [-99.02952247981062, 25.096392819409132], [-99.02736414960182, 25.09493047882603], [-99.02651734987263, 25.093168889682545], [-99.02598621952257, 25.092617848837563], [-99.02508911039855, 25.092469509660024], [-99.0241773200197, 25.092591398916177], [-99.0233872901498, 25.092962909499903], [-99.0224926195702, 25.09392079892331], [-99.02196965959668, 25.093920628894114], [-99.02175050951111, 25.09370287939299], [-99.02138682973387, 25.092802709503356], [-99.02152641980878, 25.090486849283455], [-99.0210575098554, 25.08920381921253], [-99.02043931963225, 25.08828565896424], [-99.01929017957458, 25.087174349297335], [-99.01859117986143, 25.086887718906972], [-99.01707203011019, 25.08688077945269], [-99.015664249592, 25.086068119113087], [-99.01550858019542, 25.085665179326263], [-99.01567180017763, 25.084534949437714], [-99.01604264979126, 25.083659169259384], [-99.01669085049201, 25.08304964917657], [-99.01671302977292, 25.082723509581133], [-99.01624719969492, 25.08204288937988], [-99.01418218023129, 25.080607119502876], [-99.01424602041197, 25.08021444897485], [-99.01463481985776, 25.080010999439754], [-99.01560641996953, 25.07991847925139], [-99.01760800028227, 25.080135179049822], [-99.01888405958637, 25.07967264899662], [-99.0195719195441, 25.079194629565592], [-99.01985854038165, 25.078752719422166], [-99.01973454986916, 25.077902309264736], [-99.01881180011446, 25.07681230895514], [-99.01755651980807, 25.0760127389157], [-99.01754455041875, 25.075577579515798], [-99.01793881978007, 25.075111649552955], [-99.01885004960938, 25.074603879261307], [-99.02087949041065, 25.07432190915929], [-99.02166222981754, 25.07401661903944], [-99.02241785954462, 25.073316819366102], [-99.02235956964715, 25.07247779954333], [-99.02152210959943, 25.071562908864085], [-99.02012542038896, 25.071100549595453], [-99.01905588969545, 25.069925308999515], [-99.01811115037323, 25.069739198832828], [-99.01496680011367, 25.070077739464125], [-99.01410917988903, 25.069807779129476], [-99.01346869013035, 25.069352819683782], [-99.01149628953202, 25.06888364885838], [-99.00961142972547, 25.06779402915055], [-99.00654931038162, 25.06718907961451], [-99.00444461993402, 25.06715673893056], [-99.00232406030156, 25.067816539721406], [-99.00092125019741, 25.067412819574837], [-98.99983864981044, 25.067412509111097], [-98.9991392896753, 25.068115059541643], [-98.99912782001182, 25.06861408944787], [-98.99980577996881, 25.069153399143303], [-99.00022941997945, 25.07060984937683], [-98.99940644986488, 25.071038648945464], [-98.99801481994113, 25.071327169619508], [-98.99559555020805, 25.070909568939445], [-98.99479318009043, 25.070128489600904], [-98.99398617994557, 25.06985568949847], [-98.99111076990137, 25.070241938975148], [-98.9907326595179, 25.070014339412253], [-98.99046416987066, 25.068325219217506], [-98.98979662991906, 25.067508249646995], [-98.98931265995148, 25.067393568968143], [-98.98835625014985, 25.068317228860728], [-98.98731312000653, 25.068690719591142], [-98.98558017979808, 25.07022928917438], [-98.9852941196575, 25.071004999566483], [-98.9860113798242, 25.07188856903714], [-98.98610505959405, 25.073272599488547], [-98.98542462953834, 25.074281880555265], [-98.98420948964767, 25.07456227903789], [-98.98277219867971, 25.074227719105053], [-98.98195094969215, 25.073030888975], [-98.98224297041635, 25.07141990950544], [-98.98196825972269, 25.070711089211056], [-98.98115790961765, 25.07074521913455], [-98.97896726019756, 25.0721043196945], [-98.9783098201765, 25.072098218866152], [-98.97768666001714, 25.071845619672363], [-98.97743511031949, 25.071228659442184], [-98.97771268958202, 25.06932201900819], [-98.97679353964563, 25.06877348886735], [-98.97584672041374, 25.06885084916543], [-98.97219188959244, 25.06986347914831], [-98.97063483028505, 25.071526309507476], [-98.96988422971613, 25.071899229440927], [-98.96969721950603, 25.07209482924758], [-98.96974568994841, 25.072627029646647], [-98.97040385952347, 25.073093459530394], [-98.9708777503213, 25.07311364886797], [-98.97136397997983, 25.07260282959687], [-98.97188546030937, 25.072668199706143], [-98.97209149023224, 25.073225519379925], [-98.97160454043062, 25.073759169354936], [-98.9699275498264, 25.07406802934642], [-98.96866902027244, 25.073697119331296], [-98.96812324957341, 25.073300429570914], [-98.96799867996457, 25.072478149039902], [-98.96899888973962, 25.071138749243108], [-98.96881737007489, 25.070478429176926], [-98.96834337971136, 25.070402119323536], [-98.96550673987535, 25.071750688972596], [-98.96342994033853, 25.072210618878646], [-98.96114945983842, 25.07319373899455], [-98.96057823010801, 25.073732569379473], [-98.96000438016857, 25.075537629639502], [-98.95882048039809, 25.076108769452595], [-98.9573758004213, 25.075794089445086], [-98.95718618024493, 25.075237369595666], [-98.95761288031866, 25.07383225896539], [-98.95728871958448, 25.073440419388174], [-98.95662804978726, 25.073348679233998], [-98.95582170971115, 25.07374951921119], [-98.95549009018538, 25.075778719694682], [-98.95521413977228, 25.076134179260013], [-98.95379683023334, 25.0758301394239], [-98.95253650985208, 25.075915539071136], [-98.95128405035342, 25.07566385897995], [-98.94915656954795, 25.074389398890087], [-98.9475166003109, 25.07393799955643], [-98.9468713999017, 25.074023859016815], [-98.9462742904851, 25.074453539716682], [-98.94650649027611, 25.076177909441487], [-98.94645785023246, 25.076429828890248], [-98.9460382304596, 25.076548118995543], [-98.94513191956977, 25.075995629713418], [-98.94456935037744, 25.074914909725965], [-98.94188195017453, 25.072298938960955], [-98.94117813976986, 25.070856649304407], [-98.93969090975011, 25.071247579617022], [-98.93858077002965, 25.072432449260088], [-98.93765805037131, 25.072909949331706], [-98.93690178023918, 25.072722179670635], [-98.93657430979842, 25.072094539034563], [-98.9341699402451, 25.07276317932993], [-98.93377964962058, 25.07331151958527], [-98.93365562976649, 25.074024879646608], [-98.93494843034054, 25.075310779003114], [-98.93460340045823, 25.07707211959413], [-98.93524519965045, 25.07840225962208], [-98.93515168951585, 25.07908899906803], [-98.93428160029448, 25.08016297949948], [-98.9338987804638, 25.08036196956795], [-98.93340824977454, 25.080304538985683], [-98.93295183031718, 25.079420459436015], [-98.9322765202512, 25.0788284497115], [-98.93253072040385, 25.078154978833773], [-98.93342031047999, 25.0775489794454], [-98.93381557036487, 25.07692468916906], [-98.9338694498153, 25.07625047909534], [-98.9337118497293, 25.076074249415214], [-98.93322094959697, 25.07590885886378], [-98.93263717984875, 25.07605331954769], [-98.9313774597726, 25.07702436927713], [-98.92955157992431, 25.07706579964058], [-98.92902758046066, 25.07727030928705], [-98.92794564987587, 25.07811885945855], [-98.92759779993193, 25.079288289076782], [-98.92529150976245, 25.08225325931554], [-98.92483265898711, 25.082463950609956], [-98.92449942000381, 25.082398000059246], [-98.92380845012971, 25.081916419162642], [-98.89600026024567, 25.103572249491574], [-98.86384361966977, 25.12712501961487]]]}}, {"type": "Feature", "properties": {"CVEGEO": "28006", "CVE_ENT": "28", "NOMGEO": "Tamaulipas", "CVE_MUN": "006", "NOMMUN": "Bustamante", "cov_": 2027, "cov_id": 2028}, "geometry": {"type": "Polygon", "coordinates": [[[-99.88147644996816, 23.508865369759658], [-99.84719018038008, 23.49610285975466], [-99.81698314966518, 23.525671349126114], [-99.79537356972612, 23.485523489535836], [-99.76891410974493, 23.482782459352247], [-99.76719232048313, 23.510964339006005], [-99.75806162962033, 23.510217969737816], [-99.74735436978592, 23.516896319192274], [-99.73326297967625, 23.5203353993091], [-99.71693406025832, 23.534321319302315], [-99.71259811958937, 23.53738141944293], [-99.67942391041333, 23.508483569655773], [-99.66092128018695, 23.479315569756245], [-99.65789068992648, 23.459277088993815], [-99.64919358000544, 23.437530738964984], [-99.64254952043784, 23.39772253919376], [-99.64434026030399, 23.391554309589477], [-99.63447377017725, 23.395794799598793], [-99.63198651981818, 23.398147539436643], [-99.63383948967619, 23.387085629382202], [-99.64151097956083, 23.35730785907592], [-99.65136719965358, 23.35655079948008], [-99.65487099982913, 23.303591379032863], [-99.65466688007473, 23.297550458959698], [-99.64917937989644, 23.27730859939671], [-99.65386890965634, 23.282818519688096], [-99.65588023027907, 23.2825641095781], [-99.6557077502078, 23.273107978921136], [-99.69282011028197, 23.277251049664226], [-99.69456040030616, 23.266762799341702], [-99.71015087963647, 23.212086178872212], [-99.71607834016633, 23.160915829150362], [-99.72986582984409, 23.17773501887278], [-99.72729448998146, 23.19751236931893], [-99.74817346040915, 23.19837674958515], [-99.74923846034454, 23.18089288890291], [-99.74936754045629, 23.17063510934314], [-99.80160816967158, 23.179685258924305], [-99.80032444958897, 23.225651939650266], [-99.8201638197181, 23.214782349608296], [-99.82556097039388, 23.21576656916621], [-99.82589279963459, 23.218231849732508], [-99.83038197048455, 23.21979104954552], [-99.82993396965726, 23.224145619059087], [-99.84825751970025, 23.21897054888764], [-99.86541269006173, 23.217155859657144], [-99.86353121981347, 23.192842399549594], [-99.85809893984414, 23.172131709216185], [-99.85698855028707, 23.167005919070952], [-99.8421516499939, 23.156742419196533], [-99.84182229029935, 23.15679133899891], [-99.84084359979869, 23.147852309537466], [-99.85369010987587, 23.140846289013083], [-99.86557483023513, 23.158747648955238], [-99.89703263031582, 23.14167196968763], [-99.90818013963106, 23.18168891905316], [-99.92104669035555, 23.196784709095184], [-99.91877040031143, 23.19959501906869], [-99.94740023005856, 23.241421549507674], [-99.96574915022066, 23.24296841886942], [-99.96521150977095, 23.211720939083037], [-99.97805839970076, 23.21061228901591], [-99.98160571042473, 23.210630889488165], [-100.02042123034944, 23.20770032049108], [-100.0196419386889, 23.193121919182254], [-100.01843226024346, 23.183707949130017], [-100.00233183007678, 23.186751280341372], [-100.0038036603065, 23.164922598943626], [-100.00363887921843, 23.163252950303033], [-99.98863062900965, 23.16711783008885], [-99.99136103005655, 23.159580000278755], [-99.99502911977893, 23.15271448897597], [-99.99436714983959, 23.151823910316615], [-100.00477814006653, 23.123718569583918], [-100.0164624304091, 23.108762550653303], [-100.02157628005261, 23.10775891917279], [-100.0693788588926, 23.096856719908967], [-100.06874296861075, 23.12115625940997], [-100.08925968877449, 23.123444859535677], [-100.11559726014048, 23.125989889602774], [-100.1101549991247, 23.151069889022356], [-100.11898962995478, 23.152427889565697], [-100.11828616915146, 23.200545310183625], [-100.10974019854156, 23.199717860483624], [-100.1038133503064, 23.231535379673478], [-100.1018952896847, 23.2310804000867], [-100.09436185038678, 23.258309489961942], [-100.08564853907687, 23.287037429316015], [-100.07958513978964, 23.296093979513262], [-100.07804112044793, 23.30598390950611], [-100.08787777970993, 23.31072699942993], [-100.14495022007415, 23.339515179478205], [-100.12072713970481, 23.35776481938834], [-100.11840306021197, 23.36067901956429], [-100.11623058016384, 23.362025739357286], [-100.1106641495359, 23.366605599146098], [-100.10411000011726, 23.374028689398493], [-100.09200957969976, 23.383864688921363], [-100.08026143018878, 23.39574819889433], [-100.04717122998204, 23.39600707894021], [-100.0091313402228, 23.391988459243333], [-99.99653514997817, 23.392654019383443], [-99.98751322023752, 23.39269077962944], [-99.98250248045538, 23.3923672591178], [-99.92125340028008, 23.37919133894987], [-99.94769842975897, 23.497172419379474], [-99.94581736993894, 23.496382339085944], [-99.92477214027934, 23.49206328959072], [-99.91835643046315, 23.50692307900163], [-99.91241145037696, 23.516272508901352], [-99.90865798031847, 23.530198708953034], [-99.87098991030273, 23.551007619196575], [-99.88147644996816, 23.508865369759658]]]}}, {"type": "Feature", "properties": {"CVEGEO": "28007", "CVE_ENT": "28", "NOMGEO": "Tamaulipas", "CVE_MUN": "007", "NOMMUN": "Camargo", "cov_": 2013, "cov_id": 2014}, "geometry": {"type": "Polygon", "coordinates": [[[-98.92580574001147, 26.39433539939971], [-98.92450106024901, 26.393424969195138], [-98.92381942974693, 26.39265716887277], [-98.92347317986861, 26.39190787898946], [-98.92414759972652, 26.388237949115823], [-98.92410281987613, 26.383511848923998], [-98.92397317039736, 26.382243379088248], [-98.92315892032997, 26.380039619624647], [-98.92222691994348, 26.378816709476563], [-98.92045941983339, 26.37781690909031], [-98.91869268979896, 26.375755829107685], [-98.91668868971703, 26.373908059066782], [-98.91396236957272, 26.372552278992305], [-98.91156911972473, 26.37183084967471], [-98.90891638024328, 26.37167485947688], [-98.90341028993375, 26.3721300592768], [-98.90279862035152, 26.371992028863723], [-98.90134653950683, 26.371141709694108], [-98.9009136897038, 26.37045299966733], [-98.8994287204954, 26.36646210968359], [-98.89930221952916, 26.36533742953425], [-98.8996600197032, 26.364258968985197], [-98.90101431036597, 26.362692949530533], [-98.9012451395664, 26.36108654911661], [-98.90086441992047, 26.359273219026218], [-98.89793796977426, 26.35420359901897], [-98.89732691047192, 26.353514679396604], [-98.89613323045226, 26.353081089462126], [-98.89153944975342, 26.355919969479313], [-98.88932621999136, 26.357042888878688], [-98.88460714971788, 26.358471178879405], [-98.88162665018126, 26.35978591922781], [-98.8777002903237, 26.36106773962565], [-98.87319336999565, 26.361653309111453], [-98.8709741998858, 26.362181949172946], [-98.86906685996851, 26.362835688951037], [-98.86569452027359, 26.364902219051515], [-98.86269099957269, 26.365863149408252], [-98.8608312804624, 26.366233479570113], [-98.8560152597998, 26.365916429309923], [-98.8511997820304, 26.364461571738385], [-98.84990695153047, 26.362904142008706], [-98.84889003225227, 26.35998512200433], [-98.84833009160133, 26.359410801883723], [-98.84720940190435, 26.35881283179924], [-98.84359071029228, 26.35855645887755], [-98.84203564973113, 26.358830019409403], [-98.83768011999258, 26.360573939579822], [-98.83255846003688, 26.36332190941562], [-98.83141019985925, 26.36419264950595], [-98.82635502990605, 26.369896519067833], [-98.82518154018524, 26.370606479494917], [-98.82421248980461, 26.370880659042115], [-98.82089328190953, 26.37123911190661], [-98.81901297240452, 26.370777742238744], [-98.81804557173396, 26.37006498182533], [-98.81576155168142, 26.36693700216844], [-98.81507457198971, 26.36621782155835], [-98.8144123803444, 26.365918619179155], [-98.81331658032482, 26.365802399359687], [-98.81107311994248, 26.36614368910608], [-98.80602337047202, 26.36799571919518], [-98.80460171157839, 26.36762663244506], [-98.8023057416221, 26.365836911929808], [-98.79927932175922, 26.362027542231875], [-98.79864415168593, 26.360924982455426], [-98.79808666048496, 26.359042229465228], [-98.7975612499421, 26.353446279444906], [-98.79578772199, 26.34756832245067], [-98.79286503187805, 26.343134682186545], [-98.78929106153286, 26.33973728194118], [-98.78800023204633, 26.337697422148246], [-98.78777262995523, 26.33677907925326], [-98.78790401969749, 26.334644859133558], [-98.78927578005407, 26.332235218927426], [-98.7890352818029, 26.331079972214912], [-98.78788865983168, 26.330039429334935], [-98.78633752153655, 26.330087062280107], [-98.78569772194282, 26.32979775228929], [-98.7846669814868, 26.32868926211076], [-98.78362488152104, 26.328157491911032], [-98.78097140214767, 26.32699168160477], [-98.77623557964135, 26.325285939497007], [-98.77443477994666, 26.325069708923763], [-98.77056214958452, 26.324994659434772], [-98.76860025953435, 26.32501437968271], [-98.76331605987549, 26.32638496936677], [-98.75641435031199, 26.330736448985288], [-98.75359596997758, 26.331716108901748], [-98.75140494216056, 26.331574571817974], [-98.75013285216643, 26.330677252031577], [-98.74957389203104, 26.329987691635786], [-98.74903319967052, 26.32870641888297], [-98.74903465971417, 26.328031419480517], [-98.74963269047925, 26.326340549378763], [-98.74978665963891, 26.325356719512193], [-98.74961540176479, 26.324420021621126], [-98.74865085171048, 26.321510382386908], [-98.7470697420376, 26.31847580160471], [-98.74577694230365, 26.316524801963837], [-98.74423089185287, 26.31494322165216], [-98.74237808992889, 26.314253459067256], [-98.73909785177177, 26.31397966207026], [-98.73804129206334, 26.313398552178107], [-98.73734243156899, 26.312571801787858], [-98.73632322982195, 26.310530918884247], [-98.73607286003796, 26.30832348937813], [-98.73612625975078, 26.30717950885463], [-98.73656016983462, 26.30624214913678], [-98.73813015011905, 26.303976448861174], [-98.73937678045303, 26.303052019668087], [-98.74053308984725, 26.302756649214032], [-98.74208263027158, 26.30266791931538], [-98.7435172804643, 26.30285353921341], [-98.74458849243308, 26.303269062016668], [-98.74608409150977, 26.304621742233763], [-98.75076894214958, 26.307777601645707], [-98.75268553994226, 26.308410279061253], [-98.75410378030023, 26.308149779211377], [-98.75498059981038, 26.307587848934837], [-98.75619585990901, 26.304697619085136], [-98.75636500020454, 26.303571018991732], [-98.75590840201778, 26.302593631728087], [-98.75503518193766, 26.30146526212457], [-98.75341138226099, 26.300373171919954], [-98.75253797184276, 26.29935748177575], [-98.75195809169547, 26.297553481686425], [-98.75091906182313, 26.296011621651655], [-98.74912862228288, 26.2949191817984], [-98.74533669021324, 26.293973449093897], [-98.74350248985466, 26.2938574892686], [-98.74195947954402, 26.294042539531294], [-98.74058305967644, 26.2943029792444], [-98.7393310504907, 26.294864148989117], [-98.73796422041247, 26.295767549344685], [-98.73749827970958, 26.29696661883259], [-98.73707407985816, 26.297339149344868], [-98.73330244999069, 26.298939768976645], [-98.73017482958568, 26.299196859435956], [-98.7281014520965, 26.29900337178796], [-98.72347255211047, 26.29678540209878], [-98.72243029235072, 26.295876111784892], [-98.72154368165587, 26.29485488180866], [-98.71897323227911, 26.28822288183249], [-98.7176837818321, 26.286763801685975], [-98.71668085046822, 26.286126059611387], [-98.71584588989847, 26.28602731888999], [-98.71382486011113, 26.286290249700272], [-98.71118148974539, 26.287595659086914], [-98.70904934000066, 26.289096379264805], [-98.7081115795107, 26.28924008885082], [-98.70721115211101, 26.28918029181966], [-98.70546226182121, 26.288350341994384], [-98.70364317220628, 26.287798601758773], [-98.70245958209031, 26.287092222249413], [-98.70162660192457, 26.286265001862127], [-98.70103572150879, 26.285559852390396], [-98.70052680168311, 26.284422711736156], [-98.69967498028345, 26.280439908845032], [-98.70000114953675, 26.27929974957105], [-98.70065022968656, 26.278354318935296], [-98.70161298017729, 26.27751677910455], [-98.70290591043387, 26.277256519624036], [-98.70624029024583, 26.277451198994175], [-98.70908069178495, 26.2787846017129], [-98.71050772027824, 26.279054599431042], [-98.71287288018469, 26.279035028944858], [-98.71704549030495, 26.27818017963533], [-98.71897301997153, 26.277224339417195], [-98.72002692044164, 26.275842879584278], [-98.720193080398, 26.27397404906323], [-98.71965777070777, 26.272552510729486], [-98.71892186032885, 26.271790619678224], [-98.71151014049437, 26.268545539637646], [-98.70959367974935, 26.268166059330518], [-98.70752606014926, 26.26806139888158], [-98.70059633956141, 26.265781139605867], [-98.69805502039787, 26.26528748942866], [-98.69336914014222, 26.264856229060374], [-98.68757424999465, 26.265294489455197], [-98.68403357048155, 26.26446034970152], [-98.68241241956511, 26.263710848852995], [-98.68031557975786, 26.26223021936976], [-98.67856476967233, 26.25938611936622], [-98.67800285012677, 26.258049769092455], [-98.67778901958454, 26.25652631930402], [-98.67787562006313, 26.254438949603976], [-98.67958529015687, 26.249367718997622], [-98.67958953988662, 26.248390919631525], [-98.68012189009079, 26.248829628948513], [-98.68064837961067, 26.25033399888428], [-98.68251943011064, 26.25392179923709], [-98.68445876987236, 26.255084919032484], [-98.68366810996358, 26.259323108972627], [-98.68655832009827, 26.260378309020336], [-98.69009877992893, 26.253861659304494], [-98.6942822901379, 26.254012258814992], [-98.69578139972397, 26.253621289050542], [-98.69606927963217, 26.25364922945727], [-98.696915319652, 26.254337619643337], [-98.6975065801147, 26.25390499934306], [-98.69675795050485, 26.25314844912754], [-98.69635157014685, 26.252150999244968], [-98.69625300005934, 26.25033445887251], [-98.69551904987547, 26.248325598815157], [-98.69611693957832, 26.247987109685855], [-98.69536780003568, 26.24680250882409], [-98.69351851976626, 26.245152649197333], [-98.6928352501121, 26.243976709693385], [-98.69073352032935, 26.242495939195724], [-98.69196905951141, 26.23948665903408], [-98.69543202981058, 26.240883768832518], [-98.69537274039654, 26.239325419132633], [-98.69474298038072, 26.237880059308647], [-98.69345429013919, 26.23653077880697], [-98.69908874013012, 26.237616509057556], [-98.69951022013018, 26.236148449612017], [-98.69622245979141, 26.2343206295961], [-98.69850120027375, 26.230978799212966], [-98.70429387978004, 26.230997029381413], [-98.70856822017873, 26.228613079293286], [-98.71415906017756, 26.228691289552177], [-98.71415611023326, 26.227454979667993], [-98.71492630998303, 26.222304488810803], [-98.7166046300067, 26.21694450944259], [-98.71648252028186, 26.216486029708545], [-98.71603818012065, 26.2160442190634], [-98.71518380038664, 26.21577734960666], [-98.71014946026702, 26.214886689296183], [-98.70925395003496, 26.214946889027683], [-98.70718442960886, 26.216308248947648], [-98.70635016989871, 26.216291619690864], [-98.7051296197985, 26.215754109161225], [-98.70356563007222, 26.214459659591327], [-98.70287108963745, 26.213011249649174], [-98.70100922050216, 26.210795149215787], [-98.69989068987798, 26.209900858904554], [-98.69617463007309, 26.208606749212418], [-98.6950076200326, 26.207207689293586], [-98.69301494034015, 26.205527369415133], [-98.69218912036514, 26.205339398827824], [-98.69148754037579, 26.20462356903021], [-98.69177994000675, 26.20381770951723], [-98.69461187963611, 26.20053396968497], [-98.69564581957425, 26.20016381894392], [-98.70014087954667, 26.200692738873485], [-98.70155268986994, 26.20066464896534], [-98.70444647997869, 26.20005001936], [-98.70606982963068, 26.1989988791955], [-98.70729109028083, 26.1994272290838], [-98.7091588297971, 26.20192185886427], [-98.7098548499794, 26.202275978926718], [-98.71298277023469, 26.202038249059285], [-98.71850328011526, 26.19975862920713], [-98.71895274997148, 26.198983629044257], [-98.71927012005999, 26.195880599334625], [-98.72027598041613, 26.192809969139105], [-98.72093244967347, 26.19181811893221], [-98.72842194040253, 26.189331219322], [-98.72948263017392, 26.18828599962022], [-98.72996268961359, 26.18572130910031], [-98.73191803015904, 26.184755799216877], [-98.73339613995417, 26.18207811892074], [-98.73372028008878, 26.17790882938385], [-98.73364745007258, 26.177217549655595], [-98.73220231977153, 26.175482969150206], [-98.73314546046187, 26.17499919965376], [-98.7344192304673, 26.174791489558103], [-98.73474734001653, 26.173895769312008], [-98.73442141955678, 26.173272319246237], [-98.73491142974578, 26.172974999180138], [-98.7379003496098, 26.17299239893419], [-98.73923694049083, 26.172625049525973], [-98.74016406023216, 26.17201836952799], [-98.74062868995732, 26.171231918844196], [-98.7422521203682, 26.171096659173756], [-98.74237640037859, 26.170432259087573], [-98.74216233958114, 26.170044179156555], [-98.74302594979152, 26.168245708847547], [-98.74279965991923, 26.167732539248988], [-98.74151997020171, 26.166573679432272], [-98.7414454602311, 26.1661540196562], [-98.7416517999851, 26.164864739698086], [-98.74208235018384, 26.164533198948956], [-98.74226751969402, 26.164090459671268], [-98.74162500026023, 26.16309236951949], [-98.74212011962885, 26.162520969085314], [-98.74168940034463, 26.161735539528188], [-98.74202365993936, 26.16064987951319], [-98.74179839954213, 26.160195919478227], [-98.74064253956364, 26.159921709032886], [-98.73983994046968, 26.15906984947815], [-98.73935317958556, 26.157225489372536], [-98.73881442041522, 26.15685644948854], [-98.73872410971602, 26.15605319932317], [-98.7389402303763, 26.15549973898003], [-98.73860321951226, 26.154633829673735], [-98.73725390984545, 26.153994429436523], [-98.73553442987229, 26.154157449692857], [-98.73458697012293, 26.152300289611166], [-98.73465457040486, 26.15149305900317], [-98.73506585954478, 26.151136739069376], [-98.73509633959546, 26.150729719274405], [-98.73477432027677, 26.15039557913209], [-98.73336652006158, 26.15057813896584], [-98.73264376949841, 26.150142649601197], [-98.73273137991447, 26.14948256944883], [-98.73475913987065, 26.147544479352728], [-98.73467434978133, 26.146961769150536], [-98.73402905011835, 26.146766398841145], [-98.733859229685, 26.145717489153732], [-98.73418722997498, 26.14495434935336], [-98.73455923031743, 26.139879229083956], [-98.73450518049097, 26.135334769198504], [-98.72674548050507, 26.13400704911167], [-98.7253926502841, 26.134004089512025], [-98.7254146001694, 26.108980679196392], [-98.74059106005352, 26.108959249359547], [-98.74092016961491, 26.10293385959346], [-98.74105938004989, 26.103059229434635], [-98.75163114989911, 26.103056679020877], [-98.75277999970037, 26.094607818845645], [-98.7633051101039, 26.094426479192908], [-98.7634636600124, 26.076645779389878], [-98.75340028975688, 26.074532348961224], [-98.75342794039629, 26.067696219334437], [-98.74110717034856, 26.067499399575727], [-98.73832980008163, 26.05434341901586], [-98.73493838037646, 26.05306739930689], [-98.7260388496297, 26.048778059457632], [-98.7264587399936, 26.046881689385945], [-98.73235784987047, 26.04883031947288], [-98.73291826037921, 26.04676314971083], [-98.73467541987345, 26.045342109020336], [-98.73538203023708, 26.04500502911508], [-98.73677823037974, 26.043572139509184], [-98.73747962046077, 26.042396339430898], [-98.73770116987582, 26.040890979277375], [-98.73884145048672, 26.039050679520507], [-98.73768356982775, 26.0381177988212], [-98.73621573979048, 26.038050289043696], [-98.73644509046748, 26.036767659600777], [-98.74115049050098, 26.037355708958906], [-98.74047016951442, 26.03445850940217], [-98.74672905036873, 26.035181539135902], [-98.7462872200927, 26.03804119940341], [-98.82322654981203, 26.04764867926309], [-98.82591232017397, 26.04515011898641], [-98.90075195020422, 25.968322739398072], [-98.92372970968019, 25.99396888965783], [-99.02387220048311, 26.10410244925278], [-99.02509874005068, 26.108170829208568], [-99.0267002500187, 26.110737229568567], [-99.02668490977118, 26.11184659921085], [-99.02588537042848, 26.113049968950687], [-99.02452914970867, 26.11438761885694], [-99.0235600602473, 26.114933539414977], [-99.02263151002066, 26.11478341927705], [-99.02029934013152, 26.113810618976846], [-99.01851083011918, 26.113469319564295], [-99.01725618014076, 26.113633799084774], [-99.01648728019657, 26.11400645941461], [-99.0143606896515, 26.1178220595308], [-99.01407885022898, 26.118889019056905], [-99.01476686001266, 26.121282249467903], [-99.0155224604272, 26.122592319027415], [-99.01686985992947, 26.123522799317943], [-99.00032602034348, 26.162679749288305], [-98.99188945006122, 26.182085519273137], [-98.99324635019586, 26.18294539881021], [-98.99376997024329, 26.184113278963416], [-98.99432834961979, 26.186640148883505], [-98.99462517024168, 26.1869286792964], [-98.99431991024944, 26.18791221894261], [-98.99399696986171, 26.18818537894798], [-98.99294822958385, 26.18829159958019], [-98.99208151007505, 26.18778824926325], [-98.99105324956454, 26.188051708945498], [-98.98967128010044, 26.1871866590547], [-98.96219221966285, 26.250340688945727], [-98.94180344993013, 26.2981846292163], [-98.94659771036842, 26.314572079021225], [-98.9459530797911, 26.33808251934282], [-98.94831188037864, 26.338066179489438], [-98.94570619955876, 26.342430019497183], [-98.9490252198891, 26.342435028910252], [-98.94917876968172, 26.343496049586577], [-98.94903045010807, 26.356463949073866], [-98.94977626002431, 26.35665294905765], [-98.94933429041134, 26.35784490927292], [-98.94454474011893, 26.3665599196461], [-98.94591689039764, 26.367157249188647], [-98.94517317006135, 26.368224649003114], [-98.94666157994959, 26.36940461920116], [-98.9478930302137, 26.370733748902346], [-98.94617211002674, 26.369828619048647], [-98.94324146033559, 26.36943727943222], [-98.93896784994699, 26.369951738910157], [-98.9376502796392, 26.37029450946457], [-98.93640181702612, 26.37107429994088], [-98.93494469000042, 26.37297765920148], [-98.93407158034549, 26.375713178992925], [-98.93440091001945, 26.379311938807056], [-98.93577512016172, 26.383374829231702], [-98.9357746796284, 26.384315849041666], [-98.93534048045576, 26.38555499960733], [-98.933197019743, 26.389152449325984], [-98.93062065993348, 26.391652769413803], [-98.92894191963896, 26.393717419539716], [-98.92746284958243, 26.39451985888506], [-98.92672338045418, 26.3945654291507], [-98.92580574001147, 26.39433539939971]]]}}, {"type": "Feature", "properties": {"CVEGEO": "28008", "CVE_ENT": "28", "NOMGEO": "Tamaulipas", "CVE_MUN": "008", "NOMMUN": "Casas", "cov_": 2034, "cov_id": 2035}, "geometry": {"type": "Polygon", "coordinates": [[[-98.60396945973147, 23.996059448875272], [-98.60153214974845, 23.993887849527265], [-98.5998231499818, 23.991320229170164], [-98.59972689014647, 23.990015719470065], [-98.59984706043991, 23.983685079247], [-98.60063612023501, 23.98052665963536], [-98.60253738007327, 23.974864939521293], [-98.60260817974773, 23.97295642923393], [-98.60222502003238, 23.970808109422354], [-98.60054671981939, 23.967452688887573], [-98.59802545957943, 23.963569018907478], [-98.59617405991513, 23.96117873943181], [-98.59361058036103, 23.957076379061533], [-98.59187114994204, 23.952598549523035], [-98.59032069004334, 23.949970178919248], [-98.58909182033292, 23.9483563692387], [-98.58779648971809, 23.94721952025796], [-98.58649882039197, 23.946798479521213], [-98.58443532025446, 23.946612629591005], [-98.5836439098305, 23.946674779659663], [-98.58190587974491, 23.94729230970898], [-98.58067268029836, 23.948065629393394], [-98.57964135006343, 23.949530739755474], [-98.5773796800464, 23.955005219346837], [-98.57679200022177, 23.955958029772003], [-98.57529345020711, 23.957385419188814], [-98.57347071031768, 23.9583945991534], [-98.57145294007967, 23.95868741897681], [-98.56918356955475, 23.958740319212517], [-98.5654202497092, 23.957536739182128], [-98.56178974041029, 23.955498419473702], [-98.55954431010444, 23.95369087970794], [-98.55786165025985, 23.951896579183753], [-98.55418423036012, 23.944728349356964], [-98.55211393970748, 23.942575279132406], [-98.55081736994386, 23.9417359193278], [-98.54809350993891, 23.940654279540794], [-98.54507309043252, 23.940623348907458], [-98.54367231016751, 23.941100509419147], [-98.54234185999319, 23.941984419484168], [-98.54059337034599, 23.944691679613893], [-98.54022466022518, 23.946577139393014], [-98.54161450967318, 23.954712199326792], [-98.54165418041879, 23.957535339250576], [-98.5411404899787, 23.96019839957755], [-98.53989079989901, 23.96460861949582], [-98.53750889044466, 23.971422579569467], [-98.5368308598034, 23.972885109505164], [-98.53568386004008, 23.974585659413805], [-98.53259349036742, 23.976423369247108], [-98.53136154005735, 23.976663750211088], [-98.52952262029586, 23.976520849094957], [-98.52812348023532, 23.976049859132672], [-98.52562651049858, 23.97371185915783], [-98.52366231952963, 23.969837659505004], [-98.52336294979483, 23.968702369742406], [-98.52069738016475, 23.962999740252563], [-98.52044411998449, 23.96120948973156], [-98.52048859967113, 23.953147570062377], [-98.5198559796873, 23.947928769183786], [-98.51860970979087, 23.945021649241855], [-98.5165523696434, 23.942528169906275], [-98.51428354958854, 23.94126788950566], [-98.5128816004174, 23.940958258868655], [-98.51004490968296, 23.941250108932948], [-98.50805154043383, 23.941985828948237], [-98.50669636990614, 23.943024449225618], [-98.50583257983824, 23.943328398959363], [-98.50485888028379, 23.943205949007034], [-98.50116234968091, 23.941822109748784], [-98.49777569044001, 23.93934113960277], [-98.49719602988361, 23.93808664944848], [-98.49713509035871, 23.937072319656735], [-98.49759285952236, 23.934723999950073], [-98.49714253963403, 23.93364885892545], [-98.49669871009344, 23.930844000106195], [-98.49516064957581, 23.925589879663683], [-98.49239637026803, 23.91842293925104], [-98.49048393985814, 23.91583641965985], [-98.48784391952132, 23.914388629439355], [-98.48556746016313, 23.913990259145084], [-98.48711148957501, 23.906455380098766], [-98.54036672015228, 23.877607448937564], [-98.5379189099068, 23.857038399341082], [-98.53592711028061, 23.829760769672937], [-98.54788788977956, 23.82412257889764], [-98.55926167969515, 23.819145019666482], [-98.54830571013642, 23.821810798962016], [-98.54069753960752, 23.821571569302403], [-98.52734029045747, 23.793544349812283], [-98.48173230980439, 23.816974550208677], [-98.47192584869947, 23.800092019932286], [-98.45700182993959, 23.773361140463923], [-98.46290613889937, 23.721098829915547], [-98.49546171913921, 23.724724019022165], [-98.49915650879734, 23.69770877957484], [-98.50460182981581, 23.646826739620714], [-98.49649515032499, 23.64961190947253], [-98.48837198042817, 23.635763320410884], [-98.4941766892025, 23.633964290214386], [-98.4955825097959, 23.623889260514538], [-98.50858801914953, 23.611982879068734], [-98.51310655043046, 23.608105599454927], [-98.5009501391822, 23.596068539165728], [-98.49096258040443, 23.58681517894707], [-98.48468804855216, 23.58068018028238], [-98.47271950895822, 23.568414279964962], [-98.4602811694503, 23.5751089693923], [-98.46235551914246, 23.56494357057712], [-98.46297870935813, 23.56539597999657], [-98.46303034913934, 23.567367570419563], [-98.46360948917496, 23.567786600051157], [-98.46416206037678, 23.567634400608476], [-98.4655081796372, 23.565957540623568], [-98.46606310900272, 23.565778229343643], [-98.46784979900008, 23.565982999148257], [-98.4688530288268, 23.565291289219076], [-98.46930176888975, 23.564621020136194], [-98.46963848858267, 23.562867620389678], [-98.47040986006233, 23.5625047197475], [-98.47097531994689, 23.557500259971814], [-98.46886099854588, 23.554976949792742], [-98.45501652015554, 23.565852199889406], [-98.45169884977565, 23.562690150121664], [-98.45179690948945, 23.56242099922184], [-98.44863094916107, 23.559757770190462], [-98.46258344883074, 23.547298709371205], [-98.45964807984002, 23.543990780028306], [-98.45539069001256, 23.539761969674686], [-98.42959036905141, 23.5181383099398], [-98.43008895031518, 23.51767202020649], [-98.43030504915644, 23.516721309466213], [-98.42973704919952, 23.51503099938435], [-98.42750456977033, 23.513951150620457], [-98.42633768884218, 23.512510860559118], [-98.42649357946897, 23.51169828987072], [-98.42708514974584, 23.51103357029658], [-98.42800655007645, 23.510695850574205], [-98.43099251903202, 23.510428279052892], [-98.43125525979465, 23.50999923014048], [-98.43113776936055, 23.509360479826867], [-98.43009471988465, 23.50882447914412], [-98.42684391009621, 23.508825419422998], [-98.42546250916536, 23.50849334003714], [-98.42329701879859, 23.50712129062582], [-98.4215277196666, 23.50675856991318], [-98.42023625955916, 23.507185349175327], [-98.41875448994135, 23.50844476989288], [-98.41745539884741, 23.508517170448545], [-98.4168848789557, 23.508035260037982], [-98.41674059950444, 23.506845919192028], [-98.41705543008992, 23.506014910010077], [-98.41842303029405, 23.504289279607324], [-98.42027267960222, 23.502699340370228], [-98.42241137938873, 23.50045150895393], [-98.4228053992508, 23.49976825043094], [-98.42327917899206, 23.498010920208923], [-98.42431551921608, 23.49796926001224], [-98.42535371035635, 23.49861062041113], [-98.42545164909185, 23.499118060358644], [-98.42519994875066, 23.500543710004028], [-98.42538591999683, 23.50154906065237], [-98.4261697699711, 23.501838380318162], [-98.42665509020081, 23.501531450503368], [-98.42936922886373, 23.497915250298846], [-98.43024108002852, 23.495969860340054], [-98.42959131983433, 23.494262000613062], [-98.42986607895439, 23.492698089562808], [-98.43097106046844, 23.49201563013445], [-98.4312096491443, 23.49070026019511], [-98.43009321950795, 23.489567290518384], [-98.42757357859513, 23.488129200430443], [-98.42549531908769, 23.48647381963998], [-98.42272906040617, 23.485700450063867], [-98.42148093987048, 23.485009338917312], [-98.41987370892902, 23.48158112020757], [-98.41886624943454, 23.480396800534663], [-98.4178962591909, 23.479623600133717], [-98.4161770287974, 23.47886717063265], [-98.41546477851402, 23.478232940409136], [-98.4151126894412, 23.477023510324038], [-98.41559558037223, 23.475570230423358], [-98.41661250926714, 23.47458568027519], [-98.41759590876268, 23.47445205903995], [-98.41886531922859, 23.475150679127456], [-98.41973139862414, 23.476436719068776], [-98.42059447888202, 23.47654975015172], [-98.4215800301921, 23.475949400102362], [-98.4217667699206, 23.474083120445947], [-98.42263433913409, 23.473180349860765], [-98.42453852023304, 23.473599180358725], [-98.42632710995134, 23.473193880143175], [-98.42782111039445, 23.472024290152934], [-98.42952673928113, 23.470108649000704], [-98.42944191901034, 23.469064970347635], [-98.42828327904262, 23.468429250392656], [-98.42640366026114, 23.468344680375214], [-98.42453419880965, 23.467701719760797], [-98.4237628489641, 23.4670399501837], [-98.42341225952833, 23.465473650540215], [-98.42276262043588, 23.464208290467717], [-98.42211070947671, 23.46346456934132], [-98.4221425497068, 23.4622656901601], [-98.42244682005679, 23.46164545952131], [-98.42307440037665, 23.461177170647073], [-98.42474177981588, 23.461003940382852], [-98.42542564946136, 23.459201080597555], [-98.42600107869819, 23.45830877960033], [-98.42752962948437, 23.45678531947446], [-98.4283940500949, 23.456513980404416], [-98.42913757899979, 23.456708919191154], [-98.4297601794962, 23.457370309988654], [-98.42951136880671, 23.459840308940358], [-98.43022426003206, 23.460227250135027], [-98.43115096867302, 23.45940691992663], [-98.431691598621, 23.458310690281643], [-98.43399231025874, 23.45645748902662], [-98.43515951015408, 23.455061548945867], [-98.43596570978018, 23.45454274052986], [-98.4369779087262, 23.45460130997895], [-98.4375186201073, 23.455348090274047], [-98.43771521976599, 23.45625135014729], [-98.43827877907212, 23.456802479272373], [-98.43893365897156, 23.456832289826853], [-98.43962024894951, 23.45642294937411], [-98.43998175008701, 23.455435799739526], [-98.43975885957447, 23.454405180253218], [-98.43856902033703, 23.451504569950025], [-98.43794661859461, 23.450815919771056], [-98.4359647388575, 23.449855219431104], [-98.43504519922871, 23.448978750521295], [-98.43504919854496, 23.44707961981093], [-98.43476434937132, 23.446345940656922], [-98.44728553964512, 23.413663309202715], [-98.40640891892838, 23.40819024890383], [-98.40505221968928, 23.415077708905784], [-98.36687291915547, 23.410068879453853], [-98.35508979855781, 23.38200072008398], [-98.36475225967214, 23.335314740246123], [-98.33361819923357, 23.3086920505529], [-98.29902706034297, 23.28075183015806], [-98.28638799973857, 23.286764980632682], [-98.28196554959219, 23.296186289980653], [-98.26227144930307, 23.290153849362333], [-98.26024513985206, 23.294979060610395], [-98.2575935987061, 23.29427105027188], [-98.25532651040395, 23.295104879930413], [-98.25319923034117, 23.29703907993118], [-98.25183142865139, 23.2972583789103], [-98.24124564960081, 23.292135799109968], [-98.24045110991973, 23.283298020123176], [-98.21277754029234, 23.29303005887365], [-98.20984508001435, 23.25325141909471], [-98.21785186029535, 23.25046922931799], [-98.23059480000286, 23.24568091919487], [-98.23229848967733, 23.226273419066455], [-98.26106035041894, 23.234894968936313], [-98.26697645992803, 23.215585689584444], [-98.27791077047436, 23.201171849405014], [-98.29078429038512, 23.178860969487218], [-98.29707602033616, 23.16203828903967], [-98.30398774021745, 23.146141828902955], [-98.32849231963097, 23.166076829376117], [-98.33958837959676, 23.14497119908829], [-98.31245418004414, 23.124724229252482], [-98.31734548995499, 23.112997519482708], [-98.33089151981552, 23.10845591887157], [-98.33765928970303, 23.11688988957371], [-98.35757212024488, 23.120070119471173], [-98.36666144965501, 23.090379980300025], [-98.38932188971862, 23.097609109508785], [-98.38326776982669, 23.12829997902587], [-98.37119174002201, 23.14902745904595], [-98.36946488983152, 23.158541689051674], [-98.36904824999807, 23.162489119708404], [-98.38656964956951, 23.17491819900047], [-98.40391110963002, 23.19256461971348], [-98.41683911986262, 23.18850519939669], [-98.4148813400829, 23.193109290413258], [-98.41416075016834, 23.198847089312192], [-98.41104148886292, 23.20338357026155], [-98.40919585971342, 23.20377863058816], [-98.40789587902377, 23.206063620475938], [-98.46459653996327, 23.236346449630844], [-98.4692348289944, 23.285745449075026], [-98.5156533702323, 23.298893879781225], [-98.50466310951653, 23.33307061906324], [-98.56230288858661, 23.32613438042326], [-98.56852793880905, 23.313412308872607], [-98.57977434005831, 23.31003377044618], [-98.57508954973939, 23.30134322058967], [-98.603489570287, 23.287461279537677], [-98.608993280428, 23.29907099959641], [-98.6225543388157, 23.293356550121867], [-98.65670105884624, 23.280575889709905], [-98.67163065921939, 23.208017419732503], [-98.70304222861616, 23.190208030015008], [-98.70304342994756, 23.182208690127496], [-98.70485773957178, 23.181031569889264], [-98.71544071904506, 23.183172309480316], [-98.7246292802452, 23.18402684907403], [-98.7258685204718, 23.247592659816107], [-98.74594985981955, 23.24670244969612], [-98.74738606022864, 23.285087920630538], [-98.72727607990234, 23.285770918991346], [-98.72895630925282, 23.334072120513508], [-98.73122631902757, 23.386617969093237], [-98.75147301984393, 23.388850511232473], [-98.75176024928766, 23.3957217506504], [-98.82280896948961, 23.39087339951123], [-98.84613351030043, 23.392611969993432], [-98.84070551995832, 23.430822139505278], [-98.86059702920484, 23.433154030111062], [-98.85626259991064, 23.458851419781787], [-98.8371150000739, 23.454774970308115], [-98.82963687917203, 23.504939998921262], [-98.84630893880306, 23.50678578126494], [-98.84641276969734, 23.506186340279108], [-98.87081502940364, 23.506395310061933], [-98.86817928008381, 23.52558293896595], [-98.86684233964391, 23.525898308881274], [-98.86762097884035, 23.528014219129364], [-98.86994248003275, 23.527354629743872], [-98.87019290853945, 23.52805903016187], [-98.87116454025436, 23.527761490541234], [-98.88114962936564, 23.554728121267072], [-98.90872071866728, 23.546175820416877], [-98.91145944993961, 23.554098261536453], [-98.91868542919254, 23.551829429504657], [-98.92514973864161, 23.55925409094708], [-98.93055507952099, 23.568761659197932], [-98.93349453942545, 23.574987889471043], [-98.96662353931089, 23.558360819548678], [-98.97579882037259, 23.57418434007927], [-99.00237291934151, 23.550949799374656], [-99.00349099909941, 23.551613249812515], [-99.00669648880681, 23.55127822002872], [-99.0074270493868, 23.551423321521135], [-99.00873467872289, 23.55432045998128], [-99.00911391003018, 23.55488041972003], [-99.00968315032702, 23.555259679810145], [-99.0128163699259, 23.555502659273706], [-99.016513579547, 23.554997340454346], [-99.01714195019463, 23.555117479803627], [-99.01882348971507, 23.557480030432682], [-99.03621822011827, 23.542361650642547], [-99.04128066035084, 23.564588569649295], [-99.03302477000983, 23.57154239999263], [-99.03140654994247, 23.563095059223922], [-99.02394701997889, 23.569580199446317], [-99.02432702991244, 23.572546229537082], [-99.0287949800835, 23.58039476955761], [-98.99888561980855, 23.605744080110156], [-98.9963016600139, 23.60323482946058], [-98.96729985990424, 23.628550538924856], [-98.94323113963924, 23.649117059318762], [-98.9432584603423, 23.650033829227823], [-98.95329399956734, 23.654907860086766], [-98.94448324982275, 23.670633279319635], [-98.94538640024557, 23.68738444901097], [-98.9443219497758, 23.687807308905356], [-98.94335145008152, 23.687823890067918], [-98.94087324981338, 23.687203879164574], [-98.94076487999625, 23.68669248030799], [-98.9399557788314, 23.686515748880236], [-98.93693357883728, 23.686733490254216], [-98.93545082998695, 23.686639919374723], [-98.93323904855593, 23.68402462063085], [-98.93210479866514, 23.683942459209636], [-98.9291861191589, 23.686174309626065], [-98.92832267857519, 23.68742259913415], [-98.92771560046444, 23.687699630190096], [-98.92717108898101, 23.687416380610724], [-98.92667179878747, 23.686820619523004], [-98.92591719909147, 23.682626380315366], [-98.92409322951963, 23.68093259956504], [-98.92309536912231, 23.680298920105244], [-98.92106711991369, 23.679668059048755], [-98.91979545857704, 23.679663708955033], [-98.91543031992936, 23.678994178892918], [-98.9128022292866, 23.678029540537608], [-98.91179079890641, 23.67741157952072], [-98.91042196897317, 23.677709060252322], [-98.9080771402657, 23.678922140216766], [-98.90686633949, 23.67912248012993], [-98.90592587927802, 23.67900810993598], [-98.90340835006187, 23.677332830534525], [-98.90046054990927, 23.676762939288302], [-98.8987644792409, 23.677275310242777], [-98.89904059859123, 23.678775949821866], [-98.89930317988316, 23.67912135001187], [-98.8991629200339, 23.679393049200765], [-98.89770602045932, 23.67974527907507], [-98.89565788888862, 23.679737859214555], [-98.89445484938393, 23.6794330902021], [-98.89278005962954, 23.67849894014161], [-98.89056664937192, 23.678880219628304], [-98.89005828920111, 23.681453290351364], [-98.88932050985103, 23.682084689783725], [-98.88645384988037, 23.682467510528426], [-98.88408362928453, 23.682528980081695], [-98.8831356496231, 23.68292388885988], [-98.88225942860149, 23.683675918994275], [-98.88059411855512, 23.685742319507096], [-98.87994774960639, 23.687258850420825], [-98.88042810938711, 23.6889414588726], [-98.87917845041147, 23.690739969162262], [-98.87797065967028, 23.69186954939125], [-98.87497609043996, 23.692198310246432], [-98.87436347906694, 23.691860889956395], [-98.87393185927759, 23.69108174942028], [-98.872747629486, 23.690538908894652], [-98.87143639900872, 23.691783880046707], [-98.86916029005255, 23.692222510102436], [-98.86713699908444, 23.692949890242385], [-98.86578658020538, 23.693853369908545], [-98.86496834998661, 23.69546812007532], [-98.86467277935837, 23.69675477961634], [-98.86371394994143, 23.69828277887915], [-98.863300820392, 23.698452250268794], [-98.86115241932869, 23.6958055092507], [-98.86024401917386, 23.69506055007031], [-98.8575406304145, 23.695412979969827], [-98.85671201852297, 23.69512317009344], [-98.85510410887413, 23.69516556948067], [-98.85408191913781, 23.695441200007156], [-98.85367897025729, 23.696071199902725], [-98.8534992199931, 23.696903750632234], [-98.85303395022139, 23.6973691195942], [-98.85250154903973, 23.697347449891513], [-98.85053237939982, 23.69624767993227], [-98.84944362864387, 23.696480659791693], [-98.84853764878669, 23.698123830425313], [-98.84857047855859, 23.698866909199445], [-98.8479294597472, 23.700290380375208], [-98.84678373881844, 23.70154312059378], [-98.8461442001606, 23.701681829206965], [-98.84409187918949, 23.701122509963547], [-98.84234627889562, 23.702120399530642], [-98.8419361786014, 23.70267690943255], [-98.83923891004025, 23.704254060531657], [-98.838301520327, 23.70654579886323], [-98.83826750860793, 23.70737871981454], [-98.83839205001296, 23.70877953998412], [-98.83902804882494, 23.7103571099141], [-98.83906228902605, 23.711300339866494], [-98.8353698593482, 23.71142463007404], [-98.83444647903886, 23.709029050457385], [-98.83328630983426, 23.707902430610577], [-98.83211519891583, 23.70804728046396], [-98.83008448955998, 23.706824110388528], [-98.82959217859491, 23.706904520301283], [-98.82901262912803, 23.707540848866802], [-98.8289534294068, 23.708352779968706], [-98.83048244925578, 23.710473480292087], [-98.83067173960183, 23.712446860346073], [-98.83037752023975, 23.71349602045906], [-98.8297283491516, 23.713749120141006], [-98.82844920036025, 23.713832890583124], [-98.82801213887231, 23.713548600351047], [-98.82736014034069, 23.712070599815547], [-98.826227938878, 23.711360179080142], [-98.824107510368, 23.712203249230633], [-98.82310819952386, 23.712055859917495], [-98.82062201860106, 23.712524520015712], [-98.81935503040187, 23.713688020554766], [-98.81845797862722, 23.7150465690394], [-98.81810702020975, 23.716615000670334], [-98.81742699894926, 23.718132489970223], [-98.81608944930565, 23.720367059073286], [-98.81435942908729, 23.72232834000281], [-98.81316999864653, 23.7225784306245], [-98.81198117023085, 23.722478599249175], [-98.81070752035039, 23.722026949378968], [-98.80958428982633, 23.721220280222138], [-98.80801418002542, 23.720576020364703], [-98.80693019902827, 23.720801628953442], [-98.80521040026677, 23.722250029532326], [-98.80476179914423, 23.723142859755598], [-98.80498875021816, 23.723913819157755], [-98.80684674046255, 23.725654819963047], [-98.8062101394629, 23.727617228866865], [-98.8051399495526, 23.72832711013917], [-98.80157619915508, 23.729898340267244], [-98.80071239878964, 23.730790599636823], [-98.7999629704837, 23.732008228870534], [-98.79882397898453, 23.734718349124933], [-98.79837725921223, 23.7352330005383], [-98.79770973884034, 23.73537339953769], [-98.79694113877412, 23.735026350104196], [-98.79551982987512, 23.73368901891958], [-98.79462422963101, 23.733435089640086], [-98.7939759401984, 23.733459430471413], [-98.79361215000031, 23.733815020348406], [-98.79045707907389, 23.734102910349012], [-98.7893595999144, 23.734417350361365], [-98.78869070930986, 23.73492570984059], [-98.78835333941649, 23.735742150174147], [-98.78847636892426, 23.73678097006348], [-98.78806645988605, 23.737852310545637], [-98.78707147916782, 23.738304999561354], [-98.78467491956361, 23.740681938888383], [-98.78384282909393, 23.740817450167356], [-98.78262886038716, 23.741475180037185], [-98.78232736941875, 23.74127065975052], [-98.78298355012149, 23.740294340615886], [-98.78264034028412, 23.740111858911547], [-98.78092363033223, 23.74021159962047], [-98.78034052034985, 23.739910170606823], [-98.78015619940217, 23.740810820298382], [-98.77866331970257, 23.741084079820578], [-98.77862364940552, 23.741562479763626], [-98.77917812008144, 23.74210494981522], [-98.78149614043016, 23.74276797925313], [-98.78064981971663, 23.743478180001365], [-98.77934642972703, 23.745867149941823], [-98.77765028960272, 23.74728265889427], [-98.77745592008053, 23.747269909846715], [-98.77757482850885, 23.745608550126015], [-98.77631537006454, 23.743715948944832], [-98.77385671953868, 23.743240340112752], [-98.77207065948753, 23.743252350390595], [-98.77161375008723, 23.743557689284188], [-98.77125328906641, 23.744154310373972], [-98.77203414947303, 23.744724599408833], [-98.7722066497318, 23.745127080166963], [-98.77212247989641, 23.745560149268396], [-98.77172705022335, 23.745723509178905], [-98.77037188034679, 23.744189049410405], [-98.76874031860457, 23.74365811926422], [-98.76812271850115, 23.743938920456998], [-98.76762168993723, 23.74588494908259], [-98.76663250957621, 23.746532090217666], [-98.76614391041562, 23.74654787975845], [-98.76582676981262, 23.745561050473242], [-98.76521685913104, 23.745209850168276], [-98.76431067890533, 23.745104680152732], [-98.76200143025996, 23.745949740203198], [-98.76096336986109, 23.746776340569145], [-98.76055305858735, 23.747251659141256], [-98.75975513919718, 23.751274570181014], [-98.75466294039425, 23.75146681991933], [-98.750185339588, 23.751015750140365], [-98.74923825907499, 23.751425800075175], [-98.7481592790018, 23.750949060518035], [-98.74653393975206, 23.750882978927688], [-98.74556811928325, 23.751515519660064], [-98.74232905032531, 23.75192234005389], [-98.73836391971068, 23.75343345950592], [-98.73472544976025, 23.755849260051992], [-98.734685819761, 23.76191836903762], [-98.73614161954804, 23.76472442061609], [-98.73647173972726, 23.765771849017376], [-98.71267291008475, 23.761970749496257], [-98.71142847985855, 23.764134539305406], [-98.71044593917775, 23.763980370036524], [-98.70756235006996, 23.76684508918502], [-98.70215386026774, 23.771157889560698], [-98.70143212014868, 23.772983149402148], [-98.69696094013034, 23.781329690137103], [-98.69976565951366, 23.7883141097112], [-98.70082111007397, 23.787879318854237], [-98.70145741956038, 23.788044779671115], [-98.7016890898258, 23.78869559980054], [-98.70096279979471, 23.789649119745434], [-98.70134894973778, 23.789904279607345], [-98.70192857031643, 23.789859549368952], [-98.70230931975462, 23.78950662920673], [-98.70398524953929, 23.789409119453623], [-98.704799139802, 23.789084349279634], [-98.70619090952904, 23.786745829327455], [-98.70658765957174, 23.78766364960224], [-98.70495012016774, 23.790099628890893], [-98.7043320204686, 23.790521089504153], [-98.70455964969973, 23.790867289706952], [-98.70580021956337, 23.79120390973772], [-98.71043271023686, 23.793661418880763], [-98.71092142039012, 23.794510629994576], [-98.71209764995749, 23.79576916889366], [-98.71152024958535, 23.7963245101188], [-98.7112994302974, 23.796418579062617], [-98.71108888027419, 23.796245479221515], [-98.7103502498762, 23.79677911947928], [-98.71014414042187, 23.79734362963006], [-98.71112547991619, 23.797344718873305], [-98.71156592041856, 23.7976482591776], [-98.71176488015045, 23.79651474906587], [-98.71204602024235, 23.796260550331517], [-98.71239967971827, 23.796677118920243], [-98.71263137042226, 23.79766136943027], [-98.71294488979436, 23.796440679143185], [-98.71329477997259, 23.795927369133164], [-98.71419238002149, 23.796157059028122], [-98.71434246036402, 23.795952798895918], [-98.71533074967796, 23.79646616941037], [-98.71617357010801, 23.797454619191008], [-98.71572185998144, 23.798808749163733], [-98.71601863009019, 23.79880261893957], [-98.71679422003841, 23.79852144891563], [-98.71710208971005, 23.798069229238553], [-98.71766650988374, 23.79814310914655], [-98.7179666297509, 23.79854613896477], [-98.71822266026318, 23.79855151898148], [-98.71848157969472, 23.797899939532297], [-98.71821521975642, 23.797224889144175], [-98.71839782026224, 23.79693119897072], [-98.71904614979056, 23.79688285888998], [-98.71956793973972, 23.797433138904626], [-98.71959330988753, 23.79788054890002], [-98.72013846011552, 23.79818065944848], [-98.72066508982985, 23.799163769017845], [-98.72105114011056, 23.79856177962538], [-98.72335634951196, 23.800003479402577], [-98.72474048002908, 23.801512249301627], [-98.72462287955761, 23.80282647940883], [-98.7237249500593, 23.80305412046893], [-98.7226786503558, 23.80273128917957], [-98.7219800595527, 23.803005139124515], [-98.72197968030521, 23.80318854944311], [-98.7226484195096, 23.803194969903895], [-98.72272635048635, 23.803740139274804], [-98.7231745798037, 23.803970199590246], [-98.72457932044816, 23.80392442959095], [-98.72571613975833, 23.804524979585892], [-98.72696307961091, 23.804297920163215], [-98.7274728503537, 23.804380509425922], [-98.72784142992712, 23.80381344923979], [-98.72808456989064, 23.802549459511262], [-98.72880508003787, 23.80205691935785], [-98.73013931021858, 23.80207114920457], [-98.73102131031344, 23.803063289529938], [-98.73115014009775, 23.80475443020401], [-98.73042011027717, 23.806528619294383], [-98.73110137036538, 23.807916230164288], [-98.73076481991895, 23.808863478865224], [-98.72845646026857, 23.808758259763174], [-98.72631182029421, 23.808915649430954], [-98.72543397036705, 23.809727249747386], [-98.72655025025483, 23.810968779795285], [-98.72700854998585, 23.811092979642133], [-98.72736987986632, 23.8109851696016], [-98.72787682019501, 23.810427078973603], [-98.7283997800929, 23.810306179417953], [-98.7291871200375, 23.810734828984252], [-98.73043498042625, 23.812748659605287], [-98.73058039961063, 23.813234079097274], [-98.73033953954653, 23.81411637019917], [-98.73032135028274, 23.81556165036486], [-98.73111831955373, 23.816953429239852], [-98.73114769049246, 23.817926169292775], [-98.73218282972739, 23.81905117912878], [-98.73255021964644, 23.820650859436967], [-98.7330253102705, 23.82097167972874], [-98.73480006011822, 23.82102782920604], [-98.73525762039007, 23.821221579140957], [-98.73541905993315, 23.821778708997943], [-98.73497841992607, 23.822766249424884], [-98.73437246003358, 23.823036719125504], [-98.73355058049411, 23.82310031887176], [-98.73264394962301, 23.823036419601134], [-98.73050865022674, 23.821768849081877], [-98.72991957015647, 23.82119988939994], [-98.72910046008776, 23.82091165912031], [-98.72858607988002, 23.821753779252855], [-98.72775808040709, 23.82170916975584], [-98.72784803034132, 23.82297654976303], [-98.7275192199478, 23.824497079129316], [-98.72778896959153, 23.82585411923978], [-98.72865697038547, 23.82769625008704], [-98.72956871970938, 23.830691169242908], [-98.73024422041922, 23.831460319147027], [-98.73053682030329, 23.83213177912331], [-98.73067891036695, 23.83303604895843], [-98.73027471959443, 23.83341464940657], [-98.72932122013754, 23.833388619661136], [-98.72905137036011, 23.833655119021696], [-98.72868202023382, 23.833689739343505], [-98.72744578038338, 23.83243731893785], [-98.72729309009216, 23.83282617954217], [-98.72749065031364, 23.834040288969817], [-98.72729431048928, 23.834773059254633], [-98.72813199980087, 23.83451772042459], [-98.72864370987809, 23.834637619358872], [-98.72903078000618, 23.834991450451643], [-98.72849330967139, 23.835641020116245], [-98.72914111949186, 23.835871400144732], [-98.73068746017539, 23.835690708901897], [-98.73186308047522, 23.835009919093416], [-98.73313800027553, 23.835136398990734], [-98.73411825043382, 23.83596601963606], [-98.73488239987266, 23.837268629264305], [-98.73479362960032, 23.838642138977974], [-98.73424225026632, 23.839861139163585], [-98.73357024966064, 23.84041854901442], [-98.73302174981234, 23.8403717491217], [-98.73287213975861, 23.83933174926465], [-98.73259389028526, 23.83903808894596], [-98.73171895029465, 23.840154119034267], [-98.73097731030894, 23.840230629373742], [-98.7306038800982, 23.839809029324485], [-98.73015093952068, 23.83987573907524], [-98.72962280001548, 23.840257579387067], [-98.72918195006378, 23.84022748958531], [-98.7313375395499, 23.84273682935667], [-98.73134221985703, 23.843452168853684], [-98.73087356970953, 23.843886539461394], [-98.73034697966288, 23.843928259566795], [-98.72882117010161, 23.842946429289753], [-98.7284418796896, 23.84312737948731], [-98.72840895024098, 23.84348230973227], [-98.72782791960213, 23.8436732493736], [-98.72921821954718, 23.84416153987986], [-98.72942250964539, 23.84561464935957], [-98.72880471986934, 23.84625157964394], [-98.72785596986957, 23.846800139688312], [-98.72756431955943, 23.847237029489474], [-98.72600883031895, 23.847668059114714], [-98.72551057976335, 23.847437919702276], [-98.72531233959585, 23.846841479734845], [-98.7259618497915, 23.846292398899305], [-98.72606361958057, 23.84532968895212], [-98.72541632008232, 23.844824148858518], [-98.7249176200714, 23.84482325936173], [-98.72384590955123, 23.846122229082145], [-98.72338518043455, 23.845948169026325], [-98.72332051021243, 23.84537064954694], [-98.72272585980957, 23.847650680058926], [-98.7224669199452, 23.84807441946555], [-98.72189479953911, 23.848011779221956], [-98.72136968005985, 23.84694124971809], [-98.72130008044661, 23.845768119140097], [-98.72037342041801, 23.84257096932009], [-98.71954094963021, 23.84099182008418], [-98.72039777019216, 23.83989405939016], [-98.71994023020903, 23.838775349410042], [-98.71872742965478, 23.837489649272747], [-98.71853698014233, 23.834268889626735], [-98.71437262001159, 23.83074225023951], [-98.7106358000304, 23.829226489601133], [-98.7094902901777, 23.82858241951094], [-98.7084461501655, 23.827204859780664], [-98.70819927995967, 23.82610391895344], [-98.70660212005751, 23.82268964916635], [-98.70598820005816, 23.822032199788293], [-98.7052261997841, 23.821705999636695], [-98.70462879965423, 23.819653489112525], [-98.70462557977925, 23.818760689860355], [-98.7011666203186, 23.816451598962473], [-98.70059647991992, 23.814488599083553], [-98.70040049030169, 23.8129750892891], [-98.6998545099103, 23.812036139257632], [-98.69861677047075, 23.811707369211987], [-98.69764817971972, 23.81119814935588], [-98.69676770965803, 23.809941709626997], [-98.69688197977545, 23.80623342958051], [-98.69663840018083, 23.80373199895178], [-98.69590346032895, 23.80339091924842], [-98.69481494959942, 23.803742149553244], [-98.69457601970532, 23.804095119307753], [-98.69400290953958, 23.804359618945583], [-98.69338821951527, 23.80416754974934], [-98.69041174979576, 23.801451650324445], [-98.69017006038925, 23.800502599270644], [-98.6902402799905, 23.799820599568054], [-98.69120966003153, 23.798164199389664], [-98.69293004987605, 23.796699629181308], [-98.69428813997547, 23.796662878957974], [-98.69520334958337, 23.796167419581796], [-98.69544581960555, 23.79573845916888], [-98.69519846039253, 23.794912629281153], [-98.69166943027344, 23.793263449832658], [-98.69223142954161, 23.795185629589028], [-98.69109549031367, 23.797031709305397], [-98.6889553102864, 23.7997147188816], [-98.68920184955806, 23.800861539471466], [-98.69034457034988, 23.802537449647286], [-98.69263224987668, 23.80497221975552], [-98.69367780006827, 23.80709231970778], [-98.69499626003314, 23.813167549280408], [-98.69263785976774, 23.812938509268097], [-98.69216733991144, 23.81309205971325], [-98.69182896956167, 23.81390359912508], [-98.6904177802461, 23.815546489305415], [-98.68940225992624, 23.817122369269928], [-98.69206112013119, 23.819964259253258], [-98.69354365999325, 23.820604059426394], [-98.69897029012692, 23.8243212296327], [-98.7020973198941, 23.82558365906719], [-98.70083902978766, 23.827905340191045], [-98.69939997988503, 23.829648709094933], [-98.6995763704947, 23.830367118868846], [-98.70073419986619, 23.831466689567772], [-98.70070953961469, 23.832440309298708], [-98.70155285992077, 23.83306677054953], [-98.70252748962055, 23.83488030929571], [-98.7026148503472, 23.835727828935134], [-98.70057851010519, 23.836887319273593], [-98.70054749024357, 23.83876924900468], [-98.70170721979599, 23.84110167890732], [-98.70335841979997, 23.841463919448625], [-98.70402248010895, 23.842139339333684], [-98.70375518007029, 23.843006289188004], [-98.70383483015625, 23.844234220352366], [-98.70473248021872, 23.844785949363025], [-98.70586296982493, 23.84514088038016], [-98.70888817034633, 23.845182820664274], [-98.70964839959886, 23.845574829598267], [-98.71075806028382, 23.847302290336522], [-98.71355309040175, 23.849009979056436], [-98.71437028961692, 23.8489372895626], [-98.71570811043951, 23.850224480474292], [-98.71546796991004, 23.85069904900557], [-98.71458110991982, 23.85095016893849], [-98.71381415029596, 23.85162345888347], [-98.71314047977963, 23.852478579818698], [-98.71223197036691, 23.85430417950053], [-98.7116336198133, 23.85482464972339], [-98.71108727995693, 23.854850479454367], [-98.7105905099064, 23.85457803033142], [-98.70969468993992, 23.853011979684947], [-98.70902262956939, 23.852806279227362], [-98.70932877032908, 23.853379860194536], [-98.70941578017079, 23.854344860221527], [-98.7092332497552, 23.854869229918027], [-98.70866329043015, 23.855323398931272], [-98.70764437990194, 23.85547427964317], [-98.7096057999719, 23.85644914897565], [-98.70998111038399, 23.85707997961431], [-98.71092904959761, 23.85785174969185], [-98.71126227967548, 23.858812918884503], [-98.71124774047885, 23.859662679614576], [-98.71056939971953, 23.86027048969582], [-98.70868011969235, 23.861019629069492], [-98.7084447097584, 23.86148604947329], [-98.70830422958328, 23.86188761896989], [-98.70875604988184, 23.863791479703462], [-98.7089628001484, 23.866467599397442], [-98.70880074975813, 23.867388659395193], [-98.70773026020079, 23.86852519916842], [-98.70928559977334, 23.87256037929281], [-98.71025971035984, 23.87382961918721], [-98.71070007967795, 23.874784689732856], [-98.71081579970921, 23.87580707992029], [-98.71063089033457, 23.876748939677075], [-98.7101329699936, 23.877475199277416], [-98.70872938021806, 23.878490629241924], [-98.70865101962207, 23.87889650915759], [-98.70881698045386, 23.879537459063194], [-98.70974288970422, 23.879766169661114], [-98.70984373970356, 23.879986368878665], [-98.70914547951294, 23.88164562994726], [-98.70970843022893, 23.883452979577353], [-98.70962771975702, 23.88488488926758], [-98.70941036957497, 23.88517670908377], [-98.7077477999934, 23.884466139498645], [-98.70750081990276, 23.883281119548982], [-98.70753471021077, 23.881570779846918], [-98.70640721971894, 23.881103909340407], [-98.70547006000798, 23.880224518985383], [-98.70590447985789, 23.87864387897826], [-98.70639630962432, 23.878106480507665], [-98.70560933997697, 23.877864979254884], [-98.7058759103905, 23.877316749305148], [-98.70556630991351, 23.877269449901192], [-98.70493025048818, 23.875794969474708], [-98.70411566011731, 23.875015339701086], [-98.70236191962367, 23.874768418948417], [-98.7018908804069, 23.874002940390085], [-98.70106545002412, 23.873899348875476], [-98.70055935026788, 23.87414702960692], [-98.70032926043102, 23.87460157916137], [-98.70031200023122, 23.87507954964861], [-98.70085066016826, 23.875920050455452], [-98.7001863999884, 23.87668827998671], [-98.69899259954776, 23.87697116928688], [-98.69774771964194, 23.87646791958697], [-98.69696494002773, 23.87589972030187], [-98.69631703009178, 23.87592847907432], [-98.6967622795641, 23.87660697885739], [-98.69682243018423, 23.877436579246766], [-98.6976202598548, 23.878326079217903], [-98.69920299961447, 23.879086118843613], [-98.70046654045002, 23.879051019170863], [-98.70102717974038, 23.879231459084647], [-98.70124677978373, 23.87965937004459], [-98.70133734018543, 23.88013162905548], [-98.70107277972559, 23.880478779279123], [-98.70139119983527, 23.88309587947978], [-98.70124149018459, 23.883962779298685], [-98.70056352010693, 23.884465819202713], [-98.70029534989497, 23.88495397930358], [-98.70027770961742, 23.885659138873685], [-98.69993391953064, 23.886098649322975], [-98.699026250116, 23.88657328955352], [-98.6988895498738, 23.88692314959914], [-98.69933825958014, 23.88740297900705], [-98.69974027985941, 23.88724624908815], [-98.70001894009293, 23.88768871903484], [-98.7009460900612, 23.88768702971848], [-98.70194365040948, 23.888112769012526], [-98.70218931966164, 23.888022119476357], [-98.70232099973263, 23.888780909207988], [-98.6993643497846, 23.888435459228155], [-98.69710681977428, 23.88856793941325], [-98.69628722015972, 23.888944109466088], [-98.69562030969516, 23.889545999661603], [-98.69516139967374, 23.890391879001992], [-98.69473574041089, 23.890656619397003], [-98.69531928972255, 23.89078021964817], [-98.69667190980071, 23.88994473890444], [-98.69720405022433, 23.890631909545874], [-98.69933271966856, 23.891678058903356], [-98.69938067998218, 23.892777878859118], [-98.69848231948897, 23.89547758010806], [-98.69930338039805, 23.895703830599963], [-98.70103710977894, 23.897352949652888], [-98.70147441966085, 23.897504199064425], [-98.7018776597941, 23.89823182919688], [-98.70178933977972, 23.89866710898554], [-98.70218505021711, 23.898844349320225], [-98.70224500012769, 23.899471509555365], [-98.70248664970067, 23.899754769641653], [-98.7031152601279, 23.899698539656455], [-98.70375131989036, 23.899344379503592], [-98.70465279965686, 23.900316279025212], [-98.7046556597569, 23.90160104948848], [-98.70340769002766, 23.90327687972255], [-98.70305303035559, 23.90347813968073], [-98.70211365007185, 23.903297690548545], [-98.70206293952629, 23.90447568930904], [-98.70177527960607, 23.905276089064827], [-98.70142094050293, 23.904800538860023], [-98.70123274028909, 23.905323139020634], [-98.70127059964209, 23.905718879591397], [-98.70209515046443, 23.905853319138338], [-98.70232714022274, 23.906765089189747], [-98.70191483022971, 23.910515448977996], [-98.70106771007647, 23.910983139689606], [-98.70002797044368, 23.911163858922777], [-98.69985033985968, 23.91142208034517], [-98.69996843041193, 23.91171796954541], [-98.70056642970168, 23.911982119097683], [-98.7005005196421, 23.9123370195256], [-98.70101508044533, 23.91319670941817], [-98.70065148959435, 23.914162368867885], [-98.70084048982302, 23.91444175045024], [-98.70151456961709, 23.91468899907814], [-98.70162334015545, 23.915411519033484], [-98.70127610992364, 23.917757140043456], [-98.70089702031068, 23.917959079092523], [-98.70073121984716, 23.91835645961926], [-98.70055051005133, 23.918104489543442], [-98.70012297966636, 23.918162228841684], [-98.69981743010796, 23.917917169481772], [-98.69971261967069, 23.91878351971944], [-98.69916282006221, 23.919163220177005], [-98.69891612000698, 23.91988338032201], [-98.69867705029357, 23.919057510022892], [-98.6966488301468, 23.916926689755797], [-98.69594784975835, 23.917245139655126], [-98.69554732019805, 23.916545479697636], [-98.69564157961776, 23.917789060306188], [-98.69447257044659, 23.917175509545984], [-98.69446437032435, 23.917565149014223], [-98.69473150981753, 23.91774439912655], [-98.694182000457, 23.91799311921867], [-98.69317865961264, 23.917971859429375], [-98.69307481971514, 23.918815850629894], [-98.69189094021543, 23.918931749291406], [-98.69098941982908, 23.918695048880068], [-98.69069728034576, 23.918919139123215], [-98.69108053966609, 23.91934393923663], [-98.69112522026418, 23.919738489545256], [-98.69029947956223, 23.919999019704758], [-98.6902242904441, 23.92046904889829], [-98.69144090980208, 23.921569089033913], [-98.69214511045227, 23.924113569322532], [-98.69198306016588, 23.925253890641255], [-98.69130512034863, 23.925688829665184], [-98.68978813990543, 23.92520153928426], [-98.68863729043491, 23.92448793950179], [-98.68798208004773, 23.924357709034673], [-98.68782025010724, 23.924749769452482], [-98.68861345976026, 23.92696008006606], [-98.68872475011491, 23.928022979447114], [-98.68866505959117, 23.92968216944756], [-98.6879431997609, 23.93028990971441], [-98.68831942038213, 23.93346257963995], [-98.68798491960045, 23.937765679156822], [-98.68841631972123, 23.938847110377285], [-98.68863352035365, 23.940733339472015], [-98.68869676980188, 23.9444526492375], [-98.6892820202851, 23.94984276948587], [-98.68896982024928, 23.950294149652752], [-98.68822319982216, 23.950707258881845], [-98.68770629005488, 23.95048545033014], [-98.68708997972695, 23.949810820320945], [-98.68596062026175, 23.95001947975859], [-98.68596525048007, 23.95015041938629], [-98.68683322006177, 23.95026334902066], [-98.68739696979848, 23.951140449207237], [-98.68746478037079, 23.95176190903105], [-98.68897282026352, 23.951608979653773], [-98.68956443001234, 23.95210702962015], [-98.68975972025885, 23.954753079311462], [-98.68959994031349, 23.955658109892745], [-98.68845654049063, 23.955941619441962], [-98.68806962028805, 23.95636317983336], [-98.6873530501395, 23.956484139608904], [-98.68733543047328, 23.956815618973874], [-98.68887066015658, 23.95656739887865], [-98.68959287988135, 23.956957138955165], [-98.6899128797933, 23.957500019538543], [-98.68986977042212, 23.958477689735734], [-98.68958877978206, 23.958861568975518], [-98.68745783023383, 23.959766548919795], [-98.68898990999169, 23.959603720167483], [-98.68961497953407, 23.95974130914062], [-98.6899155396235, 23.960141430168918], [-98.68965916969702, 23.964310460555275], [-98.68845205986861, 23.964072919466986], [-98.68836830987873, 23.964278550286103], [-98.68865417048673, 23.964825798995783], [-98.68853768997967, 23.965161549695424], [-98.68718693960372, 23.96569388921563], [-98.68651279965349, 23.96565677955634], [-98.6863791202327, 23.96524829024963], [-98.6858762897686, 23.965305979608402], [-98.68540677039682, 23.96502707934703], [-98.68510205010831, 23.964314079397198], [-98.68461557014413, 23.964709289627436], [-98.68363534965997, 23.96432234972367], [-98.68335602963305, 23.963827739363786], [-98.68355342993804, 23.96323950974461], [-98.68272401950773, 23.963584459727368], [-98.68185389005002, 23.96341682959761], [-98.6780141396027, 23.960865848987503], [-98.67754703028231, 23.96079191970507], [-98.67663257986847, 23.9602179993388], [-98.67585854952448, 23.959547279543354], [-98.67574951951305, 23.958445229462697], [-98.67745505992922, 23.95652396902618], [-98.67820033980587, 23.95603624928259], [-98.67660690978349, 23.956284979338083], [-98.67628717003198, 23.95536952041662], [-98.67620622021822, 23.954183179488346], [-98.67642944996342, 23.95396227933729], [-98.67629185973823, 23.953849738928508], [-98.67567451966812, 23.954384629633807], [-98.67517467994983, 23.9544384593813], [-98.67404495013426, 23.95381482913373], [-98.67387228025933, 23.95397321912309], [-98.6735323099864, 23.953729879088105], [-98.67302541995485, 23.953985459048656], [-98.67453678007816, 23.955239979485743], [-98.67502080008877, 23.95606561929218], [-98.67494644952562, 23.95727271054676], [-98.67407077985663, 23.958016829360087], [-98.67382788031321, 23.95765142955574], [-98.67371660000634, 23.956624309665376], [-98.67320554969639, 23.957846879662437], [-98.67219662015206, 23.958245689599114], [-98.67045042991242, 23.957592859609594], [-98.66704399977344, 23.9577194789083], [-98.66652731972202, 23.957893938880616], [-98.66551378028714, 23.957746399995138], [-98.66469164949481, 23.959330660325225], [-98.66320935046548, 23.959985769248814], [-98.66227852022156, 23.960085089536502], [-98.6586444797716, 23.961662819562626], [-98.65303044975984, 23.962341458955567], [-98.65036381956259, 23.963076029322345], [-98.63772561964026, 23.96570289047544], [-98.63422377972036, 23.965961749548423], [-98.63134993989414, 23.96642102960835], [-98.62297242991826, 23.966884279867614], [-98.6214756204452, 23.967102429342873], [-98.61962157979848, 23.967756479265258], [-98.61762742976202, 23.96862936971092], [-98.61547562987445, 23.971248689608757], [-98.61527622962225, 23.97279902896407], [-98.61592640037028, 23.973951909536087], [-98.61813904981084, 23.976731679132218], [-98.6183374899992, 23.97794111925216], [-98.61769994971527, 23.979532169532565], [-98.61639537975742, 23.981765889674147], [-98.6159857500179, 23.98433239989485], [-98.61613337995803, 23.985310319592887], [-98.61585662046213, 23.988062909195975], [-98.61503015018353, 23.991169549276496], [-98.61442330951091, 23.99265464928672], [-98.61188612027107, 23.994159879508135], [-98.61014280045556, 23.995717400603095], [-98.60812579953, 23.99666661940485], [-98.60643621959427, 23.996781510500245], [-98.60396945973147, 23.996059448875272]]]}}, {"type": "Feature", "properties": {"CVEGEO": "28009", "CVE_ENT": "28", "NOMGEO": "Tamaulipas", "CVE_MUN": "009", "NOMMUN": "Ciudad Madero", "cov_": 1999, "cov_id": 2000}, "geometry": {"type": "Polygon", "coordinates": [[[-97.81959175970027, 22.325787915640113], [-97.81536306989739, 22.314696681099278], [-97.81346635929826, 22.310248736806248], [-97.80885481733142, 22.301349320769184], [-97.80540370941937, 22.29549102138367], [-97.80265137559569, 22.291004772416535], [-97.79744942898627, 22.283355476368286], [-97.78937702662864, 22.27288973760621], [-97.78461148482437, 22.266327823333903], [-97.7832852317855, 22.26477712076207], [-97.77392519103586, 22.26688128810393], [-97.77337636388084, 22.267216443945063], [-97.77313868487852, 22.267203247177147], [-97.77295270696081, 22.266863125988237], [-97.77327833644487, 22.266497101415098], [-97.77360870261366, 22.266572782950128], [-97.78416076015759, 22.26420836100785], [-97.783589286699, 22.26261705913709], [-97.79241482972412, 22.260350599912226], [-97.8003411787029, 22.257001489408015], [-97.81164376914353, 22.25177367918943], [-97.82481536767143, 22.244145020381556], [-97.83211250900038, 22.23810270999771], [-97.83638067856359, 22.230139449633853], [-97.83968004895925, 22.231452319102406], [-97.83929704859791, 22.232332830476317], [-97.8440128591274, 22.234000083717124], [-97.84303702932768, 22.236492829545885], [-97.84670632035895, 22.237580799831097], [-97.84554408869897, 22.240188489447913], [-97.85753714934698, 22.246499369572696], [-97.8582112282455, 22.252169450143924], [-97.85796081926614, 22.255204969109798], [-97.85693884863923, 22.257219829426194], [-97.85683210916763, 22.258421580129557], [-97.85559273869332, 22.261697510044346], [-97.85765864900151, 22.262176290604938], [-97.85720177886357, 22.263590919215762], [-97.8578938191435, 22.26493697902816], [-97.85742848816345, 22.26617789024032], [-97.85944648889209, 22.266830519715853], [-97.85874984939679, 22.269135599908765], [-97.85631104946125, 22.27543933889339], [-97.85445894853932, 22.273950860112237], [-97.85311434928866, 22.273216940330713], [-97.85234781998672, 22.273023890017463], [-97.85204577826619, 22.273911829145934], [-97.85323356841316, 22.274674819185826], [-97.85273343307794, 22.275354458783262], [-97.8578629690076, 22.282086971284258], [-97.85387005925396, 22.28127385894195], [-97.85422071940685, 22.283402031664316], [-97.85412296932184, 22.286426629044307], [-97.85300113906266, 22.292293599533014], [-97.85276562938301, 22.292396110554957], [-97.85237885674285, 22.293960970055522], [-97.85021571979722, 22.299509969591284], [-97.85026933837653, 22.301522249806247], [-97.84958448969569, 22.30413305054755], [-97.8497047383343, 22.304492829208975], [-97.8486979404473, 22.306265219459732], [-97.85240891981267, 22.317297619413587], [-97.85567253906957, 22.321903427819247], [-97.85142542801975, 22.324006550737288], [-97.84907494927963, 22.325460350542652], [-97.84613304794918, 22.326470280360674], [-97.84478695003756, 22.322456570649816], [-97.84317242936247, 22.323192620057366], [-97.83515314033276, 22.323132539527496], [-97.83530548910976, 22.326088650522895], [-97.83513554923874, 22.32609288186455], [-97.81959175970027, 22.325787915640113]]]}}, {"type": "Feature", "properties": {"CVEGEO": "28010", "CVE_ENT": "28", "NOMGEO": "Tamaulipas", "CVE_MUN": "010", "NOMMUN": "Cruillas", "cov_": 2007, "cov_id": 2008}, "geometry": {"type": "Polygon", "coordinates": [[[-98.40889190986, 24.871625999075313], [-98.38891386025777, 24.877675369339673], [-98.377976769569, 24.858191629680167], [-98.36298367964046, 24.865199259433947], [-98.36725326034781, 24.83995588924816], [-98.35464918024452, 24.836834979666495], [-98.35247920044209, 24.835427978920126], [-98.35178758049973, 24.835670858926065], [-98.35234045999891, 24.81094859884775], [-98.33920011962351, 24.816263229164043], [-98.33283405990963, 24.815304879393157], [-98.32836630969757, 24.79543105964644], [-98.32298222962177, 24.77946282930864], [-98.32142106020605, 24.773875179303744], [-98.31710652018063, 24.7703510296248], [-98.31092302966684, 24.753568419580763], [-98.31464434970454, 24.75075333942587], [-98.3062543395859, 24.724794349268063], [-98.31686405006401, 24.72479648909632], [-98.31359658049257, 24.71440070918386], [-98.31085786045296, 24.703874149236178], [-98.29690616981259, 24.706409909281472], [-98.29320528016831, 24.69451321940774], [-98.28965996981422, 24.678323969136027], [-98.29106579972895, 24.678818909431374], [-98.31233123035598, 24.648072859504378], [-98.32212403015482, 24.63291719940559], [-98.30358233951944, 24.622649949364472], [-98.31027168956375, 24.6126763490032], [-98.31011030993909, 24.612338249392483], [-98.30475723035633, 24.61010896920086], [-98.30089557956676, 24.610119029596582], [-98.2994711101421, 24.608816849017973], [-98.2985774198521, 24.608458109447554], [-98.29762650982734, 24.60686527889664], [-98.29601509006568, 24.606490799310933], [-98.29358068962954, 24.60529510899813], [-98.29265470982608, 24.60444756891459], [-98.29220621983401, 24.60331087918199], [-98.29180948043823, 24.60106987896765], [-98.29011908999294, 24.595019179446464], [-98.28841824972562, 24.593207579229034], [-98.28798591998404, 24.5920751989784], [-98.28509062002024, 24.589862228958946], [-98.28339521975639, 24.58948076973368], [-98.28083774960338, 24.58933111906627], [-98.27935822046616, 24.58955584908595], [-98.27676425983579, 24.59048321960361], [-98.27399809034472, 24.59231319935736], [-98.27322553998802, 24.59309454970458], [-98.27234880046879, 24.595439539422472], [-98.27065091034984, 24.597445949517578], [-98.27003293963998, 24.598741939263444], [-98.26716038028924, 24.60141107913605], [-98.26652802047806, 24.601614578852594], [-98.26462946029237, 24.600934339099574], [-98.26320297964195, 24.600853319079782], [-98.26206780047235, 24.6013907490015], [-98.26142497010198, 24.601363658879453], [-98.25832644998836, 24.599699429587552], [-98.257199600077, 24.599585048888773], [-98.25588714030974, 24.599725509325598], [-98.25340688970392, 24.59892217935496], [-98.25305735027067, 24.598653628880797], [-98.252483460474, 24.59873567961141], [-98.25102315045838, 24.59946622919832], [-98.25052746044013, 24.60052214949325], [-98.2502173400308, 24.604943658861426], [-98.24850719985594, 24.606937739715995], [-98.24731190984036, 24.607255459452592], [-98.24512640027226, 24.607014889680812], [-98.2438391398663, 24.6075538293583], [-98.2404341704458, 24.607740369695712], [-98.23921286005283, 24.608537799685053], [-98.23886518015735, 24.60857182936886], [-98.23888858014826, 24.609340379471632], [-98.23825781973733, 24.611204378992657], [-98.23668566007137, 24.612784619496786], [-98.23501282964409, 24.615831479334243], [-98.23494509004668, 24.617616799031225], [-98.23464216979394, 24.618492519422894], [-98.23218566000583, 24.61963514930675], [-98.23202037989721, 24.61993510930802], [-98.23066486020875, 24.62066159914339], [-98.22972643037708, 24.62155977947516], [-98.2276962802488, 24.6223137497115], [-98.22740445010012, 24.622740799709824], [-98.22675317025873, 24.623031539267636], [-98.22425448026388, 24.623887179379736], [-98.22062306000265, 24.624114058988887], [-98.1951852897491, 24.59510499928084], [-98.19313128986232, 24.596526319637498], [-98.17938560045238, 24.581082289481557], [-98.17138141995542, 24.58683841904864], [-98.16129074023291, 24.575783739458608], [-98.16054962033989, 24.576341799326958], [-98.14982111959543, 24.565072678913292], [-98.14598692041278, 24.566292289723766], [-98.13862320024117, 24.57364996934939], [-98.09981465000058, 24.50408208914976], [-98.13451241990273, 24.477995149507514], [-98.13641522998888, 24.475960679556177], [-98.13852757042548, 24.474847109099077], [-98.1447661197155, 24.472347888998033], [-98.1847811197411, 24.479728709701114], [-98.18460873954393, 24.46262233966229], [-98.23706685031516, 24.423122449413654], [-98.23690614966848, 24.41116833937142], [-98.25238344955055, 24.413480229650983], [-98.33612602035694, 24.427035109084642], [-98.33328564982439, 24.44608736930023], [-98.348455800366, 24.448569779339657], [-98.35141188974441, 24.429527149317508], [-98.36464600021557, 24.43170631931082], [-98.36694502954592, 24.417430849411865], [-98.37387435021957, 24.418614428964347], [-98.36656131976882, 24.432041999276517], [-98.41637649025371, 24.440004199446616], [-98.41320388974087, 24.456780629466078], [-98.51393277980415, 24.47173174911422], [-98.51669214007777, 24.45601694967471], [-98.55623851047893, 24.46249487937756], [-98.58813620028369, 24.467437318910655], [-98.60547088015382, 24.466102939021404], [-98.63402123033146, 24.464795509119618], [-98.64679956975827, 24.46453505949932], [-98.65704094969168, 24.502388318934738], [-98.65641342047519, 24.53085453957875], [-98.65329631019847, 24.533072579130526], [-98.65256691006957, 24.534289709158855], [-98.64775674039251, 24.567153939397272], [-98.69185351044727, 24.579348479603905], [-98.69375993953297, 24.601221539422884], [-98.69183590963753, 24.634114629422097], [-98.66696984993344, 24.669426948993284], [-98.66137074952586, 24.677660089539657], [-98.65941134990413, 24.732426319091324], [-98.66401467953395, 24.72823287943007], [-98.66983468998093, 24.721757229628352], [-98.70278030952412, 24.74352305920123], [-98.69581666021314, 24.75041007952679], [-98.68495831019023, 24.76178871901261], [-98.671507540244, 24.772096818924638], [-98.66701518030914, 24.775203369510674], [-98.62612331957195, 24.80657444966234], [-98.60488683007776, 24.81095611887504], [-98.59521690983951, 24.817424218939237], [-98.59462531989494, 24.819631019673892], [-98.59223648976976, 24.82063122007062], [-98.59295986035885, 24.821261660302174], [-98.59658869021601, 24.82807783016072], [-98.59516159987325, 24.83936887988061], [-98.57835632027229, 24.84358326015043], [-98.57386277028915, 24.835746549965354], [-98.5616462895761, 24.841626819891534], [-98.56721602983353, 24.851596420234987], [-98.56088837973402, 24.85592715016692], [-98.53291091034448, 24.86276771058917], [-98.52947131989546, 24.849540089798044], [-98.50326738038694, 24.845818780115756], [-98.48612723005323, 24.843645569320483], [-98.48607773961214, 24.843829369249136], [-98.48295251039681, 24.842946598921227], [-98.48281482046869, 24.843811978891157], [-98.48242602960119, 24.844305778840265], [-98.48323623009777, 24.847311648927636], [-98.48344074000107, 24.851059088833676], [-98.48219751968308, 24.85635145970049], [-98.48267493986303, 24.857505288977553], [-98.48205190963753, 24.859906568976776], [-98.48239782964976, 24.859927248914182], [-98.48275372020052, 24.86042837960022], [-98.48326665012958, 24.862377879177757], [-98.48373971959259, 24.863231948969826], [-98.4856998299285, 24.8644605095516], [-98.4893343696272, 24.86050433942317], [-98.49039364950721, 24.85878824934366], [-98.49286910995323, 24.858913549727777], [-98.49313153981326, 24.860553169533173], [-98.49269048986886, 24.860680149079418], [-98.49210214966104, 24.86139325892626], [-98.49063473957855, 24.86415014910645], [-98.49002011981537, 24.864029228879712], [-98.48970362025251, 24.865064879640578], [-98.48904527968126, 24.865736599272935], [-98.48845256990666, 24.865947319642217], [-98.4864764601194, 24.86579916903134], [-98.48647228974282, 24.86857462886633], [-98.48585533984364, 24.869869109501128], [-98.48534865992374, 24.87193941908922], [-98.48265747984782, 24.873954369466944], [-98.48151600017597, 24.87594430943102], [-98.48085360029152, 24.876098519502612], [-98.47848630952544, 24.87591585941219], [-98.47730595009061, 24.875432139473414], [-98.47586299969639, 24.876357249320087], [-98.4759584303525, 24.877546419681117], [-98.47458132025062, 24.87833459887274], [-98.47388505033594, 24.878478089532628], [-98.47314776967632, 24.877883619626303], [-98.47195617010178, 24.877983139584924], [-98.47045093951509, 24.87838811928537], [-98.46994734991968, 24.879007419408016], [-98.4688832899987, 24.879425309532344], [-98.46728313972964, 24.87805311939958], [-98.46677575002852, 24.876691569102647], [-98.46570002993144, 24.876171309407177], [-98.46401423021251, 24.876076279689006], [-98.46317105957927, 24.8764873090998], [-98.46306217959388, 24.877229418923395], [-98.46388926039788, 24.87857513902649], [-98.46349688040144, 24.881511349276465], [-98.46214623022793, 24.882728969230033], [-98.46109262988541, 24.88282010969566], [-98.45944908002024, 24.88208787959393], [-98.45955681955644, 24.881402969125958], [-98.45939013982228, 24.880788049464876], [-98.458570060264, 24.88009867953792], [-98.4563347204135, 24.87893996959649], [-98.45520695026727, 24.879108739174807], [-98.45358609000816, 24.881452569607653], [-98.45352521971793, 24.881912629490056], [-98.45221861994249, 24.88317828883179], [-98.45174865965448, 24.883092419660876], [-98.45032085048861, 24.8834081192584], [-98.44854107995428, 24.88405533910786], [-98.44729512008765, 24.88365294942592], [-98.44644608005859, 24.881286769315135], [-98.44319965005221, 24.8835992291879], [-98.44088515033759, 24.885537178853223], [-98.44048837973003, 24.886157829575446], [-98.44054183027876, 24.88916456897646], [-98.4398741696558, 24.89005334901669], [-98.43869300018048, 24.890112319551605], [-98.4385355497461, 24.89027656966211], [-98.43846655012356, 24.8913423189872], [-98.43866549001439, 24.893106709247625], [-98.43884980020366, 24.893326769681064], [-98.440062880454, 24.893595108996877], [-98.44000575003665, 24.89430544936048], [-98.4397322196188, 24.894629739701298], [-98.4391567998465, 24.89459310956478], [-98.43845143022986, 24.895747289115498], [-98.4378413796245, 24.89616761884105], [-98.43747412003847, 24.895819919010442], [-98.43556848022652, 24.895426049512782], [-98.43524971011075, 24.895026679603024], [-98.43517250968792, 24.894346799157162], [-98.43313970998516, 24.89435230926973], [-98.4308522895116, 24.8956948893169], [-98.42993975042077, 24.896654418953542], [-98.42691303009133, 24.898306449707068], [-98.40889190986, 24.871625999075313]]]}}, {"type": "Feature", "properties": {"CVEGEO": "28011", "CVE_ENT": "28", "NOMGEO": "Tamaulipas", "CVE_MUN": "011", "NOMMUN": "Gómez Farías", "cov_": 2037, "cov_id": 2038}, "geometry": {"type": "Polygon", "coordinates": [[[-99.18537185912567, 23.126968850184234], [-99.15847851006336, 23.132221109638174], [-99.15730527989354, 23.13259359984551], [-99.15274502929248, 23.133203740592272], [-99.14918887863533, 23.13412002996213], [-99.14796939895197, 23.133694219975073], [-99.14748681948004, 23.133102980443827], [-99.14541925975321, 23.131666400275208], [-99.14353059983056, 23.130875450309368], [-99.14337553890797, 23.12963811001509], [-99.14387331970428, 23.129054999527785], [-99.14617661879475, 23.128547030360362], [-99.14701878019198, 23.128595940333078], [-99.14834653970158, 23.12950254978377], [-99.14831965981651, 23.12861288033542], [-99.14728781959204, 23.126689599393952], [-99.14521812027061, 23.12582187937717], [-99.14480718042101, 23.125164279396635], [-99.14542399994569, 23.124413309151738], [-99.14814190963207, 23.123331889704684], [-99.14812468005422, 23.122838708993843], [-99.14750547962707, 23.12233621960322], [-99.14662002979375, 23.12105779900718], [-99.14401404977913, 23.118124909237252], [-99.14197428981886, 23.113930429221504], [-99.14203980006226, 23.112851479012395], [-99.1432904495205, 23.11252673966146], [-99.14355489027373, 23.11058291940061], [-99.14263591991089, 23.10959213915906], [-99.14191691969296, 23.107851259535714], [-99.14173288037108, 23.107219479775363], [-99.14214922985971, 23.106756749002237], [-99.1418963998652, 23.105909569744973], [-99.13911036976512, 23.102767089245486], [-99.13661048981788, 23.100780598926416], [-99.1349000201524, 23.098863319034365], [-99.13528802021389, 23.098408919236288], [-99.13663896982055, 23.09769819889962], [-99.13925679969802, 23.097141029027643], [-99.13969202990212, 23.095331059350865], [-99.13947137981701, 23.094620108958505], [-99.13684839972035, 23.091479449216173], [-99.1348579200344, 23.09048179922204], [-99.13190493983187, 23.09022579892676], [-99.12966459966356, 23.09120162914217], [-99.12814668984697, 23.091173029701753], [-99.12701747976965, 23.090822598878756], [-99.12662089048102, 23.08983036915396], [-99.12617455049707, 23.086592849097773], [-99.12689546038938, 23.084505249151505], [-99.12767426008025, 23.08408956977147], [-99.12830204975921, 23.081725889397102], [-99.12963171989443, 23.080500769138265], [-99.13003249018355, 23.079445309162455], [-99.12885462025446, 23.07871744914015], [-99.1267048195704, 23.07851922942444], [-99.12510274959334, 23.079201249480292], [-99.12466191969891, 23.079040539251825], [-99.12427135023687, 23.077551849634446], [-99.12254587961323, 23.07638548904604], [-99.12229851046861, 23.075083029649065], [-99.12251503042059, 23.073846779527265], [-99.12319111034572, 23.072237449422857], [-99.12291581977178, 23.07157757889938], [-99.12190717005029, 23.070906508961386], [-99.12190762977222, 23.069952779163813], [-99.12227917041915, 23.06937851928842], [-99.12375360046602, 23.068375539464714], [-99.12439609048205, 23.06766251959339], [-99.1242068597856, 23.067199599328436], [-99.1235333496076, 23.06705585894022], [-99.12281486015172, 23.066100799232192], [-99.12120282963532, 23.064954479569597], [-99.11804348972623, 23.065630798975565], [-99.11733702013285, 23.065070709225598], [-99.1173249698007, 23.064225169421672], [-99.11686417999215, 23.064003969217378], [-99.11439700020193, 23.063927649680025], [-99.11138615031498, 23.064525249337187], [-99.1096900598772, 23.065167719663684], [-99.10836751961911, 23.066554509538722], [-99.10760725971434, 23.066600059250348], [-99.10690921964984, 23.066014139373213], [-99.10638505987605, 23.064809689737853], [-99.1070623795307, 23.0630130491948], [-99.10657285032427, 23.061657339069935], [-99.10708050960257, 23.059631089696367], [-99.10753276980276, 23.058956909448312], [-99.10839788019258, 23.058506019191086], [-99.10752618016215, 23.056537599434694], [-99.10639042976727, 23.05595942971427], [-99.10623346015036, 23.055149599732], [-99.10698874028175, 23.054841429454218], [-99.10706931963679, 23.05438054892792], [-99.10620434997287, 23.05287956968361], [-99.10624856951878, 23.051989749372012], [-99.10741996995225, 23.051032748989112], [-99.10708413976081, 23.05003102920432], [-99.10851564981496, 23.049302629320913], [-99.10843222033188, 23.0486721095719], [-99.10621765015387, 23.047115349399434], [-99.10492088028992, 23.045350179386546], [-99.10498343034311, 23.044859509732085], [-99.10885139979295, 23.043512539130614], [-99.11012065960625, 23.044129019659778], [-99.11030926022909, 23.043771339282493], [-99.10965870981317, 23.04070834972], [-99.10930684974845, 23.040487649007858], [-99.10721957026131, 23.040371319269944], [-99.10437465026853, 23.04077414908724], [-99.10075817020933, 23.039304629282668], [-99.09964100044286, 23.038241939174906], [-99.09931573977451, 23.036098659382613], [-99.09894548024928, 23.035329859468757], [-99.0968142803257, 23.034224769041646], [-99.09626877025644, 23.03352761934529], [-99.09626874037848, 23.032800969610665], [-99.0953725995889, 23.032366849225653], [-99.09443574952932, 23.033197459480842], [-99.09380171986304, 23.03270961969048], [-99.09310114952106, 23.031501538970836], [-99.09266527977789, 23.031318719245405], [-99.09213868982461, 23.03131728938966], [-99.09106394958047, 23.031844489113407], [-99.09058925982964, 23.032687029214166], [-99.08833127981762, 23.03218779951166], [-99.0871686900498, 23.03096779943557], [-99.08722125990089, 23.030528379200405], [-99.088448679682, 23.03005164949564], [-99.08884444968868, 23.029538748956835], [-99.0885065798106, 23.02825057896644], [-99.08763283027551, 23.027746199706296], [-99.08446966018607, 23.027299719489857], [-99.07013200003132, 23.02842544936423], [-99.0687995404698, 23.02833277923587], [-99.07086088958722, 23.01645354945177], [-99.07184621960934, 23.016548779427662], [-99.0723953398464, 23.01618024971897], [-99.07342086000665, 23.01486565932788], [-99.07463934975699, 23.014295909603604], [-99.07481949020233, 23.013867859385655], [-99.07389519991517, 23.013745199190158], [-99.07283665012936, 23.01439581934699], [-99.0722274903796, 23.015919309401408], [-99.07184639995678, 23.016187459043817], [-99.07134322039346, 23.016272309609956], [-99.07079414040224, 23.016089219101083], [-99.07044318026834, 23.015652139476764], [-99.0705791398102, 23.013183919404344], [-99.07036535025465, 23.012577549360294], [-99.06976068046049, 23.01192774961891], [-99.06838280042585, 23.012225819308693], [-99.06726278021685, 23.013607079720074], [-99.0666758204701, 23.014003629132002], [-99.0662335499791, 23.01391919968981], [-99.06580634976073, 23.01348214915497], [-99.06536219985574, 23.012456309662475], [-99.06410483041081, 23.011442708939267], [-99.06348871001765, 23.009179768875665], [-99.06269953986522, 23.008598828945104], [-99.06019435042532, 23.009508969155537], [-99.05921829007043, 23.00949696925667], [-99.05858150960738, 23.00807210935272], [-99.0556805799092, 23.00629696918161], [-99.05426949035646, 23.00568125958066], [-99.05297624981179, 23.005681689136548], [-99.05199623004746, 23.005174509136644], [-99.05074210961189, 23.00517499972634], [-99.05027234014383, 23.006407599628826], [-99.04921446023958, 23.007205309353957], [-99.0485768795546, 23.007398149707083], [-99.04759188978073, 23.00732673912427], [-99.04717594007225, 23.006836198875156], [-99.04746131029135, 23.00619253948616], [-99.04851350983698, 23.00506474925894], [-99.04845394016971, 23.004489138966985], [-99.04712638041944, 23.004268629331236], [-99.04451459989639, 23.00553057931104], [-99.04143577963792, 23.00578153937599], [-99.03916228014484, 23.004295909558685], [-99.03782755023572, 23.00377173959907], [-99.03434186044778, 23.00418824926811], [-99.03379319956409, 23.00393459920433], [-99.03410538000453, 23.002528739163616], [-99.03477217970386, 23.001578258963175], [-99.03477205960101, 23.000780779560152], [-99.03153749007062, 22.99895576911914], [-99.03135046047123, 22.998296309394387], [-99.03078261989101, 22.997796879062353], [-99.02918086008059, 22.99764402915105], [-99.02798458035755, 22.997855949236712], [-99.0259743495699, 22.997520139487232], [-99.02293388967556, 22.998084829178204], [-99.02102070990546, 22.99798913902131], [-99.01915819953007, 22.999417569238492], [-99.01846722046808, 23.00047511956247], [-99.01738149007126, 23.001405149312852], [-99.01683665998611, 23.00155819930033], [-99.01543956988846, 23.00132927958404], [-99.01432389001046, 23.000810119623416], [-99.01251254989378, 23.000832489405486], [-99.00892378048083, 22.998900798995273], [-99.00833601982787, 22.997947969117373], [-99.00875752039912, 22.99644928926749], [-99.00853546020411, 22.995422909189593], [-99.00684883033857, 22.994375979181953], [-99.00396148022618, 22.990280079295275], [-99.00314838045298, 22.989583879316445], [-99.00027189023184, 22.98725279925607], [-98.99863341999153, 22.98649994931002], [-98.9979751098445, 22.986329149153335], [-98.99661718031214, 22.986845139429622], [-98.99580531958381, 22.986941579438824], [-98.99531486037846, 22.986758279158288], [-98.99494938006714, 22.98622537909896], [-98.99484737994896, 22.984106108966532], [-98.99398185979094, 22.983534079431685], [-98.99350565016006, 22.98286119968034], [-98.9934613202258, 22.98221487910653], [-98.99385086002565, 22.981368719602774], [-98.9942257403453, 22.97934187926958], [-98.9944641203557, 22.974487219293987], [-98.99364751994536, 22.97374530951513], [-98.9930343698345, 22.972231578945394], [-98.99474782028054, 22.970008829637223], [-98.99672315041514, 22.965859779298803], [-98.99680472035767, 22.963750629155655], [-98.99539991979685, 22.958319229324932], [-98.99545545978945, 22.95695479948611], [-98.99599365027659, 22.955618919018004], [-98.9984322899167, 22.952974219032228], [-98.99861234972796, 22.950636139169152], [-98.99470954032452, 22.942434878945093], [-98.99307654023013, 22.936772179554513], [-98.99272615006973, 22.93336114905974], [-98.99332748046915, 22.931934149610896], [-98.99407965016883, 22.931266059204265], [-98.99789291016238, 22.92950913930572], [-99.00028366021112, 22.928149139055876], [-99.00196119985183, 22.927993769714448], [-99.00396658035022, 22.927001309429674], [-99.00571364956687, 22.925071769749813], [-99.00732151970159, 22.919043829420936], [-99.0073634797097, 22.914754478956773], [-99.00615043026127, 22.910384578946513], [-99.00636877024832, 22.90878571943969], [-99.01014117042938, 22.90016156908309], [-99.01117451043841, 22.896629149413798], [-99.01234569032195, 22.890537309728103], [-99.01264347956958, 22.885988659234545], [-99.01095594032489, 22.879642889224282], [-99.01079696988619, 22.877897139191024], [-99.01141245956067, 22.87413339967432], [-99.01256312025896, 22.87247968971825], [-99.01361882045438, 22.866275909618757], [-99.01401924995702, 22.86529173963048], [-99.01681727989211, 22.86326991897485], [-99.01767011960006, 22.861928879393236], [-99.0183537200786, 22.859692149208826], [-99.018661950437, 22.857744259037677], [-99.01812577010543, 22.85387725889344], [-99.01996085952253, 22.846771489355294], [-99.02085952038055, 22.845636749756377], [-99.02159631956104, 22.843657019276243], [-99.02083438007976, 22.841492169456977], [-99.01944891008317, 22.83999851945191], [-99.01897439973486, 22.83896782965339], [-99.01897411996318, 22.837126309430978], [-99.01866157021092, 22.83579359946554], [-99.01799967957906, 22.834832379343222], [-99.0162159495503, 22.833744049756543], [-99.01777291010104, 22.834104630292607], [-99.01993285954599, 22.83521807902527], [-99.02065704959315, 22.836540428897077], [-99.02096992026988, 22.83813376935118], [-99.02167490995143, 22.839615109184248], [-99.02373233977902, 22.841314619315], [-99.02406668950997, 22.842756819478613], [-99.02498469035078, 22.843125369241303], [-99.02725079982196, 22.84263842939378], [-99.02799299990238, 22.842004749400413], [-99.02830821963825, 22.841407829631617], [-99.02784661962455, 22.839852569766737], [-99.02800288994115, 22.838782769164283], [-99.0292833502098, 22.837325198926358], [-99.0302682297305, 22.836759689501413], [-99.03172603044518, 22.836834631430147], [-99.03246047939592, 22.83793714508449], [-99.03251014044649, 22.841300569397486], [-99.03300633955318, 22.84214584956855], [-99.03378036978572, 22.842366289282985], [-99.03467320029905, 22.841833219011342], [-99.03631897998069, 22.838322709312735], [-99.03731091997348, 22.837532219181238], [-99.03987036960818, 22.83729265894468], [-99.04183440045365, 22.83631824925614], [-99.04434391028308, 22.83693854907283], [-99.04813342027961, 22.83622082912305], [-99.05346197047028, 22.836234059150577], [-99.05928144980517, 22.837844918959885], [-99.06073794040168, 22.837903818900127], [-99.06521457010592, 22.83557308937603], [-99.0670262800477, 22.83406397958755], [-99.06969836986167, 22.833640169270957], [-99.07080565012247, 22.833913509742157], [-99.07315338042116, 22.834906169654655], [-99.0745885801995, 22.835992629556472], [-99.076938399865, 22.84000962934236], [-99.07825518003223, 22.841460888967415], [-99.081880460426, 22.84401851971798], [-99.0860092602918, 22.84747157946592], [-99.08807445979576, 22.850807979053933], [-99.09022436992694, 22.85357101977112], [-99.09509814012385, 22.856699348929865], [-99.09618573982205, 22.85691128918603], [-99.09786191027507, 22.856930049321097], [-99.0989526004232, 22.856721539283974], [-99.10385123024909, 22.85699157953289], [-99.10730027963977, 22.860247509207454], [-99.10882895028716, 22.86022284895093], [-99.11202071982493, 22.85888799897004], [-99.11380665012058, 22.85860921888861], [-99.11886677962154, 22.85557421946429], [-99.12125874985392, 22.853779708879127], [-99.12110620032573, 22.852564449785618], [-99.12017994997149, 22.85215347931051], [-99.1199747497088, 22.852236919498598], [-99.1190715097757, 22.850693109173932], [-99.11780181978826, 22.849220459474434], [-99.11622945028515, 22.845483279158376], [-99.11530222005362, 22.84441994963574], [-99.11497125020232, 22.843297489743062], [-99.11427134041817, 22.843180999392683], [-99.11490824959849, 22.843032849239233], [-99.11212357042027, 22.837947859332562], [-99.11821694048861, 22.83884176928319], [-99.11887659956245, 22.840184319700477], [-99.14316317003505, 22.84239736925287], [-99.14286338049102, 22.844826658996716], [-99.1434816804346, 22.848749629070483], [-99.14305600019414, 22.853622709222865], [-99.14250370991084, 22.853608459007354], [-99.14040042021976, 22.85421736889051], [-99.13951158023073, 22.853743199304535], [-99.13895236956895, 22.853898149310766], [-99.12914035009149, 22.865654289033237], [-99.13417911036233, 22.88093716949043], [-99.13659381962634, 22.887138259163354], [-99.13483757034135, 22.88738501925511], [-99.14095315045004, 22.91281422894662], [-99.14526677045781, 22.912766419063896], [-99.14756758007056, 22.922440578966786], [-99.1567429401054, 22.922212969567845], [-99.16305401988447, 22.94897536912579], [-99.19796582001418, 22.942210888949578], [-99.20555917037021, 22.94228825953241], [-99.2897241803388, 22.963405219571083], [-99.28287625951499, 22.967738819560463], [-99.32988665010468, 22.978782689030293], [-99.34517294047923, 22.998679169056686], [-99.34591692009407, 23.00002467920173], [-99.35810143023382, 23.01635188893513], [-99.35853345011353, 23.060410549630184], [-99.34640958035108, 23.14408151937095], [-99.33362342990524, 23.144568599282703], [-99.3083405104528, 23.147934449193517], [-99.26882343024582, 23.131538968888936], [-99.26716925957804, 23.143288019204395], [-99.26540711985426, 23.14299549038263], [-99.18589945917914, 23.150764619857032], [-99.18537185912567, 23.126968850184234]]]}}, {"type": "Feature", "properties": {"CVEGEO": "28012", "CVE_ENT": "28", "NOMGEO": "Tamaulipas", "CVE_MUN": "012", "NOMMUN": "González", "cov_": 2041, "cov_id": 2042}, "geometry": {"type": "Polygon", "coordinates": [[[-98.38656964956951, 23.17491819900047], [-98.36904824999807, 23.162489119708404], [-98.36946488983152, 23.158541689051674], [-98.37119174002201, 23.14902745904595], [-98.38326776982669, 23.12829997902587], [-98.38932188971862, 23.097609109508785], [-98.36666144965501, 23.090379980300025], [-98.35757212024488, 23.120070119471173], [-98.33765928970303, 23.11688988957371], [-98.33089151981552, 23.10845591887157], [-98.33260692011952, 23.107987489032325], [-98.33035104963822, 23.08577401964684], [-98.35812271995495, 23.069050879410018], [-98.36243570996673, 23.066206889377067], [-98.36770074984382, 23.06222201921341], [-98.35220414978059, 23.051817548924017], [-98.34558790988058, 23.046253909549172], [-98.33110179956886, 23.02820288895329], [-98.32758375036964, 23.02321919931353], [-98.34173057978815, 22.917628689174897], [-98.33132437041809, 22.914981739516417], [-98.33217705004887, 22.90683837974397], [-98.33913511035733, 22.907598969544978], [-98.3399718897676, 22.907434399073548], [-98.3413849500458, 22.896503489021807], [-98.34457443022308, 22.896768419784568], [-98.34563125028463, 22.88955268908251], [-98.3273205499093, 22.886984459387786], [-98.35219848025102, 22.856617939529084], [-98.35250100004444, 22.854533628956293], [-98.32211960007172, 22.850978889665054], [-98.32336515014845, 22.84064559939409], [-98.33863626010722, 22.84271059947614], [-98.34143586007926, 22.824494948914353], [-98.34454939978146, 22.824915419044366], [-98.34518785985085, 22.82034348973643], [-98.33605959972337, 22.819103339166475], [-98.33749862017721, 22.810178799126614], [-98.33430162042326, 22.81021428950395], [-98.33623851039091, 22.798357259352017], [-98.33019073967398, 22.797261718868285], [-98.32859297951435, 22.80716947973483], [-98.31960925980353, 22.805280949687845], [-98.32050507974498, 22.79960827902863], [-98.30070334969217, 22.797265319142806], [-98.30257498010866, 22.78336861922966], [-98.28924946015852, 22.770914709130064], [-98.29205324932309, 22.750062200439], [-98.30090799941347, 22.751157250350268], [-98.30477185900895, 22.722183149977205], [-98.30205965302736, 22.719605460113392], [-98.30134996949964, 22.720261660661563], [-98.29935551887579, 22.718401339742883], [-98.29953656948179, 22.717207380640165], [-98.30172514464164, 22.719287538921318], [-98.30228013886106, 22.718773539216667], [-98.3031349799352, 22.719581979883035], [-98.30342460431227, 22.71613695287591], [-98.3053354788037, 22.71817416999719], [-98.30538488967731, 22.71799386067111], [-98.30879936985997, 22.692454378924385], [-98.30396993909308, 22.69184308919366], [-98.30930364924265, 22.651562659050683], [-98.33212859908812, 22.65393501939833], [-98.34348494867209, 22.561906249849798], [-98.32211567991592, 22.55968711950963], [-98.32900922033224, 22.51281939982118], [-98.3163321187744, 22.511177290182403], [-98.3162374194643, 22.511716889644017], [-98.30783153954484, 22.510042599186924], [-98.31129011997002, 22.50028362999442], [-98.30651421894186, 22.499210970227892], [-98.31024414982585, 22.49856045045715], [-98.30940351987354, 22.493731550353175], [-98.30737601974283, 22.49405491965847], [-98.3053330892507, 22.483832580114708], [-98.30454113896216, 22.47863124998378], [-98.30035587942308, 22.476698050423042], [-98.29752847921723, 22.47631962984672], [-98.29657702910153, 22.476002119290413], [-98.29526059945417, 22.47493516940305], [-98.29396585045714, 22.475067258909792], [-98.29428479933547, 22.47361276996197], [-98.29365753867867, 22.47201891935417], [-98.29314594926996, 22.46971484978263], [-98.2926895793942, 22.468876309767], [-98.29166450990897, 22.467798549063872], [-98.29362869018759, 22.466581079416862], [-98.2982358601417, 22.462282689195487], [-98.29966608975998, 22.46141876919715], [-98.30100781989074, 22.461226829097683], [-98.30241828043478, 22.4619074495587], [-98.30366865041893, 22.462960949732413], [-98.30729514976827, 22.467256169453744], [-98.30883420037034, 22.46846105903918], [-98.31111921971824, 22.469140939744346], [-98.31380655008503, 22.469324649712515], [-98.31682298005781, 22.468562339016632], [-98.31859064980299, 22.467234999691186], [-98.31927054001969, 22.465222489531087], [-98.31836711047582, 22.462825819325694], [-98.31508954047386, 22.45852057959731], [-98.31361064992097, 22.456189578914188], [-98.31186389046094, 22.447412819366033], [-98.31221518044197, 22.445219198917677], [-98.31367780049148, 22.44325688902128], [-98.31709184952449, 22.44158968949725], [-98.31924405978614, 22.440965949442568], [-98.32091249042215, 22.440037969344157], [-98.32241118003442, 22.438145779725048], [-98.32481422968712, 22.433543429404963], [-98.32675097044739, 22.42908436947588], [-98.32736145044377, 22.426469579073768], [-98.32692130971292, 22.425083449472506], [-98.32573568966006, 22.42387216949588], [-98.32225492005934, 22.42228808895484], [-98.3169405202223, 22.420430519018986], [-98.31534831007154, 22.41926016905198], [-98.31347146005695, 22.41679867931989], [-98.31271099955865, 22.41427276925747], [-98.31271855041595, 22.412736849549585], [-98.31322054017068, 22.411043448923813], [-98.31551402993868, 22.407303049248032], [-98.31645207952313, 22.40474570928488], [-98.31682842967194, 22.402393489357593], [-98.31683134992406, 22.39751857954245], [-98.31642924970701, 22.393342879098714], [-98.31680091045743, 22.391948119457606], [-98.31757826009282, 22.39097397929183], [-98.3187812000168, 22.39073967949045], [-98.32017368017952, 22.391244219543882], [-98.32151822953692, 22.39278584975512], [-98.32238672001886, 22.395143288994607], [-98.32342281996905, 22.396699429380753], [-98.3251112903628, 22.39803947920369], [-98.32769397992405, 22.39868016975796], [-98.33061436968892, 22.398304799596286], [-98.33329768003608, 22.3968346892335], [-98.33879217981283, 22.39251997975087], [-98.34291059982127, 22.389742169719174], [-98.3464831804722, 22.38850787913771], [-98.34931005010228, 22.388260889472445], [-98.3522725196709, 22.388703319155777], [-98.35408493989598, 22.389584998968157], [-98.35542374990975, 22.391024419281727], [-98.35622992024109, 22.39290593965052], [-98.35652925025417, 22.395148999331493], [-98.35624617022148, 22.397076199557905], [-98.35524646043245, 22.398284029532547], [-98.3536979800833, 22.398568048960197], [-98.35213005985827, 22.39850730894995], [-98.35124731999981, 22.399079379003464], [-98.3508021696407, 22.40018336917718], [-98.35103621958223, 22.402426169634527], [-98.35174789036145, 22.40518987943991], [-98.35293057976145, 22.406724519644], [-98.35522535037875, 22.407445629293814], [-98.35783694046566, 22.406622909623703], [-98.35984904988662, 22.405010088980145], [-98.36471745995603, 22.39984276913722], [-98.36890063004587, 22.394564479018907], [-98.37219114001043, 22.39127507923715], [-98.37457788035911, 22.38961807899381], [-98.37664443025865, 22.388621318925424], [-98.3792057103493, 22.388010119129735], [-98.38230204979286, 22.38800682926181], [-98.38518929005214, 22.388411028924505], [-98.38780919962224, 22.38928437947926], [-98.38957931001671, 22.39071494911444], [-98.39092640027548, 22.392633829613985], [-98.3913107396268, 22.394195488927373], [-98.39104284979672, 22.395830429483407], [-98.39002795040898, 22.397649489690348], [-98.3871500497663, 22.39981987975048], [-98.38544008028909, 22.401486909574636], [-98.38456834048567, 22.403286179528948], [-98.38445988022166, 22.409412979514105], [-98.38258114016432, 22.414242849297043], [-98.38245961963304, 22.415923769225], [-98.38267845971397, 22.417762739503782], [-98.38331987992278, 22.420254539300476], [-98.38474514041579, 22.42233519924148], [-98.38662468992787, 22.423631229681572], [-98.38864388957221, 22.424293029208094], [-98.39046993957861, 22.42402445930458], [-98.39207108023804, 22.423182229728706], [-98.39348066025157, 22.421400089209218], [-98.39432356985678, 22.419125799702794], [-98.39502103011162, 22.416159459037402], [-98.39661789020352, 22.412615399336303], [-98.39934330991869, 22.408830688956506], [-98.40281290968565, 22.40567442918941], [-98.40490914974812, 22.403319119468378], [-98.4061982902275, 22.400883909298603], [-98.4077343100864, 22.39993522923163], [-98.40954342012566, 22.399926689014997], [-98.41138021964575, 22.40108462941003], [-98.41293608993612, 22.403165519609846], [-98.41514938036802, 22.40822104927945], [-98.41688651031507, 22.41067165924147], [-98.4190462795452, 22.41273768969874], [-98.42096657018413, 22.413471679246776], [-98.42312279953426, 22.41365328900409], [-98.427902480493, 22.413317549190555], [-98.43106718024707, 22.41267737975733], [-98.43245189010786, 22.412864019310547], [-98.4331172601374, 22.413578309475675], [-98.4333593803495, 22.414876909031083], [-98.43108342033985, 22.425192848992673], [-98.43158680017739, 22.430034598962457], [-98.43197179974818, 22.431565879741555], [-98.43376608955188, 22.432864459528574], [-98.43717025984256, 22.433588308991837], [-98.44033425015421, 22.433235769278298], [-98.44257017040701, 22.432396169723308], [-98.44372347990648, 22.431327919497992], [-98.44479059975826, 22.42943811892059], [-98.44568031997869, 22.4270629691467], [-98.44662523028865, 22.423498709036043], [-98.44748011023204, 22.421668739311478], [-98.44863318013563, 22.419959689323367], [-98.45250758025638, 22.41641082946645], [-98.45680295003848, 22.413710048944452], [-98.46095911969356, 22.412191919199813], [-98.46327351022653, 22.412229909632003], [-98.46509681981945, 22.412811579358277], [-98.46657444974912, 22.414285799644972], [-98.46671200022615, 22.416679619455454], [-98.46610279957349, 22.419343889401617], [-98.46413568972748, 22.423537279593816], [-98.46402941954442, 22.425487709230154], [-98.46498433990071, 22.427648179019034], [-98.46680758046189, 22.4288017393984], [-98.46878848982192, 22.42894908946227], [-98.47519256967624, 22.42701145925528], [-98.48523251027974, 22.425630109494605], [-98.48799855025462, 22.426164968895858], [-98.4903692300064, 22.427765049215495], [-98.49063909033312, 22.427474489411694], [-98.49156529043933, 22.42969085977139], [-98.49190010989496, 22.432426569145722], [-98.49184428005735, 22.43589342901369], [-98.49073511978649, 22.438771029452955], [-98.48783353985563, 22.442741749046668], [-98.48288949029943, 22.4511015094235], [-98.48215451966963, 22.4519528492448], [-98.4820920897634, 22.453298339064627], [-98.48302771007809, 22.454641149265278], [-98.48530658022375, 22.45608931967884], [-98.48859436998855, 22.458565749195955], [-98.49152350979745, 22.458941229501814], [-98.50225689029223, 22.458266579627114], [-98.50437217039354, 22.457247549725352], [-98.50553951976686, 22.456176909778033], [-98.50770262039208, 22.45379070890763], [-98.50928340046545, 22.451598019484422], [-98.51125644980647, 22.447967029413167], [-98.51237982023089, 22.447236969321654], [-98.51345800045735, 22.446947249025968], [-98.51464271012291, 22.44707285929972], [-98.51582623045013, 22.447515819251223], [-98.51702914032923, 22.448593819315594], [-98.5174636599731, 22.44940573932058], [-98.5177547103545, 22.45062256951018], [-98.51850571006962, 22.451454659734253], [-98.52532592019743, 22.45452704903944], [-98.53554402017474, 22.45958656948271], [-98.53631769014787, 22.460223599009172], [-98.53796718003328, 22.463182688966697], [-98.53832977039573, 22.464282428911876], [-98.53830449018007, 22.465429939159495], [-98.53771857032918, 22.46667350914603], [-98.53665962976407, 22.46757376974156], [-98.53519340018013, 22.467838139327025], [-98.5300226303777, 22.46767671890483], [-98.52713273969016, 22.468107879220028], [-98.5261398195354, 22.468666429277114], [-98.52583594961959, 22.469300428905576], [-98.52591894013416, 22.47025284921888], [-98.52675543029291, 22.471402799422005], [-98.53563746038144, 22.476849109157897], [-98.53666786048417, 22.478097308973684], [-98.53757742952365, 22.483572289049246], [-98.53986338029245, 22.489411109794787], [-98.54408925005687, 22.495478259126546], [-98.54512117985247, 22.496286909644923], [-98.5454196898112, 22.4972887791631], [-98.54495341987341, 22.498588429063634], [-98.54470390960333, 22.50059621917421], [-98.5444363796437, 22.50619662895321], [-98.54498411959433, 22.509110779075385], [-98.5465393498299, 22.513140999303307], [-98.5465097099503, 22.514825719126755], [-98.54528788992614, 22.517002878967887], [-98.54252685991385, 22.51902551908657], [-98.53954599964558, 22.520638179103894], [-98.5384886502178, 22.520947109597962], [-98.53727136969718, 22.520568909618415], [-98.5321519696131, 22.517626258976172], [-98.52789899987076, 22.51582137908266], [-98.52636085001315, 22.515468819732668], [-98.52472108021195, 22.51597688915244], [-98.5237317404094, 22.516725029635047], [-98.52293499993111, 22.519406879210127], [-98.5233063400349, 22.52047044964423], [-98.52494046031273, 22.521629339254822], [-98.53004941975286, 22.524591579051712], [-98.53076608987803, 22.525274059041053], [-98.53074867982328, 22.526255349561975], [-98.53010018027229, 22.528023539255553], [-98.52783426041847, 22.5330451195269], [-98.52695487960436, 22.5366411791232], [-98.52772180030956, 22.54355444906399], [-98.52933026021427, 22.54572061896364], [-98.53393882995282, 22.54928490960998], [-98.53594700034745, 22.55039173895513], [-98.53768297029778, 22.550627148888456], [-98.5428387496329, 22.549753179334207], [-98.5436958900216, 22.548872769649186], [-98.54410800036842, 22.54773917930611], [-98.54413834989965, 22.54671284978026], [-98.543182179992, 22.544506119396164], [-98.54371549001938, 22.5434704893921], [-98.54494196962585, 22.542588799700276], [-98.54629142973685, 22.54239591923933], [-98.54721381970198, 22.54316742931779], [-98.54827783001186, 22.544833449680546], [-98.54596185036506, 22.549055739356202], [-98.54544396962434, 22.550374769227215], [-98.54581609002932, 22.55109067889], [-98.5474861799859, 22.5507875992822], [-98.5482076801124, 22.54935991932242], [-98.54945665966642, 22.54852516963232], [-98.55276361975632, 22.547941569619265], [-98.55465234965261, 22.548877979355797], [-98.55542266008126, 22.549765489244518], [-98.55589589007226, 22.550957489754893], [-98.55610544963676, 22.552301398918964], [-98.55629568960113, 22.55579694915598], [-98.5558644595367, 22.558072828956853], [-98.55525279951362, 22.559893079617588], [-98.55217448023384, 22.56422559974761], [-98.5503886802156, 22.565677369599904], [-98.54833557999407, 22.566357849403524], [-98.54518237007001, 22.56699830898187], [-98.54106091975154, 22.56590150905934], [-98.53805166001497, 22.56574550902692], [-98.53593917997777, 22.564945518986168], [-98.53442574003913, 22.564656029086574], [-98.53338633978855, 22.564894999275552], [-98.53215066030462, 22.565858369334396], [-98.5314547399879, 22.567434489691], [-98.53147115015808, 22.568261849336917], [-98.53180765042373, 22.569719319390472], [-98.53286794977937, 22.571713288931186], [-98.5349180495708, 22.574926649771253], [-98.53726574027519, 22.57758134946485], [-98.53932533991625, 22.57941565946119], [-98.5409796003468, 22.580559619737095], [-98.54445080042652, 22.579065969605566], [-98.54604989027932, 22.578757259739852], [-98.5508261801812, 22.580669889532796], [-98.55448134987913, 22.579841799729437], [-98.5554956804464, 22.580673949544757], [-98.55628262024776, 22.58102128942234], [-98.55504134009121, 22.5818546892294], [-98.55563286035435, 22.582438949621924], [-98.55896768954668, 22.58149239962889], [-98.55919272026986, 22.581069918939633], [-98.56061412044123, 22.581201449377605], [-98.56083858046578, 22.582214029306186], [-98.55940271005552, 22.583368879487413], [-98.55928298034837, 22.58435734949378], [-98.56110950986488, 22.58606188971447], [-98.5613741699703, 22.58859296905089], [-98.56277482025352, 22.58945147908696], [-98.5654928599069, 22.58746521929552], [-98.57100028978454, 22.58931231941526], [-98.57200080037352, 22.59106034895635], [-98.57518382032752, 22.59200553892993], [-98.57841450977764, 22.59122233897607], [-98.57992449047684, 22.59107733970406], [-98.5823927799429, 22.592474519469615], [-98.58380945024318, 22.59292934905978], [-98.58514915043028, 22.591992919067156], [-98.58730677018546, 22.59179545907986], [-98.59051105000376, 22.591857799277342], [-98.59184868952424, 22.591635629437373], [-98.59371006027348, 22.592429819347426], [-98.59491972050115, 22.594425368917832], [-98.59568857045721, 22.594765709128836], [-98.59657477968385, 22.59649727901744], [-98.60020868010074, 22.595293749517353], [-98.6028143701916, 22.596437659586435], [-98.6042091401088, 22.59543193902799], [-98.60656262970046, 22.594197019080084], [-98.60761268985758, 22.596144199309535], [-98.61019879987755, 22.597777399213797], [-98.61132970950727, 22.599058339637402], [-98.61238117004942, 22.599775279331887], [-98.61408142012455, 22.600305678992576], [-98.61863389000983, 22.598200629713567], [-98.62072276988731, 22.596548279003095], [-98.62290041953223, 22.59610951889552], [-98.6238201200746, 22.595461279422363], [-98.6244037700651, 22.595449579505825], [-98.6289673998494, 22.59795550947146], [-98.63067437983432, 22.598636549343414], [-98.63069470970731, 22.598971199455804], [-98.6324194302495, 22.6016075190492], [-98.6337078495088, 22.602007599640338], [-98.63448258044568, 22.604321579750952], [-98.63473368954034, 22.60448824919265], [-98.63512121981364, 22.60460987916308], [-98.6378733997223, 22.603416028902018], [-98.63918965981968, 22.603052619698094], [-98.64046732027353, 22.604596859166474], [-98.64544775026386, 22.60623708932338], [-98.64572762990734, 22.60619064906461], [-98.64610919952388, 22.605422479489363], [-98.64742589027479, 22.604999378889502], [-98.64944590958086, 22.60505448957331], [-98.65176856977637, 22.60714005890306], [-98.6537729798789, 22.608127079657724], [-98.65584052014054, 22.607660489546447], [-98.65773190965322, 22.60829644914104], [-98.65866900006998, 22.610574659258162], [-98.66109217037263, 22.611508369316667], [-98.66310247976983, 22.612786519554252], [-98.66579817018606, 22.614966119609544], [-98.66760074962804, 22.616100279348736], [-98.6684428604312, 22.616931689045845], [-98.66865137026512, 22.61644807890116], [-98.66895808035396, 22.616419829263744], [-98.67043670994892, 22.617789849719177], [-98.67120754982832, 22.617846709062626], [-98.67197659998037, 22.61816314906341], [-98.67238449003828, 22.617800029509326], [-98.67314382972387, 22.6180934493242], [-98.67393722004064, 22.61882581944034], [-98.6759934895489, 22.618880179311454], [-98.6761481199556, 22.61903948945695], [-98.67729634968947, 22.61885708918112], [-98.67994217998024, 22.62126224921525], [-98.67903261979319, 22.622330319203147], [-98.68028288983544, 22.62422053974784], [-98.68204166046546, 22.625886449500495], [-98.68372979977674, 22.62531510948354], [-98.68466054986727, 22.61619734950515], [-98.68547578007079, 22.616222508901], [-98.68520195042194, 22.61294787952964], [-98.68555571031705, 22.612529479486202], [-98.68654082004592, 22.599160419006434], [-98.68709475037012, 22.59902973927224], [-98.69202126010165, 22.599131119082926], [-98.76205256997464, 22.602311319658835], [-98.76231436964436, 22.604139909410794], [-98.7631531199654, 22.60686397917802], [-98.76714645011425, 22.608252889736796], [-98.76889933981491, 22.608086909682203], [-98.77558814976369, 22.61047571929595], [-98.7768886795336, 22.612226319403195], [-98.77883982988978, 22.611083119421725], [-98.78246584985341, 22.61036473934996], [-98.78160909036252, 22.609142749496424], [-98.78207868017952, 22.60725504904616], [-98.78271002981245, 22.606450889016006], [-98.78334631962838, 22.606359689554026], [-98.78314769026443, 22.605486308901217], [-98.78420484986246, 22.605218519450275], [-98.78403386031304, 22.60401733967011], [-98.78473942959315, 22.603859999757315], [-98.78591720012066, 22.602921619053767], [-98.7863714799204, 22.602401949010655], [-98.78614371958665, 22.601869919386814], [-98.78862894034442, 22.59995793952035], [-98.78976206010508, 22.599956539131078], [-98.7912343396332, 22.59938145945341], [-98.79300066008621, 22.600333819596877], [-98.79356092021429, 22.600052369154994], [-98.79536312032232, 22.600769939019987], [-98.79596926041478, 22.60029736944076], [-98.79659621951194, 22.600563919445406], [-98.79968453981407, 22.599803019141593], [-98.80281125976049, 22.599618798958893], [-98.80309712023599, 22.599317829757535], [-98.80302659978653, 22.597843168959724], [-98.80338024955398, 22.597398019634444], [-98.80548008027091, 22.59598108928403], [-98.80712191998647, 22.59351262929374], [-98.80808634961632, 22.593477619453427], [-98.80835134038605, 22.59244074953137], [-98.80953943034412, 22.590877629121287], [-98.81235038012109, 22.589486259365728], [-98.81253610964649, 22.588465599492185], [-98.81332949039006, 22.58714501897078], [-98.81360671047157, 22.5852870889059], [-98.81419008991662, 22.584908509102316], [-98.81893471033061, 22.584821939553624], [-98.82135667991668, 22.58499150959722], [-98.82697092004442, 22.58330047912872], [-98.82831454975805, 22.58260876944223], [-98.83272491990348, 22.583512459283167], [-98.83454325046033, 22.584053029656726], [-98.83583902960565, 22.584675479653324], [-98.83814596970116, 22.586891049253232], [-98.84421674991644, 22.5942939092207], [-98.84500162993484, 22.596818089370068], [-98.84506462013074, 22.599372049471036], [-98.84638686039229, 22.599720819217616], [-98.85162758004931, 22.606429448886157], [-98.85476678024781, 22.60709788943363], [-98.86409574969629, 22.614305779226893], [-98.86669165006705, 22.61417528917249], [-98.87072792028592, 22.612568249425433], [-98.87285445971274, 22.611149228955668], [-98.87365337031608, 22.61108753904933], [-98.86570317042046, 22.666733139595618], [-98.86239668953485, 22.666798339281744], [-98.85981552038768, 22.68711704956903], [-98.85999758010037, 22.687210419337497], [-98.85839883024265, 22.696130459476088], [-98.85858245963689, 22.69621237907612], [-98.85846714997925, 22.69752365906657], [-98.85975048996097, 22.697471549076703], [-98.85635113990126, 22.715708169151466], [-98.8511163701489, 22.713018109455408], [-98.84390946002677, 22.709683889602115], [-98.84349891037552, 22.710291479573293], [-98.8423026204802, 22.71342776955823], [-98.84627674001649, 22.713910079776106], [-98.84347848951995, 22.735425379471327], [-98.84166442999513, 22.736199909694623], [-98.84219028023193, 22.73915891895726], [-98.84672371016842, 22.737430049407433], [-98.84769449046338, 22.742657949617378], [-98.84306579985149, 22.742737519706324], [-98.84311357002308, 22.742415199331692], [-98.83430770994046, 22.743461029393355], [-98.83653967961497, 22.757499829609834], [-98.85031145006222, 22.756748859105496], [-98.85067776972727, 22.75815484916444], [-98.85156718009416, 22.766541219266774], [-98.85195216977382, 22.766874829516897], [-98.85042237013815, 22.769775119749205], [-98.84944558023928, 22.77257891914944], [-98.84770374995058, 22.776173339750393], [-98.84804134979699, 22.77975842934471], [-98.8469453800838, 22.782948459240327], [-98.84779351018021, 22.783645179335434], [-98.84823934034301, 22.784617079767376], [-98.84780231989211, 22.785478909080446], [-98.84723835016233, 22.785657199004937], [-98.84735184968396, 22.787211449662546], [-98.8497291195278, 22.78825181902818], [-98.85128294032124, 22.79069761952499], [-98.85154136952598, 22.79172587952251], [-98.85234602016233, 22.790670348996013], [-98.85380710975704, 22.7902273491248], [-98.85990373998828, 22.791721979056256], [-98.86037819999454, 22.792112939226666], [-98.86254785022396, 22.796121379419937], [-98.86350120010876, 22.799255249492504], [-98.86548203007807, 22.799514739590613], [-98.86973210969344, 22.797932019662092], [-98.87139200018973, 22.796323828991095], [-98.87189315040804, 22.795202419252714], [-98.87189413968044, 22.793818819125715], [-98.87065822045118, 22.79250094927862], [-98.86855423015474, 22.79076773968727], [-98.86731889024813, 22.78888885912963], [-98.8669520897176, 22.78715704952697], [-98.86742674038372, 22.786255149100885], [-98.86942880003195, 22.784403449197963], [-98.8721405196484, 22.78287034963453], [-98.87952193976326, 22.780696719195937], [-98.88987585021164, 22.781241919581433], [-98.89293764975683, 22.782564579484152], [-98.89580492029303, 22.78456619975816], [-98.89890822026896, 22.787957949182672], [-98.90283347963958, 22.789504089125046], [-98.90515102970431, 22.7909976890982], [-98.90670285963098, 22.79273011933487], [-98.90730705987939, 22.794413199521752], [-98.90707914986046, 22.796230109108997], [-98.90522205012256, 22.800601448939805], [-98.90469825031298, 22.802409319602305], [-98.90493382031394, 22.804433568963933], [-98.90450943020694, 22.804781749661956], [-98.902806250269, 22.805272979732514], [-98.88968625985716, 22.80312742942937], [-98.88813397031355, 22.8129350497715], [-98.88136556970879, 22.81211311928686], [-98.88106269006269, 22.813730199713746], [-98.87432450959753, 22.8128989691279], [-98.8692094897331, 22.844265888989295], [-98.87627856970319, 22.84527656897676], [-98.87680374006587, 22.8420753391803], [-98.88389700015095, 22.843102579501696], [-98.88234248979452, 22.852428179161326], [-98.88935351003707, 22.853426578891767], [-98.89262616957731, 22.83319765907907], [-98.89860751045885, 22.83405673956539], [-98.89152675046795, 22.877441509448396], [-98.89575165001321, 22.877975708875255], [-98.89560132014259, 22.88132999892217], [-98.88907477022751, 22.88055907930066], [-98.88810469014648, 22.886879459533496], [-98.8792928896764, 22.88586636951114], [-98.8782267698074, 22.8922483190787], [-98.8778841196467, 22.895732019048776], [-98.86647788021395, 22.8940338793688], [-98.86624790980562, 22.895302909166663], [-98.857279890249, 22.894145089388196], [-98.85684245953034, 22.896146459719695], [-98.84885224964002, 22.895083749411864], [-98.84486849011213, 22.919128739190192], [-98.81065975015788, 22.91423319962253], [-98.78891845008104, 22.910474449268545], [-98.78813989001485, 22.916476859594713], [-98.78706645985537, 22.922056259675642], [-98.78741051989238, 22.922457229070922], [-98.78648486036887, 22.923582889189625], [-98.78695775019558, 22.92388124891909], [-98.78541105970237, 22.93346624971017], [-98.78174514963462, 22.93302582889583], [-98.77855365953232, 22.954663379188425], [-98.77219142044112, 22.987000769152612], [-98.76314552048524, 23.03763084948176], [-98.7705727702017, 23.038583309579078], [-98.77099155029431, 23.03587108939984], [-98.77118773996234, 23.035855199392348], [-98.77968355048915, 23.037251859065474], [-98.78164874973135, 23.02983845903921], [-98.79860554031761, 23.030904889771005], [-98.7968149699276, 23.041692909454458], [-98.77893702978325, 23.042664149211337], [-98.77415580012573, 23.079497648958412], [-98.76624211035697, 23.07848567943931], [-98.76434558023435, 23.092176349487442], [-98.76385816981676, 23.094283679015373], [-98.76368091855545, 23.09314436999286], [-98.76172422970868, 23.08964035058898], [-98.7610699400973, 23.087966750638138], [-98.76010657979364, 23.0776951204187], [-98.75799794907577, 23.071805920609915], [-98.75521920003227, 23.058824618921395], [-98.72664073950912, 23.056463540665], [-98.72815433924053, 23.065375258957754], [-98.68966197873787, 23.063837319986042], [-98.69409802882619, 23.038295020572473], [-98.66519776975592, 23.034746450637993], [-98.66657961884255, 23.025277740473804], [-98.62686487976737, 23.02015310940895], [-98.62273710956919, 23.047220770059976], [-98.55459623031663, 23.048340549633885], [-98.54780777867768, 23.09510321899619], [-98.53726017873929, 23.093497419610475], [-98.49764681940223, 23.09811605042176], [-98.48918810965066, 23.09604478053206], [-98.47084864861314, 23.090973579773053], [-98.45733242008421, 23.086850720274278], [-98.45426153919252, 23.093858890010704], [-98.44317430946558, 23.116308829031286], [-98.44565285991428, 23.121565678902307], [-98.42837272043461, 23.141932419467224], [-98.41480596925183, 23.17066351900853], [-98.41683911986262, 23.18850519939669], [-98.40391110963002, 23.19256461971348], [-98.38656964956951, 23.17491819900047]]]}}, {"type": "Feature", "properties": {"CVEGEO": "28013", "CVE_ENT": "28", "NOMGEO": "Tamaulipas", "CVE_MUN": "013", "NOMMUN": "Güémez", "cov_": 2003, "cov_id": 2004}, "geometry": {"type": "Polygon", "coordinates": [[[-99.1794674794997, 24.096927979271662], [-99.17879542995381, 24.096749830072284], [-99.17895993954212, 24.09631044981626], [-99.1785965500762, 24.096079719201175], [-99.17813883026375, 24.09628971947635], [-99.17778825867046, 24.09614542891094], [-99.17772798024724, 24.09631657003199], [-99.17733100003173, 24.096254880268113], [-99.17725461999105, 24.09581159906272], [-99.17643288871582, 24.095263449581317], [-99.17596434003853, 24.095389450657855], [-99.17510874975137, 24.094328049458298], [-99.1744778292655, 24.093942540169042], [-99.17450347987851, 24.093558369896954], [-99.17381987948833, 24.093315110317718], [-99.1727196888713, 24.09338804990309], [-99.17219305961645, 24.093710819094202], [-99.169163849098, 24.0938412603496], [-99.16767785013468, 24.092642230268112], [-99.16619653867298, 24.089796780540297], [-99.16555351032362, 24.089366349870875], [-99.16418339894923, 24.089841109751358], [-99.159196420328, 24.08973124999021], [-99.15913675035313, 24.0901266498153], [-99.15688037949063, 24.090024018934884], [-99.15251334020715, 24.0903586006362], [-99.15084703004798, 24.089576879879818], [-99.14938282923632, 24.088557659868798], [-99.14940905910677, 24.087943259950983], [-99.14703654954346, 24.0869739802773], [-99.14717537032533, 24.086716630649335], [-99.1452393092331, 24.086128680592065], [-99.1431841486851, 24.08504824900875], [-99.14074513871316, 24.08515542041417], [-99.14081292034795, 24.082785320324792], [-99.1398647189036, 24.082454244483216], [-99.13987610973247, 24.08315037028543], [-99.13861242917193, 24.083358219671055], [-99.13757042971976, 24.083895489140133], [-99.13541397988068, 24.08363277892656], [-99.13373697956904, 24.082957180329224], [-99.1337587099697, 24.082278479122174], [-99.13229391857807, 24.082173450262296], [-99.13103485994954, 24.08148456912063], [-99.13056516933318, 24.08080377909093], [-99.1305116804661, 24.079592430473035], [-99.13020442860186, 24.07932214062671], [-99.12984441852889, 24.079522909748388], [-99.12888445950087, 24.080876219698276], [-99.12848891929963, 24.081008519860085], [-99.12780969019973, 24.080758199862625], [-99.12713081936012, 24.080915460057284], [-99.12572839992112, 24.080224539255223], [-99.12134964860232, 24.080037420534165], [-99.11891885870014, 24.08022879978844], [-99.1180403102681, 24.080128179815457], [-99.11715654897948, 24.079639260622812], [-99.11650380000097, 24.07814867980177], [-99.11605130868475, 24.077815020797342], [-99.11521411932257, 24.07761337884479], [-99.1144839986119, 24.07769690993772], [-99.11329239921308, 24.07820294924745], [-99.11262027911168, 24.07891737927106], [-99.11135391884139, 24.08175580026162], [-99.11015661916751, 24.08241665021162], [-99.109235278671, 24.08249785040111], [-99.10759524919295, 24.08173251030569], [-99.10580534953502, 24.081269580122733], [-99.10412247629033, 24.08042082068617], [-99.1037281703289, 24.080007860017037], [-99.10335946018847, 24.078471510608715], [-99.10283619925868, 24.077605119152704], [-99.1011766485805, 24.075856399918777], [-99.09899365893834, 24.0754512791282], [-99.09634347943424, 24.07564877894707], [-99.09540187864309, 24.075425120110896], [-99.09392331045571, 24.07454434900596], [-99.09334640046247, 24.073839370656795], [-99.09316834962688, 24.072862850581487], [-99.0944918298608, 24.070715689963166], [-99.09446594921837, 24.06964649007641], [-99.0941561392234, 24.069106449351047], [-99.09326393936075, 24.068937489911786], [-99.09280274928167, 24.069107258858686], [-99.09242185947099, 24.070286000557772], [-99.09237418039557, 24.07134017944202], [-99.09201244901939, 24.071497718975642], [-99.09113638012815, 24.071506979908346], [-99.08980511866088, 24.070897859890483], [-99.08866597038953, 24.070774260107175], [-99.08630597040181, 24.071498480412426], [-99.08629944997583, 24.06426787941586], [-99.08873301874478, 24.025718109747956], [-99.08713041921872, 24.025133720614114], [-99.07593456970498, 24.019253030012575], [-99.07451248874573, 24.058164109830418], [-99.06732027918659, 24.055722849860462], [-99.06279431866537, 24.053946770130892], [-99.06516893956385, 24.013515020281858], [-99.00894414934713, 23.984080920002686], [-99.00765351887124, 23.97944824994663], [-98.98224222928592, 23.97520002979683], [-98.98547944986247, 23.957131278937243], [-98.94527988891082, 23.950758779764254], [-98.94668250982873, 23.943234829011733], [-98.92883899917155, 23.952973779494766], [-98.93205002994819, 23.946655089939178], [-98.91862623046877, 23.948817449059987], [-98.91926887863723, 23.936962890508646], [-98.91843640041975, 23.936537939541736], [-98.91819215045551, 23.935983120414818], [-98.91421030897966, 23.931398489822282], [-98.8588225086936, 23.862900829361823], [-98.83012996938076, 23.827986649934157], [-98.8307649698943, 23.828065879844367], [-98.83210614898991, 23.828827619576856], [-98.8329169497694, 23.829031619018018], [-98.83498879930315, 23.829089320080776], [-98.83531637929546, 23.828892819677794], [-98.83795936955268, 23.82880512018155], [-98.83842408989138, 23.82833182028331], [-98.83844484876671, 23.827465510598778], [-98.8390028198803, 23.825589769921926], [-98.83893834912256, 23.825292250253284], [-98.83831370932883, 23.824972379320933], [-98.83826251029026, 23.824620259893674], [-98.8385516796192, 23.824233549231316], [-98.81358259906236, 23.79793180039479], [-98.80138050965819, 23.78440101954249], [-98.80031264875342, 23.784925080077333], [-98.79538128856814, 23.779853739878796], [-98.78310982950252, 23.789719309620196], [-98.7389196897513, 23.77839119911109], [-98.74048979966796, 23.77210337897317], [-98.7390001802063, 23.76843130887288], [-98.73734280019136, 23.767616999797852], [-98.73662471888777, 23.766817029993835], [-98.73675865017624, 23.765817629313094], [-98.73647173972726, 23.765771849017376], [-98.73614161954804, 23.76472442061609], [-98.734685819761, 23.76191836903762], [-98.73472544976025, 23.755849260051992], [-98.73915745960842, 23.753026740153576], [-98.74232905032531, 23.75192234005389], [-98.74556811928325, 23.751515519660064], [-98.74653393975206, 23.750882978927688], [-98.7481592790018, 23.750949060518035], [-98.74923825907499, 23.751425800075175], [-98.750185339588, 23.751015750140365], [-98.75466294039425, 23.75146681991933], [-98.75975513919718, 23.751274570181014], [-98.76055305858735, 23.747251659141256], [-98.76096336986109, 23.746776340569145], [-98.76200143025996, 23.745949740203198], [-98.76431067890533, 23.745104680152732], [-98.76521685913104, 23.745209850168276], [-98.76582676981262, 23.745561050473242], [-98.76614391041562, 23.74654787975845], [-98.76663250957621, 23.746532090217666], [-98.76762168993723, 23.74588494908259], [-98.76812271850115, 23.743938920456998], [-98.76874031860457, 23.74365811926422], [-98.77037188034679, 23.744189049410405], [-98.77172705022335, 23.745723509178905], [-98.77212247989641, 23.745560149268396], [-98.7722066497318, 23.745127080166963], [-98.77203414947303, 23.744724599408833], [-98.77125328906641, 23.744154310373972], [-98.77161375008723, 23.743557689284188], [-98.77207065948753, 23.743252350390595], [-98.77385671953868, 23.743240340112752], [-98.77631537006454, 23.743715948944832], [-98.77757482850885, 23.745608550126015], [-98.77745592008053, 23.747269909846715], [-98.77765028960272, 23.74728265889427], [-98.77934642972703, 23.745867149941823], [-98.78064981971663, 23.743478180001365], [-98.78149614043016, 23.74276797925313], [-98.77917812008144, 23.74210494981522], [-98.77862364940552, 23.741562479763626], [-98.77866331970257, 23.741084079820578], [-98.78015619940217, 23.740810820298382], [-98.78034052034985, 23.739910170606823], [-98.78092363033223, 23.74021159962047], [-98.78264034028412, 23.740111858911547], [-98.78298355012149, 23.740294340615886], [-98.78232736941875, 23.74127065975052], [-98.78262886038716, 23.741475180037185], [-98.78384282909393, 23.740817450167356], [-98.78467491956361, 23.740681938888383], [-98.78707147916782, 23.738304999561354], [-98.78806645988605, 23.737852310545637], [-98.78847636892426, 23.73678097006348], [-98.78835333941649, 23.735742150174147], [-98.78869070930986, 23.73492570984059], [-98.7893595999144, 23.734417350361365], [-98.79045707907389, 23.734102910349012], [-98.79361215000031, 23.733815020348406], [-98.7939759401984, 23.733459430471413], [-98.79462422963101, 23.733435089640086], [-98.79551982987512, 23.73368901891958], [-98.79694113877412, 23.735026350104196], [-98.79770973884034, 23.73537339953769], [-98.79837725921223, 23.7352330005383], [-98.79882397898453, 23.734718349124933], [-98.7999629704837, 23.732008228870534], [-98.80071239878964, 23.730790599636823], [-98.80157619915508, 23.729898340267244], [-98.8051399495526, 23.72832711013917], [-98.8062101394629, 23.727617228866865], [-98.80684674046255, 23.725654819963047], [-98.80498875021816, 23.723913819157755], [-98.80476179914423, 23.723142859755598], [-98.80521040026677, 23.722250029532326], [-98.80693019902827, 23.720801628953442], [-98.80801418002542, 23.720576020364703], [-98.80958428982633, 23.721220280222138], [-98.81070752035039, 23.722026949378968], [-98.81198117023085, 23.722478599249175], [-98.81316999864653, 23.7225784306245], [-98.81435942908729, 23.72232834000281], [-98.81608944930565, 23.720367059073286], [-98.81742699894926, 23.718132489970223], [-98.81810702020975, 23.716615000670334], [-98.81845797862722, 23.7150465690394], [-98.81935503040187, 23.713688020554766], [-98.82062201860106, 23.712524520015712], [-98.82310819952386, 23.712055859917495], [-98.824107510368, 23.712203249230633], [-98.826227938878, 23.711360179080142], [-98.82736014034069, 23.712070599815547], [-98.82801213887231, 23.713548600351047], [-98.82844920036025, 23.713832890583124], [-98.8297283491516, 23.713749120141006], [-98.83037752023975, 23.71349602045906], [-98.83067173960183, 23.712446860346073], [-98.83048244925578, 23.710473480292087], [-98.8289534294068, 23.708352779968706], [-98.82901262912803, 23.707540848866802], [-98.82959217859491, 23.706904520301283], [-98.83008448955998, 23.706824110388528], [-98.83211519891583, 23.70804728046396], [-98.83328630983426, 23.707902430610577], [-98.83444647903886, 23.709029050457385], [-98.8353698593482, 23.71142463007404], [-98.83906228902605, 23.711300339866494], [-98.83902804882494, 23.7103571099141], [-98.83839205001296, 23.70877953998412], [-98.83826750860793, 23.70737871981454], [-98.838301520327, 23.70654579886323], [-98.83923891004025, 23.704254060531657], [-98.8419361786014, 23.70267690943255], [-98.84234627889562, 23.702120399530642], [-98.84409187918949, 23.701122509963547], [-98.8461442001606, 23.701681829206965], [-98.84678373881844, 23.70154312059378], [-98.8479294597472, 23.700290380375208], [-98.84857047855859, 23.698866909199445], [-98.84853764878669, 23.698123830425313], [-98.84944362864387, 23.696480659791693], [-98.85053237939982, 23.69624767993227], [-98.85250154903973, 23.697347449891513], [-98.85303395022139, 23.6973691195942], [-98.8534992199931, 23.696903750632234], [-98.85367897025729, 23.696071199902725], [-98.85408191913781, 23.695441200007156], [-98.85510410887413, 23.69516556948067], [-98.85671201852297, 23.69512317009344], [-98.8575406304145, 23.695412979969827], [-98.86024401917386, 23.69506055007031], [-98.86115241932869, 23.6958055092507], [-98.863300820392, 23.698452250268794], [-98.86371394994143, 23.69828277887915], [-98.86467277935837, 23.69675477961634], [-98.86496834998661, 23.69546812007532], [-98.86578658020538, 23.693853369908545], [-98.86713699908444, 23.692949890242385], [-98.86916029005255, 23.692222510102436], [-98.87143639900872, 23.691783880046707], [-98.872747629486, 23.690538908894652], [-98.87393185927759, 23.69108174942028], [-98.87436347906694, 23.691860889956395], [-98.87497609043996, 23.692198310246432], [-98.87797065967028, 23.69186954939125], [-98.87917845041147, 23.690739969162262], [-98.88042810938711, 23.6889414588726], [-98.87994774960639, 23.687258850420825], [-98.88059411855512, 23.685742319507096], [-98.88225942860149, 23.683675918994275], [-98.8831356496231, 23.68292388885988], [-98.88408362928453, 23.682528980081695], [-98.88645384988037, 23.682467510528426], [-98.88932050985103, 23.682084689783725], [-98.89005828920111, 23.681453290351364], [-98.89056664937192, 23.678880219628304], [-98.89278005962954, 23.67849894014161], [-98.89445484938393, 23.6794330902021], [-98.89565788888862, 23.679737859214555], [-98.89770602045932, 23.67974527907507], [-98.8991629200339, 23.679393049200765], [-98.89930317988316, 23.67912135001187], [-98.89904059859123, 23.678775949821866], [-98.8987644792409, 23.677275310242777], [-98.90046054990927, 23.676762939288302], [-98.90340835006187, 23.677332830534525], [-98.90592587927802, 23.67900810993598], [-98.90686633949, 23.67912248012993], [-98.9080771402657, 23.678922140216766], [-98.91042196897317, 23.677709060252322], [-98.91179079890641, 23.67741157952072], [-98.9128022292866, 23.678029540537608], [-98.91543031992936, 23.678994178892918], [-98.91979545857704, 23.679663708955033], [-98.92106711991369, 23.679668059048755], [-98.92309536912231, 23.680298920105244], [-98.92409322951963, 23.68093259956504], [-98.92591719909147, 23.682626380315366], [-98.92667179878747, 23.686820619523004], [-98.92717108898101, 23.687416380610724], [-98.92771560046444, 23.687699630190096], [-98.92832267857519, 23.68742259913415], [-98.9291861191589, 23.686174309626065], [-98.93210479866514, 23.683942459209636], [-98.93323904855593, 23.68402462063085], [-98.93545082998695, 23.686639919374723], [-98.93693357883728, 23.686733490254216], [-98.9399557788314, 23.686515748880236], [-98.94076487999625, 23.68669248030799], [-98.94087324981338, 23.687203879164574], [-98.94499968949289, 23.691440690578045], [-98.9469681102453, 23.690056678895285], [-98.94580247853291, 23.687588509787673], [-98.9502991095155, 23.685798119671094], [-98.95783055045545, 23.701726720144663], [-98.97013944982267, 23.701961090636168], [-98.96985256943739, 23.717192019985582], [-99.03658278039518, 23.786247599075505], [-99.07708174857362, 23.827741490177402], [-99.0972708201127, 23.84880552046237], [-99.13592044859352, 23.89988771033564], [-99.13769496896796, 23.90091305022617], [-99.13867308969677, 23.902643060021987], [-99.14028762026913, 23.901835369217277], [-99.14790697866047, 23.901701939894558], [-99.1516988589111, 23.908007718919745], [-99.14467631860025, 23.911471519316997], [-99.15245405002882, 23.91465090979934], [-99.1547879489784, 23.91457831931948], [-99.15601934896448, 23.91516957054797], [-99.1545986790567, 23.912789679018577], [-99.17148521858151, 23.904159629455048], [-99.17415231932539, 23.908574599190125], [-99.16097322036005, 23.915408679241157], [-99.16950144893767, 23.929379720005635], [-99.17124691971594, 23.92837590895281], [-99.17734617992332, 23.93851664969908], [-99.17172974019601, 23.941369029113716], [-99.17088171909688, 23.939959370626333], [-99.16745116988834, 23.94146254025608], [-99.18864528001438, 23.969504170378354], [-99.19147548896983, 23.973846580025807], [-99.19371637006113, 23.978042139668553], [-99.19631130903292, 23.979605919334308], [-99.19806254864262, 23.980031049829872], [-99.19965805003967, 23.9799882600094], [-99.2012225095317, 23.979512819234323], [-99.20371908947433, 23.977737659363356], [-99.20489205877864, 23.977707289594758], [-99.21226260013952, 23.98059451030881], [-99.21328400029496, 23.981174750435194], [-99.21461339895167, 23.98254538047456], [-99.216409248825, 23.983096510355917], [-99.21803464859093, 23.983233910602035], [-99.21897492034478, 23.983002349690903], [-99.22278205891287, 23.98052491987263], [-99.22492253908634, 23.97839099999767], [-99.22507993982676, 23.97780905010267], [-99.22548405989231, 23.97751763019946], [-99.22617013888, 23.97750044943689], [-99.22696128031798, 23.977994200625012], [-99.22819921898255, 23.977832449467265], [-99.22976528984005, 23.9772614600791], [-99.23129214028953, 23.976406279558567], [-99.23601589030312, 23.974956709109833], [-99.23725300028401, 23.97436840040969], [-99.23792844990945, 23.973461120000287], [-99.23936352004564, 23.96918457052744], [-99.24009012040466, 23.968662369878988], [-99.24304237911333, 23.967799490532286], [-99.24452731939799, 23.96663504975921], [-99.24569545977745, 23.96526776919846], [-99.2466705799685, 23.96224480003832], [-99.24727030924255, 23.961459379349982], [-99.24840733981029, 23.960469769900634], [-99.25101535029471, 23.959050339345772], [-99.25199401918098, 23.957488950409214], [-99.25500976942995, 23.9582968499709], [-99.25581174005225, 23.958329939141723], [-99.2605539701255, 23.960721049811042], [-99.26196912013917, 23.960653579819937], [-99.26462433951063, 23.960026180056158], [-99.26600970935301, 23.959377170514635], [-99.26699413968076, 23.95856962036694], [-99.26885976952684, 23.958043399455125], [-99.26942824852176, 23.95757760060515], [-99.26983384939268, 23.957077520069728], [-99.26995465005874, 23.956529979782704], [-99.26923944883704, 23.954508280637732], [-99.26921650854617, 23.953437078832106], [-99.27011254956572, 23.95091855007775], [-99.27220197932972, 23.94832504931719], [-99.2731911488625, 23.94587930997589], [-99.27829676959017, 23.941994380631943], [-99.28108628008452, 23.937043419541624], [-99.28287739948595, 23.934442690497015], [-99.28334210856634, 23.93261693984011], [-99.28522813947542, 23.930075909812327], [-99.28649108898881, 23.929492970224718], [-99.28831205924554, 23.92785843002915], [-99.29379123047215, 23.9251320595526], [-99.29433834912979, 23.924367149993593], [-99.29677170870981, 23.92230717981919], [-99.2985061685261, 23.921749659608935], [-99.30011916872884, 23.920672370201473], [-99.30465271045432, 23.92032128948739], [-99.30650788961181, 23.919016549963935], [-99.30917648016012, 23.915988350291627], [-99.30781068036406, 23.91523513941771], [-99.30770104946902, 23.914629108985473], [-99.30731231958215, 23.91436567933255], [-99.30723616966687, 23.914528949914416], [-99.30668427879266, 23.912831419359517], [-99.30557222911088, 23.91293414908134], [-99.30485782019734, 23.913578400247676], [-99.30418968931212, 23.910913259039443], [-99.30280611026991, 23.910847420644114], [-99.30251848866597, 23.91280105997508], [-99.3022256587306, 23.912820320282567], [-99.29234885910306, 23.908590109515032], [-99.31547450954572, 23.89800447943175], [-99.33351607944705, 23.895257799474564], [-99.35460037925895, 23.892337308972422], [-99.36877130967675, 23.893702780306526], [-99.37900945027332, 23.883497948903194], [-99.37296714934968, 23.881590290637806], [-99.35864633891204, 23.859215510496682], [-99.35389759901082, 23.833860120180297], [-99.35268530987355, 23.8261495397218], [-99.36680214985554, 23.825281650498297], [-99.36745389033484, 23.832426309185347], [-99.37915599933045, 23.83118759994293], [-99.37636299887728, 23.815277969358895], [-99.40647931905063, 23.81484728056006], [-99.41335018010078, 23.81764133921124], [-99.4140267703544, 23.81956359926025], [-99.4148303791124, 23.820063060090913], [-99.43568493883028, 23.818330290304576], [-99.45003031044081, 23.816403739084862], [-99.44986086017511, 23.81826259927067], [-99.45454427965123, 23.841263569929275], [-99.45654424973598, 23.846115219126247], [-99.46397082901646, 23.853305910465437], [-99.46741369038999, 23.86049784959372], [-99.46767931969337, 23.864188649440923], [-99.46752623045364, 23.867785520182196], [-99.4683128290162, 23.868272338948135], [-99.46741421974552, 23.86951308899043], [-99.45687071877701, 23.866063049041422], [-99.47756824886184, 23.92950683036078], [-99.48146711910104, 23.94061962017373], [-99.48693986022813, 23.96050061924707], [-99.46349017929582, 23.951459489626405], [-99.4518964189098, 23.94631767966081], [-99.45209433888687, 23.945362379489936], [-99.44962125030733, 23.94421781977938], [-99.45023711044608, 23.94548284998146], [-99.44853481869289, 23.9456986201219], [-99.44576408914104, 23.94433726037994], [-99.43710937992414, 23.926562199845996], [-99.42812821899825, 23.919556448933196], [-99.43026408992843, 23.924072169504317], [-99.4288578295845, 23.930647320335748], [-99.42465262037214, 23.9478155496852], [-99.4241188585724, 23.94886412000647], [-99.42494356901535, 23.949841480474305], [-99.42650701928353, 23.950722569762444], [-99.426599578939, 23.951525280061503], [-99.42561177033043, 23.952388419731285], [-99.42444193871574, 23.954849579119163], [-99.42433234873941, 23.955901229763466], [-99.42382485905577, 23.9568166900893], [-99.42305851004764, 23.957314579645963], [-99.4224918597581, 23.958177079772675], [-99.42189607901757, 23.958424400602617], [-99.42113080039867, 23.95829066026538], [-99.42025666024175, 23.95841246006441], [-99.41957874881288, 23.958948289461357], [-99.41854499947075, 23.958524518865044], [-99.41798878029458, 23.958974660009638], [-99.41794155005456, 23.959537230490888], [-99.41848754861604, 23.960337079842045], [-99.41993863030152, 23.961605750382816], [-99.420371199521, 23.962214510126582], [-99.42049437986732, 23.96285915004688], [-99.41888990875623, 23.963002000326806], [-99.41837215011927, 23.963317549037765], [-99.41812162903445, 23.964294169943688], [-99.41862010863758, 23.965376750423903], [-99.41902141941493, 23.965738480234425], [-99.42101309023037, 23.96608032066241], [-99.42114539882645, 23.966358320400587], [-99.4207466794128, 23.96682313911237], [-99.41973928927294, 23.967004179193445], [-99.41725391960807, 23.96612534895025], [-99.4153123397249, 23.966321660494557], [-99.41360073851205, 23.96494354042935], [-99.41298966044042, 23.964971829135973], [-99.4122724796514, 23.965909679836532], [-99.41182351043629, 23.96597762980857], [-99.41125188861128, 23.965181620263674], [-99.41016710997351, 23.9642649502823], [-99.40960385873618, 23.96418516984774], [-99.40816302970171, 23.965333289011443], [-99.4079232901134, 23.96601973989603], [-99.40754534002932, 23.966415279624183], [-99.4068669098647, 23.96649890957586], [-99.40440758023236, 23.96559215046734], [-99.4034692501197, 23.96569470955418], [-99.40278437042164, 23.966392168877366], [-99.40242548930908, 23.968033980368777], [-99.4007173398061, 23.972060029938334], [-99.3998691793551, 23.972481949201345], [-99.39821451956269, 23.97214267981591], [-99.39745922863402, 23.972309379318684], [-99.3968389085471, 23.9729549805673], [-99.3963951995647, 23.973084199541137], [-99.39671777895062, 23.971566510134856], [-99.39656847922735, 23.971055679142022], [-99.39604794924291, 23.970650659786255], [-99.39552191917655, 23.970629259624268], [-99.3948303396765, 23.970925659631312], [-99.3927177499441, 23.972950860227094], [-99.3923493803375, 23.972995340648747], [-99.39218285899766, 23.972406949020982], [-99.3917320004227, 23.971927690285156], [-99.39080135012836, 23.97157147984747], [-99.38955464891716, 23.9723751704362], [-99.38868505872378, 23.9738941502401], [-99.38772145010127, 23.97467769059866], [-99.3876911102807, 23.975378310294527], [-99.38904491887293, 23.97638314024772], [-99.38968621939152, 23.976611380495836], [-99.38994078033285, 23.97683157005529], [-99.38984930896068, 23.977203220593324], [-99.38912761966641, 23.9778297089445], [-99.3864709800902, 23.978066110028987], [-99.3852712197441, 23.97904848007014], [-99.38310608978799, 23.98202033981385], [-99.38216656897696, 23.98210405996879], [-99.37837136874288, 23.984012119953913], [-99.37718617960648, 23.983902139136873], [-99.37686884960638, 23.984198720316115], [-99.3761217104326, 23.98612062023367], [-99.3748713803487, 23.9854159205744], [-99.3740521692437, 23.985610120216617], [-99.373374999219, 23.986106290348715], [-99.3694844201255, 23.98791617958153], [-99.36904928877031, 23.98798415016981], [-99.36831020013922, 23.987353140512774], [-99.36769577023946, 23.987143079424474], [-99.3670763997044, 23.98719676951458], [-99.3665431696162, 23.987539550154], [-99.36630801874519, 23.98826964963715], [-99.36675659859559, 23.989937890109776], [-99.36668818009935, 23.991187120373482], [-99.36539807915699, 23.993803109064604], [-99.36449357956788, 23.994839719280762], [-99.36293867972644, 23.995368630644794], [-99.36254794948745, 23.995042419475514], [-99.36171764879657, 23.994985569248794], [-99.3606175785213, 23.996031110632945], [-99.36039334851611, 23.996782659887536], [-99.36068385000233, 23.998813029971483], [-99.35546194886317, 23.9981506196811], [-99.35293531022621, 23.998782480156137], [-99.35010159991133, 23.999196139023955], [-99.3479116289939, 23.998912999664334], [-99.34613430855214, 23.9984089705366], [-99.34484334039824, 23.998668200645703], [-99.34382273893897, 23.99948745975122], [-99.34358576860001, 24.000551800023874], [-99.34366028985298, 24.002912449029417], [-99.34454768046271, 24.00365782911505], [-99.34432433972704, 24.004557140649773], [-99.3436795687327, 24.005748080445525], [-99.34276933948578, 24.006388909728102], [-99.34017908904167, 24.006967380204557], [-99.33633701942541, 24.00605072009892], [-99.33506539923653, 24.006163629853248], [-99.33362717959187, 24.006805570074864], [-99.33220197883698, 24.006874999571206], [-99.32970738036884, 24.007342969963414], [-99.3285309189195, 24.007125220582914], [-99.32556993954933, 24.00821135046358], [-99.32461034861103, 24.008345549719536], [-99.32302591911305, 24.00812863020116], [-99.32136795029504, 24.007295060327476], [-99.32021284886446, 24.007473659002294], [-99.31884444997982, 24.007278260648626], [-99.31615773868606, 24.007724379817237], [-99.31421625019215, 24.008697570466108], [-99.31335258047471, 24.00880947941296], [-99.31268014971303, 24.00861259950983], [-99.3074427399787, 24.005271910099836], [-99.3067936896963, 24.00504991965491], [-99.30611250941027, 24.00496204923065], [-99.3038466800572, 24.005371549994706], [-99.30075129024374, 24.00550982009986], [-99.29939650873459, 24.0058341700596], [-99.29848474865254, 24.00635051055239], [-99.2965667798708, 24.008133169689685], [-99.2958881991108, 24.00838580017483], [-99.29130738009111, 24.008504910408323], [-99.28977532022719, 24.008295149286973], [-99.28877332002156, 24.008657598998905], [-99.28648121990712, 24.01016055042267], [-99.28592068994858, 24.01025888978242], [-99.28472581854267, 24.009776940138472], [-99.2837246586326, 24.009014319026704], [-99.28319684865474, 24.008862400458366], [-99.2826141689063, 24.0090163690923], [-99.28197634966895, 24.009348830233794], [-99.28156116982377, 24.009935690166277], [-99.28014745980259, 24.01095757910987], [-99.27970568879933, 24.012079629926184], [-99.27954268982035, 24.013736310205644], [-99.2805152904781, 24.014142249788005], [-99.28087794045054, 24.01493155058357], [-99.2807412301454, 24.0159001394407], [-99.27985442963762, 24.01666622940508], [-99.2787798289889, 24.01716345985419], [-99.27770534874686, 24.01739628970676], [-99.27605181908513, 24.018265938944523], [-99.2740800186542, 24.019878619970584], [-99.27249959894357, 24.020202489880354], [-99.27200036948172, 24.02048389017912], [-99.26629684860815, 24.020677110270583], [-99.26485778002245, 24.020958520318292], [-99.26289833978596, 24.020914249634288], [-99.26082490777881, 24.020029060180203], [-99.26016371851091, 24.019307689878552], [-99.2596178298034, 24.019134859939015], [-99.2580127086739, 24.01932177018735], [-99.25499646044796, 24.020993120068667], [-99.25325700755526, 24.02123070846145], [-99.25207931884495, 24.020683748878938], [-99.25038619949693, 24.020226030225654], [-99.24576702942962, 24.0181747396766], [-99.24432847969979, 24.01788531071745], [-99.24153649000095, 24.01780196982444], [-99.2402587091781, 24.018087061253347], [-99.23921297896301, 24.018833860685984], [-99.23576893986056, 24.020636019738813], [-99.23422474861862, 24.021082221032856], [-99.23323388864715, 24.021659750528762], [-99.23094965914038, 24.022183910360408], [-99.2284477503346, 24.022154688968396], [-99.22773368023336, 24.021996139592677], [-99.2258344591132, 24.02098074941355], [-99.22411037905007, 24.020676690142636], [-99.22248788858276, 24.020678720622957], [-99.21754113991149, 24.02124909062466], [-99.21638596922577, 24.020841969760173], [-99.2149334504158, 24.02065352041759], [-99.21408293983417, 24.020843539995635], [-99.21359729034239, 24.020568749537404], [-99.21296655016273, 24.018371659290235], [-99.21339247902293, 24.01627090895335], [-99.21299545024281, 24.015270019565744], [-99.21117419884392, 24.01351468005875], [-99.2095765689502, 24.012857049656766], [-99.20567817913937, 24.013451688890342], [-99.20381417888811, 24.012647199417227], [-99.20328145973714, 24.01219748900674], [-99.20272461930149, 24.01124758028576], [-99.20245517017376, 24.011160768893536], [-99.19887388899616, 24.011806200364955], [-99.1979585691509, 24.01224051030595], [-99.19298588011192, 24.011915318877236], [-99.19140377912633, 24.0116153202218], [-99.18787274878586, 24.01149243008359], [-99.18626577963965, 24.011673379195873], [-99.1847212886561, 24.012459110546367], [-99.18372853931605, 24.012653230400904], [-99.18269882963364, 24.012664250106653], [-99.18192485996758, 24.012301599154497], [-99.1815657804555, 24.01526733945753], [-99.17940316893072, 24.047324169935013], [-99.19749598038878, 24.049795570207888], [-99.19539077922485, 24.077681620381142], [-99.18299538018643, 24.07858760027153], [-99.18244611856647, 24.08523533922019], [-99.1794674794997, 24.096927979271662]]]}}, {"type": "Feature", "properties": {"CVEGEO": "28014", "CVE_ENT": "28", "NOMGEO": "Tamaulipas", "CVE_MUN": "014", "NOMMUN": "Guerrero", "cov_": 2005, "cov_id": 2006}, "geometry": {"type": "Polygon", "coordinates": [[[-99.73169666011891, 27.294448198872047], [-99.63832530988357, 27.28790130908591], [-99.63824018042938, 27.291802769472223], [-99.60476565018898, 27.289199679500562], [-99.60799262041317, 27.283287259412848], [-99.60922677959482, 27.28383553910128], [-99.61234698007112, 27.27830485899039], [-99.49646254021674, 27.27132661904383], [-99.49435593960413, 27.266527218842487], [-99.49194555012754, 27.26357805907208], [-99.48730931051682, 27.260280658843058], [-99.48470375028836, 27.259413649457777], [-99.4815320597976, 27.259580079340143], [-99.47747831037488, 27.261788349505593], [-99.47416290969613, 27.263257969364645], [-99.4731057198433, 27.263519909189778], [-99.47168352014823, 27.264862719543903], [-99.46643497974009, 27.267560049246793], [-99.46451011973261, 27.268267948877973], [-99.4632019104967, 27.268463619085285], [-99.4619519102055, 27.26838690964545], [-99.4599905104369, 27.267536289252547], [-99.45827496975382, 27.266117819244478], [-99.45541919984383, 27.266169649494547], [-99.45299888024472, 27.26447030905414], [-99.45055161985488, 27.26176842949756], [-99.45023084987032, 27.26064997959708], [-99.44821031045039, 27.25917079921809], [-99.44567008971948, 27.25616359940065], [-99.44491188999531, 27.254633279657547], [-99.44183259992586, 27.25080664912415], [-99.4414359497143, 27.248113799261773], [-99.44124391051098, 27.24234284887685], [-99.44155567952144, 27.240266109246765], [-99.44151962952269, 27.2365054293763], [-99.44172851956314, 27.23540031938467], [-99.44368805959817, 27.22943756911426], [-99.44518888050237, 27.226130769350583], [-99.44536900025828, 27.22317854937301], [-99.44463617020581, 27.221147079681792], [-99.44317681959501, 27.2186950787869], [-99.44251221999569, 27.217977429138347], [-99.44067718047272, 27.217331719613725], [-99.43988645035766, 27.21683917953103], [-99.43928728998516, 27.21626967932576], [-99.43887851046122, 27.215337819285217], [-99.43834331979936, 27.214749139624786], [-99.43348208974733, 27.211132829438615], [-99.43260995005205, 27.209922169365147], [-99.43323731982991, 27.204225999646805], [-99.43303645001066, 27.201846248860715], [-99.43134602002021, 27.197592199661315], [-99.43048498043001, 27.194698819162106], [-99.42996954016293, 27.191875599389963], [-99.42633530979721, 27.177825619273502], [-99.42621773957788, 27.176127289674405], [-99.42793683023508, 27.166742348913196], [-99.4300878501347, 27.159166349503508], [-99.4305888503793, 27.15826276946448], [-99.43188510988925, 27.15715548964126], [-99.4331375802776, 27.156412349221423], [-99.43647868967874, 27.155118399191483], [-99.43754122007832, 27.154391449577314], [-99.4390909500457, 27.152920259631014], [-99.44002148966868, 27.1511464595937], [-99.44012744968636, 27.150061289177767], [-99.4398942595838, 27.147935859615135], [-99.43878462951308, 27.145345859269714], [-99.43773781981011, 27.14389450941111], [-99.43392748032915, 27.139841219595326], [-99.43181851042486, 27.138304218901368], [-99.43102008988672, 27.137047019602264], [-99.43103905996617, 27.125228089240288], [-99.43130773976175, 27.123075369268058], [-99.43235508046361, 27.120718429197566], [-99.43390544951457, 27.11841673903765], [-99.44142965986268, 27.10974601921175], [-99.44229455022315, 27.108089949692282], [-99.44254351021799, 27.1068296595755], [-99.44219782005675, 27.105314749675212], [-99.44156524990183, 27.10458216934841], [-99.4388356602552, 27.102481428960573], [-99.4346449996433, 27.098209508984546], [-99.4295611800878, 27.094172549576708], [-99.42867388013038, 27.09282342887593], [-99.42866105001511, 27.09159274901702], [-99.43208422015888, 27.08525631950154], [-99.43383743045679, 27.081537489157355], [-99.4355736902968, 27.078980399046642], [-99.43710054982236, 27.077379739620046], [-99.43937246045104, 27.07557474905938], [-99.44528862022173, 27.072356859546428], [-99.44816945991143, 27.070189519305202], [-99.44974636970551, 27.06867087950686], [-99.45133714023721, 27.066749459409124], [-99.45238548972374, 27.06502417908437], [-99.45270752045434, 27.064064999262783], [-99.452717019804, 27.062416399419405], [-99.45236419962677, 27.059816109537856], [-99.45189675023596, 27.057548028897774], [-99.45103101982883, 27.05500777892916], [-99.44936191030732, 27.051149048981824], [-99.4467804595168, 27.04684087895098], [-99.4455780502545, 27.044333108859266], [-99.44468874045663, 27.041165028887686], [-99.44393185987695, 27.035987258975336], [-99.4437072599668, 27.03237754964783], [-99.44401521971268, 27.03043008924418], [-99.44565838031055, 27.02413017927509], [-99.44569214976784, 27.021863849073103], [-99.44508990986101, 27.020269919010165], [-99.44452742972291, 27.01931548916588], [-99.44329596952394, 27.018251938826975], [-99.43851163007774, 27.01424834960123], [-99.43608560009221, 27.012529149513096], [-99.43238015005815, 27.011069679349774], [-99.42984985037943, 27.010518579574917], [-99.42790793981705, 27.010664719037916], [-99.42640458022797, 27.011444309146814], [-99.42140191952025, 27.016750488815923], [-99.41953998001988, 27.01781056932647], [-99.41737990990872, 27.01790474956331], [-99.41541270990928, 27.01737567928072], [-99.41176542011273, 27.013711259101044], [-99.40538287998868, 27.005333539242233], [-99.40296744962595, 26.999756368890207], [-99.39207754038662, 26.987298749034625], [-99.38713856995193, 26.98204917932447], [-99.38471946050663, 26.980614288841718], [-99.37863635026831, 26.979749849425023], [-99.37646900023957, 26.976851679430766], [-99.37788647980886, 26.972923749534377], [-99.38100737959029, 26.97043274903056], [-99.3896624002209, 26.965363779258976], [-99.39225117991408, 26.964235429264043], [-99.393757080323, 26.960227019256088], [-99.38789426013413, 26.943518919377997], [-99.38502061998192, 26.93960265922424], [-99.3784767501932, 26.933929539525113], [-99.37274816977536, 26.931382059567298], [-99.36555785046785, 26.929023768835247], [-99.35116497015377, 26.927859049031344], [-99.34587342994588, 26.924578449485843], [-99.33702220007294, 26.923398579485035], [-99.32869993965518, 26.919654219305432], [-99.32422097965862, 26.91594539926753], [-99.32233161953236, 26.911464948860214], [-99.32121717002896, 26.906559909181734], [-99.32628429040693, 26.889619059684435], [-99.32705486028702, 26.88393010879988], [-99.32876378050457, 26.879649718817433], [-99.3279951100233, 26.877781339541787], [-99.32519047968664, 26.877258778991646], [-99.32326050970873, 26.87303087909728], [-99.31714157003414, 26.865461819162135], [-99.30990985980833, 26.864243429622277], [-99.29457002976986, 26.86498159908946], [-99.28049896979932, 26.858088579069367], [-99.26801994999504, 26.84262877921792], [-99.26201747963667, 26.81490876955858], [-99.2424936000369, 26.787313289297924], [-99.2396197499832, 26.745261768795157], [-99.20860342962844, 26.724448939146704], [-99.20962961990115, 26.693595479234258], [-99.19997669025331, 26.655792819321025], [-99.17816570989397, 26.620895708958123], [-99.16731328955498, 26.56004410920648], [-99.16741448011751, 26.55968339915984], [-99.18399937994569, 26.564339169475765], [-99.18502435008173, 26.564467618940412], [-99.1989774901425, 26.561668148823376], [-99.20202684984952, 26.562734119469113], [-99.20699381954444, 26.560535048922983], [-99.2001439500737, 26.55573024940319], [-99.23474283008373, 26.55549671043219], [-99.2377594001648, 26.555615949159147], [-99.23949997966736, 26.55596505955833], [-99.25208098007724, 26.560865058797102], [-99.25133762928576, 26.56126445953934], [-99.25132907725306, 26.561656660222244], [-99.25073754947994, 26.561734748786954], [-99.25029809034487, 26.561660909667907], [-99.24992608000866, 26.561250369383096], [-99.24848358047409, 26.560636379783897], [-99.24748990930338, 26.560458309052496], [-99.24622608960891, 26.56085031953279], [-99.24598311018427, 26.56103454918094], [-99.24511868026272, 26.56494717881127], [-99.24709244997716, 26.566506219419516], [-99.2472380296603, 26.567333618906755], [-99.24826462959818, 26.577135878793346], [-99.24851274959622, 26.577240769108556], [-99.24717602015846, 26.580514349521184], [-99.24771185031713, 26.58103414939342], [-99.24995611012145, 26.57832933903891], [-99.25164863013745, 26.575159599202554], [-99.25620068047154, 26.57547756965497], [-99.25624223021872, 26.574479549085737], [-99.25893116961875, 26.574601289096194], [-99.26123394049098, 26.57418928958622], [-99.2587796198766, 26.575540259418187], [-99.30079934967239, 26.567656859619674], [-99.3009932597706, 26.568322739442728], [-99.33886871970535, 26.559677289037058], [-99.3412737402161, 26.548377229479666], [-99.38240741963288, 26.547642089181515], [-99.40038563038382, 26.55008393915087], [-99.3968248195094, 26.596565538924477], [-99.48101606024304, 26.63768196934638], [-99.53833524976751, 26.6645956190071], [-99.55318688978153, 26.664491969105992], [-99.65916446034313, 26.67036513891202], [-99.66029577007208, 26.6735857796395], [-99.6625797998776, 26.67699708950948], [-99.66306582998574, 26.678075678883776], [-99.66337828005096, 26.67980548954951], [-99.66319662032332, 26.682911579104633], [-99.66296417007015, 26.684175449508146], [-99.66182701973196, 26.686491659377566], [-99.66011017047173, 26.687807079149742], [-99.65992601970258, 26.688351769395435], [-99.65997541993256, 26.68976987904369], [-99.65719482968494, 26.69511797912178], [-99.65620474009015, 26.69641402953961], [-99.65451452042107, 26.697873738886955], [-99.65108760024499, 26.701443458818684], [-99.6494507501598, 26.7027235695715], [-99.64724179958175, 26.703782569286535], [-99.64620458030073, 26.704502019602927], [-99.64263297016836, 26.705912089580384], [-99.63973555007544, 26.707683059649323], [-99.63906238031078, 26.708224999251673], [-99.63814973985194, 26.709495049299328], [-99.63571892007701, 26.710815919375953], [-99.63492727987837, 26.71230694932254], [-99.6325357103148, 26.71468594883889], [-99.63171699980961, 26.715830119642945], [-99.63082497024389, 26.718105228950442], [-99.62973254040473, 26.719779488836902], [-99.6265362895983, 26.721390119125562], [-99.62161747994693, 26.723199599046687], [-99.6192835395399, 26.72550970953183], [-99.61858145959432, 26.726470539452862], [-99.61808152036096, 26.72829664928963], [-99.61857019985175, 26.73349693955292], [-99.61849692049225, 26.73444267951251], [-99.61811422964733, 26.73526156889307], [-99.6186746502749, 26.736574289014687], [-99.61872093975042, 26.73768445886089], [-99.61819776969455, 26.73947530941964], [-99.61716028005648, 26.741676819404848], [-99.61709763037781, 26.743635948945816], [-99.61639574024753, 26.746946249198473], [-99.61614358004266, 26.75436350905041], [-99.61740265957135, 26.759106089327165], [-99.61842451956365, 26.761669659079573], [-99.61974699958492, 26.76364674893958], [-99.62251958015733, 26.76678359953772], [-99.62285247990675, 26.769227768914952], [-99.62251942985576, 26.770609179268416], [-99.62188845994892, 26.771367859150946], [-99.62097581956887, 26.77188019917476], [-99.62012457034287, 26.772096219437568], [-99.61547774024042, 26.775233228839298], [-99.61533285966725, 26.775539119335317], [-99.61568902988799, 26.7763519793244], [-99.61505743015628, 26.77886613910909], [-99.61349793962383, 26.779789149659976], [-99.61143694034507, 26.781936819041704], [-99.61117014985288, 26.782489968880117], [-99.61071533977172, 26.785171969360615], [-99.61082446023947, 26.785839748945044], [-99.61131514016441, 26.787126889263845], [-99.6130263395303, 26.789413749117223], [-99.61314625038855, 26.79029887964549], [-99.61285399960177, 26.79163014940522], [-99.61219041959448, 26.792351749125935], [-99.61017016978911, 26.793244979188007], [-99.60976707969203, 26.793610258788643], [-99.60866340009584, 26.795655678803442], [-99.60740792041216, 26.796660279608748], [-99.60710096989087, 26.797539659573452], [-99.6070210302964, 26.80002427936211], [-99.60663586047153, 26.80006448908798], [-99.60629554979514, 26.79976056906833], [-99.60588291993886, 26.79969642911876], [-99.60458522045946, 26.80005097962996], [-99.60444182989173, 26.800750449487442], [-99.60512477968456, 26.80296947885073], [-99.60516579979269, 26.80387957896728], [-99.60428411012806, 26.806046719143062], [-99.60381150978202, 26.807923799328286], [-99.60353122982993, 26.808089689072535], [-99.60215341992328, 26.8080923191356], [-99.60106609030302, 26.80897394893372], [-99.60052638015611, 26.809157919587378], [-99.5977565200803, 26.809146829578285], [-99.59706027967007, 26.809607229530695], [-99.59682145016036, 26.8103656589025], [-99.59700034996973, 26.811080539414284], [-99.59896129020511, 26.81330465889726], [-99.59909884981417, 26.8139485988932], [-99.59890568963424, 26.81456841945578], [-99.59836654977495, 26.814838138846355], [-99.59700637996946, 26.814755859484162], [-99.59496736959849, 26.81503874881464], [-99.59315572010391, 26.814526779691153], [-99.59172214045437, 26.813560338796535], [-99.59123997035996, 26.813493939514817], [-99.59069790992318, 26.81369268961921], [-99.59023797953658, 26.81441094954623], [-99.5892141095217, 26.81459744933347], [-99.58898242985738, 26.814938449343785], [-99.5890422004137, 26.815283849253426], [-99.58993075049762, 26.816663349187465], [-99.58882849028019, 26.816789259504066], [-99.58854637978739, 26.81722596924315], [-99.58846434050336, 26.817990848850126], [-99.58869162030174, 26.818506709012198], [-99.58921933990567, 26.818977109380207], [-99.58929100003054, 26.819615599516382], [-99.58848865042354, 26.820939548980817], [-99.58737122011061, 26.821890859365617], [-99.5867170196908, 26.82276064914143], [-99.58684762991795, 26.824821109517334], [-99.58510814010828, 26.825314479421188], [-99.58322462029014, 26.826764279053478], [-99.5822787803727, 26.827962339312396], [-99.58248053995624, 26.82881961947744], [-99.58111378034565, 26.828930349102833], [-99.58081191028941, 26.82980344938337], [-99.58108269015484, 26.830684679426582], [-99.58312391958378, 26.831643029156677], [-99.58351957034027, 26.832028738941137], [-99.5833562202602, 26.83331859961419], [-99.58189285992435, 26.833636448890378], [-99.58170272013614, 26.834171889248854], [-99.58209942980072, 26.8366719188179], [-99.58335345007913, 26.83954339940174], [-99.58435598035001, 26.84358513935626], [-99.58439134011995, 26.845870049588545], [-99.58498108965671, 26.84662371913856], [-99.58481657995597, 26.847142879605492], [-99.58423908033097, 26.847639249205486], [-99.58435603012097, 26.848095798989277], [-99.58491709016072, 26.848820279671834], [-99.58657159981216, 26.85000644935262], [-99.58775647953406, 26.851775878787063], [-99.58851545016972, 26.852458888868647], [-99.58938256974983, 26.852659999471005], [-99.5914208498312, 26.852704999507267], [-99.59298490950127, 26.85368076912323], [-99.59340656985492, 26.85453653926463], [-99.5934668495678, 26.8556310193285], [-99.59327121976146, 26.856156749066464], [-99.59126398024463, 26.858570459569258], [-99.59093102003055, 26.859688689356634], [-99.59016957971606, 26.860107518988045], [-99.58986057950983, 26.86072297908557], [-99.58991880004825, 26.86118247929639], [-99.59104663018682, 26.86254804897353], [-99.59186368032216, 26.8630859388393], [-99.59400401993673, 26.86376497895899], [-99.59640327966743, 26.864924249206783], [-99.59941877017818, 26.86606416948011], [-99.60101184976894, 26.86702614961414], [-99.60410215020268, 26.86936948929991], [-99.60754582971366, 26.87105053919073], [-99.6102743501377, 26.873012599255457], [-99.61121904970771, 26.873475849168027], [-99.61185880016988, 26.87354430879137], [-99.61292519960782, 26.873206798814294], [-99.61404403012114, 26.87153310931013], [-99.61540895014255, 26.870428378839257], [-99.61769933976346, 26.869641339467652], [-99.61989727971171, 26.869233919498413], [-99.62106409030925, 26.8684147396063], [-99.62268404967382, 26.868742828818], [-99.62392922025627, 26.86936354948944], [-99.62465134972084, 26.869440149185547], [-99.62612322026818, 26.870337419671127], [-99.62705256985674, 26.870457829643826], [-99.62754918004887, 26.87095090928056], [-99.6283167995652, 26.87240670888883], [-99.6285080202095, 26.87379928957392], [-99.62789352036725, 26.876257818994958], [-99.62745091981634, 26.877234399535464], [-99.62609547997255, 26.878512179501396], [-99.62581737010115, 26.879031599127895], [-99.6252262203126, 26.883001908934084], [-99.6255192599617, 26.883554169038838], [-99.62592850966303, 26.883810479060582], [-99.62767092044275, 26.883932369087237], [-99.6280039997486, 26.883658219069638], [-99.62812914048682, 26.883136538847015], [-99.62787285046073, 26.88164754924434], [-99.6287548899775, 26.88121627880887], [-99.62931011016792, 26.881603689242386], [-99.62994668996654, 26.88276937887395], [-99.63101367976759, 26.883853519478887], [-99.63127848001609, 26.884759679082105], [-99.63075422993502, 26.886364349403266], [-99.63075745015577, 26.88737928903415], [-99.63055518000279, 26.887651309073018], [-99.62868092047204, 26.88858670901054], [-99.62893570983323, 26.889140169342046], [-99.63003012036562, 26.890290419674262], [-99.63264931958825, 26.89136477934605], [-99.6346813398936, 26.891143738852854], [-99.63500033950156, 26.890754679393993], [-99.63496316957631, 26.88994621966526], [-99.63558775024285, 26.88941490904894], [-99.63539461969162, 26.888867539566316], [-99.63553329016241, 26.88840291882364], [-99.63693177971943, 26.887269629369133], [-99.63943868994059, 26.886042939154322], [-99.64160916963321, 26.885863829450745], [-99.64332302050592, 26.88545756926614], [-99.64433348994689, 26.885567649629262], [-99.64538054037523, 26.886001909332904], [-99.64599911978797, 26.88649685966442], [-99.64665378026397, 26.887719768958394], [-99.64685590982982, 26.888884089626906], [-99.6463906498391, 26.89222979922548], [-99.6467325195854, 26.893653259517002], [-99.64734915048021, 26.894407539600618], [-99.6489336501227, 26.895393109095107], [-99.65076520033826, 26.8961788890834], [-99.6538214202406, 26.896219689428246], [-99.65448919990871, 26.896829598924057], [-99.65762497979989, 26.898298799568593], [-99.65903525004005, 26.89934516947585], [-99.65951877979839, 26.90001110912988], [-99.66139051952757, 26.90083851966649], [-99.66260533987675, 26.90088036953943], [-99.66340654957428, 26.90024231959597], [-99.66409696989777, 26.89908121953382], [-99.66489954022046, 26.896520349570768], [-99.66626005008035, 26.89470822893662], [-99.66700934049464, 26.89437321901057], [-99.66789119969242, 26.89439384900979], [-99.66962151966868, 26.8949409990481], [-99.67110384967125, 26.894580509569465], [-99.67629044964535, 26.894537779229854], [-99.6789608196833, 26.895827369433267], [-99.68100978016025, 26.89618499942321], [-99.6846790504675, 26.895554579119878], [-99.68573763021236, 26.894949569344735], [-99.6872229095846, 26.894546998793537], [-99.68761846018708, 26.894982909167684], [-99.68754068046364, 26.895502949011416], [-99.68561495033265, 26.89790133940233], [-99.68553703004834, 26.899034309174187], [-99.68601925979175, 26.89961336912], [-99.68688851021624, 26.901684629311454], [-99.68859953962053, 26.90353941914509], [-99.68929128987973, 26.905941338812443], [-99.69029292021955, 26.906856939257118], [-99.69114189002609, 26.9082059192739], [-99.6921202002411, 26.908816378813935], [-99.6940204195383, 26.909299339523102], [-99.69531270968409, 26.908615628907864], [-99.69706763005435, 26.90671641896112], [-99.69717885982966, 26.906125488994483], [-99.69672951995815, 26.90410197922555], [-99.69665886032463, 26.901194079574104], [-99.6969585500659, 26.899296088895138], [-99.69788397014447, 26.898566859318077], [-99.69888837958874, 26.89851685955482], [-99.70032098048462, 26.9000316595173], [-99.70069765044025, 26.900644719528906], [-99.70062451961921, 26.901493769673827], [-99.70103971017173, 26.902830059209], [-99.70158413961094, 26.903404259070975], [-99.70261838017241, 26.903813819024975], [-99.7027957204421, 26.904064199352998], [-99.70275585034503, 26.904745309428275], [-99.70347647993218, 26.905473429224376], [-99.70397771985165, 26.905531169117506], [-99.70402459974244, 26.905117349034146], [-99.7044367701038, 26.904789658999384], [-99.70533568964252, 26.90501485910561], [-99.70592482013681, 26.90489187939806], [-99.70692773962135, 26.90405662914583], [-99.70814503009858, 26.90544082945361], [-99.70892300006055, 26.905785649245324], [-99.70992998008147, 26.905878999404113], [-99.71104408009185, 26.905539519442375], [-99.7119318198197, 26.904512999489857], [-99.71339043041868, 26.90337016884552], [-99.71368152045663, 26.901704449268347], [-99.71352236972265, 26.9011824195725], [-99.71167337991056, 26.89984081927176], [-99.70998024986176, 26.89927590968475], [-99.71044260033989, 26.896752399465576], [-99.71109189020335, 26.896664949026906], [-99.71287703022821, 26.89581501921201], [-99.71449925020731, 26.89653993922046], [-99.71579623044447, 26.89678725937178], [-99.71822797019563, 26.89621970879923], [-99.7198636498767, 26.896518399435994], [-99.72110229033713, 26.89650373937281], [-99.7224358598485, 26.89693024910235], [-99.72323645953651, 26.896925429678596], [-99.72478631972021, 26.897514349610706], [-99.72655477009279, 26.89846876884208], [-99.72681874979405, 26.898885259156426], [-99.72671695008512, 26.8995585790487], [-99.72603287958727, 26.90011282901273], [-99.72596869014036, 26.90056511923319], [-99.72633642974924, 26.901417089292103], [-99.72780631003324, 26.90232170910469], [-99.72790118010272, 26.903515339236264], [-99.72752029001535, 26.903661249670208], [-99.72647525981336, 26.903509919535455], [-99.72565333969074, 26.903887308888876], [-99.72511808995156, 26.90378179889902], [-99.72456539980215, 26.903374579553493], [-99.72380838012222, 26.903573779640436], [-99.72352863023298, 26.904117718973946], [-99.72350923044453, 26.905413419393938], [-99.72399667952091, 26.90612594901121], [-99.7252703498429, 26.906911629623764], [-99.72684661997876, 26.90756961944762], [-99.73146799994835, 26.908703849229234], [-99.73306888013292, 26.908748289268072], [-99.73722976993714, 26.908119229123315], [-99.73870854015765, 26.907339319516108], [-99.73933225008595, 26.907374349663094], [-99.74150135039855, 26.90925230885095], [-99.74141953965969, 26.91037154921414], [-99.74161463043109, 26.91082930945863], [-99.74299074029746, 26.911860689430572], [-99.74434632049845, 26.912156368845302], [-99.74532799983382, 26.91191599924995], [-99.74632982022064, 26.911276549461977], [-99.74684591040291, 26.910761259397596], [-99.74733018002105, 26.909657819103412], [-99.74742747952554, 26.908596319166616], [-99.74614013983344, 26.9038230289632], [-99.74643640020393, 26.902699939426235], [-99.74714756966013, 26.902113258941245], [-99.74766136967133, 26.900243818823284], [-99.74972182983164, 26.899681799643346], [-99.75123444967645, 26.900157419059248], [-99.75212302971711, 26.900048319332498], [-99.75345945040215, 26.899403908834405], [-99.75640156997127, 26.896895619673494], [-99.75921044963357, 26.895117879435617], [-99.76110172043062, 26.89445050922399], [-99.76297288973613, 26.894400219146213], [-99.7646426199503, 26.893971448930216], [-99.76497713992167, 26.893470579071675], [-99.76509142000572, 26.892186029290247], [-99.76575285967675, 26.890637548926456], [-99.76666889045283, 26.889841909089395], [-99.77013148963151, 26.928418219006385], [-99.74029048003914, 26.922176549573333], [-99.73416812034588, 26.920612858911934], [-99.6500528295266, 27.06585788946077], [-99.65891165975178, 27.088189079408792], [-99.67891875018375, 27.102448289000233], [-99.74767041949708, 27.277246999163417], [-99.74880762023187, 27.28900059880767], [-99.73240139987546, 27.287697369383352], [-99.73169666011891, 27.294448198872047]]]}}, {"type": "Feature", "properties": {"CVEGEO": "28015", "CVE_ENT": "28", "NOMGEO": "Tamaulipas", "CVE_MUN": "015", "NOMMUN": "Gustavo Díaz Ordaz", "cov_": 2008, "cov_id": 2009}, "geometry": {"type": "Polygon", "coordinates": [[[-98.62265854994595, 26.25983979904656], [-98.62201348992951, 26.259546999430952], [-98.621530940054, 26.25894273891035], [-98.62144221954439, 26.257840478906108], [-98.62001957030941, 26.25544553941717], [-98.61908037967883, 26.253384539072265], [-98.6185512597704, 26.250944479610364], [-98.6184695203998, 26.24772133928866], [-98.61791788959516, 26.247096089292505], [-98.61711211014986, 26.246594908855105], [-98.61625889028778, 26.24648867927786], [-98.61480846009515, 26.247033259693442], [-98.61442962023605, 26.247590599254117], [-98.61369762977621, 26.249045119486713], [-98.61358394013692, 26.25086536960628], [-98.61328460002507, 26.251811279275643], [-98.61233788976526, 26.25304670964102], [-98.61057540028199, 26.253522419606583], [-98.60781671019289, 26.253169649605628], [-98.60698087968899, 26.25345862904443], [-98.60541353984061, 26.254762448889807], [-98.6045490196239, 26.255212799591725], [-98.60188011039126, 26.255994819656173], [-98.60016268981936, 26.257255379638877], [-98.59894567957386, 26.25775705934257], [-98.59770573975662, 26.2580691393516], [-98.59625131046631, 26.258089309193632], [-98.59169122987481, 26.257738109637202], [-98.58705231035884, 26.25782882903748], [-98.58572970973093, 26.257670689177427], [-98.58277698016293, 26.256423979551567], [-98.58062815017682, 26.25481562888337], [-98.57976959949153, 26.253914879651354], [-98.57942206029357, 26.25320993961277], [-98.57915997040958, 26.251194378948547], [-98.57929699975318, 26.250515079395868], [-98.58037993975178, 26.248964689123042], [-98.58113638013552, 26.248287199654015], [-98.58397011967759, 26.246620579281497], [-98.58486299984175, 26.24543864897774], [-98.58508847995793, 26.244350949021335], [-98.58466282988108, 26.243260139510564], [-98.58364299973309, 26.24231053918267], [-98.58185491035044, 26.23996457922845], [-98.58009399956018, 26.23539576949432], [-98.57894069031633, 26.234147148944125], [-98.5772732000542, 26.23358384968745], [-98.57667983018082, 26.233849078925825], [-98.57567929010848, 26.23501133880698], [-98.57478292045514, 26.23714487919211], [-98.57391574999578, 26.238622999672753], [-98.57310484996216, 26.239470119062013], [-98.57086484941404, 26.24082284879613], [-98.56881997933705, 26.241787579647266], [-98.56723062867755, 26.241952779116723], [-98.56626254891773, 26.24156141930242], [-98.56556444862316, 26.241001019525733], [-98.56521676850898, 26.240393089428963], [-98.56498054885758, 26.23864667899479], [-98.56423237884964, 26.237185799127804], [-98.56406341919225, 26.236184569413993], [-98.564023709095, 26.234458169347167], [-98.5647791689352, 26.227766889586224], [-98.56384521860373, 26.225482179451337], [-98.56266456875167, 26.224410489516384], [-98.56166962894778, 26.224067579677115], [-98.56061937915153, 26.224112939282776], [-98.55991801940893, 26.224450629123545], [-98.55943134931822, 26.224983119252524], [-98.55867274039092, 26.226243059164577], [-98.5575814803742, 26.229967578966267], [-98.55689085968834, 26.230881798947003], [-98.55523529027424, 26.232339119351128], [-98.55305131984764, 26.233084878995562], [-98.5483086298399, 26.23398748894701], [-98.54676991989014, 26.234977889158177], [-98.54574064988778, 26.23652808930797], [-98.54543558030373, 26.238808979269184], [-98.54628114007483, 26.2409755192909], [-98.54700560026454, 26.241657449521814], [-98.5479464901376, 26.242048878830477], [-98.54918507988364, 26.24210136912922], [-98.55276829047422, 26.241675629448977], [-98.55411339993789, 26.242044089521478], [-98.55766091972103, 26.243924178887994], [-98.55834890928752, 26.244472878878863], [-98.55880402875826, 26.245178199006396], [-98.5588282894928, 26.245882279509043], [-98.55855619898831, 26.24663391913386], [-98.55720531033504, 26.247770659299487], [-98.55645011005547, 26.24808388884309], [-98.55548054045677, 26.248105149456553], [-98.55424301963765, 26.247785629605545], [-98.55302635030438, 26.247032878894082], [-98.5511595102952, 26.246257169255305], [-98.54500599961139, 26.24475342895052], [-98.54417891048728, 26.24416813924148], [-98.54348242970936, 26.24341242965288], [-98.54298553998004, 26.24244245963084], [-98.54298897027608, 26.241568628926046], [-98.54269594028528, 26.24076653952097], [-98.53946404993552, 26.234710719232478], [-98.5366487203859, 26.227106049462158], [-98.53538889026181, 26.22569411912098], [-98.53409797967691, 26.225301569170384], [-98.53339732026805, 26.225469119266712], [-98.52980965976654, 26.227108059380228], [-98.52827422951428, 26.228607979181568], [-98.5275452302422, 26.229932058882657], [-98.52610011983009, 26.23354621901121], [-98.52438567958045, 26.235133119684107], [-98.52354919960263, 26.235567258863227], [-98.52233693952255, 26.235684649463664], [-98.5217458199617, 26.235367109242652], [-98.52142531012434, 26.234710599625398], [-98.52126679986573, 26.233981859654545], [-98.52138090999398, 26.232428689049932], [-98.52284217019273, 26.2306614194666], [-98.52514018001581, 26.229320259463318], [-98.52592394990344, 26.22859465908226], [-98.52671085046174, 26.227116479253024], [-98.52704128955459, 26.225297019451364], [-98.52696792015847, 26.224555939065542], [-98.52538398019539, 26.22232281904932], [-98.5245533201385, 26.221349049197038], [-98.52377506004767, 26.220739598897133], [-98.52307005009082, 26.220464369541087], [-98.52294051934294, 26.21857874019549], [-98.52374825908532, 26.218398830409114], [-98.52528625035825, 26.2167656906164], [-98.52573399964949, 26.216547230394802], [-98.53078943044721, 26.216456919861116], [-98.53792562868443, 26.209208690399834], [-98.5477652597841, 26.14651206119945], [-98.54805745952527, 26.146314801339553], [-98.54978281950599, 26.134989030163645], [-98.5495372503602, 26.134913519672793], [-98.55241838000136, 26.117111799374005], [-98.55335028953458, 26.116494479324604], [-98.55318794869733, 26.115602679427735], [-98.55368214022569, 26.114895859276942], [-98.55697688967042, 26.113680719273386], [-98.55837194968086, 26.112802680391976], [-98.55989767898257, 26.112499119356755], [-98.56183206043896, 26.110933939679292], [-98.56916844849948, 26.110782570325533], [-98.56995761939484, 26.110469819927694], [-98.57042751893354, 26.109779939923282], [-98.57011244919963, 26.108039658896296], [-98.56990877988468, 26.101581310090637], [-98.56972453982922, 26.101123420390262], [-98.56894593990735, 26.100641969910303], [-98.56375091996988, 26.100645660050894], [-98.56386240016053, 26.07536199887162], [-98.56255768046273, 26.075457019526812], [-98.56204618016933, 26.038914979134343], [-98.5854664800422, 26.038939618963933], [-98.58512606030297, 26.017917599063498], [-98.73644509046748, 26.036767659600777], [-98.73621573979048, 26.038050289043696], [-98.73768356982775, 26.0381177988212], [-98.73884145048672, 26.039050679520507], [-98.73770116987582, 26.040890979277375], [-98.73747962046077, 26.042396339430898], [-98.73677823037974, 26.043572139509184], [-98.73538203023708, 26.04500502911508], [-98.73467541987345, 26.045342109020336], [-98.73291826037921, 26.04676314971083], [-98.73235784987047, 26.04883031947288], [-98.7264587399936, 26.046881689385945], [-98.7260388496297, 26.048778059457632], [-98.73493838037646, 26.05306739930689], [-98.73832980008163, 26.05434341901586], [-98.74110717034856, 26.067499399575727], [-98.75342794039629, 26.067696219334437], [-98.75340028975688, 26.074532348961224], [-98.7634636600124, 26.076645779389878], [-98.7633051101039, 26.094426479192908], [-98.75277999970037, 26.094607818845645], [-98.75163114989911, 26.103056679020877], [-98.74105938004989, 26.103059229434635], [-98.74092016961491, 26.10293385959346], [-98.74059106005352, 26.108959249359547], [-98.7254146001694, 26.108980679196392], [-98.7253926502841, 26.134004089512025], [-98.72674548050507, 26.13400704911167], [-98.73450518049097, 26.135334769198504], [-98.73455923031743, 26.139879229083956], [-98.73418722997498, 26.14495434935336], [-98.733859229685, 26.145717489153732], [-98.73402905011835, 26.146766398841145], [-98.73467434978133, 26.146961769150536], [-98.73475913987065, 26.147544479352728], [-98.73273137991447, 26.14948256944883], [-98.73264376949841, 26.150142649601197], [-98.73336652006158, 26.15057813896584], [-98.73477432027677, 26.15039557913209], [-98.73509633959546, 26.150729719274405], [-98.73506585954478, 26.151136739069376], [-98.73465457040486, 26.15149305900317], [-98.73458697012293, 26.152300289611166], [-98.73553442987229, 26.154157449692857], [-98.73725390984545, 26.153994429436523], [-98.73860321951226, 26.154633829673735], [-98.7389402303763, 26.15549973898003], [-98.73872410971602, 26.15605319932317], [-98.73881442041522, 26.15685644948854], [-98.73935317958556, 26.157225489372536], [-98.73983994046968, 26.15906984947815], [-98.74064253956364, 26.159921709032886], [-98.74179839954213, 26.160195919478227], [-98.74202365993936, 26.16064987951319], [-98.74168940034463, 26.161735539528188], [-98.74212011962885, 26.162520969085314], [-98.74162500026023, 26.16309236951949], [-98.74226751969402, 26.164090459671268], [-98.74208235018384, 26.164533198948956], [-98.7416517999851, 26.164864739698086], [-98.7414454602311, 26.1661540196562], [-98.74151997020171, 26.166573679432272], [-98.74279965991923, 26.167732539248988], [-98.74302594979152, 26.168245708847547], [-98.74216233958114, 26.170044179156555], [-98.74237640037859, 26.170432259087573], [-98.7422521203682, 26.171096659173756], [-98.74062868995732, 26.171231918844196], [-98.74016406023216, 26.17201836952799], [-98.73923694049083, 26.172625049525973], [-98.7379003496098, 26.17299239893419], [-98.73491142974578, 26.172974999180138], [-98.73442141955678, 26.173272319246237], [-98.73474734001653, 26.173895769312008], [-98.7344192304673, 26.174791489558103], [-98.73314546046187, 26.17499919965376], [-98.73220231977153, 26.175482969150206], [-98.73364745007258, 26.177217549655595], [-98.73372028008878, 26.17790882938385], [-98.73339613995417, 26.18207811892074], [-98.73191803015904, 26.184755799216877], [-98.72996268961359, 26.18572130910031], [-98.72948263017392, 26.18828599962022], [-98.72842194040253, 26.189331219322], [-98.72093244967347, 26.19181811893221], [-98.72027598041613, 26.192809969139105], [-98.71927012005999, 26.195880599334625], [-98.71895274997148, 26.198983629044257], [-98.71850328011526, 26.19975862920713], [-98.71298277023469, 26.202038249059285], [-98.7098548499794, 26.202275978926718], [-98.7091588297971, 26.20192185886427], [-98.70729109028083, 26.1994272290838], [-98.70606982963068, 26.1989988791955], [-98.70444647997869, 26.20005001936], [-98.70155268986994, 26.20066464896534], [-98.70014087954667, 26.200692738873485], [-98.69564581957425, 26.20016381894392], [-98.69461187963611, 26.20053396968497], [-98.69177994000675, 26.20381770951723], [-98.69148754037579, 26.20462356903021], [-98.69218912036514, 26.205339398827824], [-98.69301494034015, 26.205527369415133], [-98.6950076200326, 26.207207689293586], [-98.69617463007309, 26.208606749212418], [-98.69989068987798, 26.209900858904554], [-98.70100922050216, 26.210795149215787], [-98.70287108963745, 26.213011249649174], [-98.70356563007222, 26.214459659591327], [-98.7051296197985, 26.215754109161225], [-98.70635016989871, 26.216291619690864], [-98.70718442960886, 26.216308248947648], [-98.70925395003496, 26.214946889027683], [-98.71014946026702, 26.214886689296183], [-98.71518380038664, 26.21577734960666], [-98.71603818012065, 26.2160442190634], [-98.71648252028186, 26.216486029708545], [-98.7166046300067, 26.21694450944259], [-98.71492630998303, 26.222304488810803], [-98.71415611023326, 26.227454979667993], [-98.71415906017756, 26.228691289552177], [-98.70856822017873, 26.228613079293286], [-98.70429387978004, 26.230997029381413], [-98.69850120027375, 26.230978799212966], [-98.69622245979141, 26.2343206295961], [-98.69951022013018, 26.236148449612017], [-98.69908874013012, 26.237616509057556], [-98.69345429013919, 26.23653077880697], [-98.69474298038072, 26.237880059308647], [-98.69537274039654, 26.239325419132633], [-98.69543202981058, 26.240883768832518], [-98.69196905951141, 26.23948665903408], [-98.69073352032935, 26.242495939195724], [-98.6928352501121, 26.243976709693385], [-98.69351851976626, 26.245152649197333], [-98.69536780003568, 26.24680250882409], [-98.69611693957832, 26.247987109685855], [-98.69551904987547, 26.248325598815157], [-98.69625300005934, 26.25033445887251], [-98.69635157014685, 26.252150999244968], [-98.69675795050485, 26.25314844912754], [-98.6975065801147, 26.25390499934306], [-98.696915319652, 26.254337619643337], [-98.69606927963217, 26.25364922945727], [-98.69578139972397, 26.253621289050542], [-98.6942822901379, 26.254012258814992], [-98.69009877992893, 26.253861659304494], [-98.68655832009827, 26.260378309020336], [-98.68366810996358, 26.259323108972627], [-98.68445876987236, 26.255084919032484], [-98.68251943011064, 26.25392179923709], [-98.68064837961067, 26.25033399888428], [-98.68012189009079, 26.248829628948513], [-98.67958953988662, 26.248390919631525], [-98.6792366801101, 26.246329769572704], [-98.67820428975116, 26.24361801885797], [-98.67577846030983, 26.2405830888412], [-98.67352163045895, 26.23870876918192], [-98.66900476966958, 26.23622230955037], [-98.66658962984302, 26.23550124951924], [-98.6630441499491, 26.235234509422703], [-98.6564629997826, 26.2357027697022], [-98.65278599963543, 26.236500909125578], [-98.65108211045887, 26.237492799578042], [-98.64793170975301, 26.239969199129174], [-98.64425448025855, 26.24136830959526], [-98.64107488028773, 26.241991459502287], [-98.63655114952746, 26.241858629517612], [-98.63552754033039, 26.24195307962199], [-98.63457782962163, 26.242333059228866], [-98.63393054857367, 26.24276805910173], [-98.63305004926016, 26.244013399129358], [-98.63317617913292, 26.250332818808037], [-98.63210076865883, 26.252432119498028], [-98.62723897864417, 26.256025859048766], [-98.62589433954271, 26.258060079089073], [-98.6244123401954, 26.259740429366232], [-98.62265854994595, 26.25983979904656]]]}}, {"type": "Feature", "properties": {"CVEGEO": "28016", "CVE_ENT": "28", "NOMGEO": "Tamaulipas", "CVE_MUN": "016", "NOMMUN": "Hidalgo", "cov_": 2035, "cov_id": 2036}, "geometry": {"type": "Polygon", "coordinates": [[[-99.2454197999696, 24.408419969186063], [-99.24309577965865, 24.407212979618762], [-99.24138732045849, 24.407733219689906], [-99.24081646004984, 24.40748556954104], [-99.23975237973704, 24.40747874922892], [-99.23858140020458, 24.406863719516267], [-99.23806425003833, 24.4062681490389], [-99.2367191503276, 24.40581051941767], [-99.23606261992535, 24.40624651900874], [-99.23614809004219, 24.407110029601714], [-99.2352571195884, 24.407063248891554], [-99.2335660897178, 24.40772739903208], [-99.23083245958784, 24.408216689696896], [-99.23017405989273, 24.40793404972372], [-99.22990682028961, 24.407501079091656], [-99.22827505018408, 24.407214089409774], [-99.22737891950464, 24.406747459461442], [-99.22657107996964, 24.406671859317413], [-99.22463381966308, 24.405964549681954], [-99.22309729046354, 24.405707339743717], [-99.22286845046294, 24.40561188905093], [-99.22273618030965, 24.404474458876486], [-99.21976404960647, 24.404395399409726], [-99.21942365972232, 24.40299696967737], [-99.21867577989802, 24.402389289026353], [-99.21820588988372, 24.401291599006502], [-99.21745772018613, 24.400497509692993], [-99.2164675999511, 24.401107748897086], [-99.21578847980462, 24.40099681943238], [-99.21536669024239, 24.400450708898948], [-99.21553874015785, 24.39909144974001], [-99.2152937404043, 24.398743879568997], [-99.21456051046515, 24.3987076195711], [-99.21371633959805, 24.39741459931568], [-99.21178664986152, 24.397580519144345], [-99.21141897035325, 24.397245019212267], [-99.21114569012671, 24.39689976905012], [-99.21219259999691, 24.39603562893556], [-99.21166503035272, 24.394746709530047], [-99.21186318048365, 24.393936249020403], [-99.21180846030298, 24.393712599727564], [-99.20997239954679, 24.393024019652934], [-99.20975723009828, 24.39268462960097], [-99.21043337992505, 24.391815819358616], [-99.21045772000005, 24.391035259388573], [-99.2092881203102, 24.390212708887343], [-99.20972128970395, 24.389416949135835], [-99.20964029014803, 24.38885531925239], [-99.20838204954623, 24.388952379341656], [-99.2078894801642, 24.389299369745874], [-99.20633562034581, 24.388312619734172], [-99.20631860007654, 24.38735617903925], [-99.20555694023739, 24.386537198960863], [-99.20494575025498, 24.38631430909095], [-99.20448310967144, 24.38568124910068], [-99.20398057954458, 24.385570198863928], [-99.20284081954863, 24.385994139017935], [-99.20247420000325, 24.385895179557856], [-99.20225668992985, 24.385733889335157], [-99.2019969995667, 24.384665679619573], [-99.20156775026253, 24.384482979395603], [-99.20017810967165, 24.385098718961906], [-99.19868805024805, 24.38461104949329], [-99.19874373991003, 24.38340801942718], [-99.19773751978974, 24.38241525903703], [-99.19675425008683, 24.38001016939095], [-99.1960066497695, 24.379414579124475], [-99.19619427975165, 24.378019459229993], [-99.19536471022897, 24.377076229490335], [-99.19553353951866, 24.37621188968619], [-99.19473508036627, 24.374389509567038], [-99.19424596986744, 24.374116739603306], [-99.19400199966117, 24.37436550893101], [-99.19363713986974, 24.374241569730135], [-99.19360699962073, 24.373508879215116], [-99.1926015997388, 24.372938448973077], [-99.19253233967045, 24.372081119344905], [-99.19209788018875, 24.37194510933246], [-99.19207912044786, 24.371215279109315], [-99.19152195019501, 24.370793479431246], [-99.19154862026186, 24.37055733939322], [-99.19225466011633, 24.370593749366936], [-99.19233508014528, 24.36992265972504], [-99.19298628024742, 24.36974796912736], [-99.19259086026051, 24.3685803794317], [-99.19343247970649, 24.368492348873147], [-99.19360804993181, 24.36795779890308], [-99.19246545018518, 24.366356369444894], [-99.19145891025943, 24.36552641924414], [-99.1914035400008, 24.36484311951028], [-99.19231013975028, 24.362978079237255], [-99.19082664958864, 24.36030879962175], [-99.19083767997314, 24.359180459438907], [-99.1906334297841, 24.35875825940623], [-99.19010377959029, 24.35844841921757], [-99.1891400203254, 24.35843711928306], [-99.18865056976803, 24.357953249225464], [-99.18786308031602, 24.35782979939713], [-99.18749545986681, 24.357084688923223], [-99.18669468972394, 24.357073288929687], [-99.18614367992485, 24.356819629456727], [-99.18563897022712, 24.355142739024604], [-99.18536767995751, 24.355242478943012], [-99.18479900028008, 24.356224779150615], [-99.1844732500797, 24.35621271971593], [-99.18397066028837, 24.355902719243225], [-99.1837118495274, 24.35536865927066], [-99.18261218012704, 24.355022199298496], [-99.18168892021613, 24.354973519131956], [-99.18127989025629, 24.353681739566625], [-99.18022422960931, 24.353647999139536], [-99.1800711995093, 24.35314891928128], [-99.18100691999001, 24.35260104972956], [-99.18058571018415, 24.352241229136293], [-99.17940451990692, 24.352031369738544], [-99.17926167962763, 24.351064399514513], [-99.17981782984788, 24.350877319127687], [-99.18048211958292, 24.350280169403902], [-99.1805892896456, 24.34927356935396], [-99.17997829006177, 24.349137579468152], [-99.17934180028227, 24.350219399391868], [-99.17860912037295, 24.35030719940737], [-99.17871642017305, 24.34942484962491], [-99.17761645988375, 24.34897885962399], [-99.17750752015066, 24.348705579596015], [-99.17806312033545, 24.348133399565974], [-99.17819811978092, 24.347598919609712], [-99.1780077804423, 24.347338219622113], [-99.17688138019267, 24.34738928897183], [-99.17671624965371, 24.345811419584294], [-99.17591162990541, 24.345256598851595], [-99.17585706009831, 24.34500819941278], [-99.17630471994356, 24.34487102911284], [-99.17622268022974, 24.3444983791047], [-99.17551684967297, 24.344374909093787], [-99.17498791025662, 24.34462397935824], [-99.17451224968853, 24.34418973904096], [-99.17398308016388, 24.34421514918888], [-99.17429653986058, 24.34524613896747], [-99.17359105980742, 24.345346429068286], [-99.17246368021277, 24.34472628938927], [-99.17126973953205, 24.34501339935226], [-99.16977629035618, 24.344629859034846], [-99.16911208037482, 24.344006349465506], [-99.16787717971545, 24.34413187952706], [-99.16696757998217, 24.3438843790698], [-99.16650437034468, 24.3425801388818], [-99.16585223025062, 24.34199691974778], [-99.16496983037493, 24.342059979546864], [-99.16391037013533, 24.341129249670335], [-99.16346247988211, 24.341129718877756], [-99.16296067976097, 24.341478168939737], [-99.16186079964396, 24.340957489680083], [-99.16154158014416, 24.33984361961871], [-99.16155190996228, 24.33737093958588], [-99.16045177995215, 24.33667627912339], [-99.1600980497305, 24.335931199460585], [-99.15770959960169, 24.3359833089494], [-99.15713855048875, 24.335176248995495], [-99.15413145981414, 24.335283629218214], [-99.15377720047663, 24.334091049371875], [-99.1534377395611, 24.33386774907085], [-99.15148333979697, 24.33359647938414], [-99.15140122019034, 24.333136649337717], [-99.15216101991572, 24.332974419354862], [-99.15221490970093, 24.33271341914834], [-99.15146784955009, 24.332154999256797], [-99.1516805196956, 24.330594719199684], [-99.1509727703421, 24.328843549175392], [-99.14930256953389, 24.327801429067012], [-99.1486644496445, 24.327628088840253], [-99.14846017993476, 24.327031969708937], [-99.14820211972358, 24.3268954491268], [-99.14506123010483, 24.32620687974547], [-99.14592901977882, 24.325597199406573], [-99.14607751974833, 24.324988219174763], [-99.14594102963682, 24.324230348969586], [-99.14535714013728, 24.32390787972099], [-99.14531548977278, 24.323100179568417], [-99.1443224898104, 24.321078548920408], [-99.14362772048702, 24.318606479411926], [-99.14250033972758, 24.317625889147862], [-99.14225325032619, 24.316523569471908], [-99.14253643011851, 24.314958029579376], [-99.14245464972537, 24.3146226595669], [-99.14192515022128, 24.314324909606487], [-99.14242595007292, 24.31331801922861], [-99.14216775022933, 24.312895739038535], [-99.14146191951113, 24.31273484929302], [-99.14137732020077, 24.312107028935078], [-99.1410379696594, 24.311896139350033], [-99.14095508044018, 24.310504649155124], [-99.1403033096991, 24.310120049171704], [-99.14049275003735, 24.309635289257407], [-99.1401938600569, 24.309300019572802], [-99.14017971001633, 24.308802919486986], [-99.13954171016411, 24.30860473974303], [-99.1395002895174, 24.307933849674807], [-99.13922442958985, 24.307577778987586], [-99.13876307977802, 24.30746637926198], [-99.13885714999232, 24.3066213692658], [-99.1380431797941, 24.306721509000404], [-99.1375535399333, 24.305678148886265], [-99.13638664983874, 24.30554253934875], [-99.13540897987022, 24.304785449169763], [-99.13504268048068, 24.304897579598695], [-99.13489378036607, 24.305270549193132], [-99.13416066005645, 24.30482374890547], [-99.13269539987064, 24.30481264946474], [-99.13188156952027, 24.30501213892986], [-99.13178592044153, 24.30439091907098], [-99.1299024901619, 24.3043503192426], [-99.12925103008098, 24.304052739041165], [-99.12874915015884, 24.30423965968962], [-99.12859944982523, 24.303755169270147], [-99.12751347989777, 24.303209319258645], [-99.12692925969579, 24.30241454928564], [-99.12711887992309, 24.30200425945715], [-99.1283263100575, 24.302003258877694], [-99.1289090601518, 24.301369089483995], [-99.12885437970013, 24.300909398877526], [-99.12721242035515, 24.300711889483342], [-99.12658788999119, 24.300252769331177], [-99.12636701985524, 24.29963387961121], [-99.12590571995224, 24.299584489283326], [-99.12558048040495, 24.29999482956729], [-99.12521428017175, 24.299995119570465], [-99.12504997034016, 24.29859122930928], [-99.12477832018705, 24.29823107917824], [-99.12395038047819, 24.297747289265324], [-99.12211841963095, 24.297512539255166], [-99.12168406040261, 24.297152579014394], [-99.12141209004524, 24.296519049215387], [-99.12040826006681, 24.29666894894095], [-99.11994648014274, 24.296159829231765], [-99.1193227998748, 24.296570369387368], [-99.11826485019088, 24.29680727927544], [-99.11712866002615, 24.296652889384845], [-99.11682980007198, 24.2961436189719], [-99.11573069037732, 24.296355549087252], [-99.11499826037922, 24.296157399664082], [-99.11445510961207, 24.295710539003622], [-99.11346488994107, 24.295823059729805], [-99.1135184002437, 24.29494068889256], [-99.11385719970006, 24.2945180193389], [-99.11335502954594, 24.29430721895018], [-99.11317825048803, 24.29387244905674], [-99.11292045990761, 24.293885109163206], [-99.11278514964953, 24.294195819290437], [-99.1123916202567, 24.294134049041492], [-99.11229564981062, 24.292953648947062], [-99.11130527976876, 24.29302887971238], [-99.11102011009581, 24.292718379143107], [-99.1105590203572, 24.292793309101633], [-99.1101511503451, 24.291948628879524], [-99.10915148048807, 24.291629878982814], [-99.1090011403297, 24.290685549121967], [-99.10803787982371, 24.290487429185518], [-99.10772511029278, 24.28969245948861], [-99.10676077008239, 24.288264178917267], [-99.10648930954258, 24.288164768966816], [-99.10655672044307, 24.2876804795059], [-99.10602710975685, 24.287059369332447], [-99.10481688032908, 24.284577479195494], [-99.10421985017652, 24.284242429655496], [-99.10449015040838, 24.28311153917932], [-99.1043677400542, 24.282701649653234], [-99.10416397968972, 24.282552619168925], [-99.10284860002794, 24.282528679189742], [-99.10241417951372, 24.282566219672223], [-99.10204842015244, 24.28303865957827], [-99.10151897998644, 24.282666249602386], [-99.10052898023218, 24.28289053910872], [-99.10029807957461, 24.282580079501358], [-99.100493280491, 24.281729049346907], [-99.09976073953936, 24.281679749591216], [-99.09923117030297, 24.281009199164043], [-99.09872950984695, 24.28134496888511], [-99.09754903024721, 24.281022649421466], [-99.09593515004366, 24.281458648914533], [-99.0959066896212, 24.279756198893192], [-99.09642190969615, 24.279482568938302], [-99.09652959963752, 24.278351688834395], [-99.09637982980333, 24.277705739269212], [-99.0961084896611, 24.277519619689073], [-99.09629437956363, 24.27691204968566], [-99.09599539989588, 24.27621648963058], [-99.09539834974412, 24.276005619289183], [-99.09485528983909, 24.27543430931883], [-99.09385164959613, 24.275497149049837], [-99.09344448984501, 24.275310978937277], [-99.0936705198987, 24.27489644930817], [-99.09209378031056, 24.27284657949258], [-99.0900654503694, 24.272053688946915], [-99.08973654007187, 24.27167290953705], [-99.08890210980938, 24.27129168890868], [-99.08884725964982, 24.270508829413284], [-99.08747706003004, 24.270062349034074], [-99.08701451039468, 24.269536739509117], [-99.08501952013317, 24.26880453928675], [-99.08428934968207, 24.269133458861358], [-99.08367825951025, 24.26899593927585], [-99.08284581978104, 24.269102579606677], [-99.08195556985663, 24.268512229611606], [-99.08165184960498, 24.2674834192319], [-99.08711608961374, 24.255488909332367], [-99.04432511959808, 24.213847599638296], [-99.07136717032384, 24.21437896907918], [-99.1273854200255, 24.21589676904673], [-99.12943238028645, 24.208413818996927], [-99.13453564992223, 24.184230619085536], [-99.12047636964763, 24.179080108838296], [-99.12677640027664, 24.139200649368988], [-99.13983836958604, 24.141308579240576], [-99.14294939992473, 24.118835579611854], [-99.14488881996814, 24.118590289029715], [-99.14567906002047, 24.11335944898045], [-99.13697402009822, 24.110981879008175], [-99.14060839955292, 24.08611057967555], [-99.14153443040439, 24.08608314041296], [-99.14682653857702, 24.08738731965749], [-99.14703654954346, 24.0869739802773], [-99.14940905910677, 24.087943259950983], [-99.14938282923632, 24.088557659868798], [-99.15084703004798, 24.089576879879818], [-99.15251334020715, 24.0903586006362], [-99.15688037949063, 24.090024018934884], [-99.15913675035313, 24.0901266498153], [-99.159196420328, 24.08973124999021], [-99.16418339894923, 24.089841109751358], [-99.16555351032362, 24.089366349870875], [-99.16619653867298, 24.089796780540297], [-99.16767785013468, 24.092642230268112], [-99.169163849098, 24.0938412603496], [-99.17219305961645, 24.093710819094202], [-99.1727196888713, 24.09338804990309], [-99.17381987948833, 24.093315110317718], [-99.17450347987851, 24.093558369896954], [-99.1744778292655, 24.093942540169042], [-99.17510874975137, 24.094328049458298], [-99.17596434003853, 24.095389450657855], [-99.17643288871582, 24.095263449581317], [-99.17725461999105, 24.09581159906272], [-99.17720121909113, 24.096182770188953], [-99.17813883026375, 24.09628971947635], [-99.1785965500762, 24.096079719201175], [-99.17895993954212, 24.09631044981626], [-99.17879542995381, 24.096749830072284], [-99.1794674794997, 24.096927979271662], [-99.18244611856647, 24.08523533922019], [-99.18299538018643, 24.07858760027153], [-99.19539077922485, 24.077681620381142], [-99.19749598038878, 24.049795570207888], [-99.17940316893072, 24.047324169935013], [-99.1815657804555, 24.01526733945753], [-99.18192485996758, 24.012301599154497], [-99.18269882963364, 24.012664250106653], [-99.18372853931605, 24.012653230400904], [-99.1847212886561, 24.012459110546367], [-99.18626577963965, 24.011673379195873], [-99.18787274878586, 24.01149243008359], [-99.19140377912633, 24.0116153202218], [-99.19298588011192, 24.011915318877236], [-99.1979585691509, 24.01224051030595], [-99.19887388899616, 24.011806200364955], [-99.20245517017376, 24.011160768893536], [-99.20272461930149, 24.01124758028576], [-99.20328145973714, 24.01219748900674], [-99.20381417888811, 24.012647199417227], [-99.20567817913937, 24.013451688890342], [-99.2095765689502, 24.012857049656766], [-99.21117419884392, 24.01351468005875], [-99.21299545024281, 24.015270019565744], [-99.21339247902293, 24.01627090895335], [-99.21296655016273, 24.018371659290235], [-99.21359729034239, 24.020568749537404], [-99.21408293983417, 24.020843539995635], [-99.2149334504158, 24.02065352041759], [-99.21638596922577, 24.020841969760173], [-99.21754113991149, 24.02124909062466], [-99.22248788858276, 24.020678720622957], [-99.22411037905007, 24.020676690142636], [-99.2258344591132, 24.02098074941355], [-99.22773368023336, 24.021996139592677], [-99.2284477503346, 24.022154688968396], [-99.23094965914038, 24.022183910360408], [-99.23323388864715, 24.021659750528762], [-99.23422474861862, 24.021082221032856], [-99.23576893986056, 24.020636019738813], [-99.23921297896301, 24.018833860685984], [-99.2402587091781, 24.018087061253347], [-99.24153649000095, 24.01780196982444], [-99.24432847969979, 24.01788531071745], [-99.24576702942962, 24.0181747396766], [-99.25038619949693, 24.020226030225654], [-99.25207931884495, 24.020683748878938], [-99.25325700755526, 24.02123070846145], [-99.25499646044796, 24.020993120068667], [-99.2580127086739, 24.01932177018735], [-99.2596178298034, 24.019134859939015], [-99.26016371851091, 24.019307689878552], [-99.26082490777881, 24.020029060180203], [-99.26289833978596, 24.020914249634288], [-99.26485778002245, 24.020958520318292], [-99.26629684860815, 24.020677110270583], [-99.27200036948172, 24.02048389017912], [-99.27249959894357, 24.020202489880354], [-99.2740800186542, 24.019878619970584], [-99.27605181908513, 24.018265938944523], [-99.27770534874686, 24.01739628970676], [-99.2787798289889, 24.01716345985419], [-99.27985442963762, 24.01666622940508], [-99.2807412301454, 24.0159001394407], [-99.28087794045054, 24.01493155058357], [-99.2805152904781, 24.014142249788005], [-99.27954268982035, 24.013736310205644], [-99.27970568879933, 24.012079629926184], [-99.28014745980259, 24.01095757910987], [-99.28156116982377, 24.009935690166277], [-99.28197634966895, 24.009348830233794], [-99.2826141689063, 24.0090163690923], [-99.28319684865474, 24.008862400458366], [-99.2837246586326, 24.009014319026704], [-99.28472581854267, 24.009776940138472], [-99.28592068994858, 24.01025888978242], [-99.28648121990712, 24.01016055042267], [-99.28877332002156, 24.008657598998905], [-99.28977532022719, 24.008295149286973], [-99.29130738009111, 24.008504910408323], [-99.2958881991108, 24.00838580017483], [-99.2965667798708, 24.008133169689685], [-99.29848474865254, 24.00635051055239], [-99.29939650873459, 24.0058341700596], [-99.30075129024374, 24.00550982009986], [-99.3038466800572, 24.005371549994706], [-99.30611250941027, 24.00496204923065], [-99.3067936896963, 24.00504991965491], [-99.3074427399787, 24.005271910099836], [-99.31268014971303, 24.00861259950983], [-99.31335258047471, 24.00880947941296], [-99.31421625019215, 24.008697570466108], [-99.31615773868606, 24.007724379817237], [-99.31884444997982, 24.007278260648626], [-99.32021284886446, 24.007473659002294], [-99.32136795029504, 24.007295060327476], [-99.32302591911305, 24.00812863020116], [-99.32461034861103, 24.008345549719536], [-99.32556993954933, 24.00821135046358], [-99.3285309189195, 24.007125220582914], [-99.32970738036884, 24.007342969963414], [-99.33220197883698, 24.006874999571206], [-99.33362717959187, 24.006805570074864], [-99.33506539923653, 24.006163629853248], [-99.33633701942541, 24.00605072009892], [-99.34017908904167, 24.006967380204557], [-99.34276933948578, 24.006388909728102], [-99.3436795687327, 24.005748080445525], [-99.34432433972704, 24.004557140649773], [-99.34454768046271, 24.00365782911505], [-99.34366028985298, 24.002912449029417], [-99.34358576860001, 24.000551800023874], [-99.34382273893897, 23.99948745975122], [-99.34484334039824, 23.998668200645703], [-99.34613430855214, 23.9984089705366], [-99.3479116289939, 23.998912999664334], [-99.35010159991133, 23.999196139023955], [-99.35293531022621, 23.998782480156137], [-99.35546194886317, 23.9981506196811], [-99.36068385000233, 23.998813029971483], [-99.36039334851611, 23.996782659887536], [-99.3606175785213, 23.996031110632945], [-99.36171764879657, 23.994985569248794], [-99.36254794948745, 23.995042419475514], [-99.36293867972644, 23.995368630644794], [-99.36449357956788, 23.994839719280762], [-99.36539807915699, 23.993803109064604], [-99.36668818009935, 23.991187120373482], [-99.36675659859559, 23.989937890109776], [-99.36630801874519, 23.98826964963715], [-99.3665431696162, 23.987539550154], [-99.3670763997044, 23.98719676951458], [-99.36769577023946, 23.987143079424474], [-99.36831020013922, 23.987353140512774], [-99.36904928877031, 23.98798415016981], [-99.3694844201255, 23.98791617958153], [-99.373374999219, 23.986106290348715], [-99.3740521692437, 23.985610120216617], [-99.3748713803487, 23.9854159205744], [-99.3761217104326, 23.98612062023367], [-99.37686884960638, 23.984198720316115], [-99.37718617960648, 23.983902139136873], [-99.37837136874288, 23.984012119953913], [-99.38216656897696, 23.98210405996879], [-99.38310608978799, 23.98202033981385], [-99.3852712197441, 23.97904848007014], [-99.3864709800902, 23.978066110028987], [-99.38912761966641, 23.9778297089445], [-99.38984930896068, 23.977203220593324], [-99.38994078033285, 23.97683157005529], [-99.38968621939152, 23.976611380495836], [-99.38904491887293, 23.97638314024772], [-99.3876911102807, 23.975378310294527], [-99.38772145010127, 23.97467769059866], [-99.38868505872378, 23.9738941502401], [-99.38955464891716, 23.9723751704362], [-99.39080135012836, 23.97157147984747], [-99.3917320004227, 23.971927690285156], [-99.39218285899766, 23.972406949020982], [-99.3923493803375, 23.972995340648747], [-99.3927177499441, 23.972950860227094], [-99.3948303396765, 23.970925659631312], [-99.39552191917655, 23.970629259624268], [-99.39604794924291, 23.970650659786255], [-99.39656847922735, 23.971055679142022], [-99.39671777895062, 23.971566510134856], [-99.3963951995647, 23.973084199541137], [-99.3968389085471, 23.9729549805673], [-99.39745922863402, 23.972309379318684], [-99.39821451956269, 23.97214267981591], [-99.3998691793551, 23.972481949201345], [-99.4007173398061, 23.972060029938334], [-99.40242548930908, 23.968033980368777], [-99.40278437042164, 23.966392168877366], [-99.4034692501197, 23.96569470955418], [-99.40440758023236, 23.96559215046734], [-99.4068669098647, 23.96649890957586], [-99.40754534002932, 23.966415279624183], [-99.4079232901134, 23.96601973989603], [-99.40816302970171, 23.965333289011443], [-99.40960385873618, 23.96418516984774], [-99.41016710997351, 23.9642649502823], [-99.41125188861128, 23.965181620263674], [-99.41182351043629, 23.96597762980857], [-99.4122724796514, 23.965909679836532], [-99.41298966044042, 23.964971829135973], [-99.41360073851205, 23.96494354042935], [-99.4153123397249, 23.966321660494557], [-99.41725391960807, 23.96612534895025], [-99.41973928927294, 23.967004179193445], [-99.4207466794128, 23.96682313911237], [-99.42114539882645, 23.966358320400587], [-99.42101309023037, 23.96608032066241], [-99.41902141941493, 23.965738480234425], [-99.41862010863758, 23.965376750423903], [-99.41812162903445, 23.964294169943688], [-99.41837215011927, 23.963317549037765], [-99.41888990875623, 23.963002000326806], [-99.42049437986732, 23.96285915004688], [-99.420371199521, 23.962214510126582], [-99.41993863030152, 23.961605750382816], [-99.41848754861604, 23.960337079842045], [-99.41794155005456, 23.959537230490888], [-99.41798878029458, 23.958974660009638], [-99.41854499947075, 23.958524518865044], [-99.41957874881288, 23.958948289461357], [-99.42025666024175, 23.95841246006441], [-99.42113080039867, 23.95829066026538], [-99.42189607901757, 23.958424400602617], [-99.4224918597581, 23.958177079772675], [-99.42305851004764, 23.957314579645963], [-99.42382485905577, 23.9568166900893], [-99.42433234873941, 23.955901229763466], [-99.42444193871574, 23.954849579119163], [-99.42561177033043, 23.952388419731285], [-99.426599578939, 23.951525280061503], [-99.42650701928353, 23.950722569762444], [-99.42494356901535, 23.949841480474305], [-99.4241188585724, 23.94886412000647], [-99.42465262037214, 23.9478155496852], [-99.4288578295845, 23.930647320335748], [-99.43026408992843, 23.924072169504317], [-99.42812821899825, 23.919556448933196], [-99.43710937992414, 23.926562199845996], [-99.44576408914104, 23.94433726037994], [-99.44853481869289, 23.9456986201219], [-99.45023711044608, 23.94548284998146], [-99.44962125030733, 23.94421781977938], [-99.45209433888687, 23.945362379489936], [-99.4518964189098, 23.94631767966081], [-99.46349017929582, 23.951459489626405], [-99.48693986022813, 23.96050061924707], [-99.51446057970917, 23.985860049725616], [-99.52002485963465, 23.99057813892183], [-99.54091206021026, 23.997271629168495], [-99.54092297957523, 24.02391899924534], [-99.54189271006247, 24.033649169473026], [-99.57090171028025, 24.03936690894465], [-99.65708063007985, 24.117996579679165], [-99.649302150361, 24.20696802927165], [-99.64781782997696, 24.218095049205218], [-99.64311240019417, 24.225356109227786], [-99.62021381954365, 24.278396489127847], [-99.60507321999222, 24.30868150920979], [-99.5942897403187, 24.33091321968267], [-99.5893408198315, 24.350820599366887], [-99.58993111000777, 24.396142369679268], [-99.57758505043839, 24.397558829372414], [-99.57742321976426, 24.392548978867925], [-99.57334429002259, 24.39272861948385], [-99.53262314049871, 24.387259219196586], [-99.53283451968908, 24.38594102913389], [-99.52790483030034, 24.38533448897158], [-99.52125108964835, 24.38494622940599], [-99.52017701971742, 24.38717124937636], [-99.519157460391, 24.388037429134393], [-99.51865674992371, 24.38824117912208], [-99.5168259200777, 24.386943969362765], [-99.51452393951757, 24.38818179895849], [-99.5124152799376, 24.38761973959773], [-99.51167095010234, 24.3871082492174], [-99.50763956986773, 24.387323709375163], [-99.50632434047388, 24.38696491968269], [-99.5057703804216, 24.386485689268703], [-99.50405202975561, 24.38406199902819], [-99.50229458029591, 24.38340914938924], [-99.49885584953326, 24.383445059708297], [-99.4973049400164, 24.38327554889482], [-99.49472390982453, 24.38450081970461], [-99.49289285982107, 24.384618118986452], [-99.4906963703254, 24.383310749000227], [-99.4889817502464, 24.383541249440757], [-99.48643996963341, 24.383001629530412], [-99.48604750997734, 24.381949919096915], [-99.48706089012448, 24.378876659476692], [-99.48696905989723, 24.377511998995388], [-99.48502138030615, 24.37719804890994], [-99.4818932604149, 24.378109259441487], [-99.48071092048352, 24.37791005890931], [-99.48045432048924, 24.377541739352964], [-99.48061917984249, 24.37686384945159], [-99.4820512902828, 24.377554308978283], [-99.48189398001365, 24.3766412497382], [-99.4804942004656, 24.375166179687064], [-99.48028127990396, 24.374687539227132], [-99.47324094983892, 24.374512619029765], [-99.47167808002287, 24.375326449564255], [-99.46970983000311, 24.375478218845153], [-99.46950485992875, 24.375037549400634], [-99.46897552047558, 24.374892149586366], [-99.46544922014, 24.37597313971366], [-99.46369637952475, 24.37671530919834], [-99.4623824597054, 24.37644202962419], [-99.45892289035164, 24.376462428986965], [-99.4583837502104, 24.376659689454613], [-99.45772771038928, 24.377275549703334], [-99.45762420014233, 24.37780176965132], [-99.45655224990195, 24.378015429432605], [-99.4558986496177, 24.37887982902558], [-99.455987630049, 24.380145719148548], [-99.45393747959085, 24.38058302921712], [-99.4534048899507, 24.380501429102758], [-99.45251354974428, 24.38126464941024], [-99.45101614022481, 24.379430419676982], [-99.45029437031688, 24.379467599560837], [-99.44972844952099, 24.37901939953851], [-99.44932511978271, 24.37898653894439], [-99.4486316902108, 24.379586749704597], [-99.44773982000585, 24.37984353920779], [-99.44743167952674, 24.379820509283892], [-99.44718721972373, 24.379258999601387], [-99.44582702022396, 24.379409349229945], [-99.44329236978353, 24.37921770950589], [-99.44243574044252, 24.3794072495245], [-99.44239988989364, 24.379840149481], [-99.44186577959778, 24.379969578982074], [-99.44067885023999, 24.379262769254314], [-99.43998428003114, 24.379208689336853], [-99.43949504963385, 24.379695819467663], [-99.43828910992254, 24.37917628919928], [-99.43794210961806, 24.379233278893743], [-99.43780283026824, 24.38029897944716], [-99.4364733096074, 24.379704799228247], [-99.43587197971748, 24.380211049690494], [-99.43525813968328, 24.37989514895615], [-99.43352240025794, 24.379937398956123], [-99.43152338015203, 24.380615949325218], [-99.43074602986076, 24.38026302920173], [-99.43053875027528, 24.37936648920699], [-99.42710945973877, 24.379880749087935], [-99.42612562038143, 24.37881821947307], [-99.42608179956775, 24.37795859896892], [-99.42303782992236, 24.374780878956617], [-99.42183133972236, 24.37431699935994], [-99.42117618046726, 24.37383281910271], [-99.42060567972804, 24.374189519189795], [-99.41939757951047, 24.373239739305003], [-99.4189693403721, 24.37340908892922], [-99.41876347986877, 24.37294234968873], [-99.41776312024659, 24.373019879210695], [-99.41731567971672, 24.373563109373926], [-99.41598771023229, 24.373839399449377], [-99.40823185044219, 24.405500219223892], [-99.36561790974824, 24.399674878969986], [-99.36481495044835, 24.404641349246347], [-99.33513980019777, 24.400373799682228], [-99.3121117800912, 24.40259224896393], [-99.31224405005585, 24.401734909201174], [-99.31128909019829, 24.403008819423114], [-99.2964330904144, 24.404074479133445], [-99.28024309005244, 24.405587289301813], [-99.24538001993794, 24.40941741974379], [-99.2454197999696, 24.408419969186063]]]}}, {"type": "Feature", "properties": {"CVEGEO": "28017", "CVE_ENT": "28", "NOMGEO": "Tamaulipas", "CVE_MUN": "017", "NOMMUN": "Jaumave", "cov_": 2032, "cov_id": 2033}, "geometry": {"type": "Polygon", "coordinates": [[[-99.48527706017025, 23.87575173952672], [-99.47837507961339, 23.873099939213393], [-99.46741421974552, 23.86951308899043], [-99.4683128290162, 23.868272338948135], [-99.46752623045364, 23.867785520182196], [-99.46767931969337, 23.864188649440923], [-99.46741369038999, 23.86049784959372], [-99.46397082901646, 23.853305910465437], [-99.45654424973598, 23.846115219126247], [-99.45454427965123, 23.841263569929275], [-99.44986086017511, 23.81826259927067], [-99.45003031044081, 23.816403739084862], [-99.43568493883028, 23.818330290304576], [-99.4148303791124, 23.820063060090913], [-99.4140267703544, 23.81956359926025], [-99.41335018010078, 23.81764133921124], [-99.40647931905063, 23.81484728056006], [-99.37636299887728, 23.815277969358895], [-99.37915599933045, 23.83118759994293], [-99.36745389033484, 23.832426309185347], [-99.36680214985554, 23.825281650498297], [-99.35268530987355, 23.8261495397218], [-99.35195836952055, 23.824310369607495], [-99.35028482970183, 23.82140328920037], [-99.32700022032431, 23.821912719544436], [-99.30574614968701, 23.821956109228054], [-99.28379210983078, 23.78791627894521], [-99.28673925972755, 23.783215719712096], [-99.2925454004659, 23.782308419188272], [-99.29846555035247, 23.777541509419713], [-99.30371468996047, 23.77417571925086], [-99.32425316954925, 23.76945984965042], [-99.32599254962055, 23.7661051197365], [-99.32227699987489, 23.758791979702607], [-99.32271337968984, 23.758315458961885], [-99.31573890952694, 23.747519619670218], [-99.30639711008244, 23.72657190917015], [-99.30455692038764, 23.710209369210727], [-99.30511784992673, 23.708442798992838], [-99.30679686009624, 23.682872179634497], [-99.28015156956836, 23.678754018946847], [-99.27094457034127, 23.672775349008063], [-99.28719110985004, 23.656862429620414], [-99.28735003047757, 23.63466502886635], [-99.25854328962929, 23.64542030906689], [-99.25439502007818, 23.631306909428556], [-99.26117614008727, 23.613511218889762], [-99.28116220045438, 23.616609308909887], [-99.28731587962739, 23.617083779416674], [-99.2868317996714, 23.60818587885902], [-99.28064334995135, 23.568854049535847], [-99.2839098801087, 23.567877309216062], [-99.27877167956271, 23.535073079737572], [-99.27458857044323, 23.527085369768283], [-99.25881091975482, 23.484666489091914], [-99.25372030972586, 23.477909449305717], [-99.2553876795898, 23.466053259084113], [-99.2543427095915, 23.45651614974441], [-99.24924257986117, 23.42726748955694], [-99.2491483699838, 23.43133059908051], [-99.24819661986551, 23.43177137914707], [-99.24715075006789, 23.4328712595664], [-99.2438657199046, 23.43463448925426], [-99.24063478023204, 23.43524847947379], [-99.23937663022899, 23.435236579285604], [-99.23865575017572, 23.43497091960751], [-99.23808662991496, 23.434557449373944], [-99.23678474951768, 23.4325445191843], [-99.23582674996722, 23.43209024890243], [-99.2344954302179, 23.431926479258514], [-99.22947588022454, 23.43296699934692], [-99.22839482981502, 23.432498939708886], [-99.22512275014498, 23.43356259960574], [-99.21954718030872, 23.434831749441575], [-99.21717828964636, 23.434524149535637], [-99.21442446027369, 23.433395369508784], [-99.2111031102679, 23.431285059227285], [-99.20913751023618, 23.429783419643247], [-99.20828743014337, 23.428793718863083], [-99.2069908301274, 23.428034029723577], [-99.20599953977658, 23.427801628873674], [-99.20530010977615, 23.427857709107723], [-99.20371408997977, 23.42875670909065], [-99.20152667953626, 23.431781348863364], [-99.20082328951602, 23.43214130924865], [-99.19986496966847, 23.432225369350196], [-99.1986533403643, 23.43195310924459], [-99.19516613983397, 23.429109819350586], [-99.19215357967417, 23.427438539355023], [-99.18670578047075, 23.425911109290055], [-99.18567248011222, 23.425967519230653], [-99.1848942498541, 23.426299949638395], [-99.18479048046396, 23.42699117936396], [-99.18516359968042, 23.42955088921522], [-99.18492545022708, 23.43032421915169], [-99.1845669796226, 23.43061468886618], [-99.18378938008965, 23.430712339152493], [-99.18298142001663, 23.430457689610027], [-99.18044790995377, 23.429303079110646], [-99.17871001983798, 23.427849509245206], [-99.1783129700714, 23.426404379157177], [-99.18028619978513, 23.423372179524925], [-99.18111254044226, 23.420675859071274], [-99.18097682009825, 23.41991488948787], [-99.18034767966435, 23.419099219399953], [-99.17902532030486, 23.41769093932796], [-99.17050531003399, 23.410482999521577], [-99.16755108951257, 23.409388019241838], [-99.16383225030164, 23.406185108999892], [-99.15631679983201, 23.397552429311386], [-99.19226128921079, 23.39943218065257], [-99.19303448898484, 23.36977792002526], [-99.19388037025357, 23.369840109793433], [-99.19365794030348, 23.374957629949176], [-99.19572057014037, 23.37241678061942], [-99.18702173977914, 23.312436109513186], [-99.17548248036616, 23.311363120078667], [-99.17778339885434, 23.302748259910132], [-99.14461771025452, 23.26613951032305], [-99.15744374950587, 23.26246485000277], [-99.1833872295277, 23.26904722065803], [-99.18410893890636, 23.248571050503234], [-99.18453667916238, 23.242201849759613], [-99.18562491019628, 23.237965779858644], [-99.18351302035188, 23.231154919387954], [-99.18420042980559, 23.227260780383393], [-99.18157597899196, 23.21961717001471], [-99.19802764900005, 23.21588928038644], [-99.19730714892121, 23.206588170142215], [-99.21681565998315, 23.202337340651482], [-99.20957341852177, 23.166403600296164], [-99.26715997855356, 23.143353860448467], [-99.26882343024582, 23.131538968888936], [-99.3083405104528, 23.147934449193517], [-99.33362342990524, 23.144568599282703], [-99.34640958035108, 23.14408151937095], [-99.35853345011353, 23.060410549630184], [-99.41088234975791, 23.060745688935512], [-99.41591897020216, 23.080098119247292], [-99.42178877959176, 23.09178213952936], [-99.4272889700585, 23.09189688926634], [-99.43615892006251, 23.091071579465254], [-99.4425973196787, 23.089721719638643], [-99.44168357965174, 23.09967559959449], [-99.44795097007065, 23.099726478891053], [-99.44809697028687, 23.097813579048548], [-99.46006736971302, 23.098494479195075], [-99.4618636603252, 23.072653059612016], [-99.47269102989057, 23.07824548891897], [-99.47314645983384, 23.081936919220663], [-99.47300427997519, 23.08438550942551], [-99.47363306045524, 23.098650179474514], [-99.47769537987978, 23.09837585913275], [-99.47795832001188, 23.104439889184487], [-99.49239839988799, 23.118261679653134], [-99.49528204975284, 23.14681105957828], [-99.49553037035797, 23.15859176961777], [-99.49814141997555, 23.19166985918101], [-99.4994212298512, 23.219304319135844], [-99.5011306196905, 23.22705402965504], [-99.50061816957154, 23.24877110916153], [-99.53479285029006, 23.24868261894291], [-99.5348226303014, 23.254478778906133], [-99.5350943797909, 23.25709554932959], [-99.53462694980627, 23.26563196971522], [-99.53475729021743, 23.269747919153716], [-99.53586171973372, 23.273152478986823], [-99.49666934036513, 23.260670539395115], [-99.49182028022737, 23.267554279705617], [-99.49123071034792, 23.271319749035268], [-99.5165381503413, 23.349916419171652], [-99.51560781970147, 23.353881659387834], [-99.51379488013526, 23.359032309542307], [-99.50021722005876, 23.356747379592505], [-99.50188582002374, 23.363486309170703], [-99.50410921996567, 23.379747599145922], [-99.50030217024367, 23.382904939328668], [-99.49965885992803, 23.382821349619444], [-99.4965076598357, 23.381008599643888], [-99.49666457036592, 23.382004459553738], [-99.49807862997172, 23.383062739581504], [-99.49880265030018, 23.385181519621728], [-99.49769706044454, 23.388022749365913], [-99.49756786009543, 23.38974124889474], [-99.50153062965397, 23.390100689156114], [-99.50145038013343, 23.415918939715386], [-99.47494551018755, 23.421113689720908], [-99.52747670964531, 23.428159059242038], [-99.539188539959, 23.449116708921043], [-99.5426156795144, 23.455889459712523], [-99.55308725019604, 23.455921369704335], [-99.55232825012374, 23.449046058996558], [-99.5515662196107, 23.423820139544265], [-99.58138071038725, 23.423894738968336], [-99.64216425026832, 23.59806133927641], [-99.67170864985025, 23.65242317973938], [-99.6802636603216, 23.675021109656242], [-99.67456001978447, 23.679241049661485], [-99.66549824992177, 23.677756909168906], [-99.66393849006192, 23.674441379650222], [-99.65764477991416, 23.677643798948875], [-99.6453253498709, 23.699727308905988], [-99.66611050992607, 23.749616688908095], [-99.65994343004596, 23.77070791922777], [-99.63605889047518, 23.76464931901606], [-99.61948632041747, 23.75966239965595], [-99.6021674797763, 23.762870879292926], [-99.57668084958102, 23.77546205934447], [-99.4937910798884, 23.87869297938079], [-99.48527706017025, 23.87575173952672]]]}}, {"type": "Feature", "properties": {"CVEGEO": "28018", "CVE_ENT": "28", "NOMGEO": "Tamaulipas", "CVE_MUN": "018", "NOMMUN": "Jiménez", "cov_": 2036, "cov_id": 2037}, "geometry": {"type": "Polygon", "coordinates": [[[-98.51393277980415, 24.47173174911422], [-98.41320388974087, 24.456780629466078], [-98.41637649025371, 24.440004199446616], [-98.36656131976882, 24.432041999276517], [-98.37387435021957, 24.418614428964347], [-98.36694502954592, 24.417430849411865], [-98.36464600021557, 24.43170631931082], [-98.35141188974441, 24.429527149317508], [-98.348455800366, 24.448569779339657], [-98.33328564982439, 24.44608736930023], [-98.33612602035694, 24.427035109084642], [-98.27799237982885, 24.417611549581824], [-98.28353382951873, 24.3843283796019], [-98.28790009004477, 24.35601702927554], [-98.29002458043185, 24.3438220588547], [-98.29523869029707, 24.344636229020992], [-98.28465556980656, 24.333054859509996], [-98.30346711015375, 24.276754459136065], [-98.31822762041453, 24.231299059346586], [-98.34966516982801, 24.161651289465635], [-98.35049142978525, 24.164170879291046], [-98.35113699995658, 24.16491061936653], [-98.35215587987437, 24.16519844943194], [-98.36434010982545, 24.1649094892639], [-98.3663487998131, 24.165144539098325], [-98.37657723025745, 24.16732716941882], [-98.37751797984978, 24.167317178973782], [-98.37819921980916, 24.167093169356818], [-98.37891508994653, 24.16613230954585], [-98.38063123008388, 24.158013379548148], [-98.38110032021433, 24.157313769050912], [-98.38744803035914, 24.15476093937389], [-98.38880928983797, 24.154567968879537], [-98.39001381970394, 24.154856199092457], [-98.39073658034826, 24.155484889131255], [-98.39589919967017, 24.162511019511893], [-98.39651582042418, 24.16291031911636], [-98.3980025503562, 24.1629304589601], [-98.40533204981776, 24.16177842963526], [-98.40369180006205, 24.153829628862216], [-98.42161458003928, 24.15082041928434], [-98.42373988966042, 24.1534387990683], [-98.4254846000626, 24.150440739493774], [-98.426227919572, 24.15016002925348], [-98.4318270796973, 24.14947239903696], [-98.43291494037088, 24.149153548992462], [-98.43446301983592, 24.148285179178945], [-98.43470809024761, 24.147547349002906], [-98.44311261998219, 24.142825539245198], [-98.44322849029894, 24.142359818963143], [-98.4412533799955, 24.140589678866], [-98.44027305014963, 24.139181339173298], [-98.44019208011338, 24.13832057906412], [-98.44650807967757, 24.124764079377528], [-98.44788414975683, 24.123981479687885], [-98.4489401403151, 24.123879479112826], [-98.45227922996742, 24.124546918931063], [-98.45497728008883, 24.124698659559787], [-98.45613118035206, 24.12432344904352], [-98.4577291801157, 24.12268559961616], [-98.45874713953728, 24.121287918942393], [-98.45977847970154, 24.119330768924637], [-98.4606176804042, 24.118228309276184], [-98.46130039954548, 24.117856059170293], [-98.46222803037341, 24.117745979276265], [-98.46359470991216, 24.117997539732325], [-98.46624834978225, 24.117991569007334], [-98.46926880041934, 24.117615019688543], [-98.46916762975945, 24.116032479551826], [-98.47178004973095, 24.112048939177377], [-98.47108764972977, 24.100922509543324], [-98.4699845098027, 24.098444569333513], [-98.46427851031896, 24.097962769584445], [-98.4638201400469, 24.096970689684557], [-98.47746164958474, 24.08630634973069], [-98.47828415006303, 24.086562319270815], [-98.47876919985461, 24.085994779241183], [-98.48271463011795, 24.088168889398645], [-98.48453271999581, 24.08947888944851], [-98.49179493969238, 24.08947481932249], [-98.49314493969871, 24.084065138982126], [-98.49611673958447, 24.082714369713813], [-98.49128104985613, 24.078738909482112], [-98.48924378024778, 24.078193549233106], [-98.50294711039453, 24.068127149171907], [-98.50736410953182, 24.03719517950399], [-98.51684526015863, 23.975159849425648], [-98.51919408954831, 23.96360551938982], [-98.52044107987895, 23.955695049192336], [-98.52044411998449, 23.96120948973156], [-98.52069738016475, 23.962999740252563], [-98.52336294979483, 23.968702369742406], [-98.52366231952963, 23.969837659505004], [-98.52562651049858, 23.97371185915783], [-98.52812348023532, 23.976049859132672], [-98.52952262029586, 23.976520849094957], [-98.53136154005735, 23.976663750211088], [-98.53259349036742, 23.976423369247108], [-98.53568386004008, 23.974585659413805], [-98.5368308598034, 23.972885109505164], [-98.53989079989901, 23.96460861949582], [-98.5411404899787, 23.96019839957755], [-98.54165418041879, 23.957535339250576], [-98.54161450967318, 23.954712199326792], [-98.54022466022518, 23.946577139393014], [-98.54059337034599, 23.944691679613893], [-98.54234185999319, 23.941984419484168], [-98.54367231016751, 23.941100509419147], [-98.54507309043252, 23.940623348907458], [-98.54724938038584, 23.940532569431667], [-98.54809350993891, 23.940654279540794], [-98.55081736994386, 23.9417359193278], [-98.5531686602231, 23.943528629307387], [-98.55418423036012, 23.944728349356964], [-98.55786165025985, 23.951896579183753], [-98.55954431010444, 23.95369087970794], [-98.56178974041029, 23.955498419473702], [-98.5654202497092, 23.957536739182128], [-98.56918356955475, 23.958740319212517], [-98.57145294007967, 23.95868741897681], [-98.57347071031768, 23.9583945991534], [-98.57529345020711, 23.957385419188814], [-98.57679200022177, 23.955958029772003], [-98.5773796800464, 23.955005219346837], [-98.57964135006343, 23.949530739755474], [-98.58067268029836, 23.948065629393394], [-98.58190587974491, 23.94729230970898], [-98.5836439098305, 23.946674779659663], [-98.58551899978636, 23.94664688947423], [-98.58779648971809, 23.94721952025796], [-98.58909182033292, 23.9483563692387], [-98.59032069004334, 23.949970178919248], [-98.59187114994204, 23.952598549523035], [-98.59361058036103, 23.957076379061533], [-98.59617405991513, 23.96117873943181], [-98.59802545957943, 23.963569018907478], [-98.60054671981939, 23.967452688887573], [-98.60222502003238, 23.970808109422354], [-98.60260817974773, 23.97295642923393], [-98.60253738007327, 23.974864939521293], [-98.60063612023501, 23.98052665963536], [-98.59984706043991, 23.983685079247], [-98.59972689014647, 23.990015719470065], [-98.5998231499818, 23.991320229170164], [-98.60153214974845, 23.993887849527265], [-98.60396945973147, 23.996059448875272], [-98.60643621959427, 23.996781510500245], [-98.60812579953, 23.99666661940485], [-98.61014280045556, 23.995717400603095], [-98.61188612027107, 23.994159879508135], [-98.61442330951091, 23.99265464928672], [-98.61503015018353, 23.991169549276496], [-98.61585662046213, 23.988062909195975], [-98.61613337995803, 23.985310319592887], [-98.6159857500179, 23.98433239989485], [-98.61639537975742, 23.981765889674147], [-98.61769994971527, 23.979532169532565], [-98.63379325990309, 24.04146413950157], [-98.66144571002685, 24.067325109514833], [-98.64355009046385, 24.07651028968348], [-98.64303068028536, 24.077040169597915], [-98.64217245962533, 24.07885488958568], [-98.64108502964277, 24.08211487971067], [-98.6399721501605, 24.08379351893749], [-98.62317301962393, 24.094683828909798], [-98.62057725003399, 24.098094149551255], [-98.6193146899861, 24.09902091938636], [-98.61617928983593, 24.09935177890916], [-98.61457382043506, 24.10000724934039], [-98.61123362992146, 24.104101909388703], [-98.60095963048761, 24.11279717914677], [-98.65614668968597, 24.098286549395105], [-98.68965354954902, 24.158863169527255], [-98.70518922001196, 24.233397908864855], [-98.726289399918, 24.34918442933971], [-98.72637797015935, 24.35033648933116], [-98.7234664297586, 24.36690956904045], [-98.7261040297857, 24.367388548983335], [-98.72241025018796, 24.387833509166448], [-98.71839029012713, 24.404488919493318], [-98.71902570981213, 24.406155548960477], [-98.72072444970908, 24.408245308936667], [-98.72075867986337, 24.409669619479732], [-98.7188538802807, 24.41260596892586], [-98.71892133991169, 24.414601118843947], [-98.67853194999218, 24.409096909486873], [-98.67449896964887, 24.41660091897651], [-98.66541579967685, 24.432555779344465], [-98.64679956975827, 24.46453505949932], [-98.63402123033146, 24.464795509119618], [-98.60547088015382, 24.466102939021404], [-98.58813620028369, 24.467437318910655], [-98.55623851047893, 24.46249487937756], [-98.51669214007777, 24.45601694967471], [-98.51393277980415, 24.47173174911422]]]}}, {"type": "Feature", "properties": {"CVEGEO": "28019", "CVE_ENT": "28", "NOMGEO": "Tamaulipas", "CVE_MUN": "019", "NOMMUN": "Llera", "cov_": 2017, "cov_id": 2018}, "geometry": {"type": "Polygon", "coordinates": [[[-98.93055507952099, 23.568761659197932], [-98.92514973864161, 23.55925409094708], [-98.91868542919254, 23.551829429504657], [-98.91145944993961, 23.554098261536453], [-98.90872071866728, 23.546175820416877], [-98.88114962936564, 23.554728121267072], [-98.87116454025436, 23.527761490541234], [-98.87019290853945, 23.52805903016187], [-98.86994248003275, 23.527354629743872], [-98.86762097884035, 23.528014219129364], [-98.86684233964391, 23.525898308881274], [-98.86817928008381, 23.52558293896595], [-98.87081502940364, 23.506395310061933], [-98.84641276969734, 23.506186340279108], [-98.84630893880306, 23.50678578126494], [-98.82963687917203, 23.504939998921262], [-98.8371150000739, 23.454774970308115], [-98.85626259991064, 23.458851419781787], [-98.86059702920484, 23.433154030111062], [-98.84070551995832, 23.430822139505278], [-98.84613351030043, 23.392611969993432], [-98.82280896948961, 23.39087339951123], [-98.75176024928766, 23.3957217506504], [-98.75147301984393, 23.388850511232473], [-98.73122631902757, 23.386617969093237], [-98.72895630925282, 23.334072120513508], [-98.72727607990234, 23.285770918991346], [-98.74738606022864, 23.285087920630538], [-98.74594985981955, 23.24670244969612], [-98.7258685204718, 23.247592659816107], [-98.7246292802452, 23.18402684907403], [-98.71544071904506, 23.183172309480316], [-98.70485773957178, 23.181031569889264], [-98.70304342994756, 23.182208690127496], [-98.70304222861616, 23.190208030015008], [-98.67163065921939, 23.208017419732503], [-98.65670105884624, 23.280575889709905], [-98.6225543388157, 23.293356550121867], [-98.608993280428, 23.29907099959641], [-98.603489570287, 23.287461279537677], [-98.57508954973939, 23.30134322058967], [-98.57977434005831, 23.31003377044618], [-98.56852793880905, 23.313412308872607], [-98.56230288858661, 23.32613438042326], [-98.50466310951653, 23.33307061906324], [-98.5156533702323, 23.298893879781225], [-98.4692348289944, 23.285745449075026], [-98.46459653996327, 23.236346449630844], [-98.40789587902377, 23.206063620475938], [-98.40919585971342, 23.20377863058816], [-98.41104148886292, 23.20338357026155], [-98.41416075016834, 23.198847089312192], [-98.4148813400829, 23.193109290413258], [-98.41683911986262, 23.18850519939669], [-98.41480596925183, 23.17066351900853], [-98.42837272043461, 23.141932419467224], [-98.44565285991428, 23.121565678902307], [-98.44317430946558, 23.116308829031286], [-98.45426153919252, 23.093858890010704], [-98.45733242008421, 23.086850720274278], [-98.47084864861314, 23.090973579773053], [-98.48918810965066, 23.09604478053206], [-98.49764681940223, 23.09811605042176], [-98.53726017873929, 23.093497419610475], [-98.54780777867768, 23.09510321899619], [-98.55459623031663, 23.048340549633885], [-98.62273710956919, 23.047220770059976], [-98.62686487976737, 23.02015310940895], [-98.66657961884255, 23.025277740473804], [-98.66519776975592, 23.034746450637993], [-98.69409802882619, 23.038295020572473], [-98.68966197873787, 23.063837319986042], [-98.72815433924053, 23.065375258957754], [-98.72664073950912, 23.056463540665], [-98.75521920003227, 23.058824618921395], [-98.75799794907577, 23.071805920609915], [-98.76010657979364, 23.0776951204187], [-98.7610699400973, 23.087966750638138], [-98.76172422970868, 23.08964035058898], [-98.76368091855545, 23.09314436999286], [-98.76448154996054, 23.107426649876302], [-98.78315025024821, 23.109897379829704], [-98.81789177936423, 23.115697920220104], [-98.83516226012972, 23.118215850474144], [-98.90849024958449, 23.130307679223446], [-98.91534647912147, 23.131276509027334], [-98.91672293870582, 23.134260950590473], [-98.92213497041402, 23.134731708914803], [-98.92241854033603, 23.129503769839353], [-98.92825948992518, 23.129824089633377], [-98.92610994995597, 23.141261970452437], [-98.93688384901121, 23.141491849660206], [-98.95220024971638, 23.14286663028545], [-98.95073551017296, 23.148250859952856], [-98.95298055016174, 23.14838642954822], [-98.95438773942473, 23.149151968879874], [-98.95750917912751, 23.150068380368925], [-98.96870746022157, 23.15290844986417], [-98.97574007944749, 23.154304658897964], [-98.96698241866461, 23.17308310896399], [-98.98995541929816, 23.1743114502959], [-98.99450549011853, 23.152045370616307], [-98.99897401889427, 23.152630310188133], [-99.002243058569, 23.13947210990083], [-99.01323850944856, 23.139544629665867], [-99.02061918036114, 23.13896063066659], [-99.02540323021965, 23.138979539835585], [-99.03779968983775, 23.140087599651594], [-99.03676827944493, 23.13666008973396], [-99.03754701946116, 23.133337200505817], [-99.04002794961397, 23.11773822902949], [-99.05834595036167, 23.120333119190686], [-99.05843002888594, 23.12127302895125], [-99.06524142864211, 23.120386569318885], [-99.06533857980315, 23.12402604928043], [-99.06847781985851, 23.123525520407895], [-99.06948437980571, 23.128184060213457], [-99.0813962001687, 23.12577176919812], [-99.08500545919462, 23.125804029914885], [-99.08533273916625, 23.12905671005869], [-99.10346669024067, 23.12842437903967], [-99.11336819887028, 23.128198769877525], [-99.11479471973892, 23.1283536798945], [-99.11483111954148, 23.12754105041868], [-99.12468008885355, 23.12803129034305], [-99.12456864969474, 23.126513219368256], [-99.14774976998814, 23.127504508912615], [-99.14831965981651, 23.12861288033542], [-99.14834653970158, 23.12950254978377], [-99.14701878019198, 23.128595940333078], [-99.14617661879475, 23.128547030360362], [-99.14387331970428, 23.129054999527785], [-99.14337553890797, 23.12963811001509], [-99.14353059983056, 23.130875450309368], [-99.14541925975321, 23.131666400275208], [-99.14748681948004, 23.133102980443827], [-99.14796939895197, 23.133694219975073], [-99.14918887863533, 23.13412002996213], [-99.15274502929248, 23.133203740592272], [-99.15730527989354, 23.13259359984551], [-99.15847851006336, 23.132221109638174], [-99.18537185912567, 23.126968850184234], [-99.18589945917914, 23.150764619857032], [-99.26540711985426, 23.14299549038263], [-99.26716925957804, 23.143288019204395], [-99.20957341852177, 23.166403600296164], [-99.21681565998315, 23.202337340651482], [-99.19730714892121, 23.206588170142215], [-99.19802764900005, 23.21588928038644], [-99.18157597899196, 23.21961717001471], [-99.18420042980559, 23.227260780383393], [-99.18351302035188, 23.231154919387954], [-99.18562491019628, 23.237965779858644], [-99.18453667916238, 23.242201849759613], [-99.18410893890636, 23.248571050503234], [-99.1833872295277, 23.26904722065803], [-99.15744374950587, 23.26246485000277], [-99.14461771025452, 23.26613951032305], [-99.17778339885434, 23.302748259910132], [-99.17548248036616, 23.311363120078667], [-99.18702173977914, 23.312436109513186], [-99.19572057014037, 23.37241678061942], [-99.19365794030348, 23.374957629949176], [-99.19388037025357, 23.369840109793433], [-99.19303448898484, 23.36977792002526], [-99.19226128921079, 23.39943218065257], [-99.12681688989913, 23.396140398957243], [-99.13067384982809, 23.40653088018153], [-99.14877428031166, 23.409100290140298], [-99.14892219965591, 23.42855762917646], [-99.14179005932623, 23.423227029812523], [-99.13783511917387, 23.44366014931692], [-99.13603594032811, 23.444918568906395], [-99.13268422857699, 23.446506089552578], [-99.12203170870967, 23.4464804603004], [-99.11464611997846, 23.46510934026176], [-99.11334882970003, 23.486078599931425], [-99.0927257204758, 23.48566393947719], [-99.09200147893878, 23.50265422021227], [-99.09503894882022, 23.517729370114406], [-99.09324056877912, 23.517969850555037], [-99.06315494021302, 23.518934570598518], [-99.01882348971507, 23.557480030432682], [-99.01714195019463, 23.555117479803627], [-99.016513579547, 23.554997340454346], [-99.0128163699259, 23.555502659273706], [-99.00968315032702, 23.555259679810145], [-99.00911391003018, 23.55488041972003], [-99.00873467872289, 23.55432045998128], [-99.0074270493868, 23.551423321521135], [-99.00669648880681, 23.55127822002872], [-99.00349099909941, 23.551613249812515], [-99.00237291934151, 23.550949799374656], [-98.97579882037259, 23.57418434007927], [-98.96662353931089, 23.558360819548678], [-98.93349453942545, 23.574987889471043], [-98.93055507952099, 23.568761659197932]]]}}, {"type": "Feature", "properties": {"CVEGEO": "28020", "CVE_ENT": "28", "NOMGEO": "Tamaulipas", "CVE_MUN": "020", "NOMMUN": "Mainero", "cov_": 2010, "cov_id": 2011}, "geometry": {"type": "Polygon", "coordinates": [[[-99.4224306298591, 24.736796918829274], [-99.42125577001039, 24.73639959896982], [-99.42031011980656, 24.73660402938965], [-99.41803154015581, 24.736134019380092], [-99.41737622010832, 24.736247199142696], [-99.41629297956973, 24.736067278901444], [-99.41558766045378, 24.73536247933046], [-99.41491232033931, 24.735215519017206], [-99.41358375036116, 24.735480429452448], [-99.41254314038311, 24.735402908861477], [-99.4115233796563, 24.73594454959871], [-99.41026379969034, 24.73607934899432], [-99.40967304956482, 24.735781709656056], [-99.40869951017199, 24.734535539145174], [-99.40826706043133, 24.734355649343566], [-99.40777934037952, 24.734727969554825], [-99.40660458029005, 24.734506258944457], [-99.40490465001619, 24.735088579037193], [-99.41064397978917, 24.71843016941618], [-99.43615617043896, 24.642037818872343], [-99.44417965979707, 24.61645548926629], [-99.44775876967768, 24.61954144966916], [-99.4510425104255, 24.621139139425107], [-99.45215095019012, 24.61956754956082], [-99.46228714960412, 24.59613514925324], [-99.45151256991817, 24.592727939550603], [-99.45532900040921, 24.57986027891321], [-99.45571517985401, 24.535952709712916], [-99.45579088989895, 24.535267739631603], [-99.45678177009765, 24.53419116934408], [-99.45683154019379, 24.533085919063137], [-99.4584385099393, 24.531705829593644], [-99.45977798012989, 24.530645799439405], [-99.4645880200163, 24.530852119732078], [-99.46554865024639, 24.528998519723302], [-99.4700292600845, 24.527827568894857], [-99.47108467975497, 24.52818879911318], [-99.47117064954524, 24.529839948932917], [-99.47177455035089, 24.530157779570978], [-99.4739770602916, 24.529549509047115], [-99.47621672026477, 24.530776019045256], [-99.47712109003076, 24.53104636907049], [-99.47775165008912, 24.531616339036802], [-99.47782025014678, 24.534437399622586], [-99.47955390983736, 24.534955569213142], [-99.48091437959343, 24.535934509666006], [-99.48503960030418, 24.53788461938851], [-99.48637423046999, 24.538726049288588], [-99.48831724995485, 24.540573339026587], [-99.48905294977965, 24.5418537995024], [-99.48995984963474, 24.542468079195665], [-99.49034122953788, 24.543268829482635], [-99.49058129016318, 24.54542377912262], [-99.49144123023763, 24.546520049407476], [-99.49271873989653, 24.54630653901548], [-99.49342430986916, 24.54680728890077], [-99.49663492014456, 24.550665969488026], [-99.49786965043378, 24.551530739569966], [-99.49862965959085, 24.552673428993863], [-99.49883688984838, 24.553658629683177], [-99.49916537987038, 24.554023769100187], [-99.49979162042504, 24.553928508943905], [-99.50312494036925, 24.552222339319066], [-99.50607368011991, 24.550444319221032], [-99.50770676988319, 24.54896536912535], [-99.5093210499343, 24.549475739091545], [-99.51063641974183, 24.550411658943293], [-99.51101331039717, 24.54929814908126], [-99.51176164980262, 24.548474679131434], [-99.51264923031725, 24.54850670933875], [-99.5140247402675, 24.54977908886048], [-99.51545872009348, 24.55215625973426], [-99.51701539977785, 24.55170894920769], [-99.51803734035278, 24.55112897959077], [-99.5190115102908, 24.550077819302693], [-99.52013622950724, 24.549979569728805], [-99.52116397986795, 24.54906901899112], [-99.52483785979925, 24.548977199238944], [-99.52505349021209, 24.54812667914899], [-99.52573005008053, 24.5483139796879], [-99.526425200494, 24.54985368925364], [-99.52846742047123, 24.549455689682063], [-99.5296468000976, 24.548739348892738], [-99.53025585023595, 24.546600739263283], [-99.53093735041519, 24.545649598985175], [-99.53176646011451, 24.54544573933362], [-99.53249795017892, 24.54469128973237], [-99.53387948982578, 24.544374849599883], [-99.53597407981889, 24.542741319119692], [-99.53526517037284, 24.540312659353138], [-99.53609385992954, 24.539327459329225], [-99.53848107981449, 24.538361199287223], [-99.5404144000219, 24.538084179251815], [-99.54266214991002, 24.53906245922626], [-99.54472738049982, 24.54117462918192], [-99.54825837011659, 24.544296339448408], [-99.55339777013725, 24.54306119904739], [-99.55473027994778, 24.543215909596764], [-99.55516459996656, 24.54419656899694], [-99.56078624997302, 24.54552657929074], [-99.56261067970814, 24.544930318938007], [-99.5644928595135, 24.545218019197467], [-99.56609830985559, 24.543689488926688], [-99.56728378018309, 24.54326888962053], [-99.56840837955009, 24.543558019041587], [-99.57005246039817, 24.54465699962059], [-99.57166614981358, 24.5452596293443], [-99.57226402973446, 24.546178568991117], [-99.57276815014696, 24.54569799888049], [-99.57304283014975, 24.545999519192854], [-99.57268621968569, 24.54721333953835], [-99.57366013987215, 24.548205349656588], [-99.57452719976258, 24.54752739908198], [-99.5752761498197, 24.547733479031447], [-99.57718351951851, 24.547297398970887], [-99.57820651049052, 24.5465689392107], [-99.57567883034986, 24.54573210914997], [-99.57435777971027, 24.544820199392884], [-99.57305911951966, 24.543152739471157], [-99.56919842979217, 24.536023019588175], [-99.56574501956409, 24.53374356956004], [-99.56618011037607, 24.533668949275516], [-99.56745011970159, 24.53436674906816], [-99.56814640043017, 24.53413979951972], [-99.56878934015373, 24.53458173936261], [-99.56963274037903, 24.533989719017878], [-99.56960768042286, 24.53375588902839], [-99.57081098004382, 24.533198369669297], [-99.57186158032059, 24.53310427967937], [-99.57281345014192, 24.532791079050458], [-99.57366718046862, 24.53222074957136], [-99.5746057400035, 24.53210810926708], [-99.5755125102393, 24.531585889422406], [-99.575924110041, 24.53096530957521], [-99.57691255006232, 24.531056549723356], [-99.57721679994039, 24.530751118862668], [-99.57704105978654, 24.530298969035066], [-99.57745828958153, 24.5291450489125], [-99.57749948990579, 24.526845048961746], [-99.58135175018184, 24.523442679105372], [-99.58707641962285, 24.51917862908978], [-99.59824812007146, 24.512669849191088], [-99.60801545024096, 24.51437364944822], [-99.60933118027955, 24.50542221944056], [-99.60786732007253, 24.505615168950172], [-99.60592147978909, 24.503035459023792], [-99.60600028961723, 24.502163619063936], [-99.60632711010044, 24.5020042492917], [-99.6071539700133, 24.502260598920405], [-99.60843428991008, 24.50198902913812], [-99.61000738043406, 24.5022165692089], [-99.61343853978109, 24.48223571897309], [-99.61097995008916, 24.482037349496984], [-99.60970111002631, 24.4839159095428], [-99.60851663027535, 24.47582253888016], [-99.6141189704338, 24.475835909263374], [-99.61728725975821, 24.463995579407182], [-99.62858144976504, 24.49217134885903], [-99.63637932020872, 24.506670248937], [-99.71980385972178, 24.48371042935631], [-99.72383351998123, 24.501356059343912], [-99.73297777004389, 24.55399077944328], [-99.72278100008606, 24.562050479263796], [-99.70468568048233, 24.57586916943888], [-99.62796313988457, 24.613580738887663], [-99.61525125034552, 24.61948931908597], [-99.61389815036172, 24.620754019035676], [-99.61313910957733, 24.621051019519925], [-99.61147225023407, 24.621251108998067], [-99.60944857999083, 24.622490079128795], [-99.60695073980759, 24.621797909063076], [-99.60312733986508, 24.62130213897508], [-99.60146085999709, 24.622093198959284], [-99.60001281997113, 24.622024919261666], [-99.59848890966286, 24.622486599727235], [-99.59703427958394, 24.62267039911875], [-99.59636765046615, 24.622404019712384], [-99.5955840302686, 24.621628339442218], [-99.59443835025795, 24.619841168845902], [-99.59359663038634, 24.619479919584194], [-99.59262842957858, 24.619372779528586], [-99.59134969008574, 24.619771369549284], [-99.58960114007793, 24.620916059724106], [-99.58822533995617, 24.623104768878687], [-99.58578257960617, 24.624355168982017], [-99.58537694041281, 24.62415357912075], [-99.58596334976544, 24.62357347957862], [-99.58615977970675, 24.62307604899881], [-99.58612483004302, 24.622714419378315], [-99.58577508013862, 24.62239930901876], [-99.58452993956965, 24.622670259445435], [-99.58151100023308, 24.622620598942486], [-99.58062308995656, 24.622567059484005], [-99.57991947980469, 24.622194219473446], [-99.57943384964184, 24.622166229131558], [-99.578959540225, 24.622336489627674], [-99.57861421973409, 24.623303649695092], [-99.57816561973009, 24.62368285890811], [-99.57785485985073, 24.62372096947772], [-99.57689626003503, 24.623225629342848], [-99.57607630976018, 24.623597119416996], [-99.57553037954867, 24.62202159891796], [-99.57456865981732, 24.621362949386754], [-99.57371306017755, 24.62027025921548], [-99.57110785030059, 24.620229949378675], [-99.57010183042104, 24.619997659143884], [-99.56918430998047, 24.618598918985292], [-99.5690085498817, 24.617780969057076], [-99.56852025951467, 24.617306399569884], [-99.56506246004135, 24.615734999729696], [-99.56362014002384, 24.61548702902137], [-99.56207148001862, 24.614372459432108], [-99.5588985995911, 24.6133326190146], [-99.55736121981018, 24.612372339189964], [-99.55696788966414, 24.611893029643838], [-99.55699103024293, 24.611631768996915], [-99.55834071983408, 24.609820179450487], [-99.55720610977774, 24.608714799358896], [-99.55444697978055, 24.610007049708326], [-99.55375831966158, 24.61180025900287], [-99.55318854971203, 24.61243631953313], [-99.55232511993344, 24.61249134893265], [-99.55118084985332, 24.611769028938095], [-99.5498152496934, 24.611566309671254], [-99.54622052033625, 24.613074769726882], [-99.54608111043538, 24.613560539282783], [-99.54746026041575, 24.614583079436283], [-99.54777662996692, 24.615325369375114], [-99.54749176989, 24.615840398944272], [-99.54680934998132, 24.616030819059745], [-99.54545497962161, 24.617789229391438], [-99.54522602953962, 24.61870450921956], [-99.54600270957253, 24.6205866192465], [-99.54755158031082, 24.623352819267062], [-99.54781068035855, 24.624275849125727], [-99.54720962984786, 24.624999539083905], [-99.54506302003631, 24.626516599687903], [-99.54434711995522, 24.626867649303897], [-99.54279235041732, 24.62652321946044], [-99.54142936951241, 24.62697073917527], [-99.5404708900638, 24.62699116969736], [-99.53977035035025, 24.626786459659943], [-99.53902832040363, 24.62623574929884], [-99.53856302009905, 24.625539739116128], [-99.53921139968277, 24.623179599404626], [-99.53849762045732, 24.622446828939626], [-99.53793568994395, 24.622428819276188], [-99.53617695020309, 24.623617319253416], [-99.53620131958657, 24.625457689076203], [-99.53597893987195, 24.62578627947754], [-99.5347598200163, 24.626171519037346], [-99.53426708035758, 24.62673362900996], [-99.53249708952397, 24.627691369246644], [-99.53096434020871, 24.627740879510725], [-99.5303974199956, 24.628019278921762], [-99.52931387974849, 24.62936562917911], [-99.52882271971852, 24.631228949087042], [-99.52820062982015, 24.631644649539133], [-99.52575575003284, 24.63215770950666], [-99.52429004978748, 24.632710678921196], [-99.5238123995621, 24.63310327887489], [-99.52254838043687, 24.633258999319644], [-99.5207354900287, 24.634060889567948], [-99.51851363040501, 24.634067909561683], [-99.51516445046164, 24.634572119240307], [-99.51390906040214, 24.634318429371948], [-99.51282781986642, 24.634481449374725], [-99.51223354042645, 24.634813519124727], [-99.51149370982166, 24.635671199271588], [-99.51054868003413, 24.635935418992446], [-99.50870474995745, 24.637468649223052], [-99.50468862040755, 24.638377029221978], [-99.50371167995364, 24.63923148933146], [-99.50274785041333, 24.639544168952764], [-99.50182462005685, 24.64071656969204], [-99.5009109195292, 24.640617029024597], [-99.49945227960335, 24.641257949537724], [-99.49933652020437, 24.642232309375842], [-99.49830482042897, 24.644246479494008], [-99.49866157978661, 24.646079119553878], [-99.49805356995155, 24.648309399598574], [-99.49723341982246, 24.649648509309024], [-99.4960296302212, 24.651038658988288], [-99.49616632047476, 24.65132533895211], [-99.49688085989497, 24.651597059321738], [-99.49731602029938, 24.652597369199672], [-99.49780701960175, 24.653076849672015], [-99.49819019987713, 24.654129399030115], [-99.49847843039713, 24.655817849371505], [-99.49828851004722, 24.65599259906858], [-99.49773554000448, 24.65563564951773], [-99.49739008985588, 24.655795619453986], [-99.49767231959657, 24.65625354938295], [-99.49773818006433, 24.657739048996554], [-99.49875773990856, 24.659971629538433], [-99.49963348044915, 24.661253339378938], [-99.4994530303575, 24.66240019940713], [-99.50011605960998, 24.66352767891819], [-99.49965718014174, 24.665434819496937], [-99.50057467954093, 24.665985309280323], [-99.50060177000286, 24.66711950966117], [-99.50035895046786, 24.66810164899133], [-99.50082551009335, 24.669540488853396], [-99.50006351041017, 24.671858739242563], [-99.50059189024972, 24.67300410965889], [-99.49982057964306, 24.676607049707556], [-99.49994087964609, 24.677163449605583], [-99.50075202012435, 24.67841062956778], [-99.50072606013154, 24.679171259394078], [-99.50044523008876, 24.679349119180475], [-99.50009085029295, 24.678933849026286], [-99.49984680025894, 24.67899016884664], [-99.49974773992899, 24.679813148840566], [-99.50004083018047, 24.68044897949307], [-99.5000213100798, 24.681099689651393], [-99.49955793972191, 24.681886749049777], [-99.49885954992183, 24.682468279081988], [-99.49879986028706, 24.68334477949382], [-99.4982630298351, 24.68423481961236], [-99.4962819702019, 24.685756619322554], [-99.49568248027023, 24.686775939537508], [-99.49478733967713, 24.68723114957034], [-99.49413242011123, 24.68799556968541], [-99.49403766042428, 24.689587879212198], [-99.4927080898377, 24.691460769405534], [-99.49279840000936, 24.69338737910746], [-99.49123302984029, 24.695453219056144], [-99.4913329201793, 24.695713249630703], [-99.49198609034448, 24.695941908929154], [-99.49236257960472, 24.6963053494154], [-99.49230554971383, 24.697153338966224], [-99.49085931042362, 24.699015089646092], [-99.48820909003936, 24.699898199536076], [-99.48737221960336, 24.701572149585058], [-99.48709403032231, 24.702907519642903], [-99.48683166027456, 24.70325342974034], [-99.48575328998879, 24.703065599448955], [-99.48522009012062, 24.703173769516162], [-99.4848500596531, 24.70349099970538], [-99.48402320022109, 24.7057063088659], [-99.48224574959258, 24.706539339282873], [-99.48244263023165, 24.707599458902994], [-99.48222633993782, 24.708177539066277], [-99.48148766040505, 24.70873465936352], [-99.47999185995725, 24.709369258837363], [-99.47733365992033, 24.711171779124893], [-99.47680498015744, 24.711971909572682], [-99.47772682006288, 24.712163398856003], [-99.47773549028072, 24.712620968886338], [-99.47715437975076, 24.712835049073696], [-99.47510805014396, 24.712865969109217], [-99.47399071967779, 24.7134077695227], [-99.47270814992594, 24.714444909601614], [-99.47104386038744, 24.714880879092032], [-99.46977194035651, 24.716613349391253], [-99.46943496959706, 24.717383848921248], [-99.46805429011377, 24.718380349400302], [-99.46700188964233, 24.720124708896886], [-99.46647357979279, 24.720181419248213], [-99.46523710979211, 24.719892369538215], [-99.46416931011089, 24.721173519126534], [-99.46021083033872, 24.72340247938578], [-99.45987103022279, 24.723788679119217], [-99.45946137955625, 24.724919249444635], [-99.45573139976723, 24.72518736897297], [-99.45454037033927, 24.726621139650526], [-99.45319859983046, 24.726995228954337], [-99.45270548041051, 24.728399859010576], [-99.45063861986092, 24.7284694595993], [-99.45047428989177, 24.7292448795967], [-99.4507638800792, 24.73079601889414], [-99.45048285956797, 24.730995689583974], [-99.44902857977355, 24.731234689499562], [-99.44829131039678, 24.732112769635627], [-99.44787428029855, 24.732267909356672], [-99.44738118020095, 24.732115109318624], [-99.44710337043465, 24.730549969646457], [-99.44457215016908, 24.728823108841542], [-99.4425962303429, 24.726836308934633], [-99.4419959703543, 24.72674199920318], [-99.44128125977102, 24.72728465941189], [-99.44081827998856, 24.727282429014245], [-99.439875060482, 24.72684477951339], [-99.43805748973934, 24.72549116906738], [-99.43671491031476, 24.725152679412325], [-99.43600588014469, 24.72527007895539], [-99.43579116962714, 24.726392199649425], [-99.4331202296181, 24.725645049378826], [-99.43176526045933, 24.725939479349606], [-99.4307280204684, 24.72575833963641], [-99.43002402023886, 24.726274458960518], [-99.42862817038929, 24.72668544885708], [-99.42725203016846, 24.72740161937125], [-99.42600028036198, 24.728649059243835], [-99.42491614994351, 24.73022157951862], [-99.42515742024396, 24.731224479303958], [-99.42443793964583, 24.732326769626304], [-99.42434345044184, 24.73317687907757], [-99.42388059999611, 24.73382504895238], [-99.4237063197894, 24.735867519683467], [-99.42304277988659, 24.73669701953793], [-99.4224306298591, 24.736796918829274]]]}}, {"type": "Feature", "properties": {"CVEGEO": "28021", "CVE_ENT": "28", "NOMGEO": "Tamaulipas", "CVE_MUN": "021", "NOMMUN": "El Mante", "cov_": 2002, "cov_id": 2003}, "geometry": {"type": "Polygon", "coordinates": [[[-99.10385123024909, 22.85699157953289], [-99.0989526004232, 22.856721539283974], [-99.09786191027507, 22.856930049321097], [-99.09618573982205, 22.85691128918603], [-99.09509814012385, 22.856699348929865], [-99.09022436992694, 22.85357101977112], [-99.08807445979576, 22.850807979053933], [-99.0860092602918, 22.84747157946592], [-99.081880460426, 22.84401851971798], [-99.07825518003223, 22.841460888967415], [-99.076938399865, 22.84000962934236], [-99.0745885801995, 22.835992629556472], [-99.07223380032815, 22.834443779778464], [-99.06969836986167, 22.833640169270957], [-99.0670262800477, 22.83406397958755], [-99.06521457010592, 22.83557308937603], [-99.06073794040168, 22.837903818900127], [-99.05928144980517, 22.837844918959885], [-99.05346197047028, 22.836234059150577], [-99.04813342027961, 22.83622082912305], [-99.04434391028308, 22.83693854907283], [-99.04183440045365, 22.83631824925614], [-99.03987036960818, 22.83729265894468], [-99.03731091997348, 22.837532219181238], [-99.03631897998069, 22.838322709312735], [-99.03467320029905, 22.841833219011342], [-99.03378036978572, 22.842366289282985], [-99.03300633955318, 22.84214584956855], [-99.03251014044649, 22.841300569397486], [-99.03246047939592, 22.83793714508449], [-99.03172603044518, 22.836834631430147], [-99.0302682297305, 22.836759689501413], [-99.0292833502098, 22.837325198926358], [-99.02800288994115, 22.838782769164283], [-99.02784661962455, 22.839852569766737], [-99.02830821963825, 22.841407829631617], [-99.02799299990238, 22.842004749400413], [-99.02725079982196, 22.84263842939378], [-99.0248391197043, 22.843112749193313], [-99.02399128964535, 22.84264071914063], [-99.02373233977902, 22.841314619315], [-99.02167490995143, 22.839615109184248], [-99.02096992026988, 22.83813376935118], [-99.02055584990187, 22.83628630916303], [-99.01983368990558, 22.835118519713323], [-99.01777291010104, 22.834104630292607], [-99.01515496886165, 22.833650019958917], [-99.01463608043095, 22.83340118012746], [-99.01401442902048, 22.832832019865705], [-99.01203036951571, 22.831706000235446], [-99.0103756795165, 22.83017643059245], [-99.00919896899461, 22.829384890189143], [-99.00727528030446, 22.82841682922362], [-99.00495395007349, 22.82760144950721], [-98.99701264976628, 22.825826889324603], [-98.99536057866591, 22.82588953926388], [-98.9943363399124, 22.826305459125923], [-98.99285453997035, 22.82752199893514], [-98.99140341990038, 22.829890339114147], [-98.98953675017053, 22.83170534953495], [-98.98899426034427, 22.831694799227666], [-98.98743154992559, 22.831229919024413], [-98.98623917028445, 22.830600249202618], [-98.98317650977428, 22.828394429204693], [-98.98027880048278, 22.825987019436106], [-98.97711952013721, 22.82400844891436], [-98.9750906599906, 22.82323231893785], [-98.97335227959208, 22.821995819424], [-98.97110877994308, 22.820854829446773], [-98.96913725982589, 22.82077050926974], [-98.96719211990963, 22.82169231976048], [-98.96649860048193, 22.82181585900145], [-98.96334599976906, 22.820854109561182], [-98.96165148037589, 22.82080661907037], [-98.95975269010101, 22.821462679762885], [-98.95795785015146, 22.822427909045224], [-98.95681010998618, 22.822624199627704], [-98.9557048000627, 22.82243508898828], [-98.9536305496593, 22.82110113906705], [-98.95267000016003, 22.82013491969603], [-98.95034307974386, 22.815572369337463], [-98.94937662972352, 22.813256709503094], [-98.94876201989452, 22.810722049644124], [-98.94884365046954, 22.805442429331563], [-98.94767560035207, 22.80447344890239], [-98.94652665959337, 22.804282418949757], [-98.9431698501296, 22.80458419954344], [-98.93987277007362, 22.80512788957499], [-98.93503145036567, 22.806666428991285], [-98.93362346015353, 22.806726309576533], [-98.93077139969988, 22.805695779535117], [-98.92925420032633, 22.804904998965526], [-98.9283881999265, 22.80425987977496], [-98.927653740291, 22.802256479188955], [-98.92630159955951, 22.800708909062088], [-98.92485221967694, 22.799383369020383], [-98.92380929004288, 22.79889279953333], [-98.92247611997414, 22.79867834949123], [-98.92144088005294, 22.79873291900649], [-98.92009205964665, 22.79919468901484], [-98.91673929005007, 22.80257642922419], [-98.91552314023515, 22.803435459051315], [-98.91096089022831, 22.804321659300037], [-98.90699591963161, 22.804806219654697], [-98.90493382031394, 22.804433568963933], [-98.90469825031298, 22.802409319602305], [-98.90522205012256, 22.800601448939805], [-98.90707914986046, 22.796230109108997], [-98.90730705987939, 22.794413199521752], [-98.90670285963098, 22.79273011933487], [-98.90515102970431, 22.7909976890982], [-98.90283347963958, 22.789504089125046], [-98.89890822026896, 22.787957949182672], [-98.89580492029303, 22.78456619975816], [-98.89293764975683, 22.782564579484152], [-98.88987585021164, 22.781241919581433], [-98.87952193976326, 22.780696719195937], [-98.8721405196484, 22.78287034963453], [-98.86942880003195, 22.784403449197963], [-98.86742674038372, 22.786255149100885], [-98.8669520897176, 22.78715704952697], [-98.86731889024813, 22.78888885912963], [-98.86855423015474, 22.79076773968727], [-98.87065822045118, 22.79250094927862], [-98.87189413968044, 22.793818819125715], [-98.87189315040804, 22.795202419252714], [-98.87139200018973, 22.796323828991095], [-98.86973210969344, 22.797932019662092], [-98.86548203007807, 22.799514739590613], [-98.86350120010876, 22.799255249492504], [-98.86254785022396, 22.796121379419937], [-98.86037819999454, 22.792112939226666], [-98.85990373998828, 22.791721979056256], [-98.85380710975704, 22.7902273491248], [-98.85234602016233, 22.790670348996013], [-98.85154136952598, 22.79172587952251], [-98.85128294032124, 22.79069761952499], [-98.8497291195278, 22.78825181902818], [-98.84735184968396, 22.787211449662546], [-98.84723835016233, 22.785657199004937], [-98.84780231989211, 22.785478909080446], [-98.84823934034301, 22.784617079767376], [-98.84779351018021, 22.783645179335434], [-98.8469453800838, 22.782948459240327], [-98.84804134979699, 22.77975842934471], [-98.84770374995058, 22.776173339750393], [-98.84944558023928, 22.77257891914944], [-98.85042237013815, 22.769775119749205], [-98.85195216977382, 22.766874829516897], [-98.85156718009416, 22.766541219266774], [-98.85067776972727, 22.75815484916444], [-98.85031145006222, 22.756748859105496], [-98.83653967961497, 22.757499829609834], [-98.83430770994046, 22.743461029393355], [-98.84311357002308, 22.742415199331692], [-98.84306579985149, 22.742737519706324], [-98.84769449046338, 22.742657949617378], [-98.84672371016842, 22.737430049407433], [-98.84219028023193, 22.73915891895726], [-98.84166442999513, 22.736199909694623], [-98.84347848951995, 22.735425379471327], [-98.84627674001649, 22.713910079776106], [-98.8423026204802, 22.71342776955823], [-98.84349891037552, 22.710291479573293], [-98.84390946002677, 22.709683889602115], [-98.8511163701489, 22.713018109455408], [-98.85635113990126, 22.715708169151466], [-98.85975048996097, 22.697471549076703], [-98.85846714997925, 22.69752365906657], [-98.85858245963689, 22.69621237907612], [-98.85839883024265, 22.696130459476088], [-98.85999758010037, 22.687210419337497], [-98.85981552038768, 22.68711704956903], [-98.86239668953485, 22.666798339281744], [-98.86570317042046, 22.666733139595618], [-98.87365337031608, 22.61108753904933], [-98.87285445971274, 22.611149228955668], [-98.87072792028592, 22.612568249425433], [-98.86669165006705, 22.61417528917249], [-98.86409574969629, 22.614305779226893], [-98.85476678024781, 22.60709788943363], [-98.85162758004931, 22.606429448886157], [-98.84638686039229, 22.599720819217616], [-98.84506462013074, 22.599372049471036], [-98.84500162993484, 22.596818089370068], [-98.84421674991644, 22.5942939092207], [-98.83814596970116, 22.586891049253232], [-98.83583902960565, 22.584675479653324], [-98.83454325046033, 22.584053029656726], [-98.83272491990348, 22.583512459283167], [-98.82831454975805, 22.58260876944223], [-98.82697092004442, 22.58330047912872], [-98.82135667991668, 22.58499150959722], [-98.81893471033061, 22.584821939553624], [-98.81419008991662, 22.584908509102316], [-98.81360671047157, 22.5852870889059], [-98.81332949039006, 22.58714501897078], [-98.81253610964649, 22.588465599492185], [-98.81235038012109, 22.589486259365728], [-98.80953943034412, 22.590877629121287], [-98.80835134038605, 22.59244074953137], [-98.80808634961632, 22.593477619453427], [-98.80712191998647, 22.59351262929374], [-98.80548008027091, 22.59598108928403], [-98.80338024955398, 22.597398019634444], [-98.80302659978653, 22.597843168959724], [-98.80309712023599, 22.599317829757535], [-98.80281125976049, 22.599618798958893], [-98.79968453981407, 22.599803019141593], [-98.79659621951194, 22.600563919445406], [-98.79596926041478, 22.60029736944076], [-98.79536312032232, 22.600769939019987], [-98.79356092021429, 22.600052369154994], [-98.79300066008621, 22.600333819596877], [-98.7912343396332, 22.59938145945341], [-98.78976206010508, 22.599956539131078], [-98.78862894034442, 22.59995793952035], [-98.78614371958665, 22.601869919386814], [-98.7863714799204, 22.602401949010655], [-98.78591720012066, 22.602921619053767], [-98.78473942959315, 22.603859999757315], [-98.78403386031304, 22.60401733967011], [-98.78420484986246, 22.605218519450275], [-98.78314769026443, 22.605486308901217], [-98.78334631962838, 22.606359689554026], [-98.78271002981245, 22.606450889016006], [-98.78207868017952, 22.60725504904616], [-98.78160909036252, 22.609142749496424], [-98.78246584985341, 22.61036473934996], [-98.77883982988978, 22.611083119421725], [-98.7768886795336, 22.612226319403195], [-98.77558814976369, 22.61047571929595], [-98.76889933981491, 22.608086909682203], [-98.76714645011425, 22.608252889736796], [-98.7631531199654, 22.60686397917802], [-98.76231436964436, 22.604139909410794], [-98.76205256997464, 22.602311319658835], [-98.69202126010165, 22.599131119082926], [-98.68709475037012, 22.59902973927224], [-98.68654082004592, 22.599160419006434], [-98.68555571031705, 22.612529479486202], [-98.68520195042194, 22.61294787952964], [-98.68547578007079, 22.616222508901], [-98.68466054986727, 22.61619734950515], [-98.68372979977674, 22.62531510948354], [-98.68204166046546, 22.625886449500495], [-98.68028288983544, 22.62422053974784], [-98.67903261979319, 22.622330319203147], [-98.67994217998024, 22.62126224921525], [-98.67729634968947, 22.61885708918112], [-98.6761481199556, 22.61903948945695], [-98.6759934895489, 22.618880179311454], [-98.67393722004064, 22.61882581944034], [-98.67314382972387, 22.6180934493242], [-98.67238449003828, 22.617800029509326], [-98.67197659998037, 22.61816314906341], [-98.67120754982832, 22.617846709062626], [-98.67043670994892, 22.617789849719177], [-98.66895808035396, 22.616419829263744], [-98.66865137026512, 22.61644807890116], [-98.6684428604312, 22.616931689045845], [-98.66760074962804, 22.616100279348736], [-98.66579817018606, 22.614966119609544], [-98.66310247976983, 22.612786519554252], [-98.66109217037263, 22.611508369316667], [-98.65866900006998, 22.610574659258162], [-98.65773190965322, 22.60829644914104], [-98.65584052014054, 22.607660489546447], [-98.6537729798789, 22.608127079657724], [-98.65176856977637, 22.60714005890306], [-98.64944590958086, 22.60505448957331], [-98.64742589027479, 22.604999378889502], [-98.64610919952388, 22.605422479489363], [-98.64572762990734, 22.60619064906461], [-98.64544775026386, 22.60623708932338], [-98.64046732027353, 22.604596859166474], [-98.63918965981968, 22.603052619698094], [-98.6378733997223, 22.603416028902018], [-98.63512121981364, 22.60460987916308], [-98.63473368954034, 22.60448824919265], [-98.63448258044568, 22.604321579750952], [-98.6337078495088, 22.602007599640338], [-98.6324194302495, 22.6016075190492], [-98.63069470970731, 22.598971199455804], [-98.63067437983432, 22.598636549343414], [-98.6289673998494, 22.59795550947146], [-98.6244037700651, 22.595449579505825], [-98.6238201200746, 22.595461279422363], [-98.62290041953223, 22.59610951889552], [-98.62072276988731, 22.596548279003095], [-98.61863389000983, 22.598200629713567], [-98.61408142012455, 22.600305678992576], [-98.61238117004942, 22.599775279331887], [-98.61132970950727, 22.599058339637402], [-98.61019879987755, 22.597777399213797], [-98.60761268985758, 22.596144199309535], [-98.60656262970046, 22.594197019080084], [-98.6042091401088, 22.59543193902799], [-98.6028143701916, 22.596437659586435], [-98.60020868010074, 22.595293749517353], [-98.59657477968385, 22.59649727901744], [-98.59568857045721, 22.594765709128836], [-98.59491972050115, 22.594425368917832], [-98.59371006027348, 22.592429819347426], [-98.59184868952424, 22.591635629437373], [-98.59051105000376, 22.591857799277342], [-98.58730677018546, 22.59179545907986], [-98.58514915043028, 22.591992919067156], [-98.58380945024318, 22.59292934905978], [-98.5823927799429, 22.592474519469615], [-98.57992449047684, 22.59107733970406], [-98.57841450977764, 22.59122233897607], [-98.57518382032752, 22.59200553892993], [-98.57200080037352, 22.59106034895635], [-98.57100028978454, 22.58931231941526], [-98.5654928599069, 22.58746521929552], [-98.56277482025352, 22.58945147908696], [-98.5613741699703, 22.58859296905089], [-98.56110950986488, 22.58606188971447], [-98.55928298034837, 22.58435734949378], [-98.55940271005552, 22.583368879487413], [-98.56083858046578, 22.582214029306186], [-98.56061412044123, 22.581201449377605], [-98.55919272026986, 22.581069918939633], [-98.55896768954668, 22.58149239962889], [-98.55563286035435, 22.582438949621924], [-98.55504134009121, 22.5818546892294], [-98.55628262024776, 22.58102128942234], [-98.5554956804464, 22.580673949544757], [-98.55448134987913, 22.579841799729437], [-98.5508261801812, 22.580669889532796], [-98.54604989027932, 22.578757259739852], [-98.54445080042652, 22.579065969605566], [-98.5409796003468, 22.580559619737095], [-98.53932533991625, 22.57941565946119], [-98.53726574027519, 22.57758134946485], [-98.5349180495708, 22.574926649771253], [-98.53180765042373, 22.569719319390472], [-98.5314547399879, 22.567434489691], [-98.53215066030462, 22.565858369334396], [-98.53338633978855, 22.564894999275552], [-98.53442574003913, 22.564656029086574], [-98.53593917997777, 22.564945518986168], [-98.53805166001497, 22.56574550902692], [-98.54106091975154, 22.56590150905934], [-98.54518237007001, 22.56699830898187], [-98.54833557999407, 22.566357849403524], [-98.5503886802156, 22.565677369599904], [-98.55217448023384, 22.56422559974761], [-98.55525279951362, 22.559893079617588], [-98.5558644595367, 22.558072828956853], [-98.55629568960113, 22.55579694915598], [-98.55610544963676, 22.552301398918964], [-98.55589589007226, 22.550957489754893], [-98.55542266008126, 22.549765489244518], [-98.55465234965261, 22.548877979355797], [-98.55276361975632, 22.547941569619265], [-98.54945665966642, 22.54852516963232], [-98.5482076801124, 22.54935991932242], [-98.5474861799859, 22.5507875992822], [-98.54581609002932, 22.55109067889], [-98.54544396962434, 22.550374769227215], [-98.54596185036506, 22.549055739356202], [-98.54827783001186, 22.544833449680546], [-98.54721381970198, 22.54316742931779], [-98.54629142973685, 22.54239591923933], [-98.54494196962585, 22.542588799700276], [-98.54371549001938, 22.5434704893921], [-98.543182179992, 22.544506119396164], [-98.54413834989965, 22.54671284978026], [-98.54410800036842, 22.54773917930611], [-98.5436958900216, 22.548872769649186], [-98.5428387496329, 22.549753179334207], [-98.54020465003259, 22.55027725976774], [-98.53768297029778, 22.550627148888456], [-98.53594700034745, 22.55039173895513], [-98.53393882995282, 22.54928490960998], [-98.52933026021427, 22.54572061896364], [-98.52772180030956, 22.54355444906399], [-98.52695487960436, 22.5366411791232], [-98.52783426041847, 22.5330451195269], [-98.53010018027229, 22.528023539255553], [-98.53074867982328, 22.526255349561975], [-98.53076608987803, 22.525274059041053], [-98.53004941975286, 22.524591579051712], [-98.52494046031273, 22.521629339254822], [-98.5233063400349, 22.52047044964423], [-98.52293499993111, 22.519406879210127], [-98.5237317404094, 22.516725029635047], [-98.52472108021195, 22.51597688915244], [-98.52636085001315, 22.515468819732668], [-98.52789899987076, 22.51582137908266], [-98.5321519696131, 22.517626258976172], [-98.53727136969718, 22.520568909618415], [-98.5384886502178, 22.520947109597962], [-98.53954599964558, 22.520638179103894], [-98.54252685991385, 22.51902551908657], [-98.54528788992614, 22.517002878967887], [-98.5465097099503, 22.514825719126755], [-98.5465393498299, 22.513140999303307], [-98.54498411959433, 22.509110779075385], [-98.5444363796437, 22.50619662895321], [-98.54470390960333, 22.50059621917421], [-98.54495341987341, 22.498588429063634], [-98.5454196898112, 22.4972887791631], [-98.54512117985247, 22.496286909644923], [-98.54408925005687, 22.495478259126546], [-98.53986338029245, 22.489411109794787], [-98.53757742952365, 22.483572289049246], [-98.53666786048417, 22.478097308973684], [-98.53563746038144, 22.476849109157897], [-98.52675543029291, 22.471402799422005], [-98.52591894013416, 22.47025284921888], [-98.52583594961959, 22.469300428905576], [-98.5261398195354, 22.468666429277114], [-98.52773682981534, 22.46793573922068], [-98.5300226303777, 22.46767671890483], [-98.53519340018013, 22.467838139327025], [-98.53665962976407, 22.46757376974156], [-98.53771857032918, 22.46667350914603], [-98.53830449018007, 22.465429939159495], [-98.53832977039573, 22.464282428911876], [-98.53796718003328, 22.463182688966697], [-98.53631769014787, 22.460223599009172], [-98.53554402017474, 22.45958656948271], [-98.52532592019743, 22.45452704903944], [-98.51850571006962, 22.451454659734253], [-98.5177547103545, 22.45062256951018], [-98.5174636599731, 22.44940573932058], [-98.51702914032923, 22.448593819315594], [-98.51582623045013, 22.447515819251223], [-98.51464271012291, 22.44707285929972], [-98.51345800045735, 22.446947249025968], [-98.51237982023089, 22.447236969321654], [-98.51125644980647, 22.447967029413167], [-98.50928340046545, 22.451598019484422], [-98.50770262039208, 22.45379070890763], [-98.50437217039354, 22.457247549725352], [-98.50225689029223, 22.458266579627114], [-98.49152350979745, 22.458941229501814], [-98.48859436998855, 22.458565749195955], [-98.48530658022375, 22.45608931967884], [-98.48302771007809, 22.454641149265278], [-98.4820920897634, 22.453298339064627], [-98.48215451966963, 22.4519528492448], [-98.48288949029943, 22.4511015094235], [-98.48783353985563, 22.442741749046668], [-98.49073511978649, 22.438771029452955], [-98.49184428005735, 22.43589342901369], [-98.49190010989496, 22.432426569145722], [-98.49156529043933, 22.42969085977139], [-98.49063909033312, 22.427474489411694], [-98.49091982028649, 22.42717222957843], [-98.49083051043317, 22.42659861974201], [-98.48912856974101, 22.4254989497477], [-98.488696780203, 22.424971399599098], [-98.48849460047028, 22.424254259684897], [-98.48943970955901, 22.422779459587932], [-98.49128993981944, 22.420859708934593], [-98.49134118024915, 22.420020229369708], [-98.49160794955338, 22.419539659732017], [-98.4921382799018, 22.419474149003875], [-98.49289641955468, 22.41970044945936], [-98.49329262956888, 22.42007113965808], [-98.49342341972098, 22.42055293936484], [-98.49276794987406, 22.4219055190726], [-98.49270510998429, 22.422621819489944], [-98.49337591975178, 22.42367628927723], [-98.49384551972005, 22.4237449190946], [-98.49551117042849, 22.422888109491147], [-98.49612526038052, 22.42297957945154], [-98.49684962023873, 22.424026889291472], [-98.49698419995897, 22.4247280495185], [-98.49680940022374, 22.425255139007284], [-98.49643002023623, 22.42533154904663], [-98.49526542024381, 22.424777279776308], [-98.49393013973747, 22.425461179622328], [-98.49360387979311, 22.426096619219546], [-98.49372155048842, 22.426828079424393], [-98.49427538013381, 22.427242649694335], [-98.49516488973524, 22.42743421922502], [-98.49598767989917, 22.427222339705576], [-98.49678844962935, 22.426676428994046], [-98.49800668985084, 22.42671993905699], [-98.499624939638, 22.42730773973981], [-98.50035777025606, 22.428217779673094], [-98.50376105965776, 22.429131259049], [-98.50435391013171, 22.42949407922831], [-98.50638851019454, 22.429266719118772], [-98.50689349018182, 22.428631229051835], [-98.50698940013434, 22.427357449645715], [-98.50825090964919, 22.42602353927081], [-98.5085273496983, 22.425387349327476], [-98.50830081997543, 22.424834569720115], [-98.50878225005795, 22.424390108966893], [-98.50910468956572, 22.423669109493915], [-98.5110952801157, 22.42293194905385], [-98.51146375012746, 22.422271399281538], [-98.51192115005423, 22.42200011914276], [-98.51215347970673, 22.42120588915246], [-98.51151672019634, 22.42033334906863], [-98.51012614998442, 22.419394829261513], [-98.50951345992884, 22.418182619196017], [-98.50959714988653, 22.416387949714352], [-98.51137885034633, 22.41580001908241], [-98.51180364991075, 22.414740829662595], [-98.51229354012423, 22.41450242978859], [-98.5132903796304, 22.41301573926693], [-98.51430991984645, 22.412816819446434], [-98.51492077954659, 22.412944909740034], [-98.51532712009744, 22.41328697893028], [-98.51573720002538, 22.41255227901511], [-98.51628034008816, 22.412843249715287], [-98.5168540303813, 22.41193597924625], [-98.51765526037013, 22.41200151932641], [-98.51801085021113, 22.4113082291511], [-98.51861014956943, 22.410842889001145], [-98.5200136298081, 22.410881338934242], [-98.52020215024972, 22.411361629669386], [-98.52077237968653, 22.411451689141174], [-98.521507710442, 22.410936259160867], [-98.52197169003155, 22.410319029394692], [-98.52204267980532, 22.40942290907658], [-98.52239664957057, 22.409196689583982], [-98.52249319970652, 22.408767738909997], [-98.5231461195591, 22.408504569775985], [-98.52378650995588, 22.4079383494888], [-98.5246568596341, 22.40765053968331], [-98.52536172020883, 22.40678071909391], [-98.52623070970904, 22.407007429674206], [-98.52723643007394, 22.40685888954898], [-98.52768639974889, 22.406355219750505], [-98.52858197040202, 22.406635579519566], [-98.52903465975243, 22.406492879332042], [-98.52944023014304, 22.405905849242004], [-98.53040606019432, 22.40549204928394], [-98.53142444964745, 22.40560862930987], [-98.53271534989152, 22.40547348926487], [-98.53537694994529, 22.405721029520112], [-98.536817979686, 22.405371679255264], [-98.53765121975981, 22.405523419075966], [-98.53811172047358, 22.405928739459277], [-98.53871076990431, 22.405513819532924], [-98.54016265025759, 22.40599768952365], [-98.54046305953047, 22.405518819612517], [-98.54074762023133, 22.405734249333815], [-98.54132433965863, 22.40574370894098], [-98.54252972035353, 22.40446479977024], [-98.54267573987644, 22.403727579196897], [-98.54235092002837, 22.403360549557252], [-98.54274637034497, 22.402894569345893], [-98.54308534986899, 22.40297313892263], [-98.54335852019072, 22.40261854929722], [-98.54392923022684, 22.40255704976919], [-98.54427065007204, 22.402002519274596], [-98.54495736979396, 22.40191448896532], [-98.54472863040498, 22.401244749553573], [-98.54485762958164, 22.401107818938016], [-98.54531842971095, 22.40142473944994], [-98.5457000501534, 22.401034449746348], [-98.54570221952106, 22.40036533931038], [-98.54608310959338, 22.40018965936033], [-98.54707358033458, 22.40053330977659], [-98.54773948018244, 22.40043416931268], [-98.54845854033543, 22.400701309020135], [-98.54873126027002, 22.400373829325375], [-98.54942333963503, 22.40057774935723], [-98.55013072004037, 22.40025147950669], [-98.55059211019861, 22.40039162925483], [-98.55120519982499, 22.399812599667925], [-98.5524599501581, 22.40049622930002], [-98.55517790986536, 22.400087119081892], [-98.55720097023685, 22.400357778929248], [-98.55923983041384, 22.399921509592325], [-98.55994700038016, 22.40018837899004], [-98.5605041402209, 22.40011414961808], [-98.56091870963691, 22.399471048998493], [-98.56142089014426, 22.39959864897544], [-98.56180002017994, 22.39997842973633], [-98.56252007991863, 22.39992987913143], [-98.56311522982877, 22.400739459154465], [-98.56344177022874, 22.40056359974066], [-98.56398459965888, 22.400729179435928], [-98.56515322012191, 22.400580829292668], [-98.56566832028163, 22.400923079549777], [-98.56626581973862, 22.400975179252214], [-98.56651152000929, 22.400584479009794], [-98.5668242597598, 22.400484309617344], [-98.56734915027467, 22.40137008909946], [-98.56851281983069, 22.401578428986657], [-98.56893496960298, 22.40138053972437], [-98.56917210961353, 22.400429659466223], [-98.56968702017141, 22.400530519269385], [-98.56992324957218, 22.40035391956683], [-98.570490829952, 22.399052149062573], [-98.57084560003892, 22.39860421922361], [-98.57135274982342, 22.398397539492834], [-98.57098259997572, 22.396179489635152], [-98.57134965028374, 22.395567349540954], [-98.57209107972452, 22.39578828953709], [-98.5722807804245, 22.395383689479182], [-98.57271757000731, 22.395078289310206], [-98.57324783010307, 22.395013999001492], [-98.57393329016983, 22.394271318982028], [-98.57493551990595, 22.39394548904326], [-98.57544146016174, 22.394132939117593], [-98.57538151029942, 22.394483139313316], [-98.57556951006633, 22.394636909074347], [-98.57634780028614, 22.394354309078054], [-98.57624968964491, 22.39562953923447], [-98.57650826006105, 22.395816319556705], [-98.57742640043313, 22.39603770975806], [-98.57780707954441, 22.394801509142496], [-98.57864353955652, 22.39475990961671], [-98.57950094018804, 22.39558325969449], [-98.58010111004684, 22.395781909691042], [-98.58063162989053, 22.39562997957228], [-98.58101971971942, 22.395839029754914], [-98.58077117021213, 22.396232539736722], [-98.58094732019542, 22.396419109440707], [-98.58145458011178, 22.396168619439532], [-98.58191348000501, 22.39638384923541], [-98.58212668997827, 22.39599024976034], [-98.5826448200029, 22.396046319677954], [-98.58296132025906, 22.39656171934731], [-98.5829130302307, 22.396955749164103], [-98.58348231034384, 22.397288479650342], [-98.5843321101067, 22.396721339067348], [-98.58469671980816, 22.39690839921624], [-98.58542737952483, 22.396800779620893], [-98.58562970951994, 22.39610057920839], [-98.58609058043476, 22.395598139684548], [-98.58656074995089, 22.3959387494752], [-98.58739797004316, 22.3956452792935], [-98.58813727961116, 22.394895149051624], [-98.58951814036534, 22.39473159965858], [-98.58977464977242, 22.394431599637972], [-98.59012045985936, 22.394528109299824], [-98.59024105044362, 22.394876178995414], [-98.59113837026082, 22.395104509293983], [-98.59093116956494, 22.3955821494096], [-98.59100465976996, 22.39604314957977], [-98.59134999969046, 22.39630485915418], [-98.59205140001058, 22.3963587789904], [-98.59166091994594, 22.395540539210465], [-98.59232571022788, 22.395316169549012], [-98.59277374960281, 22.3956476797132], [-98.59318247975395, 22.396631169612895], [-98.59368678004502, 22.396910649716293], [-98.59413622040945, 22.396763968906775], [-98.59462195027375, 22.396999939481354], [-98.59475994960886, 22.39780014933314], [-98.59426850972326, 22.398390849737734], [-98.59449220045938, 22.398669619621167], [-98.59506294976504, 22.39861887953883], [-98.59544783034698, 22.398159059321387], [-98.59597186014183, 22.39809079928368], [-98.59593557972603, 22.397699479572342], [-98.59628323038946, 22.397169979155375], [-98.59672800010166, 22.39714196915913], [-98.59722705985955, 22.397494029460244], [-98.59715059999918, 22.39805896906482], [-98.59880006019254, 22.40023664952844], [-98.59912769021707, 22.400159219345532], [-98.59935315044916, 22.399829379350223], [-98.6001855500683, 22.399874919515387], [-98.60100780017211, 22.40020733968454], [-98.60153209044712, 22.400052109270096], [-98.60166834981501, 22.399725029406564], [-98.60213618020259, 22.399682719326115], [-98.60249288026965, 22.39925757952465], [-98.60298778002308, 22.39956310941461], [-98.60331399983177, 22.399981219179548], [-98.60335878036557, 22.40068556974112], [-98.60376334032429, 22.40095897915168], [-98.60482925018495, 22.40113548920202], [-98.6054074197875, 22.401780278908387], [-98.60597759954548, 22.40193814898437], [-98.60627570959205, 22.402373618987745], [-98.60619781958655, 22.40346019941325], [-98.60689748006278, 22.404148749278168], [-98.6073631795511, 22.405074079686866], [-98.6071833502721, 22.4055038191971], [-98.60812328012294, 22.405251489715056], [-98.60844908977386, 22.405361399411053], [-98.60848605010104, 22.406137398938952], [-98.60913868991582, 22.405993509758687], [-98.60943748987462, 22.40643067961691], [-98.60905842000395, 22.40670859956428], [-98.60844574016969, 22.406561629679278], [-98.60804052046096, 22.406851629722492], [-98.6080395101494, 22.407215339075428], [-98.61226575000231, 22.407322519413036], [-98.61284907961225, 22.408657509625872], [-98.61375211997564, 22.408925049666255], [-98.61656157044233, 22.407589019638408], [-98.61735360044162, 22.40683833976162], [-98.61824415012488, 22.40489227890178], [-98.61911842980899, 22.404535939329584], [-98.62028164962679, 22.404471599554526], [-98.62042374029824, 22.404235909003308], [-98.62029402955032, 22.403956769341118], [-98.61979925999822, 22.40361613916287], [-98.62063530952346, 22.403181659297864], [-98.62119861977999, 22.40229794931984], [-98.624446179831, 22.40282414895912], [-98.62639340017122, 22.40204704975423], [-98.62690122977561, 22.40216097931816], [-98.62708993974098, 22.402492719431702], [-98.62691407985582, 22.403035049666514], [-98.62663337984777, 22.40319697972537], [-98.62668875043366, 22.403724079724963], [-98.62625836972745, 22.40425730931418], [-98.62630908970932, 22.404544459239933], [-98.6266350803258, 22.404545219541365], [-98.62768519968515, 22.40324796961129], [-98.6286277101334, 22.403696649064827], [-98.62890965960013, 22.404127859367488], [-98.62957059998548, 22.40400179964118], [-98.6296470503794, 22.40428901938996], [-98.62940581955408, 22.40467119953793], [-98.62976548960897, 22.404919199422622], [-98.62948097038733, 22.405448769669526], [-98.6297966203175, 22.406127229624452], [-98.63033685959564, 22.406216169277144], [-98.6306790597678, 22.406583719520015], [-98.63038655012528, 22.406894029684928], [-98.63040283005434, 22.407228949335263], [-98.63078860012182, 22.4073414790654], [-98.6314583497999, 22.407127709394477], [-98.63191226018564, 22.407431719260718], [-98.63224742997991, 22.407209229231135], [-98.63264193965368, 22.40726593902814], [-98.6326838603713, 22.40764079939191], [-98.63185816996133, 22.408420318940014], [-98.6319944904089, 22.408779449488417], [-98.63284405010049, 22.408709599443448], [-98.63273171989215, 22.409012339208108], [-98.63289397022122, 22.40929974908086], [-98.63279785997771, 22.409555518991514], [-98.6319713697165, 22.409927419340484], [-98.6320689102859, 22.41016819954834], [-98.63224689014199, 22.410367689224227], [-98.63266635024785, 22.410385229181625], [-98.63321225990396, 22.409838978939383], [-98.63494281976428, 22.41022448957234], [-98.6352355098889, 22.41093022967118], [-98.63493125990755, 22.411236459611956], [-98.63492136977557, 22.411601419776353], [-98.63577690992197, 22.412109348984107], [-98.63597506003838, 22.411421309527142], [-98.63617151974081, 22.411388569145583], [-98.63688356995368, 22.412161618937894], [-98.63642827964406, 22.413067179038666], [-98.63600790970185, 22.41338974930368], [-98.63609637970912, 22.41368856910017], [-98.63725626028766, 22.413873678974305], [-98.6381559996184, 22.41452402948286], [-98.63891865994486, 22.41402545961537], [-98.63987331993042, 22.412841679064353], [-98.64024888952113, 22.411418169557535], [-98.64128555002708, 22.411462349466298], [-98.64182871017621, 22.41128196949352], [-98.64205365020166, 22.410772829409204], [-98.64393745000339, 22.410054339273795], [-98.64481540007665, 22.41047519927543], [-98.6455202497425, 22.410547489105916], [-98.64640112020896, 22.409805819739198], [-98.64706650966433, 22.40960827917899], [-98.64856529012293, 22.40962202967678], [-98.64883496996367, 22.409936799347335], [-98.64915045996013, 22.409947949762177], [-98.64926444964446, 22.409435018928768], [-98.64991942967298, 22.40889182925097], [-98.65043762004073, 22.408966279301815], [-98.65065108043102, 22.409228549661588], [-98.65204310954262, 22.408280968934744], [-98.65328328032857, 22.40794282891165], [-98.65369737014184, 22.40814770923687], [-98.6543288898784, 22.409191679347668], [-98.65493791018093, 22.40922928933402], [-98.65525634010353, 22.408910319739633], [-98.65511365040696, 22.407436749787053], [-98.65555378020271, 22.406961709345964], [-98.65624844962106, 22.407116199275244], [-98.65677165014047, 22.407581948958743], [-98.65762574001035, 22.407368449512386], [-98.65884815004148, 22.406135749665367], [-98.65987154022432, 22.406500549043233], [-98.66036085006277, 22.405866949011386], [-98.66076285978345, 22.40601511956863], [-98.6611658797573, 22.405766648892623], [-98.66203138008264, 22.405870458976384], [-98.6622396798677, 22.40546290928483], [-98.66376422957902, 22.405318749680077], [-98.66498694009455, 22.403938689128548], [-98.66578003006852, 22.40372501948312], [-98.66635247966407, 22.403998179591486], [-98.66663205022171, 22.404372738965538], [-98.66780316963775, 22.40414848906372], [-98.66798525956379, 22.404488849457472], [-98.66682525980893, 22.405944429566752], [-98.66703183040075, 22.406153349495327], [-98.66808587991395, 22.40556211972713], [-98.66903517957924, 22.405467849636082], [-98.66971010992248, 22.404651309024253], [-98.67022731021495, 22.404860849274204], [-98.6708881496103, 22.405673479149087], [-98.67304579978787, 22.406052339239587], [-98.67389397956576, 22.40587519894758], [-98.67394718021902, 22.4062609694037], [-98.67365236989752, 22.406671599055755], [-98.67428368024606, 22.407197309129263], [-98.67467304992535, 22.40700711924841], [-98.67481973967357, 22.407322659746214], [-98.67462179988897, 22.40778242951475], [-98.67487656969912, 22.408017909129335], [-98.67549737028712, 22.40774021969342], [-98.67549871044321, 22.408376398983986], [-98.67587897973546, 22.4083253094905], [-98.67666157988528, 22.40893284897934], [-98.67709919959806, 22.408927219555103], [-98.67735328027918, 22.408369369456928], [-98.67811030978984, 22.408228819071994], [-98.67878705014914, 22.40773701967346], [-98.67850356985518, 22.407474688916473], [-98.67787954990331, 22.40741241921518], [-98.67753325967547, 22.407040259067852], [-98.67794705030964, 22.406629919661096], [-98.67891055027063, 22.406696259475236], [-98.67956422992405, 22.405686369236633], [-98.68047581959931, 22.405726169556473], [-98.6808819701831, 22.406224549763206], [-98.6815602500207, 22.406198489052187], [-98.68166417021806, 22.405883459084446], [-98.6825508200808, 22.40570425973491], [-98.68311037002947, 22.405296948987385], [-98.68380347970295, 22.405229778970895], [-98.68490545021095, 22.40547073903872], [-98.6866390195836, 22.40502737914527], [-98.68731924981384, 22.405107949756452], [-98.68800236983036, 22.40394328971564], [-98.69033622036866, 22.402738339694285], [-98.69216226030257, 22.402837199520075], [-98.69386872026787, 22.40423759915615], [-98.69468349044932, 22.4041060791924], [-98.6965087403125, 22.403150489290127], [-98.69685711986261, 22.402481339370258], [-98.69664601996458, 22.402043049347196], [-98.69685005035348, 22.401773598990715], [-98.69847672003398, 22.402322429255875], [-98.69862265983517, 22.402707219097042], [-98.69900978040667, 22.40262110974207], [-98.69951825966363, 22.401952249257754], [-98.70081991021776, 22.402572689634614], [-98.70151316997222, 22.40213174944744], [-98.70158480001805, 22.40053982946874], [-98.70186574046048, 22.400193029501256], [-98.70227945982496, 22.400156569786784], [-98.70300147978061, 22.39945085950421], [-98.70372188012011, 22.399501799698417], [-98.70410777037716, 22.399998679215347], [-98.70472108992581, 22.40021065928447], [-98.70508166012449, 22.400062479394645], [-98.70514224965576, 22.399120259352138], [-98.70602509003496, 22.398774689227114], [-98.70629931007922, 22.398427339456283], [-98.7075142804144, 22.3980574195175], [-98.70815381969969, 22.397252829402817], [-98.7092528195568, 22.39730742958988], [-98.71013185965421, 22.396795938931653], [-98.71065840024295, 22.39692513976464], [-98.71173657008129, 22.396492629779527], [-98.71245426026218, 22.395855569309], [-98.7128552604623, 22.396031179277553], [-98.71358357009642, 22.395635999190375], [-98.71367268959305, 22.394983169528313], [-98.71412508046666, 22.39457584918595], [-98.71442380020176, 22.39465388978892], [-98.7151113201345, 22.394284348971286], [-98.7163110004342, 22.39261817975438], [-98.71717653958231, 22.391857628952142], [-98.71807834972265, 22.391878629640477], [-98.71830524997878, 22.39081396893659], [-98.71900768022161, 22.3910279992948], [-98.71913770989315, 22.391484779334082], [-98.71971565996061, 22.391708999514584], [-98.72099299988498, 22.391457548908505], [-98.72077701978864, 22.390310688969887], [-98.7213387400912, 22.38982482970495], [-98.72191239969244, 22.39009957892999], [-98.72221856973567, 22.389785579194626], [-98.72294474035154, 22.3895613794174], [-98.72289748010755, 22.389340999388256], [-98.72333893967703, 22.3893531496193], [-98.72350096960052, 22.38972467918709], [-98.72380627952036, 22.389857089673956], [-98.72496372001159, 22.38951410917919], [-98.7257385100088, 22.38952556891816], [-98.72638276955932, 22.38977922898468], [-98.72667098029225, 22.38910516979592], [-98.72644270998644, 22.388648219070937], [-98.72679288955842, 22.388151649398846], [-98.72826589030585, 22.38827588973306], [-98.72862634991985, 22.388093879100126], [-98.72909517953983, 22.388317879118155], [-98.72942314995896, 22.38801402972114], [-98.72930463004943, 22.387232598992576], [-98.72888029012638, 22.386616649442534], [-98.72896872029958, 22.385994229076065], [-98.72954731962466, 22.385873449164126], [-98.72962435034245, 22.38553876891613], [-98.72917730975506, 22.38535537942678], [-98.72941806019297, 22.385000689034648], [-98.73117176967428, 22.383481259210107], [-98.73104691975458, 22.382178688999822], [-98.73155217038138, 22.38178290943999], [-98.73150718005148, 22.381256079364256], [-98.73239805009044, 22.38161257908081], [-98.7337733999608, 22.381685949009253], [-98.73448948003211, 22.38079345888723], [-98.73617257016576, 22.381190819757453], [-98.73631834008958, 22.381764509085755], [-98.73667334009431, 22.381840969274286], [-98.7416968600374, 22.381870259548933], [-98.74284879994579, 22.38177037958726], [-98.74409516969855, 22.3803616792978], [-98.7448158002624, 22.38012944904989], [-98.74537091958818, 22.380901419051526], [-98.7459395700885, 22.38086534913374], [-98.74716239985432, 22.37986933907239], [-98.7474034799123, 22.379301539540936], [-98.74782910963815, 22.3792819096918], [-98.74819197999338, 22.378964138940244], [-98.74865260003361, 22.37766617971346], [-98.74915497004662, 22.37744374960224], [-98.74992117969312, 22.376557399633043], [-98.74996613977777, 22.375826969541244], [-98.75055651014151, 22.375198819027872], [-98.75035119995856, 22.37406214940237], [-98.75065809045566, 22.373301679207287], [-98.75054342017063, 22.372272429053346], [-98.75112532014283, 22.371945059471358], [-98.75120283025235, 22.37131611978342], [-98.75089871018098, 22.37052427927509], [-98.75167608045334, 22.369023859660093], [-98.75380431030536, 22.368732879188773], [-98.75420891974125, 22.368226179024205], [-98.75455825009865, 22.368125259651993], [-98.7545468796842, 22.36839917969658], [-98.7548738299198, 22.36861273903808], [-98.75615210964472, 22.367660948952885], [-98.75640432021903, 22.366940969098597], [-98.75893478005824, 22.36631273962732], [-98.75992858032221, 22.366379919642362], [-98.7611170297152, 22.366943179267114], [-98.766854629536, 22.367146829175734], [-98.76896913968615, 22.366913079169098], [-98.77032041985866, 22.366015289017277], [-98.77251216950766, 22.365213259762655], [-98.77330733993833, 22.364404569680126], [-98.77561997031218, 22.364223568945512], [-98.77815552004733, 22.365644429334125], [-98.77968360024863, 22.365670108896673], [-98.78085456976193, 22.36612159924815], [-98.78228084979698, 22.366099849722595], [-98.78410540009149, 22.36534242939189], [-98.78643128987373, 22.365979089561417], [-98.78899701974689, 22.364782259233056], [-98.7898434798179, 22.363926648966245], [-98.79076991035366, 22.36253414921935], [-98.79189150996109, 22.361868059024378], [-98.7969621203473, 22.361668689671014], [-98.80316178025153, 22.36190654919331], [-98.80559916965339, 22.361575109546663], [-98.80760803020496, 22.361819859142727], [-98.8084917397467, 22.361591518995667], [-98.81123145012016, 22.361517399542347], [-98.8123332000838, 22.359712019535692], [-98.81449977983625, 22.35829785948487], [-98.81682665018411, 22.35739619961124], [-98.8178095698059, 22.357641879314002], [-98.8193193996409, 22.357360379077516], [-98.82022042978734, 22.35667917949938], [-98.82146731973612, 22.356255799479523], [-98.82304515005464, 22.35693973916326], [-98.82362457043587, 22.358703799255363], [-98.82559459980456, 22.359326689621614], [-98.82726971015656, 22.35879921897667], [-98.8279016896932, 22.359278369292664], [-98.828210399574, 22.3598070490478], [-98.8291692304685, 22.36041007898206], [-98.83096795020485, 22.360791018967102], [-98.83466229039851, 22.360817139526674], [-98.83579768961233, 22.361326399151228], [-98.83686578039841, 22.362582429795616], [-98.83933750993178, 22.36286061954215], [-98.84132442043125, 22.3635628794545], [-98.8440282203795, 22.36614961913679], [-98.84708484993033, 22.366432598922515], [-98.84877837000526, 22.3677149195084], [-98.84987705975227, 22.368126918954335], [-98.85063834043639, 22.367932969023343], [-98.8516058496717, 22.368312679070925], [-98.85270095001509, 22.3683611094249], [-98.85369448041786, 22.36819622965476], [-98.85601335016926, 22.36718005975088], [-98.8591381402993, 22.364740599614336], [-98.86132835036956, 22.36486093912937], [-98.86479103047942, 22.366142399581697], [-98.86514799982287, 22.365716459074378], [-98.86570831042056, 22.365740599770373], [-98.86746504998067, 22.366405059435664], [-98.86942517990232, 22.36759059904806], [-98.8722894900047, 22.367412979346245], [-98.87292548980412, 22.36582025968914], [-98.87451538033588, 22.363229339618155], [-98.87561654954057, 22.36197477911955], [-98.87742152034045, 22.36181359919958], [-98.87858433976797, 22.359980539758077], [-98.88063251006068, 22.358297459130917], [-98.88198131983411, 22.358672909632865], [-98.8826606798755, 22.358468149582652], [-98.88324628955253, 22.357819179224638], [-98.88455420020738, 22.357046539678034], [-98.88538691029768, 22.356242079282612], [-98.88697285957154, 22.35564924953573], [-98.88766524952537, 22.355830179549468], [-98.88853487957797, 22.355108489022587], [-98.88999724959474, 22.355093509721325], [-98.89161748000284, 22.355826399446162], [-98.89266668047718, 22.356647339642468], [-98.89461602971936, 22.357096019492754], [-98.89509731996569, 22.35775917894696], [-98.89525261969395, 22.358837429513517], [-98.89696042038132, 22.359146509308356], [-98.89727108967813, 22.360892969709408], [-98.89644516953555, 22.362299138948693], [-98.89706740014063, 22.362867749647954], [-98.89738443044861, 22.363655369493923], [-98.89857639976454, 22.36458968937475], [-98.89871169026743, 22.365426429319648], [-98.89903392003723, 22.365884399098213], [-98.89964508967294, 22.36599527926556], [-98.90034177016665, 22.365332679602044], [-98.9020283698537, 22.365906149495096], [-98.90306874025218, 22.366891059214502], [-98.90322663008986, 22.367844419654435], [-98.90857629001378, 22.370572629726567], [-98.90894940023388, 22.371291778990024], [-98.90985626041353, 22.371470599371204], [-98.91002225981455, 22.371704849291884], [-98.90986602987564, 22.372247658904694], [-98.91063631037811, 22.37252644910582], [-98.91159373983683, 22.37349190943563], [-98.91268071959831, 22.374216248983817], [-98.92534648018506, 22.372903619211314], [-98.93510701999564, 22.436517429740057], [-98.93875376974832, 22.455803539462256], [-98.9590805203515, 22.456675819050314], [-98.96873571984595, 22.502897349213075], [-99.01844309026255, 22.58502079944396], [-99.01400214988907, 22.586295819008658], [-99.02508955023049, 22.598383479102495], [-99.0261859999475, 22.59780297974521], [-99.0272816595621, 22.59961147963838], [-99.01186725968711, 22.60415417901452], [-99.01300351042686, 22.604805489467964], [-99.0143414204523, 22.606168249290914], [-99.01355688047634, 22.606419479533105], [-99.01605449011782, 22.6091004590477], [-99.01436762043949, 22.61005911919312], [-99.01577067972559, 22.611568848985847], [-99.01749534003143, 22.611517279346277], [-99.01772416978729, 22.612821849051954], [-99.01700979762163, 22.61283939984881], [-99.01953085022802, 22.615523459151653], [-99.02170097975726, 22.615582379244305], [-99.02245602026186, 22.61675056977179], [-99.02258653973149, 22.616463798882407], [-99.02451993972927, 22.618510739769402], [-99.02488183040099, 22.619418379324514], [-99.03631294026039, 22.636100739743355], [-99.05158042960961, 22.636236229011214], [-99.06387478014294, 22.628646969225418], [-99.06505774996825, 22.637436519702664], [-99.07063417972913, 22.662205249083662], [-99.07432368019798, 22.681274169163448], [-99.07612404970774, 22.689211859686417], [-99.07874500021296, 22.702542369140957], [-99.08133633982175, 22.717200619136065], [-99.07552974046075, 22.717425719262703], [-99.086507740387, 22.746916509617698], [-99.11650748028707, 22.75148917952678], [-99.11911741962642, 22.75811367955255], [-99.11704316968749, 22.757825139525536], [-99.1164010002954, 22.765008829008995], [-99.1254822602749, 22.766185779035943], [-99.12347918044708, 22.781511719590526], [-99.11351731021527, 22.779909479630103], [-99.09499768010912, 22.77551379891297], [-99.09474039972449, 22.773702579621975], [-99.0924309095872, 22.773353418906233], [-99.09356111980043, 22.783252949513688], [-99.10529391985041, 22.786094509099623], [-99.09661267957665, 22.792997659623524], [-99.098387479988, 22.79841202909505], [-99.10293784994057, 22.79807654939572], [-99.10448388996787, 22.801330969516016], [-99.10828159961883, 22.810772429061203], [-99.11821694048861, 22.83884176928319], [-99.11212357042027, 22.837947859332562], [-99.11490824959849, 22.843032849239233], [-99.11427134041817, 22.843180999392683], [-99.11497125020232, 22.843297489743062], [-99.11530222005362, 22.84441994963574], [-99.11622945028515, 22.845483279158376], [-99.11780181978826, 22.849220459474434], [-99.1190715097757, 22.850693109173932], [-99.1199747497088, 22.852236919498598], [-99.12017994997149, 22.85215347931051], [-99.12110620032573, 22.852564449785618], [-99.12120814007227, 22.853027549455735], [-99.12125874985392, 22.853779708879127], [-99.11886677962154, 22.85557421946429], [-99.11380665012058, 22.85860921888861], [-99.11202071982493, 22.85888799897004], [-99.10882895028716, 22.86022284895093], [-99.10730027963977, 22.860247509207454], [-99.10385123024909, 22.85699157953289]]]}}, {"type": "Feature", "properties": {"CVEGEO": "28022", "CVE_ENT": "28", "NOMGEO": "Tamaulipas", "CVE_MUN": "022", "NOMMUN": "Matamoros", "cov_": 2001, "cov_id": 2002}, "geometry": {"type": "Polygon", "coordinates": [[[-97.86087459971252, 26.069862149436656], [-97.86040860041511, 26.069516218842782], [-97.85980640044302, 26.068305249702636], [-97.85941319966258, 26.066020089206443], [-97.85945573958134, 26.065352138961842], [-97.85995381979313, 26.06404184902063], [-97.86146477965818, 26.06271251958209], [-97.86235811992701, 26.06097639966966], [-97.86228413991041, 26.05929687910165], [-97.86156426010406, 26.056374418891323], [-97.86135167951247, 26.05389187895779], [-97.86100164951716, 26.052961419570927], [-97.8605951999376, 26.05274582880461], [-97.85985223007533, 26.052762319499994], [-97.85748078007171, 26.053470089637777], [-97.85670097993692, 26.053385629707417], [-97.85384550995383, 26.05245941949429], [-97.85052920044302, 26.0519277396648], [-97.8472754600161, 26.05237453964402], [-97.84286265002137, 26.053577949545108], [-97.841400570283, 26.053566318922176], [-97.8392026299448, 26.053108539690847], [-97.83812316998058, 26.052741339626092], [-97.83758541996241, 26.052345818856608], [-97.83613795024928, 26.05085085885326], [-97.83586043031326, 26.04971122931128], [-97.8357807699737, 26.047162939159577], [-97.83523036968121, 26.04622947897704], [-97.83426178047489, 26.045602218841722], [-97.83314220013119, 26.04564210952152], [-97.83277931043534, 26.045834829265257], [-97.83233223021848, 26.047232979250175], [-97.82993262994192, 26.0489413391119], [-97.82869202973406, 26.05026785948645], [-97.8276167398202, 26.052046679355794], [-97.82666805022491, 26.054875169254437], [-97.82584632003103, 26.055822779691148], [-97.81928570990836, 26.056584309437483], [-97.81822177028955, 26.05647773892242], [-97.81651789013908, 26.05577554963638], [-97.81549761968395, 26.05490325905049], [-97.81468395028595, 26.053233999025483], [-97.81464295043146, 26.051920769113327], [-97.81520875040012, 26.049496848963614], [-97.81649818028123, 26.046918969038796], [-97.81663037045648, 26.046333289319467], [-97.81645917996542, 26.04540267950531], [-97.81585363012759, 26.044582818883104], [-97.81474102964768, 26.04393799958256], [-97.8133708604635, 26.043763688915938], [-97.81241117955756, 26.04406557968439], [-97.81143193967591, 26.04451382879753], [-97.81098949010516, 26.045439309060576], [-97.81110117984552, 26.04665177923285], [-97.81208124958167, 26.04791488915959], [-97.81241270990593, 26.049074879021386], [-97.81215793960331, 26.05286733921852], [-97.8112673698132, 26.055256149337684], [-97.80966041981318, 26.05708471949128], [-97.80802961952526, 26.058122629086657], [-97.80333559973234, 26.05993717880341], [-97.80253899986407, 26.060158819086194], [-97.80109270964614, 26.060210168852134], [-97.80053674037723, 26.05984702889442], [-97.80021676998672, 26.059355398828814], [-97.7997277495919, 26.05418007934198], [-97.7988780900532, 26.052839878967177], [-97.7983583998248, 26.052460689388234], [-97.79695276992557, 26.05222076880825], [-97.79474635028784, 26.052626169079012], [-97.793276680231, 26.053363708981237], [-97.79277260049804, 26.053229029233492], [-97.78992245041606, 26.05126553926774], [-97.78938713977253, 26.050657949079724], [-97.78882185041412, 26.049447119625512], [-97.78876054024666, 26.048387029254666], [-97.78940251023691, 26.0473981190841], [-97.79175130995111, 26.047173289104744], [-97.7940408205012, 26.047469579040573], [-97.79481825017177, 26.047345689510898], [-97.7954384301188, 26.046715088877463], [-97.79605214971251, 26.04515719947569], [-97.79753048963974, 26.04355585922108], [-97.79779348996587, 26.042547419375065], [-97.797883179779, 26.04082039940606], [-97.79728452018657, 26.039348379604494], [-97.79598068004222, 26.037987969326007], [-97.79441566047203, 26.03569297951047], [-97.79172777986714, 26.03379597932986], [-97.78850565015019, 26.033111379045565], [-97.78709657957017, 26.033229939626104], [-97.78365882021438, 26.034064979676497], [-97.78308075047613, 26.034109048890226], [-97.78183893953151, 26.033772569007752], [-97.78062309042593, 26.032653909319297], [-97.77973909026935, 26.03086984881546], [-97.77897351964018, 26.029852748920174], [-97.77789884957613, 26.029208059376025], [-97.77737631004987, 26.02912211962294], [-97.77656179971619, 26.029343479163234], [-97.77628767969665, 26.029683418902078], [-97.77575862004996, 26.031977199105036], [-97.7749714896238, 26.033046348998912], [-97.77418896960329, 26.033659078994685], [-97.77264759993406, 26.034363219224428], [-97.77017881983599, 26.034892979700547], [-97.76934004956516, 26.035452458931942], [-97.7692988902904, 26.035941089531843], [-97.76933073972913, 26.03634888936895], [-97.77004405957206, 26.037186289319937], [-97.77229890956362, 26.03832321939473], [-97.77442227953114, 26.038759018974417], [-97.7756957404187, 26.03953585928452], [-97.77647857999392, 26.040634549309985], [-97.7769875201159, 26.042040689135064], [-97.77702644979824, 26.04360248964435], [-97.77678440036445, 26.044317739599265], [-97.77616277970428, 26.04507853931646], [-97.77418331014344, 26.04540751881862], [-97.77217291017423, 26.04605864898331], [-97.76938708026448, 26.04746596970133], [-97.76875470956355, 26.04752567922294], [-97.76803549002022, 26.047258908879098], [-97.76385638049848, 26.043801348851066], [-97.76267038018898, 26.041574478848034], [-97.76250149031347, 26.040464629280425], [-97.76303982027189, 26.037408168884674], [-97.76319728005686, 26.03442673881038], [-97.76419453982136, 26.028371289627376], [-97.76390217970348, 26.027358249559676], [-97.76345757970257, 26.02671876894756], [-97.76263463000262, 26.02602719888102], [-97.76153861979074, 26.02556133938298], [-97.75962274953022, 26.025838429399126], [-97.75878837020429, 26.026238629158225], [-97.75512582023305, 26.029564969000834], [-97.75449498009912, 26.030393369682425], [-97.75285996978452, 26.031398448972183], [-97.75219275009376, 26.03153921965426], [-97.75008408040695, 26.031260278886368], [-97.74883059973065, 26.03032041909599], [-97.74840657973175, 26.029460549474006], [-97.74931101969099, 26.027020909444133], [-97.74879454036922, 26.026364419414584], [-97.74800318043911, 26.026113079301258], [-97.74699004979172, 26.026348778954258], [-97.74606254023311, 26.027008939497968], [-97.74487533981834, 26.02887577915561], [-97.74277702030989, 26.02969417946437], [-97.74210935002765, 26.029688369058952], [-97.7401125801358, 26.029070419495575], [-97.73845297023463, 26.02900710952803], [-97.73527102970785, 26.028441509665758], [-97.73501652018517, 26.02861848961435], [-97.73501251985729, 26.02899339897321], [-97.73559179988011, 26.031492349258066], [-97.7354808001292, 26.03175211907918], [-97.73469155017912, 26.032006048930853], [-97.73362941996432, 26.031752259498663], [-97.73144542041976, 26.03176570917924], [-97.72876974014706, 26.031009379647262], [-97.72667859977429, 26.030779109658106], [-97.72424177970703, 26.030822908960157], [-97.7230105404324, 26.031186889568566], [-97.72138540045515, 26.0312703092866], [-97.71973137987085, 26.03102525953553], [-97.71842727987371, 26.0297912791396], [-97.7182027197755, 26.028860179662697], [-97.7188327095296, 26.02734991905112], [-97.72157398019475, 26.02407414892838], [-97.72142094956634, 26.023208889369656], [-97.72045545994756, 26.02302311970408], [-97.7190442899239, 26.02335290968083], [-97.71463672013128, 26.02540014941449], [-97.71060168955312, 26.025689199556993], [-97.70983901962147, 26.02584025961207], [-97.70949637008246, 26.026183198875096], [-97.70929511034919, 26.026442139051383], [-97.70951754025631, 26.02755251892585], [-97.70912143010679, 26.02913001939213], [-97.70940158019448, 26.033223749328624], [-97.70922072002084, 26.034599489181087], [-97.70834670959931, 26.03695510958781], [-97.70743875032714, 26.037750509081096], [-97.70712007977838, 26.037734569357518], [-97.70533549007908, 26.03689167925159], [-97.7041603700283, 26.03543041945236], [-97.70322206012023, 26.032113248902178], [-97.70290444999941, 26.031442119694432], [-97.70222558006347, 26.030816709439957], [-97.70152310957127, 26.030679939037483], [-97.69821905983171, 26.031129829545552], [-97.6972642595603, 26.03097451930976], [-97.69697917991328, 26.030645939394308], [-97.69787878041477, 26.025976149641668], [-97.69782071027197, 26.02468793903883], [-97.69755860024694, 26.02390653917589], [-97.69679147963508, 26.02310088920369], [-97.6947844801292, 26.021811349188262], [-97.69301719975631, 26.01922217957966], [-97.69265940010801, 26.018941798886242], [-97.69155987978506, 26.018817829001566], [-97.69060439963084, 26.019573229521033], [-97.68997105011805, 26.02136050965793], [-97.68996005963896, 26.02235459917327], [-97.69040323044509, 26.023075719630054], [-97.69237159985506, 26.024593109236182], [-97.69342509009691, 26.026540889412], [-97.69404436973242, 26.02930117903885], [-97.69385901973536, 26.03138573930074], [-97.69327069032771, 26.032358458978926], [-97.6928891797292, 26.03258314926708], [-97.69208039969196, 26.032282429087907], [-97.68891069046762, 26.028407179169932], [-97.68756943023698, 26.027302879570925], [-97.68207764952568, 26.02611190967977], [-97.67565612020891, 26.02582494903449], [-97.67480551957262, 26.026045399220255], [-97.67384277998856, 26.02660707953168], [-97.67351349011692, 26.02699524959029], [-97.67324922966736, 26.028036028927406], [-97.67346091995891, 26.028477998974914], [-97.67531077975183, 26.029277339341288], [-97.67599103036451, 26.029772519416046], [-97.67601154031657, 26.03117451935872], [-97.67484448985017, 26.032819509644177], [-97.67275505037473, 26.03405536916695], [-97.67154456971744, 26.03417470963817], [-97.6708969802999, 26.033973119568696], [-97.67043188980514, 26.03361033964419], [-97.66997255037698, 26.032725879197272], [-97.66903541990467, 26.029392178988957], [-97.66832920032466, 26.028784688950243], [-97.66724086000049, 26.028882779246977], [-97.66562162997936, 26.03004133954572], [-97.66450507999247, 26.031432749160093], [-97.66408797998555, 26.03320554888851], [-97.6641592503184, 26.03687953968688], [-97.66371776998166, 26.037825859366652], [-97.66329894025613, 26.038164339275188], [-97.66261400028104, 26.03807647925133], [-97.66047814006171, 26.033835249410703], [-97.66061343008232, 26.03144042886915], [-97.66161215024648, 26.029114219670234], [-97.66256258009936, 26.028047219394995], [-97.66441768998988, 26.026776739499024], [-97.66587764950609, 26.02618501935946], [-97.66741208949965, 26.024536619292224], [-97.6678409697166, 26.02331805939462], [-97.6682891196928, 26.02037213967016], [-97.66813728959589, 26.019425309181095], [-97.66751054994084, 26.01899574940208], [-97.66642148962143, 26.018907229645958], [-97.66434333967736, 26.019165138838677], [-97.65919210993361, 26.020280749195997], [-97.65773840032305, 26.020044999283364], [-97.65570091999162, 26.01918817946207], [-97.65395791995883, 26.01777976893649], [-97.65263268015875, 26.016178478925067], [-97.65226244976277, 26.015937049491203], [-97.65161892036228, 26.015868259198985], [-97.65087349010005, 26.01616208906668], [-97.65008720045205, 26.017801579358512], [-97.65017551000267, 26.01894347940841], [-97.6506783703289, 26.01962067928713], [-97.65091887967698, 26.020910149635753], [-97.65043180033791, 26.02371467967619], [-97.64999873998686, 26.024383138825897], [-97.64638871046967, 26.027387569091257], [-97.64514906015715, 26.027894719541678], [-97.64483137044613, 26.027776459473444], [-97.64442892016837, 26.02724241904739], [-97.64196685991294, 26.025639909220722], [-97.63992095048418, 26.02395082913769], [-97.63771863011452, 26.021221059276613], [-97.63711979987258, 26.019659058835895], [-97.63675088013275, 26.01663587905585], [-97.63683137977009, 26.01518013912009], [-97.6377709395226, 26.013755659320267], [-97.63816015044965, 26.013202109464007], [-97.64006801994519, 26.01191365904857], [-97.64160265990175, 26.011639719089015], [-97.64391805003513, 26.011911229218814], [-97.6466958895998, 26.012667319596694], [-97.64801337016378, 26.012775689623634], [-97.64903652015391, 26.012593119543094], [-97.64962015025252, 26.01177248952377], [-97.64929497977717, 26.010443679264757], [-97.64852253958125, 26.00916837904503], [-97.64740749006671, 26.00794945963753], [-97.64593068978746, 26.006898139408108], [-97.6427548602769, 26.00561953920383], [-97.64124087971908, 26.005209569415197], [-97.64022799955163, 26.004508419129184], [-97.63827526018234, 26.002299658884322], [-97.63566784962948, 26.000139619619112], [-97.63415694993033, 26.00020221928624], [-97.6324045700126, 26.00093499927939], [-97.63186344986576, 26.001756059233763], [-97.63193139964837, 26.00323613924146], [-97.63102131972889, 26.0046877494187], [-97.62990443044477, 26.005637859340236], [-97.6288985704702, 26.006168229108177], [-97.6282800603606, 26.00631611887335], [-97.62713381955443, 26.00611304906383], [-97.62641968989996, 26.00533779923531], [-97.62625637031599, 26.004740579195595], [-97.62629731028903, 26.00305017899365], [-97.62840257980943, 25.99755585932339], [-97.62817422005664, 25.99707339883472], [-97.62731827983056, 25.99654030909876], [-97.62517156982119, 25.996423889351302], [-97.62320598025559, 25.99719301900311], [-97.62191467969024, 25.9985065094732], [-97.62115403020731, 25.999901778830978], [-97.62025397047331, 26.00231408899079], [-97.61952360013635, 26.002941179524495], [-97.61911910990989, 26.002975779269423], [-97.61836106029747, 26.002315279451466], [-97.6177168802283, 26.001021819215186], [-97.61762208993684, 26.00029425910501], [-97.61845470965297, 25.99503204932047], [-97.6192346299764, 25.993542179060995], [-97.62048367985274, 25.992166909286823], [-97.62185189024379, 25.991562539588415], [-97.62291332026287, 25.991512599424233], [-97.62339730977445, 25.99169588906514], [-97.62394468029002, 25.992181479617766], [-97.62408391973956, 25.993008969646954], [-97.62468834954635, 25.994071449059863], [-97.62580287985152, 25.99515799961518], [-97.6298499996526, 25.996464418857975], [-97.63103675004497, 25.996456419014134], [-97.63204063022845, 25.996081659617882], [-97.63329104987984, 25.9946140291628], [-97.6345590295031, 25.991572569645978], [-97.63465474990838, 25.99069196882305], [-97.63444963024578, 25.990036769461582], [-97.63424272021136, 25.989535199537144], [-97.63308540023341, 25.988467629317963], [-97.63245058018681, 25.988192599297026], [-97.63043377006875, 25.987885369132385], [-97.62645230976023, 25.9887501196641], [-97.62435909027198, 25.98953728928087], [-97.62284865956515, 25.989580629438247], [-97.62164145031852, 25.989146459101022], [-97.62041640011417, 25.988423829233206], [-97.6197453199808, 25.987610509423327], [-97.61975448003699, 25.986822888980715], [-97.62030062040832, 25.985579139414455], [-97.62008077960827, 25.984362749112382], [-97.61869086042513, 25.981375289476844], [-97.61668057952313, 25.979057979472497], [-97.61422982014935, 25.978062369072244], [-97.60970560038203, 25.977615568956217], [-97.60790761965612, 25.976810519167692], [-97.60751377999954, 25.97594219890161], [-97.60773889024567, 25.974514909373838], [-97.60777063021169, 25.97180597933008], [-97.6082357996957, 25.970215819155005], [-97.61050837013252, 25.966802229280276], [-97.61060334033365, 25.96596165954071], [-97.60834693963658, 25.96363822951054], [-97.60495773969261, 25.961629119642783], [-97.6020951999461, 25.957355459526266], [-97.59996131018704, 25.956570109401586], [-97.59847098023114, 25.956747829220802], [-97.59744178045801, 25.9574872192633], [-97.59639636972327, 25.95959056910454], [-97.59544743019259, 25.960734179011656], [-97.5946745703148, 25.96136073895319], [-97.59384207983376, 25.961640849416597], [-97.59143983043407, 25.96189261893486], [-97.58904234032597, 25.961465849475417], [-97.58729989037478, 25.961391278839802], [-97.58551023006616, 25.96170037894274], [-97.58326816961723, 25.96250473884242], [-97.5824592203626, 25.962592889405993], [-97.58212152022897, 25.962378249603077], [-97.5817652001885, 25.961952059645608], [-97.58156522006078, 25.96089336950079], [-97.5828009401525, 25.957104999509816], [-97.5831239995826, 25.95497545945834], [-97.58259355032457, 25.95310661960397], [-97.58086479962576, 25.950111629013428], [-97.57975052046558, 25.94414616915865], [-97.57906453996571, 25.942852229032255], [-97.57811704986463, 25.942093619212674], [-97.57671137975443, 25.942310319444246], [-97.57480818005438, 25.943252319219546], [-97.57383988958136, 25.944222708845434], [-97.57288051956498, 25.946230679435946], [-97.57272722032674, 25.948381019623934], [-97.57297045967495, 25.94936330907159], [-97.57457943014315, 25.952760719236053], [-97.57470660018309, 25.953507458922378], [-97.5744674597049, 25.953947028847796], [-97.57385008999788, 25.95401777886988], [-97.56943002006518, 25.953201289525385], [-97.56851903027791, 25.952942579620785], [-97.56790758018681, 25.95251385955655], [-97.56653869037777, 25.94967599885392], [-97.56596436960523, 25.947941109132294], [-97.56599511036576, 25.945332569017193], [-97.56639765029155, 25.944740969565416], [-97.56812596995576, 25.94386650906075], [-97.5693198005107, 25.943590028964383], [-97.57222598023796, 25.943376619688568], [-97.57333511025168, 25.943060888987517], [-97.57885971997713, 25.940118879078305], [-97.58219363042514, 25.938633688936868], [-97.58320605955268, 25.937509919656407], [-97.58403497006384, 25.93573117927527], [-97.58398808989904, 25.93430888969934], [-97.5832742296213, 25.93321647936685], [-97.58236637021123, 25.932688769556695], [-97.58098632037368, 25.93256007881852], [-97.57557926046303, 25.935004819240994], [-97.57459931995407, 25.935187399624635], [-97.5719375702851, 25.93442625944818], [-97.56900710970515, 25.934186049144124], [-97.56697211996705, 25.933724048838798], [-97.56600559971025, 25.932792278835418], [-97.56593188958075, 25.931850109349433], [-97.56638922033923, 25.93093241893028], [-97.56802831005652, 25.92896954943351], [-97.56797885036984, 25.927777909608835], [-97.56770678009445, 25.92742934888481], [-97.56490838013877, 25.925997398855774], [-97.56384877958592, 25.925737199624344], [-97.56172404951049, 25.925677799279654], [-97.56008416953067, 25.925949628934035], [-97.55937343021584, 25.926711139109617], [-97.55942488961182, 25.93124596951243], [-97.55772423011526, 25.935392909176485], [-97.5558525803122, 25.937237949125596], [-97.55421372019676, 25.937413739670042], [-97.55234595034484, 25.937183779333488], [-97.54872802998524, 25.935783519665765], [-97.54735456950534, 25.93511650966864], [-97.54617508960285, 25.934220859292015], [-97.54555472013797, 25.932812139666126], [-97.54532094007979, 25.93137028909445], [-97.54534857012636, 25.925625858851394], [-97.54517257044297, 25.924375168918765], [-97.54454417049797, 25.92361962937262], [-97.54367591048404, 25.923361119038844], [-97.54267359978321, 25.923639228909746], [-97.54235101973721, 25.923943399518404], [-97.53990562049538, 25.927511708951833], [-97.5384680298958, 25.93034077906811], [-97.53778037960407, 25.930948659498938], [-97.53731444956186, 25.930809549246455], [-97.5368974196485, 25.930152078847875], [-97.5368519096257, 25.928672199489665], [-97.53729525963188, 25.92717802952707], [-97.53772807984049, 25.926548348908025], [-97.54275541973414, 25.921781459012973], [-97.5431267501676, 25.920959029683168], [-97.54305214981957, 25.920112819520007], [-97.54257064951179, 25.919512398956634], [-97.54161924962844, 25.9190993095418], [-97.53957757016897, 25.919213289333953], [-97.5360595994889, 25.920119399641926], [-97.53282317040143, 25.92060539931133], [-97.53063653990687, 25.920410399214408], [-97.53000555015818, 25.919866119072342], [-97.5297359500345, 25.91856861956089], [-97.52992562036063, 25.916975739151315], [-97.5303175701975, 25.916211249192518], [-97.53335617039414, 25.912802739550912], [-97.53387942985874, 25.911732079090626], [-97.53325758040515, 25.90844337937848], [-97.53309409049203, 25.90792297916405], [-97.53249557041507, 25.907481319403438], [-97.52957246014283, 25.90742631900819], [-97.52853911999104, 25.906781739443783], [-97.52778902010672, 25.90385376930452], [-97.5271459795932, 25.902579169528625], [-97.52588960042308, 25.901071979620035], [-97.5241849800914, 25.89972859940514], [-97.52374781964392, 25.898994058943764], [-97.52283339950696, 25.8956224795475], [-97.52300813982292, 25.893076259179214], [-97.52346688959345, 25.890790999436156], [-97.52333818013227, 25.88917584955697], [-97.52241647962637, 25.88717861898284], [-97.521271630228, 25.88632374902542], [-97.52026165011526, 25.886092679405756], [-97.51945536995608, 25.8861527399299], [-97.51838280047852, 25.886555089659304], [-97.51666536873988, 25.886764280200268], [-97.5139779495674, 25.88741451057723], [-97.5109009202248, 25.887542619698365], [-97.50542284998986, 25.891173739267504], [-97.50402901964746, 25.892801199668117], [-97.50260405002273, 25.89406394886503], [-97.49906374023864, 25.898770779431867], [-97.49819022048133, 25.89916267960014], [-97.49754917022857, 25.898740649116345], [-97.49642814043406, 25.896515979087166], [-97.4963520001994, 25.8959462196278], [-97.49706368948961, 25.889301349608473], [-97.49758223037881, 25.88763007895087], [-97.49767809012191, 25.886548618883698], [-97.49742531024206, 25.8839541994849], [-97.49756144984623, 25.880947539138937], [-97.49747710956976, 25.880325369217207], [-97.4971502202863, 25.879867429076498], [-97.4951186296429, 25.879790019248897], [-97.49224997998753, 25.88123637881357], [-97.4888854600577, 25.885015449570236], [-97.48790791991122, 25.885451939204902], [-97.4872820002556, 25.885314429419196], [-97.48670405025102, 25.884917739292263], [-97.48626299959983, 25.88349697918891], [-97.48651712025791, 25.88201153923905], [-97.48770485027178, 25.88011981926821], [-97.48780649028362, 25.879214418999645], [-97.48637670982771, 25.878462519421188], [-97.48445027952339, 25.87882307889996], [-97.48250977010987, 25.879549339649998], [-97.47756710972318, 25.882722779529335], [-97.47103264961386, 25.888378659023655], [-97.4704352603183, 25.8887629688688], [-97.46898941971068, 25.88891874890323], [-97.46849088006303, 25.888700338961087], [-97.46792248955674, 25.887585679657725], [-97.46795904950949, 25.88498113937317], [-97.4683974600316, 25.883966649181733], [-97.46930333984686, 25.882858569546663], [-97.47055261992622, 25.881866249110686], [-97.47357305004712, 25.880666219238453], [-97.4742155100035, 25.88032547903267], [-97.47474274028129, 25.879720879662113], [-97.4748406304537, 25.878477429579615], [-97.47447557043883, 25.876846319637377], [-97.47256619950313, 25.875717769474054], [-97.47057788026638, 25.875358219390517], [-97.46943944957047, 25.87585371895471], [-97.46737067984036, 25.878362149285024], [-97.46579303048154, 25.880678819378392], [-97.46397497999745, 25.882126579339506], [-97.45883900031903, 25.884108229032005], [-97.457412109797, 25.884391248889205], [-97.45551746012367, 25.884119249576653], [-97.4550354196125, 25.883384509675047], [-97.45479913958009, 25.88218347923406], [-97.45488374039651, 25.878469848885896], [-97.45609827972267, 25.87247844904241], [-97.457012739705, 25.870322719108177], [-97.45703728879484, 25.86940101939565], [-97.45674459986732, 25.868646228974566], [-97.4559523394799, 25.867708220103967], [-97.4552639093111, 25.86727939982734], [-97.45447277875796, 25.86720036974466], [-97.45350822957589, 25.86740505899445], [-97.45190476937913, 25.86918271047994], [-97.45054328848983, 25.871640449869414], [-97.44961174968502, 25.872233309605555], [-97.44904171866166, 25.87228736907747], [-97.44791882984202, 25.87212134964323], [-97.44699291939709, 25.871446949354443], [-97.44461268931116, 25.86780657958563], [-97.44482953937911, 25.866269829889802], [-97.44538685870437, 25.865250820289262], [-97.44592276975276, 25.86461842010864], [-97.4477073698689, 25.863444519960478], [-97.4482447500238, 25.859314479789358], [-97.44891019932571, 25.858981539052436], [-97.45131170934988, 25.85907870945888], [-97.45204467975205, 25.858693800081248], [-97.45366287862454, 25.856712379750466], [-97.45410554014181, 25.85496477981547], [-97.45405657864461, 25.85428084947839], [-97.45332305943103, 25.853768380052646], [-97.45227047878713, 25.853866080485663], [-97.44793396960208, 25.856239029478672], [-97.44644465000805, 25.85653913934609], [-97.44508142014244, 25.856372079686903], [-97.44425531050739, 25.8557424590176], [-97.44401071995081, 25.85486702939963], [-97.44428684977814, 25.853996539645095], [-97.44567292015324, 25.85223896952687], [-97.44588111031288, 25.85118477913479], [-97.44557904989655, 25.850462508824194], [-97.44404987999529, 25.84861362947791], [-97.4429991802896, 25.848110949163377], [-97.44092022047481, 25.84819925942468], [-97.43982154968005, 25.848551338865704], [-97.43762122958836, 25.84978210909755], [-97.43611108011089, 25.849987649693485], [-97.43550314009654, 25.849714349130817], [-97.43227720014174, 25.8462913495275], [-97.42764004988955, 25.842228509229706], [-97.42698335000503, 25.841439689069173], [-97.42550992010267, 25.840720419183207], [-97.42349868981083, 25.840237599274392], [-97.42248042975841, 25.840149739125284], [-97.4202112795982, 25.840761229548534], [-97.41686114972683, 25.841103048914942], [-97.41320313958366, 25.840723398910765], [-97.41236936991724, 25.841136978945904], [-97.41209702035026, 25.841896689400347], [-97.41219227974489, 25.84272394887028], [-97.4133110598548, 25.843235648895554], [-97.41463546012906, 25.847472909194465], [-97.41366496954784, 25.852348259018594], [-97.41397750987473, 25.855998339346336], [-97.41359457047749, 25.85764642905087], [-97.41217909034187, 25.860263049509275], [-97.41084388989573, 25.86163187960894], [-97.40945471999278, 25.862269948919607], [-97.40869093983162, 25.862203918971204], [-97.40778240041318, 25.86152159905545], [-97.40764348011582, 25.860789998840897], [-97.40816798005065, 25.859681349601896], [-97.40905385041584, 25.858557509271687], [-97.40923727976151, 25.85754127889307], [-97.40901285992177, 25.856847119559465], [-97.4080303103046, 25.855664379271257], [-97.4079164801587, 25.854644909717358], [-97.40807174962717, 25.854146999057214], [-97.41023605981117, 25.851119718811887], [-97.41058986018096, 25.850066889033535], [-97.41055410961751, 25.84956690922056], [-97.40924886039554, 25.847093478928613], [-97.4078933699688, 25.845215059145627], [-97.40686785970453, 25.844643578894104], [-97.40593011991051, 25.84488311924228], [-97.40558593974164, 25.84520596936059], [-97.40481298044352, 25.849020848873263], [-97.40366102007422, 25.85098710909808], [-97.40196637979574, 25.852236549530293], [-97.40075358029367, 25.852396119687928], [-97.40007886040469, 25.852023619470796], [-97.39883977962545, 25.850972519535823], [-97.3986571499683, 25.85033650952608], [-97.39877150957992, 25.84972296941879], [-97.40026560039554, 25.847587629507164], [-97.40070625025044, 25.84640125919574], [-97.40070091967823, 25.845209999081682], [-97.40008799953111, 25.843397259363595], [-97.40005481967873, 25.84270916899278], [-97.40053268018623, 25.841363979331472], [-97.4019832197958, 25.840304849164053], [-97.40255832040603, 25.840176718896505], [-97.40333119969281, 25.8400703093133], [-97.40506724990703, 25.840517019292367], [-97.4057974799817, 25.840485779579357], [-97.40690786038266, 25.840036799036564], [-97.40694547984035, 25.838807629228896], [-97.40615060015436, 25.837895968961963], [-97.40553814049244, 25.83763945946102], [-97.40430707980605, 25.837587519067537], [-97.40368948969113, 25.83771525945033], [-97.40209948961255, 25.83859753893703], [-97.40090594038327, 25.83891105939902], [-97.39899404985104, 25.838947649028697], [-97.39576555003728, 25.837394369534753], [-97.39448871045138, 25.83710714907181], [-97.39338832031356, 25.837291339080632], [-97.39053091952104, 25.83849144950138], [-97.38911802003699, 25.83932117881291], [-97.3884444603218, 25.840447249069495], [-97.38789984953533, 25.84303496959808], [-97.38752230956466, 25.84368356939514], [-97.38704505977529, 25.843908849571612], [-97.38659988963067, 25.84384622958074], [-97.38567379997329, 25.843221179094726], [-97.38343566030122, 25.840679598911542], [-97.38191431966617, 25.839625539474667], [-97.37996048002171, 25.839623049121887], [-97.37657838004384, 25.84032294960451], [-97.37522089044712, 25.840192519546573], [-97.37412111969046, 25.839853718811966], [-97.37312313989877, 25.83984248939023], [-97.37263077954186, 25.840125149391213], [-97.37208926025308, 25.840906939398756], [-97.37153779993052, 25.842418509328727], [-97.3720477802063, 25.845517458936683], [-97.37202034040305, 25.84753437937647], [-97.37099324988428, 25.84959488950456], [-97.36970824975366, 25.850368169264993], [-97.36786759994226, 25.850677599681912], [-97.36459022001856, 25.849603368814236], [-97.36414239959274, 25.849732769357217], [-97.36421189032669, 25.85086714909371], [-97.36550695033587, 25.85296237933535], [-97.36632870986413, 25.85345196923499], [-97.36956555004993, 25.854391199490188], [-97.37500368997453, 25.85383142891433], [-97.37584705990179, 25.85397527958961], [-97.37635443000933, 25.854153819387783], [-97.37654191007601, 25.854424918889194], [-97.3761862499376, 25.85559293906365], [-97.37579617012632, 25.856164909532712], [-97.37464070987295, 25.856786109431702], [-97.37128391048462, 25.85708631962762], [-97.36938435011506, 25.85775674891042], [-97.36863051022875, 25.858516749206096], [-97.36581296992355, 25.86424816905171], [-97.36354241960902, 25.866376479183536], [-97.36249525001982, 25.86838201945847], [-97.36145202032904, 25.869475579622772], [-97.36006876959969, 25.869652119467705], [-97.35954010997683, 25.86947327958993], [-97.35901707980831, 25.868890968868204], [-97.35894895013453, 25.86766064883801], [-97.35930651033287, 25.866377419308993], [-97.35901682021381, 25.86582084925944], [-97.3586155501209, 25.865643348845907], [-97.3580819998847, 25.865829449245954], [-97.35675039985998, 25.866890429289295], [-97.35665906015011, 25.867350519404823], [-97.35700277031846, 25.868390139084863], [-97.35902508028096, 25.87117956930446], [-97.35942931026098, 25.87268261895759], [-97.35930012041226, 25.87435270890456], [-97.35857011001734, 25.877738689177505], [-97.35876574002998, 25.87897062955513], [-97.35943442999869, 25.879804479416705], [-97.36002665992616, 25.880022479204914], [-97.36107139995417, 25.87978445968325], [-97.36158305000689, 25.879270748999566], [-97.36206083016248, 25.87824710924473], [-97.3629991801449, 25.877797629447294], [-97.36418986042146, 25.877772649268042], [-97.36805092047729, 25.878315509710628], [-97.37328449022858, 25.878249769100936], [-97.37421639955392, 25.878644488827184], [-97.37417293952987, 25.880277379233764], [-97.37322149012749, 25.881477169680643], [-97.37253427950705, 25.88198839945976], [-97.3676039797529, 25.884640749331364], [-97.36527493992993, 25.88551764894502], [-97.36393173977201, 25.885810029143926], [-97.36014943050208, 25.885709848841817], [-97.35880780043867, 25.885886829395858], [-97.35711767956153, 25.88667473897173], [-97.35649369023515, 25.887224859324785], [-97.35640128005805, 25.887761949412052], [-97.35643637985652, 25.888300308942117], [-97.35687418007491, 25.88888048912929], [-97.35818102990227, 25.889683089652237], [-97.35962501991254, 25.889795428982737], [-97.36441118022925, 25.889561059369413], [-97.36569654009972, 25.889940599322184], [-97.36649600000368, 25.890545219047272], [-97.36726357001137, 25.891937319277027], [-97.36753117975925, 25.894130779071677], [-97.3660020204905, 25.900239219400387], [-97.36601562032303, 25.90235301940572], [-97.36645591996516, 25.902799858899208], [-97.36753322049077, 25.90331162887163], [-97.36956648966266, 25.903872399196352], [-97.3742798301872, 25.905747689476552], [-97.37492988034994, 25.906408288822266], [-97.37519793951653, 25.90702614949016], [-97.37503188002019, 25.90829248913136], [-97.37376324965868, 25.909335089027415], [-97.37288692001172, 25.909671138937355], [-97.37211967955619, 25.909622969547325], [-97.37068356952095, 25.908915179679397], [-97.36983488975898, 25.908790399648616], [-97.36855283039385, 25.90925637967348], [-97.36809935018941, 25.90977010896524], [-97.36804897014804, 25.910345949556042], [-97.36832596964538, 25.911003859619623], [-97.36926235030568, 25.91215787942674], [-97.36948699982814, 25.912832858928017], [-97.36944132043796, 25.914619369407536], [-97.36913663034215, 25.915134769148768], [-97.3677359803288, 25.915633538970788], [-97.3660099104527, 25.915921629552212], [-97.36407009045385, 25.91590764940348], [-97.36347857051571, 25.915631968857753], [-97.36230930997505, 25.915618798931806], [-97.36119969008718, 25.91591377901498], [-97.35943266019665, 25.917071549353583], [-97.35592051979658, 25.918895719325732], [-97.35476014044822, 25.919785619260928], [-97.35230203045776, 25.922255709426956], [-97.35049497029405, 25.92468944924461], [-97.34957515024377, 25.92661965905756], [-97.34888340026893, 25.930512429513584], [-97.34851450958334, 25.931048178929927], [-97.34791539967904, 25.93131030947837], [-97.34736342986047, 25.93124642921852], [-97.34418476963674, 25.92924947945687], [-97.3426595800483, 25.928828569607813], [-97.34093693978217, 25.9288473690471], [-97.33803286000364, 25.929717219258492], [-97.33684249033351, 25.929684459624823], [-97.3364215797596, 25.929372168820816], [-97.33630661985315, 25.928467749355203], [-97.33674503045113, 25.927531279679744], [-97.33733551045599, 25.924828779266274], [-97.33824457971303, 25.922149149385884], [-97.33825393970547, 25.921476798853245], [-97.33787799992166, 25.920388569239098], [-97.33741542013227, 25.92001811963281], [-97.3360179202749, 25.919598599458812], [-97.33465437001537, 25.919794419465777], [-97.3342222497546, 25.92028904904571], [-97.33402242014427, 25.922419599584057], [-97.33417609024902, 25.92511128967701], [-97.33395491952626, 25.9257236189682], [-97.33339557972047, 25.926197569634724], [-97.33301334995923, 25.92615481913876], [-97.33249019974403, 25.92555317922497], [-97.33204388975778, 25.924010858997892], [-97.33169240049796, 25.92177791935122], [-97.33175079950533, 25.919346319674453], [-97.33085710994084, 25.91790302930215], [-97.3303759801743, 25.917605049357277], [-97.32609590991137, 25.9175440795996], [-97.32522156992825, 25.917726199132694], [-97.32468463025242, 25.91810431938376], [-97.32457145001457, 25.918602509414047], [-97.32510571993998, 25.922951148917193], [-97.32461000046672, 25.92494376942081], [-97.32163154976719, 25.928496859130338], [-97.31965063000365, 25.930241739105846], [-97.31827691983233, 25.9311481092695], [-97.31727165993962, 25.93155922953864], [-97.31644091962315, 25.931664889270696], [-97.31546369020461, 25.931595889276696], [-97.31362188026452, 25.931017349194978], [-97.31288367982793, 25.930586029015995], [-97.31175331951704, 25.92932405901349], [-97.31131685014115, 25.92860807930325], [-97.31106913981, 25.927397689148343], [-97.30999735002952, 25.926501349005562], [-97.30948931968943, 25.926341799341444], [-97.30866150992537, 25.92623611900458], [-97.30712505988782, 25.92662167934828], [-97.30629080026003, 25.92697702961638], [-97.30483011027096, 25.928016859233917], [-97.30441608973426, 25.92872293959461], [-97.30409297998922, 25.9305060590008], [-97.30444163040136, 25.932911879275512], [-97.30434917982183, 25.934928349454825], [-97.30387180010527, 25.93643107924002], [-97.30320471032975, 25.936980569072134], [-97.3021789199218, 25.937333659194625], [-97.30117821974584, 25.937417919670526], [-97.2995251099722, 25.937033619683568], [-97.29895507961291, 25.93673870957335], [-97.29858149049706, 25.936235778891565], [-97.29841943000984, 25.93468547904114], [-97.29784465990508, 25.933933919447618], [-97.29680049024043, 25.93340224893008], [-97.29564211984483, 25.9332710189366], [-97.29495499966247, 25.93354713938862], [-97.29263271952033, 25.93612279956978], [-97.29168523014732, 25.936405629580413], [-97.28624442027741, 25.936339649118437], [-97.27886579989843, 25.935029549100886], [-97.27773986024539, 25.93495862907735], [-97.2768220002189, 25.935197629108885], [-97.2764760201287, 25.9355969690988], [-97.27637960035958, 25.936383649476138], [-97.27695517984453, 25.93923408889335], [-97.27858144995504, 25.941482219652823], [-97.28013490969667, 25.942884049042718], [-97.28096749046288, 25.944271649090144], [-97.28083134023257, 25.94486565883907], [-97.28033485982796, 25.945378599532503], [-97.2782632198437, 25.946562429596376], [-97.27806493984795, 25.947040428806304], [-97.27846180000827, 25.94754461908381], [-97.28011191013255, 25.94814054922675], [-97.28216143043517, 25.94849368968502], [-97.28377026039786, 25.94901227962043], [-97.28776870971754, 25.952206019499634], [-97.2892528301443, 25.954010368884436], [-97.28934151036795, 25.955241118951296], [-97.2891037497231, 25.955507339253952], [-97.28797127972987, 25.95587830932471], [-97.28557521994209, 25.958328709648573], [-97.28396567999363, 25.95932799897699], [-97.28330621998343, 25.959339429249248], [-97.28207944952442, 25.958863819251235], [-97.27944388008844, 25.954317338864648], [-97.27643361955062, 25.952168088974155], [-97.274651059612, 25.951897148984923], [-97.27125442014234, 25.95183233965742], [-97.26095193975898, 25.950998459131423], [-97.25844953966623, 25.95050737947434], [-97.25359257971733, 25.948392168955518], [-97.24749437032777, 25.948030548982118], [-97.24636515042702, 25.94817065914314], [-97.24548524992204, 25.948717308949178], [-97.24487607979457, 25.949651419056533], [-97.24464029040095, 25.951224088973515], [-97.24338211999914, 25.952899709068767], [-97.24215478038194, 25.953922378984295], [-97.23876900017586, 25.955734078902257], [-97.23597583030642, 25.95621899902148], [-97.23416689044392, 25.956293089025475], [-97.23252216997622, 25.956772679276845], [-97.230726049496, 25.957423279664766], [-97.22883857017553, 25.958495569028035], [-97.22657222014574, 25.95929410938259], [-97.2253179795183, 25.959259579236495], [-97.22442866022239, 25.958999029492862], [-97.22350157989041, 25.958411139701518], [-97.22236969034712, 25.957302199155464], [-97.22162885039948, 25.95706257912817], [-97.22088511967567, 25.957015029378976], [-97.21986322009032, 25.95727821969281], [-97.21938902962587, 25.957695149507135], [-97.21637557970207, 25.95867657922754], [-97.21444631998534, 25.959690399704204], [-97.21180411960955, 25.961444769207343], [-97.20992779953153, 25.963170169524815], [-97.20863165994271, 25.963870319135026], [-97.20710271045111, 25.96371696888546], [-97.206616149919, 25.963538109132646], [-97.20630297015727, 25.963149949118066], [-97.20593633950035, 25.959245059470177], [-97.2055875802352, 25.958395349180638], [-97.20495568005389, 25.957984049084416], [-97.20368648952648, 25.957526489049208], [-97.20040088990858, 25.95821597940179], [-97.19708724984321, 25.957944379249493], [-97.19596817997547, 25.95741170911408], [-97.19410262956833, 25.955711309282126], [-97.19309194997008, 25.955045458934695], [-97.19065977033159, 25.954150599172134], [-97.18862468028918, 25.953721849409725], [-97.18738500033452, 25.954129059208462], [-97.18671422965419, 25.954889169635813], [-97.18704592016323, 25.956853109205714], [-97.18680928030234, 25.95842574886857], [-97.18607788992871, 25.958973779478484], [-97.18229398044484, 25.960252349048535], [-97.17947758028296, 25.960851109365386], [-97.17754940004733, 25.961768478808608], [-97.17715211034901, 25.96272416945079], [-97.17682768982614, 25.964692619403092], [-97.17621765010077, 25.965645539051746], [-97.17477066002489, 25.9656850796713], [-97.17377864998879, 25.965192279342006], [-97.17316759970629, 25.964819549698706], [-97.17202921986372, 25.962768648971004], [-97.17106575013685, 25.961795859580544], [-97.16984314002393, 25.961088739331647], [-97.167048400393, 25.960265849337212], [-97.16551948991074, 25.96011205906721], [-97.16405054031564, 25.96020879916925], [-97.16013511011026, 25.961734828958477], [-97.15938846037417, 25.961879018819754], [-97.15853964951273, 25.961752999045377], [-97.15797327971919, 25.96124636913656], [-97.15788003009673, 25.959731969646597], [-97.15849795021344, 25.956896179195848], [-97.1602422195825, 25.951350169498838], [-97.16017136983527, 25.950427059071707], [-97.1598440303494, 25.949596769095155], [-97.15951117033674, 25.94911213921273], [-97.15877151966033, 25.948814629336894], [-97.15695772044776, 25.948761859149815], [-97.15157085024339, 25.9510289396439], [-97.14881428009531, 25.95269477887905], [-97.14742154000125, 25.954453229674485], [-97.14637374987964, 25.95488690946579], [-97.14595574005509, 25.952253539093775], [-97.14492945000858, 25.93495259887984], [-97.14431345015474, 25.917189889152546], [-97.14479233962018, 25.903803109040552], [-97.14473978992996, 25.892601955170896], [-97.14502892394624, 25.886220434465542], [-97.1462440611386, 25.871737800587606], [-97.14652333492558, 25.865779035935113], [-97.14845295035802, 25.851316568822252], [-97.1500964030378, 25.835951535548357], [-97.15249309300808, 25.818445364669696], [-97.15363809376039, 25.811913762253795], [-97.15558112642826, 25.798410668120386], [-97.16195747957703, 25.763048831484394], [-97.16307883020265, 25.755709569492762], [-97.16425443090824, 25.745644267356667], [-97.16578709438159, 25.74090714547287], [-97.16893159648471, 25.723041791888182], [-97.16996312680932, 25.719709940588956], [-97.1735942513934, 25.71006612900729], [-97.17472984992243, 25.70447850955259], [-97.17975553112163, 25.68624492714572], [-97.1845279566941, 25.673102466356124], [-97.18670053294127, 25.668564168107565], [-97.18826446642869, 25.664262467189054], [-97.19020393213204, 25.659742086630075], [-97.19365979502435, 25.650096606028033], [-97.196317055247, 25.644255805838252], [-97.19875308833541, 25.637628358366456], [-97.19979193219389, 25.635667639558207], [-97.20139864729624, 25.631673331295662], [-97.20237791048557, 25.62839790050537], [-97.20098584333059, 25.628339260349183], [-97.20245185497389, 25.628233780753828], [-97.20501345384858, 25.625422089990813], [-97.20745917766017, 25.62180247987008], [-97.20924797139772, 25.61823142065791], [-97.21674457223882, 25.60480677536347], [-97.21992422503777, 25.598493899098496], [-97.23328545809704, 25.57472469787193], [-97.23503953435358, 25.57112928147926], [-97.24354992125278, 25.5560413930584], [-97.25195761975125, 25.541884895986218], [-97.25617401455098, 25.534133304576706], [-97.26173381191168, 25.52507438305798], [-97.26254858634529, 25.523227252185784], [-97.26465918244094, 25.520003503490432], [-97.27455622099356, 25.502754861276], [-97.2859758412942, 25.48465638199573], [-97.29114240412508, 25.47590191792582], [-97.29667202290673, 25.4673853638579], [-97.30046182643817, 25.46090259334493], [-97.30353144222232, 25.456146889709636], [-97.30485414656165, 25.45365654161286], [-97.31086461862867, 25.44432801115546], [-97.31348131849352, 25.439645513873074], [-97.31548425597447, 25.436685046670537], [-97.32121779297145, 25.426879487570456], [-97.32762326128983, 25.416473557629388], [-97.33333945858578, 25.406404872551665], [-97.337529270179, 25.399826330092857], [-97.34726463175001, 25.38239211508045], [-97.35221312408883, 25.37418302349771], [-97.35716685187708, 25.364913670370754], [-97.361152853413, 25.35849609813395], [-97.36502216674026, 25.35117854835708], [-97.36870215530524, 25.345257514651045], [-97.37187922732772, 25.339079823870485], [-97.38341215332214, 25.31873249211219], [-97.38614001021354, 25.313299547674184], [-97.39053931510901, 25.30581150603515], [-97.39300895536091, 25.30080488020105], [-97.39640183266005, 25.294831050064012], [-97.40639032265196, 25.275604279900673], [-97.41082899249868, 25.266453490346926], [-97.41281955968473, 25.26307348767209], [-97.41713344666253, 25.253792773289792], [-97.41910618881195, 25.248751764116328], [-97.42019951472467, 25.243694422855622], [-97.42054049733458, 25.236432946473183], [-97.41242560632594, 25.234417066527104], [-97.41204531785937, 25.234309567477872], [-97.41196212958732, 25.23409456788958], [-97.41227424953144, 25.233981561942688], [-97.42497554701124, 25.23720328292764], [-97.42709365978881, 25.235349878883337], [-97.42777743266046, 25.234445879122248], [-97.41310742461577, 25.23084536443603], [-97.41302661428378, 25.230621758857225], [-97.41323577229345, 25.230479855079928], [-97.42526393683639, 25.233467743385223], [-97.43209943725026, 25.226099408538193], [-97.43387191610832, 25.223887505556718], [-97.43835065199924, 25.21663373931663], [-97.44206261092731, 25.2097352052566], [-97.4506427818338, 25.192499702239285], [-97.45573975308731, 25.18128446619617], [-97.45801877658937, 25.1757669280927], [-97.46265541790416, 25.166145383109964], [-97.47867156407399, 25.1309776691398], [-97.4868335243159, 25.112219596211972], [-97.49438781268323, 25.09548861889547], [-97.49981270620229, 25.0823826869195], [-97.50264869844541, 25.076394478596708], [-97.5121250440257, 25.05359226238129], [-97.5169748085411, 25.04094705136164], [-97.51817164951342, 25.043781829654865], [-97.5176746304088, 25.045866449296497], [-97.51784023019711, 25.04820424925709], [-97.51884514954516, 25.05014407967779], [-97.52146511044023, 25.050957909373647], [-97.5448016198488, 25.077839279528263], [-97.56463124954854, 25.10134267966941], [-97.65444631044537, 25.20655594921811], [-97.67018568999576, 25.224521649137618], [-97.69416367979139, 25.245439058862054], [-97.71861725024999, 25.271878749380726], [-97.71924834021702, 25.27056101909064], [-97.7192757198296, 25.269129549041352], [-97.71853285031844, 25.26842208901326], [-97.7182397799652, 25.26744034908347], [-97.71816637019175, 25.265484279361033], [-97.71836096970375, 25.265190859063058], [-97.71842382996354, 25.26417397920686], [-97.71825934014382, 25.262751848853103], [-97.7185946902624, 25.261597139511935], [-97.72688817969848, 25.269211919085336], [-97.73106590966377, 25.272776319240716], [-97.80771662994601, 25.34147233942152], [-97.80777425950231, 25.342007829467516], [-97.80324298006062, 25.346301918842777], [-97.80328348973454, 25.346775879223202], [-97.84884562022802, 25.367271379621787], [-97.85172684998038, 25.370284429291594], [-97.84723985041015, 25.37452230887022], [-97.85929232031444, 25.38584728932366], [-97.86286365021512, 25.380524258991436], [-97.87798749037694, 25.396303078976874], [-97.88956318035117, 25.38517170951614], [-97.89980357043632, 25.375791599195676], [-97.89977405020356, 25.380854969435465], [-97.94114555014669, 25.380858709390555], [-97.9411350301038, 25.381335289672077], [-97.9426177203607, 25.385283909536188], [-97.89063219956792, 25.43459519955144], [-97.88987534970326, 25.435013718838075], [-97.88984880007158, 25.453026109666684], [-97.86998092037298, 25.453054708877207], [-97.86996513999152, 25.462056228985546], [-97.86003668971637, 25.462106748811692], [-97.86001929042739, 25.4801061095854], [-97.8501543998334, 25.480117689068205], [-97.85003908007612, 25.49512102882807], [-97.85315023025186, 25.49516831887589], [-97.85335882001132, 25.498117029414914], [-97.86912501982341, 25.498238369088305], [-97.86895773971193, 25.504185818927457], [-97.86599028981398, 25.504181479083876], [-97.86603995010016, 25.504503749366773], [-97.86512628969618, 25.504166818967185], [-97.84557601975608, 25.504227909488996], [-97.82579304999763, 25.504004648888237], [-97.80607437048972, 25.504146289053278], [-97.78644368955479, 25.504054779666326], [-97.7850643495513, 25.503796419659263], [-97.78407843010933, 25.504072459276692], [-97.73659480024024, 25.50398373912705], [-97.73662607982793, 25.53120193962215], [-97.73619661992909, 25.57634364968344], [-97.73627638029706, 25.584747429300357], [-97.73658308968649, 25.58536291895409], [-97.73659262000547, 25.594503799050475], [-97.73607744980025, 25.624295169055383], [-97.73624344970257, 25.723501949046813], [-97.73606393985024, 25.75242667957972], [-97.7363377395493, 25.752528219582118], [-97.73607215013998, 25.765995848917804], [-97.73622334959424, 25.789438369241775], [-97.73616384963444, 25.792989089630495], [-97.73598923006709, 25.79313784900935], [-97.73606193992585, 25.800485819218135], [-97.73577231004606, 25.8126727992338], [-97.73715679955686, 25.813869689459295], [-97.76310377989844, 25.844059739509827], [-97.76562179978305, 25.84777933970148], [-97.76867054040628, 25.85047314907739], [-97.80451898028461, 25.892129479377427], [-97.80515665013056, 25.89346150960658], [-97.80535627990217, 25.89458679947882], [-97.80533006010695, 25.901784679220967], [-97.80555510987561, 25.902387819444712], [-97.82123518025465, 25.89338047958914], [-97.82220331000529, 25.893075949347825], [-97.82321078012492, 25.893208949706143], [-97.86099775035434, 25.91737442939648], [-97.8809343998956, 25.923240709082304], [-97.89014494003334, 25.92629311921789], [-97.91638085763311, 25.933968370034314], [-97.91671948972783, 25.963783429268236], [-97.90657871037642, 25.96385162911431], [-97.90702656970498, 25.9915846188115], [-97.90550716989642, 25.991598349400743], [-97.90805501966118, 26.026674219280157], [-97.90262605042068, 26.02881942942943], [-97.9061133101769, 26.040141938928034], [-97.90547827986944, 26.040992738984098], [-97.90601061959784, 26.04570565932396], [-97.9006027197329, 26.045513338889428], [-97.90098851953212, 26.04721021927246], [-97.90034790973121, 26.047168078902658], [-97.90023504961623, 26.05061610903723], [-97.90138742999814, 26.050595149467867], [-97.90254773981079, 26.051018619267374], [-97.90137942022821, 26.05480196917212], [-97.9010047997209, 26.054805049236485], [-97.90112031997883, 26.055825309641786], [-97.90176474003374, 26.056747969027207], [-97.90215994022036, 26.060925889260176], [-97.89926411996564, 26.061235179583452], [-97.89351997042736, 26.06003388889971], [-97.89198505957663, 26.06007105968255], [-97.89010231003363, 26.060627108904622], [-97.88880619965508, 26.061406258905638], [-97.88840341989284, 26.062006169692864], [-97.88815400033103, 26.063569079517155], [-97.88829417948827, 26.065782349641253], [-97.88771083044645, 26.066501259653528], [-97.88709223007218, 26.06659674964219], [-97.8833310498935, 26.065803319156807], [-97.87850562970195, 26.06509481906737], [-97.87682671011461, 26.064623349165355], [-97.87392456953613, 26.062373399123054], [-97.87068418000919, 26.05762111905277], [-97.8695592495841, 26.056810779357754], [-97.8689762604142, 26.05677773944858], [-97.86854872044897, 26.056973648894886], [-97.86845473994576, 26.05855271924178], [-97.86700785978866, 26.06116402945386], [-97.86407851992757, 26.068234258967074], [-97.86273445030423, 26.06984422955674], [-97.86204654999597, 26.07003436926665], [-97.86087459971252, 26.069862149436656]]]}}, {"type": "Feature", "properties": {"CVEGEO": "28023", "CVE_ENT": "28", "NOMGEO": "Tamaulipas", "CVE_MUN": "023", "NOMMUN": "Méndez", "cov_": 2031, "cov_id": 2032}, "geometry": {"type": "Polygon", "coordinates": [[[-98.26263707950532, 25.504373429686428], [-98.23837017048872, 25.475436859262462], [-98.23945409004494, 25.44595917884776], [-98.23213078044088, 25.446055489127254], [-98.23225681961924, 25.448045688863576], [-98.22440927986291, 25.44812044908159], [-98.22421189013139, 25.445993659362642], [-98.14520542961732, 25.446205368905535], [-98.14494013962607, 25.44599924910157], [-98.138105169807, 25.445989799121577], [-98.07386231007028, 25.44610953883776], [-98.06779695024746, 25.446135279122377], [-98.0681342298839, 25.44663053901275], [-98.05869153952682, 25.446436798944028], [-98.05866631965043, 25.344668779687762], [-98.07864294990962, 25.344582819384517], [-98.07870816959053, 25.30341137945706], [-98.10853408047568, 25.308569029663754], [-98.10850893966496, 25.25440884897952], [-98.13476039983499, 25.256389289540795], [-98.17455602963317, 25.25971539929585], [-98.17835008011112, 25.220517859263804], [-98.20800907976711, 25.22293253932638], [-98.2089246597124, 25.21387641947456], [-98.21874678032015, 25.21472854958367], [-98.22065105029797, 25.193485888864547], [-98.22572251015039, 25.193606079299304], [-98.22579642008665, 25.18755193957208], [-98.24065437032147, 25.187583709672474], [-98.24078134979455, 25.180413859201185], [-98.25059531014583, 25.18038651939274], [-98.25059568014281, 25.156696539459872], [-98.28234954011636, 25.15632936964759], [-98.29924799957625, 25.156410629104364], [-98.31568049019036, 25.157918449621064], [-98.32391446018354, 25.104289509654173], [-98.34361780043893, 25.10683084940788], [-98.34633477986304, 25.089044849653593], [-98.34601311991561, 25.088795689332418], [-98.34772190993014, 25.080473179161288], [-98.38315732003085, 25.073629999188036], [-98.38778595007663, 25.039587339730257], [-98.39227842969972, 25.03750002959214], [-98.3979714895674, 25.02719765886167], [-98.39811978019758, 25.025922169365824], [-98.39920734955098, 25.024568829587587], [-98.3994840195657, 25.023804979719284], [-98.39960940009682, 25.022215539117525], [-98.40033972027075, 25.021734709415245], [-98.40076334988734, 25.022036319496937], [-98.40123078038849, 25.022072079491366], [-98.40215902956525, 25.021857089499008], [-98.4024548003801, 25.021137539339403], [-98.40421042041085, 25.018929149178902], [-98.40492888955202, 25.018699848837162], [-98.4055241701387, 25.018673249654864], [-98.40850815023272, 25.020355019280796], [-98.41043662025034, 25.019346819441264], [-98.41103727958686, 25.01854788932639], [-98.41235914004436, 25.01768716960866], [-98.41671702036399, 25.017698279526822], [-98.41674026029631, 25.013974429106735], [-98.41580513979113, 25.01141090955228], [-98.41537634042452, 25.011238079112207], [-98.4140270296034, 25.009816479557458], [-98.41296456952242, 25.009312429584735], [-98.41185745975301, 25.009444339488123], [-98.41140552049507, 25.010033338964668], [-98.41065529033173, 25.010348428968513], [-98.41020508981596, 25.01117322919688], [-98.40941339995497, 25.011473079655573], [-98.40448975020362, 25.00992082902271], [-98.40297077956241, 25.008961488875787], [-98.39972751029694, 25.007521169581818], [-98.39680673998517, 25.005297018842022], [-98.39594508982603, 25.005122079003083], [-98.39528461989003, 25.004264289687445], [-98.39014445986989, 25.000153749660196], [-98.3893233098708, 24.999001569713393], [-98.38683222988126, 24.996844879256976], [-98.38698682009148, 24.99623748890702], [-98.38660811019025, 24.996023829515675], [-98.38575255018576, 24.994465619617007], [-98.3846131104611, 24.99342465964193], [-98.38413238026236, 24.99250905915957], [-98.38379700043006, 24.99228856913252], [-98.38081665977519, 24.992825649507015], [-98.38017368039806, 24.99267990969254], [-98.37913074029949, 24.99205030890845], [-98.37870120006016, 24.99133661885472], [-98.37878590962526, 24.990225569356703], [-98.37854034966865, 24.99000713938443], [-98.37856436966737, 24.989140198876775], [-98.38016337032214, 24.985257709407627], [-98.3812959799796, 24.984060118944058], [-98.38201271019125, 24.982934369677185], [-98.38313709007832, 24.98196928946354], [-98.38418305997402, 24.98137447897402], [-98.38547443013967, 24.980970449214333], [-98.3872010600098, 24.982566619119332], [-98.38790868956282, 24.983783059442544], [-98.38852551027946, 24.983815978983092], [-98.39075782956226, 24.982760769572497], [-98.39083353984493, 24.98225616940225], [-98.39053122995843, 24.981205579086236], [-98.39094690956023, 24.98027314952586], [-98.39157081953674, 24.97946557917224], [-98.39203103044592, 24.979254629441847], [-98.39263154014681, 24.978598059521303], [-98.39614167997222, 24.978813279446445], [-98.39746283049057, 24.979048369367675], [-98.3990827503346, 24.979654689291387], [-98.40186380040382, 24.979566349111433], [-98.40529092005116, 24.978965619192117], [-98.40814772048701, 24.977233749453447], [-98.40876519999071, 24.976669118982283], [-98.40943449013376, 24.97543553955725], [-98.40804135013278, 24.972586219262418], [-98.40733474039733, 24.97154424928245], [-98.40669248015178, 24.97108128900932], [-98.40617993967625, 24.970262379401145], [-98.40587421953018, 24.9692197688362], [-98.40395694037836, 24.966586859630603], [-98.4040942502818, 24.96577367941474], [-98.40757397036292, 24.96334293884709], [-98.408164689942, 24.963218849006683], [-98.41071004997666, 24.96158021884089], [-98.41163826031615, 24.960775969676277], [-98.4127069195712, 24.960357049178775], [-98.41334585993384, 24.96031047964821], [-98.41795594022695, 24.961088108960578], [-98.41907295049822, 24.962137368994462], [-98.41925718030579, 24.962735519621678], [-98.41966617021029, 24.96306465925204], [-98.4207142000371, 24.96264684936329], [-98.42105755016946, 24.962319599328417], [-98.42416071973354, 24.958489849555672], [-98.42420572001517, 24.957621289187085], [-98.42400831954707, 24.95289534922342], [-98.42351244971476, 24.952076889325703], [-98.42313484953942, 24.951824629609092], [-98.42212934971174, 24.95008074903999], [-98.42179595008687, 24.948824309221468], [-98.42103568030957, 24.947283998928867], [-98.4212287401124, 24.946961689254245], [-98.42358308020351, 24.945500939263887], [-98.42905331005491, 24.939113549187574], [-98.42860165033068, 24.937693489029744], [-98.42825331969537, 24.93760867911857], [-98.42818565038631, 24.937311079716082], [-98.42881417959752, 24.93678893916033], [-98.42895845011944, 24.935994579441104], [-98.42802542978247, 24.932193779129722], [-98.42833184964351, 24.929295908994856], [-98.4289487697881, 24.928292749542543], [-98.42962061999938, 24.92803371955369], [-98.43052364968995, 24.928570449136622], [-98.43088991952006, 24.930315939414307], [-98.43183676973457, 24.93101171956966], [-98.43477984962428, 24.931638478832966], [-98.43788371042218, 24.93202882926226], [-98.44009142969576, 24.931564519433493], [-98.442749000169, 24.930269939358457], [-98.44375214025291, 24.930022889396056], [-98.44460580003997, 24.929425349598024], [-98.44462801981393, 24.928872849517198], [-98.44679631975649, 24.92701710915509], [-98.44786428992099, 24.92666451900901], [-98.44957615041298, 24.92695933944296], [-98.45012283015188, 24.92714231901671], [-98.44970645005006, 24.928860919474882], [-98.4502738602918, 24.93243577904111], [-98.45086594980566, 24.9337751790329], [-98.45124750973305, 24.93434131889764], [-98.45191288970109, 24.934808399626007], [-98.45394398021762, 24.93486367970662], [-98.4548200900521, 24.933878219237364], [-98.45483895011085, 24.933546199706317], [-98.45419071994178, 24.932722939519294], [-98.45429682995054, 24.93244681895929], [-98.45480540013767, 24.931874248852033], [-98.45549465038339, 24.931548349136026], [-98.45806544988987, 24.93129182886153], [-98.45831791990395, 24.931800659416087], [-98.45892357994335, 24.932011969052237], [-98.45980870950571, 24.932685249361867], [-98.46208557033081, 24.93257831942675], [-98.46303628002696, 24.932206079308408], [-98.46395008968736, 24.932134309159274], [-98.46561270966745, 24.931313539676445], [-98.46707785025058, 24.93120501933605], [-98.46808412038214, 24.930591829308433], [-98.4700401099171, 24.930293549121764], [-98.47072729004361, 24.92987899950524], [-98.4711813399976, 24.92938274971926], [-98.47088537023676, 24.928846858972943], [-98.4715082495757, 24.925763419437807], [-98.46986398043812, 24.924311818922888], [-98.4692051399457, 24.923162379187154], [-98.46941848953004, 24.922737799603134], [-98.47011051023692, 24.922677829410553], [-98.4704541695712, 24.92240731939829], [-98.4700736002169, 24.921353849541198], [-98.47036155001196, 24.920703289269248], [-98.47119885033959, 24.920662779222297], [-98.472346660425, 24.920989659541828], [-98.47285998030416, 24.921635349657635], [-98.4730490200428, 24.922424379181386], [-98.4743441397629, 24.92369444908202], [-98.474622020316, 24.924531049284727], [-98.47675093960439, 24.925561119454557], [-98.47695794974322, 24.92700470939759], [-98.47763588976585, 24.927786519608066], [-98.48122642970475, 24.926972429422094], [-98.48185434047741, 24.926518649143684], [-98.48362302966423, 24.926490288982276], [-98.48443994036136, 24.927185629186326], [-98.48543237977931, 24.927683349504], [-98.48735812017829, 24.927700449632525], [-98.48918178033531, 24.927095399035792], [-98.49425091970795, 24.923459769593446], [-98.49636615020361, 24.923430579193255], [-98.49553666009989, 24.919614199527153], [-98.49589887968583, 24.91873901939233], [-98.49720632034321, 24.917821619103613], [-98.49967650957478, 24.917235198907218], [-98.5012892199286, 24.91732291887139], [-98.50273243041086, 24.918203819107376], [-98.50387905974222, 24.91843034950775], [-98.50794527953711, 24.918474649170737], [-98.51411718018737, 24.919089429031896], [-98.51402082985945, 24.917895229036912], [-98.51479119980142, 24.917917579244808], [-98.51641568016136, 24.918406979036952], [-98.51761871984921, 24.919478739221805], [-98.51808278041646, 24.9214373097371], [-98.5200036301217, 24.925878819424945], [-98.52067662004123, 24.926280798929266], [-98.5214082196878, 24.92638528925848], [-98.52380832022128, 24.92668611893419], [-98.52465425004338, 24.926463859044922], [-98.525218579602, 24.926542539248626], [-98.53176781982013, 24.92897559960217], [-98.53305242000074, 24.930264909340433], [-98.53397686049527, 24.93224350915168], [-98.53417848964966, 24.93385013928797], [-98.53501695044125, 24.934773539333587], [-98.53572151999492, 24.935156919340177], [-98.53756575005644, 24.93548508889438], [-98.5401008300267, 24.93548524894171], [-98.54085220001616, 24.93517708936111], [-98.54133092032163, 24.934399148890897], [-98.5415025098099, 24.931598109328394], [-98.54119505044567, 24.930599289079208], [-98.54027165953707, 24.929776569411885], [-98.53961432047753, 24.928588139272463], [-98.53898689009768, 24.926713349634355], [-98.5390910004793, 24.926340858997474], [-98.53936596994963, 24.926036049041432], [-98.54093954970223, 24.9254238295774], [-98.54300388009626, 24.925291029242725], [-98.54409755042279, 24.924747418971545], [-98.54571350996652, 24.923627859704556], [-98.54688232034013, 24.922432459292896], [-98.54703031957595, 24.92203967932588], [-98.54753111981397, 24.921727249464627], [-98.5478224603878, 24.91974691916407], [-98.54690591955806, 24.918796119591484], [-98.54628944962239, 24.918551569679614], [-98.54611395006657, 24.918065889183904], [-98.54527918041114, 24.917585509091722], [-98.54431891038902, 24.91642234914046], [-98.54508882998202, 24.914759909676714], [-98.54554754992441, 24.91442111946862], [-98.54634812034831, 24.914260259517185], [-98.54742540048238, 24.914714379456324], [-98.5528312899515, 24.915730318992384], [-98.55340962026636, 24.915595689677335], [-98.55562048017418, 24.914171029097137], [-98.55737089012786, 24.91280177931841], [-98.5573232902201, 24.91442993956989], [-98.55678056999754, 24.914662228997617], [-98.5542669203184, 24.930774428890356], [-98.55049527960855, 24.95759364951462], [-98.5602800203093, 24.959285079548025], [-98.56157386020045, 24.951269119187273], [-98.57000300033938, 24.952785079677817], [-98.57031688018759, 24.953405919554907], [-98.57069882952005, 24.95352704947739], [-98.57124875032042, 24.95301274954105], [-98.60673507998291, 24.959109419288847], [-98.60452927970445, 24.973000229386177], [-98.59697871008973, 24.97180796922178], [-98.59074590983913, 25.031841149276012], [-98.65545988960929, 25.041891859497877], [-98.67066982035396, 25.04431950919725], [-98.67148592047148, 25.044620179607534], [-98.67170377033793, 25.043859149665636], [-98.67254269030464, 25.04387850923265], [-98.67302250964542, 25.04449270939349], [-98.6730703695849, 25.045057259427708], [-98.67410835040147, 25.046327619150407], [-98.67426396967555, 25.0462190791174], [-98.67529367991791, 25.046865489598996], [-98.67725136994403, 25.046781509143113], [-98.67774001951881, 25.046432518900655], [-98.68140585020481, 25.04667494957189], [-98.68244745041856, 25.04075194944057], [-98.68244271006306, 25.038867539361565], [-98.68372690997596, 25.037994019655635], [-98.68463213977871, 25.036550349484564], [-98.68554514953665, 25.03687479934263], [-98.68607008043088, 25.03744116931159], [-98.68695965983541, 25.03780930950354], [-98.68835849006264, 25.037250649444545], [-98.68805616982964, 25.03582259896129], [-98.68841435005714, 25.035242199365516], [-98.69077714984812, 25.033509718949475], [-98.69062966037048, 25.03273908896909], [-98.69249846050644, 25.03053959897078], [-98.69388048960829, 25.030468139424457], [-98.69480954956366, 25.031020249365188], [-98.69838657996229, 25.031456029295697], [-98.69977658016815, 25.032661619157526], [-98.70076219989957, 25.032675459545267], [-98.70125975031749, 25.032421369348278], [-98.70230122034991, 25.031391249142505], [-98.70265660046121, 25.029678168988003], [-98.70137761979812, 25.027025199055995], [-98.70045912048138, 25.025836228924113], [-98.70073527997222, 25.02498221963127], [-98.70146857962803, 25.02431476927182], [-98.70136141961589, 25.022547279033052], [-98.70307657979481, 25.02072099933781], [-98.70451237041104, 25.019899859186946], [-98.70643802048646, 25.019309139247916], [-98.70798227996208, 25.019087179600998], [-98.70831387961401, 25.019279979716366], [-98.70862958011016, 25.02000534936507], [-98.70969479982702, 25.02053664883294], [-98.71099736979842, 25.02034408892816], [-98.71331063016504, 25.01833502894484], [-98.71664904976622, 25.01661050964571], [-98.7178792500205, 25.014628059207887], [-98.76127731003858, 25.02735467958605], [-98.7531287103787, 25.056998849070546], [-98.74056860032206, 25.050358749229083], [-98.73873337013887, 25.079504739120203], [-98.79226464992401, 25.08764379929091], [-98.79071853966299, 25.097297919050902], [-98.79164653986682, 25.097196919543045], [-98.79236502971732, 25.0968746590737], [-98.79396424984911, 25.09539521914209], [-98.79648187997724, 25.094050078841157], [-98.79800594014453, 25.09225202883408], [-98.80070540023698, 25.090198518959124], [-98.80318193958081, 25.089325909491798], [-98.80586389029949, 25.08879099918219], [-98.8076637502989, 25.088115859207278], [-98.80913447995458, 25.08791216893925], [-98.81110588963777, 25.086953889557165], [-98.81421410976468, 25.08607777956134], [-98.8150120299703, 25.084688888854853], [-98.81633250980816, 25.08333171928269], [-98.81770706028391, 25.08114771909565], [-98.82307136962876, 25.081187519168534], [-98.82306377952051, 25.0985544892605], [-98.83292662048449, 25.096207889354755], [-98.8326565996224, 25.093803058907216], [-98.83295945040867, 25.08851121918876], [-98.83385869011427, 25.08845825959753], [-98.83585000030713, 25.087236679431122], [-98.83916764970597, 25.086400949242066], [-98.84083530985926, 25.085508418994312], [-98.84128274977974, 25.085967969068637], [-98.84140276983285, 25.08685331934636], [-98.84296933986192, 25.086823949341063], [-98.84295757987574, 25.08871225946542], [-98.84327348969602, 25.0886199395384], [-98.84302519973046, 25.09886573910984], [-98.85056028994667, 25.098772709408276], [-98.85056531011959, 25.098995319156685], [-98.85272368982035, 25.099083259603542], [-98.85272469047821, 25.099211488944693], [-98.8633699199795, 25.099589709031942], [-98.86384361966977, 25.12712501961487], [-98.80189827970868, 25.172694479184262], [-98.69388837956592, 25.25117759949227], [-98.5842589798491, 25.33126461888662], [-98.58525386017526, 25.33232962951173], [-98.58284644984988, 25.334029428884268], [-98.58191837018403, 25.332925619549737], [-98.56892255015823, 25.341952719706683], [-98.49838597952976, 25.393727849263176], [-98.42313165994574, 25.44749290896686], [-98.42157608016802, 25.489355539213072], [-98.4333270804625, 25.489395219498284], [-98.43224675000167, 25.496789649564885], [-98.37755218005258, 25.489786978963103], [-98.374613799549, 25.45848247964215], [-98.32802710959797, 25.46029156908857], [-98.32778377031498, 25.46963565933922], [-98.29776235018565, 25.46648316905949], [-98.29582917982125, 25.47934365954709], [-98.26263707950532, 25.504373429686428]]]}}, {"type": "Feature", "properties": {"CVEGEO": "28024", "CVE_ENT": "28", "NOMGEO": "Tamaulipas", "CVE_MUN": "024", "NOMMUN": "Mier", "cov_": 2038, "cov_id": 2039}, "geometry": {"type": "Polygon", "coordinates": [[[-99.24717602015846, 26.580514349521184], [-99.24851274959622, 26.577240769108556], [-99.24826462959818, 26.577135878793346], [-99.24709244997716, 26.566506219419516], [-99.24511868026272, 26.56494717881127], [-99.24598311018427, 26.56103454918094], [-99.24748990930338, 26.560458309052496], [-99.24928916954491, 26.560925749922855], [-99.25016966042834, 26.561590178858815], [-99.25073754947994, 26.561734748786954], [-99.25132907725306, 26.561656660222244], [-99.25133762928576, 26.56126445953934], [-99.25208098007724, 26.560865058797102], [-99.23949997966736, 26.55596505955833], [-99.2377594001648, 26.555615949159147], [-99.23474283008373, 26.55549671043219], [-99.2001439500737, 26.55573024940319], [-99.20699381954444, 26.560535048922983], [-99.20202684984952, 26.562734119469113], [-99.1989774901425, 26.561668148823376], [-99.18502435008173, 26.564467618940412], [-99.18399937994569, 26.564339169475765], [-99.16741448011751, 26.55968339915984], [-99.16856946026738, 26.555565689482364], [-99.1700690498795, 26.552964228891096], [-99.17119050987918, 26.550350659423163], [-99.1716303096984, 26.54820834945248], [-99.17179972043722, 26.545399029552765], [-99.17151862022516, 26.54315205890937], [-99.17033245003859, 26.54066124929381], [-99.16788928952815, 26.536956418952894], [-99.16604771997115, 26.53586865917057], [-99.16392947954189, 26.535527779189803], [-99.16153301995531, 26.53484382958168], [-99.15343833996363, 26.53063908963522], [-99.15059119989053, 26.530298779643143], [-99.14440929018912, 26.528307569186577], [-99.1414652600673, 26.527704139651757], [-99.1369866598826, 26.527396379539567], [-99.13494683015185, 26.526228149638715], [-99.12844499995282, 26.525781279236536], [-99.1277502299515, 26.52534491887295], [-99.12222380038367, 26.519254968819784], [-99.11787091971098, 26.51601319922314], [-99.11483166040586, 26.511872539284553], [-99.11262292031665, 26.509275508992996], [-99.11108606041762, 26.506701519333156], [-99.10618788949466, 26.5020857696863], [-99.1043110003967, 26.49909073969379], [-99.10255288003789, 26.495615479256426], [-99.10128140018276, 26.494006569285126], [-99.10013417021611, 26.491728849089473], [-99.0992294797227, 26.488951539355522], [-99.09526373959004, 26.48183876892655], [-99.09194480027806, 26.477266859569834], [-99.09161558041072, 26.476129199659596], [-99.09164964963819, 26.475317648976798], [-99.09261723018722, 26.470322969486595], [-99.09462685958829, 26.46685702931401], [-99.09893197009943, 26.462150569288028], [-99.09959011964612, 26.4609327988365], [-99.10055927953647, 26.45827902962562], [-99.10066237985762, 26.4571552895116], [-99.10016711026843, 26.455154029518436], [-99.1001331797366, 26.453125089297135], [-99.10053842990756, 26.452155569130312], [-99.10095717993903, 26.449736739093048], [-99.10230390952555, 26.448265178888036], [-99.10252132024685, 26.447508399011237], [-99.10265828030356, 26.442407419342008], [-99.10293508042734, 26.441595678880265], [-99.10500966010223, 26.439056519364993], [-99.10709544995194, 26.437653979316735], [-99.10843446011043, 26.4370085995524], [-99.11228001951356, 26.435619049086966], [-99.11352523025064, 26.434805479527544], [-99.11371164974734, 26.434244979082337], [-99.11358892032877, 26.432523708970237], [-99.1110049701393, 26.426452029207937], [-99.10909652014364, 26.4256107495689], [-99.10618125990452, 26.42367773923159], [-99.10555635006493, 26.42302271938522], [-99.10444481953758, 26.421181969650892], [-99.10312585038552, 26.420028049130707], [-99.10257014015778, 26.41915447963948], [-99.1018066904427, 26.418655619641765], [-99.10034957003684, 26.418126018938857], [-99.09969010968511, 26.417533428986363], [-99.09739770994585, 26.41350851950664], [-99.09643901990049, 26.412250979347593], [-99.10704894008069, 26.408797888975062], [-99.1104537803838, 26.407439518893867], [-99.10909898036881, 26.406790019501052], [-99.10873577967237, 26.407384679197005], [-99.10710620004323, 26.406326779394394], [-99.10752767976614, 26.404856059385434], [-99.11152945962448, 26.39955442957011], [-99.10098548975606, 26.392135258838657], [-99.1017712601086, 26.392035549604863], [-99.10369272009216, 26.392608279563404], [-99.1036573103169, 26.38657273912796], [-99.10322694015957, 26.387245779016936], [-99.10303781988337, 26.386064029107303], [-99.10238585048673, 26.38576217944638], [-99.1011690197195, 26.382247768843456], [-99.10449918005958, 26.38111447904817], [-99.10424837966279, 26.3787250490069], [-99.11787145990021, 26.376726198888306], [-99.11746353981535, 26.346108479473916], [-99.11131941984968, 26.327609489648633], [-99.11710935006538, 26.324600979456548], [-99.1169282001899, 26.303618458961278], [-99.11240659982164, 26.30317042964022], [-99.10953461957493, 26.30150944888137], [-99.10717617951457, 26.30128185957339], [-99.10491625961791, 26.298648199354812], [-99.10130189044155, 26.299046019088397], [-99.10009074996943, 26.294451259424964], [-99.10318598015438, 26.293516819449668], [-99.10279545048928, 26.29313079884287], [-99.1041981102106, 26.292594539260502], [-99.1043397795295, 26.2922568294453], [-99.1063112502839, 26.291864599088676], [-99.10666216967817, 26.291980749249767], [-99.10720997009574, 26.2932366191435], [-99.10793056997791, 26.293134249504355], [-99.10824810989513, 26.293463379548815], [-99.10846777993748, 26.293404119236655], [-99.10908013987648, 26.293133619195917], [-99.10991302953148, 26.290251369063956], [-99.11160951019535, 26.289609079659527], [-99.1128452000003, 26.294548709525618], [-99.11371445002413, 26.294492319487592], [-99.11678768033579, 26.295160398959354], [-99.11635932017208, 26.26314950959605], [-99.1636654604562, 26.264465979159855], [-99.16829925027582, 26.264504179008092], [-99.16846482014967, 26.26383348950112], [-99.17159906049443, 26.26385247889333], [-99.17186247978468, 26.26402985882307], [-99.1718655801979, 26.264677488838007], [-99.182789629615, 26.264861349079712], [-99.18175407952569, 26.263166459203312], [-99.18023213958313, 26.26288793947753], [-99.18007436957528, 26.257344019097186], [-99.18205267981168, 26.257228708970004], [-99.18373518026455, 26.25606561889966], [-99.18480309007515, 26.256312489592272], [-99.18595198010081, 26.25710481960767], [-99.18652884967015, 26.257127278886138], [-99.18666727970458, 26.25897253896822], [-99.1896552900554, 26.259045549111363], [-99.19383796978755, 26.257998279375105], [-99.19383418012471, 26.258603479309567], [-99.19780156969026, 26.258486819212052], [-99.19783596998309, 26.25868231890755], [-99.26000157021079, 26.252849979339686], [-99.27777251981954, 26.265500618921468], [-99.33878530979212, 26.310096579011716], [-99.36415025953694, 26.329270149036667], [-99.36460561989256, 26.32813307964099], [-99.36850668950856, 26.32549334962699], [-99.3688202500358, 26.32434262888474], [-99.37025623012309, 26.32401051959639], [-99.37051937035814, 26.323694109676936], [-99.37059408979873, 26.322907109231917], [-99.3715384196054, 26.32257479929851], [-99.37211586022657, 26.321941519695667], [-99.37318395034029, 26.321675119205082], [-99.37445231980041, 26.322174428908713], [-99.37496658048987, 26.322197859478038], [-99.37531608960825, 26.322158768943538], [-99.37595441970507, 26.321646308952207], [-99.376993690098, 26.321597599232348], [-99.37725583033944, 26.320930448812376], [-99.37815011031677, 26.320091229521527], [-99.37862001991553, 26.318895249585687], [-99.37996964956852, 26.317748889342003], [-99.3818054898828, 26.317410019329827], [-99.38584901967072, 26.317146658916265], [-99.38687208965078, 26.315771108859273], [-99.38687045965283, 26.314630969578083], [-99.39159369042446, 26.310427019557448], [-99.39236157045728, 26.31027337904663], [-99.39280374988547, 26.309924448873815], [-99.39332856965157, 26.30809274916207], [-99.39358547972482, 26.307776399511404], [-99.3946371096027, 26.307283089219275], [-99.39450885045467, 26.306449889085936], [-99.39473722985224, 26.306239919573738], [-99.39656700006863, 26.306095859168867], [-99.39821046045907, 26.30527887892013], [-99.39947463025516, 26.30518950964372], [-99.39978168033302, 26.3054927493182], [-99.40020173998853, 26.305515748820266], [-99.40123611965807, 26.304799139446217], [-99.41229751041246, 26.320655249316484], [-99.43094658008377, 26.351301138925894], [-99.4250457804945, 26.382019399473684], [-99.41572317031859, 26.43802994894116], [-99.41424298022505, 26.44480637933813], [-99.40983214959087, 26.44283679964873], [-99.40554902032078, 26.482619319552885], [-99.40038563038382, 26.55008393915087], [-99.38240741963288, 26.547642089181515], [-99.3412737402161, 26.548377229479666], [-99.33886871970535, 26.559677289037058], [-99.3009932597706, 26.568322739442728], [-99.30079934967239, 26.567656859619674], [-99.2587796198766, 26.575540259418187], [-99.26123394049098, 26.57418928958622], [-99.25893116961875, 26.574601289096194], [-99.25624223021872, 26.574479549085737], [-99.25620068047154, 26.57547756965497], [-99.25164863013745, 26.575159599202554], [-99.24995611012145, 26.57832933903891], [-99.24771185031713, 26.58103414939342], [-99.24717602015846, 26.580514349521184]]]}}, {"type": "Feature", "properties": {"CVEGEO": "28025", "CVE_ENT": "28", "NOMGEO": "Tamaulipas", "CVE_MUN": "025", "NOMMUN": "Miguel Alemán", "cov_": 2019, "cov_id": 2020}, "geometry": {"type": "Polygon", "coordinates": [[[-99.0372880473619, 26.413568341001678], [-99.0348690602481, 26.413393339366863], [-99.03030534862422, 26.412239459302665], [-99.0285534487898, 26.410950169626567], [-99.02093831007299, 26.40656288964667], [-99.0204238596349, 26.406072079836072], [-99.01953839978249, 26.40439625901038], [-99.01792507850021, 26.40261959996853], [-99.01685774913119, 26.401063059690546], [-99.01441820009272, 26.395452769366663], [-99.01276344967219, 26.393054939369517], [-99.01200056952936, 26.392555598983645], [-99.01077470968546, 26.392258628974133], [-99.00790506015322, 26.392368258893523], [-99.00533917967743, 26.393273568950733], [-99.00327011973746, 26.393771908989144], [-99.00149029013006, 26.394116419283865], [-98.99999927959044, 26.39408519879955], [-98.99826552029712, 26.393866709002644], [-98.99483276970862, 26.39230594941216], [-98.99112268029009, 26.391369379677535], [-98.9893889702738, 26.391369259662802], [-98.98779392012753, 26.391650059410722], [-98.98609478030234, 26.39246144953293], [-98.98408344974263, 26.394053108795493], [-98.9786921397046, 26.40001370887353], [-98.97785436981071, 26.4006877690714], [-98.97683447992311, 26.401054798998114], [-98.9743867702323, 26.401306769359387], [-98.97272967955028, 26.40077856917716], [-98.97119105032033, 26.39978581895534], [-98.96910066048372, 26.398798428979685], [-98.96773428021692, 26.398658049381893], [-98.96346015000326, 26.39889194964641], [-98.96170114963618, 26.3984323994808], [-98.95546837991704, 26.395296849526616], [-98.95457646025334, 26.39453916925616], [-98.95386298042077, 26.39359788941058], [-98.95337911024876, 26.39242736888704], [-98.95309945995163, 26.390338719460487], [-98.95345692022843, 26.384122059374196], [-98.95422245038802, 26.382446969705473], [-98.9560587698281, 26.379854229172718], [-98.95623754987605, 26.379005088822563], [-98.95610786025702, 26.377128688828606], [-98.95368682997558, 26.375590179094804], [-98.95091172037344, 26.372768109674286], [-98.94928103047242, 26.371505199299442], [-98.9478930302137, 26.370733748902346], [-98.94666157994959, 26.36940461920116], [-98.94517317006135, 26.368224649003114], [-98.94591689039764, 26.367157249188647], [-98.94454474011893, 26.3665599196461], [-98.94933429041134, 26.35784490927292], [-98.94977626002431, 26.35665294905765], [-98.94903045010807, 26.356463949073866], [-98.94917876968172, 26.343496049586577], [-98.9490252198891, 26.342435028910252], [-98.94570619955876, 26.342430019497183], [-98.94831188037864, 26.338066179489438], [-98.9459530797911, 26.33808251934282], [-98.94659771036842, 26.314572079021225], [-98.94180344993013, 26.2981846292163], [-98.96219221966285, 26.250340688945727], [-98.98967128010044, 26.1871866590547], [-98.99105324956454, 26.188051708945498], [-98.99208151007505, 26.18778824926325], [-98.99294822958385, 26.18829159958019], [-98.99399696986171, 26.18818537894798], [-98.99431991024944, 26.18791221894261], [-98.99462517024168, 26.1869286792964], [-98.99432834961979, 26.186640148883505], [-98.99376997024329, 26.184113278963416], [-98.99324635019586, 26.18294539881021], [-98.99188945006122, 26.182085519273137], [-99.00032602034348, 26.162679749288305], [-99.01686985992947, 26.123522799317943], [-99.0155224604272, 26.122592319027415], [-99.01476686001266, 26.121282249467903], [-99.01407885022898, 26.118889019056905], [-99.0143606896515, 26.1178220595308], [-99.01648728019657, 26.11400645941461], [-99.01725618014076, 26.113633799084774], [-99.01851083011918, 26.113469319564295], [-99.02029934013152, 26.113810618976846], [-99.02263151002066, 26.11478341927705], [-99.0235600602473, 26.114933539414977], [-99.02452914970867, 26.11438761885694], [-99.02588537042848, 26.113049968950687], [-99.02668490977118, 26.11184659921085], [-99.0267002500187, 26.110737229568567], [-99.02509874005068, 26.108170829208568], [-99.02328511024815, 26.10201077887066], [-99.02222685045011, 26.10035730962952], [-99.02167906004414, 26.098766519275756], [-99.02175749015088, 26.097855259425337], [-99.0221171195584, 26.0972085692193], [-99.02389206016576, 26.09566007912814], [-99.02440245958017, 26.093810459591456], [-99.02524265048334, 26.093359909051287], [-99.02716262048456, 26.093423289338634], [-99.02798308952183, 26.09312941901387], [-99.02917389031651, 26.093026079215274], [-99.03257748014387, 26.093879339074213], [-99.03555394037194, 26.093427319001233], [-99.03725275019485, 26.09347021967399], [-99.03872291975844, 26.094149169420398], [-99.03934981997064, 26.095259049575496], [-99.04055073995255, 26.096342779153215], [-99.04302145029712, 26.097446079095114], [-99.04446318046418, 26.098564319604062], [-99.04499206029014, 26.098705139031587], [-99.04607689023689, 26.09850702966994], [-99.04903149028311, 26.096100919525448], [-99.05291660028846, 26.093610599177097], [-99.0550585504931, 26.09247785929727], [-99.06051008016132, 26.09146541926062], [-99.0628189402683, 26.090533089446158], [-99.063656060472, 26.089114628900415], [-99.06388878037583, 26.086307079515176], [-99.06224847975194, 26.08114668902275], [-99.06253535034068, 26.080135429308406], [-99.0632713095829, 26.079497799592524], [-99.06662539964232, 26.077830169509873], [-99.06749694955579, 26.077913848877316], [-99.0701496200363, 26.079246878820918], [-99.07366003028565, 26.079014779234353], [-99.07452335002048, 26.078785398960065], [-99.07577706049705, 26.077565199170213], [-99.07642071025455, 26.076347509017747], [-99.07639654031499, 26.075263889295385], [-99.07560623047809, 26.07303650886975], [-99.07604928019809, 26.072092878864524], [-99.07689994006932, 26.071775419203853], [-99.08373075021441, 26.071768849084407], [-99.08592119976612, 26.071407749546697], [-99.08963361979653, 26.06991777943558], [-99.09085709039681, 26.069843689063187], [-99.09218094036169, 26.070060969362377], [-99.09466020048593, 26.071195539239994], [-99.09631358044452, 26.072383919133696], [-99.09629628958366, 26.07315568968614], [-99.09490266041327, 26.07547977902229], [-99.09349703022536, 26.076759619159457], [-99.09323814994288, 26.077311139697564], [-99.09322067983945, 26.078089598858018], [-99.09362077993029, 26.079134459531886], [-99.09407548999623, 26.079797859048824], [-99.09502603012905, 26.08056025956651], [-99.09670603004298, 26.080775489347857], [-99.09936638001602, 26.08056530944009], [-99.1049313803311, 26.07929776884271], [-99.10862315043117, 26.079004289599265], [-99.11032312007602, 26.0783447489742], [-99.11427830970447, 26.07624493943412], [-99.11545268954654, 26.075409319463922], [-99.1167974195023, 26.073395429447892], [-99.11923111952714, 26.067042448863074], [-99.11989236963647, 26.066513889446334], [-99.12088606039674, 26.066307859354982], [-99.12222811028191, 26.066477459535367], [-99.12555263002693, 26.067620569652952], [-99.12793428018186, 26.068802709404334], [-99.12936385033882, 26.069028828955926], [-99.13023606025898, 26.06904459935209], [-99.13090666043773, 26.06881639886882], [-99.13216124954077, 26.067586619016588], [-99.13257586018669, 26.066694449174875], [-99.13268900006518, 26.065830779396126], [-99.13206460024716, 26.064308748914996], [-99.12953223048343, 26.06146684903158], [-99.1251318497121, 26.058242629116883], [-99.12405208013469, 26.056859199579357], [-99.12413488030413, 26.05570157935286], [-99.12517145022262, 26.054606659036278], [-99.12631182005045, 26.054022888903994], [-99.12899870980708, 26.053418339314373], [-99.13137117001583, 26.05331139911934], [-99.13686607994308, 26.053575139517914], [-99.14093303008778, 26.05296681958697], [-99.14131040034859, 26.053128748841992], [-99.14170148987434, 26.05364210935202], [-99.14229457982427, 26.05596802933937], [-99.14157597009593, 26.05981381936057], [-99.14260366046544, 26.060783429476334], [-99.14337124976643, 26.06113128970257], [-99.14814031968811, 26.062121319463806], [-99.15243328034613, 26.06235628910918], [-99.15612500049859, 26.062173938991158], [-99.15790568032153, 26.061162619316285], [-99.15875052002268, 26.06092656953619], [-99.15941788963431, 26.060987889094505], [-99.1603301198669, 26.061385139143166], [-99.16126397949792, 26.062939449601465], [-99.1616975102553, 26.064215659022942], [-99.1617110501983, 26.068879419287875], [-99.16191642985991, 26.070261249398655], [-99.16241694957498, 26.070902169461423], [-99.16375907989887, 26.071741179181604], [-99.16701941984644, 26.075468279216366], [-99.17100182976058, 26.09449497895825], [-99.18413211031583, 26.17755491948202], [-99.19221856996496, 26.226757449521223], [-99.19780156969026, 26.258486819212052], [-99.19383418012471, 26.258603479309567], [-99.19383796978755, 26.257998279375105], [-99.1896552900554, 26.259045549111363], [-99.18666727970458, 26.25897253896822], [-99.18652884967015, 26.257127278886138], [-99.18595198010081, 26.25710481960767], [-99.18480309007515, 26.256312489592272], [-99.18373518026455, 26.25606561889966], [-99.18205267981168, 26.257228708970004], [-99.18007436957528, 26.257344019097186], [-99.18023213958313, 26.26288793947753], [-99.18175407952569, 26.263166459203312], [-99.182789629615, 26.264861349079712], [-99.1718655801979, 26.264677488838007], [-99.17186247978468, 26.26402985882307], [-99.17159906049443, 26.26385247889333], [-99.16846482014967, 26.26383348950112], [-99.16829925027582, 26.264504179008092], [-99.1636654604562, 26.264465979159855], [-99.11635932017208, 26.26314950959605], [-99.11678768033579, 26.295160398959354], [-99.11371445002413, 26.294492319487592], [-99.1128452000003, 26.294548709525618], [-99.11160951019535, 26.289609079659527], [-99.10991302953148, 26.290251369063956], [-99.10908013987648, 26.293133619195917], [-99.10846777993748, 26.293404119236655], [-99.10824810989513, 26.293463379548815], [-99.10793056997791, 26.293134249504355], [-99.10720997009574, 26.2932366191435], [-99.10666216967817, 26.291980749249767], [-99.1063112502839, 26.291864599088676], [-99.1043397795295, 26.2922568294453], [-99.1041981102106, 26.292594539260502], [-99.10279545048928, 26.29313079884287], [-99.10318598015438, 26.293516819449668], [-99.10009074996943, 26.294451259424964], [-99.10130189044155, 26.299046019088397], [-99.10491625961791, 26.298648199354812], [-99.10717617951457, 26.30128185957339], [-99.10953461957493, 26.30150944888137], [-99.11240659982164, 26.30317042964022], [-99.1169282001899, 26.303618458961278], [-99.11710935006538, 26.324600979456548], [-99.11131941984968, 26.327609489648633], [-99.11746353981535, 26.346108479473916], [-99.11787145990021, 26.376726198888306], [-99.10424837966279, 26.3787250490069], [-99.10449918005958, 26.38111447904817], [-99.1011690197195, 26.382247768843456], [-99.10238585048673, 26.38576217944638], [-99.10303781988337, 26.386064029107303], [-99.10322694015957, 26.387245779016936], [-99.1036573103169, 26.38657273912796], [-99.10369272009216, 26.392608279563404], [-99.1017712601086, 26.392035549604863], [-99.10098548975606, 26.392135258838657], [-99.11152945962448, 26.39955442957011], [-99.10752767976614, 26.404856059385434], [-99.10710620004323, 26.406326779394394], [-99.10873577967237, 26.407384679197005], [-99.10909898036881, 26.406790019501052], [-99.1104537803838, 26.407439518893867], [-99.10704894008069, 26.408797888975062], [-99.09643901990049, 26.412250979347593], [-99.0960090900206, 26.41182394887847], [-99.09492757019078, 26.411459318861326], [-99.09199892046516, 26.40994796934144], [-99.08981771957625, 26.408632379058062], [-99.08903865014801, 26.407904289212816], [-99.08844617007568, 26.406867818885747], [-99.08788408996813, 26.404912339119566], [-99.0876960495167, 26.403231219644905], [-99.0871032902131, 26.401774428945533], [-99.08669798008641, 26.401214229119514], [-99.08616848031257, 26.40093444932122], [-99.08510778037429, 26.398469178861994], [-99.08398608009749, 26.397573119116625], [-99.08152758034672, 26.396562029222697], [-99.07936508019337, 26.397319049673893], [-99.07523838046791, 26.396915509430155], [-99.07402471991723, 26.39691613966609], [-99.07156309025846, 26.39747922961282], [-99.06993341978948, 26.397636109454787], [-99.06835582039002, 26.397661368860728], [-99.065272600435, 26.397148479509326], [-99.0633211375938, 26.397281573439074], [-99.0618182295744, 26.397666919279544], [-99.05884362995516, 26.399321689166975], [-99.05620471952653, 26.400512119163217], [-99.05416675026636, 26.401737878860388], [-99.05087183014452, 26.40481159954519], [-99.04768513950046, 26.407401708993664], [-99.04579972017318, 26.409662569242162], [-99.04424487897334, 26.410880369700354], [-99.03973408891487, 26.413065200573325], [-99.0372880473619, 26.413568341001678]]]}}, {"type": "Feature", "properties": {"CVEGEO": "28026", "CVE_ENT": "28", "NOMGEO": "Tamaulipas", "CVE_MUN": "026", "NOMMUN": "Miquihuana", "cov_": 2015, "cov_id": 2016}, "geometry": {"type": "Polygon", "coordinates": [[[-99.76901389009544, 23.784488119757622], [-99.68337773984408, 23.776648199475822], [-99.65994343004596, 23.77070791922777], [-99.66611050992607, 23.749616688908095], [-99.6453253498709, 23.699727308905988], [-99.65764477991416, 23.677643798948875], [-99.66393849006192, 23.674441379650222], [-99.66549824992177, 23.677756909168906], [-99.67456001978447, 23.679241049661485], [-99.6802636603216, 23.675021109656242], [-99.67170864985025, 23.65242317973938], [-99.64216425026832, 23.59806133927641], [-99.58138071038725, 23.423894738968336], [-99.619164599567, 23.42719728939397], [-99.6258126504577, 23.40356162975557], [-99.63447377017725, 23.395794799598793], [-99.64434026030399, 23.391554309589477], [-99.64254952043784, 23.39772253919376], [-99.64919358000544, 23.437530738964984], [-99.65789068992648, 23.459277088993815], [-99.66092128018695, 23.479315569756245], [-99.67942391041333, 23.508483569655773], [-99.71259811958937, 23.53738141944293], [-99.71693406025832, 23.534321319302315], [-99.73326297967625, 23.5203353993091], [-99.74735436978592, 23.516896319192274], [-99.75806162962033, 23.510217969737816], [-99.76719232048313, 23.510964339006005], [-99.76891410974493, 23.482782459352247], [-99.79537356972612, 23.485523489535836], [-99.81698314966518, 23.525671349126114], [-99.84719018038008, 23.49610285975466], [-99.88147644996816, 23.508865369759658], [-99.87098991030273, 23.551007619196575], [-99.90865798031847, 23.530198708953034], [-99.91241145037696, 23.516272508901352], [-99.91835643046315, 23.50692307900163], [-99.92477214027934, 23.49206328959072], [-99.94581736993894, 23.496382339085944], [-99.94769842975897, 23.497172419379474], [-99.9611876300228, 23.556889769616948], [-99.91580026013143, 23.66507833975453], [-99.89111957000664, 23.70380657957819], [-99.88284730962836, 23.72357759965303], [-99.86065998040388, 23.774462489348217], [-99.80551890996955, 23.7842979194846], [-99.76901389009544, 23.784488119757622]]]}}, {"type": "Feature", "properties": {"CVEGEO": "28027", "CVE_ENT": "28", "NOMGEO": "Tamaulipas", "CVE_MUN": "027", "NOMMUN": "Nuevo Laredo", "cov_": 2011, "cov_id": 2012}, "geometry": {"type": "Polygon", "coordinates": [[[-99.72660085045837, 27.67727499967392], [-99.72575662006267, 27.676698319617646], [-99.72469185023883, 27.675474768983417], [-99.72427800050167, 27.674487279473503], [-99.72333903047813, 27.66909293966939], [-99.72258873965131, 27.667391059409162], [-99.72036301956672, 27.66528265897396], [-99.71946451999744, 27.664684379628138], [-99.71771759957834, 27.662860548974763], [-99.71705767959315, 27.662402629510304], [-99.71655579999587, 27.66242197885376], [-99.71593864984477, 27.662084519474774], [-99.71502152006768, 27.661199029052636], [-99.71306425006368, 27.659987249289422], [-99.71177751959422, 27.658626378919767], [-99.71043251011068, 27.657658449191192], [-99.70658657993009, 27.656119908967533], [-99.70549990982138, 27.655254879660987], [-99.70365484973128, 27.654973819334554], [-99.70276072048456, 27.655050709348018], [-99.6991585102617, 27.655526879461096], [-99.6987539495399, 27.655842399509133], [-99.69890230988361, 27.656427089377686], [-99.69873037982045, 27.657570919495942], [-99.69686281953133, 27.66300945934763], [-99.69438542038759, 27.66615062942524], [-99.69123434998411, 27.66894577966621], [-99.69050335022281, 27.66911819905791], [-99.68947032039506, 27.668665088932258], [-99.68933182969607, 27.668183369032565], [-99.68947471036145, 27.66502351943023], [-99.6891694298306, 27.663891599059372], [-99.68789024976085, 27.662272549605674], [-99.68653691978385, 27.661541219041723], [-99.68273989002074, 27.660354078954867], [-99.67969455041927, 27.658873689529624], [-99.67869006049656, 27.65863736907853], [-99.67706453960028, 27.65878993894684], [-99.67487454021982, 27.659716939186154], [-99.67287743001611, 27.660171679417278], [-99.66899979951761, 27.659973179051338], [-99.66691980043987, 27.659228709511833], [-99.66378290998044, 27.65744402905957], [-99.6626519797685, 27.656547909050328], [-99.66069144969946, 27.653374679236123], [-99.65827381966777, 27.65040288927716], [-99.65812311958993, 27.64784742927625], [-99.65905862027722, 27.645653259553388], [-99.66134388987611, 27.642531519338803], [-99.66519007971553, 27.6406008792377], [-99.66606521970337, 27.639175599568777], [-99.66643330972849, 27.637297679118568], [-99.6662923103946, 27.63640593967136], [-99.66539166009258, 27.635349199378954], [-99.66187003009519, 27.63404897891357], [-99.66007101974313, 27.633043089647078], [-99.65932069035968, 27.6316393990839], [-99.65743705030225, 27.630552629334968], [-99.65640122032306, 27.6295446596308], [-99.65546727963748, 27.62925964952629], [-99.65234541963062, 27.629229539291288], [-99.650665450192, 27.630369198873776], [-99.64957777982156, 27.630565308935566], [-99.64858882998593, 27.63042374890975], [-99.64270777961579, 27.628257739331517], [-99.64045216991418, 27.627182749335823], [-99.63866431004824, 27.626715019261997], [-99.63741828974847, 27.626817089534732], [-99.63284733995732, 27.62838134888603], [-99.628003320446, 27.629633089004603], [-99.62716531032807, 27.62999845900597], [-99.62540938027331, 27.630995139643606], [-99.62430317040064, 27.631868199484856], [-99.62320035000978, 27.633344249400757], [-99.62301399969759, 27.633947888907752], [-99.62313699980727, 27.635476549166704], [-99.62351453951034, 27.636128969061897], [-99.62481562029406, 27.637093179212986], [-99.62588078048029, 27.63738061927116], [-99.6266441703559, 27.637870619182042], [-99.6273696900525, 27.639308509314386], [-99.62731800027937, 27.640206479334758], [-99.62653228957413, 27.64260924925349], [-99.6251574899261, 27.643941719675905], [-99.62426405011026, 27.6441145192705], [-99.62171610976722, 27.644101749564914], [-99.62062962048556, 27.643696648819358], [-99.61989411997483, 27.643024599421352], [-99.61909822039352, 27.641267659380592], [-99.61879035032554, 27.639532679620842], [-99.6182441795426, 27.638811569445675], [-99.61748197023138, 27.63821210903516], [-99.61585674011766, 27.63739933932059], [-99.6143394198415, 27.637502418852673], [-99.61274380023511, 27.638112308882405], [-99.61198037031659, 27.63954128886206], [-99.61143462003888, 27.640064649565748], [-99.60946499986412, 27.641071798953924], [-99.60894095027717, 27.641117519585077], [-99.60644665993748, 27.640534309347927], [-99.60317050966555, 27.64198825891919], [-99.60209965008609, 27.64153474881246], [-99.6000377498203, 27.641452519371374], [-99.59782233964562, 27.64039542907281], [-99.59590432034183, 27.63976376935239], [-99.59397107993469, 27.638107918997324], [-99.59262921980319, 27.63553321965786], [-99.59224082979462, 27.628811249616255], [-99.59150331049872, 27.62772921878298], [-99.59084927985708, 27.627056749464625], [-99.58917374047073, 27.62643870957], [-99.58736395036533, 27.62438331912134], [-99.58312042028233, 27.620915308969707], [-99.58101042975035, 27.620106908824777], [-99.57830434993573, 27.619634889127948], [-99.57763912010591, 27.61930202886258], [-99.57710614989922, 27.618310779660757], [-99.57678502012212, 27.614124968798745], [-99.57682544955917, 27.61097397934085], [-99.57792705963212, 27.609208909599754], [-99.57967817003552, 27.607272399465078], [-99.580623460304, 27.60668976929374], [-99.58368865003617, 27.606386949021108], [-99.58433679982922, 27.60602508924205], [-99.58475976971428, 27.605342288773862], [-99.5848285396599, 27.60457070916565], [-99.58423501987475, 27.60345859917424], [-99.58241341949815, 27.60252648928646], [-99.58011985006792, 27.60202430920956], [-99.57873464981702, 27.602013618835294], [-99.56999412017073, 27.605141689403876], [-99.5612578601866, 27.607130279092928], [-99.55877214992873, 27.608514748829823], [-99.55834068037144, 27.60892657958981], [-99.55820751005197, 27.60938522952843], [-99.55840283014777, 27.61051799878712], [-99.55797552008075, 27.612109799610487], [-99.55600877015891, 27.61434342903841], [-99.5548312601385, 27.614409939519323], [-99.54878186001443, 27.610153148926667], [-99.54245554041125, 27.606415509389787], [-99.54125904993994, 27.605551978812795], [-99.54025062988798, 27.60435479964246], [-99.53855642995192, 27.601395089227495], [-99.53734924969585, 27.598312779051568], [-99.53627701960875, 27.595085259535278], [-99.5353991696657, 27.590856149405546], [-99.53504288970356, 27.590037569190883], [-99.53083125949662, 27.58210994918595], [-99.52932159980408, 27.58023307895465], [-99.52901357977197, 27.579229678795475], [-99.5255609800196, 27.5766139095633], [-99.52434214972868, 27.57593125902765], [-99.5232646199962, 27.575714479111394], [-99.52068606025594, 27.573765739660054], [-99.51585578040765, 27.571902458896258], [-99.51506787970459, 27.571374829377557], [-99.51340572017263, 27.56925861943607], [-99.51154919980573, 27.566082019176577], [-99.51151297047652, 27.56409010891924], [-99.51281112007794, 27.562003319101937], [-99.51297426019771, 27.561083049090197], [-99.51283163025734, 27.56041245886366], [-99.51325128021664, 27.557819249208045], [-99.51395606038503, 27.556671429552484], [-99.51454162018423, 27.556118479445615], [-99.51869336991417, 27.553119659622023], [-99.51947123008193, 27.55152510908658], [-99.52034839971698, 27.54800077904578], [-99.52201017018866, 27.54430474888668], [-99.5221582599937, 27.541270318996904], [-99.52201419963352, 27.538516799369926], [-99.52247892014061, 27.533001089054718], [-99.52369762979497, 27.528712858904807], [-99.52448097023411, 27.525006289605358], [-99.52553493995781, 27.522050259126008], [-99.52497561994942, 27.51220765965444], [-99.52814724973456, 27.500996768949946], [-99.52835526003858, 27.49940314949466], [-99.52818764963088, 27.498153219499777], [-99.52705452019653, 27.497196478842046], [-99.52569711043506, 27.49663836923633], [-99.52311376951182, 27.49654310961395], [-99.52038126045953, 27.496944089025664], [-99.51885129042569, 27.497386708850808], [-99.51442219962546, 27.499253309225118], [-99.5132637502188, 27.4993137199365], [-99.51062573991118, 27.49891130881986], [-99.5037551103978, 27.500173148910612], [-99.50213231018375, 27.500217378044773], [-99.50076402953664, 27.499879258814754], [-99.49692306001835, 27.49806808933932], [-99.49342722981899, 27.49762797954163], [-99.48947063019425, 27.49586371959824], [-99.4855084002066, 27.49325051924032], [-99.48297880049606, 27.49101139945766], [-99.48134762030791, 27.489094139125235], [-99.48048608987496, 27.48740214897481], [-99.47970542011127, 27.484624289298218], [-99.47876526036812, 27.479506509043574], [-99.47930611026192, 27.478191660069744], [-99.4814865390958, 27.476811348785777], [-99.48239851044342, 27.475435969143312], [-99.48323864954172, 27.46732157886931], [-99.48406450987616, 27.46581331936008], [-99.48552926022434, 27.46388530967509], [-99.48709628037392, 27.46098641892999], [-99.48832752024953, 27.459399979510422], [-99.49164271922409, 27.45601868941982], [-99.4926191495053, 27.454776169099866], [-99.49371834040274, 27.452334769511374], [-99.49533634931439, 27.446578309474766], [-99.4959468203037, 27.440406429130768], [-99.49553021994889, 27.43798953893644], [-99.49442127996507, 27.433575679200324], [-99.4923270502504, 27.428636448948502], [-99.49102869015361, 27.424832569465778], [-99.48997026022356, 27.41851899915038], [-99.4880991199346, 27.414075219422163], [-99.48777416983536, 27.41301001882677], [-99.48762099949688, 27.411046199617708], [-99.48786462034658, 27.40946505938455], [-99.48861548983473, 27.407033599240854], [-99.48946375019382, 27.39913279947938], [-99.49183291965421, 27.39402131935497], [-99.49236376973207, 27.393337709428533], [-99.49278485027091, 27.391984279035828], [-99.49236138022636, 27.387948739606983], [-99.49252469026716, 27.38626110965272], [-99.49185588982738, 27.383777479476187], [-99.49188677026133, 27.381997739325403], [-99.49228068967138, 27.38059179962837], [-99.49302761979263, 27.37925173884964], [-99.49483401997868, 27.37736397956737], [-99.4967113404777, 27.374712109031503], [-99.49902914043467, 27.373084108800946], [-99.50164361999299, 27.368031739357686], [-99.50297357973358, 27.36645902914906], [-99.50370537037722, 27.36472659919028], [-99.50583832004985, 27.35773856907171], [-99.506142090142, 27.357103509289384], [-99.50666134015151, 27.356817719344438], [-99.50786086016677, 27.353509779655756], [-99.5079585403636, 27.352735149576006], [-99.50762135040388, 27.35152188940413], [-99.50775516960587, 27.34934707934998], [-99.50761532008647, 27.34832599933353], [-99.50685569032325, 27.345548509016226], [-99.50435055036057, 27.34004784923852], [-99.50449873975208, 27.338779769195092], [-99.50598285026567, 27.33658453890259], [-99.50800234989391, 27.334829199134106], [-99.51448704984217, 27.329511939021806], [-99.51863089038054, 27.326568769667084], [-99.52011228970541, 27.32606408887857], [-99.52166285961191, 27.324643169044688], [-99.52576713979292, 27.32389548925756], [-99.5310215202439, 27.32412754898587], [-99.53236762966363, 27.323625599590766], [-99.53295992030698, 27.322151969396234], [-99.5348324903276, 27.319851769658424], [-99.53750491982181, 27.317852689237032], [-99.53809258039368, 27.317025429136866], [-99.53813263020932, 27.31645201942773], [-99.53650128000746, 27.312053319050605], [-99.53404062993572, 27.31034696934537], [-99.52958542016458, 27.30572171964321], [-99.52790355039897, 27.30483568949141], [-99.52551334999065, 27.305120908818054], [-99.52341431024158, 27.304066419350995], [-99.52185414014113, 27.30374290966027], [-99.5120193497306, 27.30406516962713], [-99.50986622029993, 27.304411508898813], [-99.50738075049459, 27.30548808922973], [-99.50624485017023, 27.30577722945872], [-99.50338032014143, 27.30621917885621], [-99.50168417009004, 27.306154019160502], [-99.49781031042586, 27.30541967918283], [-99.49460392000532, 27.30376421934768], [-99.49397842981286, 27.302180969088667], [-99.49331628023222, 27.3013282495635], [-99.49169942042516, 27.30039551943623], [-99.49110137960247, 27.298656398828708], [-99.48794650960049, 27.29504085961066], [-99.48759022021166, 27.294214309225254], [-99.48745866037147, 27.290789659170137], [-99.48756025997623, 27.289442709573354], [-99.48901009024011, 27.285934778811036], [-99.49500711027191, 27.276797118913315], [-99.4963841998115, 27.2736759392429], [-99.49656664960011, 27.27290050927394], [-99.49646254021674, 27.27132661904383], [-99.61234698007112, 27.27830485899039], [-99.60922677959482, 27.28383553910128], [-99.60799262041317, 27.283287259412848], [-99.60476565018898, 27.289199679500562], [-99.63824018042938, 27.291802769472223], [-99.63832530988357, 27.28790130908591], [-99.73169666011891, 27.294448198872047], [-99.73240139987546, 27.287697369383352], [-99.74880762023187, 27.28900059880767], [-99.75855251030387, 27.38962287951687], [-99.7603788199248, 27.43695871909505], [-99.91915362951771, 27.491515179655394], [-99.92641827985365, 27.549156999161898], [-99.7281467398993, 27.679126219496837], [-99.72660085045837, 27.67727499967392]]]}}, {"type": "Feature", "properties": {"CVEGEO": "28028", "CVE_ENT": "28", "NOMGEO": "Tamaulipas", "CVE_MUN": "028", "NOMMUN": "Nuevo Morelos", "cov_": 2018, "cov_id": 2019}, "geometry": {"type": "Polygon", "coordinates": [[[-99.21047604960505, 22.614189489186288], [-99.20095685000175, 22.610945739259012], [-99.19967102988254, 22.613637859374812], [-99.1905991104113, 22.61993717895531], [-99.1891448595823, 22.62032628947361], [-99.1883512798172, 22.621141829765588], [-99.18460918002299, 22.604772999748842], [-99.18373896992254, 22.59944497968898], [-99.17895429004415, 22.587162769429284], [-99.17345865981167, 22.57630277892992], [-99.16253863015497, 22.556781249569607], [-99.16165089045825, 22.553948888943587], [-99.14781793991112, 22.54229313929511], [-99.14669533978582, 22.538887149492037], [-99.1422952796101, 22.528375229243636], [-99.13356250953312, 22.510212399407774], [-99.12998053988248, 22.504423919694023], [-99.12845814974415, 22.502518749439712], [-99.12712734008618, 22.499144489696754], [-99.12694396967332, 22.49734205919428], [-99.12381734971005, 22.487711059016544], [-99.12273648989658, 22.480086079735106], [-99.12317418046507, 22.475940289253852], [-99.12263220027477, 22.472052419762168], [-99.11817381986532, 22.463041739271606], [-99.11403954002834, 22.453476019164825], [-99.1098984596035, 22.44200874913049], [-99.10959379956805, 22.430122889769383], [-99.1118720803125, 22.417783919306693], [-99.11234656964955, 22.4166385096455], [-99.11366258002857, 22.415104049193257], [-99.1146291198018, 22.40672948961089], [-99.1205670500695, 22.406636479691343], [-99.23683875021621, 22.412861999417533], [-99.24342540044434, 22.433370659641753], [-99.25135967964441, 22.443979229073033], [-99.25997860009824, 22.467810939650146], [-99.26314854026101, 22.46979122924198], [-99.27053732026016, 22.500494569747396], [-99.27242581973607, 22.513262629099632], [-99.27792396959096, 22.523676618991082], [-99.28865337995262, 22.555824168998093], [-99.29969105016684, 22.574305449278103], [-99.30545265047704, 22.58860499951907], [-99.20930673956899, 22.62423634941874], [-99.21047604960505, 22.614189489186288]]]}}, {"type": "Feature", "properties": {"CVEGEO": "28029", "CVE_ENT": "28", "NOMGEO": "Tamaulipas", "CVE_MUN": "029", "NOMMUN": "Ocampo", "cov_": 2023, "cov_id": 2024}, "geometry": {"type": "Polygon", "coordinates": [[[-99.4425973196787, 23.089721719638643], [-99.43615892006251, 23.091071579465254], [-99.4272889700585, 23.09189688926634], [-99.42178877959176, 23.09178213952936], [-99.41591897020216, 23.080098119247292], [-99.41088234975791, 23.060745688935512], [-99.35853345011353, 23.060410549630184], [-99.35810143023382, 23.01635188893513], [-99.34591692009407, 23.00002467920173], [-99.34517294047923, 22.998679169056686], [-99.32988665010468, 22.978782689030293], [-99.28287625951499, 22.967738819560463], [-99.2897241803388, 22.963405219571083], [-99.20555917037021, 22.94228825953241], [-99.19796582001418, 22.942210888949578], [-99.16305401988447, 22.94897536912579], [-99.1567429401054, 22.922212969567845], [-99.14756758007056, 22.922440578966786], [-99.14526677045781, 22.912766419063896], [-99.14095315045004, 22.91281422894662], [-99.13483757034135, 22.88738501925511], [-99.13659381962634, 22.887138259163354], [-99.13417911036233, 22.88093716949043], [-99.12914035009149, 22.865654289033237], [-99.13895236956895, 22.853898149310766], [-99.13951158023073, 22.853743199304535], [-99.14040042021976, 22.85421736889051], [-99.14250370991084, 22.853608459007354], [-99.14305600019414, 22.853622709222865], [-99.1434816804346, 22.848749629070483], [-99.14286338049102, 22.844826658996716], [-99.14316317003505, 22.84239736925287], [-99.11887659956245, 22.840184319700477], [-99.11821694048861, 22.83884176928319], [-99.10828159961883, 22.810772429061203], [-99.10448388996787, 22.801330969516016], [-99.10293784994057, 22.79807654939572], [-99.098387479988, 22.79841202909505], [-99.09661267957665, 22.792997659623524], [-99.10529391985041, 22.786094509099623], [-99.09356111980043, 22.783252949513688], [-99.0924309095872, 22.773353418906233], [-99.09474039972449, 22.773702579621975], [-99.09499768010912, 22.77551379891297], [-99.11351731021527, 22.779909479630103], [-99.12347918044708, 22.781511719590526], [-99.1254822602749, 22.766185779035943], [-99.13395945959583, 22.76724701947094], [-99.13917703008204, 22.767111539395913], [-99.1411203495347, 22.753566229351105], [-99.14310250964266, 22.753897999603673], [-99.14464462045376, 22.746459599625428], [-99.14879944957978, 22.747461169198022], [-99.14909037026429, 22.74567207919527], [-99.15014042972206, 22.745895768876284], [-99.15110068011313, 22.73852427976183], [-99.16065613956651, 22.741151749772076], [-99.1616246504041, 22.733185479462463], [-99.16229101983056, 22.72457604895195], [-99.16283117034779, 22.72090477930752], [-99.16621885043149, 22.721379749668703], [-99.16707401952664, 22.714196309379908], [-99.18072352013532, 22.715994979506313], [-99.18184367991836, 22.70869128943607], [-99.18496287982302, 22.709040289492687], [-99.19060031023854, 22.71013534896606], [-99.19706647964196, 22.71079279953537], [-99.19787650960242, 22.702915199294722], [-99.1903776804795, 22.702154799659816], [-99.19099906014442, 22.697315219000476], [-99.1886374796034, 22.692494379219273], [-99.19904576977869, 22.69340661928977], [-99.20016319982254, 22.687843908932088], [-99.19393878023942, 22.687263509211924], [-99.19615069028258, 22.673335119146152], [-99.20520012003914, 22.674182059570736], [-99.2009457495814, 22.664555049237798], [-99.20135937031438, 22.64732011916376], [-99.20280242985784, 22.64376571913947], [-99.20296417018092, 22.641924079213904], [-99.20719447959723, 22.642381619108434], [-99.20930673956899, 22.62423634941874], [-99.30545265047704, 22.58860499951907], [-99.31403440017952, 22.609898169075286], [-99.32859005025713, 22.608702399220945], [-99.32867611995448, 22.611669489406452], [-99.33010752005562, 22.61484468889421], [-99.3213878598293, 22.616730448978426], [-99.32961767965894, 22.634887778980648], [-99.33880954968475, 22.633560199324968], [-99.33961431001576, 22.63325054963962], [-99.37320048007037, 22.62907767895413], [-99.37596311986574, 22.63901616940903], [-99.3762586196971, 22.640374719603887], [-99.37628666004062, 22.64194616965959], [-99.37671017971641, 22.642442539756953], [-99.37766396995994, 22.646069139087725], [-99.37860149019329, 22.64791001915647], [-99.37909392042478, 22.65009024967514], [-99.3803965997569, 22.65204290934791], [-99.380561340139, 22.65294516976647], [-99.38325305954784, 22.658044349078363], [-99.38325236953321, 22.65938044924047], [-99.38405268027935, 22.662774619304276], [-99.3846787101193, 22.66397185941842], [-99.38507291988739, 22.66382230945301], [-99.38537327978645, 22.664471768876222], [-99.38523572020782, 22.665065749479222], [-99.38461945959399, 22.66555004889389], [-99.38476391988662, 22.666733079765294], [-99.38457401988194, 22.667148199071473], [-99.38469999975057, 22.667548079270123], [-99.38552713958703, 22.668297999423682], [-99.38555558043127, 22.668893999298255], [-99.38535044999293, 22.669085399013657], [-99.38569917975963, 22.670027429378415], [-99.3855531100802, 22.670268459096977], [-99.3870254204683, 22.670050599785988], [-99.38843363042666, 22.669291049477017], [-99.38897525002461, 22.670090049231106], [-99.39654011968294, 22.670766799462967], [-99.41991272014559, 22.66203753914675], [-99.44205288032403, 22.66361570952688], [-99.4483278296461, 22.673437318969597], [-99.477126830085, 22.740637219136612], [-99.47922030993249, 22.742052949137197], [-99.48109045016079, 22.742363349141737], [-99.48305208032498, 22.742272709153948], [-99.49048448968888, 22.741426719622638], [-99.49244869007526, 22.741947979241193], [-99.49678850962505, 22.748497948920257], [-99.54432738044746, 22.744140148894026], [-99.53924889017938, 22.72913845966987], [-99.56410748034726, 22.746025579405746], [-99.56426496975037, 22.74813408961798], [-99.53414703005355, 22.768239739672946], [-99.53596002981504, 22.774892519497968], [-99.53953119986076, 22.805720779419858], [-99.51968085036823, 22.809485309531354], [-99.49957428952041, 22.820603679091725], [-99.51732545005177, 22.837993939144663], [-99.51232797999668, 22.892030198964097], [-99.51352235026759, 22.89334534915211], [-99.51523938014243, 22.896715149621976], [-99.51808927967858, 22.89905010969491], [-99.52108180009688, 22.90218111954733], [-99.5316369099616, 22.919885309034846], [-99.54222745024322, 22.92593041888552], [-99.50971978020834, 22.92883631957111], [-99.51171041973596, 22.932656289411334], [-99.5123139401585, 22.932480549399635], [-99.51289717984031, 22.93552956903186], [-99.5150603098586, 22.940082629531183], [-99.49275405042778, 22.952318378947936], [-99.47418657015133, 22.970166749371028], [-99.47799747967998, 22.98156448936147], [-99.47970033982534, 22.98144930976973], [-99.48627444990272, 23.001225779654686], [-99.47935311961342, 23.011822149503683], [-99.47073077957054, 23.008879518970712], [-99.46366108010447, 23.006090859223328], [-99.46086636985919, 23.01794999921551], [-99.46097239961676, 23.019023849734317], [-99.45981983006489, 23.025003909494682], [-99.47131582009469, 23.024205429624253], [-99.47145171972417, 23.03272025931119], [-99.47338488001353, 23.034513599102375], [-99.47805504987045, 23.02956944897276], [-99.48784509035795, 23.034164649264746], [-99.49055482990295, 23.047200619178685], [-99.49078327978106, 23.0599504795887], [-99.5066702004742, 23.059922029521513], [-99.49944821983023, 23.085533319736832], [-99.48283850993849, 23.074932848969794], [-99.47237357020178, 23.075672309705002], [-99.47269102989057, 23.07824548891897], [-99.4618636603252, 23.072653059612016], [-99.46006736971302, 23.098494479195075], [-99.44809697028687, 23.097813579048548], [-99.44795097007065, 23.099726478891053], [-99.44168357965174, 23.09967559959449], [-99.4425973196787, 23.089721719638643]]]}}, {"type": "Feature", "properties": {"CVEGEO": "28030", "CVE_ENT": "28", "NOMGEO": "Tamaulipas", "CVE_MUN": "030", "NOMMUN": "Padilla", "cov_": 2040, "cov_id": 2041}, "geometry": {"type": "Polygon", "coordinates": [[[-98.91246559956059, 24.19587864962323], [-98.79231151990395, 24.175928829570882], [-98.7930678904692, 24.17896231964834], [-98.76219354955566, 24.17397721969343], [-98.76142614972706, 24.17082085892707], [-98.69545738028788, 24.159694649438876], [-98.68965354954902, 24.158863169527255], [-98.65614668968597, 24.098286549395105], [-98.60095963048761, 24.11279717914677], [-98.61123362992146, 24.104101909388703], [-98.61457382043506, 24.10000724934039], [-98.61617928983593, 24.09935177890916], [-98.6193146899861, 24.09902091938636], [-98.62057725003399, 24.098094149551255], [-98.62317301962393, 24.094683828909798], [-98.6399721501605, 24.08379351893749], [-98.64108502964277, 24.08211487971067], [-98.64217245962533, 24.07885488958568], [-98.64303068028536, 24.077040169597915], [-98.64355009046385, 24.07651028968348], [-98.66144571002685, 24.067325109514833], [-98.63379325990309, 24.04146413950157], [-98.61769994971527, 23.979532169532565], [-98.6183374899992, 23.97794111925216], [-98.61835296979199, 23.977337919078984], [-98.61813904981084, 23.976731679132218], [-98.61592640037028, 23.973951909536087], [-98.61527622962225, 23.97279902896407], [-98.61547562987445, 23.971248689608757], [-98.61762742976202, 23.96862936971092], [-98.6214756204452, 23.967102429342873], [-98.62804254045513, 23.966523969648986], [-98.63134993989414, 23.96642102960835], [-98.63422377972036, 23.965961749548423], [-98.63772561964026, 23.96570289047544], [-98.65036381956259, 23.963076029322345], [-98.65303044975984, 23.962341458955567], [-98.6586444797716, 23.961662819562626], [-98.66227852022156, 23.960085089536502], [-98.66320935046548, 23.959985769248814], [-98.66469164949481, 23.959330660325225], [-98.66551378028714, 23.957746399995138], [-98.66652731972202, 23.957893938880616], [-98.66704399977344, 23.9577194789083], [-98.67045042991242, 23.957592859609594], [-98.67219662015206, 23.958245689599114], [-98.67320554969639, 23.957846879662437], [-98.67371660000634, 23.956624309665376], [-98.67382788031321, 23.95765142955574], [-98.67407077985663, 23.958016829360087], [-98.67494644952562, 23.95727271054676], [-98.67502080008877, 23.95606561929218], [-98.67453678007816, 23.955239979485743], [-98.67302541995485, 23.953985459048656], [-98.6735323099864, 23.953729879088105], [-98.67387228025933, 23.95397321912309], [-98.67404495013426, 23.95381482913373], [-98.67517467994983, 23.9544384593813], [-98.67567451966812, 23.954384629633807], [-98.67629185973823, 23.953849738928508], [-98.67642944996342, 23.95396227933729], [-98.67620622021822, 23.954183179488346], [-98.67628717003198, 23.95536952041662], [-98.67660690978349, 23.956284979338083], [-98.67820033980587, 23.95603624928259], [-98.67745505992922, 23.95652396902618], [-98.67574951951305, 23.958445229462697], [-98.67585854952448, 23.959547279543354], [-98.67663257986847, 23.9602179993388], [-98.67754703028231, 23.96079191970507], [-98.6780141396027, 23.960865848987503], [-98.68185389005002, 23.96341682959761], [-98.68272401950773, 23.963584459727368], [-98.68355342993804, 23.96323950974461], [-98.68335602963305, 23.963827739363786], [-98.68363534965997, 23.96432234972367], [-98.68461557014413, 23.964709289627436], [-98.68510205010831, 23.964314079397198], [-98.68540677039682, 23.96502707934703], [-98.6858762897686, 23.965305979608402], [-98.6863791202327, 23.96524829024963], [-98.68651279965349, 23.96565677955634], [-98.68718693960372, 23.96569388921563], [-98.68853768997967, 23.965161549695424], [-98.68865417048673, 23.964825798995783], [-98.68836830987873, 23.964278550286103], [-98.68845205986861, 23.964072919466986], [-98.68965916969702, 23.964310460555275], [-98.6899155396235, 23.960141430168918], [-98.68961497953407, 23.95974130914062], [-98.68898990999169, 23.959603720167483], [-98.68745783023383, 23.959766548919795], [-98.68958877978206, 23.958861568975518], [-98.68986977042212, 23.958477689735734], [-98.6899128797933, 23.957500019538543], [-98.68959287988135, 23.956957138955165], [-98.68887066015658, 23.95656739887865], [-98.68733543047328, 23.956815618973874], [-98.6873530501395, 23.956484139608904], [-98.68806962028805, 23.95636317983336], [-98.68845654049063, 23.955941619441962], [-98.68959994031349, 23.955658109892745], [-98.68975972025885, 23.954753079311462], [-98.68956443001234, 23.95210702962015], [-98.68897282026352, 23.951608979653773], [-98.68746478037079, 23.95176190903105], [-98.68739696979848, 23.951140449207237], [-98.68683322006177, 23.95026334902066], [-98.68596525048007, 23.95015041938629], [-98.68596062026175, 23.95001947975859], [-98.68708997972695, 23.949810820320945], [-98.68770629005488, 23.95048545033014], [-98.68822319982216, 23.950707258881845], [-98.68896982024928, 23.950294149652752], [-98.6892820202851, 23.94984276948587], [-98.68869676980188, 23.9444526492375], [-98.68863352035365, 23.940733339472015], [-98.68841631972123, 23.938847110377285], [-98.68798491960045, 23.937765679156822], [-98.68831942038213, 23.93346257963995], [-98.6879431997609, 23.93028990971441], [-98.68866505959117, 23.92968216944756], [-98.68872475011491, 23.928022979447114], [-98.68861345976026, 23.92696008006606], [-98.68782025010724, 23.924749769452482], [-98.68798208004773, 23.924357709034673], [-98.68863729043491, 23.92448793950179], [-98.68978813990543, 23.92520153928426], [-98.69130512034863, 23.925688829665184], [-98.69198306016588, 23.925253890641255], [-98.69214511045227, 23.924113569322532], [-98.69144090980208, 23.921569089033913], [-98.6902242904441, 23.92046904889829], [-98.69029947956223, 23.919999019704758], [-98.69112522026418, 23.919738489545256], [-98.69108053966609, 23.91934393923663], [-98.69069728034576, 23.918919139123215], [-98.69098941982908, 23.918695048880068], [-98.69189094021543, 23.918931749291406], [-98.69307481971514, 23.918815850629894], [-98.69317865961264, 23.917971859429375], [-98.694182000457, 23.91799311921867], [-98.69473150981753, 23.91774439912655], [-98.69446437032435, 23.917565149014223], [-98.69447257044659, 23.917175509545984], [-98.69564157961776, 23.917789060306188], [-98.69554732019805, 23.916545479697636], [-98.69594784975835, 23.917245139655126], [-98.6966488301468, 23.916926689755797], [-98.69867705029357, 23.919057510022892], [-98.69891612000698, 23.91988338032201], [-98.69916282006221, 23.919163220177005], [-98.69971261967069, 23.91878351971944], [-98.69981743010796, 23.917917169481772], [-98.70012297966636, 23.918162228841684], [-98.70055051005133, 23.918104489543442], [-98.70073121984716, 23.91835645961926], [-98.70089702031068, 23.917959079092523], [-98.70127610992364, 23.917757140043456], [-98.70162334015545, 23.915411519033484], [-98.70151456961709, 23.91468899907814], [-98.70084048982302, 23.91444175045024], [-98.70065148959435, 23.914162368867885], [-98.70101508044533, 23.91319670941817], [-98.7005005196421, 23.9123370195256], [-98.70056642970168, 23.911982119097683], [-98.69996843041193, 23.91171796954541], [-98.69985033985968, 23.91142208034517], [-98.70002797044368, 23.911163858922777], [-98.70106771007647, 23.910983139689606], [-98.70191483022971, 23.910515448977996], [-98.70232714022274, 23.906765089189747], [-98.70209515046443, 23.905853319138338], [-98.70127059964209, 23.905718879591397], [-98.70123274028909, 23.905323139020634], [-98.70142094050293, 23.904800538860023], [-98.70177527960607, 23.905276089064827], [-98.70206293952629, 23.90447568930904], [-98.70211365007185, 23.903297690548545], [-98.70305303035559, 23.90347813968073], [-98.70340769002766, 23.90327687972255], [-98.7046556597569, 23.90160104948848], [-98.70465279965686, 23.900316279025212], [-98.70375131989036, 23.899344379503592], [-98.7031152601279, 23.899698539656455], [-98.70248664970067, 23.899754769641653], [-98.70224500012769, 23.899471509555365], [-98.70218505021711, 23.898844349320225], [-98.70178933977972, 23.89866710898554], [-98.7018776597941, 23.89823182919688], [-98.70147441966085, 23.897504199064425], [-98.70103710977894, 23.897352949652888], [-98.69930338039805, 23.895703830599963], [-98.69848231948897, 23.89547758010806], [-98.69938067998218, 23.892777878859118], [-98.69933271966856, 23.891678058903356], [-98.69720405022433, 23.890631909545874], [-98.69667190980071, 23.88994473890444], [-98.69531928972255, 23.89078021964817], [-98.69473574041089, 23.890656619397003], [-98.69516139967374, 23.890391879001992], [-98.69562030969516, 23.889545999661603], [-98.69628722015972, 23.888944109466088], [-98.69710681977428, 23.88856793941325], [-98.6993643497846, 23.888435459228155], [-98.70232099973263, 23.888780909207988], [-98.70218931966164, 23.888022119476357], [-98.70194365040948, 23.888112769012526], [-98.7009460900612, 23.88768702971848], [-98.70001894009293, 23.88768871903484], [-98.69974027985941, 23.88724624908815], [-98.69933825958014, 23.88740297900705], [-98.6988895498738, 23.88692314959914], [-98.699026250116, 23.88657328955352], [-98.69993391953064, 23.886098649322975], [-98.70027770961742, 23.885659138873685], [-98.70029534989497, 23.88495397930358], [-98.70056352010693, 23.884465819202713], [-98.70124149018459, 23.883962779298685], [-98.70139119983527, 23.88309587947978], [-98.70107277972559, 23.880478779279123], [-98.70133734018543, 23.88013162905548], [-98.70124677978373, 23.87965937004459], [-98.70102717974038, 23.879231459084647], [-98.70046654045002, 23.879051019170863], [-98.69920299961447, 23.879086118843613], [-98.6976202598548, 23.878326079217903], [-98.69682243018423, 23.877436579246766], [-98.6967622795641, 23.87660697885739], [-98.69631703009178, 23.87592847907432], [-98.69696494002773, 23.87589972030187], [-98.69774771964194, 23.87646791958697], [-98.69899259954776, 23.87697116928688], [-98.7001863999884, 23.87668827998671], [-98.70085066016826, 23.875920050455452], [-98.70031200023122, 23.87507954964861], [-98.70032926043102, 23.87460157916137], [-98.70055935026788, 23.87414702960692], [-98.70106545002412, 23.873899348875476], [-98.7018908804069, 23.874002940390085], [-98.70236191962367, 23.874768418948417], [-98.70411566011731, 23.875015339701086], [-98.70493025048818, 23.875794969474708], [-98.70556630991351, 23.877269449901192], [-98.7058759103905, 23.877316749305148], [-98.70560933997697, 23.877864979254884], [-98.70639630962432, 23.878106480507665], [-98.70590447985789, 23.87864387897826], [-98.70547006000798, 23.880224518985383], [-98.70640721971894, 23.881103909340407], [-98.70753471021077, 23.881570779846918], [-98.70750081990276, 23.883281119548982], [-98.7077477999934, 23.884466139498645], [-98.70941036957497, 23.88517670908377], [-98.70962771975702, 23.88488488926758], [-98.70970843022893, 23.883452979577353], [-98.70914547951294, 23.88164562994726], [-98.70984373970356, 23.879986368878665], [-98.70974288970422, 23.879766169661114], [-98.70881698045386, 23.879537459063194], [-98.70865101962207, 23.87889650915759], [-98.70872938021806, 23.878490629241924], [-98.7101329699936, 23.877475199277416], [-98.71063089033457, 23.876748939677075], [-98.71081579970921, 23.87580707992029], [-98.71070007967795, 23.874784689732856], [-98.71025971035984, 23.87382961918721], [-98.70928559977334, 23.87256037929281], [-98.70773026020079, 23.86852519916842], [-98.70880074975813, 23.867388659395193], [-98.7089628001484, 23.866467599397442], [-98.70875604988184, 23.863791479703462], [-98.70830422958328, 23.86188761896989], [-98.7084447097584, 23.86148604947329], [-98.70868011969235, 23.861019629069492], [-98.71056939971953, 23.86027048969582], [-98.71124774047885, 23.859662679614576], [-98.71126227967548, 23.858812918884503], [-98.71092904959761, 23.85785174969185], [-98.70998111038399, 23.85707997961431], [-98.7096057999719, 23.85644914897565], [-98.70764437990194, 23.85547427964317], [-98.70866329043015, 23.855323398931272], [-98.7092332497552, 23.854869229918027], [-98.70941578017079, 23.854344860221527], [-98.70932877032908, 23.853379860194536], [-98.70902262956939, 23.852806279227362], [-98.70969468993992, 23.853011979684947], [-98.7105905099064, 23.85457803033142], [-98.71108727995693, 23.854850479454367], [-98.7116336198133, 23.85482464972339], [-98.71223197036691, 23.85430417950053], [-98.71314047977963, 23.852478579818698], [-98.71381415029596, 23.85162345888347], [-98.71458110991982, 23.85095016893849], [-98.71546796991004, 23.85069904900557], [-98.71570811043951, 23.850224480474292], [-98.71437028961692, 23.8489372895626], [-98.71355309040175, 23.849009979056436], [-98.71075806028382, 23.847302290336522], [-98.70964839959886, 23.845574829598267], [-98.70888817034633, 23.845182820664274], [-98.70586296982493, 23.84514088038016], [-98.70473248021872, 23.844785949363025], [-98.70383483015625, 23.844234220352366], [-98.70375518007029, 23.843006289188004], [-98.70402248010895, 23.842139339333684], [-98.70335841979997, 23.841463919448625], [-98.70170721979599, 23.84110167890732], [-98.70054749024357, 23.83876924900468], [-98.70057851010519, 23.836887319273593], [-98.7026148503472, 23.835727828935134], [-98.70252748962055, 23.83488030929571], [-98.70155285992077, 23.83306677054953], [-98.70070953961469, 23.832440309298708], [-98.70073419986619, 23.831466689567772], [-98.6995763704947, 23.830367118868846], [-98.69939997988503, 23.829648709094933], [-98.70083902978766, 23.827905340191045], [-98.7020973198941, 23.82558365906719], [-98.69897029012692, 23.8243212296327], [-98.69354365999325, 23.820604059426394], [-98.69206112013119, 23.819964259253258], [-98.68940225992624, 23.817122369269928], [-98.6904177802461, 23.815546489305415], [-98.69182896956167, 23.81390359912508], [-98.69216733991144, 23.81309205971325], [-98.69263785976774, 23.812938509268097], [-98.69499626003314, 23.813167549280408], [-98.69367780006827, 23.80709231970778], [-98.69263224987668, 23.80497221975552], [-98.69034457034988, 23.802537449647286], [-98.68920184955806, 23.800861539471466], [-98.6889553102864, 23.7997147188816], [-98.69109549031367, 23.797031709305397], [-98.69223142954161, 23.795185629589028], [-98.69166943027344, 23.793263449832658], [-98.69519846039253, 23.794912629281153], [-98.69544581960555, 23.79573845916888], [-98.69520334958337, 23.796167419581796], [-98.69428813997547, 23.796662878957974], [-98.69293004987605, 23.796699629181308], [-98.69120966003153, 23.798164199389664], [-98.6902402799905, 23.799820599568054], [-98.69017006038925, 23.800502599270644], [-98.69041174979576, 23.801451650324445], [-98.69338821951527, 23.80416754974934], [-98.69400290953958, 23.804359618945583], [-98.69457601970532, 23.804095119307753], [-98.69481494959942, 23.803742149553244], [-98.69590346032895, 23.80339091924842], [-98.69663840018083, 23.80373199895178], [-98.69688197977545, 23.80623342958051], [-98.69676770965803, 23.809941709626997], [-98.69764817971972, 23.81119814935588], [-98.69861677047075, 23.811707369211987], [-98.6998545099103, 23.812036139257632], [-98.70040049030169, 23.8129750892891], [-98.70059647991992, 23.814488599083553], [-98.7011666203186, 23.816451598962473], [-98.70462557977925, 23.818760689860355], [-98.70462879965423, 23.819653489112525], [-98.7052261997841, 23.821705999636695], [-98.70598820005816, 23.822032199788293], [-98.70660212005751, 23.82268964916635], [-98.70819927995967, 23.82610391895344], [-98.7084461501655, 23.827204859780664], [-98.7094902901777, 23.82858241951094], [-98.7106358000304, 23.829226489601133], [-98.71437262001159, 23.83074225023951], [-98.71853698014233, 23.834268889626735], [-98.71872742965478, 23.837489649272747], [-98.71994023020903, 23.838775349410042], [-98.72039777019216, 23.83989405939016], [-98.71954094963021, 23.84099182008418], [-98.72037342041801, 23.84257096932009], [-98.72130008044661, 23.845768119140097], [-98.72136968005985, 23.84694124971809], [-98.72189479953911, 23.848011779221956], [-98.7224669199452, 23.84807441946555], [-98.72272585980957, 23.847650680058926], [-98.72332051021243, 23.84537064954694], [-98.72338518043455, 23.845948169026325], [-98.72384590955123, 23.846122229082145], [-98.7249176200714, 23.84482325936173], [-98.72541632008232, 23.844824148858518], [-98.72606361958057, 23.84532968895212], [-98.7259618497915, 23.846292398899305], [-98.72531233959585, 23.846841479734845], [-98.72551057976335, 23.847437919702276], [-98.72600883031895, 23.847668059114714], [-98.72756431955943, 23.847237029489474], [-98.72785596986957, 23.846800139688312], [-98.72880471986934, 23.84625157964394], [-98.72942250964539, 23.84561464935957], [-98.72921821954718, 23.84416153987986], [-98.72782791960213, 23.8436732493736], [-98.72840895024098, 23.84348230973227], [-98.7284418796896, 23.84312737948731], [-98.72882117010161, 23.842946429289753], [-98.73034697966288, 23.843928259566795], [-98.73087356970953, 23.843886539461394], [-98.73134221985703, 23.843452168853684], [-98.7313375395499, 23.84273682935667], [-98.72918195006378, 23.84022748958531], [-98.72962280001548, 23.840257579387067], [-98.73015093952068, 23.83987573907524], [-98.7306038800982, 23.839809029324485], [-98.73097731030894, 23.840230629373742], [-98.73171895029465, 23.840154119034267], [-98.73259389028526, 23.83903808894596], [-98.73287213975861, 23.83933174926465], [-98.73302174981234, 23.8403717491217], [-98.73357024966064, 23.84041854901442], [-98.73424225026632, 23.839861139163585], [-98.73479362960032, 23.838642138977974], [-98.73488239987266, 23.837268629264305], [-98.73411825043382, 23.83596601963606], [-98.73313800027553, 23.835136398990734], [-98.73186308047522, 23.835009919093416], [-98.73068746017539, 23.835690708901897], [-98.72914111949186, 23.835871400144732], [-98.72849330967139, 23.835641020116245], [-98.72903078000618, 23.834991450451643], [-98.72864370987809, 23.834637619358872], [-98.72813199980087, 23.83451772042459], [-98.72729431048928, 23.834773059254633], [-98.72749065031364, 23.834040288969817], [-98.72729309009216, 23.83282617954217], [-98.72744578038338, 23.83243731893785], [-98.72868202023382, 23.833689739343505], [-98.72905137036011, 23.833655119021696], [-98.72932122013754, 23.833388619661136], [-98.73027471959443, 23.83341464940657], [-98.73067891036695, 23.83303604895843], [-98.73053682030329, 23.83213177912331], [-98.73024422041922, 23.831460319147027], [-98.72956871970938, 23.830691169242908], [-98.72865697038547, 23.82769625008704], [-98.72778896959153, 23.82585411923978], [-98.7275192199478, 23.824497079129316], [-98.72784803034132, 23.82297654976303], [-98.72775808040709, 23.82170916975584], [-98.72858607988002, 23.821753779252855], [-98.72910046008776, 23.82091165912031], [-98.72991957015647, 23.82119988939994], [-98.73050865022674, 23.821768849081877], [-98.73264394962301, 23.823036419601134], [-98.73355058049411, 23.82310031887176], [-98.73437246003358, 23.823036719125504], [-98.73497841992607, 23.822766249424884], [-98.73541905993315, 23.821778708997943], [-98.73525762039007, 23.821221579140957], [-98.73480006011822, 23.82102782920604], [-98.7330253102705, 23.82097167972874], [-98.73255021964644, 23.820650859436967], [-98.73218282972739, 23.81905117912878], [-98.73114769049246, 23.817926169292775], [-98.73111831955373, 23.816953429239852], [-98.73032135028274, 23.81556165036486], [-98.73033953954653, 23.81411637019917], [-98.73058039961063, 23.813234079097274], [-98.73043498042625, 23.812748659605287], [-98.7291871200375, 23.810734828984252], [-98.7283997800929, 23.810306179417953], [-98.72787682019501, 23.810427078973603], [-98.72736987986632, 23.8109851696016], [-98.72700854998585, 23.811092979642133], [-98.72655025025483, 23.810968779795285], [-98.72543397036705, 23.809727249747386], [-98.72631182029421, 23.808915649430954], [-98.72845646026857, 23.808758259763174], [-98.73076481991895, 23.808863478865224], [-98.73110137036538, 23.807916230164288], [-98.73042011027717, 23.806528619294383], [-98.73115014009775, 23.80475443020401], [-98.73102131031344, 23.803063289529938], [-98.73013931021858, 23.80207114920457], [-98.72880508003787, 23.80205691935785], [-98.72808456989064, 23.802549459511262], [-98.72784142992712, 23.80381344923979], [-98.7274728503537, 23.804380509425922], [-98.72696307961091, 23.804297920163215], [-98.72571613975833, 23.804524979585892], [-98.72457932044816, 23.80392442959095], [-98.7231745798037, 23.803970199590246], [-98.72272635048635, 23.803740139274804], [-98.7226484195096, 23.803194969903895], [-98.72197968030521, 23.80318854944311], [-98.7219800595527, 23.803005139124515], [-98.7226786503558, 23.80273128917957], [-98.7237249500593, 23.80305412046893], [-98.72462287955761, 23.80282647940883], [-98.72474048002908, 23.801512249301627], [-98.72335634951196, 23.800003479402577], [-98.72105114011056, 23.79856177962538], [-98.72066508982985, 23.799163769017845], [-98.72013846011552, 23.79818065944848], [-98.71959330988753, 23.79788054890002], [-98.71956793973972, 23.797433138904626], [-98.71904614979056, 23.79688285888998], [-98.71839782026224, 23.79693119897072], [-98.71821521975642, 23.797224889144175], [-98.71848157969472, 23.797899939532297], [-98.71822266026318, 23.79855151898148], [-98.7179666297509, 23.79854613896477], [-98.71766650988374, 23.79814310914655], [-98.71710208971005, 23.798069229238553], [-98.71679422003841, 23.79852144891563], [-98.71601863009019, 23.79880261893957], [-98.71572185998144, 23.798808749163733], [-98.71617357010801, 23.797454619191008], [-98.71533074967796, 23.79646616941037], [-98.71434246036402, 23.795952798895918], [-98.71419238002149, 23.796157059028122], [-98.71329477997259, 23.795927369133164], [-98.71294488979436, 23.796440679143185], [-98.71263137042226, 23.79766136943027], [-98.71239967971827, 23.796677118920243], [-98.71204602024235, 23.796260550331517], [-98.71176488015045, 23.79651474906587], [-98.71156592041856, 23.7976482591776], [-98.71112547991619, 23.797344718873305], [-98.71014414042187, 23.79734362963006], [-98.7103502498762, 23.79677911947928], [-98.71108888027419, 23.796245479221515], [-98.7112994302974, 23.796418579062617], [-98.71152024958535, 23.7963245101188], [-98.71209764995749, 23.79576916889366], [-98.71092142039012, 23.794510629994576], [-98.71043271023686, 23.793661418880763], [-98.70580021956337, 23.79120390973772], [-98.70455964969973, 23.790867289706952], [-98.7043320204686, 23.790521089504153], [-98.70495012016774, 23.790099628890893], [-98.70658765957174, 23.78766364960224], [-98.70619090952904, 23.786745829327455], [-98.704799139802, 23.789084349279634], [-98.70398524953929, 23.789409119453623], [-98.70230931975462, 23.78950662920673], [-98.70192857031643, 23.789859549368952], [-98.70134894973778, 23.789904279607345], [-98.70096279979471, 23.789649119745434], [-98.7016890898258, 23.78869559980054], [-98.70145741956038, 23.788044779671115], [-98.70082111007397, 23.787879318854237], [-98.69976565951366, 23.7883141097112], [-98.69696094013034, 23.781329690137103], [-98.70143212014868, 23.772983149402148], [-98.70215386026774, 23.771157889560698], [-98.70756235006996, 23.76684508918502], [-98.71044593917775, 23.763980370036524], [-98.71142847985855, 23.764134539305406], [-98.71267291008475, 23.761970749496257], [-98.73675865017624, 23.765817629313094], [-98.73662471888777, 23.766817029993835], [-98.73734280019136, 23.767616999797852], [-98.7390001802063, 23.76843130887288], [-98.74048979966796, 23.77210337897317], [-98.7389196897513, 23.77839119911109], [-98.78310982950252, 23.789719309620196], [-98.79538128856814, 23.779853739878796], [-98.80031264875342, 23.784925080077333], [-98.80138050965819, 23.78440101954249], [-98.81358259906236, 23.79793180039479], [-98.8385516796192, 23.824233549231316], [-98.83826251029026, 23.824620259893674], [-98.83831370932883, 23.824972379320933], [-98.83893834912256, 23.825292250253284], [-98.8390028198803, 23.825589769921926], [-98.83844484876671, 23.827465510598778], [-98.83842408989138, 23.82833182028331], [-98.83795936955268, 23.82880512018155], [-98.83531637929546, 23.828892819677794], [-98.83498879930315, 23.829089320080776], [-98.8329169497694, 23.829031619018018], [-98.83210614898991, 23.828827619576856], [-98.8307649698943, 23.828065879844367], [-98.83012996938076, 23.827986649934157], [-98.8588225086936, 23.862900829361823], [-98.91421030897966, 23.931398489822282], [-98.91819215045551, 23.935983120414818], [-98.91843640041975, 23.936537939541736], [-98.91926887863723, 23.936962890508646], [-98.91862623046877, 23.948817449059987], [-98.93205002994819, 23.946655089939178], [-98.92883899917155, 23.952973779494766], [-98.94668250982873, 23.943234829011733], [-98.94527988891082, 23.950758779764254], [-98.98547944986247, 23.957131278937243], [-98.98224222928592, 23.97520002979683], [-99.00765351887124, 23.97944824994663], [-99.00894414934713, 23.984080920002686], [-99.06516893956385, 24.013515020281858], [-99.06279431866537, 24.053946770130892], [-99.06732027918659, 24.055722849860462], [-99.07451248874573, 24.058164109830418], [-99.07593456970498, 24.019253030012575], [-99.08713041921872, 24.025133720614114], [-99.08873301874478, 24.025718109747956], [-99.08629944997583, 24.06426787941586], [-99.08630597040181, 24.071498480412426], [-99.08866597038953, 24.070774260107175], [-99.08980511866088, 24.070897859890483], [-99.09113638012815, 24.071506979908346], [-99.09201244901939, 24.071497718975642], [-99.09237418039557, 24.07134017944202], [-99.09242185947099, 24.070286000557772], [-99.09280274928167, 24.069107258858686], [-99.09326393936075, 24.068937489911786], [-99.0941561392234, 24.069106449351047], [-99.09446594921837, 24.06964649007641], [-99.0944918298608, 24.070715689963166], [-99.09316834962688, 24.072862850581487], [-99.09334640046247, 24.073839370656795], [-99.09392331045571, 24.07454434900596], [-99.09540187864309, 24.075425120110896], [-99.09634347943424, 24.07564877894707], [-99.09899365893834, 24.0754512791282], [-99.1011766485805, 24.075856399918777], [-99.10283619925868, 24.077605119152704], [-99.10335946018847, 24.078471510608715], [-99.1037281703289, 24.080007860017037], [-99.10412247629033, 24.08042082068617], [-99.10580534953502, 24.081269580122733], [-99.10759524919295, 24.08173251030569], [-99.109235278671, 24.08249785040111], [-99.11015661916751, 24.08241665021162], [-99.11135391884139, 24.08175580026162], [-99.11183805912826, 24.080972969892862], [-99.11207667903015, 24.079858340019616], [-99.1127069797213, 24.078807749117335], [-99.11378370912463, 24.077903258846327], [-99.11521411932257, 24.07761337884479], [-99.11642084890963, 24.078036620069714], [-99.11715654897948, 24.079639260622812], [-99.11847910941889, 24.08018197907635], [-99.12134964860232, 24.080037420534165], [-99.12572839992112, 24.080224539255223], [-99.12713081936012, 24.080915460057284], [-99.12780969019973, 24.080758199862625], [-99.12848891929963, 24.081008519860085], [-99.12888445950087, 24.080876219698276], [-99.12984441852889, 24.079522909748388], [-99.13020442860186, 24.07932214062671], [-99.1305116804661, 24.079592430473035], [-99.13056516933318, 24.08080377909093], [-99.13103485994954, 24.08148456912063], [-99.13229391857807, 24.082173450262296], [-99.1337587099697, 24.082278479122174], [-99.13373697956904, 24.082957180329224], [-99.13541397988068, 24.08363277892656], [-99.13757042971976, 24.083895489140133], [-99.13861242917193, 24.083358219671055], [-99.13987610973247, 24.08315037028543], [-99.1398647189036, 24.082454244483216], [-99.14081292034795, 24.082785320324792], [-99.14074513871316, 24.08515542041417], [-99.1431841486851, 24.08504824900875], [-99.1452393092331, 24.086128680592065], [-99.14717537032533, 24.086716630649335], [-99.14682653857702, 24.08738731965749], [-99.14153443040439, 24.08608314041296], [-99.14060839955292, 24.08611057967555], [-99.13699306005529, 24.11076570925866], [-99.13697402009822, 24.110981879008175], [-99.14567906002047, 24.11335944898045], [-99.14488881996814, 24.118590289029715], [-99.14294939992473, 24.118835579611854], [-99.13983836958604, 24.141308579240576], [-99.12677640027664, 24.139200649368988], [-99.12047636964763, 24.179080108838296], [-98.95047975046415, 24.115938489483604], [-98.94321067983498, 24.16122201926393], [-98.94397990964171, 24.16126562918843], [-98.94416572004471, 24.161552059356946], [-98.94390038016194, 24.162971458864234], [-98.94421544982845, 24.163016689304076], [-98.94448177992724, 24.16264870955569], [-98.94482448978104, 24.16260364890187], [-98.94559594008764, 24.163128579290852], [-98.94550003011747, 24.1635517689746], [-98.94457420008877, 24.16355821952113], [-98.94459298049095, 24.164011019024507], [-98.94647965024232, 24.163918568924327], [-98.94667198044935, 24.164126319564666], [-98.94609091986803, 24.16433264920869], [-98.9459825100177, 24.16459434962021], [-98.94643537024169, 24.164811138865435], [-98.94691803018493, 24.16441416887954], [-98.94769594959742, 24.164324169185964], [-98.94867777041273, 24.164627769473775], [-98.94875902008343, 24.165344429483397], [-98.9490522199209, 24.16548711970787], [-98.94986539988821, 24.16503145900495], [-98.95075785033009, 24.165543659495444], [-98.95270738000822, 24.165101659566123], [-98.95284548995022, 24.16534574892316], [-98.95214471987146, 24.166089509394425], [-98.95271705986956, 24.166419768872643], [-98.95320890960362, 24.16614364966901], [-98.95330395038178, 24.166873769580906], [-98.95298382970553, 24.167329199689714], [-98.95322206013188, 24.167460308884657], [-98.9540595996525, 24.166961349449874], [-98.95460406033143, 24.16752936967409], [-98.95509441967714, 24.16691797932736], [-98.95459094002136, 24.166069169726804], [-98.95499954033447, 24.16570113938221], [-98.95542162980989, 24.165713739339914], [-98.9561157199211, 24.166587548983408], [-98.95579917991569, 24.167594119285443], [-98.95690275017625, 24.16792659904685], [-98.95721606003308, 24.167533548850518], [-98.95748156981576, 24.167502429704207], [-98.95798504993229, 24.168444829191735], [-98.95790997043702, 24.169031369357537], [-98.95844791033703, 24.169033799557763], [-98.95880192038423, 24.16880073922729], [-98.95913544950119, 24.16901297970247], [-98.95905470983455, 24.169416629065857], [-98.958475880173, 24.16987199900023], [-98.95833957951047, 24.170283829584573], [-98.95950399988884, 24.171386309462047], [-98.9594644598772, 24.171671779585818], [-98.95860234991099, 24.17221514899847], [-98.95875247955006, 24.172599319391608], [-98.95790613967057, 24.17322194931828], [-98.95794162046617, 24.173942879636837], [-98.9577266802605, 24.174229979008985], [-98.95791455030732, 24.174632059174918], [-98.95765484976758, 24.174910949264444], [-98.9579074197961, 24.175579659473144], [-98.95759877014989, 24.175733829615055], [-98.95773876969733, 24.17659088960994], [-98.95799120028217, 24.176668089268126], [-98.95809421966426, 24.176231049426764], [-98.95864577995376, 24.176651139143104], [-98.95847848957033, 24.17791541960724], [-98.95874942024035, 24.178703969120118], [-98.95928244965562, 24.178601259435908], [-98.95954424992411, 24.178764169548085], [-98.95955222010487, 24.179233319120787], [-98.9593018301633, 24.179566629538925], [-98.96009662994634, 24.179686819589694], [-98.96023685998932, 24.17987539953797], [-98.95961025981336, 24.18009805926948], [-98.95981587956265, 24.18041521932185], [-98.96092845977037, 24.181118259433376], [-98.96157377953898, 24.180895619651448], [-98.96183551020484, 24.181195649689837], [-98.96162965004766, 24.181684079100904], [-98.96185405001081, 24.181812689657406], [-98.96211594026414, 24.18152994969195], [-98.96237777996105, 24.181538579145098], [-98.9625128201925, 24.182180479603744], [-98.91039806025923, 24.17685293972551], [-98.91758808993112, 24.19583881897653], [-98.91246559956059, 24.19587864962323]]]}}, {"type": "Feature", "properties": {"CVEGEO": "28031", "CVE_ENT": "28", "NOMGEO": "Tamaulipas", "CVE_MUN": "031", "NOMMUN": "Palmillas", "cov_": 2024, "cov_id": 2025}, "geometry": {"type": "Polygon", "coordinates": [[[-99.539188539959, 23.449116708921043], [-99.52747670964531, 23.428159059242038], [-99.47494551018755, 23.421113689720908], [-99.50145038013343, 23.415918939715386], [-99.50153062965397, 23.390100689156114], [-99.49756786009543, 23.38974124889474], [-99.49769706044454, 23.388022749365913], [-99.49880265030018, 23.385181519621728], [-99.49807862997172, 23.383062739581504], [-99.49666457036592, 23.382004459553738], [-99.4965076598357, 23.381008599643888], [-99.49965885992803, 23.382821349619444], [-99.50030217024367, 23.382904939328668], [-99.50410921996567, 23.379747599145922], [-99.50188582002374, 23.363486309170703], [-99.50021722005876, 23.356747379592505], [-99.51379488013526, 23.359032309542307], [-99.51560781970147, 23.353881659387834], [-99.5165381503413, 23.349916419171652], [-99.49123071034792, 23.271319749035268], [-99.49182028022737, 23.267554279705617], [-99.49666934036513, 23.260670539395115], [-99.53586171973372, 23.273152478986823], [-99.53475729021743, 23.269747919153716], [-99.53462694980627, 23.26563196971522], [-99.5350943797909, 23.25709554932959], [-99.5348226303014, 23.254478778906133], [-99.53479285029006, 23.24868261894291], [-99.50061816957154, 23.24877110916153], [-99.5011306196905, 23.22705402965504], [-99.4994212298512, 23.219304319135844], [-99.49814141997555, 23.19166985918101], [-99.49553037035797, 23.15859176961777], [-99.49528204975284, 23.14681105957828], [-99.49239839988799, 23.118261679653134], [-99.47795832001188, 23.104439889184487], [-99.47769537987978, 23.09837585913275], [-99.47363306045524, 23.098650179474514], [-99.47300427997519, 23.08438550942551], [-99.47314645983384, 23.081936919220663], [-99.47237357020178, 23.075672309705002], [-99.48283850993849, 23.074932848969794], [-99.49944821983023, 23.085533319736832], [-99.51138042982096, 23.096038889282298], [-99.52454344970334, 23.10372893969181], [-99.54169185010464, 23.11472307903903], [-99.55002078001647, 23.11439381913715], [-99.55002572049064, 23.11348773910706], [-99.59604346028236, 23.1123374489337], [-99.5973045197858, 23.113661798961964], [-99.59463965953888, 23.14536342934487], [-99.59566606036047, 23.16077188966391], [-99.59881582036155, 23.170617679031995], [-99.61317606009796, 23.170382999179907], [-99.63256254974121, 23.16905367913795], [-99.63821765961569, 23.20105656971018], [-99.644380109624, 23.21423756886177], [-99.64694600018947, 23.220190289554825], [-99.62211803039314, 23.219149249191428], [-99.61272158048052, 23.218477488877376], [-99.61679837966948, 23.22721876914921], [-99.63629868005701, 23.225804489130237], [-99.63625214963592, 23.228683919486357], [-99.62218130992491, 23.22950302969317], [-99.64563490999261, 23.248780309758754], [-99.62059159966313, 23.2429429697602], [-99.64917937989644, 23.27730859939671], [-99.65471211978056, 23.297927689156783], [-99.65487099982913, 23.303591379032863], [-99.65136719965358, 23.35655079948008], [-99.64151097956083, 23.35730785907592], [-99.63383948967619, 23.387085629382202], [-99.63198651981818, 23.398147539436643], [-99.6258126504577, 23.40356162975557], [-99.619164599567, 23.42719728939397], [-99.58138071038725, 23.423894738968336], [-99.5515662196107, 23.423820139544265], [-99.55232825012374, 23.449046058996558], [-99.55308725019604, 23.455921369704335], [-99.5426156795144, 23.455889459712523], [-99.539188539959, 23.449116708921043]]]}}, {"type": "Feature", "properties": {"CVEGEO": "28032", "CVE_ENT": "28", "NOMGEO": "Tamaulipas", "CVE_MUN": "032", "NOMMUN": "Reynosa", "cov_": 2030, "cov_id": 2031}, "geometry": {"type": "Polygon", "coordinates": [[[-98.46064726031996, 26.226085939841816], [-98.45852188919095, 26.225689480353026], [-98.45777074969413, 26.2251040598652], [-98.45683450921004, 26.22378966022051], [-98.4563540601708, 26.22288970976575], [-98.45569144995159, 26.220629718875653], [-98.45565047973894, 26.217862230403522], [-98.45509594948378, 26.216792620583924], [-98.4544953097965, 26.21668476902116], [-98.45382465887371, 26.216787199669668], [-98.45340725003267, 26.21730704952884], [-98.45325018047994, 26.218751199676746], [-98.45292281913471, 26.219672350499856], [-98.45216380047101, 26.220761799146892], [-98.45116228870903, 26.221898878949222], [-98.44875831883202, 26.22354024992595], [-98.44670887924619, 26.2242121198191], [-98.4453134500425, 26.22437665037324], [-98.4432428196545, 26.223834449850003], [-98.44254553976548, 26.22324924912455], [-98.4404609193367, 26.21998837020803], [-98.43955531924705, 26.217969969786765], [-98.43878930895254, 26.214884150517502], [-98.43856104930964, 26.211950879451056], [-98.43894665049031, 26.210156119536723], [-98.43932617929012, 26.209599338921347], [-98.44003197953684, 26.208792219746297], [-98.44211297994929, 26.20710114993457], [-98.44400891871221, 26.204681049369107], [-98.44463387914038, 26.202452969129233], [-98.44463710919216, 26.201773349248462], [-98.4439317999843, 26.200541368912713], [-98.44232487975587, 26.19881162999454], [-98.44146637964785, 26.19818734992038], [-98.43131050861392, 26.194930750520022], [-98.42655847941893, 26.192387249656612], [-98.42502911938527, 26.19136163148389], [-98.4229119098606, 26.189508180164502], [-98.41927306029997, 26.185519510134494], [-98.41707854964233, 26.184071259017983], [-98.41517128989192, 26.183310980554456], [-98.41412801921172, 26.183142579099698], [-98.41274250988161, 26.183084876681864], [-98.41041631999951, 26.183374397785972], [-98.40694512017247, 26.183190227886744], [-98.40460691970824, 26.18252501704537], [-98.40276060001223, 26.181473546110194], [-98.40214403014039, 26.18098548761052], [-98.4014775701155, 26.1797447173938], [-98.40153774038058, 26.178487567259168], [-98.4029488796686, 26.174405137436455], [-98.40274134956582, 26.172850797418743], [-98.40170117053763, 26.171025826798278], [-98.40084549007578, 26.169954197297066], [-98.40018097983021, 26.16976462720833], [-98.39861851913216, 26.170440486713215], [-98.39778404943203, 26.17048564718408], [-98.39507321990854, 26.16906631629504], [-98.39314391046362, 26.16746081771418], [-98.39148423036627, 26.165754576132585], [-98.39004331973882, 26.163393827716455], [-98.38819789028825, 26.159443377704044], [-98.38732052007246, 26.15842493613123], [-98.38445662982633, 26.156792567080927], [-98.38095894026897, 26.156704646712395], [-98.3749542797999, 26.157455367886016], [-98.36844814975278, 26.157353997694912], [-98.36637451035136, 26.1576605073347], [-98.36575361992746, 26.15802181788158], [-98.36504154026282, 26.158520136115207], [-98.36430756997666, 26.159900427805965], [-98.364214849183, 26.162109077860894], [-98.3643445505267, 26.163007777685056], [-98.36490377993786, 26.164078306404694], [-98.36712236976331, 26.16687965783727], [-98.36722115015058, 26.168506507651365], [-98.36624729022988, 26.1694604568266], [-98.3641166896306, 26.17030057775362], [-98.36214395010909, 26.17182107743964], [-98.3608761505127, 26.17234948722423], [-98.35982566047936, 26.17251464656821], [-98.35912685025308, 26.172341687605467], [-98.35835254873618, 26.17122159725326], [-98.35731697996405, 26.16866821740642], [-98.3573019101896, 26.166507677654835], [-98.35840282002818, 26.162021876093675], [-98.35851704998167, 26.160837766201766], [-98.35820562993997, 26.158724546203416], [-98.35537791032364, 26.154245447862074], [-98.35329986012361, 26.151449337122262], [-98.35284433902896, 26.151107427859788], [-98.35122936951603, 26.15119728644907], [-98.34977255036304, 26.151870397494204], [-98.34868677957267, 26.153588947746066], [-98.34870931998785, 26.158612046598183], [-98.34825974989391, 26.162056947572577], [-98.34765791044558, 26.163801967874644], [-98.34622125982173, 26.165688826721528], [-98.345512320325, 26.166300657379374], [-98.34375927978016, 26.166996647809842], [-98.34010034878604, 26.166834216576], [-98.3370350903808, 26.16635887706726], [-98.33569265019406, 26.165818577128114], [-98.33499582978926, 26.16530567774551], [-98.3336861096856, 26.16374604703629], [-98.3332892900092, 26.162530427731205], [-98.33308015028818, 26.161461397274785], [-98.33311842049449, 26.15944682737623], [-98.33369368016801, 26.15767753751893], [-98.33488405877367, 26.155937196271456], [-98.33612931954787, 26.1546078277998], [-98.33785842958994, 26.153377846501822], [-98.33840041871129, 26.152700626863123], [-98.33867340001, 26.151997887138684], [-98.33859677031563, 26.151269427067543], [-98.33793447993641, 26.149421456315416], [-98.33657476974244, 26.147206217452812], [-98.3352621999855, 26.14618065734836], [-98.33421618023971, 26.14559324659573], [-98.33302605038152, 26.14530024745865], [-98.33065909050171, 26.145167856579537], [-98.32853499876937, 26.1448192571601], [-98.3273444495846, 26.144426336484447], [-98.32653814987073, 26.143583377891844], [-98.3264941399369, 26.142937507169567], [-98.32673708019, 26.142163947585125], [-98.3276704587874, 26.141651946846626], [-98.32900733960574, 26.141485937516986], [-98.3325086299074, 26.141656657771335], [-98.3335855196146, 26.141540226270184], [-98.33447539919163, 26.14118030777442], [-98.33528561999913, 26.140649977080965], [-98.33571251047222, 26.14006316764767], [-98.33585198010566, 26.139189967869957], [-98.33561474865502, 26.138315027281216], [-98.32950987954365, 26.129520626856305], [-98.325944029892, 26.125489257702757], [-98.3255101799604, 26.124849536406483], [-98.32484225870171, 26.12272819923619], [-98.32193830984113, 26.118892948911473], [-98.32130928003, 26.11832276920355], [-98.31823456953175, 26.11649867935158], [-98.31605159976237, 26.116031879182113], [-98.31256635034885, 26.11585225911883], [-98.31102442012099, 26.115104948882287], [-98.30979347960901, 26.113987919169684], [-98.30920551978082, 26.11275602929573], [-98.30912382978202, 26.11147034933883], [-98.30811441952672, 26.10866176945518], [-98.30743074995632, 26.10548402945305], [-98.30652990961512, 26.10394039934362], [-98.3053380503286, 26.102886339161834], [-98.30360097031583, 26.10218801958704], [-98.29993545979548, 26.102023579843326], [-98.29865817028103, 26.102380950336602], [-98.29773735020323, 26.10337031971594], [-98.29738994019058, 26.10445354054264], [-98.29766415039731, 26.10540022015671], [-98.29863138046619, 26.10594421999227], [-98.30034394950279, 26.105910920512784], [-98.30204346033713, 26.106728060035152], [-98.30321620035251, 26.108459680076518], [-98.30360819964064, 26.109952719591824], [-98.3032319704454, 26.111547309491502], [-98.3007232795316, 26.114524260411454], [-98.29986845960755, 26.11780318033353], [-98.2981888202344, 26.119550749915657], [-98.29686631041392, 26.120298449881062], [-98.29562574974744, 26.1207215105265], [-98.29429617047866, 26.120909879815247], [-98.29122411012209, 26.120843579986254], [-98.28412690951039, 26.118362510539573], [-98.27730176958543, 26.116264540569414], [-98.27543704971073, 26.115853490443005], [-98.27450122953404, 26.11586567992819], [-98.27310234982407, 26.11624788993673], [-98.27198805009577, 26.116838620610025], [-98.27133743044952, 26.117445920427475], [-98.2692111095554, 26.12052063002077], [-98.2679689995084, 26.121012230350942], [-98.2662961498987, 26.120937120413863], [-98.26566452047378, 26.120319139973248], [-98.26539646035047, 26.119431850594854], [-98.26542218022738, 26.11833855010729], [-98.26584211028876, 26.117148430405592], [-98.26697845034013, 26.11631457038762], [-98.27008951037908, 26.115645720370395], [-98.27153137011028, 26.11446514032832], [-98.27200903034111, 26.113422150138557], [-98.27210932031768, 26.11204339975865], [-98.27165856974553, 26.11002959997154], [-98.27024649025209, 26.107629920270966], [-98.27020355022302, 26.107224510141965], [-98.27050812030335, 26.106626570446096], [-98.271566599803, 26.10620484981638], [-98.27375708037074, 26.106304820117977], [-98.2753241996015, 26.106587380109374], [-98.27928173951683, 26.10781271977419], [-98.28236265042929, 26.107869689840456], [-98.2873470497932, 26.106723449888822], [-98.28848455008654, 26.105976430168695], [-98.28869552029008, 26.105442999572254], [-98.28861419986421, 26.10502574019276], [-98.28808810988426, 26.104331489719492], [-98.28665836984041, 26.103243429991025], [-98.28542996991003, 26.10185688006807], [-98.2842992497944, 26.10094512047408], [-98.28288357036799, 26.100393850226386], [-98.27750553962323, 26.09908652009497], [-98.2763144900493, 26.098635399903756], [-98.27310075025959, 26.09612508009391], [-98.2675920899222, 26.09246757009133], [-98.26617565023011, 26.090597599866452], [-98.26576745030421, 26.089337829999277], [-98.26559349089578, 26.08675066020339], [-98.26472874646161, 26.085490019145617], [-98.26313636258723, 26.084360549378335], [-98.25304331995449, 26.079944709586115], [-98.25165359991871, 26.078840479632156], [-98.2513199202935, 26.07804430920002], [-98.25137284950544, 26.074701799292267], [-98.25071288029768, 26.073426979654577], [-98.24954927971915, 26.07217147880715], [-98.24796285955817, 26.071755708936983], [-98.24604644958704, 26.072136908941648], [-98.24276864949594, 26.074189979638366], [-98.24045138047329, 26.075106858955387], [-98.23558888965881, 26.075896079555726], [-98.23038351009109, 26.07718884934814], [-98.22532682984131, 26.07729199886349], [-98.2228402801782, 26.077001579486886], [-98.22020835007316, 26.076335278876606], [-98.21804834983634, 26.075296579202433], [-98.21645031038825, 26.073934979042917], [-98.2151624896989, 26.072085949693143], [-98.21441800017938, 26.070549568920722], [-98.21303679984163, 26.06917601949746], [-98.21168736971966, 26.068467708837076], [-98.20696167960811, 26.067724489436046], [-98.20532371949794, 26.066949339630344], [-98.20466317008231, 26.06639148893922], [-98.20405322004467, 26.065801319438407], [-98.20291014023329, 26.063952979584535], [-98.19995751035646, 26.05739514897077], [-98.19867012000873, 26.055545979666093], [-98.19748516967309, 26.0545612588661], [-98.19678337001626, 26.054231399306214], [-98.19432014959537, 26.053272119180985], [-98.19318394973014, 26.05308653909951], [-98.19235216984166, 26.053277449510833], [-98.18982834967261, 26.058006779050515], [-98.1893323997834, 26.06186407920097], [-98.18883746046069, 26.06295344944541], [-98.18707615046041, 26.064394309063882], [-98.1864070500705, 26.064553489096596], [-98.18532820038557, 26.064433348879163], [-98.1830587800151, 26.063621709684266], [-98.18181945991194, 26.062685488968004], [-98.18010209034627, 26.060460629683337], [-98.17936494005802, 26.06001625906711], [-98.17790268977063, 26.059991679492118], [-98.1768503399915, 26.06073542895792], [-98.17655745964801, 26.06130430949258], [-98.17653502972685, 26.061939999328743], [-98.17684521984641, 26.063067689196572], [-98.17954409032026, 26.064481968932444], [-98.18042145031619, 26.065530169437874], [-98.18059768039268, 26.06615065964583], [-98.18017524959072, 26.068052108836984], [-98.18009622977416, 26.071621649483465], [-98.17965002976334, 26.073461109046743], [-98.17868458029332, 26.07467479936639], [-98.17716398034487, 26.075220398830847], [-98.17608088038433, 26.075181619391333], [-98.1734638800859, 26.07293337882466], [-98.17226355006983, 26.07159317956539], [-98.17031869000886, 26.068272859653668], [-98.16906327960014, 26.064519679560284], [-98.168330749711, 26.06340704889961], [-98.16786359965164, 26.063094649508464], [-98.16665645011419, 26.062728949487244], [-98.16535594027526, 26.06280294946991], [-98.16298555047723, 26.064044419164475], [-98.16036416951684, 26.06451816969121], [-98.15886766039566, 26.064232249214125], [-98.15802358015016, 26.063591679024235], [-98.157792229927, 26.063133819639848], [-98.15754629047181, 26.06217068922934], [-98.15791818016045, 26.060656909701084], [-98.1589014900083, 26.05948896935794], [-98.16180788962562, 26.05699891954621], [-98.16217264982215, 26.056495688876403], [-98.16236012044878, 26.05550241935271], [-98.16204338035678, 26.054343229505324], [-98.16173895040755, 26.05399907939803], [-98.16075072043282, 26.053324999541445], [-98.15999290958722, 26.053271739249915], [-98.158745150175, 26.053557909595302], [-98.15572922024188, 26.056213568956235], [-98.15540765005228, 26.055652519364255], [-98.15747411956075, 26.04421624947569], [-98.15829331957757, 26.04419813881018], [-98.15827365009149, 26.034159049652725], [-98.14158033955893, 26.029272619699956], [-98.14568972032329, 26.00971142892787], [-98.14641883014079, 26.008026679589598], [-98.14751514013149, 26.00670210928828], [-98.14843517030333, 26.004905519505346], [-98.15017411969477, 26.000780948867533], [-98.15016730979858, 25.987872289275458], [-98.15523352006254, 25.986015599478392], [-98.15593954990085, 25.985967859692295], [-98.15467556949488, 25.97689354968014], [-98.15865578022093, 25.976784739360895], [-98.15872343002287, 25.79591987883214], [-98.15858840025895, 25.787636629558737], [-98.1583987996827, 25.787211478895156], [-98.15855404996348, 25.787006219191692], [-98.15854569038954, 25.778199139203075], [-98.15964000044326, 25.777950089246016], [-98.15891567992011, 25.747449819701103], [-98.15785719974174, 25.741860859111522], [-98.15855391982106, 25.741868658974365], [-98.15840646021037, 25.734885999185664], [-98.15850616973967, 25.70858742926666], [-98.16545725984501, 25.701801179512984], [-98.15100529002451, 25.68878899923583], [-98.15169942018119, 25.665607229535006], [-98.14879894971929, 25.66560894885872], [-98.15181144974157, 25.655781429513546], [-98.1518797797013, 25.649689048987366], [-98.15057022046071, 25.64967701937431], [-98.15050693961291, 25.624047749585916], [-98.1501856798107, 25.611269519473318], [-98.1540580601676, 25.611299229651898], [-98.15399774967695, 25.59097888967808], [-98.17323817043935, 25.591125449286935], [-98.13811111012427, 25.542848618936514], [-98.14917740019733, 25.54296424888107], [-98.14931690964829, 25.480378718884108], [-98.14968154975423, 25.452605879299018], [-98.15163151986107, 25.4526188293457], [-98.15170789001947, 25.446109749218877], [-98.22421189013139, 25.445993659362642], [-98.22440927986291, 25.44812044908159], [-98.23225681961924, 25.448045688863576], [-98.23213078044088, 25.446055489127254], [-98.23945409004494, 25.44595917884776], [-98.23837017048872, 25.475436859262462], [-98.26263707950532, 25.504373429686428], [-98.29582917982125, 25.47934365954709], [-98.29776235018565, 25.46648316905949], [-98.32778377031498, 25.46963565933922], [-98.32802710959797, 25.46029156908857], [-98.374613799549, 25.45848247964215], [-98.37755218005258, 25.489786978963103], [-98.43224675000167, 25.496789649564885], [-98.4333270804625, 25.489395219498284], [-98.5817515796403, 25.489361739290572], [-98.58035629031632, 25.63730271970347], [-98.58271172047506, 25.809894859448526], [-98.5854664800422, 26.038939618963933], [-98.56204618016933, 26.038914979134343], [-98.56255768046273, 26.075457019526812], [-98.56386240016053, 26.07536199887162], [-98.56375091996988, 26.100645660050894], [-98.56894593990735, 26.100641969910303], [-98.56972453982922, 26.101123420390262], [-98.56990877988468, 26.101581310090637], [-98.57011244919963, 26.108039658896296], [-98.57042751893354, 26.109779939923282], [-98.56995761939484, 26.110469819927694], [-98.56916844849948, 26.110782570325533], [-98.56183206043896, 26.110933939679292], [-98.55989767898257, 26.112499119356755], [-98.55837194968086, 26.112802680391976], [-98.55697688967042, 26.113680719273386], [-98.55368214022569, 26.114895859276942], [-98.55318794869733, 26.115602679427735], [-98.55335028953458, 26.116494479324604], [-98.55241838000136, 26.117111799374005], [-98.5495372503602, 26.134913519672793], [-98.54978281950599, 26.134989030163645], [-98.54805745952527, 26.146314801339553], [-98.5477652597841, 26.14651206119945], [-98.53792562868443, 26.209208690399834], [-98.53078943044721, 26.216456919861116], [-98.52573399964949, 26.216547230394802], [-98.52528625035825, 26.2167656906164], [-98.52374825908532, 26.218398830409114], [-98.52294051934294, 26.21857874019549], [-98.52307005009082, 26.220464369541087], [-98.5221079395059, 26.22019994959843], [-98.52143392045727, 26.220416200600454], [-98.52110907963595, 26.22085203023435], [-98.52045342128216, 26.223155889030764], [-98.51977717022793, 26.223930400358817], [-98.5185695103682, 26.22483488898687], [-98.51587017045027, 26.22647637901541], [-98.51506125006507, 26.22676501891155], [-98.5128031695298, 26.227169969117345], [-98.51159210959892, 26.227020090484555], [-98.51046244977867, 26.22674922901516], [-98.50946826038916, 26.226236028977066], [-98.50783185020477, 26.224798290136007], [-98.50528016987923, 26.22335725981594], [-98.50057347910044, 26.22232883058553], [-98.50022465036665, 26.22203634006391], [-98.50033631013272, 26.2211385098754], [-98.50085034963824, 26.22053353930963], [-98.50188402026144, 26.219518220079383], [-98.50265214959721, 26.219173509933547], [-98.503192979754, 26.218621999170672], [-98.50690741895917, 26.212469089119388], [-98.50737294989766, 26.210625859103583], [-98.50732205925489, 26.209921770380586], [-98.5065460198334, 26.20880244921445], [-98.50474411010103, 26.208381050278643], [-98.50288557028273, 26.208593108827166], [-98.49812492033409, 26.21031361885962], [-98.49353968025271, 26.212288020408486], [-98.49074202013203, 26.213006280076964], [-98.48872203031972, 26.2131689990395], [-98.48492887988465, 26.212524229717395], [-98.4838810798915, 26.21203495055697], [-98.48254234010787, 26.21037939967005], [-98.48174162929567, 26.208798739341002], [-98.48129269005351, 26.206835708924032], [-98.48137972049447, 26.2054281793824], [-98.48211316895743, 26.203950058987754], [-98.48338391872998, 26.202692379622714], [-98.4834915093703, 26.201645248857886], [-98.48320811933282, 26.201201459519993], [-98.4814010304054, 26.20062185013924], [-98.4807011986837, 26.200619309946898], [-98.47981182865297, 26.200834579748456], [-98.47800289019749, 26.20204169017351], [-98.47748633977879, 26.203156449725952], [-98.47750728948684, 26.204491580558173], [-98.47819164956537, 26.207989629993378], [-98.47867047947916, 26.209277948844345], [-98.48038234871565, 26.211781829330615], [-98.48263336891652, 26.214144629177017], [-98.48297914021735, 26.215092579409106], [-98.48291445027874, 26.217544140146916], [-98.48256039921839, 26.218440890115293], [-98.4818156291018, 26.21930436922421], [-98.48088390892866, 26.219887349876842], [-98.4797027686231, 26.220142769031725], [-98.47291575013607, 26.22019930963543], [-98.47052057033244, 26.220751510258854], [-98.4664192802498, 26.222690250327812], [-98.46339245857781, 26.22514956976805], [-98.46217811974813, 26.22575185889815], [-98.46064726031996, 26.226085939841816]]]}}, {"type": "Feature", "properties": {"CVEGEO": "28033", "CVE_ENT": "28", "NOMGEO": "Tamaulipas", "CVE_MUN": "033", "NOMMUN": "Río Bravo", "cov_": 2028, "cov_id": 2029}, "geometry": {"type": "Polygon", "coordinates": [[[-98.13019045979159, 26.074413738889906], [-98.1291275500319, 26.074081279499193], [-98.1283541695988, 26.073196458980952], [-98.12817808018639, 26.072592259396327], [-98.12820282993762, 26.07167957914811], [-98.1286268897994, 26.070492139184577], [-98.13033993983836, 26.068367049191306], [-98.13107483022804, 26.06663070893839], [-98.13115780045557, 26.06518042952366], [-98.13098470972221, 26.064168689200603], [-98.13033990989327, 26.063463889119568], [-98.12974614960562, 26.063183199311784], [-98.1270100303587, 26.062074509149447], [-98.12564274956367, 26.061903148890465], [-98.12457671042101, 26.062010908979403], [-98.12332600001396, 26.062671519512172], [-98.12185501996822, 26.063819998912283], [-98.11669934034326, 26.065141369600074], [-98.11341424971184, 26.065512428864366], [-98.10987016997119, 26.066207739438095], [-98.10596288998508, 26.0676506595175], [-98.10462671033467, 26.067658709331873], [-98.1036741701203, 26.067082248937556], [-98.10094888976157, 26.064571219361916], [-98.10010826005251, 26.06352276967507], [-98.09923049036415, 26.061683519349977], [-98.09786913966404, 26.060273179184087], [-98.09585550996246, 26.05916833929151], [-98.09358462007141, 26.0586488192645], [-98.0915822203927, 26.058913309208524], [-98.08774253956042, 26.060486629387892], [-98.08357257039604, 26.062742229505464], [-98.08224774008116, 26.063614029404775], [-98.08105101996925, 26.06474413894037], [-98.08095351019372, 26.065672579557468], [-98.08145746051116, 26.06667321898089], [-98.08237293993578, 26.067347368839393], [-98.08466104977802, 26.0679812890839], [-98.08555753954587, 26.068802019454168], [-98.0856965504884, 26.06950381970875], [-98.08532838002354, 26.07041437953134], [-98.08498314965011, 26.070689199054115], [-98.08387796954162, 26.07118761940411], [-98.08133105046326, 26.071301689204553], [-98.07942092039042, 26.070816849112816], [-98.07828857970121, 26.070157538955545], [-98.07651851036255, 26.0679293492238], [-98.07594211030943, 26.06643327930727], [-98.07564337955587, 26.065388079065418], [-98.07567045025618, 26.06193262954774], [-98.07493257012877, 26.059322978942802], [-98.07393373990372, 26.057768029528578], [-98.07267790961441, 26.056749349184177], [-98.07137214033294, 26.05520865965329], [-98.07041654017479, 26.052757488992444], [-98.069967520349, 26.050182349260634], [-98.07025857048917, 26.047608659331324], [-98.07099545011812, 26.045738918979747], [-98.07256276969794, 26.043845089136614], [-98.07366925965783, 26.043151289241962], [-98.0751716299036, 26.042639318955203], [-98.07930817003977, 26.042290829294533], [-98.08017952004391, 26.041633779552516], [-98.0784389798067, 26.03801450941552], [-98.07724153981422, 26.0364779089054], [-98.07676390954617, 26.036264939148428], [-98.07211172018683, 26.036526568817806], [-98.07088871965946, 26.03699364891356], [-98.07051571000031, 26.037304279343616], [-98.06707622960936, 26.042636679113205], [-98.06527143027103, 26.044874448815584], [-98.06405540018142, 26.04569793968297], [-98.0622067197332, 26.04625062903158], [-98.05981262976908, 26.046226059598002], [-98.0565076804144, 26.044986509402058], [-98.05402925972915, 26.044612569355472], [-98.04802207958994, 26.044556709601935], [-98.04589412021025, 26.04429814912162], [-98.04253369018208, 26.043048029224074], [-98.03985507973009, 26.041395719681756], [-98.03918707966554, 26.041245419414956], [-98.03871301957598, 26.041367288802217], [-98.03829776950118, 26.04228625953445], [-98.03764145999618, 26.045297508959674], [-98.03667055023033, 26.047035119150436], [-98.03539390966213, 26.048620819088054], [-98.03436462035579, 26.050879709338734], [-98.03451445971055, 26.05558336948555], [-98.03401891003462, 26.058791318982358], [-98.03314682027893, 26.061651049694728], [-98.03224783023789, 26.063405538984103], [-98.03095225985238, 26.065075649121233], [-98.02929791965406, 26.066446828949402], [-98.02793023036385, 26.06698367908347], [-98.02640346028325, 26.066606749330838], [-98.02560788016889, 26.066169319380688], [-98.02492735021814, 26.065496399642505], [-98.02394373997457, 26.063657619253554], [-98.02229111037121, 26.059583479238334], [-98.02153918007967, 26.058812278826917], [-98.02105329021136, 26.058629678995676], [-98.020529949635, 26.05860985932473], [-98.01976857957281, 26.058979568835284], [-98.01690168010762, 26.060707769459412], [-98.01591904991709, 26.061630219230988], [-98.01472863004238, 26.063659619635274], [-98.01456168981066, 26.0652880493367], [-98.01399396991172, 26.066245819122067], [-98.01303540043206, 26.06643490960782], [-98.01204520036318, 26.06610217947814], [-98.01132954014079, 26.065314769075687], [-98.01090457970258, 26.0643236893994], [-98.01066626015896, 26.06259421951209], [-98.01076672027773, 26.06138865938122], [-98.01135551968126, 26.060051229210544], [-98.01237919990146, 26.058550519522115], [-98.01273082977157, 26.057525999466577], [-98.01252502990909, 26.056220569382713], [-98.01188705954017, 26.05608157944546], [-98.01060550982274, 26.056924659633314], [-98.00980198047343, 26.05802751938324], [-98.00891440018916, 26.06052019926302], [-98.00836392014403, 26.06157602882657], [-98.00781746023783, 26.062142709534818], [-98.00671519983084, 26.063038049019056], [-98.00260227976142, 26.064932449004715], [-97.9996303101583, 26.06523988939558], [-97.9981085703502, 26.065059319060854], [-97.99727177970547, 26.06474813933583], [-97.9955542000133, 26.063412879100806], [-97.99516201949565, 26.06286064968155], [-97.99319121989951, 26.058967349305203], [-97.9922763504342, 26.058243579643154], [-97.99187949046937, 26.0582229392024], [-97.99137336952731, 26.05828457956536], [-97.99015751009645, 26.05902582893491], [-97.9887538900814, 26.060597198881396], [-97.98875792025646, 26.064362779454257], [-97.98829869007945, 26.06527205886717], [-97.98747922006577, 26.06609433883097], [-97.9815139402251, 26.06734010968324], [-97.98019711957365, 26.067216979045455], [-97.97951574035636, 26.066674229501654], [-97.97974774994798, 26.06279967897995], [-97.97935743045426, 26.059928029402435], [-97.97864413951201, 26.05889614961111], [-97.9777653200343, 26.05822153944915], [-97.97468362951982, 26.058017519087763], [-97.97358602956976, 26.057585999386795], [-97.97121295011058, 26.05437745950824], [-97.96999498040795, 26.05327665949149], [-97.96791190989912, 26.052006599539205], [-97.9664885502869, 26.0516867392536], [-97.96433659967776, 26.051820519221604], [-97.96323737016684, 26.052299119399287], [-97.96234682009111, 26.052977369167074], [-97.96094902032516, 26.05590136929772], [-97.95880237984136, 26.057439719097225], [-97.95763711046989, 26.058556019188114], [-97.9563178595514, 26.060583819816955], [-97.95553031906083, 26.061207150190643], [-97.95417127863017, 26.06176097057892], [-97.95107492017604, 26.062238029150727], [-97.94809000004722, 26.06177162977484], [-97.94480205896323, 26.06023770960437], [-97.94120471894115, 26.057548090262944], [-97.93899705959619, 26.054626459252297], [-97.93701622960451, 26.052995029631568], [-97.93553934001062, 26.052625519697315], [-97.93355028977574, 26.05298571941854], [-97.93237087964847, 26.053645289418377], [-97.93143812022167, 26.05499124936138], [-97.93117591021681, 26.05603265956706], [-97.9313974796518, 26.057484919324274], [-97.93193334023218, 26.05831956951159], [-97.93263439982015, 26.058808658998416], [-97.93624945984901, 26.06080036892307], [-97.93703695035654, 26.06155590909006], [-97.9372668195079, 26.06209551917965], [-97.93683911982416, 26.063477909072365], [-97.9358551498899, 26.064481319262732], [-97.93364291951978, 26.065557019003034], [-97.93243333992099, 26.065548149048983], [-97.93176235038175, 26.0653478494338], [-97.93057250980614, 26.064497309001375], [-97.92854542980353, 26.05704730908865], [-97.92796241963701, 26.055644449138697], [-97.92746313999324, 26.054972449639305], [-97.9270852202965, 26.05483925913563], [-97.92652685982308, 26.054885249197206], [-97.92391855014007, 26.05605441904853], [-97.92110632007022, 26.057581919425328], [-97.91955774044602, 26.057988859174582], [-97.91785670955475, 26.057887619425305], [-97.91409125992499, 26.05638139940276], [-97.91279282016795, 26.05624116891389], [-97.91049792047343, 26.056468449372513], [-97.90829047993296, 26.057499939340847], [-97.9076366200909, 26.05219014880704], [-97.91293675007007, 26.05326234944134], [-97.90824397021144, 26.031127178852035], [-97.91424200007714, 26.029916948869925], [-97.91271111971605, 26.00668933904006], [-97.91359310971903, 26.006088148846324], [-97.91257020031784, 25.99110665887949], [-97.9168546901639, 25.991116048868065], [-97.91676500021984, 25.96762662958734], [-97.92259675020547, 25.96767973889141], [-97.92251868995686, 25.966652948837822], [-97.92221323018177, 25.966611309234622], [-97.92218848981224, 25.959704419552835], [-97.92236326008754, 25.959705819490683], [-97.92253632048521, 25.955089449054608], [-97.92248094047784, 25.946814179664763], [-97.92208805996299, 25.946771799674973], [-97.92186868031915, 25.93720202961832], [-97.92242833964274, 25.93356544933814], [-97.92818081984905, 25.935256879199947], [-97.92948774989843, 25.931488089589322], [-97.92940939999035, 25.89575131917153], [-97.91957880028781, 25.895695718892274], [-97.91948391042047, 25.88472519885232], [-97.92933451985314, 25.884765849550767], [-97.92932882043439, 25.879601969364288], [-97.93591931033313, 25.87959379961272], [-97.93592536996917, 25.86812487922788], [-97.93748462952588, 25.868114718988412], [-97.93751285048897, 25.8679640588507], [-97.9374653398525, 25.86109104917432], [-97.91907680018795, 25.861087749322138], [-97.91948122047971, 25.805524819057993], [-97.9336216198857, 25.805352979692923], [-97.93393513996466, 25.77186594895024], [-97.93377634036969, 25.771217479189133], [-97.93416956968369, 25.769924059508828], [-97.93404251022872, 25.757431109392346], [-97.94938213964551, 25.757517348993982], [-97.94943072044332, 25.755734858907477], [-97.9489857201787, 25.755237368898047], [-97.94929192021624, 25.739684089560342], [-97.94897334977796, 25.726935829491232], [-97.94904149049636, 25.72137017946658], [-97.95501278018708, 25.720235519626453], [-97.95969152051244, 25.719608398959853], [-97.95986761972901, 25.718694059245472], [-97.96197047967289, 25.718571259242488], [-97.96188099968174, 25.68677670913967], [-97.97929219985596, 25.686841709515157], [-97.9793156002381, 25.6843508796791], [-97.9757539501868, 25.68416824912576], [-97.96920038036987, 25.684455449432807], [-97.96212998049486, 25.684399368866288], [-97.96152840010168, 25.653655139068462], [-97.96155251961845, 25.65190424954055], [-97.96177041953851, 25.65145305938276], [-97.96148810984796, 25.650196779587713], [-97.96115648019088, 25.635906338863318], [-97.96098746030438, 25.633602109373726], [-97.95932010958128, 25.633609289332266], [-97.95951301998693, 25.630222939174764], [-97.95941495012464, 25.626286879672556], [-97.95994410957655, 25.624010519466708], [-97.95940668963111, 25.623931619362452], [-97.95932648046177, 25.615691779628712], [-97.93947538048198, 25.615726849451267], [-97.93950922956174, 25.575705889429287], [-97.93930994981152, 25.573856688828794], [-97.93958210995837, 25.552320719661967], [-97.93955003045843, 25.51660961963597], [-97.93975736969577, 25.516061859193734], [-97.93951581974204, 25.50749607932629], [-97.9195761698192, 25.507600569435827], [-97.91601192038698, 25.507126198864373], [-97.88580514018504, 25.507259799518334], [-97.88581850956804, 25.50420941894739], [-97.86895773971193, 25.504185818927457], [-97.86912501982341, 25.498238369088305], [-97.85335882001132, 25.498117029414914], [-97.85315023025186, 25.49516831887589], [-97.85003908007612, 25.49512102882807], [-97.85010826028746, 25.48024264911002], [-97.8501543998334, 25.480117689068205], [-97.86001929042739, 25.4801061095854], [-97.86003668971637, 25.462106748811692], [-97.86996513999152, 25.462056228985546], [-97.86998092037298, 25.453054708877207], [-97.88984880007158, 25.453026109666684], [-97.88987534970326, 25.435013718838075], [-97.89063219956792, 25.43459519955144], [-97.9426177203607, 25.385283909536188], [-97.9411350301038, 25.381335289672077], [-97.94938537035861, 25.381326979525713], [-97.9494550502149, 25.38977445946716], [-97.94960522977533, 25.389774429021703], [-97.9494616499132, 25.42599090963807], [-97.97927690954099, 25.425992458888427], [-97.9792696901972, 25.444070548871256], [-98.02900883025924, 25.44396588891069], [-98.02894807994711, 25.425864309027617], [-98.05866580010431, 25.42592868934334], [-98.05869153952682, 25.446436798944028], [-98.0681342298839, 25.44663053901275], [-98.06779695024746, 25.446135279122377], [-98.07386231007028, 25.44610953883776], [-98.15170789001947, 25.446109749218877], [-98.15163151986107, 25.4526188293457], [-98.14968154975423, 25.452605879299018], [-98.14931690964829, 25.480378718884108], [-98.14917740019733, 25.54296424888107], [-98.13811111012427, 25.542848618936514], [-98.17323817043935, 25.591125449286935], [-98.15399774967695, 25.59097888967808], [-98.1540580601676, 25.611299229651898], [-98.1501856798107, 25.611269519473318], [-98.15050693961291, 25.624047749585916], [-98.15057022046071, 25.64967701937431], [-98.1518797797013, 25.649689048987366], [-98.15181144974157, 25.655781429513546], [-98.14879894971929, 25.66560894885872], [-98.15169942018119, 25.665607229535006], [-98.15100529002451, 25.68878899923583], [-98.16545725984501, 25.701801179512984], [-98.15850616973967, 25.70858742926666], [-98.15840646021037, 25.734885999185664], [-98.15855391982106, 25.741868658974365], [-98.15785719974174, 25.741860859111522], [-98.15891567992011, 25.747449819701103], [-98.15964000044326, 25.777950089246016], [-98.15854569038954, 25.778199139203075], [-98.15855404996348, 25.787006219191692], [-98.1583987996827, 25.787211478895156], [-98.15858840025895, 25.787636629558737], [-98.15872343002287, 25.79591987883214], [-98.15865578022093, 25.976784739360895], [-98.15467556949488, 25.97689354968014], [-98.15593954990085, 25.985967859692295], [-98.15523352006254, 25.986015599478392], [-98.15016730979858, 25.987872289275458], [-98.15017411969477, 26.000780948867533], [-98.14843517030333, 26.004905519505346], [-98.14751514013149, 26.00670210928828], [-98.14641883014079, 26.008026679589598], [-98.14568972032329, 26.00971142892787], [-98.14158033955893, 26.029272619699956], [-98.15827365009149, 26.034159049652725], [-98.15829331957757, 26.04419813881018], [-98.15747411956075, 26.04421624947569], [-98.15540765005228, 26.055652519364255], [-98.15572922024188, 26.056213568956235], [-98.15319131002018, 26.05817105892478], [-98.15194466011882, 26.058294109604102], [-98.15079108958923, 26.05802645882388], [-98.15028851994467, 26.057616018820895], [-98.14964597973949, 26.056585368986706], [-98.14932749018641, 26.05568681885111], [-98.14923251024197, 26.053844339347073], [-98.14956817955466, 26.052346709587173], [-98.14948342995615, 26.051596249021834], [-98.14918091027285, 26.050978319078986], [-98.14807022039693, 26.049781828997897], [-98.14686527972094, 26.049138978973854], [-98.14554689006474, 26.049228949197232], [-98.14337403042295, 26.050617889715188], [-98.1428070500979, 26.051625229195267], [-98.14255741986355, 26.05290991956915], [-98.14084612006587, 26.054855859517062], [-98.13969609033931, 26.05659321967762], [-98.13910737004196, 26.058105569252106], [-98.13742140047354, 26.060947279013753], [-98.1369420500668, 26.062313569707047], [-98.13656811963354, 26.064055538888905], [-98.1370762001708, 26.068655399022557], [-98.1368490900703, 26.070085309521442], [-98.13644561962424, 26.070914179106968], [-98.1351522003684, 26.0724874896789], [-98.13341014992636, 26.07365077909189], [-98.13187055022033, 26.074309829696432], [-98.13019045979159, 26.074413738889906]]]}}, {"type": "Feature", "properties": {"CVEGEO": "28034", "CVE_ENT": "28", "NOMGEO": "Tamaulipas", "CVE_MUN": "034", "NOMMUN": "San Carlos", "cov_": 2026, "cov_id": 2027}, "geometry": {"type": "Polygon", "coordinates": [[[-98.96886774031967, 24.861120769494356], [-98.95534475006163, 24.853411858836463], [-98.95490146001922, 24.777108689328685], [-98.92429845989886, 24.769434819369486], [-98.90300612023864, 24.76897897956815], [-98.91016068002446, 24.73096624919633], [-98.91355133965469, 24.717101109368787], [-98.87508152039742, 24.666880969535555], [-98.88587045972268, 24.662529659163376], [-98.84910883045512, 24.616302829570305], [-98.84084322996772, 24.596124769546623], [-98.8305868003293, 24.569639249665464], [-98.82850214998895, 24.551937109082903], [-98.82402667983723, 24.53283670899335], [-98.8232513495562, 24.525926549464288], [-98.81973258001179, 24.50885019921519], [-98.81818012046979, 24.496929049105482], [-98.80456533974872, 24.500996879584374], [-98.72529494985099, 24.52100447918654], [-98.72236602957372, 24.489312919641677], [-98.72702031028942, 24.488554739644634], [-98.72026136954241, 24.47351844916492], [-98.70394457972158, 24.4803235391447], [-98.6770865697084, 24.47077104920055], [-98.65969328985288, 24.464292859443702], [-98.64679956975827, 24.46453505949932], [-98.66541579967685, 24.432555779344465], [-98.67449896964887, 24.41660091897651], [-98.67853194999218, 24.409096909486873], [-98.71892133991169, 24.414601118843947], [-98.7188538802807, 24.41260596892586], [-98.72075867986337, 24.409669619479732], [-98.72072444970908, 24.408245308936667], [-98.71902570981213, 24.406155548960477], [-98.71839029012713, 24.404488919493318], [-98.72241025018796, 24.387833509166448], [-98.7261040297857, 24.367388548983335], [-98.7234664297586, 24.36690956904045], [-98.72637797015935, 24.35033648933116], [-98.726289399918, 24.34918442933971], [-98.70518922001196, 24.233397908864855], [-98.68965354954902, 24.158863169527255], [-98.69545738028788, 24.159694649438876], [-98.76142614972706, 24.17082085892707], [-98.76219354955566, 24.17397721969343], [-98.7930678904692, 24.17896231964834], [-98.79231151990395, 24.175928829570882], [-98.91246559956059, 24.19587864962323], [-98.91758808993112, 24.19583881897653], [-98.91039806025923, 24.17685293972551], [-98.9625128201925, 24.182180479603744], [-98.96237777996105, 24.181538579145098], [-98.96211594026414, 24.18152994969195], [-98.96185405001081, 24.181812689657406], [-98.96162965004766, 24.181684079100904], [-98.96183551020484, 24.181195649689837], [-98.96157377953898, 24.180895619651448], [-98.96092845977037, 24.181118259433376], [-98.95981587956265, 24.18041521932185], [-98.95961025981336, 24.18009805926948], [-98.96023685998932, 24.17987539953797], [-98.96009662994634, 24.179686819589694], [-98.9593018301633, 24.179566629538925], [-98.95955222010487, 24.179233319120787], [-98.95954424992411, 24.178764169548085], [-98.95928244965562, 24.178601259435908], [-98.95874942024035, 24.178703969120118], [-98.95847848957033, 24.17791541960724], [-98.95864577995376, 24.176651139143104], [-98.95809421966426, 24.176231049426764], [-98.95799120028217, 24.176668089268126], [-98.95773876969733, 24.17659088960994], [-98.95759877014989, 24.175733829615055], [-98.9579074197961, 24.175579659473144], [-98.95765484976758, 24.174910949264444], [-98.95791455030732, 24.174632059174918], [-98.9577266802605, 24.174229979008985], [-98.95794162046617, 24.173942879636837], [-98.95790613967057, 24.17322194931828], [-98.95875247955006, 24.172599319391608], [-98.95860234991099, 24.17221514899847], [-98.9594644598772, 24.171671779585818], [-98.95950399988884, 24.171386309462047], [-98.95833957951047, 24.170283829584573], [-98.958475880173, 24.16987199900023], [-98.95905470983455, 24.169416629065857], [-98.95913544950119, 24.16901297970247], [-98.95880192038423, 24.16880073922729], [-98.95844791033703, 24.169033799557763], [-98.95790997043702, 24.169031369357537], [-98.95798504993229, 24.168444829191735], [-98.95748156981576, 24.167502429704207], [-98.95721606003308, 24.167533548850518], [-98.95690275017625, 24.16792659904685], [-98.95579917991569, 24.167594119285443], [-98.9561157199211, 24.166587548983408], [-98.95542162980989, 24.165713739339914], [-98.95499954033447, 24.16570113938221], [-98.95459094002136, 24.166069169726804], [-98.95509441967714, 24.16691797932736], [-98.95460406033143, 24.16752936967409], [-98.9540595996525, 24.166961349449874], [-98.95322206013188, 24.167460308884657], [-98.95298382970553, 24.167329199689714], [-98.95330395038178, 24.166873769580906], [-98.95320890960362, 24.16614364966901], [-98.95271705986956, 24.166419768872643], [-98.95214471987146, 24.166089509394425], [-98.95284548995022, 24.16534574892316], [-98.95270738000822, 24.165101659566123], [-98.95075785033009, 24.165543659495444], [-98.94986539988821, 24.16503145900495], [-98.9490522199209, 24.16548711970787], [-98.94875902008343, 24.165344429483397], [-98.94867777041273, 24.164627769473775], [-98.94769594959742, 24.164324169185964], [-98.94691803018493, 24.16441416887954], [-98.94643537024169, 24.164811138865435], [-98.9459825100177, 24.16459434962021], [-98.94609091986803, 24.16433264920869], [-98.94667198044935, 24.164126319564666], [-98.94647965024232, 24.163918568924327], [-98.94459298049095, 24.164011019024507], [-98.94457420008877, 24.16355821952113], [-98.94550003011747, 24.1635517689746], [-98.94559594008764, 24.163128579290852], [-98.94482448978104, 24.16260364890187], [-98.94448177992724, 24.16264870955569], [-98.94421544982845, 24.163016689304076], [-98.94390038016194, 24.162971458864234], [-98.94416572004471, 24.161552059356946], [-98.94397990964171, 24.16126562918843], [-98.94321067983498, 24.16122201926393], [-98.95047975046415, 24.115938489483604], [-99.09399831976779, 24.169378419408474], [-99.13453564992223, 24.184230619085536], [-99.12943238028645, 24.208413818996927], [-99.1273854200255, 24.21589676904673], [-99.07136717032384, 24.21437896907918], [-99.04432511959808, 24.213847599638296], [-99.08711608961374, 24.255488909332367], [-99.08165184960498, 24.2674834192319], [-99.08195556985663, 24.268512229611606], [-99.08284581978104, 24.269102579606677], [-99.08367825951025, 24.26899593927585], [-99.08428934968207, 24.269133458861358], [-99.08501952013317, 24.26880453928675], [-99.08701451039468, 24.269536739509117], [-99.08747706003004, 24.270062349034074], [-99.08884725964982, 24.270508829413284], [-99.08890210980938, 24.27129168890868], [-99.08973654007187, 24.27167290953705], [-99.0900654503694, 24.272053688946915], [-99.09209378031056, 24.27284657949258], [-99.0936705198987, 24.27489644930817], [-99.09344448984501, 24.275310978937277], [-99.09385164959613, 24.275497149049837], [-99.09485528983909, 24.27543430931883], [-99.09539834974412, 24.276005619289183], [-99.09599539989588, 24.27621648963058], [-99.09629437956363, 24.27691204968566], [-99.0961084896611, 24.277519619689073], [-99.09637982980333, 24.277705739269212], [-99.09652959963752, 24.278351688834395], [-99.09642190969615, 24.279482568938302], [-99.0959066896212, 24.279756198893192], [-99.09593515004366, 24.281458648914533], [-99.09754903024721, 24.281022649421466], [-99.09872950984695, 24.28134496888511], [-99.09923117030297, 24.281009199164043], [-99.09976073953936, 24.281679749591216], [-99.100493280491, 24.281729049346907], [-99.10029807957461, 24.282580079501358], [-99.10052898023218, 24.28289053910872], [-99.10151897998644, 24.282666249602386], [-99.10204842015244, 24.28303865957827], [-99.10241417951372, 24.282566219672223], [-99.10284860002794, 24.282528679189742], [-99.10416397968972, 24.282552619168925], [-99.1043677400542, 24.282701649653234], [-99.10449015040838, 24.28311153917932], [-99.10421985017652, 24.284242429655496], [-99.10481688032908, 24.284577479195494], [-99.10602710975685, 24.287059369332447], [-99.10655672044307, 24.2876804795059], [-99.10648930954258, 24.288164768966816], [-99.10676077008239, 24.288264178917267], [-99.10772511029278, 24.28969245948861], [-99.10803787982371, 24.290487429185518], [-99.1090011403297, 24.290685549121967], [-99.10915148048807, 24.291629878982814], [-99.1101511503451, 24.291948628879524], [-99.1105590203572, 24.292793309101633], [-99.11102011009581, 24.292718379143107], [-99.11130527976876, 24.29302887971238], [-99.11229564981062, 24.292953648947062], [-99.1123916202567, 24.294134049041492], [-99.11278514964953, 24.294195819290437], [-99.11292045990761, 24.293885109163206], [-99.11317825048803, 24.29387244905674], [-99.11335502954594, 24.29430721895018], [-99.11385719970006, 24.2945180193389], [-99.1135184002437, 24.29494068889256], [-99.11346488994107, 24.295823059729805], [-99.11445510961207, 24.295710539003622], [-99.11499826037922, 24.296157399664082], [-99.11573069037732, 24.296355549087252], [-99.11682980007198, 24.2961436189719], [-99.11712866002615, 24.296652889384845], [-99.11826485019088, 24.29680727927544], [-99.1193227998748, 24.296570369387368], [-99.11994648014274, 24.296159829231765], [-99.12040826006681, 24.29666894894095], [-99.12141209004524, 24.296519049215387], [-99.12168406040261, 24.297152579014394], [-99.12211841963095, 24.297512539255166], [-99.12395038047819, 24.297747289265324], [-99.12477832018705, 24.29823107917824], [-99.12504997034016, 24.29859122930928], [-99.12521428017175, 24.299995119570465], [-99.12558048040495, 24.29999482956729], [-99.12590571995224, 24.299584489283326], [-99.12636701985524, 24.29963387961121], [-99.12658788999119, 24.300252769331177], [-99.12721242035515, 24.300711889483342], [-99.12885437970013, 24.300909398877526], [-99.1289090601518, 24.301369089483995], [-99.1283263100575, 24.302003258877694], [-99.12711887992309, 24.30200425945715], [-99.12692925969579, 24.30241454928564], [-99.12751347989777, 24.303209319258645], [-99.12859944982523, 24.303755169270147], [-99.12874915015884, 24.30423965968962], [-99.12925103008098, 24.304052739041165], [-99.1299024901619, 24.3043503192426], [-99.13178592044153, 24.30439091907098], [-99.13188156952027, 24.30501213892986], [-99.13269539987064, 24.30481264946474], [-99.13416066005645, 24.30482374890547], [-99.13489378036607, 24.305270549193132], [-99.13504268048068, 24.304897579598695], [-99.13540897987022, 24.304785449169763], [-99.13638664983874, 24.30554253934875], [-99.1375535399333, 24.305678148886265], [-99.1380431797941, 24.306721509000404], [-99.13885714999232, 24.3066213692658], [-99.13876307977802, 24.30746637926198], [-99.13922442958985, 24.307577778987586], [-99.1395002895174, 24.307933849674807], [-99.13954171016411, 24.30860473974303], [-99.14017971001633, 24.308802919486986], [-99.1401938600569, 24.309300019572802], [-99.14049275003735, 24.309635289257407], [-99.1403033096991, 24.310120049171704], [-99.14095508044018, 24.310504649155124], [-99.1410379696594, 24.311896139350033], [-99.14137732020077, 24.312107028935078], [-99.14146191951113, 24.31273484929302], [-99.14216775022933, 24.312895739038535], [-99.14242595007292, 24.31331801922861], [-99.14192515022128, 24.314324909606487], [-99.14245464972537, 24.3146226595669], [-99.14253643011851, 24.314958029579376], [-99.14225325032619, 24.316523569471908], [-99.14250033972758, 24.317625889147862], [-99.14362772048702, 24.318606479411926], [-99.1443224898104, 24.321078548920408], [-99.14531548977278, 24.323100179568417], [-99.14535714013728, 24.32390787972099], [-99.14594102963682, 24.324230348969586], [-99.14607751974833, 24.324988219174763], [-99.14592901977882, 24.325597199406573], [-99.14506123010483, 24.32620687974547], [-99.14820211972358, 24.3268954491268], [-99.14846017993476, 24.327031969708937], [-99.1486644496445, 24.327628088840253], [-99.14930256953389, 24.327801429067012], [-99.1509727703421, 24.328843549175392], [-99.1516805196956, 24.330594719199684], [-99.15146784955009, 24.332154999256797], [-99.15221490970093, 24.33271341914834], [-99.15216101991572, 24.332974419354862], [-99.15140122019034, 24.333136649337717], [-99.15148333979697, 24.33359647938414], [-99.1534377395611, 24.33386774907085], [-99.15377720047663, 24.334091049371875], [-99.15413145981414, 24.335283629218214], [-99.15713855048875, 24.335176248995495], [-99.15770959960169, 24.3359833089494], [-99.1600980497305, 24.335931199460585], [-99.16045177995215, 24.33667627912339], [-99.16155190996228, 24.33737093958588], [-99.16154158014416, 24.33984361961871], [-99.16186079964396, 24.340957489680083], [-99.16296067976097, 24.341478168939737], [-99.16346247988211, 24.341129718877756], [-99.16391037013533, 24.341129249670335], [-99.16496983037493, 24.342059979546864], [-99.16585223025062, 24.34199691974778], [-99.16650437034468, 24.3425801388818], [-99.16696757998217, 24.3438843790698], [-99.16787717971545, 24.34413187952706], [-99.16911208037482, 24.344006349465506], [-99.16977629035618, 24.344629859034846], [-99.17126973953205, 24.34501339935226], [-99.17246368021277, 24.34472628938927], [-99.17359105980742, 24.345346429068286], [-99.17429653986058, 24.34524613896747], [-99.17398308016388, 24.34421514918888], [-99.17451224968853, 24.34418973904096], [-99.17498791025662, 24.34462397935824], [-99.17551684967297, 24.344374909093787], [-99.17622268022974, 24.3444983791047], [-99.17630471994356, 24.34487102911284], [-99.17585706009831, 24.34500819941278], [-99.17591162990541, 24.345256598851595], [-99.17671624965371, 24.345811419584294], [-99.17688138019267, 24.34738928897183], [-99.1780077804423, 24.347338219622113], [-99.17819811978092, 24.347598919609712], [-99.17806312033545, 24.348133399565974], [-99.17750752015066, 24.348705579596015], [-99.17761645988375, 24.34897885962399], [-99.17871642017305, 24.34942484962491], [-99.17860912037295, 24.35030719940737], [-99.17934180028227, 24.350219399391868], [-99.17997829006177, 24.349137579468152], [-99.1805892896456, 24.34927356935396], [-99.18048211958292, 24.350280169403902], [-99.17981782984788, 24.350877319127687], [-99.17926167962763, 24.351064399514513], [-99.17940451990692, 24.352031369738544], [-99.18058571018415, 24.352241229136293], [-99.18100691999001, 24.35260104972956], [-99.1800711995093, 24.35314891928128], [-99.18022422960931, 24.353647999139536], [-99.18127989025629, 24.353681739566625], [-99.18168892021613, 24.354973519131956], [-99.18261218012704, 24.355022199298496], [-99.1837118495274, 24.35536865927066], [-99.18397066028837, 24.355902719243225], [-99.1844732500797, 24.35621271971593], [-99.18479900028008, 24.356224779150615], [-99.18536767995751, 24.355242478943012], [-99.18563897022712, 24.355142739024604], [-99.18614367992485, 24.356819629456727], [-99.18669468972394, 24.357073288929687], [-99.18749545986681, 24.357084688923223], [-99.18786308031602, 24.35782979939713], [-99.18865056976803, 24.357953249225464], [-99.1891400203254, 24.35843711928306], [-99.19010377959029, 24.35844841921757], [-99.1906334297841, 24.35875825940623], [-99.19083767997314, 24.359180459438907], [-99.19082664958864, 24.36030879962175], [-99.19231013975028, 24.362978079237255], [-99.1914035400008, 24.36484311951028], [-99.19145891025943, 24.36552641924414], [-99.19246545018518, 24.366356369444894], [-99.19360804993181, 24.36795779890308], [-99.19343247970649, 24.368492348873147], [-99.19259086026051, 24.3685803794317], [-99.19298628024742, 24.36974796912736], [-99.19233508014528, 24.36992265972504], [-99.19225466011633, 24.370593749366936], [-99.19154862026186, 24.37055733939322], [-99.19152195019501, 24.370793479431246], [-99.19207912044786, 24.371215279109315], [-99.19209788018875, 24.37194510933246], [-99.19253233967045, 24.372081119344905], [-99.1926015997388, 24.372938448973077], [-99.19360699962073, 24.373508879215116], [-99.19363713986974, 24.374241569730135], [-99.19400199966117, 24.37436550893101], [-99.19424596986744, 24.374116739603306], [-99.19473508036627, 24.374389509567038], [-99.19553353951866, 24.37621188968619], [-99.19536471022897, 24.377076229490335], [-99.19619427975165, 24.378019459229993], [-99.1960066497695, 24.379414579124475], [-99.19675425008683, 24.38001016939095], [-99.19773751978974, 24.38241525903703], [-99.19874373991003, 24.38340801942718], [-99.19868805024805, 24.38461104949329], [-99.20017810967165, 24.385098718961906], [-99.20156775026253, 24.384482979395603], [-99.2019969995667, 24.384665679619573], [-99.20225668992985, 24.385733889335157], [-99.20247420000325, 24.385895179557856], [-99.20284081954863, 24.385994139017935], [-99.20398057954458, 24.385570198863928], [-99.20448310967144, 24.38568124910068], [-99.20494575025498, 24.38631430909095], [-99.20555694023739, 24.386537198960863], [-99.20631860007654, 24.38735617903925], [-99.20633562034581, 24.388312619734172], [-99.2078894801642, 24.389299369745874], [-99.20838204954623, 24.388952379341656], [-99.20964029014803, 24.38885531925239], [-99.20972128970395, 24.389416949135835], [-99.2092881203102, 24.390212708887343], [-99.21045772000005, 24.391035259388573], [-99.21043337992505, 24.391815819358616], [-99.20975723009828, 24.39268462960097], [-99.20997239954679, 24.393024019652934], [-99.21180846030298, 24.393712599727564], [-99.21186318048365, 24.393936249020403], [-99.21166503035272, 24.394746709530047], [-99.21219259999691, 24.39603562893556], [-99.21114569012671, 24.39689976905012], [-99.21141897035325, 24.397245019212267], [-99.21178664986152, 24.397580519144345], [-99.21371633959805, 24.39741459931568], [-99.21456051046515, 24.3987076195711], [-99.2152937404043, 24.398743879568997], [-99.21553874015785, 24.39909144974001], [-99.21536669024239, 24.400450708898948], [-99.21578847980462, 24.40099681943238], [-99.2164675999511, 24.401107748897086], [-99.21745772018613, 24.400497509692993], [-99.21820588988372, 24.401291599006502], [-99.21867577989802, 24.402389289026353], [-99.21942365972232, 24.40299696967737], [-99.21976404960647, 24.404395399409726], [-99.22273618030965, 24.404474458876486], [-99.22286845046294, 24.40561188905093], [-99.22309729046354, 24.405707339743717], [-99.22463381966308, 24.405964549681954], [-99.22657107996964, 24.406671859317413], [-99.22737891950464, 24.406747459461442], [-99.22827505018408, 24.407214089409774], [-99.22990682028961, 24.407501079091656], [-99.23017405989273, 24.40793404972372], [-99.23083245958784, 24.408216689696896], [-99.2335660897178, 24.40772739903208], [-99.2352571195884, 24.407063248891554], [-99.23614809004219, 24.407110029601714], [-99.23606261992535, 24.40624651900874], [-99.2367191503276, 24.40581051941767], [-99.23806425003833, 24.4062681490389], [-99.23858140020458, 24.406863719516267], [-99.23975237973704, 24.40747874922892], [-99.24081646004984, 24.40748556954104], [-99.24138732045849, 24.407733219689906], [-99.24309577965865, 24.407212979618762], [-99.2454197999696, 24.408419969186063], [-99.24538001993794, 24.40941741974379], [-99.24466400047335, 24.40970682945507], [-99.2056236799895, 24.468011769178514], [-99.20419703034064, 24.468209419362882], [-99.19693325969001, 24.46837691919224], [-99.19728589000782, 24.535131379189817], [-99.1947068896412, 24.537466289586817], [-99.19456586009362, 24.54079248918737], [-99.19289765034632, 24.542448939667324], [-99.19303876987874, 24.54367896947476], [-99.1938310198631, 24.5457564189925], [-99.19276729049271, 24.548175649334006], [-99.19272394039751, 24.550211799173397], [-99.19077651974442, 24.55148671920956], [-99.18971128004739, 24.552972688999528], [-99.1861128603811, 24.552196969592483], [-99.18473201997557, 24.552723939416243], [-99.1830508796256, 24.55237851960877], [-99.18144390980345, 24.5532497495858], [-99.18081574957449, 24.55409847968565], [-99.17802941992018, 24.554762259395126], [-99.17762645951443, 24.55643764913452], [-99.17694805957859, 24.55726356952758], [-99.17694725975491, 24.558296519706925], [-99.17579157039357, 24.559604119561303], [-99.17701760002497, 24.56408121949823], [-99.17612160001045, 24.568040029328994], [-99.17644819965446, 24.569227309452064], [-99.17594023013814, 24.5711367393001], [-99.17413048963707, 24.571647849570994], [-99.17297757965285, 24.573202059402437], [-99.17962585959515, 24.584317119351418], [-99.15706023021903, 24.591515289108692], [-99.15584772035768, 24.59208473948105], [-99.14738231969893, 24.599506889249863], [-99.1975064896173, 24.600944678894393], [-99.19512008011131, 24.625676909110666], [-99.19342882047202, 24.625637619514908], [-99.19203485985673, 24.628295488841466], [-99.19130797955776, 24.628754599205546], [-99.19011768026698, 24.6282763690527], [-99.18899860018115, 24.628077219657794], [-99.1882341998437, 24.62823930896458], [-99.18738678037792, 24.627988748898638], [-99.18733251962905, 24.629175709382256], [-99.18992771042808, 24.629549429343403], [-99.18231757992123, 24.73737465888647], [-99.19767969008475, 24.731648969093328], [-99.212885480384, 24.771674848837563], [-99.18865312031409, 24.78067959942949], [-99.18197125988968, 24.776041059247095], [-99.19325741965619, 24.813292229197184], [-99.19640077021603, 24.824442289220748], [-99.20743334987951, 24.861392149287703], [-99.2049467995929, 24.864193309147694], [-99.18077580046962, 24.857915219192826], [-99.16003472030565, 24.852207739550717], [-99.15818090978303, 24.84529802941207], [-99.11359733999699, 24.840354679318718], [-99.09597588988798, 24.846139719326747], [-99.08099082971802, 24.85160261960007], [-99.07189312027677, 24.848996769255432], [-99.07615325032606, 24.85912922972398], [-99.07194206041751, 24.859221179235394], [-99.06256508969508, 24.857416079581768], [-99.05762542021763, 24.856775429431973], [-99.04374397962381, 24.855040399622485], [-99.04262691957837, 24.855356688874917], [-99.04134566015806, 24.854749949232307], [-99.03518125017621, 24.853976949120348], [-99.03005510999024, 24.853599709595898], [-99.02947902974236, 24.85378813946197], [-99.02407527956481, 24.851937228941317], [-99.02075624989182, 24.84176608907418], [-98.99907655040614, 24.846522149528322], [-99.00011762008072, 24.879643579320465], [-98.96886774031967, 24.861120769494356]]]}}, {"type": "Feature", "properties": {"CVEGEO": "28035", "CVE_ENT": "28", "NOMGEO": "Tamaulipas", "CVE_MUN": "035", "NOMMUN": "San Fernando", "cov_": 2025, "cov_id": 2026}, "geometry": {"type": "Polygon", "coordinates": [[[-97.9792696901972, 25.444070548871256], [-97.97927690954099, 25.425992458888427], [-97.9494616499132, 25.42599090963807], [-97.94960522977533, 25.389774429021703], [-97.9494550502149, 25.38977445946716], [-97.94938537035861, 25.381326979525713], [-97.9411350301038, 25.381335289672077], [-97.94114555014669, 25.380858709390555], [-97.89977405020356, 25.380854969435465], [-97.89980357043632, 25.375791599195676], [-97.88956318035117, 25.38517170951614], [-97.87798749037694, 25.396303078976874], [-97.86286365021512, 25.380524258991436], [-97.85929232031444, 25.38584728932366], [-97.84723985041015, 25.37452230887022], [-97.85172684998038, 25.370284429291594], [-97.84884562022802, 25.367271379621787], [-97.80328348973454, 25.346775879223202], [-97.80324298006062, 25.346301918842777], [-97.80777425950231, 25.342007829467516], [-97.80771662994601, 25.34147233942152], [-97.73106590966377, 25.272776319240716], [-97.72688817969848, 25.269211919085336], [-97.7185946902624, 25.261597139511935], [-97.71825934014382, 25.262751848853103], [-97.71842382996354, 25.26417397920686], [-97.71836096970375, 25.265190859063058], [-97.71816637019175, 25.265484279361033], [-97.7182397799652, 25.26744034908347], [-97.71853285031844, 25.26842208901326], [-97.7192757198296, 25.269129549041352], [-97.71924834021702, 25.27056101909064], [-97.71861725024999, 25.271878749380726], [-97.69416367979139, 25.245439058862054], [-97.67018568999576, 25.224521649137618], [-97.65444631044537, 25.20655594921811], [-97.56463124954854, 25.10134267966941], [-97.5448016198488, 25.077839279528263], [-97.52146511044023, 25.050957909373647], [-97.51884514954516, 25.05014407967779], [-97.51784023019711, 25.04820424925709], [-97.5176746304088, 25.045866449296497], [-97.51817164951342, 25.043781829654865], [-97.5169748085411, 25.04094705136164], [-97.52917404070801, 25.00931023855804], [-97.53031903802548, 25.00492774757275], [-97.53019705008951, 25.00380500757446], [-97.52919859502614, 25.002722106951204], [-97.53039184920436, 25.003707611686924], [-97.53065170598086, 25.005843332613665], [-97.53089658992549, 25.006098865453033], [-97.53246520986788, 25.001576212900773], [-97.53204282063366, 25.00161141113507], [-97.53121159274885, 25.00107704869727], [-97.52988028539177, 25.000695145153742], [-97.53053889991644, 25.000682217981222], [-97.53157790288107, 25.00103239258935], [-97.53174102334988, 25.000805591986097], [-97.53519124097866, 24.994241848009743], [-97.53869242232543, 24.98536986664415], [-97.54179969936538, 24.975394470452052], [-97.54671194905434, 24.96213988225074], [-97.55224196331173, 24.945039686583954], [-97.55468494286258, 24.938749187208067], [-97.55644885031973, 24.933408880587], [-97.5573897812938, 24.931397246307466], [-97.56093517737017, 24.921070385041364], [-97.57002129606529, 24.892672508462077], [-97.57207715042676, 24.887685157940407], [-97.57974853328717, 24.86164433614849], [-97.58229931463306, 24.85083206655025], [-97.58275617104204, 24.84592085791159], [-97.58261409055976, 24.844667062890032], [-97.58064131380061, 24.844025100882803], [-97.58548177961536, 24.845169502672075], [-97.58625406047418, 24.843283999113396], [-97.58123163766264, 24.84199694417382], [-97.58385750018932, 24.842489569845792], [-97.58608456108864, 24.83912892538541], [-97.5879405407138, 24.834646020708263], [-97.5911813672794, 24.82459517747838], [-97.59523596818421, 24.80964740342936], [-97.59627817183544, 24.805121668465393], [-97.59744886696414, 24.801623860192674], [-97.60395183195538, 24.778858334979624], [-97.60734266619802, 24.768301888149903], [-97.61349801499094, 24.74700478069251], [-97.61743633955392, 24.731082359209086], [-97.61980628317116, 24.725000457134758], [-97.62390371476216, 24.70976714806796], [-97.62473533581371, 24.707440035056322], [-97.62798284478806, 24.695556371616533], [-97.62810657731566, 24.694495132036586], [-97.63416230583637, 24.673313170585462], [-97.64787513863607, 24.623605040088787], [-97.64968928838756, 24.61579454852488], [-97.65005056198514, 24.61498693012416], [-97.65380118736034, 24.60050196150988], [-97.65421461774456, 24.59804219356503], [-97.65998778582468, 24.575478953916054], [-97.6653653679662, 24.55316853359642], [-97.6753412577405, 24.509323988863656], [-97.67825550347439, 24.49405022918734], [-97.67908355542545, 24.487365133177768], [-97.67920133902186, 24.48087634367867], [-97.67901574051577, 24.480130382441263], [-97.67749165816676, 24.480183108269607], [-97.67747640520827, 24.479977958689787], [-97.68063284646806, 24.479923225911033], [-97.68070931040552, 24.478781200000327], [-97.68420088976039, 24.478686720167754], [-97.68761062035762, 24.47757619955055], [-97.68864282885863, 24.477455490108053], [-97.69686042005883, 24.477823770180677], [-97.74306420027656, 24.47835766001607], [-97.74715998048453, 24.452244349026603], [-97.74769011925534, 24.45172962944725], [-97.74793917906993, 24.451063998923676], [-97.7520862195974, 24.448984680120205], [-97.76614643037176, 24.44304578035313], [-97.76747777992288, 24.442670109540195], [-97.76845831886378, 24.442051260400582], [-97.768943948826, 24.441404519838333], [-97.76856387909818, 24.440285080202322], [-97.76913816883801, 24.439443889595623], [-97.77138013879738, 24.437791029609297], [-97.77197725882345, 24.43661667947182], [-97.77256033978969, 24.43172574908418], [-97.77244611865834, 24.42998702017203], [-97.77275168883259, 24.42804824992539], [-97.77322416937237, 24.42659234059753], [-97.77353497951297, 24.425999880380832], [-97.7740091401645, 24.42562328928882], [-97.77450016910456, 24.424606829699833], [-97.77945925901895, 24.421832570052068], [-97.77969105945094, 24.421458768911354], [-97.78068182010998, 24.42084888926861], [-97.79951351927255, 24.414172920306427], [-97.81136438035152, 24.41391141975254], [-97.8202559195903, 24.414146019319205], [-97.82784503035533, 24.41528725892277], [-97.83126391874917, 24.41649654986468], [-97.83367171032393, 24.417811739858948], [-97.83513818036384, 24.419178909984655], [-97.83563804883617, 24.420092649324133], [-97.83584798034866, 24.42128802041254], [-97.83646330995563, 24.42282351064062], [-97.8379692604479, 24.424044340467983], [-97.83930849030051, 24.426278340425164], [-97.84009911956257, 24.42687284901612], [-97.84091244948779, 24.428399889848432], [-97.84145877996721, 24.430110980603608], [-97.84186642035262, 24.430432460458086], [-97.84392834885838, 24.433967450194718], [-97.8696383094538, 24.417819479575684], [-97.86995653901943, 24.417452370292157], [-97.8716135093906, 24.416694220293667], [-97.87308328979556, 24.41520723039855], [-97.87529693869806, 24.414361050072046], [-97.95909342960422, 24.360977939295246], [-97.98934236855038, 24.341384969059266], [-98.053655109787, 24.30054117915386], [-98.068626379858, 24.32457073936624], [-98.03278371034544, 24.346827649726155], [-98.01172921994996, 24.36465459892333], [-98.01923901978616, 24.404176029271248], [-98.08110437019359, 24.403295919036204], [-98.11096721986306, 24.402468938842805], [-98.11148770997693, 24.41829770887862], [-98.14459294021083, 24.42312881941825], [-98.18447341952408, 24.422847968966764], [-98.1847811197411, 24.479728709701114], [-98.1447661197155, 24.472347888998033], [-98.13852757042548, 24.474847109099077], [-98.13641522998888, 24.475960679556177], [-98.13451241990273, 24.477995149507514], [-98.09981465000058, 24.50408208914976], [-98.13862320024117, 24.57364996934939], [-98.14598692041278, 24.566292289723766], [-98.14982111959543, 24.565072678913292], [-98.16054962033989, 24.576341799326958], [-98.16129074023291, 24.575783739458608], [-98.17138141995542, 24.58683841904864], [-98.17938560045238, 24.581082289481557], [-98.19313128986232, 24.596526319637498], [-98.1951852897491, 24.59510499928084], [-98.22062306000265, 24.624114058988887], [-98.22425448026388, 24.623887179379736], [-98.22675317025873, 24.623031539267636], [-98.22740445010012, 24.622740799709824], [-98.2276962802488, 24.6223137497115], [-98.22972643037708, 24.62155977947516], [-98.23066486020875, 24.62066159914339], [-98.23202037989721, 24.61993510930802], [-98.23218566000583, 24.61963514930675], [-98.23464216979394, 24.618492519422894], [-98.23494509004668, 24.617616799031225], [-98.23501282964409, 24.615831479334243], [-98.23668566007137, 24.612784619496786], [-98.23825781973733, 24.611204378992657], [-98.23888858014826, 24.609340379471632], [-98.23886518015735, 24.60857182936886], [-98.23921286005283, 24.608537799685053], [-98.2404341704458, 24.607740369695712], [-98.2438391398663, 24.6075538293583], [-98.24512640027226, 24.607014889680812], [-98.24731190984036, 24.607255459452592], [-98.24850719985594, 24.606937739715995], [-98.2502173400308, 24.604943658861426], [-98.25052746044013, 24.60052214949325], [-98.25102315045838, 24.59946622919832], [-98.252483460474, 24.59873567961141], [-98.25305735027067, 24.598653628880797], [-98.25340688970392, 24.59892217935496], [-98.25588714030974, 24.599725509325598], [-98.257199600077, 24.599585048888773], [-98.25832644998836, 24.599699429587552], [-98.26142497010198, 24.601363658879453], [-98.26206780047235, 24.6013907490015], [-98.26320297964195, 24.600853319079782], [-98.26462946029237, 24.600934339099574], [-98.26652802047806, 24.601614578852594], [-98.26716038028924, 24.60141107913605], [-98.27003293963998, 24.598741939263444], [-98.27065091034984, 24.597445949517578], [-98.27234880046879, 24.595439539422472], [-98.27322553998802, 24.59309454970458], [-98.27399809034472, 24.59231319935736], [-98.27676425983579, 24.59048321960361], [-98.27935822046616, 24.58955584908595], [-98.28083774960338, 24.58933111906627], [-98.28339521975639, 24.58948076973368], [-98.28509062002024, 24.589862228958946], [-98.28798591998404, 24.5920751989784], [-98.28841824972562, 24.593207579229034], [-98.29011908999294, 24.595019179446464], [-98.29180948043823, 24.60106987896765], [-98.29220621983401, 24.60331087918199], [-98.29265470982608, 24.60444756891459], [-98.29358068962954, 24.60529510899813], [-98.29601509006568, 24.606490799310933], [-98.29762650982734, 24.60686527889664], [-98.2985774198521, 24.608458109447554], [-98.2994711101421, 24.608816849017973], [-98.30089557956676, 24.610119029596582], [-98.30475723035633, 24.61010896920086], [-98.31011030993909, 24.612338249392483], [-98.31027168956375, 24.6126763490032], [-98.30358233951944, 24.622649949364472], [-98.32212403015482, 24.63291719940559], [-98.31233123035598, 24.648072859504378], [-98.29106579972895, 24.678818909431374], [-98.28965996981422, 24.678323969136027], [-98.29320528016831, 24.69451321940774], [-98.29690616981259, 24.706409909281472], [-98.31085786045296, 24.703874149236178], [-98.31359658049257, 24.71440070918386], [-98.31686405006401, 24.72479648909632], [-98.3062543395859, 24.724794349268063], [-98.31464434970454, 24.75075333942587], [-98.31092302966684, 24.753568419580763], [-98.31710652018063, 24.7703510296248], [-98.32142106020605, 24.773875179303744], [-98.32298222962177, 24.77946282930864], [-98.32836630969757, 24.79543105964644], [-98.33283405990963, 24.815304879393157], [-98.33920011962351, 24.816263229164043], [-98.35234045999891, 24.81094859884775], [-98.35178758049973, 24.835670858926065], [-98.35247920044209, 24.835427978920126], [-98.35464918024452, 24.836834979666495], [-98.36725326034781, 24.83995588924816], [-98.36298367964046, 24.865199259433947], [-98.377976769569, 24.858191629680167], [-98.38891386025777, 24.877675369339673], [-98.40889190986, 24.871625999075313], [-98.42967209047603, 24.902134279615783], [-98.43041494000636, 24.90453273902705], [-98.41879403025784, 24.915369028948824], [-98.41800584974428, 24.915746399004085], [-98.41715130988622, 24.915734419633882], [-98.41393611992193, 24.91414068917248], [-98.41327320039888, 24.914035679282563], [-98.41301397036428, 24.91888573894653], [-98.41492861980741, 24.920934249239696], [-98.416654249963, 24.92199536944724], [-98.41685040003262, 24.9225128195336], [-98.41750822974998, 24.92280496962086], [-98.41881913981759, 24.924215969224075], [-98.41936874045166, 24.92425844919868], [-98.41984295010235, 24.924052019339722], [-98.42030617014278, 24.928385719265926], [-98.42510737997098, 24.93646785908461], [-98.42730162023466, 24.938130779336294], [-98.42860165033068, 24.937693489029744], [-98.42905331005491, 24.939113549187574], [-98.42358308020351, 24.945500939263887], [-98.4212287401124, 24.946961689254245], [-98.42103568030957, 24.947283998928867], [-98.42179595008687, 24.948824309221468], [-98.42212934971174, 24.95008074903999], [-98.42313484953942, 24.951824629609092], [-98.42351244971476, 24.952076889325703], [-98.42400831954707, 24.95289534922342], [-98.42420572001517, 24.957621289187085], [-98.42416071973354, 24.958489849555672], [-98.42105755016946, 24.962319599328417], [-98.4207142000371, 24.96264684936329], [-98.41966617021029, 24.96306465925204], [-98.41825485965359, 24.961201909108823], [-98.41546976978057, 24.960572888884887], [-98.4127069195712, 24.960357049178775], [-98.41163826031615, 24.960775969676277], [-98.41071004997666, 24.96158021884089], [-98.408164689942, 24.963218849006683], [-98.40757397036292, 24.96334293884709], [-98.4040942502818, 24.96577367941474], [-98.40395694037836, 24.966586859630603], [-98.40587421953018, 24.9692197688362], [-98.40617993967625, 24.970262379401145], [-98.40669248015178, 24.97108128900932], [-98.40733474039733, 24.97154424928245], [-98.40804135013278, 24.972586219262418], [-98.40918593968615, 24.97474451934119], [-98.40943449013376, 24.97543553955725], [-98.40876519999071, 24.976669118982283], [-98.4078402297582, 24.97747041914713], [-98.40529092005116, 24.978965619192117], [-98.40452137968434, 24.978978488972704], [-98.40251831991678, 24.979508649475672], [-98.3990827503346, 24.979654689291387], [-98.39746283049057, 24.979048369367675], [-98.39614167997222, 24.978813279446445], [-98.39263154014681, 24.978598059521303], [-98.39203103044592, 24.979254629441847], [-98.39157081953674, 24.97946557917224], [-98.39094690956023, 24.98027314952586], [-98.39053122995843, 24.981205579086236], [-98.39083353984493, 24.98225616940225], [-98.39075782956226, 24.982760769572497], [-98.38852551027946, 24.983815978983092], [-98.38790868956282, 24.983783059442544], [-98.3872010600098, 24.982566619119332], [-98.38547443013967, 24.980970449214333], [-98.38418305997402, 24.98137447897402], [-98.38313709007832, 24.98196928946354], [-98.38201271019125, 24.982934369677185], [-98.3812959799796, 24.984060118944058], [-98.38016337032214, 24.985257709407627], [-98.37862633954991, 24.98871041910146], [-98.37870120006016, 24.99133661885472], [-98.37913074029949, 24.99205030890845], [-98.38017368039806, 24.99267990969254], [-98.38081665977519, 24.992825649507015], [-98.38379700043006, 24.99228856913252], [-98.38413238026236, 24.99250905915957], [-98.3846131104611, 24.99342465964193], [-98.38575255018576, 24.994465619617007], [-98.38660811019025, 24.996023829515675], [-98.38698682009148, 24.99623748890702], [-98.38683222988126, 24.996844879256976], [-98.3893233098708, 24.999001569713393], [-98.39014445986989, 25.000153749660196], [-98.39528461989003, 25.004264289687445], [-98.39594508982603, 25.005122079003083], [-98.39680673998517, 25.005297018842022], [-98.39972751029694, 25.007521169581818], [-98.40297077956241, 25.008961488875787], [-98.40448975020362, 25.00992082902271], [-98.40941339995497, 25.011473079655573], [-98.41020508981596, 25.01117322919688], [-98.41065529033173, 25.010348428968513], [-98.41140552049507, 25.010033338964668], [-98.41185745975301, 25.009444339488123], [-98.41296456952242, 25.009312429584735], [-98.4140270296034, 25.009816479557458], [-98.41537634042452, 25.011238079112207], [-98.41580513979113, 25.01141090955228], [-98.41674026029631, 25.013974429106735], [-98.41671702036399, 25.017698279526822], [-98.41235914004436, 25.01768716960866], [-98.41103727958686, 25.01854788932639], [-98.41043662025034, 25.019346819441264], [-98.40850815023272, 25.020355019280796], [-98.4055241701387, 25.018673249654864], [-98.40492888955202, 25.018699848837162], [-98.40421042041085, 25.018929149178902], [-98.4024548003801, 25.021137539339403], [-98.40215902956525, 25.021857089499008], [-98.40123078038849, 25.022072079491366], [-98.40076334988734, 25.022036319496937], [-98.40033972027075, 25.021734709415245], [-98.39960940009682, 25.022215539117525], [-98.3994840195657, 25.023804979719284], [-98.39920734955098, 25.024568829587587], [-98.39811978019758, 25.025922169365824], [-98.3979714895674, 25.02719765886167], [-98.39227842969972, 25.03750002959214], [-98.38778595007663, 25.039587339730257], [-98.38315732003085, 25.073629999188036], [-98.34772190993014, 25.080473179161288], [-98.34601311991561, 25.088795689332418], [-98.34633477986304, 25.089044849653593], [-98.34361780043893, 25.10683084940788], [-98.32391446018354, 25.104289509654173], [-98.31568049019036, 25.157918449621064], [-98.29924799957625, 25.156410629104364], [-98.28234954011636, 25.15632936964759], [-98.25059568014281, 25.156696539459872], [-98.25059531014583, 25.18038651939274], [-98.24078134979455, 25.180413859201185], [-98.24065437032147, 25.187583709672474], [-98.22579642008665, 25.18755193957208], [-98.22572251015039, 25.193606079299304], [-98.22065105029797, 25.193485888864547], [-98.21874678032015, 25.21472854958367], [-98.2089246597124, 25.21387641947456], [-98.20800907976711, 25.22293253932638], [-98.17835008011112, 25.220517859263804], [-98.17455602963317, 25.25971539929585], [-98.13476039983499, 25.256389289540795], [-98.10850893966496, 25.25440884897952], [-98.10853408047568, 25.308569029663754], [-98.07870816959053, 25.30341137945706], [-98.07864294990962, 25.344582819384517], [-98.05866631965043, 25.344668779687762], [-98.05866580010431, 25.42592868934334], [-98.02894807994711, 25.425864309027617], [-98.02900883025924, 25.44396588891069], [-97.9792696901972, 25.444070548871256]]]}}, {"type": "Feature", "properties": {"CVEGEO": "28036", "CVE_ENT": "28", "NOMGEO": "Tamaulipas", "CVE_MUN": "036", "NOMMUN": "San Nicolás", "cov_": 2039, "cov_id": 2040}, "geometry": {"type": "Polygon", "coordinates": [[[-98.90193553954462, 24.774664999517334], [-98.86656854954856, 24.770632139132694], [-98.86634250976716, 24.771734349035135], [-98.83849766002767, 24.768118938865772], [-98.84253198044696, 24.740546089556005], [-98.81511068995793, 24.742330319328666], [-98.80270597013303, 24.74336248902805], [-98.78731691960314, 24.74745757906851], [-98.76777742019195, 24.74509139958821], [-98.76138618005612, 24.741841309582036], [-98.76131812024771, 24.741220288930194], [-98.75986389040352, 24.741023779649012], [-98.75779527951536, 24.739672509533417], [-98.75786155006229, 24.738320149738424], [-98.75651729041911, 24.737319999689237], [-98.75291150996296, 24.736390539565114], [-98.75196460031951, 24.735808779425454], [-98.7501561101858, 24.735812549205402], [-98.74956411964098, 24.737021768916318], [-98.74899731018265, 24.736122179051932], [-98.7450666597006, 24.73509724961096], [-98.74430344989543, 24.733829289413965], [-98.73863691966012, 24.733060848826327], [-98.737918660054, 24.73222868897405], [-98.73643565980682, 24.73237510925253], [-98.72153716956166, 24.728807779124807], [-98.7212261204811, 24.727497659092446], [-98.71904662952582, 24.727109739642554], [-98.71668195034323, 24.727428149053697], [-98.71367848034383, 24.72661864910604], [-98.70741794989672, 24.724423909147365], [-98.71144975006129, 24.731800889592055], [-98.70278030952412, 24.74352305920123], [-98.66983468998093, 24.721757229628352], [-98.66401467953395, 24.72823287943007], [-98.65941134990413, 24.732426319091324], [-98.66137074952586, 24.677660089539657], [-98.66696984993344, 24.669426948993284], [-98.69183590963753, 24.634114629422097], [-98.69375993953297, 24.601221539422884], [-98.69185351044727, 24.579348479603905], [-98.64775674039251, 24.567153939397272], [-98.65256691006957, 24.534289709158855], [-98.65329631019847, 24.533072579130526], [-98.65641342047519, 24.53085453957875], [-98.65704094969168, 24.502388318934738], [-98.64679956975827, 24.46453505949932], [-98.65969328985288, 24.464292859443702], [-98.6770865697084, 24.47077104920055], [-98.70394457972158, 24.4803235391447], [-98.72026136954241, 24.47351844916492], [-98.72702031028942, 24.488554739644634], [-98.72236602957372, 24.489312919641677], [-98.72529494985099, 24.52100447918654], [-98.80456533974872, 24.500996879584374], [-98.81818012046979, 24.496929049105482], [-98.81973258001179, 24.50885019921519], [-98.8232513495562, 24.525926549464288], [-98.82402667983723, 24.53283670899335], [-98.82850214998895, 24.551937109082903], [-98.8305868003293, 24.569639249665464], [-98.84084322996772, 24.596124769546623], [-98.84910883045512, 24.616302829570305], [-98.88587045972268, 24.662529659163376], [-98.87508152039742, 24.666880969535555], [-98.91355133965469, 24.717101109368787], [-98.91016068002446, 24.73096624919633], [-98.90300612023864, 24.76897897956815], [-98.92474925035935, 24.769558519381984], [-98.92468446045525, 24.780391829204817], [-98.90193553954462, 24.774664999517334]]]}}, {"type": "Feature", "properties": {"CVEGEO": "28037", "CVE_ENT": "28", "NOMGEO": "Tamaulipas", "CVE_MUN": "037", "NOMMUN": "Soto la Marina", "cov_": 2016, "cov_id": 2017}, "geometry": {"type": "Polygon", "coordinates": [[[-97.68101783998229, 24.47764434568722], [-97.67935281185093, 24.47790142334279], [-97.67645074214718, 24.477923054506736], [-97.67650883037315, 24.47776539200164], [-97.67929101520582, 24.477650493904115], [-97.67972359152863, 24.47708806698267], [-97.68034037063681, 24.47492756558352], [-97.68110688815581, 24.473440339607976], [-97.68174565175937, 24.470687573338466], [-97.68298752907495, 24.46778872118511], [-97.68394716127595, 24.464140723950162], [-97.6856436003942, 24.455075710623106], [-97.68691738137609, 24.450560993034333], [-97.68856488020748, 24.440548840904864], [-97.68849872761476, 24.43973780141179], [-97.69029915134108, 24.428036353117708], [-97.69217087919358, 24.418127412891838], [-97.696202713812, 24.393059965342268], [-97.69953895060063, 24.367970243135126], [-97.69979148619821, 24.364451973372322], [-97.70062336531119, 24.360546579476605], [-97.70261987441718, 24.34661013293937], [-97.70379044736596, 24.336689394552124], [-97.70560572577557, 24.32509752101762], [-97.70659209743775, 24.31710820399751], [-97.70714173089326, 24.309391848726683], [-97.70766462667594, 24.306307882168994], [-97.70802708785116, 24.30157483631234], [-97.70844005658667, 24.299368007509162], [-97.70910555956918, 24.29182658934972], [-97.70985919667557, 24.286371984854803], [-97.71037156709764, 24.279201625979837], [-97.70983048331334, 24.27896046490777], [-97.71047125259794, 24.279071062461814], [-97.71093565954926, 24.276982179468796], [-97.71096153182971, 24.276229320719803], [-97.70954672585418, 24.276309647609445], [-97.71087179052883, 24.276141734124547], [-97.71102044435024, 24.273294599422996], [-97.71201481977712, 24.26869429015461], [-97.71569386667343, 24.21896127249713], [-97.71639086246884, 24.21457180224525], [-97.71655664774194, 24.210189035839505], [-97.7168365117072, 24.209034352182343], [-97.71752459523638, 24.200791135939113], [-97.71930362744713, 24.186482120015935], [-97.72054074986596, 24.16819676430217], [-97.72202387229736, 24.153347336441644], [-97.72205358159441, 24.15144969454555], [-97.72272502740475, 24.146287966405975], [-97.72383380287341, 24.128118328403456], [-97.72457892866937, 24.12507606539003], [-97.7249140574416, 24.119921950720457], [-97.72478570962996, 24.118174580166958], [-97.72591587654665, 24.10550299038301], [-97.72615474581985, 24.100110514729266], [-97.72733836656482, 24.092030890846498], [-97.72814412460511, 24.075210621290772], [-97.72839606485357, 24.074221078572393], [-97.72857194767496, 24.070653453739062], [-97.72900927858127, 24.067806226143638], [-97.7289427294443, 24.065505828357924], [-97.72921843698815, 24.063908546910103], [-97.72980788342407, 24.054867039259786], [-97.73121970103703, 24.0390873667289], [-97.73132427972617, 24.035635983435707], [-97.73190897173188, 24.028151154309725], [-97.7321561586502, 24.02703099811324], [-97.73229401291844, 24.022615401017227], [-97.73329226801161, 24.011447649719987], [-97.73324948545742, 24.009775876728828], [-97.73387695954047, 24.001429715023065], [-97.73584019386298, 23.97839028564298], [-97.73724786314257, 23.94992738918136], [-97.73745671689026, 23.94009925568382], [-97.73724250532105, 23.933619909318065], [-97.73745641689935, 23.926537590460462], [-97.73730084147918, 23.90271686166862], [-97.73663760980678, 23.880067080335092], [-97.73689358990853, 23.867084926629804], [-97.73604341071277, 23.831036142065322], [-97.73617651116177, 23.821443421194655], [-97.73574274609418, 23.802231930895488], [-97.73585463333089, 23.79621417444505], [-97.73537077674091, 23.78668778842331], [-97.73448863934914, 23.777958885355545], [-97.7344515133803, 23.773458007527434], [-97.73177706000345, 23.771697538757802], [-97.73399999854713, 23.767800000513102], [-97.73321950310897, 23.767382409198948], [-97.7331260226306, 23.767143714583167], [-97.73495456902369, 23.767680966758324], [-97.7356961295412, 23.766685178071242], [-97.73640156312607, 23.764723975535663], [-97.73789858859413, 23.758411750215334], [-97.738558474986, 23.74994322257457], [-97.73875762236003, 23.74496013432004], [-97.73858084941948, 23.74210894735491], [-97.73933773344326, 23.728127596149807], [-97.73947927806638, 23.711063195362048], [-97.7398596358909, 23.705082971272656], [-97.73986431863663, 23.699311403624137], [-97.74023510040668, 23.696765040880532], [-97.74060587977375, 23.689543552382446], [-97.74082482875365, 23.688483453153417], [-97.74079127030797, 23.685051140038112], [-97.74188935052133, 23.67208235240644], [-97.74193213324337, 23.66792893475608], [-97.74235995575903, 23.6621426626674], [-97.7440427293802, 23.643802538176953], [-97.7443458210322, 23.643326582096368], [-97.74424238021534, 23.641464118645548], [-97.74545454663618, 23.63170500959177], [-97.74658114785443, 23.617868561533403], [-97.74816201845138, 23.603574830524348], [-97.74847783276192, 23.597940985484858], [-97.74993243259935, 23.582637165435717], [-97.75172929065937, 23.569239957229197], [-97.75164372721788, 23.567906696151145], [-97.75197172514292, 23.566455780263922], [-97.75362844923735, 23.552218818067935], [-97.7537971046437, 23.54930499642728], [-97.75552265968028, 23.53559060210053], [-97.75746822971696, 23.513815396607676], [-97.75773308070747, 23.507804440567966], [-97.7590362425458, 23.495702112264592], [-97.7598436773307, 23.48634297418829], [-97.7599720244191, 23.482615306723105], [-97.76030002249631, 23.480614094067235], [-97.76166905812072, 23.46465562798319], [-97.76165479705641, 23.462274773044168], [-97.76263879086473, 23.454909550352475], [-97.76271009490598, 23.45212295665027], [-97.76366556661345, 23.442192781344385], [-97.76484921223827, 23.425954880420182], [-97.76514868865699, 23.424057493402767], [-97.76544816547951, 23.418770837244637], [-97.76570485855999, 23.41778938038906], [-97.76654624585315, 23.404493192629058], [-97.76658902818997, 23.401116586191026], [-97.76800084452896, 23.38204630372542], [-97.76798658537795, 23.380043567996694], [-97.76852849424951, 23.377687370313854], [-97.76902762154089, 23.36462280227476], [-97.76885649213683, 23.363051825431718], [-97.76929857675367, 23.352630542625906], [-97.76922727303209, 23.349527565440315], [-97.76951248899309, 23.346856590280563], [-97.76958379247878, 23.334443705491797], [-97.77001161622742, 23.32324754592909], [-97.76942692404052, 23.29856028332004], [-97.76938414116643, 23.294774934112986], [-97.76965509633331, 23.291801591437103], [-97.76934135898462, 23.289325938254212], [-97.76958379245923, 23.28726940813085], [-97.76896359005285, 23.27231360312485], [-97.77225640032736, 23.27279902959817], [-97.77901562903973, 23.274517889792538], [-97.78212851896438, 23.27541979962953], [-97.78411277997827, 23.27633185048245], [-97.78526873987572, 23.276158940242546], [-97.78866631977506, 23.27437143066186], [-97.7908969697037, 23.27449324947954], [-97.791903680023, 23.27355938049451], [-97.78948284932692, 23.288775110420545], [-97.80591853877837, 23.29208759933056], [-97.80211062950825, 23.30977688011505], [-97.81173301934191, 23.311332169350862], [-97.80831154021782, 23.3313777105646], [-97.81306461933674, 23.33497995037555], [-97.81375748878725, 23.335120619891562], [-97.81501492034849, 23.33484604921021], [-97.81536331956357, 23.334952829676276], [-97.81564051951848, 23.335642200084262], [-97.81631102029621, 23.33613110888083], [-97.81635428994768, 23.337544770260358], [-97.81672398000565, 23.338090510299928], [-97.81708945014734, 23.338214000042], [-97.81882601855878, 23.33780618022379], [-97.8198031498163, 23.33693952058455], [-97.82019384987943, 23.336820150228984], [-97.82281998046278, 23.336647308934335], [-97.82528602007798, 23.335414779877677], [-97.8265935993479, 23.335222629174417], [-97.82840171986054, 23.334392970225103], [-97.82961579969333, 23.33437687907608], [-97.83094965875942, 23.334684690023973], [-97.83176162045605, 23.33459285045999], [-97.83293084872246, 23.33488397927697], [-97.83450942892134, 23.33390350981608], [-97.83627492007089, 23.333691109984855], [-97.83762288853923, 23.32628995022575], [-97.85347281883082, 23.32860227942494], [-97.85575632019248, 23.327981919284653], [-97.8552793702644, 23.325490600622107], [-97.85454884920998, 23.325384770203136], [-97.8549436796688, 23.32269078026893], [-97.8525050887224, 23.32228219943102], [-97.85326367937287, 23.317589289959454], [-97.85018211959965, 23.317072250178615], [-97.85087431904955, 23.313593319164536], [-97.85973311018306, 23.314837909531864], [-97.86262153896509, 23.29773971931031], [-97.8675679785914, 23.298953619579272], [-97.86787082976868, 23.29694084940156], [-97.89018502982253, 23.29999432017686], [-97.88758019952856, 23.31640876940381], [-97.89703530874374, 23.312909369439623], [-97.89927611999941, 23.310391769176046], [-97.90069397988539, 23.309749749600524], [-97.90190184935301, 23.308515148940874], [-97.90423734892715, 23.308476180180783], [-97.90493604953359, 23.309699249831414], [-97.90532021887567, 23.30960871022006], [-97.90660591874737, 23.308634339023673], [-97.9086228196696, 23.30877876957471], [-97.90920182925701, 23.309546449870393], [-97.90939443004392, 23.31066551060424], [-97.90983513898354, 23.31107825033894], [-97.91000291003003, 23.312774459358856], [-97.91065637853055, 23.314306399716212], [-97.91145951908796, 23.314814879599393], [-97.91261947896552, 23.315029739529766], [-97.9163558791612, 23.31328408062533], [-97.91737670957974, 23.312402720205352], [-97.91765745859867, 23.312443348855073], [-97.91813131871568, 23.31303190936411], [-97.91857034958515, 23.31299914027153], [-97.92049493971238, 23.310763139649755], [-97.92254355030136, 23.30990354984245], [-97.92401991002676, 23.30962112032123], [-97.9254868899947, 23.309797059723152], [-97.92622211010132, 23.309575460537026], [-97.92690264900055, 23.30901113981207], [-97.92855154955062, 23.30877334939112], [-97.93023265855632, 23.308195110021604], [-97.9323191688891, 23.304814109397164], [-97.93229722915986, 23.304004819146666], [-97.93249897004868, 23.30360152065735], [-97.93311817965306, 23.303324349535433], [-97.93375941870417, 23.302123749742783], [-97.93363162852035, 23.300672720498312], [-97.93443294869326, 23.30131782054632], [-97.93558333854445, 23.300715859975757], [-97.93578582899103, 23.299768880165114], [-97.93637342956998, 23.298712459778816], [-97.9370201203056, 23.298161890050263], [-97.93946833932412, 23.29784944987384], [-97.94036642945255, 23.296839019230504], [-97.94082202899946, 23.296930649244494], [-97.94129248973108, 23.29675285044365], [-97.94151908895553, 23.29711276973711], [-97.9421448795165, 23.29690402001208], [-97.9429962289458, 23.29710802059158], [-97.94344902850808, 23.295694680462454], [-97.94383074993507, 23.295404780245196], [-97.94866859997492, 23.29337395004663], [-97.94563199964882, 23.2930908295695], [-97.9459230904608, 23.2884985801323], [-97.96144454999038, 23.28964300013124], [-97.96152373920167, 23.292441080085062], [-97.96189677022372, 23.293859920531737], [-97.96465618005625, 23.299321970215455], [-97.9870390285871, 23.30239862966372], [-98.00640619996783, 23.34211691914044], [-98.00905245999743, 23.341159649226082], [-98.01142033922737, 23.34089454052881], [-98.0134441987278, 23.34150213999222], [-98.01557396862862, 23.343235120317022], [-98.01674591016659, 23.34372452061015], [-98.0179842497846, 23.343279290330205], [-98.01911262990704, 23.34330822014019], [-98.02375305047009, 23.342384779040625], [-98.02400962886634, 23.342126349799045], [-98.02355479946691, 23.340701369776554], [-98.02408707885799, 23.340185020342183], [-98.0251251102142, 23.340034910393914], [-98.02796090907049, 23.340566819590347], [-98.02883844933908, 23.340023919988496], [-98.03052756918485, 23.338291939696102], [-98.03115208883673, 23.336135029894123], [-98.03209041878654, 23.33429556883895], [-98.03376853872496, 23.333028229903384], [-98.03493813909218, 23.332941649844027], [-98.03773922975431, 23.333248860527245], [-98.04067948869351, 23.332913460248722], [-98.04321588934285, 23.333531309004066], [-98.04498954011282, 23.333285339586652], [-98.04653094915473, 23.333733879114227], [-98.04716683048461, 23.334091679297664], [-98.04722921886302, 23.334353319387077], [-98.04863494906108, 23.333545149073156], [-98.05472796971796, 23.33905114029955], [-98.05941055031687, 23.341986709208864], [-98.0611658598269, 23.343492620165755], [-98.06598493999284, 23.344467629634398], [-98.0659833195552, 23.344025000594737], [-98.06891284894206, 23.344193019052724], [-98.06956953957089, 23.343936140566313], [-98.07053254994413, 23.34286649060564], [-98.07132673880928, 23.34273030898828], [-98.0724093491919, 23.342985170397593], [-98.07495881960627, 23.344643058955608], [-98.0760383699794, 23.34501404902919], [-98.07765210938389, 23.344711110012483], [-98.07866162044817, 23.344752979319487], [-98.07975427902475, 23.345279769560932], [-98.08076978005133, 23.346017379660207], [-98.08231842997303, 23.34939370933098], [-98.08451191875052, 23.350424909546845], [-98.08534687997816, 23.350546920463557], [-98.08618978000581, 23.35039990968829], [-98.0872748303608, 23.350696480266233], [-98.08919150929938, 23.35246097010774], [-98.08973270906317, 23.353887949850982], [-98.08989071918577, 23.355944658952627], [-98.08950355041127, 23.356708909841686], [-98.08792164974471, 23.35841893986037], [-98.08782891028835, 23.359089629884398], [-98.08918174899767, 23.362055418867307], [-98.09015651876902, 23.36286612003693], [-98.09104576881933, 23.363091820435287], [-98.09326276902733, 23.362618968996166], [-98.09560179919909, 23.361230109445593], [-98.09696116861137, 23.360952520593713], [-98.09773379960889, 23.361148150644517], [-98.09945817944312, 23.36244229064107], [-98.09827759860886, 23.365982050065316], [-98.11522085957567, 23.36878130931074], [-98.12041879860888, 23.370140749581594], [-98.12364487995988, 23.369781019597237], [-98.12505657928439, 23.36805699907555], [-98.1259470902754, 23.367485170487594], [-98.1264897192691, 23.366845999572693], [-98.1267859487101, 23.36423015008281], [-98.12974565925089, 23.349491909062657], [-98.13574176940429, 23.34936948887245], [-98.15469001982383, 23.352985060530013], [-98.1663571994691, 23.353895570259077], [-98.17247397909603, 23.356140849869046], [-98.18266878018255, 23.35783512042128], [-98.19887941992347, 23.349088119692414], [-98.21088868917941, 23.347392369711393], [-98.2058906498783, 23.322798110056755], [-98.21277754029234, 23.29303005887365], [-98.24045110991973, 23.283298020123176], [-98.24124564960081, 23.292135799109968], [-98.25183142865139, 23.2972583789103], [-98.25319923034117, 23.29703907993118], [-98.25532651040395, 23.295104879930413], [-98.2575935987061, 23.29427105027188], [-98.26024513985206, 23.294979060610395], [-98.26227144930307, 23.290153849362333], [-98.28196554959219, 23.296186289980653], [-98.28638799973857, 23.286764980632682], [-98.29902706034297, 23.28075183015806], [-98.33361819923357, 23.3086920505529], [-98.36475225967214, 23.335314740246123], [-98.35508979855781, 23.38200072008398], [-98.36687291915547, 23.410068879453853], [-98.40505221968928, 23.415077708905784], [-98.40640891892838, 23.40819024890383], [-98.44728553964512, 23.413663309202715], [-98.43476434937132, 23.446345940656922], [-98.43504919854496, 23.44707961981093], [-98.43504519922871, 23.448978750521295], [-98.4359647388575, 23.449855219431104], [-98.43794661859461, 23.450815919771056], [-98.43856902033703, 23.451504569950025], [-98.43975885957447, 23.454405180253218], [-98.43998175008701, 23.455435799739526], [-98.43962024894951, 23.45642294937411], [-98.43893365897156, 23.456832289826853], [-98.43827877907212, 23.456802479272373], [-98.43771521976599, 23.45625135014729], [-98.4375186201073, 23.455348090274047], [-98.4369779087262, 23.45460130997895], [-98.43596570978018, 23.45454274052986], [-98.43515951015408, 23.455061548945867], [-98.43399231025874, 23.45645748902662], [-98.431691598621, 23.458310690281643], [-98.43115096867302, 23.45940691992663], [-98.43022426003206, 23.460227250135027], [-98.42951136880671, 23.459840308940358], [-98.4297601794962, 23.457370309988654], [-98.42913757899979, 23.456708919191154], [-98.4283940500949, 23.456513980404416], [-98.42752962948437, 23.45678531947446], [-98.42600107869819, 23.45830877960033], [-98.42542564946136, 23.459201080597555], [-98.42474177981588, 23.461003940382852], [-98.42307440037665, 23.461177170647073], [-98.42244682005679, 23.46164545952131], [-98.4221425497068, 23.4622656901601], [-98.42211070947671, 23.46346456934132], [-98.42276262043588, 23.464208290467717], [-98.42341225952833, 23.465473650540215], [-98.4237628489641, 23.4670399501837], [-98.42453419880965, 23.467701719760797], [-98.42640366026114, 23.468344680375214], [-98.42828327904262, 23.468429250392656], [-98.42944191901034, 23.469064970347635], [-98.42952673928113, 23.470108649000704], [-98.42782111039445, 23.472024290152934], [-98.42632710995134, 23.473193880143175], [-98.42453852023304, 23.473599180358725], [-98.42263433913409, 23.473180349860765], [-98.4217667699206, 23.474083120445947], [-98.4215800301921, 23.475949400102362], [-98.42059447888202, 23.47654975015172], [-98.41973139862414, 23.476436719068776], [-98.41886531922859, 23.475150679127456], [-98.41759590876268, 23.47445205903995], [-98.41661250926714, 23.47458568027519], [-98.41559558037223, 23.475570230423358], [-98.4151126894412, 23.477023510324038], [-98.41546477851402, 23.478232940409136], [-98.4161770287974, 23.47886717063265], [-98.4178962591909, 23.479623600133717], [-98.41886624943454, 23.480396800534663], [-98.41987370892902, 23.48158112020757], [-98.42148093987048, 23.485009338917312], [-98.42272906040617, 23.485700450063867], [-98.42549531908769, 23.48647381963998], [-98.42757357859513, 23.488129200430443], [-98.43009321950795, 23.489567290518384], [-98.4312096491443, 23.49070026019511], [-98.43097106046844, 23.49201563013445], [-98.42986607895439, 23.492698089562808], [-98.42959131983433, 23.494262000613062], [-98.43024108002852, 23.495969860340054], [-98.42936922886373, 23.497915250298846], [-98.42665509020081, 23.501531450503368], [-98.4261697699711, 23.501838380318162], [-98.42538591999683, 23.50154906065237], [-98.42519994875066, 23.500543710004028], [-98.42545164909185, 23.499118060358644], [-98.42535371035635, 23.49861062041113], [-98.42431551921608, 23.49796926001224], [-98.42327917899206, 23.498010920208923], [-98.4228053992508, 23.49976825043094], [-98.42241137938873, 23.50045150895393], [-98.42027267960222, 23.502699340370228], [-98.41842303029405, 23.504289279607324], [-98.41705543008992, 23.506014910010077], [-98.41674059950444, 23.506845919192028], [-98.4168848789557, 23.508035260037982], [-98.41745539884741, 23.508517170448545], [-98.41875448994135, 23.50844476989288], [-98.42023625955916, 23.507185349175327], [-98.4215277196666, 23.50675856991318], [-98.42329701879859, 23.50712129062582], [-98.42546250916536, 23.50849334003714], [-98.42684391009621, 23.508825419422998], [-98.43009471988465, 23.50882447914412], [-98.43113776936055, 23.509360479826867], [-98.43125525979465, 23.50999923014048], [-98.43099251903202, 23.510428279052892], [-98.42800655007645, 23.510695850574205], [-98.42708514974584, 23.51103357029658], [-98.42649357946897, 23.51169828987072], [-98.42633768884218, 23.512510860559118], [-98.42750456977033, 23.513951150620457], [-98.42973704919952, 23.51503099938435], [-98.43030504915644, 23.516721309466213], [-98.43008895031518, 23.51767202020649], [-98.42959036905141, 23.5181383099398], [-98.45539069001256, 23.539761969674686], [-98.45964807984002, 23.543990780028306], [-98.46258344883074, 23.547298709371205], [-98.44863094916107, 23.559757770190462], [-98.45179690948945, 23.56242099922184], [-98.45169884977565, 23.562690150121664], [-98.45501652015554, 23.565852199889406], [-98.46886099854588, 23.554976949792742], [-98.47097531994689, 23.557500259971814], [-98.47040986006233, 23.5625047197475], [-98.46963848858267, 23.562867620389678], [-98.46930176888975, 23.564621020136194], [-98.4688530288268, 23.565291289219076], [-98.46784979900008, 23.565982999148257], [-98.46606310900272, 23.565778229343643], [-98.4655081796372, 23.565957540623568], [-98.46416206037678, 23.567634400608476], [-98.46360948917496, 23.567786600051157], [-98.46303034913934, 23.567367570419563], [-98.46297870935813, 23.56539597999657], [-98.46235551914246, 23.56494357057712], [-98.4602811694503, 23.5751089693923], [-98.47271950895822, 23.568414279964962], [-98.48468804855216, 23.58068018028238], [-98.49096258040443, 23.58681517894707], [-98.5009501391822, 23.596068539165728], [-98.51310655043046, 23.608105599454927], [-98.50858801914953, 23.611982879068734], [-98.4955825097959, 23.623889260514538], [-98.4941766892025, 23.633964290214386], [-98.48837198042817, 23.635763320410884], [-98.49649515032499, 23.64961190947253], [-98.50460182981581, 23.646826739620714], [-98.49915650879734, 23.69770877957484], [-98.49546171913921, 23.724724019022165], [-98.46290613889937, 23.721098829915547], [-98.45700182993959, 23.773361140463923], [-98.47192584869947, 23.800092019932286], [-98.48173230980439, 23.816974550208677], [-98.3307408599412, 23.892320170299982], [-98.26341234034233, 23.925550050550424], [-98.26033197925409, 23.924821680455196], [-98.25873916915532, 23.92402589052941], [-98.25732580005254, 23.92370715002986], [-98.25333585916273, 23.924315539865525], [-98.25138525004928, 23.925224580154556], [-98.2506911091025, 23.92585313995463], [-98.25036151943645, 23.92646655049113], [-98.25046430943266, 23.92742493920923], [-98.25018604988139, 23.928063490046934], [-98.2487567387541, 23.929845340381], [-98.24767127933927, 23.93051228017866], [-98.24515549031668, 23.931168660273194], [-98.24377937876912, 23.931996049512836], [-98.24139386026474, 23.93246716934694], [-98.24044274937367, 23.939043289880736], [-98.2383094499469, 23.95029955061762], [-98.23781682876319, 23.951966169583333], [-98.22765797047379, 23.950842659772587], [-98.22279730853757, 23.950012060497013], [-98.22092239957018, 23.9536666000529], [-98.21216479998543, 23.955936709203915], [-98.20629604955306, 23.961353219785938], [-98.19038192044134, 23.96163591002081], [-98.18984265999477, 23.961630600499227], [-98.189577769966, 23.96138632005134], [-98.18831217989751, 23.9619918805635], [-98.18801131008404, 23.96249721956597], [-98.1882555487455, 23.963949248895258], [-98.19122105923483, 23.967430660041018], [-98.1903839697956, 23.970112289366334], [-98.19050307971187, 23.970943400022563], [-98.19172162894637, 23.97186707924385], [-98.19197734024173, 23.97274192015323], [-98.19536493926208, 23.973341689513553], [-98.19776651011098, 23.97455238027109], [-98.19909762853165, 23.97424256900534], [-98.20108837894014, 23.97291143007323], [-98.20858734796218, 23.971232449337915], [-98.2109221101468, 23.96847619945917], [-98.21684150929653, 23.965726999945094], [-98.23251190900719, 23.96514020044936], [-98.23285898007401, 23.96488209059598], [-98.23341085018578, 23.96529804989871], [-98.23373588998487, 23.965175139265806], [-98.23397797993731, 23.969015229983285], [-98.23457194954089, 23.9693421397952], [-98.23421527873786, 23.971210628981876], [-98.23540645918537, 23.97222811980554], [-98.23674358040358, 23.9723334893112], [-98.23710894002235, 23.972549480580987], [-98.23772360030459, 23.973749219800013], [-98.23709303010406, 23.978035970127955], [-98.23737156995011, 23.97911928915892], [-98.23714643040937, 23.981403709364802], [-98.23689685924832, 23.981604399219957], [-98.23487079984892, 23.981615829850078], [-98.23434919879978, 23.981818550190088], [-98.23336994976384, 23.983595000322207], [-98.23360508907831, 23.984883970634314], [-98.23520394034625, 23.985939968967468], [-98.23543119987106, 23.986660679410093], [-98.2339600200464, 23.987906029163412], [-98.23320651938236, 23.989533740233966], [-98.2304405387642, 23.990674769432566], [-98.23035102948239, 23.99119264994036], [-98.23137152006537, 23.992944169564826], [-98.23096836874899, 23.994130940440034], [-98.22953058002469, 23.995816950172603], [-98.22747434907184, 23.996359350401047], [-98.22676313897466, 23.995879580307676], [-98.22617404860009, 23.996056539775022], [-98.22564761848524, 23.99685792059675], [-98.22632831956331, 23.998169549934463], [-98.22612248946756, 23.99855928989502], [-98.22557910955477, 23.99878052001919], [-98.22250127884315, 23.99943074979074], [-98.22196911030778, 23.999950920484817], [-98.22146687935131, 23.99978716974531], [-98.2209962591868, 23.999065230190208], [-98.22065161950152, 23.999038650566582], [-98.22037659871052, 23.999352970048065], [-98.22006954887611, 24.00049317043529], [-98.21907847903061, 24.0009725403671], [-98.21798344936862, 24.00207687920101], [-98.21672451034837, 24.00267751054327], [-98.21603174858102, 24.003507919853014], [-98.21565742957213, 24.003573459647765], [-98.21493816876719, 24.003263179943268], [-98.21348730989263, 24.003574620514243], [-98.21219542950728, 24.005192980337295], [-98.21209522990002, 24.00629625061364], [-98.21086411023052, 24.007551740185967], [-98.20923223008603, 24.0077984298254], [-98.20834757924904, 24.00753267965883], [-98.20752725019058, 24.007561849359707], [-98.20650973969089, 24.007189109862704], [-98.20491336881051, 24.00703506030597], [-98.20395391882113, 24.00656803059421], [-98.202047489669, 24.006400169954667], [-98.20166714978609, 24.00840394884367], [-98.2012809085099, 24.008333000005134], [-98.19954767891736, 24.006769059314543], [-98.19659465869606, 24.00545992057575], [-98.19592771030163, 24.004763220445792], [-98.19489621944557, 24.002656419892034], [-98.19453267863788, 24.002897448917427], [-98.19442714994494, 24.003627320377515], [-98.19531348027363, 24.008026378860013], [-98.19494886008354, 24.008629308875935], [-98.1940043794343, 24.009166369963662], [-98.19379674992639, 24.009531850402208], [-98.19413699970046, 24.014968860155637], [-98.19357529019628, 24.017195580110524], [-98.19149108013077, 24.020798370209274], [-98.19069884932874, 24.031087980285097], [-98.18818270902992, 24.036634860005297], [-98.18834674891869, 24.037142539336553], [-98.19084111031916, 24.040118219903373], [-98.19063611852691, 24.041580910077442], [-98.19091167989555, 24.04208117950056], [-98.19147408936128, 24.042445600566403], [-98.19290291978135, 24.04244797997445], [-98.19758477968671, 24.04791580017422], [-98.19837957033728, 24.051559540555914], [-98.19819057945844, 24.0539131799394], [-98.19831426038552, 24.05445383024886], [-98.19931140039685, 24.05573794063158], [-98.20043513959165, 24.056481519805928], [-98.17292947920114, 24.057271119951498], [-98.13996974907803, 24.056877289673725], [-98.14180245883345, 24.07680794027975], [-98.13546434975325, 24.08612993998643], [-98.13292453888477, 24.115066289739193], [-98.04899991961526, 24.11473051929586], [-98.04892824980408, 24.122900888970783], [-98.0010092804724, 24.12253485940493], [-98.0746820498324, 24.170134279800703], [-98.05987099940022, 24.184658140100506], [-98.05989159955485, 24.19747042905388], [-98.03714562997816, 24.19761488928591], [-98.03560768907613, 24.233471348840023], [-98.00190481932806, 24.23365194958099], [-98.0139316894486, 24.255209549824272], [-98.013081938492, 24.257100030536275], [-98.0133523095707, 24.25707574906394], [-98.01446967862695, 24.258064849727397], [-98.01439312046749, 24.259137579753887], [-98.01510619886685, 24.260244179989513], [-98.01481939932621, 24.261039379491194], [-98.0149061991041, 24.261477249943884], [-98.0152773391733, 24.261612800007654], [-98.01721474045283, 24.260836719660468], [-98.01771713921961, 24.261181980110777], [-98.0184311801944, 24.26224505995728], [-98.01908214016687, 24.262324199801096], [-98.01909496990538, 24.26274137039022], [-98.01942431850897, 24.262969820105006], [-98.01955675014024, 24.322247348988007], [-97.98934236855038, 24.341384969059266], [-97.95909342960422, 24.360977939295246], [-97.87529693869806, 24.414361050072046], [-97.87308328979556, 24.41520723039855], [-97.8716135093906, 24.416694220293667], [-97.86995653901943, 24.417452370292157], [-97.8696383094538, 24.417819479575684], [-97.84392834885838, 24.433967450194718], [-97.84186642035262, 24.430432460458086], [-97.84145877996721, 24.430110980603608], [-97.84091244948779, 24.428399889848432], [-97.84009911956257, 24.42687284901612], [-97.83930849030051, 24.426278340425164], [-97.8379692604479, 24.424044340467983], [-97.83646330995563, 24.42282351064062], [-97.83584798034866, 24.42128802041254], [-97.83563804883617, 24.420092649324133], [-97.83513818036384, 24.419178909984655], [-97.83367171032393, 24.417811739858948], [-97.83126391874917, 24.41649654986468], [-97.82784503035533, 24.41528725892277], [-97.8202559195903, 24.414146019319205], [-97.81136438035152, 24.41391141975254], [-97.79951351927255, 24.414172920306427], [-97.78068182010998, 24.42084888926861], [-97.77969105945094, 24.421458768911354], [-97.77945925901895, 24.421832570052068], [-97.77450016910456, 24.424606829699833], [-97.7740091401645, 24.42562328928882], [-97.77353497951297, 24.425999880380832], [-97.77322416937237, 24.42659234059753], [-97.77275168883259, 24.42804824992539], [-97.77244611865834, 24.42998702017203], [-97.77256033978969, 24.43172574908418], [-97.77197725882345, 24.43661667947182], [-97.77138013879738, 24.437791029609297], [-97.76913816883801, 24.439443889595623], [-97.76856387909818, 24.440285080202322], [-97.768943948826, 24.441404519838333], [-97.76845831886378, 24.442051260400582], [-97.76747777992288, 24.442670109540195], [-97.76614643037176, 24.44304578035313], [-97.7520862195974, 24.448984680120205], [-97.74793917906993, 24.451063998923676], [-97.74769011925534, 24.45172962944725], [-97.74715998048453, 24.452244349026603], [-97.74306420027656, 24.47835766001607], [-97.69686042005883, 24.477823770180677], [-97.69010462947122, 24.477426889891767], [-97.68761062035762, 24.47757619955055], [-97.68420088976039, 24.478686720167754], [-97.68070931040552, 24.478781200000327], [-97.68101783998229, 24.47764434568722]]]}}, {"type": "Feature", "properties": {"CVEGEO": "28038", "CVE_ENT": "28", "NOMGEO": "Tamaulipas", "CVE_MUN": "038", "NOMMUN": "Tampico", "cov_": 2014, "cov_id": 2015}, "geometry": {"type": "Polygon", "coordinates": [[[-97.96961919908854, 22.333046820187764], [-97.96776937970616, 22.33273691006122], [-97.9660788599519, 22.33193561976745], [-97.96464138042279, 22.32992670970425], [-97.96439681858848, 22.327942769118856], [-97.96367416879232, 22.32648059990731], [-97.96264045003781, 22.325804509828853], [-97.96135077881186, 22.325606378904297], [-97.9572798003001, 22.326565799284527], [-97.95631544958988, 22.326575630587936], [-97.95378777886607, 22.324856220570673], [-97.95197090857228, 22.324250820414807], [-97.95002890939304, 22.323288380313375], [-97.92514234972968, 22.32484197050291], [-97.90222644920559, 22.326534490101583], [-97.89980332025368, 22.325514489670383], [-97.89647571923452, 22.324820690150514], [-97.89020068945494, 22.323798280223965], [-97.88682610910364, 22.323561020164387], [-97.88314893960711, 22.323017000001293], [-97.86580813879378, 22.324208540631048], [-97.86492250997048, 22.322073539872182], [-97.86449165025894, 22.321563801043673], [-97.85697324678206, 22.32170183008506], [-97.85567253906957, 22.321903427819247], [-97.85240891981267, 22.317297619413587], [-97.8486979404473, 22.306265219459732], [-97.8497047383343, 22.304492829208975], [-97.84958448969569, 22.30413305054755], [-97.85026933837653, 22.301522249806247], [-97.85021571979722, 22.299509969591284], [-97.85237885674285, 22.293960970055522], [-97.85276562938301, 22.292396110554957], [-97.85300113906266, 22.292293599533014], [-97.85412296932184, 22.286426629044307], [-97.85422071940685, 22.283402031664316], [-97.85387005925396, 22.28127385894195], [-97.8578629690076, 22.282086971284258], [-97.85273343307794, 22.275354458783262], [-97.85323356841316, 22.274674819185826], [-97.85204577826619, 22.273911829145934], [-97.85234781998672, 22.273023890017463], [-97.85311434928866, 22.273216940330713], [-97.85445894853932, 22.273950860112237], [-97.85631104946125, 22.27543933889339], [-97.85874984939679, 22.269135599908765], [-97.85944648889209, 22.266830519715853], [-97.85742848816345, 22.26617789024032], [-97.8578938191435, 22.26493697902816], [-97.85720177886357, 22.263590919215762], [-97.85765864900151, 22.262176290604938], [-97.85559273869332, 22.261697510044346], [-97.85683210916763, 22.258421580129557], [-97.85693884863923, 22.257219829426194], [-97.85796081926614, 22.255204969109798], [-97.8582112282455, 22.252169450143924], [-97.85785228970951, 22.24849294025179], [-97.85753714934698, 22.246499369572696], [-97.84554408869897, 22.240188489447913], [-97.84670632035895, 22.237580799831097], [-97.84303702932768, 22.236492829545885], [-97.8440128591274, 22.234000083717124], [-97.83929704859791, 22.232332830476317], [-97.83968004895925, 22.231452319102406], [-97.83638067856359, 22.230139449633853], [-97.83722582016894, 22.226977339648947], [-97.83821384910287, 22.218872660648323], [-97.83769337949244, 22.2124337502587], [-97.83968322938532, 22.20888628067615], [-97.84488829034349, 22.206965829495754], [-97.85128868881846, 22.207489510380086], [-97.86026831867618, 22.21008419892773], [-97.87010617971558, 22.213415049991937], [-97.88307430853133, 22.218994550557845], [-97.89496246113937, 22.22237843686968], [-97.89680636972037, 22.225474450072248], [-97.89783290888964, 22.229706719371276], [-97.90053022023628, 22.231374922210883], [-97.90241888966106, 22.233343449002334], [-97.90426388854424, 22.234658169644984], [-97.90616601439841, 22.235329113004063], [-97.90909145998035, 22.23593127893826], [-97.91641651995312, 22.23848821892399], [-97.91728182910592, 22.23913053974586], [-97.91793965967453, 22.23998583034564], [-97.91819790777409, 22.242027109606873], [-97.91948297958179, 22.243310380619885], [-97.9201476791454, 22.244311400416365], [-97.91998814227051, 22.245631420176], [-97.92028411948124, 22.246004219900016], [-97.91955521945232, 22.24688009058677], [-97.91858296865001, 22.24701268011463], [-97.91842761894674, 22.247677578974145], [-97.91812808988593, 22.24771399906085], [-97.91806757990247, 22.247531139199165], [-97.9171763995082, 22.24802456959636], [-97.91739483008269, 22.249140000017118], [-97.91724661950556, 22.24962877058523], [-97.91691428933068, 22.24990504940069], [-97.91728057917555, 22.250579710228354], [-97.9170818602747, 22.252268540628222], [-97.91679042940824, 22.252593090428725], [-97.91846489168609, 22.252229720272137], [-97.91862524879309, 22.251144249505042], [-97.91917295027217, 22.251557720083596], [-97.92226418033454, 22.250707139287996], [-97.92419084873029, 22.250873620036234], [-97.92567961945649, 22.250678570536525], [-97.92716370878688, 22.251098179514834], [-97.92810046019196, 22.251053140484423], [-97.92952876958904, 22.251574889981658], [-97.93133910937328, 22.252560290041504], [-97.9324321988519, 22.25369463001475], [-97.93421267997853, 22.25418162035725], [-97.93459508853437, 22.254594050045792], [-97.93464324848925, 22.255516570224984], [-97.93540742005273, 22.256443769910618], [-97.93490391888575, 22.257465219512675], [-97.93429442970171, 22.257922369404703], [-97.93301237954455, 22.259912220051373], [-97.93277222081362, 22.262523689021062], [-97.93248856863329, 22.26357158043757], [-97.93182014037696, 22.264540619604176], [-97.93147329208809, 22.266690319980054], [-97.93167813360327, 22.26874112525407], [-97.93117611041434, 22.269557509285143], [-97.93166064963265, 22.27104657057689], [-97.93220564988762, 22.271818690077033], [-97.93418268962469, 22.272651420432663], [-97.94247567883552, 22.277284719769003], [-97.94706734016137, 22.282130750326733], [-97.94854526038345, 22.282524229186958], [-97.94936802967837, 22.283938820666982], [-97.95386294024307, 22.287041980082925], [-97.95552782926102, 22.289529690090166], [-97.95617901870816, 22.29086600013389], [-97.95650324922643, 22.29173906001824], [-97.95670761737637, 22.2938923707355], [-97.95802857014016, 22.2941058001996], [-97.9585764797414, 22.294519150210114], [-97.95990038016349, 22.29432266023224], [-97.9605090890125, 22.293967849384483], [-97.96210629042506, 22.29408056992234], [-97.96661459916581, 22.295441420194987], [-97.96776531029968, 22.29631979952691], [-97.96848005903477, 22.296529220670905], [-97.96946557986197, 22.297406450490325], [-97.9704596495613, 22.29710533994279], [-97.97145811023852, 22.29618944953389], [-97.97420574959636, 22.29791582981596], [-97.97551279931875, 22.298955800265812], [-97.97614385999566, 22.299743109985613], [-97.97880259891481, 22.301615600613765], [-97.98006994018762, 22.301623549950623], [-97.98111496945127, 22.301886199924947], [-97.9827078290547, 22.302613509836895], [-97.9831512166285, 22.302257660188403], [-97.98305325872518, 22.300566290456523], [-97.98273118017394, 22.299385780684492], [-97.98309396870104, 22.298930450067516], [-97.98542225864503, 22.30044192029964], [-97.98593737875238, 22.300375510387934], [-97.98631916982593, 22.30063028024593], [-97.98693884932219, 22.30163498004028], [-97.98842877877266, 22.30003425031379], [-97.98769782044837, 22.299489419910582], [-97.99013322031989, 22.29687007977786], [-97.99266415032588, 22.292774709782684], [-98.00032404900108, 22.297432489980263], [-97.99948084872575, 22.299321779392095], [-97.99832661990506, 22.298987310171515], [-97.99841417928407, 22.300812119587558], [-97.99764662000233, 22.30267848013125], [-97.99834502003755, 22.3030943402355], [-97.9988027992751, 22.30485558012533], [-97.99825712001014, 22.312144549410515], [-97.99894207999475, 22.313855520404836], [-97.99894939881635, 22.314326750413013], [-97.9971542592983, 22.31451577043225], [-97.9954192787658, 22.313690690129427], [-97.99530573885103, 22.311265000423862], [-97.99227200047385, 22.309962419303414], [-97.98913323006798, 22.30716027940091], [-97.98810979977205, 22.30719248992071], [-97.98733782864822, 22.306866089816726], [-97.98673344922666, 22.306037289259415], [-97.98520028015375, 22.30584547984871], [-97.98397990870802, 22.30467125901401], [-97.98245581926872, 22.309350970018567], [-97.98278595024216, 22.31105295020779], [-97.98161319896053, 22.31146672043445], [-97.98110950937051, 22.311953689890945], [-97.97985757908125, 22.312473380101572], [-97.97912323010783, 22.31318245923038], [-97.97874751886124, 22.317309089872715], [-97.97675837880853, 22.31891728038383], [-97.97050973873748, 22.328050220245682], [-97.97045802941307, 22.328453030032275], [-97.97081927947883, 22.329425680121208], [-97.97077014894626, 22.33173868994103], [-97.97040542980835, 22.33289777947973], [-97.96961919908854, 22.333046820187764]]]}}, {"type": "Feature", "properties": {"CVEGEO": "28039", "CVE_ENT": "28", "NOMGEO": "Tamaulipas", "CVE_MUN": "039", "NOMMUN": "Tula", "cov_": 2009, "cov_id": 2010}, "geometry": {"type": "Polygon", "coordinates": [[[-99.65386890965634, 23.282818519688096], [-99.62059159966313, 23.2429429697602], [-99.64563490999261, 23.248780309758754], [-99.62218130992491, 23.22950302969317], [-99.63625214963592, 23.228683919486357], [-99.63629868005701, 23.225804489130237], [-99.61679837966948, 23.22721876914921], [-99.61272158048052, 23.218477488877376], [-99.62211803039314, 23.219149249191428], [-99.64694600018947, 23.220190289554825], [-99.644380109624, 23.21423756886177], [-99.63821765961569, 23.20105656971018], [-99.63256254974121, 23.16905367913795], [-99.61317606009796, 23.170382999179907], [-99.59881582036155, 23.170617679031995], [-99.59566606036047, 23.16077188966391], [-99.59463965953888, 23.14536342934487], [-99.5973045197858, 23.113661798961964], [-99.59604346028236, 23.1123374489337], [-99.55002572049064, 23.11348773910706], [-99.55002078001647, 23.11439381913715], [-99.54169185010464, 23.11472307903903], [-99.52454344970334, 23.10372893969181], [-99.51138042982096, 23.096038889282298], [-99.49944821983023, 23.085533319736832], [-99.5066702004742, 23.059922029521513], [-99.49078327978106, 23.0599504795887], [-99.49055482990295, 23.047200619178685], [-99.48784509035795, 23.034164649264746], [-99.47805504987045, 23.02956944897276], [-99.47338488001353, 23.034513599102375], [-99.47145171972417, 23.03272025931119], [-99.47131582009469, 23.024205429624253], [-99.45981983006489, 23.025003909494682], [-99.46097239961676, 23.019023849734317], [-99.46086636985919, 23.01794999921551], [-99.46366108010447, 23.006090859223328], [-99.47073077957054, 23.008879518970712], [-99.47935311961342, 23.011822149503683], [-99.48627444990272, 23.001225779654686], [-99.47970033982534, 22.98144930976973], [-99.47799747967998, 22.98156448936147], [-99.47418657015133, 22.970166749371028], [-99.49275405042778, 22.952318378947936], [-99.5150603098586, 22.940082629531183], [-99.51289717984031, 22.93552956903186], [-99.5123139401585, 22.932480549399635], [-99.51171041973596, 22.932656289411334], [-99.50971978020834, 22.92883631957111], [-99.54222745024322, 22.92593041888552], [-99.5316369099616, 22.919885309034846], [-99.52108180009688, 22.90218111954733], [-99.51808927967858, 22.89905010969491], [-99.51523938014243, 22.896715149621976], [-99.51352235026759, 22.89334534915211], [-99.51232797999668, 22.892030198964097], [-99.51732545005177, 22.837993939144663], [-99.49957428952041, 22.820603679091725], [-99.51968085036823, 22.809485309531354], [-99.53953119986076, 22.805720779419858], [-99.53596002981504, 22.774892519497968], [-99.53414703005355, 22.768239739672946], [-99.56426496975037, 22.74813408961798], [-99.56410748034726, 22.746025579405746], [-99.53924889017938, 22.72913845966987], [-99.52789255027757, 22.695579619302336], [-99.52562328996001, 22.694524979299523], [-99.52537640023101, 22.69361674946775], [-99.52581928995828, 22.6935461788818], [-99.51675746040505, 22.664436889525213], [-99.51528704959364, 22.66466748956412], [-99.4945363695518, 22.620868629751516], [-99.49583131951162, 22.61992413963411], [-99.51365162996315, 22.615061369482277], [-99.53469191003869, 22.61276464936497], [-99.5606382901543, 22.64122048944483], [-99.66712468995269, 22.675660309612542], [-99.68253545973154, 22.68112470908271], [-99.69198062972002, 22.676846568925267], [-99.70176450994022, 22.673228088925338], [-99.71836926042374, 22.664555318983716], [-99.72408516980632, 22.659608399704176], [-99.7547785796689, 22.656610649320804], [-99.75902085990059, 22.657966429241647], [-99.76222055006869, 22.660219649202265], [-99.76284085997622, 22.661155999429475], [-99.76412128028798, 22.66210905964842], [-99.76558853959676, 22.661670179063314], [-99.76698343005282, 22.66153822918463], [-99.77019117969793, 22.662306969715125], [-99.77197640000638, 22.66299567900776], [-99.77417892047809, 22.66462273924539], [-99.7747615701739, 22.664522539394635], [-99.77550143023231, 22.66482131953112], [-99.77614269047454, 22.66538027900625], [-99.77739011976414, 22.66567396923964], [-99.77888004998873, 22.667143149625865], [-99.77939082978914, 22.66739711917376], [-99.7820322299792, 22.667488059383004], [-99.78324545003696, 22.66841656893743], [-99.78503694040967, 22.66850897954638], [-99.79474598012906, 22.66770301968089], [-99.79731416983736, 22.665049109470612], [-99.79801685030557, 22.66665002959196], [-99.80548584961237, 22.657773138924696], [-99.81402898012357, 22.660765779778362], [-99.84792357027271, 22.678435109568944], [-99.84281900047378, 22.730557199364853], [-99.87268150990991, 22.745452969426267], [-99.88239698027736, 22.74986230953187], [-99.88315371028156, 22.748238889060282], [-99.88450963019159, 22.748422339491785], [-99.89205911029164, 22.74844645947497], [-99.93331342996903, 22.74969821939304], [-99.94547259989915, 22.751420578995944], [-99.95695813970686, 22.751666519447863], [-99.9584893397605, 22.749776799772096], [-99.95914478022543, 22.750043889682612], [-100.02234326025777, 22.72592454969363], [-100.09405993955295, 22.751265169454054], [-100.10192039960371, 22.762792748987447], [-100.09763136986142, 22.76639951898321], [-100.09751605990378, 22.765804369749628], [-100.02938420044791, 22.82439354894313], [-100.04029642038662, 22.895545019072923], [-100.04423908039067, 22.917892399675047], [-100.11038362961868, 22.91671441903194], [-100.1102775797351, 22.943445089191588], [-100.11084695005634, 22.975718969317253], [-100.08942101976315, 22.968757479509794], [-100.0995320797642, 23.007931109614752], [-100.09745531019533, 23.01309096922123], [-100.09491513992911, 23.013841028895854], [-100.09484514991172, 23.01364384970371], [-100.09297344952755, 23.013073279656428], [-100.0922224895415, 23.012573509597377], [-100.09164445022054, 23.011552349433714], [-100.09134279986597, 23.01141156897746], [-100.09111897997445, 23.01154151939038], [-100.08941983031919, 23.01105774912352], [-100.08908351965479, 23.01076930939175], [-100.08759287981312, 23.010869349704777], [-100.08733340037116, 23.010740829254903], [-100.08705541960671, 23.0114605792654], [-100.0863257802184, 23.011068319338534], [-100.08585422990568, 23.010066629009508], [-100.0856901704696, 23.008567749764165], [-100.08410308985556, 23.006844109425177], [-100.08406727953226, 23.0063565493981], [-100.08370159969004, 23.00574779926839], [-100.0824944202364, 23.004618969046405], [-100.08137250957282, 23.003070819357287], [-100.08091733967993, 23.002847369195337], [-100.0804925104558, 23.002007079612145], [-100.07985358039585, 23.00162571939133], [-100.07802894003541, 23.001813339295484], [-100.07828108994475, 23.001132909707717], [-100.07815654970206, 23.000491709192218], [-100.07708888005425, 22.999566649172916], [-100.076743340369, 22.999525229031224], [-100.07418369019113, 22.996670348913884], [-100.07165578019273, 22.99735719912696], [-100.0716351096806, 22.99825905948328], [-100.07130545040152, 22.998827978902817], [-100.07022690985478, 22.999736889765607], [-100.07003308031211, 23.000998198989], [-100.0662164604074, 23.001809999195878], [-100.06618520047653, 23.002896308892492], [-100.06749836974868, 23.008107279740962], [-100.06634492030672, 23.01038370920901], [-100.06470890963809, 23.012370109693528], [-100.06184234027015, 23.011979629656107], [-100.0669028195939, 23.03144621924792], [-100.06654069016632, 23.032798219703686], [-100.06607467951319, 23.033654849478136], [-100.06610776952036, 23.034860649241022], [-100.06581481999575, 23.035357939644772], [-100.06518528015012, 23.035638999011276], [-100.06313130960626, 23.037754599183717], [-100.06284938044516, 23.038186149431223], [-100.06306280046172, 23.03872645919838], [-100.06267518028564, 23.038677479637876], [-100.06209741961574, 23.039843659191785], [-100.0619402901667, 23.040008059300646], [-100.061089849535, 23.040053749345642], [-100.06100006010446, 23.040412019011345], [-100.06067258013387, 23.04054001924293], [-100.0602105502433, 23.04020425949527], [-100.05858974987972, 23.03999939955064], [-100.0542135702189, 23.0419684189915], [-100.05410531033405, 23.042707179293153], [-100.05349856956282, 23.042966449008116], [-100.05374278030274, 23.044247629085053], [-100.05317352045533, 23.04496650919915], [-100.05292897020699, 23.04591674893689], [-100.05219325022375, 23.046319279539606], [-100.05191594046353, 23.04679224966658], [-100.05144364966966, 23.04670676953918], [-100.0512258797176, 23.04720330906783], [-100.05055135048723, 23.047259519156718], [-100.05023998032648, 23.04822536962662], [-100.04882641966023, 23.04879784886675], [-100.0484705800896, 23.0491369694235], [-100.04796522010463, 23.050366819626475], [-100.04751046018247, 23.050648199633642], [-100.04669968015791, 23.05058536975914], [-100.04589514034518, 23.051017289136663], [-100.04514405988908, 23.051850539160693], [-100.04436697957597, 23.051804419502268], [-100.04370780042878, 23.052316579293738], [-100.0427229703512, 23.05241421889233], [-100.04258823004336, 23.05273064896508], [-100.04132771016661, 23.05238457903125], [-100.04045285992419, 23.051825449018455], [-100.03952679983612, 23.05286551927905], [-100.03926114972718, 23.052898549212255], [-100.03899680018425, 23.052208889147956], [-100.03815158035206, 23.05261447930857], [-100.03793419992276, 23.052254119168325], [-100.03749360041017, 23.052226119551474], [-100.03689517027954, 23.052407219295734], [-100.03694683020905, 23.05298807937122], [-100.03611337982733, 23.052910659100036], [-100.03587371014794, 23.053232549088257], [-100.03517055017198, 23.053029968884086], [-100.03470969031605, 23.053441769652867], [-100.03410820008092, 23.053260369486313], [-100.03364762036975, 23.05361887976495], [-100.0332016500083, 23.053719979441272], [-100.03270057045545, 23.05350616944537], [-100.03234530966664, 23.053772938912957], [-100.03172385987627, 23.05341231935131], [-100.03147281998739, 23.053606569307437], [-100.03159079953633, 23.054178309744657], [-100.03009680027759, 23.054579079438444], [-100.02941814045245, 23.055209319172622], [-100.02914933956038, 23.054812999545074], [-100.02881453961264, 23.054766919135897], [-100.0284059796833, 23.05555716946581], [-100.02775010972528, 23.056079339504294], [-100.02752304995643, 23.0555526597227], [-100.02699725999825, 23.055845179615176], [-100.02691609013249, 23.056171199475866], [-100.0277231199259, 23.057003109371912], [-100.02641723047269, 23.057683059262796], [-100.02679691987582, 23.058002859372177], [-100.02725289031719, 23.057856109536015], [-100.0270644601045, 23.058380849540157], [-100.0271861497428, 23.058749029717863], [-100.0263820598574, 23.05870754935554], [-100.02595923003105, 23.058934719756362], [-100.0260255401058, 23.059313689560835], [-100.02515625976096, 23.05942699889425], [-100.02407484963321, 23.059103689387445], [-100.02415711002888, 23.05967259977245], [-100.0238182197031, 23.059720199747538], [-100.02385926034825, 23.060321949233078], [-100.02368102045322, 23.06047419961165], [-100.02333443012203, 23.060198218948404], [-100.02313295018904, 23.059501228999245], [-100.02262392045188, 23.05962530956667], [-100.022385150424, 23.060177199605963], [-100.02160854016252, 23.05946951899815], [-100.02125695046875, 23.059763749511024], [-100.02120783013363, 23.06023299975492], [-100.02049509010577, 23.05974277966527], [-100.01954956986657, 23.060160909758896], [-100.01895056970206, 23.060077478892147], [-100.0189678497505, 23.060462949230313], [-100.01840531975327, 23.06067096930982], [-100.0174976895981, 23.05986281912389], [-100.0172389199308, 23.060008249114244], [-100.01681102953211, 23.059433649235178], [-100.01558514007591, 23.058660629359142], [-100.01518697013016, 23.05884791923136], [-100.01431253993351, 23.058832119055335], [-100.01354556997906, 23.058530619566607], [-100.01269158013997, 23.058893319560113], [-100.01239974984095, 23.05944136908131], [-100.01245951018483, 23.060433879200065], [-100.01187768980448, 23.060921999300046], [-100.01207600033365, 23.061549829604377], [-100.01176354023934, 23.062015849098504], [-100.0119340298869, 23.062738949132807], [-100.01140895009513, 23.06321110956411], [-100.01146534038779, 23.063585179256712], [-100.01125222021385, 23.063920579438303], [-100.01135512003002, 23.065359349406435], [-100.01157769021864, 23.06560288923963], [-100.0690291102646, 23.095941779635993], [-100.0693788588926, 23.096856719908967], [-100.02157628005261, 23.10775891917279], [-100.0164624304091, 23.108762550653303], [-100.00477814006653, 23.123718569583918], [-99.99436714983959, 23.151823910316615], [-99.99502911977893, 23.15271448897597], [-99.99136103005655, 23.159580000278755], [-99.98863062900965, 23.16711783008885], [-100.00363887921843, 23.163252950303033], [-100.0038036603065, 23.164922598943626], [-100.00233183007678, 23.186751280341372], [-100.01843226024346, 23.183707949130017], [-100.0196419386889, 23.193121919182254], [-100.02042123034944, 23.20770032049108], [-99.98160571042473, 23.210630889488165], [-99.97805839970076, 23.21061228901591], [-99.96521150977095, 23.211720939083037], [-99.96574915022066, 23.24296841886942], [-99.94740023005856, 23.241421549507674], [-99.91877040031143, 23.19959501906869], [-99.92104669035555, 23.196784709095184], [-99.90818013963106, 23.18168891905316], [-99.89703263031582, 23.14167196968763], [-99.86557483023513, 23.158747648955238], [-99.85369010987587, 23.140846289013083], [-99.84084359979869, 23.147852309537466], [-99.84182229029935, 23.15679133899891], [-99.8421516499939, 23.156742419196533], [-99.85698855028707, 23.167005919070952], [-99.85809893984414, 23.172131709216185], [-99.86353121981347, 23.192842399549594], [-99.86541269006173, 23.217155859657144], [-99.84825751970025, 23.21897054888764], [-99.82993396965726, 23.224145619059087], [-99.83038197048455, 23.21979104954552], [-99.82589279963459, 23.218231849732508], [-99.82556097039388, 23.21576656916621], [-99.8201638197181, 23.214782349608296], [-99.80032444958897, 23.225651939650266], [-99.80160816967158, 23.179685258924305], [-99.74936754045629, 23.17063510934314], [-99.74923846034454, 23.18089288890291], [-99.74817346040915, 23.19837674958515], [-99.72729448998146, 23.19751236931893], [-99.72986582984409, 23.17773501887278], [-99.71607834016633, 23.160915829150362], [-99.71015087963647, 23.212086178872212], [-99.69456040030616, 23.266762799341702], [-99.69282011028197, 23.277251049664226], [-99.6557077502078, 23.273107978921136], [-99.65588023027907, 23.2825641095781], [-99.65386890965634, 23.282818519688096]]]}}, {"type": "Feature", "properties": {"CVEGEO": "28040", "CVE_ENT": "28", "NOMGEO": "Tamaulipas", "CVE_MUN": "040", "NOMMUN": "Valle Hermoso", "cov_": 2006, "cov_id": 2007}, "geometry": {"type": "Polygon", "coordinates": [[[-97.90176474003374, 26.056747969027207], [-97.90112031997883, 26.055825309641786], [-97.9010047997209, 26.054805049236485], [-97.90137942022821, 26.05480196917212], [-97.90254773981079, 26.051018619267374], [-97.90138742999814, 26.050595149467867], [-97.90023504961623, 26.05061610903723], [-97.90034790973121, 26.047168078902658], [-97.90098851953212, 26.04721021927246], [-97.9006027197329, 26.045513338889428], [-97.90601061959784, 26.04570565932396], [-97.90547827986944, 26.040992738984098], [-97.9061133101769, 26.040141938928034], [-97.90262605042068, 26.02881942942943], [-97.90805501966118, 26.026674219280157], [-97.90550716989642, 25.991598349400743], [-97.90702656970498, 25.9915846188115], [-97.90657871037642, 25.96385162911431], [-97.91671948972783, 25.963783429268236], [-97.91638085763311, 25.933968370034314], [-97.89014494003334, 25.92629311921789], [-97.8809343998956, 25.923240709082304], [-97.86099775035434, 25.91737442939648], [-97.82321078012492, 25.893208949706143], [-97.82220331000529, 25.893075949347825], [-97.82123518025465, 25.89338047958914], [-97.80555510987561, 25.902387819444712], [-97.80533006010695, 25.901784679220967], [-97.80535627990217, 25.89458679947882], [-97.80515665013056, 25.89346150960658], [-97.80451898028461, 25.892129479377427], [-97.76867054040628, 25.85047314907739], [-97.76562179978305, 25.84777933970148], [-97.76310377989844, 25.844059739509827], [-97.73715679955686, 25.813869689459295], [-97.73577231004606, 25.8126727992338], [-97.73606193992585, 25.800485819218135], [-97.73598923006709, 25.79313784900935], [-97.73616384963444, 25.792989089630495], [-97.73622334959424, 25.789438369241775], [-97.73607215013998, 25.765995848917804], [-97.7363377395493, 25.752528219582118], [-97.73606393985024, 25.75242667957972], [-97.73624344970257, 25.723501949046813], [-97.73607744980025, 25.624295169055383], [-97.73659262000547, 25.594503799050475], [-97.73658308968649, 25.58536291895409], [-97.73627638029706, 25.584747429300357], [-97.73619661992909, 25.57634364968344], [-97.73662607982793, 25.53120193962215], [-97.73659480024024, 25.50398373912705], [-97.78407843010933, 25.504072459276692], [-97.7850643495513, 25.503796419659263], [-97.78644368955479, 25.504054779666326], [-97.80607437048972, 25.504146289053278], [-97.82579304999763, 25.504004648888237], [-97.84557601975608, 25.504227909488996], [-97.86512628969618, 25.504166818967185], [-97.86603995010016, 25.504503749366773], [-97.86599028981398, 25.504181479083876], [-97.88581850956804, 25.50420941894739], [-97.88580514018504, 25.507259799518334], [-97.91601192038698, 25.507126198864373], [-97.9195761698192, 25.507600569435827], [-97.93951581974204, 25.50749607932629], [-97.93975736969577, 25.516061859193734], [-97.93955003045843, 25.51660961963597], [-97.93958210995837, 25.552320719661967], [-97.93930994981152, 25.573856688828794], [-97.93950922956174, 25.575705889429287], [-97.93947538048198, 25.615726849451267], [-97.95932648046177, 25.615691779628712], [-97.95940668963111, 25.623931619362452], [-97.95994410957655, 25.624010519466708], [-97.95941495012464, 25.626286879672556], [-97.95951301998693, 25.630222939174764], [-97.95932010958128, 25.633609289332266], [-97.96098746030438, 25.633602109373726], [-97.96115648019088, 25.635906338863318], [-97.96148810984796, 25.650196779587713], [-97.96177041953851, 25.65145305938276], [-97.96155251961845, 25.65190424954055], [-97.96152840010168, 25.653655139068462], [-97.96212998049486, 25.684399368866288], [-97.96920038036987, 25.684455449432807], [-97.9757539501868, 25.68416824912576], [-97.9793156002381, 25.6843508796791], [-97.97929219985596, 25.686841709515157], [-97.96188099968174, 25.68677670913967], [-97.96197047967289, 25.718571259242488], [-97.95986761972901, 25.718694059245472], [-97.95969152051244, 25.719608398959853], [-97.95501278018708, 25.720235519626453], [-97.94904149049636, 25.72137017946658], [-97.94897334977796, 25.726935829491232], [-97.94929192021624, 25.739684089560342], [-97.9489857201787, 25.755237368898047], [-97.94943072044332, 25.755734858907477], [-97.94938213964551, 25.757517348993982], [-97.93404251022872, 25.757431109392346], [-97.93416956968369, 25.769924059508828], [-97.93377634036969, 25.771217479189133], [-97.93393513996466, 25.77186594895024], [-97.9336216198857, 25.805352979692923], [-97.91948122047971, 25.805524819057993], [-97.91907680018795, 25.861087749322138], [-97.9374653398525, 25.86109104917432], [-97.93751285048897, 25.8679640588507], [-97.93748462952588, 25.868114718988412], [-97.93592536996917, 25.86812487922788], [-97.93591931033313, 25.87959379961272], [-97.92932882043439, 25.879601969364288], [-97.92933451985314, 25.884765849550767], [-97.91948391042047, 25.88472519885232], [-97.91957880028781, 25.895695718892274], [-97.92940939999035, 25.89575131917153], [-97.92948774989843, 25.931488089589322], [-97.92818081984905, 25.935256879199947], [-97.92242833964274, 25.93356544933814], [-97.92186868031915, 25.93720202961832], [-97.92208805996299, 25.946771799674973], [-97.92248094047784, 25.946814179664763], [-97.92253632048521, 25.955089449054608], [-97.92236326008754, 25.959705819490683], [-97.92218848981224, 25.959704419552835], [-97.92221323018177, 25.966611309234622], [-97.92251868995686, 25.966652948837822], [-97.92259675020547, 25.96767973889141], [-97.91676500021984, 25.96762662958734], [-97.9168546901639, 25.991116048868065], [-97.91257020031784, 25.99110665887949], [-97.91250135040686, 25.991535018910557], [-97.91359310971903, 26.006088148846324], [-97.91271111971605, 26.00668933904006], [-97.91424200007714, 26.029916948869925], [-97.90824397021144, 26.031127178852035], [-97.91293675007007, 26.05326234944134], [-97.9076366200909, 26.05219014880704], [-97.90829047993296, 26.057499939340847], [-97.90394879982259, 26.06029276917351], [-97.90215994022036, 26.060925889260176], [-97.90176474003374, 26.056747969027207]]]}}, {"type": "Feature", "properties": {"CVEGEO": "28041", "CVE_ENT": "28", "NOMGEO": "Tamaulipas", "CVE_MUN": "041", "NOMMUN": "Victoria", "cov_": 2004, "cov_id": 2005}, "geometry": {"type": "Polygon", "coordinates": [[[-99.216409248825, 23.983096510355917], [-99.21461339895167, 23.98254538047456], [-99.21328400029496, 23.981174750435194], [-99.21226260013952, 23.98059451030881], [-99.20489205877864, 23.977707289594758], [-99.20371908947433, 23.977737659363356], [-99.2012225095317, 23.979512819234323], [-99.19965805003967, 23.9799882600094], [-99.19806254864262, 23.980031049829872], [-99.19631130903292, 23.979605919334308], [-99.19371637006113, 23.978042139668553], [-99.19147548896983, 23.973846580025807], [-99.18864528001438, 23.969504170378354], [-99.16745116988834, 23.94146254025608], [-99.17088171909688, 23.939959370626333], [-99.17172974019601, 23.941369029113716], [-99.17734617992332, 23.93851664969908], [-99.17124691971594, 23.92837590895281], [-99.16950144893767, 23.929379720005635], [-99.16097322036005, 23.915408679241157], [-99.17415231932539, 23.908574599190125], [-99.17148521858151, 23.904159629455048], [-99.1545986790567, 23.912789679018577], [-99.15601934896448, 23.91516957054797], [-99.1547879489784, 23.91457831931948], [-99.15245405002882, 23.91465090979934], [-99.14467631860025, 23.911471519316997], [-99.1516988589111, 23.908007718919745], [-99.14790697866047, 23.901701939894558], [-99.14028762026913, 23.901835369217277], [-99.13867308969677, 23.902643060021987], [-99.13769496896796, 23.90091305022617], [-99.13592044859352, 23.89988771033564], [-99.0972708201127, 23.84880552046237], [-99.07708174857362, 23.827741490177402], [-99.03658278039518, 23.786247599075505], [-98.96985256943739, 23.717192019985582], [-98.97013944982267, 23.701961090636168], [-98.95783055045545, 23.701726720144663], [-98.9502991095155, 23.685798119671094], [-98.94580247853291, 23.687588509787673], [-98.9469681102453, 23.690056678895285], [-98.94499968949289, 23.691440690578045], [-98.94087324981338, 23.687203879164574], [-98.94335145008152, 23.687823890067918], [-98.9443219497758, 23.687807308905356], [-98.94538640024557, 23.68738444901097], [-98.94448324982275, 23.670633279319635], [-98.95329399956734, 23.654907860086766], [-98.9432584603423, 23.650033829227823], [-98.94323113963924, 23.649117059318762], [-98.96729985990424, 23.628550538924856], [-98.9963016600139, 23.60323482946058], [-98.99888561980855, 23.605744080110156], [-99.0287949800835, 23.58039476955761], [-99.02432702991244, 23.572546229537082], [-99.02394701997889, 23.569580199446317], [-99.03140654994247, 23.563095059223922], [-99.03302477000983, 23.57154239999263], [-99.04128066035084, 23.564588569649295], [-99.03621822011827, 23.542361650642547], [-99.06315494021302, 23.518934570598518], [-99.09324056877912, 23.517969850555037], [-99.09503894882022, 23.517729370114406], [-99.09200147893878, 23.50265422021227], [-99.0927257204758, 23.48566393947719], [-99.11334882970003, 23.486078599931425], [-99.11464611997846, 23.46510934026176], [-99.12203170870967, 23.4464804603004], [-99.13268422857699, 23.446506089552578], [-99.13603594032811, 23.444918568906395], [-99.13783511917387, 23.44366014931692], [-99.14179005932623, 23.423227029812523], [-99.14892219965591, 23.42855762917646], [-99.14877428031166, 23.409100290140298], [-99.13067384982809, 23.40653088018153], [-99.12681688989913, 23.396140398957243], [-99.15631679983201, 23.397552429311386], [-99.16383225030164, 23.406185108999892], [-99.16755108951257, 23.409388019241838], [-99.17050531003399, 23.410482999521577], [-99.17902532030486, 23.41769093932796], [-99.18034767966435, 23.419099219399953], [-99.18097682009825, 23.41991488948787], [-99.18111254044226, 23.420675859071274], [-99.18028619978513, 23.423372179524925], [-99.1783129700714, 23.426404379157177], [-99.17871001983798, 23.427849509245206], [-99.18044790995377, 23.429303079110646], [-99.18378938008965, 23.430712339152493], [-99.1845669796226, 23.43061468886618], [-99.18492545022708, 23.43032421915169], [-99.18516359968042, 23.42955088921522], [-99.18479048046396, 23.42699117936396], [-99.1848942498541, 23.426299949638395], [-99.18567248011222, 23.425967519230653], [-99.18670578047075, 23.425911109290055], [-99.19215357967417, 23.427438539355023], [-99.19516613983397, 23.429109819350586], [-99.1986533403643, 23.43195310924459], [-99.19986496966847, 23.432225369350196], [-99.20082328951602, 23.43214130924865], [-99.20152667953626, 23.431781348863364], [-99.20371408997977, 23.42875670909065], [-99.20530010977615, 23.427857709107723], [-99.20599953977658, 23.427801628873674], [-99.2069908301274, 23.428034029723577], [-99.20828743014337, 23.428793718863083], [-99.20913751023618, 23.429783419643247], [-99.2111031102679, 23.431285059227285], [-99.21442446027369, 23.433395369508784], [-99.21717828964636, 23.434524149535637], [-99.21954718030872, 23.434831749441575], [-99.22512275014498, 23.43356259960574], [-99.22839482981502, 23.432498939708886], [-99.22947588022454, 23.43296699934692], [-99.2344954302179, 23.431926479258514], [-99.23582674996722, 23.43209024890243], [-99.23678474951768, 23.4325445191843], [-99.23808662991496, 23.434557449373944], [-99.23865575017572, 23.43497091960751], [-99.23937663022899, 23.435236579285604], [-99.24063478023204, 23.43524847947379], [-99.2438657199046, 23.43463448925426], [-99.24715075006789, 23.4328712595664], [-99.24819661986551, 23.43177137914707], [-99.2491483699838, 23.43133059908051], [-99.24924257986117, 23.42726748955694], [-99.2543427095915, 23.45651614974441], [-99.2553876795898, 23.466053259084113], [-99.25372030972586, 23.477909449305717], [-99.25881091975482, 23.484666489091914], [-99.27458857044323, 23.527085369768283], [-99.27877167956271, 23.535073079737572], [-99.2839098801087, 23.567877309216062], [-99.28064334995135, 23.568854049535847], [-99.2868317996714, 23.60818587885902], [-99.28731587962739, 23.617083779416674], [-99.28116220045438, 23.616609308909887], [-99.26117614008727, 23.613511218889762], [-99.25439502007818, 23.631306909428556], [-99.25854328962929, 23.64542030906689], [-99.28735003047757, 23.63466502886635], [-99.28719110985004, 23.656862429620414], [-99.27094457034127, 23.672775349008063], [-99.28015156956836, 23.678754018946847], [-99.30679686009624, 23.682872179634497], [-99.30511784992673, 23.708442798992838], [-99.30455692038764, 23.710209369210727], [-99.30639711008244, 23.72657190917015], [-99.31573890952694, 23.747519619670218], [-99.32271337968984, 23.758315458961885], [-99.32227699987489, 23.758791979702607], [-99.32599254962055, 23.7661051197365], [-99.32425316954925, 23.76945984965042], [-99.30371468996047, 23.77417571925086], [-99.29846555035247, 23.777541509419713], [-99.2925454004659, 23.782308419188272], [-99.28673925972755, 23.783215719712096], [-99.28379210983078, 23.78791627894521], [-99.30574614968701, 23.821956109228054], [-99.32700022032431, 23.821912719544436], [-99.35028482970183, 23.82140328920037], [-99.35195836952055, 23.824310369607495], [-99.35268530987355, 23.8261495397218], [-99.35389759901082, 23.833860120180297], [-99.35864633891204, 23.859215510496682], [-99.37296714934968, 23.881590290637806], [-99.37900945027332, 23.883497948903194], [-99.36877130967675, 23.893702780306526], [-99.35460037925895, 23.892337308972422], [-99.33351607944705, 23.895257799474564], [-99.31547450954572, 23.89800447943175], [-99.29234885910306, 23.908590109515032], [-99.3022256587306, 23.912820320282567], [-99.30251848866597, 23.91280105997508], [-99.30280611026991, 23.910847420644114], [-99.30418968931212, 23.910913259039443], [-99.30485782019734, 23.913578400247676], [-99.30557222911088, 23.91293414908134], [-99.30668427879266, 23.912831419359517], [-99.30723616966687, 23.914528949914416], [-99.30731231958215, 23.91436567933255], [-99.30770104946902, 23.914629108985473], [-99.30781068036406, 23.91523513941771], [-99.30917648016012, 23.915988350291627], [-99.30650788961181, 23.919016549963935], [-99.30465271045432, 23.92032128948739], [-99.30011916872884, 23.920672370201473], [-99.2985061685261, 23.921749659608935], [-99.29677170870981, 23.92230717981919], [-99.29433834912979, 23.924367149993593], [-99.29379123047215, 23.9251320595526], [-99.28831205924554, 23.92785843002915], [-99.28649108898881, 23.929492970224718], [-99.28522813947542, 23.930075909812327], [-99.28334210856634, 23.93261693984011], [-99.28287739948595, 23.934442690497015], [-99.28108628008452, 23.937043419541624], [-99.27829676959017, 23.941994380631943], [-99.2731911488625, 23.94587930997589], [-99.27220197932972, 23.94832504931719], [-99.27011254956572, 23.95091855007775], [-99.26921650854617, 23.953437078832106], [-99.26923944883704, 23.954508280637732], [-99.26995465005874, 23.956529979782704], [-99.26983384939268, 23.957077520069728], [-99.26942824852176, 23.95757760060515], [-99.26885976952684, 23.958043399455125], [-99.26699413968076, 23.95856962036694], [-99.26600970935301, 23.959377170514635], [-99.26462433951063, 23.960026180056158], [-99.26196912013917, 23.960653579819937], [-99.2605539701255, 23.960721049811042], [-99.25581174005225, 23.958329939141723], [-99.25500976942995, 23.9582968499709], [-99.25199401918098, 23.957488950409214], [-99.25101535029471, 23.959050339345772], [-99.24840733981029, 23.960469769900634], [-99.24727030924255, 23.961459379349982], [-99.2466705799685, 23.96224480003832], [-99.24569545977745, 23.96526776919846], [-99.24452731939799, 23.96663504975921], [-99.24304237911333, 23.967799490532286], [-99.24009012040466, 23.968662369878988], [-99.23936352004564, 23.96918457052744], [-99.23792844990945, 23.973461120000287], [-99.23725300028401, 23.97436840040969], [-99.23601589030312, 23.974956709109833], [-99.23129214028953, 23.976406279558567], [-99.22976528984005, 23.9772614600791], [-99.22819921898255, 23.977832449467265], [-99.22696128031798, 23.977994200625012], [-99.22617013888, 23.97750044943689], [-99.22548405989231, 23.97751763019946], [-99.22507993982676, 23.97780905010267], [-99.22492253908634, 23.97839099999767], [-99.22278205891287, 23.98052491987263], [-99.21897492034478, 23.983002349690903], [-99.21803464859093, 23.983233910602035], [-99.216409248825, 23.983096510355917]]]}}, {"type": "Feature", "properties": {"CVEGEO": "28042", "CVE_ENT": "28", "NOMGEO": "Tamaulipas", "CVE_MUN": "042", "NOMMUN": "Villagrán", "cov_": 2033, "cov_id": 2034}, "geometry": {"type": "Polygon", "coordinates": [[[-99.29492848970862, 24.80414370929494], [-99.212885480384, 24.771674848837563], [-99.19767969008475, 24.731648969093328], [-99.18231757992123, 24.73737465888647], [-99.18992771042808, 24.629549429343403], [-99.18733251962905, 24.629175709382256], [-99.18738678037792, 24.627988748898638], [-99.1882341998437, 24.62823930896458], [-99.18899860018115, 24.628077219657794], [-99.19011768026698, 24.6282763690527], [-99.19130797955776, 24.628754599205546], [-99.19203485985673, 24.628295488841466], [-99.19342882047202, 24.625637619514908], [-99.19512008011131, 24.625676909110666], [-99.1975064896173, 24.600944678894393], [-99.14738231969893, 24.599506889249863], [-99.15584772035768, 24.59208473948105], [-99.15706023021903, 24.591515289108692], [-99.17962585959515, 24.584317119351418], [-99.17297757965285, 24.573202059402437], [-99.17413048963707, 24.571647849570994], [-99.17594023013814, 24.5711367393001], [-99.17644819965446, 24.569227309452064], [-99.17612160001045, 24.568040029328994], [-99.17701760002497, 24.56408121949823], [-99.17579157039357, 24.559604119561303], [-99.17694725975491, 24.558296519706925], [-99.17694805957859, 24.55726356952758], [-99.17762645951443, 24.55643764913452], [-99.17802941992018, 24.554762259395126], [-99.18081574957449, 24.55409847968565], [-99.18144390980345, 24.5532497495858], [-99.1830508796256, 24.55237851960877], [-99.18473201997557, 24.552723939416243], [-99.1861128603811, 24.552196969592483], [-99.18971128004739, 24.552972688999528], [-99.19077651974442, 24.55148671920956], [-99.19272394039751, 24.550211799173397], [-99.19276729049271, 24.548175649334006], [-99.1938310198631, 24.5457564189925], [-99.19303876987874, 24.54367896947476], [-99.19289765034632, 24.542448939667324], [-99.19456586009362, 24.54079248918737], [-99.1947068896412, 24.537466289586817], [-99.19728589000782, 24.535131379189817], [-99.19693325969001, 24.46837691919224], [-99.20419703034064, 24.468209419362882], [-99.2056236799895, 24.468011769178514], [-99.24466400047335, 24.40970682945507], [-99.24601373980633, 24.409283599572262], [-99.24982562030267, 24.4088214188503], [-99.28024309005244, 24.405587289301813], [-99.2964330904144, 24.404074479133445], [-99.31128909019829, 24.403008819423114], [-99.31224405005585, 24.401734909201174], [-99.3121117800912, 24.40259224896393], [-99.33513980019777, 24.400373799682228], [-99.36481495044835, 24.404641349246347], [-99.36561790974824, 24.399674878969986], [-99.40823185044219, 24.405500219223892], [-99.41598771023229, 24.373839399449377], [-99.41731567971672, 24.373563109373926], [-99.41776312024659, 24.373019879210695], [-99.41876347986877, 24.37294234968873], [-99.4189693403721, 24.37340908892922], [-99.41939757951047, 24.373239739305003], [-99.42060567972804, 24.374189519189795], [-99.42117618046726, 24.37383281910271], [-99.42183133972236, 24.37431699935994], [-99.42303782992236, 24.374780878956617], [-99.42608179956775, 24.37795859896892], [-99.42612562038143, 24.37881821947307], [-99.42710945973877, 24.379880749087935], [-99.43053875027528, 24.37936648920699], [-99.43074602986076, 24.38026302920173], [-99.43152338015203, 24.380615949325218], [-99.43352240025794, 24.379937398956123], [-99.43525813968328, 24.37989514895615], [-99.43587197971748, 24.380211049690494], [-99.4364733096074, 24.379704799228247], [-99.43780283026824, 24.38029897944716], [-99.43794210961806, 24.379233278893743], [-99.43828910992254, 24.37917628919928], [-99.43949504963385, 24.379695819467663], [-99.43998428003114, 24.379208689336853], [-99.44067885023999, 24.379262769254314], [-99.44186577959778, 24.379969578982074], [-99.44239988989364, 24.379840149481], [-99.44243574044252, 24.3794072495245], [-99.44329236978353, 24.37921770950589], [-99.44582702022396, 24.379409349229945], [-99.44718721972373, 24.379258999601387], [-99.44743167952674, 24.379820509283892], [-99.44773982000585, 24.37984353920779], [-99.4486316902108, 24.379586749704597], [-99.44932511978271, 24.37898653894439], [-99.44972844952099, 24.37901939953851], [-99.45029437031688, 24.379467599560837], [-99.45101614022481, 24.379430419676982], [-99.45251354974428, 24.38126464941024], [-99.4534048899507, 24.380501429102758], [-99.45393747959085, 24.38058302921712], [-99.455987630049, 24.380145719148548], [-99.4558986496177, 24.37887982902558], [-99.45655224990195, 24.378015429432605], [-99.45762420014233, 24.37780176965132], [-99.45772771038928, 24.377275549703334], [-99.4583837502104, 24.376659689454613], [-99.45892289035164, 24.376462428986965], [-99.4623824597054, 24.37644202962419], [-99.46369637952475, 24.37671530919834], [-99.46544922014, 24.37597313971366], [-99.46897552047558, 24.374892149586366], [-99.46950485992875, 24.375037549400634], [-99.46970983000311, 24.375478218845153], [-99.47167808002287, 24.375326449564255], [-99.47324094983892, 24.374512619029765], [-99.48028127990396, 24.374687539227132], [-99.4804942004656, 24.375166179687064], [-99.48189398001365, 24.3766412497382], [-99.4820512902828, 24.377554308978283], [-99.48061917984249, 24.37686384945159], [-99.48045432048924, 24.377541739352964], [-99.48071092048352, 24.37791005890931], [-99.4818932604149, 24.378109259441487], [-99.48502138030615, 24.37719804890994], [-99.48696905989723, 24.377511998995388], [-99.48706089012448, 24.378876659476692], [-99.48604750997734, 24.381949919096915], [-99.48643996963341, 24.383001629530412], [-99.4889817502464, 24.383541249440757], [-99.4906963703254, 24.383310749000227], [-99.49289285982107, 24.384618118986452], [-99.49472390982453, 24.38450081970461], [-99.4973049400164, 24.38327554889482], [-99.49885584953326, 24.383445059708297], [-99.50229458029591, 24.38340914938924], [-99.50405202975561, 24.38406199902819], [-99.5057703804216, 24.386485689268703], [-99.50632434047388, 24.38696491968269], [-99.50763956986773, 24.387323709375163], [-99.51167095010234, 24.3871082492174], [-99.5124152799376, 24.38761973959773], [-99.51452393951757, 24.38818179895849], [-99.5168259200777, 24.386943969362765], [-99.51865674992371, 24.38824117912208], [-99.519157460391, 24.388037429134393], [-99.52017701971742, 24.38717124937636], [-99.52125108964835, 24.38494622940599], [-99.52790483030034, 24.38533448897158], [-99.53283451968908, 24.38594102913389], [-99.53262314049871, 24.387259219196586], [-99.57334429002259, 24.39272861948385], [-99.57742321976426, 24.392548978867925], [-99.57758505043839, 24.397558829372414], [-99.58993111000777, 24.396142369679268], [-99.61153349029551, 24.452760769663396], [-99.61728725975821, 24.463995579407182], [-99.6141189704338, 24.475835909263374], [-99.60851663027535, 24.47582253888016], [-99.60970111002631, 24.4839159095428], [-99.61097995008916, 24.482037349496984], [-99.61343853978109, 24.48223571897309], [-99.61000738043406, 24.5022165692089], [-99.60843428991008, 24.50198902913812], [-99.6071539700133, 24.502260598920405], [-99.60632711010044, 24.5020042492917], [-99.60600028961723, 24.502163619063936], [-99.60592147978909, 24.503035459023792], [-99.60786732007253, 24.505615168950172], [-99.60933118027955, 24.50542221944056], [-99.60801545024096, 24.51437364944822], [-99.59824812007146, 24.512669849191088], [-99.58707641962285, 24.51917862908978], [-99.58135175018184, 24.523442679105372], [-99.57749948990579, 24.526845048961746], [-99.57745828958153, 24.5291450489125], [-99.57704105978654, 24.530298969035066], [-99.57721679994039, 24.530751118862668], [-99.57691255006232, 24.531056549723356], [-99.575924110041, 24.53096530957521], [-99.5755125102393, 24.531585889422406], [-99.5746057400035, 24.53210810926708], [-99.57366718046862, 24.53222074957136], [-99.57281345014192, 24.532791079050458], [-99.57186158032059, 24.53310427967937], [-99.57081098004382, 24.533198369669297], [-99.56960768042286, 24.53375588902839], [-99.56963274037903, 24.533989719017878], [-99.56878934015373, 24.53458173936261], [-99.56814640043017, 24.53413979951972], [-99.56745011970159, 24.53436674906816], [-99.56618011037607, 24.533668949275516], [-99.56574501956409, 24.53374356956004], [-99.56919842979217, 24.536023019588175], [-99.57305911951966, 24.543152739471157], [-99.57435777971027, 24.544820199392884], [-99.57567883034986, 24.54573210914997], [-99.57820651049052, 24.5465689392107], [-99.57718351951851, 24.547297398970887], [-99.5752761498197, 24.547733479031447], [-99.57452719976258, 24.54752739908198], [-99.57366013987215, 24.548205349656588], [-99.57268621968569, 24.54721333953835], [-99.57304283014975, 24.545999519192854], [-99.57276815014696, 24.54569799888049], [-99.57226402973446, 24.546178568991117], [-99.57166614981358, 24.5452596293443], [-99.57005246039817, 24.54465699962059], [-99.56840837955009, 24.543558019041587], [-99.56728378018309, 24.54326888962053], [-99.56609830985559, 24.543689488926688], [-99.5644928595135, 24.545218019197467], [-99.56261067970814, 24.544930318938007], [-99.56078624997302, 24.54552657929074], [-99.55516459996656, 24.54419656899694], [-99.55473027994778, 24.543215909596764], [-99.55339777013725, 24.54306119904739], [-99.54825837011659, 24.544296339448408], [-99.54472738049982, 24.54117462918192], [-99.54266214991002, 24.53906245922626], [-99.5404144000219, 24.538084179251815], [-99.53848107981449, 24.538361199287223], [-99.53609385992954, 24.539327459329225], [-99.53526517037284, 24.540312659353138], [-99.53597407981889, 24.542741319119692], [-99.53387948982578, 24.544374849599883], [-99.53249795017892, 24.54469128973237], [-99.53176646011451, 24.54544573933362], [-99.53093735041519, 24.545649598985175], [-99.53025585023595, 24.546600739263283], [-99.5296468000976, 24.548739348892738], [-99.52846742047123, 24.549455689682063], [-99.526425200494, 24.54985368925364], [-99.52573005008053, 24.5483139796879], [-99.52505349021209, 24.54812667914899], [-99.52483785979925, 24.548977199238944], [-99.52116397986795, 24.54906901899112], [-99.52013622950724, 24.549979569728805], [-99.5190115102908, 24.550077819302693], [-99.51803734035278, 24.55112897959077], [-99.51701539977785, 24.55170894920769], [-99.51545872009348, 24.55215625973426], [-99.5140247402675, 24.54977908886048], [-99.51264923031725, 24.54850670933875], [-99.51176164980262, 24.548474679131434], [-99.51101331039717, 24.54929814908126], [-99.51063641974183, 24.550411658943293], [-99.5093210499343, 24.549475739091545], [-99.50770676988319, 24.54896536912535], [-99.50607368011991, 24.550444319221032], [-99.50312494036925, 24.552222339319066], [-99.49979162042504, 24.553928508943905], [-99.49916537987038, 24.554023769100187], [-99.49883688984838, 24.553658629683177], [-99.49862965959085, 24.552673428993863], [-99.49786965043378, 24.551530739569966], [-99.49663492014456, 24.550665969488026], [-99.49342430986916, 24.54680728890077], [-99.49271873989653, 24.54630653901548], [-99.49144123023763, 24.546520049407476], [-99.49058129016318, 24.54542377912262], [-99.49034122953788, 24.543268829482635], [-99.48995984963474, 24.542468079195665], [-99.48905294977965, 24.5418537995024], [-99.48831724995485, 24.540573339026587], [-99.48637423046999, 24.538726049288588], [-99.48503960030418, 24.53788461938851], [-99.48091437959343, 24.535934509666006], [-99.47955390983736, 24.534955569213142], [-99.47782025014678, 24.534437399622586], [-99.47775165008912, 24.531616339036802], [-99.47712109003076, 24.53104636907049], [-99.47621672026477, 24.530776019045256], [-99.4739770602916, 24.529549509047115], [-99.47177455035089, 24.530157779570978], [-99.47117064954524, 24.529839948932917], [-99.47108467975497, 24.52818879911318], [-99.4700292600845, 24.527827568894857], [-99.46554865024639, 24.528998519723302], [-99.4645880200163, 24.530852119732078], [-99.45977798012989, 24.530645799439405], [-99.4584385099393, 24.531705829593644], [-99.45683154019379, 24.533085919063137], [-99.45678177009765, 24.53419116934408], [-99.45579088989895, 24.535267739631603], [-99.45571517985401, 24.535952709712916], [-99.45532900040921, 24.57986027891321], [-99.45151256991817, 24.592727939550603], [-99.46228714960412, 24.59613514925324], [-99.45215095019012, 24.61956754956082], [-99.4510425104255, 24.621139139425107], [-99.44775876967768, 24.61954144966916], [-99.44417965979707, 24.61645548926629], [-99.43615617043896, 24.642037818872343], [-99.41064397978917, 24.71843016941618], [-99.40490465001619, 24.735088579037193], [-99.40314688044754, 24.736210718846262], [-99.40325184999517, 24.737049089178615], [-99.40050635025528, 24.737124138895947], [-99.39835231982445, 24.739498509621967], [-99.39759460002679, 24.739900019132936], [-99.39672732004817, 24.739607248846863], [-99.39585463025912, 24.739668509403465], [-99.3950455800561, 24.739314319708345], [-99.39372056980424, 24.739246049106182], [-99.39128225952025, 24.739361629642822], [-99.39082468980655, 24.739659949517968], [-99.38988827989253, 24.73960693959554], [-99.38913436950665, 24.739939479315105], [-99.38756197020004, 24.742019628838783], [-99.38681306006173, 24.742406259209933], [-99.38711474035412, 24.743120768933714], [-99.38700517974188, 24.743739769517216], [-99.38595024970195, 24.74506350882993], [-99.38451769000199, 24.74568454954157], [-99.38313838008081, 24.7457497997018], [-99.38176080008236, 24.747037819641523], [-99.38163254968534, 24.74806961956469], [-99.38232442021443, 24.749123508845518], [-99.38239331998075, 24.749842259552523], [-99.38215431966556, 24.75022664904446], [-99.38146575045201, 24.750513509105765], [-99.38113236988217, 24.751946968984782], [-99.38052651960132, 24.75302333914629], [-99.38003273951115, 24.75595651903304], [-99.37968130989286, 24.756235629694768], [-99.37843685958794, 24.75654056930173], [-99.37781461982256, 24.75728644955585], [-99.37655014039058, 24.760155259479337], [-99.37637320027991, 24.761443399099868], [-99.37540741970452, 24.761856569723545], [-99.37507954994423, 24.762264019602664], [-99.37406595038279, 24.76208288935775], [-99.37304354025927, 24.762778429051178], [-99.37272852046802, 24.76337797959882], [-99.37277224995941, 24.764919109352697], [-99.3722176599693, 24.76559065888082], [-99.37091996977746, 24.76565585961829], [-99.36952954022959, 24.76518822894329], [-99.3685033097109, 24.76518805908111], [-99.36788007970172, 24.765560579730867], [-99.36769877035071, 24.766956309431762], [-99.36700904982919, 24.768216229580197], [-99.36699782963171, 24.76877453929358], [-99.36624204956598, 24.76971584894629], [-99.36584858003809, 24.770633749606912], [-99.36437668977115, 24.77175545903623], [-99.36188056969311, 24.77232130902028], [-99.35872281998061, 24.77262488919662], [-99.35577345993042, 24.77177888957211], [-99.35418720033285, 24.771725019652532], [-99.3535491499887, 24.771981829101943], [-99.35126904972068, 24.772226539436115], [-99.35002751954526, 24.773090379496317], [-99.34784138030686, 24.772659689606193], [-99.34741331957976, 24.772735859342564], [-99.34705096980375, 24.772952059355646], [-99.3467653395661, 24.773516919518297], [-99.34624477048533, 24.773647079067153], [-99.34350260046206, 24.773281138846123], [-99.33997182031132, 24.7738922496185], [-99.33872436990742, 24.773920139567768], [-99.33656271988123, 24.774501199487776], [-99.33450548013113, 24.775689889368007], [-99.33390733960525, 24.776339369090536], [-99.3316652899712, 24.77624310936115], [-99.33117359970335, 24.776893939660344], [-99.32908905975172, 24.777999368900357], [-99.32913762039657, 24.779403258989603], [-99.32798723005173, 24.779515418936896], [-99.32790989012108, 24.780120019097446], [-99.32712594044018, 24.780907658914785], [-99.32705768004384, 24.782254229498655], [-99.3258689400157, 24.78257790885105], [-99.32476891962231, 24.784716999035172], [-99.32287748998655, 24.785447248932616], [-99.32222346001194, 24.78611744969278], [-99.3220280501493, 24.787236059695346], [-99.32073055014403, 24.787456979063965], [-99.32037619991546, 24.78841241933611], [-99.31883205008704, 24.788995859435115], [-99.31786777019613, 24.789830568993928], [-99.31672260024354, 24.789976149679973], [-99.31503162966295, 24.78956613926738], [-99.3125202503183, 24.787913579512313], [-99.31069385998285, 24.787276109347253], [-99.3102668003279, 24.78774813896561], [-99.30997585985143, 24.78852828946937], [-99.3081213102165, 24.789874578844906], [-99.30782876985569, 24.790377518968473], [-99.30771137988967, 24.791391419091727], [-99.30683089030161, 24.792027979013294], [-99.30543582968582, 24.792169659045342], [-99.30354551965868, 24.791378219219048], [-99.30288685019492, 24.79176711962588], [-99.30207582997556, 24.79294002910709], [-99.30117823030558, 24.793173029721085], [-99.3002201703049, 24.793979779681163], [-99.29719561971054, 24.794116909638372], [-99.2965894198656, 24.794781919538323], [-99.2965771399463, 24.79537610897447], [-99.29690681959285, 24.795908618845708], [-99.29681522962541, 24.796758108903312], [-99.29704996980654, 24.798246079390758], [-99.29628904962108, 24.79966284905975], [-99.29523868013806, 24.800922089420798], [-99.29492848970862, 24.80414370929494]]]}}, {"type": "Feature", "properties": {"CVEGEO": "28043", "CVE_ENT": "28", "NOMGEO": "Tamaulipas", "CVE_MUN": "043", "NOMMUN": "Xicoténcatl", "cov_": 2029, "cov_id": 2030}, "geometry": {"type": "Polygon", "coordinates": [[[-98.96698241866461, 23.17308310896399], [-98.97574007944749, 23.154304658897964], [-98.96870746022157, 23.15290844986417], [-98.95750917912751, 23.150068380368925], [-98.95438773942473, 23.149151968879874], [-98.95298055016174, 23.14838642954822], [-98.95073551017296, 23.148250859952856], [-98.95220024971638, 23.14286663028545], [-98.93688384901121, 23.141491849660206], [-98.92610994995597, 23.141261970452437], [-98.92825948992518, 23.129824089633377], [-98.92241854033603, 23.129503769839353], [-98.92213497041402, 23.134731708914803], [-98.91672293870582, 23.134260950590473], [-98.91534647912147, 23.131276509027334], [-98.90849024958449, 23.130307679223446], [-98.83516226012972, 23.118215850474144], [-98.81789177936423, 23.115697920220104], [-98.78315025024821, 23.109897379829704], [-98.76448154996054, 23.107426649876302], [-98.76385816981676, 23.094283679015373], [-98.76434558023435, 23.092176349487442], [-98.76624211035697, 23.07848567943931], [-98.77415580012573, 23.079497648958412], [-98.77893702978325, 23.042664149211337], [-98.7968149699276, 23.041692909454458], [-98.79860554031761, 23.030904889771005], [-98.78164874973135, 23.02983845903921], [-98.77968355048915, 23.037251859065474], [-98.77118773996234, 23.035855199392348], [-98.77099155029431, 23.03587108939984], [-98.7705727702017, 23.038583309579078], [-98.76314552048524, 23.03763084948176], [-98.77219142044112, 22.987000769152612], [-98.77855365953232, 22.954663379188425], [-98.78174514963462, 22.93302582889583], [-98.78541105970237, 22.93346624971017], [-98.78695775019558, 22.92388124891909], [-98.78648486036887, 22.923582889189625], [-98.78741051989238, 22.922457229070922], [-98.78706645985537, 22.922056259675642], [-98.78813989001485, 22.916476859594713], [-98.78891845008104, 22.910474449268545], [-98.81065975015788, 22.91423319962253], [-98.84486849011213, 22.919128739190192], [-98.84885224964002, 22.895083749411864], [-98.85684245953034, 22.896146459719695], [-98.857279890249, 22.894145089388196], [-98.86624790980562, 22.895302909166663], [-98.86647788021395, 22.8940338793688], [-98.8778841196467, 22.895732019048776], [-98.8782267698074, 22.8922483190787], [-98.8792928896764, 22.88586636951114], [-98.88810469014648, 22.886879459533496], [-98.88907477022751, 22.88055907930066], [-98.89560132014259, 22.88132999892217], [-98.89575165001321, 22.877975708875255], [-98.89152675046795, 22.877441509448396], [-98.89860751045885, 22.83405673956539], [-98.89262616957731, 22.83319765907907], [-98.88935351003707, 22.853426578891767], [-98.88234248979452, 22.852428179161326], [-98.88389700015095, 22.843102579501696], [-98.87680374006587, 22.8420753391803], [-98.87627856970319, 22.84527656897676], [-98.8692094897331, 22.844265888989295], [-98.87432450959753, 22.8128989691279], [-98.88106269006269, 22.813730199713746], [-98.88136556970879, 22.81211311928686], [-98.88813397031355, 22.8129350497715], [-98.88968625985716, 22.80312742942937], [-98.902806250269, 22.805272979732514], [-98.90450943020694, 22.804781749661956], [-98.90493382031394, 22.804433568963933], [-98.90699591963161, 22.804806219654697], [-98.90933350973795, 22.80455224950158], [-98.91552314023515, 22.803435459051315], [-98.91673929005007, 22.80257642922419], [-98.92009205964665, 22.79919468901484], [-98.92144088005294, 22.79873291900649], [-98.92247611997414, 22.79867834949123], [-98.92380929004288, 22.79889279953333], [-98.92485221967694, 22.799383369020383], [-98.92630159955951, 22.800708909062088], [-98.927653740291, 22.802256479188955], [-98.9283881999265, 22.80425987977496], [-98.92925420032633, 22.804904998965526], [-98.93077139969988, 22.805695779535117], [-98.93362346015353, 22.806726309576533], [-98.93503145036567, 22.806666428991285], [-98.93987277007362, 22.80512788957499], [-98.9431698501296, 22.80458419954344], [-98.94652665959337, 22.804282418949757], [-98.94767560035207, 22.80447344890239], [-98.94884365046954, 22.805442429331563], [-98.94876201989452, 22.810722049644124], [-98.94937662972352, 22.813256709503094], [-98.95034307974386, 22.815572369337463], [-98.95267000016003, 22.82013491969603], [-98.9536305496593, 22.82110113906705], [-98.9557048000627, 22.82243508898828], [-98.95681010998618, 22.822624199627704], [-98.95795785015146, 22.822427909045224], [-98.95975269010101, 22.821462679762885], [-98.96165148037589, 22.82080661907037], [-98.96334599976906, 22.820854109561182], [-98.96649860048193, 22.82181585900145], [-98.96719211990963, 22.82169231976048], [-98.96913725982589, 22.82077050926974], [-98.97110877994308, 22.820854829446773], [-98.97335227959208, 22.821995819424], [-98.9750906599906, 22.82323231893785], [-98.97711952013721, 22.82400844891436], [-98.98027880048278, 22.825987019436106], [-98.98317650977428, 22.828394429204693], [-98.98623917028445, 22.830600249202618], [-98.98743154992559, 22.831229919024413], [-98.98899426034427, 22.831694799227666], [-98.98953675017053, 22.83170534953495], [-98.99006495006006, 22.831258509075994], [-98.99140341990038, 22.829890339114147], [-98.99285453997035, 22.82752199893514], [-98.99482524965939, 22.82606476923716], [-98.99580491952997, 22.825780549213437], [-98.99672387961512, 22.825785149182636], [-99.00004413977402, 22.826413259387152], [-99.00495395007349, 22.82760144950721], [-99.00793133993209, 22.828714419554455], [-99.01025971887296, 22.830090579355502], [-99.01203036951571, 22.831706000235446], [-99.01401442902048, 22.832832019865705], [-99.01463608043095, 22.83340118012746], [-99.01515496886165, 22.833650019958917], [-99.0162159495503, 22.833744049756543], [-99.01799967957906, 22.834832379343222], [-99.01866157021092, 22.83579359946554], [-99.01897411996318, 22.837126309430978], [-99.01897439973486, 22.83896782965339], [-99.01944891008317, 22.83999851945191], [-99.02083438007976, 22.841492169456977], [-99.02159631956104, 22.843657019276243], [-99.02085952038055, 22.845636749756377], [-99.01996085952253, 22.846771489355294], [-99.01812577010543, 22.85387725889344], [-99.018661950437, 22.857744259037677], [-99.0183537200786, 22.859692149208826], [-99.01767011960006, 22.861928879393236], [-99.01681727989211, 22.86326991897485], [-99.01401924995702, 22.86529173963048], [-99.01361882045438, 22.866275909618757], [-99.01256312025896, 22.87247968971825], [-99.01141245956067, 22.87413339967432], [-99.01079696988619, 22.877897139191024], [-99.01095594032489, 22.879642889224282], [-99.01264347956958, 22.885988659234545], [-99.01234569032195, 22.890537309728103], [-99.01117451043841, 22.896629149413798], [-99.01014117042938, 22.90016156908309], [-99.00636877024832, 22.90878571943969], [-99.00615043026127, 22.910384578946513], [-99.0073634797097, 22.914754478956773], [-99.00732151970159, 22.919043829420936], [-99.00571364956687, 22.925071769749813], [-99.00396658035022, 22.927001309429674], [-99.00196119985183, 22.927993769714448], [-99.00028366021112, 22.928149139055876], [-98.99789291016238, 22.92950913930572], [-98.99407965016883, 22.931266059204265], [-98.99332748046915, 22.931934149610896], [-98.99272615006973, 22.93336114905974], [-98.99307654023013, 22.936772179554513], [-98.99470954032452, 22.942434878945093], [-98.99861234972796, 22.950636139169152], [-98.9984322899167, 22.952974219032228], [-98.99599365027659, 22.955618919018004], [-98.99545545978945, 22.95695479948611], [-98.99539991979685, 22.958319229324932], [-98.99680472035767, 22.963750629155655], [-98.99672315041514, 22.965859779298803], [-98.99474782028054, 22.970008829637223], [-98.9930343698345, 22.972231578945394], [-98.99364751994536, 22.97374530951513], [-98.9944641203557, 22.974487219293987], [-98.9942257403453, 22.97934187926958], [-98.99385086002565, 22.981368719602774], [-98.9934613202258, 22.98221487910653], [-98.99350565016006, 22.98286119968034], [-98.99398185979094, 22.983534079431685], [-98.99484737994896, 22.984106108966532], [-98.99494938006714, 22.98622537909896], [-98.99531486037846, 22.986758279158288], [-98.99580531958381, 22.986941579438824], [-98.99661718031214, 22.986845139429622], [-98.9979751098445, 22.986329149153335], [-98.99863341999153, 22.98649994931002], [-99.00027189023184, 22.98725279925607], [-99.00314838045298, 22.989583879316445], [-99.00396148022618, 22.990280079295275], [-99.00684883033857, 22.994375979181953], [-99.00853546020411, 22.995422909189593], [-99.00875752039912, 22.99644928926749], [-99.00833601982787, 22.997947969117373], [-99.00892378048083, 22.998900798995273], [-99.01251254989378, 23.000832489405486], [-99.01432389001046, 23.000810119623416], [-99.01543956988846, 23.00132927958404], [-99.01683665998611, 23.00155819930033], [-99.01738149007126, 23.001405149312852], [-99.01846722046808, 23.00047511956247], [-99.01915819953007, 22.999417569238492], [-99.02102070990546, 22.99798913902131], [-99.02293388967556, 22.998084829178204], [-99.0259743495699, 22.997520139487232], [-99.02798458035755, 22.997855949236712], [-99.02918086008059, 22.99764402915105], [-99.03078261989101, 22.997796879062353], [-99.03135046047123, 22.998296309394387], [-99.03153749007062, 22.99895576911914], [-99.03477205960101, 23.000780779560152], [-99.03477217970386, 23.001578258963175], [-99.03410538000453, 23.002528739163616], [-99.03379319956409, 23.00393459920433], [-99.03434186044778, 23.00418824926811], [-99.03782755023572, 23.00377173959907], [-99.03916228014484, 23.004295909558685], [-99.04143577963792, 23.00578153937599], [-99.04451459989639, 23.00553057931104], [-99.04712638041944, 23.004268629331236], [-99.04845394016971, 23.004489138966985], [-99.04851350983698, 23.00506474925894], [-99.04746131029135, 23.00619253948616], [-99.04717594007225, 23.006836198875156], [-99.04759188978073, 23.00732673912427], [-99.0485768795546, 23.007398149707083], [-99.04921446023958, 23.007205309353957], [-99.05027234014383, 23.006407599628826], [-99.05074210961189, 23.00517499972634], [-99.05199623004746, 23.005174509136644], [-99.05297624981179, 23.005681689136548], [-99.05426949035646, 23.00568125958066], [-99.0556805799092, 23.00629696918161], [-99.05858150960738, 23.00807210935272], [-99.05921829007043, 23.00949696925667], [-99.06019435042532, 23.009508969155537], [-99.06269953986522, 23.008598828945104], [-99.06348871001765, 23.009179768875665], [-99.06410483041081, 23.011442708939267], [-99.06536219985574, 23.012456309662475], [-99.06580634976073, 23.01348214915497], [-99.0662335499791, 23.01391919968981], [-99.0666758204701, 23.014003629132002], [-99.06726278021685, 23.013607079720074], [-99.06838280042585, 23.012225819308693], [-99.06976068046049, 23.01192774961891], [-99.07036535025465, 23.012577549360294], [-99.0705791398102, 23.013183919404344], [-99.07044318026834, 23.015652139476764], [-99.07079414040224, 23.016089219101083], [-99.07134322039346, 23.016272309609956], [-99.07184639995678, 23.016187459043817], [-99.0722274903796, 23.015919309401408], [-99.07283665012936, 23.01439581934699], [-99.07389519991517, 23.013745199190158], [-99.07481949020233, 23.013867859385655], [-99.07463934975699, 23.014295909603604], [-99.07342086000665, 23.01486565932788], [-99.0723953398464, 23.01618024971897], [-99.07184621960934, 23.016548779427662], [-99.07086088958722, 23.01645354945177], [-99.0687995404698, 23.02833277923587], [-99.07013200003132, 23.02842544936423], [-99.08446966018607, 23.027299719489857], [-99.08763283027551, 23.027746199706296], [-99.0885065798106, 23.02825057896644], [-99.08884444968868, 23.029538748956835], [-99.088448679682, 23.03005164949564], [-99.08722125990089, 23.030528379200405], [-99.0871686900498, 23.03096779943557], [-99.08833127981762, 23.03218779951166], [-99.09058925982964, 23.032687029214166], [-99.09106394958047, 23.031844489113407], [-99.09213868982461, 23.03131728938966], [-99.09266527977789, 23.031318719245405], [-99.09310114952106, 23.031501538970836], [-99.09380171986304, 23.03270961969048], [-99.09443574952932, 23.033197459480842], [-99.0953725995889, 23.032366849225653], [-99.09626874037848, 23.032800969610665], [-99.09626877025644, 23.03352761934529], [-99.0968142803257, 23.034224769041646], [-99.09894548024928, 23.035329859468757], [-99.09931573977451, 23.036098659382613], [-99.09964100044286, 23.038241939174906], [-99.10075817020933, 23.039304629282668], [-99.10437465026853, 23.04077414908724], [-99.10721957026131, 23.040371319269944], [-99.10930684974845, 23.040487649007858], [-99.10965870981317, 23.04070834972], [-99.11030926022909, 23.043771339282493], [-99.11012065960625, 23.044129019659778], [-99.10885139979295, 23.043512539130614], [-99.10498343034311, 23.044859509732085], [-99.10492088028992, 23.045350179386546], [-99.10655980049414, 23.04750594908983], [-99.10843222033188, 23.0486721095719], [-99.10851564981496, 23.049302629320913], [-99.10708413976081, 23.05003102920432], [-99.10741996995225, 23.051032748989112], [-99.10624856951878, 23.051989749372012], [-99.10620434997287, 23.05287956968361], [-99.10706931963679, 23.05438054892792], [-99.10698874028175, 23.054841429454218], [-99.10623346015036, 23.055149599732], [-99.10639042976727, 23.05595942971427], [-99.10752618016215, 23.056537599434694], [-99.10839788019258, 23.058506019191086], [-99.10753276980276, 23.058956909448312], [-99.10708050960257, 23.059631089696367], [-99.10657285032427, 23.061657339069935], [-99.1070623795307, 23.0630130491948], [-99.10638505987605, 23.064809689737853], [-99.10690921964984, 23.066014139373213], [-99.10760725971434, 23.066600059250348], [-99.10836751961911, 23.066554509538722], [-99.1096900598772, 23.065167719663684], [-99.11138615031498, 23.064525249337187], [-99.11439700020193, 23.063927649680025], [-99.11686417999215, 23.064003969217378], [-99.1173249698007, 23.064225169421672], [-99.11733702013285, 23.065070709225598], [-99.11804348972623, 23.065630798975565], [-99.12120282963532, 23.064954479569597], [-99.12281486015172, 23.066100799232192], [-99.1235333496076, 23.06705585894022], [-99.1242068597856, 23.067199599328436], [-99.12439609048205, 23.06766251959339], [-99.12375360046602, 23.068375539464714], [-99.12227917041915, 23.06937851928842], [-99.12190762977222, 23.069952779163813], [-99.12190717005029, 23.070906508961386], [-99.12291581977178, 23.07157757889938], [-99.12319111034572, 23.072237449422857], [-99.12251503042059, 23.073846779527265], [-99.12229851046861, 23.075083029649065], [-99.12254587961323, 23.07638548904604], [-99.12427135023687, 23.077551849634446], [-99.12466191969891, 23.079040539251825], [-99.12510274959334, 23.079201249480292], [-99.1267048195704, 23.07851922942444], [-99.12885462025446, 23.07871744914015], [-99.13003249018355, 23.079445309162455], [-99.12963171989443, 23.080500769138265], [-99.12830204975921, 23.081725889397102], [-99.12767426008025, 23.08408956977147], [-99.12689546038938, 23.084505249151505], [-99.12617455049707, 23.086592849097773], [-99.12662089048102, 23.08983036915396], [-99.12701747976965, 23.090822598878756], [-99.12814668984697, 23.091173029701753], [-99.12966459966356, 23.09120162914217], [-99.13190493983187, 23.09022579892676], [-99.1348579200344, 23.09048179922204], [-99.13684839972035, 23.091479449216173], [-99.13947137981701, 23.094620108958505], [-99.13969202990212, 23.095331059350865], [-99.13925679969802, 23.097141029027643], [-99.13663896982055, 23.09769819889962], [-99.13528802021389, 23.098408919236288], [-99.1349000201524, 23.098863319034365], [-99.13661048981788, 23.100780598926416], [-99.13911036976512, 23.102767089245486], [-99.1418963998652, 23.105909569744973], [-99.14214922985971, 23.106756749002237], [-99.14173288037108, 23.107219479775363], [-99.14191691969296, 23.107851259535714], [-99.14263591991089, 23.10959213915906], [-99.14355489027373, 23.11058291940061], [-99.1432904495205, 23.11252673966146], [-99.14203980006226, 23.112851479012395], [-99.14197428981886, 23.113930429221504], [-99.14401404977913, 23.118124909237252], [-99.14662002979375, 23.12105779900718], [-99.14750547962707, 23.12233621960322], [-99.14812468005422, 23.122838708993843], [-99.14814190963207, 23.123331889704684], [-99.14542399994569, 23.124413309151738], [-99.14480718042101, 23.125164279396635], [-99.14521812027061, 23.12582187937717], [-99.14728781959204, 23.126689599393952], [-99.14774976998814, 23.127504508912615], [-99.12456864969474, 23.126513219368256], [-99.12468008885355, 23.12803129034305], [-99.11483111954148, 23.12754105041868], [-99.11479471973892, 23.1283536798945], [-99.11336819887028, 23.128198769877525], [-99.10346669024067, 23.12842437903967], [-99.08533273916625, 23.12905671005869], [-99.08500545919462, 23.125804029914885], [-99.0813962001687, 23.12577176919812], [-99.06948437980571, 23.128184060213457], [-99.06847781985851, 23.123525520407895], [-99.06533857980315, 23.12402604928043], [-99.06524142864211, 23.120386569318885], [-99.05843002888594, 23.12127302895125], [-99.05834595036167, 23.120333119190686], [-99.04002794961397, 23.11773822902949], [-99.03754701946116, 23.133337200505817], [-99.03676827944493, 23.13666008973396], [-99.03779968983775, 23.140087599651594], [-99.02540323021965, 23.138979539835585], [-99.02061918036114, 23.13896063066659], [-99.01323850944856, 23.139544629665867], [-99.002243058569, 23.13947210990083], [-98.99897401889427, 23.152630310188133], [-98.99450549011853, 23.152045370616307], [-98.98995541929816, 23.1743114502959], [-98.96698241866461, 23.17308310896399]]]}}]}